k,p,realization,N,E,k_mean,C,L,lambda2
4,0.0,0,100,200,4.0,0.5,12.878787878787879,0.019717140514500877
4,0.0,1,100,200,4.0,0.5,12.878787878787879,0.019717140514500877
4,0.0,2,100,200,4.0,0.5,12.878787878787879,0.019717140514500877
4,0.0,3,100,200,4.0,0.5,12.878787878787879,0.019717140514500877
4,0.0,4,100,200,4.0,0.5,12.878787878787879,0.019717140514500877
4,0.0,5,100,200,4.0,0.5,12.878787878787879,0.019717140514500877
4,0.0,6,100,200,4.0,0.5,12.878787878787879,0.019717140514500877
4,0.0,7,100,200,4.0,0.5,12.878787878787879,0.019717140514500877
4,0.0,8,100,200,4.0,0.5,12.878787878787879,0.019717140514500877
4,0.0,9,100,200,4.0,0.5,12.878787878787879,0.019717140514500877
4,0.0,10,100,200,4.0,0.5,12.878787878787879,0.019717140514500877
4,0.0,11,100,200,4.0,0.5,12.878787878787879,0.019717140514500877
4,0.0,12,100,200,4.0,0.5,12.878787878787879,0.019717140514500877
4,0.0,13,100,200,4.0,0.5,12.878787878787879,0.019717140514500877
4,0.0,14,100,200,4.0,0.5,12.878787878787879,0.019717140514500877
4,0.0,15,100,200,4.0,0.5,12.878787878787879,0.019717140514500877
4,0.0,16,100,200,4.0,0.5,12.878787878787879,0.019717140514500877
4,0.0,17,100,200,4.0,0.5,12.878787878787879,0.019717140514500877
4,0.0,18,100,200,4.0,0.5,12.878787878787879,0.019717140514500877
4,0.0,19,100,200,4.0,0.5,12.878787878787879,0.019717140514500877
4,0.0,20,100,200,4.0,0.5,12.878787878787879,0.019717140514500877
4,0.0,21,100,200,4.0,0.5,12.878787878787879,0.019717140514500877
4,0.0,22,100,200,4.0,0.5,12.878787878787879,0.019717140514500877
4,0.0,23,100,200,4.0,0.5,12.878787878787879,0.019717140514500877
4,0.0,24,100,200,4.0,0.5,12.878787878787879,0.019717140514500877
4,0.0,25,100,200,4.0,0.5,12.878787878787879,0.019717140514500877
4,0.0,26,100,200,4.0,0.5,12.878787878787879,0.019717140514500877
4,0.0,27,100,200,4.0,0.5,12.878787878787879,0.019717140514500877
4,0.0,28,100,200,4.0,0.5,12.878787878787879,0.019717140514500877
4,0.0,29,100,200,4.0,0.5,12.878787878787879,0.019717140514500877
4,0.01,0,100,200,4.0,0.4896666666666667,11.33090909090909,0.01966551334081909
4,0.01,1,100,200,4.0,0.5,12.878787878787879,0.019717140514500877
4,0.01,2,100,200,4.0,0.48,10.066060606060606,0.020001282865245176
4,0.01,3,100,200,4.0,0.49633333333333335,12.604646464646464,0.019711250197162952
4,0.01,4,100,200,4.0,0.494,12.818383838383838,0.019716604520884362
4,0.01,5,100,200,4.0,0.5,12.878787878787879,0.019717140514500877
4,0.01,6,100,200,4.0,0.486,10.003838383838383,0.02061836435921402
4,0.01,7,100,200,4.0,0.49266666666666664,9.408282828282829,0.025616124592691275
4,0.01,8,100,200,4.0,0.486,8.723434343434343,0.030062798753334275
4,0.01,9,100,200,4.0,0.5,12.878787878787879,0.019717140514500877
4,0.01,10,100,200,4.0,0.486,10.538181818181819,0.019889940905088027
4,0.01,11,100,200,4.0,0.48733333333333334,8.00969696969697,0.03004106826119017
4,0.01,12,100,200,4.0,0.4896666666666667,11.822020202020202,0.019698594847489162
4,0.01,13,100,200,4.0,0.4756666666666666,8.16969696969697,0.043894718801204075
4,0.01,14,100,200,4.0,0.4896666666666667,10.180202020202021,0.01957557230586726
4,0.01,15,100,200,4.0,0.484,8.57010101010101,0.023896460134719535
4,0.01,16,100,200,4.0,0.5,12.878787878787879,0.019717140514500877
4,0.01,17,100,200,4.0,0.4836666666666667,10.52989898989899,0.019734483009640084
4,0.01,18,100,200,4.0,0.486,10.36888888888889,0.020477606632356288
4,0.01,19,100,200,4.0,0.49266666666666664,8.778181818181817,0.03279646513080556
4,0.01,20,100,200,4.0,0.49266666666666664,8.834545454545454,0.026213895880734778
4,0.01,21,100,200,4.0,0.48666666666666664,9.431717171717171,0.02257507821111743
4,0.01,22,100,200,4.0,0.4896666666666667,11.120606060606061,0.01965238535245551
4,0.01,23,100,200,4.0,0.47633333333333333,8.591515151515152,0.024471435438157108
4,0.01,24,100,200,4.0,0.475,8.297777777777778,0.03424987939236527
4,0.01,25,100,200,4.0,0.48233333333333334,8.14080808080808,0.031520334673089616
4,0.01,26,100,200,4.0,0.486,8.546666666666667,0.03606397380648993
4,0.01,27,100,200,4.0,0.5,12.878787878787879,0.019717140514500877
4,0.01,28,100,200,4.0,0.4943333333333333,9.564444444444444,0.020477645030620276
4,0.01,29,100,200,4.0,0.4896666666666667,10.708484848484849,0.019621691345149905
4,0.03,0,100,200,4.0,0.48766666666666664,8.867676767676768,0.027418026459175432
4,0.03,1,100,200,4.0,0.48233333333333334,8.67010101010101,0.025559599942260564
4,0.03,2,100,200,4.0,0.483,8.171111111111111,0.032354852261783626
4,0.03,3,100,200,4.0,0.47200000000000003,8.14,0.029273477822574445
4,0.03,4,100,200,4.0,0.46299999999999997,7.524646464646465,0.026136169121910302
4,0.03,5,100,200,4.0,0.47200000000000003,7.863838383838384,0.033841276071358166
4,0.03,6,100,200,4.0,0.44799999999999995,7.352323232323232,0.027733388665829715
4,0.03,7,100,200,4.0,0.4656666666666666,8.167676767676769,0.03136867440198766
4,0.03,8,100,200,4.0,0.4756666666666666,7.899393939393939,0.049572124686862035
4,0.03,9,100,200,4.0,0.4786666666666667,8.342828282828282,0.028420895572009452
4,0.03,10,100,200,4.0,0.4646666666666667,8.083030303030304,0.033760612169325147
4,0.03,11,100,200,4.0,0.4703333333333333,7.039393939393939,0.05328493969835007
4,0.03,12,100,200,4.0,0.445,7.306666666666667,0.05145936535867711
4,0.03,13,100,200,4.0,0.4453333333333333,7.264444444444444,0.03665835656428282
4,0.03,14,100,200,4.0,0.484,7.943030303030303,0.04634837919899734
4,0.03,15,100,200,4.0,0.46166666666666667,7.238181818181818,0.03907637993060248
4,0.03,16,100,200,4.0,0.48733333333333334,9.408484848484848,0.025464430393824435
4,0.03,17,100,200,4.0,0.461,6.878787878787879,0.03503444283229984
4,0.03,18,100,200,4.0,0.469,8.077373737373737,0.031562599711651596
4,0.03,19,100,200,4.0,0.45833333333333337,7.636969696969697,0.03710747378316815
4,0.03,20,100,200,4.0,0.4736666666666667,7.970909090909091,0.024604841486633562
4,0.03,21,100,200,4.0,0.4606666666666666,6.900808080808081,0.04030210341612884
4,0.03,22,100,200,4.0,0.5,12.878787878787879,0.019717140514500877
4,0.03,23,100,200,4.0,0.45333333333333337,7.941818181818181,0.030946981928117616
4,0.03,24,100,200,4.0,0.44766666666666666,7.913939393939394,0.03190165348689962
4,0.03,25,100,200,4.0,0.44566666666666666,6.232929292929293,0.07338794820839761
4,0.03,26,100,200,4.0,0.45466666666666666,7.177171717171717,0.03855561260031228
4,0.03,27,100,200,4.0,0.466,6.9806060606060605,0.03731274991860423
4,0.03,28,100,200,4.0,0.45866666666666667,7.044848484848485,0.04948706250719294
4,0.03,29,100,200,4.0,0.46166666666666667,7.550303030303031,0.038791765589594324
4,0.05,0,100,200,4.0,0.44523809523809527,5.905454545454545,0.07066003004825375
4,0.05,1,100,200,4.0,0.45233333333333337,7.451313131313131,0.040345342090784074
4,0.05,2,100,200,4.0,0.44266666666666665,6.071515151515151,0.08113137896072851
4,0.05,3,100,200,4.0,0.436,6.434343434343434,0.04308455711622504
4,0.05,4,100,200,4.0,0.38699999999999996,5.189090909090909,0.06468925878374227
4,0.05,5,100,200,4.0,0.46166666666666667,8.182020202020203,0.024642694115008787
4,0.05,6,100,200,4.0,0.40399999999999997,5.892323232323232,0.06619527546282583
4,0.05,7,100,200,4.0,0.441,6.356565656565657,0.054208026513220486
4,0.05,8,100,200,4.0,0.4193333333333333,5.164444444444444,0.11077590764424515
4,0.05,9,100,200,4.0,0.4683333333333334,7.264848484848485,0.04742013046453873
4,0.05,10,100,200,4.0,0.42700000000000005,5.972525252525252,0.0904353976517683
4,0.05,11,100,200,4.0,0.41100000000000003,5.4492929292929295,0.10494683960472793
4,0.05,12,100,200,4.0,0.418,5.761414141414141,0.05810852835326613
4,0.05,13,100,200,4.0,0.46166666666666667,7.142020202020202,0.041605035378861246
4,0.05,14,100,200,4.0,0.44299999999999995,6.582626262626262,0.05526683790109056
4,0.05,15,100,200,4.0,0.43733333333333335,5.893535353535354,0.08806904934040664
4,0.05,16,100,200,4.0,0.42333333333333334,5.795151515151515,0.0706483915835168
4,0.05,17,100,200,4.0,0.42,5.5323232323232325,0.10282280334171139
4,0.05,18,100,200,4.0,0.38166666666666665,5.1842424242424245,0.09154862542135764
4,0.05,19,100,200,4.0,0.43666666666666665,6.149090909090909,0.05595073568277371
4,0.05,20,100,200,4.0,0.43066666666666664,5.993333333333333,0.0760750756991406
4,0.05,21,100,200,4.0,0.4403333333333333,6.605252525252525,0.04382328023859975
4,0.05,22,100,200,4.0,0.3803333333333333,5.190707070707071,0.09607262973670683
4,0.05,23,100,200,4.0,0.4713333333333333,6.853737373737374,0.043089342086672894
4,0.05,24,100,200,4.0,0.44066666666666665,6.199393939393939,0.06767703331934671
4,0.05,25,100,200,4.0,0.45333333333333337,6.751313131313132,0.03994974484448987
4,0.05,26,100,200,4.0,0.41633333333333333,5.5064646464646465,0.12326365764692969
4,0.05,27,100,200,4.0,0.41600000000000004,5.485656565656566,0.06761224828206255
4,0.05,28,100,200,4.0,0.43566666666666665,6.422020202020202,0.05336270390969428
4,0.05,29,100,200,4.0,0.4076666666666667,5.472929292929293,0.081081040534253
4,0.1,0,100,200,4.0,0.348,4.682020202020202,0.15300714979643065
4,0.1,1,100,200,4.0,0.34076190476190477,4.586666666666667,0.17853067898096117
4,0.1,2,100,200,4.0,0.375,4.926060606060606,0.12610434975277085
4,0.1,3,100,200,4.0,0.3306666666666666,4.779393939393939,0.13816143541161124
4,0.1,4,100,200,4.0,0.3596666666666667,4.896161616161616,0.17075399797905383
4,0.1,5,100,200,4.0,0.36199999999999993,4.831717171717171,0.12988508358227258
4,0.1,6,100,200,4.0,0.39799999999999996,5.424040404040404,0.0821246967239419
4,0.1,7,100,200,4.0,0.42133333333333334,5.492525252525253,0.08407137218364791
4,0.1,8,100,200,4.0,0.3686666666666667,4.878181818181818,0.15162588503211966
4,0.1,9,100,200,4.0,0.37200000000000005,4.9787878787878785,0.10551988509055993
4,0.1,10,100,200,4.0,0.37333333333333335,4.867070707070707,0.12959517640160678
4,0.1,11,100,200,4.0,0.38366666666666666,5.095353535353535,0.12040942529341479
4,0.1,12,100,200,4.0,0.331,4.668484848484849,0.12429406516972279
4,0.1,13,100,200,4.0,0.3526666666666667,4.955959595959596,0.12887606560002243
4,0.1,14,100,200,4.0,0.424,5.982020202020202,0.045762390036525165
4,0.1,15,100,200,4.0,0.3536666666666667,4.736161616161616,0.12145921031010383
4,0.1,16,100,200,4.0,0.3903333333333333,4.891919191919192,0.15254282674319797
4,0.1,17,100,200,4.0,0.353,5.126868686868687,0.10498936316156987
4,0.1,18,100,200,4.0,0.3943333333333333,5.313131313131313,0.08130809383745649
4,0.1,19,100,200,4.0,0.4016666666666666,5.494545454545454,0.08208627280991602
4,0.1,20,100,200,4.0,0.4003333333333333,5.642020202020202,0.10768855281311662
4,0.1,21,100,200,4.0,0.36233333333333334,5.098585858585858,0.09480562786954605
4,0.1,22,100,200,4.0,0.395,4.708686868686868,0.15533405318179558
4,0.1,23,100,200,4.0,0.38733333333333336,5.196767676767677,0.08501966068842792
4,0.1,24,100,200,4.0,0.32666666666666666,4.685656565656566,0.12285991285073324
4,0.1,25,100,200,4.0,0.433,5.912121212121212,0.08038135937358226
4,0.1,26,100,200,4.0,0.37333333333333335,4.680808080808081,0.12886824038131722
4,0.1,27,100,200,4.0,0.4056666666666666,5.485656565656566,0.08154428468485611
4,0.1,28,100,200,4.0,0.4006666666666666,5.13959595959596,0.0959216385177488
4,0.1,29,100,200,4.0,0.39466666666666667,5.331111111111111,0.0683870587897906
4,0.2,0,100,200,4.0,0.345,4.661818181818182,0.11549675343836131
4,0.2,1,100,200,4.0,0.32799999999999996,4.262828282828282,0.2449608687929528
4,0.2,2,100,200,4.0,0.29766666666666663,4.384242424242424,0.19290714026670708
4,0.2,3,100,200,4.0,0.263,4.295959595959596,0.23791255963664643
4,0.2,4,100,200,4.0,0.23766666666666666,4.064444444444445,0.25922266831433594
4,0.2,5,100,200,4.0,0.30766666666666664,4.415757575757576,0.19599150943248025
4,0.2,6,100,200,4.0,0.3253333333333333,4.678787878787879,0.11001610900145539
4,0.2,7,100,200,4.0,0.24599999999999997,3.992929292929293,0.33576448698080896
4,0.2,8,100,200,4.0,0.30433333333333334,4.251313131313132,0.12888222768273122
4,0.2,9,100,200,4.0,0.30642857142857144,4.5494949494949495,0.21384356106784905
4,0.2,10,100,200,4.0,0.26599999999999996,4.1066666666666665,0.30996394589410803
4,0.2,11,100,200,4.0,0.2381904761904762,4.062828282828283,0.2544489234154229
4,0.2,12,100,200,4.0,0.3071428571428571,4.187474747474748,0.2287610841747217
4,0.2,13,100,200,4.0,0.29595238095238097,4.13030303030303,0.279357588020479
4,0.2,14,100,200,4.0,0.247,4.053131313131313,0.26881956202948964
4,0.2,15,100,200,4.0,0.2532857142857143,4.0311111111111115,0.27143599948187874
4,0.2,16,100,200,4.0,0.2088095238095238,4.071111111111111,0.27911163477210044
4,0.2,17,100,200,4.0,0.2833333333333333,4.13050505050505,0.3078415365675772
4,0.2,18,100,200,4.0,0.25076190476190474,4.154747474747475,0.2797942475789282
4,0.2,19,100,200,4.0,0.3053333333333333,4.4806060606060605,0.15403422126749675
4,0.2,20,100,200,4.0,0.30123809523809525,4.481212121212121,0.19852899650386222
4,0.2,21,100,200,4.0,0.22566666666666665,3.9963636363636366,0.3078596639222552
4,0.2,22,100,200,4.0,0.2713333333333333,4.144848484848485,0.22088672232149556
4,0.2,23,100,200,4.0,0.30866666666666664,4.304646464646464,0.22146314984187093
4,0.2,24,100,200,4.0,0.26466666666666666,4.147272727272727,0.26875402383225383
4,0.2,25,100,200,4.0,0.244,4.012727272727273,0.3217165945521717
4,0.2,26,100,200,4.0,0.254,4.090909090909091,0.2932806600342601
4,0.2,27,100,200,4.0,0.23709523809523808,4.054343434343434,0.30172363024028565
4,0.2,28,100,200,4.0,0.19133333333333333,3.9008080808080807,0.39854671239322087
4,0.2,29,100,200,4.0,0.3282857142857143,4.311717171717172,0.21029742041992133
4,0.3,0,100,200,4.0,0.23366666666666666,4.024646464646465,0.2572212293351475
4,0.3,1,100,200,4.0,0.16266666666666665,3.8701010101010103,0.2993741341446619
4,0.3,2,100,200,4.0,0.07914285714285714,3.6852525252525252,0.4432233468921697
4,0.3,3,100,200,4.0,0.21247619047619046,3.8448484848484847,0.36321995878433333
4,0.3,4,100,200,4.0,0.1499047619047619,3.6626262626262625,0.47419133853062223
4,0.3,5,100,200,4.0,0.16895238095238096,3.8034343434343434,0.3742986806860245
4,0.3,6,100,200,4.0,0.22395238095238096,3.9523232323232325,0.3389768543375327
4,0.3,7,100,200,4.0,0.18,3.8305050505050504,0.3077806538976203
4,0.3,8,100,200,4.0,0.17461904761904762,3.761010101010101,0.38911934050571223
4,0.3,9,100,200,4.0,0.18923809523809523,3.790909090909091,0.3422854894879699
4,0.3,10,100,200,4.0,0.185,3.817979797979798,0.3464754299457851
4,0.3,11,100,200,4.0,0.251,4.103838383838384,0.21687153585262015
4,0.3,12,100,200,4.0,0.18976190476190474,3.9446464646464645,0.26692188395189226
4,0.3,13,100,200,4.0,0.21933333333333332,3.8292929292929294,0.39560705266645174
4,0.3,14,100,200,4.0,0.14661904761904762,3.665656565656566,0.4616251106286752
4,0.3,15,100,200,4.0,0.1733333333333333,3.8505050505050504,0.2914855496233538
4,0.3,16,100,200,4.0,0.14695238095238095,3.7232323232323234,0.4159748817742026
4,0.3,17,100,200,4.0,0.21376190476190476,3.9224242424242424,0.25229602091546366
4,0.3,18,100,200,4.0,0.23428571428571426,3.9183838383838383,0.34179917603071097
4,0.3,19,100,200,4.0,0.1848095238095238,3.7676767676767677,0.36769882188664443
4,0.3,20,100,200,4.0,0.14552380952380953,3.733939393939394,0.4462954309624467
4,0.3,21,100,200,4.0,0.15219047619047618,3.644242424242424,0.42654400576995116
4,0.3,22,100,200,4.0,0.15728571428571428,3.7355555555555555,0.39215247555862603
4,0.3,23,100,200,4.0,0.24066666666666667,3.998181818181818,0.30217477712262747
4,0.3,24,100,200,4.0,0.1500952380952381,3.7862626262626264,0.3996632895553129
4,0.3,25,100,200,4.0,0.20266666666666666,3.9567676767676767,0.3572488195369427
4,0.3,26,100,200,4.0,0.1757857142857143,3.7767676767676766,0.3517586114995017
4,0.3,27,100,200,4.0,0.14433333333333334,3.855757575757576,0.339126639438133
4,0.3,28,100,200,4.0,0.19466666666666665,3.849090909090909,0.37050451710741394
4,0.3,29,100,200,4.0,0.2282857142857143,3.966666666666667,0.2297645245093463
4,0.4,0,100,200,4.0,0.10266666666666666,3.7026262626262625,0.38477260301482624
4,0.4,1,100,200,4.0,0.12259523809523809,3.634949494949495,0.512135090984885
4,0.4,2,100,200,4.0,0.11533333333333333,3.622020202020202,0.45014911549379866
4,0.4,3,100,200,4.0,0.10466666666666667,3.624040404040404,0.4667034493406301
4,0.4,4,100,200,4.0,0.12517460317460316,3.6262626262626263,0.46038330026689805
4,0.4,5,100,200,4.0,0.1544761904761905,3.7894949494949497,0.28605060603939836
4,0.4,6,100,200,4.0,0.11747619047619047,3.7315151515151515,0.4175893800094332
4,0.4,7,100,200,4.0,0.13257142857142856,3.6365656565656566,0.49095103316431016
4,0.4,8,100,200,4.0,0.11214285714285714,3.6654545454545455,0.4716587628046746
4,0.4,9,100,200,4.0,0.11599999999999999,3.6125252525252525,0.519554839667745
4,0.4,10,100,200,4.0,0.14033333333333334,3.769090909090909,0.37212306125781364
4,0.4,11,100,200,4.0,0.14037301587301587,3.6575757575757577,0.42957004397228027
4,0.4,12,100,200,4.0,0.1853095238095238,3.7288888888888887,0.4141861732216739
4,0.4,13,100,200,4.0,0.159,3.7915151515151515,0.3585229716502618
4,0.4,14,100,200,4.0,0.20423809523809525,3.7177777777777776,0.3731956744189593
4,0.4,15,100,200,4.0,0.12256349206349207,3.612929292929293,0.44362233865836465
4,0.4,16,100,200,4.0,0.1606190476190476,3.7246464646464648,0.42192804707157455
4,0.4,17,100,200,4.0,0.11198412698412698,3.611919191919192,0.43025874320809615
4,0.4,18,100,200,4.0,0.1653333333333333,3.692727272727273,0.4472005854418562
4,0.4,19,100,200,4.0,0.24247619047619046,3.7537373737373736,0.4000446940328411
4,0.4,20,100,200,4.0,0.13066666666666665,3.707272727272727,0.40594776342917627
4,0.4,21,100,200,4.0,0.140015873015873,3.6195959595959595,0.41294394679793067
4,0.4,22,100,200,4.0,0.10147619047619047,3.6165656565656565,0.5502801908526723
4,0.4,23,100,200,4.0,0.1515952380952381,3.8230303030303032,0.3464165102774959
4,0.4,24,100,200,4.0,0.09942857142857144,3.621212121212121,0.4848509642919717
4,0.4,25,100,200,4.0,0.09814285714285713,3.5543434343434344,0.5287862788129015
4,0.4,26,100,200,4.0,0.09209523809523809,3.567070707070707,0.4806369136502597
4,0.4,27,100,200,4.0,0.13309523809523807,3.5587878787878786,0.4712703915692154
4,0.4,28,100,200,4.0,0.11004761904761905,3.656161616161616,0.4438426291886741
4,0.4,29,100,200,4.0,0.09,3.65979797979798,0.48290882048513945
4,0.5,0,100,200,4.0,0.06195238095238095,3.506060606060606,0.5664513280160139
4,0.5,1,100,200,4.0,0.1091984126984127,3.511111111111111,0.4815406744178659
4,0.5,2,100,200,4.0,0.10785714285714285,3.522020202020202,0.5739062366669716
4,0.5,3,100,200,4.0,0.10366666666666667,3.571919191919192,0.5312676428578778
4,0.5,4,100,200,4.0,0.08961904761904763,3.554949494949495,0.5207766002441903
4,0.5,5,100,200,4.0,0.09442857142857143,3.5276767676767675,0.4670485466433111
4,0.5,6,100,200,4.0,0.06735714285714285,3.5472727272727274,0.4946770989384869
4,0.5,7,100,200,4.0,0.13647619047619047,3.684242424242424,0.38869509001887614
4,0.5,8,100,200,4.0,0.09314285714285715,3.5727272727272728,0.48198676503520405
4,0.5,9,100,200,4.0,0.07252380952380952,3.5515151515151517,0.5431973971117116
4,0.5,10,100,200,4.0,0.08147619047619047,3.5521212121212122,0.5677278186596177
4,0.5,11,100,200,4.0,0.08209523809523808,3.5765656565656565,0.5250747122755317
4,0.5,12,100,200,4.0,0.07307142857142856,3.603030303030303,0.4849656182032866
4,0.5,13,100,200,4.0,0.062142857142857146,3.5583838383838384,0.488389545848098
4,0.5,14,100,200,4.0,0.06861904761904762,3.5597979797979797,0.515866608421522
4,0.5,15,100,200,4.0,0.10057142857142858,3.556363636363636,0.5656021490997629
4,0.5,16,100,200,4.0,0.09561904761904762,3.6195959595959595,0.4748750753478874
4,0.5,17,100,200,4.0,0.1217142857142857,3.64,0.42895406086864174
4,0.5,18,100,200,4.0,0.08154761904761905,3.5115151515151517,0.5582855016389635
4,0.5,19,100,200,4.0,0.114,3.644040404040404,0.44121011992490067
4,0.5,20,100,200,4.0,0.06376190476190476,3.4856565656565657,0.5551705229783279
4,0.5,21,100,200,4.0,0.08580952380952381,3.545858585858586,0.5154871612670383
4,0.5,22,100,200,4.0,0.12373809523809523,3.564848484848485,0.5243153376117082
4,0.5,23,100,200,4.0,0.10097619047619048,3.488080808080808,0.4871647349977749
4,0.5,24,100,200,4.0,0.1467857142857143,3.64020202020202,0.48550374577640254
4,0.5,25,100,200,4.0,0.09561904761904762,3.59010101010101,0.47444010424085414
4,0.5,26,100,200,4.0,0.06866666666666667,3.5656565656565657,0.44671022923099146
4,0.5,27,100,200,4.0,0.08614285714285713,3.5654545454545454,0.5322863778788404
4,0.5,28,100,200,4.0,0.10214285714285713,3.5747474747474746,0.5115482905230654
4,0.5,29,100,200,4.0,0.08516666666666665,3.5127272727272727,0.605269526092573
4,0.7,0,100,200,4.0,0.06133333333333333,3.4903030303030302,0.5300966567710108
4,0.7,1,100,200,4.0,0.03966666666666667,3.476969696969697,0.5867895191066722
4,0.7,2,100,200,4.0,0.06133333333333333,3.554141414141414,0.5160165440705228
4,0.7,3,100,200,4.0,0.05778571428571429,3.53010101010101,0.5577341213967799
4,0.7,4,100,200,4.0,0.046523809523809516,3.4763636363636365,0.5538418803100345
4,0.7,5,100,200,4.0,0.07778571428571429,3.4757575757575756,0.5585542019815963
4,0.7,6,100,200,4.0,0.06971428571428571,3.4775757575757575,0.4738716085638312
4,0.7,7,100,200,4.0,0.07016666666666667,3.444848484848485,0.6006144182463802
4,0.7,8,100,200,4.0,0.05208730158730159,3.47010101010101,0.5263002376797168
4,0.7,9,100,200,4.0,0.05735714285714286,3.435959595959596,0.4788509971769728
4,0.7,10,100,200,4.0,0.04942857142857143,3.4838383838383837,0.5800805773235372
4,0.7,11,100,200,4.0,0.036809523809523806,3.500808080808081,0.4688815560780121
4,0.7,12,100,200,4.0,0.031142857142857142,3.5036363636363634,0.5489354664185263
4,0.7,13,100,200,4.0,0.07435714285714286,3.515959595959596,0.47454375978678354
4,0.7,14,100,200,4.0,0.029309523809523806,3.4414141414141413,0.6244494858643538
4,0.7,15,100,200,4.0,0.04292857142857143,3.485252525252525,0.582386520192661
4,0.7,16,100,200,4.0,0.042,3.4682828282828284,0.537453097751734
4,0.7,17,100,200,4.0,0.04038888888888889,3.452121212121212,0.5707431718821355
4,0.7,18,100,200,4.0,0.019,3.487070707070707,0.5956750492391911
4,0.7,19,100,200,4.0,0.03776190476190476,3.51010101010101,0.604421145269866
4,0.7,20,100,200,4.0,0.03838095238095238,3.4973737373737372,0.5914594831804277
4,0.7,21,100,200,4.0,0.034428571428571426,3.4735353535353535,0.6093285716761795
4,0.7,22,100,200,4.0,0.045976190476190476,3.4905050505050506,0.553548953453058
4,0.7,23,100,200,4.0,0.011642857142857142,3.4905050505050506,0.5905645202117917
4,0.7,24,100,200,4.0,0.059761904761904766,3.47010101010101,0.4892222528544091
4,0.7,25,100,200,4.0,0.023357142857142858,3.4923232323232325,0.5762419048547394
4,0.7,26,100,200,4.0,0.05302380952380952,3.438787878787879,0.6094683143238626
4,0.7,27,100,200,4.0,0.02264285714285714,3.403232323232323,0.613154091366379
4,0.7,28,100,200,4.0,0.03364285714285714,3.448080808080808,0.5629084011524959
4,0.7,29,100,200,4.0,0.02395238095238095,3.442828282828283,0.5944816612936106
4,0.9,0,100,200,4.0,0.03809523809523809,3.474949494949495,0.5469277586494661
4,0.9,1,100,200,4.0,0.025206349206349205,3.449292929292929,0.5781313631202337
4,0.9,2,100,200,4.0,0.016,3.452929292929293,0.6029790669733226
4,0.9,3,100,200,4.0,0.025428571428571425,3.4509090909090907,0.5861590450523003
4,0.9,4,100,200,4.0,0.03766666666666667,3.4953535353535354,0.5701649006186543
4,0.9,5,100,200,4.0,0.03176190476190476,3.4634343434343435,0.5327763082222763
4,0.9,6,100,200,4.0,0.040761904761904756,3.4523232323232325,0.5680281570504084
4,0.9,7,100,200,4.0,0.01714285714285714,3.3915151515151516,0.6372517799690038
4,0.9,8,100,200,4.0,0.04742857142857143,3.4052525252525254,0.7053897562785172
4,0.9,9,100,200,4.0,0.05904761904761904,3.4646464646464645,0.5853768041125091
4,0.9,10,100,200,4.0,0.014428571428571428,3.410707070707071,0.5972192941910717
4,0.9,11,100,200,4.0,0.02430952380952381,3.4183838383838383,0.6503600363578405
4,0.9,12,100,200,4.0,0.02342857142857143,3.503030303030303,0.5000491308750997
4,0.9,13,100,200,4.0,0.030476190476190476,3.4216161616161616,0.5851090729134831
4,0.9,14,100,200,4.0,0.041833333333333333,3.4486868686868686,0.5800911142723228
4,0.9,15,100,200,4.0,0.044497835497835495,3.4305050505050505,0.6718981821853908
4,0.9,16,100,200,4.0,0.06383333333333333,3.5036363636363634,0.5322021688418174
4,0.9,17,100,200,4.0,0.04269047619047619,3.4824242424242424,0.5338682424054432
4,0.9,18,100,200,4.0,0.06583333333333333,3.492929292929293,0.6024593003294523
4,0.9,19,100,200,4.0,0.02219047619047619,3.4175757575757575,0.556290594651456
4,0.9,20,100,200,4.0,0.035238095238095235,3.415959595959596,0.6574120831624767
4,0.9,21,100,200,4.0,0.009333333333333334,3.406262626262626,0.6294104634566028
4,0.9,22,100,200,4.0,0.029714285714285714,3.419191919191919,0.5992304451794525
4,0.9,23,100,200,4.0,0.02980952380952381,3.4828282828282826,0.5925992372949875
4,0.9,24,100,200,4.0,0.05592063492063492,3.4452525252525255,0.5965969830237361
4,0.9,25,100,200,4.0,0.06255555555555556,3.492929292929293,0.5357469806660697
4,0.9,26,100,200,4.0,0.027428571428571427,3.4375757575757575,0.5554745750515887
4,0.9,27,100,200,4.0,0.018500000000000003,3.442222222222222,0.595035438573188
4,0.9,28,100,200,4.0,0.03614285714285714,3.4456565656565656,0.5105871221551164
4,0.9,29,100,200,4.0,0.04061904761904762,3.454141414141414,0.559688264266585
4,1.0,0,100,200,4.0,0.04261904761904762,3.44989898989899,0.5818146252999257
4,1.0,1,100,200,4.0,0.024642857142857143,3.4325252525252523,0.6059770037671318
4,1.0,2,100,200,4.0,0.04264285714285714,3.4482828282828284,0.5348256707161746
4,1.0,3,100,200,4.0,0.021142857142857144,3.4234343434343435,0.6239700632577987
4,1.0,4,100,200,4.0,0.038436507936507935,3.439191919191919,0.5715296805079236
4,1.0,5,100,200,4.0,0.036166666666666666,3.473737373737374,0.5635748300960328
4,1.0,6,100,200,4.0,0.031619047619047616,3.4482828282828284,0.50195599489486
4,1.0,7,100,200,4.0,0.028833333333333332,3.4416161616161616,0.645328360232807
4,1.0,8,100,200,4.0,0.057,3.4684848484848483,0.6111302504077387
4,1.0,9,100,200,4.0,0.028857142857142856,3.4523232323232325,0.6376980153430214
4,1.0,10,100,200,4.0,0.03890476190476191,3.4664646464646465,0.605861187587026
4,1.0,11,100,200,4.0,0.020444444444444442,3.424848484848485,0.6100291950242774
4,1.0,12,100,200,4.0,0.05045238095238095,3.4884848484848483,0.6042211612736929
4,1.0,13,100,200,4.0,0.05061904761904762,3.4571717171717173,0.5333808661188671
4,1.0,14,100,200,4.0,0.007309523809523809,3.4185858585858586,0.5898186912003083
4,1.0,15,100,200,4.0,0.04011111111111111,3.4438383838383837,0.5617993814216086
4,1.0,16,100,200,4.0,0.006666666666666666,3.3836363636363638,0.6075929990697533
4,1.0,17,100,200,4.0,0.057666666666666665,3.441010101010101,0.6110258312099782
4,1.0,18,100,200,4.0,0.04466666666666667,3.4327272727272726,0.6295232611681296
4,1.0,19,100,200,4.0,0.03711904761904762,3.457979797979798,0.5704403796618625
4,1.0,20,100,200,4.0,0.040761904761904756,3.446262626262626,0.5892422181274174
4,1.0,21,100,200,4.0,0.027666666666666666,3.4505050505050505,0.5409993087927358
4,1.0,22,100,200,4.0,0.021095238095238097,3.4060606060606062,0.6672547394747517
4,1.0,23,100,200,4.0,0.08105555555555556,3.4343434343434343,0.5587132598617723
4,1.0,24,100,200,4.0,0.035095238095238096,3.4234343434343435,0.5825467538104053
4,1.0,25,100,200,4.0,0.026476190476190476,3.48,0.6206239183526753
4,1.0,26,100,200,4.0,0.02880952380952381,3.4260606060606063,0.6420714536720687
4,1.0,27,100,200,4.0,0.025357142857142856,3.4353535353535354,0.5465120243939157
4,1.0,28,100,200,4.0,0.031142857142857142,3.432929292929293,0.566570033672146
4,1.0,29,100,200,4.0,0.05142857142857142,3.4826262626262627,0.45432650708815964
6,0.0,0,100,300,6.0,0.6,8.757575757575758,0.05514263905712882
6,0.0,1,100,300,6.0,0.6,8.757575757575758,0.05514263905712882
6,0.0,2,100,300,6.0,0.6,8.757575757575758,0.05514263905712882
6,0.0,3,100,300,6.0,0.6,8.757575757575758,0.05514263905712882
6,0.0,4,100,300,6.0,0.6,8.757575757575758,0.05514263905712882
6,0.0,5,100,300,6.0,0.6,8.757575757575758,0.05514263905712882
6,0.0,6,100,300,6.0,0.6,8.757575757575758,0.05514263905712882
6,0.0,7,100,300,6.0,0.6,8.757575757575758,0.05514263905712882
6,0.0,8,100,300,6.0,0.6,8.757575757575758,0.05514263905712882
6,0.0,9,100,300,6.0,0.6,8.757575757575758,0.05514263905712882
6,0.0,10,100,300,6.0,0.6,8.757575757575758,0.05514263905712882
6,0.0,11,100,300,6.0,0.6,8.757575757575758,0.05514263905712882
6,0.0,12,100,300,6.0,0.6,8.757575757575758,0.05514263905712882
6,0.0,13,100,300,6.0,0.6,8.757575757575758,0.05514263905712882
6,0.0,14,100,300,6.0,0.6,8.757575757575758,0.05514263905712882
6,0.0,15,100,300,6.0,0.6,8.757575757575758,0.05514263905712882
6,0.0,16,100,300,6.0,0.6,8.757575757575758,0.05514263905712882
6,0.0,17,100,300,6.0,0.6,8.757575757575758,0.05514263905712882
6,0.0,18,100,300,6.0,0.6,8.757575757575758,0.05514263905712882
6,0.0,19,100,300,6.0,0.6,8.757575757575758,0.05514263905712882
6,0.0,20,100,300,6.0,0.6,8.757575757575758,0.05514263905712882
6,0.0,21,100,300,6.0,0.6,8.757575757575758,0.05514263905712882
6,0.0,22,100,300,6.0,0.6,8.757575757575758,0.05514263905712882
6,0.0,23,100,300,6.0,0.6,8.757575757575758,0.05514263905712882
6,0.0,24,100,300,6.0,0.6,8.757575757575758,0.05514263905712882
6,0.0,25,100,300,6.0,0.6,8.757575757575758,0.05514263905712882
6,0.0,26,100,300,6.0,0.6,8.757575757575758,0.05514263905712882
6,0.0,27,100,300,6.0,0.6,8.757575757575758,0.05514263905712882
6,0.0,28,100,300,6.0,0.6,8.757575757575758,0.05514263905712882
6,0.0,29,100,300,6.0,0.6,8.757575757575758,0.05514263905712882
6,0.01,0,100,300,6.0,0.5791428571428571,5.445454545454545,0.10139358136696362
6,0.01,1,100,300,6.0,0.5546666666666666,4.885050505050505,0.11386537856003037
6,0.01,2,100,300,6.0,0.5942857142857142,8.485050505050506,0.05512631334695294
6,0.01,3,100,300,6.0,0.5934761904761905,6.191717171717172,0.07966133474801435
6,0.01,4,100,300,6.0,0.5906190476190476,6.454545454545454,0.05867699926424529
6,0.01,5,100,300,6.0,0.5825238095238096,7.534949494949495,0.05701869397439435
6,0.01,6,100,300,6.0,0.585547619047619,6.1842424242424245,0.06275836410169153
6,0.01,7,100,300,6.0,0.5638095238095238,5.497575757575758,0.07067749701670209
6,0.01,8,100,300,6.0,0.591952380952381,8.019191919191918,0.055112443392184185
6,0.01,9,100,300,6.0,0.5744047619047619,5.211313131313132,0.11152214284473295
6,0.01,10,100,300,6.0,0.5818095238095238,5.86,0.0709752122673316
6,0.01,11,100,300,6.0,0.5805238095238096,5.573333333333333,0.08845325200466467
6,0.01,12,100,300,6.0,0.5757380952380953,5.973131313131313,0.0819070739819981
6,0.01,13,100,300,6.0,0.5881428571428571,6.746262626262626,0.05985024735725511
6,0.01,14,100,300,6.0,0.6,8.757575757575758,0.05514263905712882
6,0.01,15,100,300,6.0,0.5871904761904762,6.204848484848485,0.06612330321079632
6,0.01,16,100,300,6.0,0.5795238095238094,6.587474747474747,0.05649641469340676
6,0.01,17,100,300,6.0,0.5909047619047619,6.971111111111111,0.05626367728331605
6,0.01,18,100,300,6.0,0.5909047619047619,6.951919191919192,0.054808817400141235
6,0.01,19,100,300,6.0,0.5853809523809523,6.14929292929293,0.061635234587188184
6,0.01,20,100,300,6.0,0.6,8.757575757575758,0.05514263905712882
6,0.01,21,100,300,6.0,0.5789523809523809,7.019191919191919,0.06479766387808986
6,0.01,22,100,300,6.0,0.5785238095238094,5.558181818181819,0.08102039588554283
6,0.01,23,100,300,6.0,0.5823333333333334,6.897777777777778,0.05601152162476419
6,0.01,24,100,300,6.0,0.5846666666666667,6.697373737373737,0.05707227468430209
6,0.01,25,100,300,6.0,0.5909047619047619,6.848888888888889,0.06404115544875157
6,0.01,26,100,300,6.0,0.5784285714285714,5.477979797979798,0.09123533458900718
6,0.01,27,100,300,6.0,0.5573809523809523,5.063030303030303,0.13621397911276262
6,0.01,28,100,300,6.0,0.591952380952381,7.537373737373738,0.055083227529780364
6,0.01,29,100,300,6.0,0.6,8.757575757575758,0.05514263905712882
6,0.03,0,100,300,6.0,0.5529047619047619,5.057575757575758,0.11987816815360675
6,0.03,1,100,300,6.0,0.5305,4.792727272727273,0.09454700392756536
6,0.03,2,100,300,6.0,0.557047619047619,5.0218181818181815,0.12159010638669826
6,0.03,3,100,300,6.0,0.5586190476190476,4.8004040404040405,0.11449900624368303
6,0.03,4,100,300,6.0,0.5554285714285715,5.095959595959596,0.09431760284955182
6,0.03,5,100,300,6.0,0.5762857142857143,5.247878787878788,0.08974697422347491
6,0.03,6,100,300,6.0,0.513095238095238,4.109090909090909,0.22934248228336993
6,0.03,7,100,300,6.0,0.5653333333333334,5.149090909090909,0.11715116728780092
6,0.03,8,100,300,6.0,0.5545238095238095,5.0452525252525255,0.09429388687333368
6,0.03,9,100,300,6.0,0.5607142857142857,4.863232323232324,0.11404480920577842
6,0.03,10,100,300,6.0,0.5579523809523809,4.7531313131313135,0.11043071360106649
6,0.03,11,100,300,6.0,0.5668571428571428,4.946666666666666,0.11658097926574854
6,0.03,12,100,300,6.0,0.5571904761904761,4.911313131313132,0.11362398142442957
6,0.03,13,100,300,6.0,0.5588095238095238,5.003030303030303,0.11091244903647043
6,0.03,14,100,300,6.0,0.5624285714285714,5.189090909090909,0.10509342494782839
6,0.03,15,100,300,6.0,0.546047619047619,4.746060606060606,0.1319572965054343
6,0.03,16,100,300,6.0,0.5537142857142857,4.775757575757575,0.1252639332069255
6,0.03,17,100,300,6.0,0.5287857142857143,4.2143434343434345,0.19993801066536512
6,0.03,18,100,300,6.0,0.5625238095238095,5.691919191919192,0.07626095430218083
6,0.03,19,100,300,6.0,0.5420238095238095,4.5765656565656565,0.14421190935903455
6,0.03,20,100,300,6.0,0.5504285714285715,4.53010101010101,0.19664697476835102
6,0.03,21,100,300,6.0,0.545404761904762,4.7727272727272725,0.1266109037522779
6,0.03,22,100,300,6.0,0.548142857142857,4.726060606060606,0.13332468506487455
6,0.03,23,100,300,6.0,0.5548095238095239,5.002424242424242,0.09908094097583994
6,0.03,24,100,300,6.0,0.5340714285714285,4.461010101010101,0.1534117955874818
6,0.03,25,100,300,6.0,0.5682380952380952,5.612727272727272,0.0834220962852304
6,0.03,26,100,300,6.0,0.5197142857142857,4.5353535353535355,0.1169821214652673
6,0.03,27,100,300,6.0,0.5182142857142857,4.168686868686868,0.2055782390581186
6,0.03,28,100,300,6.0,0.5523571428571429,4.57010101010101,0.15508414965914852
6,0.03,29,100,300,6.0,0.5541904761904761,4.794545454545455,0.15535065552921884
6,0.05,0,100,300,6.0,0.5289047619047619,4.302020202020202,0.1798459360587038
6,0.05,1,100,300,6.0,0.49838095238095237,3.9452525252525255,0.24539397925935683
6,0.05,2,100,300,6.0,0.5331269841269841,4.366666666666666,0.14912488111511635
6,0.05,3,100,300,6.0,0.5400952380952381,4.953131313131313,0.1105513733530023
6,0.05,4,100,300,6.0,0.5169761904761905,4.284040404040404,0.2174548711061184
6,0.05,5,100,300,6.0,0.5296190476190477,4.47050505050505,0.16219314180137362
6,0.05,6,100,300,6.0,0.49864285714285717,4.046666666666667,0.20179613059643964
6,0.05,7,100,300,6.0,0.5356190476190477,4.4363636363636365,0.1673742798164809
6,0.05,8,100,300,6.0,0.532595238095238,4.6036363636363635,0.10632271748018055
6,0.05,9,100,300,6.0,0.5361190476190476,4.421818181818182,0.13202600190555125
6,0.05,10,100,300,6.0,0.5320714285714285,4.32949494949495,0.15664062282392777
6,0.05,11,100,300,6.0,0.544404761904762,4.707474747474747,0.11347833485592165
6,0.05,12,100,300,6.0,0.523547619047619,4.450909090909091,0.15119404691770166
6,0.05,13,100,300,6.0,0.49780952380952376,4.081818181818182,0.22696950539994554
6,0.05,14,100,300,6.0,0.5226190476190475,4.454949494949495,0.1417784414892463
6,0.05,15,100,300,6.0,0.5427619047619047,4.67939393939394,0.16076811417311715
6,0.05,16,100,300,6.0,0.5138333333333334,4.10040404040404,0.22371332998893906
6,0.05,17,100,300,6.0,0.5607777777777777,5.422020202020202,0.09598184065105628
6,0.05,18,100,300,6.0,0.5358571428571428,4.422626262626262,0.13550132720776642
6,0.05,19,100,300,6.0,0.521,4.14929292929293,0.16498614716392654
6,0.05,20,100,300,6.0,0.5250952380952381,4.241616161616162,0.16442079158395506
6,0.05,21,100,300,6.0,0.5042301587301588,3.958181818181818,0.27263356884944795
6,0.05,22,100,300,6.0,0.5311428571428571,4.412727272727273,0.16525145209869618
6,0.05,23,100,300,6.0,0.49247619047619046,4.044242424242424,0.20276894337561865
6,0.05,24,100,300,6.0,0.5310238095238095,4.111717171717172,0.18929435562208596
6,0.05,25,100,300,6.0,0.5334285714285714,4.647272727272727,0.12250849295792975
6,0.05,26,100,300,6.0,0.5556666666666666,4.4086868686868685,0.17600450172460141
6,0.05,27,100,300,6.0,0.5333333333333333,4.537171717171717,0.13779333189287404
6,0.05,28,100,300,6.0,0.5053095238095238,4.15010101010101,0.24555972467384832
6,0.05,29,100,300,6.0,0.5077380952380952,4.03030303030303,0.18753613040068418
6,0.1,0,100,300,6.0,0.47304761904761905,3.8004040404040405,0.27835279130610135
6,0.1,1,100,300,6.0,0.469,3.7317171717171718,0.3269157127360125
6,0.1,2,100,300,6.0,0.42978571428571427,3.7381818181818183,0.24680773476898393
6,0.1,3,100,300,6.0,0.4353333333333333,3.7317171717171718,0.29728316838306207
6,0.1,4,100,300,6.0,0.4425,3.5668686868686867,0.3733909419701064
6,0.1,5,100,300,6.0,0.4895952380952381,3.946868686868687,0.23792971545943947
6,0.1,6,100,300,6.0,0.43423809523809526,3.563838383838384,0.4097663948258078
6,0.1,7,100,300,6.0,0.4505952380952381,3.6606060606060606,0.34388173687318513
6,0.1,8,100,300,6.0,0.44966666666666666,3.6307070707070705,0.3202383462421889
6,0.1,9,100,300,6.0,0.4752619047619048,3.745050505050505,0.25935351151043806
6,0.1,10,100,300,6.0,0.4328333333333333,3.562626262626263,0.36268911563826756
6,0.1,11,100,300,6.0,0.4578333333333333,3.6583838383838385,0.3367137791134095
6,0.1,12,100,300,6.0,0.44521428571428573,3.535959595959596,0.3726826214736939
6,0.1,13,100,300,6.0,0.4271111111111111,3.654141414141414,0.2847790525437367
6,0.1,14,100,300,6.0,0.4771666666666667,3.8165656565656567,0.27412368211303584
6,0.1,15,100,300,6.0,0.4545793650793651,3.6266666666666665,0.30462538170922804
6,0.1,16,100,300,6.0,0.41559523809523813,3.4876767676767675,0.40374394156383636
6,0.1,17,100,300,6.0,0.4397380952380952,3.5325252525252524,0.3502479668357471
6,0.1,18,100,300,6.0,0.4504047619047619,3.6115151515151513,0.28634886068098864
6,0.1,19,100,300,6.0,0.47047619047619044,3.741212121212121,0.31737079796274087
6,0.1,20,100,300,6.0,0.47735714285714287,3.791313131313131,0.2974512368900882
6,0.1,21,100,300,6.0,0.4593015873015873,3.6515151515151514,0.30289849491343557
6,0.1,22,100,300,6.0,0.44590476190476186,3.6733333333333333,0.27611810863842645
6,0.1,23,100,300,6.0,0.4319761904761905,3.5444444444444443,0.36814598567581003
6,0.1,24,100,300,6.0,0.4384523809523809,3.631919191919192,0.3229720508023004
6,0.1,25,100,300,6.0,0.4918571428571428,3.8844444444444446,0.2387018331484504
6,0.1,26,100,300,6.0,0.4583571428571428,3.6658585858585857,0.33994172692525626
6,0.1,27,100,300,6.0,0.45378571428571424,3.598181818181818,0.44565736757886487
6,0.1,28,100,300,6.0,0.4605952380952381,3.7870707070707073,0.2691214113563217
6,0.1,29,100,300,6.0,0.4761190476190476,3.824646464646465,0.24442555423996642
6,0.2,0,100,300,6.0,0.3170079365079365,3.1218181818181816,0.7532478454400566
6,0.2,1,100,300,6.0,0.32781746031746034,3.241010101010101,0.459398832174448
6,0.2,2,100,300,6.0,0.31664285714285717,3.148888888888889,0.6609218549667589
6,0.2,3,100,300,6.0,0.31335714285714283,3.168888888888889,0.581861904609344
6,0.2,4,100,300,6.0,0.3372857142857143,3.2204040404040404,0.6720344458128746
6,0.2,5,100,300,6.0,0.33454761904761904,3.1446464646464647,0.6346140187148372
6,0.2,6,100,300,6.0,0.32281746031746034,3.1406060606060606,0.7441007827968825
6,0.2,7,100,300,6.0,0.31363492063492066,3.1072727272727274,0.6300539155399825
6,0.2,8,100,300,6.0,0.297547619047619,3.073737373737374,0.7146796568641836
6,0.2,9,100,300,6.0,0.3023888888888889,3.121212121212121,0.7232062052674837
6,0.2,10,100,300,6.0,0.312515873015873,3.1991919191919194,0.568228458468468
6,0.2,11,100,300,6.0,0.2986111111111111,3.1076767676767676,0.590861196130321
6,0.2,12,100,300,6.0,0.3243095238095238,3.123838383838384,0.7048204377814464
6,0.2,13,100,300,6.0,0.2741861471861472,3.1058585858585857,0.5718742077069505
6,0.2,14,100,300,6.0,0.3056111111111111,3.123838383838384,0.7023023651042114
6,0.2,15,100,300,6.0,0.33834920634920634,3.1737373737373735,0.6173079742326739
6,0.2,16,100,300,6.0,0.3295238095238095,3.1333333333333333,0.797679383027501
6,0.2,17,100,300,6.0,0.33304761904761904,3.1884848484848485,0.686395941462985
6,0.2,18,100,300,6.0,0.28056349206349207,3.077979797979798,0.7282244652681978
6,0.2,19,100,300,6.0,0.3669761904761905,3.3141414141414143,0.5254675697896073
6,0.2,20,100,300,6.0,0.3111984126984127,3.0947474747474746,0.7407573124411868
6,0.2,21,100,300,6.0,0.3116666666666667,3.137979797979798,0.5544278809902607
6,0.2,22,100,300,6.0,0.29015079365079366,3.0783838383838384,0.7457908380641199
6,0.2,23,100,300,6.0,0.29473015873015873,3.1,0.7167959440592817
6,0.2,24,100,300,6.0,0.3362380952380953,3.1474747474747473,0.7188280139192725
6,0.2,25,100,300,6.0,0.30373809523809525,3.1046464646464647,0.689060059564687
6,0.2,26,100,300,6.0,0.3248571428571429,3.238989898989899,0.607170227365413
6,0.2,27,100,300,6.0,0.28914285714285715,3.1145454545454547,0.6756079242895034
6,0.2,28,100,300,6.0,0.3194444444444444,3.131919191919192,0.7089699053517678
6,0.2,29,100,300,6.0,0.3091666666666667,3.1165656565656565,0.8192088135442541
6,0.3,0,100,300,6.0,0.26011904761904764,3.1044444444444443,0.6423763241195726
6,0.3,1,100,300,6.0,0.2243888888888889,2.949292929292929,1.032760505969477
6,0.3,2,100,300,6.0,0.24564285714285714,2.961010101010101,0.839230276513128
6,0.3,3,100,300,6.0,0.273,3.0587878787878786,0.7780074060213161
6,0.3,4,100,300,6.0,0.2333730158730159,2.981818181818182,0.9636887873870911
6,0.3,5,100,300,6.0,0.2622063492063492,3.0113131313131314,0.8989086065799003
6,0.3,6,100,300,6.0,0.22848412698412698,2.961818181818182,0.8593231652572624
6,0.3,7,100,300,6.0,0.22602380952380952,3.0173737373737373,0.880405510974865
6,0.3,8,100,300,6.0,0.23818253968253966,2.9725252525252523,0.8667943029702027
6,0.3,9,100,300,6.0,0.25306349206349205,2.9753535353535354,0.8481343063215162
6,0.3,10,100,300,6.0,0.24453174603174602,2.9963636363636366,0.7550106711385851
6,0.3,11,100,300,6.0,0.1881111111111111,2.935151515151515,1.0421292395002568
6,0.3,12,100,300,6.0,0.2624761904761905,3.0028282828282826,0.8828223309977267
6,0.3,13,100,300,6.0,0.18488095238095237,2.8878787878787877,1.1645689453745356
6,0.3,14,100,300,6.0,0.2124920634920635,2.937979797979798,1.0055911373609483
6,0.3,15,100,300,6.0,0.26122222222222224,3.0054545454545454,0.7843513384155906
6,0.3,16,100,300,6.0,0.2371984126984127,2.9765656565656564,0.9726148292226053
6,0.3,17,100,300,6.0,0.25417460317460316,3.035151515151515,0.8455133191760257
6,0.3,18,100,300,6.0,0.3147857142857143,3.1024242424242425,0.6763830007177537
6,0.3,19,100,300,6.0,0.25452380952380954,3.005858585858586,0.8732158262692078
6,0.3,20,100,300,6.0,0.2870873015873016,3.025858585858586,0.8453639984900161
6,0.3,21,100,300,6.0,0.243984126984127,2.992121212121212,0.779467305138029
6,0.3,22,100,300,6.0,0.23454761904761906,2.9545454545454546,0.9322114434672848
6,0.3,23,100,300,6.0,0.2351089466089466,2.9757575757575756,0.9579255887498717
6,0.3,24,100,300,6.0,0.2182142857142857,2.928888888888889,0.942238233565276
6,0.3,25,100,300,6.0,0.215515873015873,2.9763636363636365,1.012167135407681
6,0.3,26,100,300,6.0,0.21953968253968253,3.0006060606060605,0.8321737966047155
6,0.3,27,100,300,6.0,0.20569264069264068,2.9313131313131313,1.0365066782329153
6,0.3,28,100,300,6.0,0.2747142857142857,3.0595959595959594,0.7606207427025639
6,0.3,29,100,300,6.0,0.2346031746031746,3.032121212121212,0.8963722137317627
6,0.4,0,100,300,6.0,0.16260317460317458,2.86989898989899,1.1526474924108516
6,0.4,1,100,300,6.0,0.1894126984126984,2.890707070707071,1.0220582355425445
6,0.4,2,100,300,6.0,0.12902236652236654,2.8175757575757574,1.2584319774517874
6,0.4,3,100,300,6.0,0.15383982683982683,2.8492929292929294,1.2205698508841623
6,0.4,4,100,300,6.0,0.14212698412698413,2.8674747474747475,1.1563822872598746
6,0.4,5,100,300,6.0,0.176031746031746,2.8638383838383836,0.9576401740813383
6,0.4,6,100,300,6.0,0.18132539682539683,2.8567676767676766,1.22040170914451
6,0.4,7,100,300,6.0,0.16338095238095238,2.855757575757576,1.2725131276666075
6,0.4,8,100,300,6.0,0.1309047619047619,2.871717171717172,1.0919068048117966
6,0.4,9,100,300,6.0,0.1621904761904762,2.8642424242424243,1.1645023190826707
6,0.4,10,100,300,6.0,0.17797619047619048,2.9006060606060604,1.1527993029411223
6,0.4,11,100,300,6.0,0.16257142857142856,2.842828282828283,1.3257592806632472
6,0.4,12,100,300,6.0,0.1273968253968254,2.827272727272727,1.2254721655769623
6,0.4,13,100,300,6.0,0.13997619047619048,2.8393939393939394,1.2158279125126221
6,0.4,14,100,300,6.0,0.1728138528138528,2.8523232323232324,1.096058774280862
6,0.4,15,100,300,6.0,0.16807936507936508,2.882828282828283,1.084459347177933
6,0.4,16,100,300,6.0,0.1474090909090909,2.8654545454545453,1.0051885331718826
6,0.4,17,100,300,6.0,0.1439047619047619,2.848888888888889,1.072565089299939
6,0.4,18,100,300,6.0,0.21515079365079365,2.98989898989899,0.7820095138218353
6,0.4,19,100,300,6.0,0.16385714285714287,2.8581818181818184,1.1454107567336889
6,0.4,20,100,300,6.0,0.12554978354978355,2.833131313131313,1.3011970878210741
6,0.4,21,100,300,6.0,0.16365079365079363,2.865050505050505,1.1092104654969384
6,0.4,22,100,300,6.0,0.1549047619047619,2.8567676767676766,1.1782536961607573
6,0.4,23,100,300,6.0,0.15685714285714286,2.834747474747475,1.2344565070962312
6,0.4,24,100,300,6.0,0.15698412698412698,2.876161616161616,1.15694663864536
6,0.4,25,100,300,6.0,0.14824603174603174,2.824646464646465,1.2152511610178058
6,0.4,26,100,300,6.0,0.1567142857142857,2.8492929292929294,1.273594571610589
6,0.4,27,100,300,6.0,0.1816269841269841,2.8773737373737376,1.0510327100359138
6,0.4,28,100,300,6.0,0.1673174603174603,2.897777777777778,1.079152328635668
6,0.4,29,100,300,6.0,0.1865,2.878989898989899,1.0734535632734472
6,0.5,0,100,300,6.0,0.13282539682539682,2.827676767676768,1.2762643523665669
6,0.5,1,100,300,6.0,0.12853968253968254,2.826868686868687,1.3038340850916048
6,0.5,2,100,300,6.0,0.12165873015873016,2.814343434343434,1.3784799837254738
6,0.5,3,100,300,6.0,0.09864718614718615,2.755353535353535,1.457614795345554
6,0.5,4,100,300,6.0,0.12912698412698412,2.810909090909091,1.2963168202715596
6,0.5,5,100,300,6.0,0.09326190476190475,2.7622222222222224,1.5566240501660606
6,0.5,6,100,300,6.0,0.15718253968253967,2.815757575757576,1.2493222160322317
6,0.5,7,100,300,6.0,0.10325108225108226,2.785858585858586,1.266665585643949
6,0.5,8,100,300,6.0,0.14387301587301587,2.8335353535353534,1.1834048162688349
6,0.5,9,100,300,6.0,0.12187301587301587,2.803232323232323,1.2323361162495305
6,0.5,10,100,300,6.0,0.11236796536796537,2.7915151515151515,1.3913750817361314
6,0.5,11,100,300,6.0,0.12076695526695527,2.8133333333333335,1.2784497202910914
6,0.5,12,100,300,6.0,0.09587301587301587,2.798383838383838,1.4589597708175615
6,0.5,13,100,300,6.0,0.10950793650793651,2.8070707070707073,1.2766271789105683
6,0.5,14,100,300,6.0,0.1322936507936508,2.8014141414141416,1.3351015486335616
6,0.5,15,100,300,6.0,0.07626984126984127,2.776161616161616,1.4152178821452166
6,0.5,16,100,300,6.0,0.08619047619047619,2.7888888888888888,1.287427328755485
6,0.5,17,100,300,6.0,0.1169083694083694,2.8153535353535353,1.2712350539920803
6,0.5,18,100,300,6.0,0.09975901875901876,2.8036363636363637,1.1416276728210393
6,0.5,19,100,300,6.0,0.1456111111111111,2.8076767676767678,1.2433734164407755
6,0.5,20,100,300,6.0,0.10549999999999998,2.7870707070707073,1.3096332049069253
6,0.5,21,100,300,6.0,0.11576984126984127,2.7963636363636364,1.3659949533604179
6,0.5,22,100,300,6.0,0.12793650793650793,2.8173737373737375,1.117204734835507
6,0.5,23,100,300,6.0,0.08395238095238096,2.784242424242424,1.545952798973048
6,0.5,24,100,300,6.0,0.1397857142857143,2.8230303030303032,1.1279411467202447
6,0.5,25,100,300,6.0,0.11516017316017316,2.7937373737373736,1.3842675200064782
6,0.5,26,100,300,6.0,0.12345743145743146,2.8094949494949497,1.2554842007351132
6,0.5,27,100,300,6.0,0.13265800865800867,2.8165656565656567,1.325092781861565
6,0.5,28,100,300,6.0,0.10942857142857143,2.788686868686869,1.4334342435853555
6,0.5,29,100,300,6.0,0.11316883116883117,2.8155555555555556,1.3392406911701626
6,0.7,0,100,300,6.0,0.07341919191919191,2.74989898989899,1.4505477899132775
6,0.7,1,100,300,6.0,0.06693650793650793,2.752727272727273,1.441302731369017
6,0.7,2,100,300,6.0,0.06342640692640693,2.74020202020202,1.5276393415316476
6,0.7,3,100,300,6.0,0.07357464757464757,2.7365656565656566,1.4787895283530696
6,0.7,4,100,300,6.0,0.0695036075036075,2.7393939393939393,1.5095676635752708
6,0.7,5,100,300,6.0,0.08437590187590187,2.7616161616161614,1.377119706727795
6,0.7,6,100,300,6.0,0.05876190476190476,2.7422222222222223,1.5466179059166203
6,0.7,7,100,300,6.0,0.06831746031746032,2.764242424242424,1.3429451995301105
6,0.7,8,100,300,6.0,0.07467893217893218,2.725050505050505,1.4646456227253288
6,0.7,9,100,300,6.0,0.08199267399267399,2.7525252525252526,1.5007240007774123
6,0.7,10,100,300,6.0,0.05481096681096681,2.7464646464646463,1.5840266623131931
6,0.7,11,100,300,6.0,0.07563492063492064,2.751919191919192,1.511942535075917
6,0.7,12,100,300,6.0,0.053141414141414135,2.7452525252525253,1.534728197756631
6,0.7,13,100,300,6.0,0.05866450216450216,2.7383838383838386,1.553638574341503
6,0.7,14,100,300,6.0,0.06318398268398268,2.7545454545454544,1.3540329539424956
6,0.7,15,100,300,6.0,0.06486652236652236,2.743030303030303,1.4108679720766897
6,0.7,16,100,300,6.0,0.052058441558441554,2.73010101010101,1.6179675260493154
6,0.7,17,100,300,6.0,0.06867316017316016,2.7385858585858585,1.539834045058745
6,0.7,18,100,300,6.0,0.07387734487734487,2.7383838383838386,1.4611742537583576
6,0.7,19,100,300,6.0,0.07326190476190476,2.74020202020202,1.4522560931343285
6,0.7,20,100,300,6.0,0.06378571428571428,2.749090909090909,1.4482253645176169
6,0.7,21,100,300,6.0,0.06519047619047619,2.727070707070707,1.5245967181170903
6,0.7,22,100,300,6.0,0.06782539682539683,2.7448484848484846,1.5975773072835011
6,0.7,23,100,300,6.0,0.06056349206349206,2.7456565656565655,1.52610300948529
6,0.7,24,100,300,6.0,0.0709920634920635,2.7608080808080806,1.5092068163070729
6,0.7,25,100,300,6.0,0.06134737484737484,2.7311111111111113,1.588876722527004
6,0.7,26,100,300,6.0,0.09143650793650794,2.771717171717172,1.3744541092309355
6,0.7,27,100,300,6.0,0.0547936507936508,2.7416161616161614,1.690652183442471
6,0.7,28,100,300,6.0,0.04404545454545454,2.737171717171717,1.5162378550395175
6,0.7,29,100,300,6.0,0.05388023088023088,2.7337373737373736,1.474178516264606
6,0.9,0,100,300,6.0,0.06116522366522366,2.7335353535353537,1.4973960532953823
6,0.9,1,100,300,6.0,0.052650072150072155,2.7329292929292928,1.439665368525646
6,0.9,2,100,300,6.0,0.04647691197691198,2.7345454545454544,1.563257031766915
6,0.9,3,100,300,6.0,0.05211832611832611,2.7244444444444444,1.373216390709236
6,0.9,4,100,300,6.0,0.051322510822510825,2.7317171717171718,1.6339879187193707
6,0.9,5,100,300,6.0,0.05734126984126984,2.7383838383838386,1.534552191253347
6,0.9,6,100,300,6.0,0.05919336219336219,2.7107070707070706,1.5097233056350774
6,0.9,7,100,300,6.0,0.045347763347763345,2.707272727272727,1.565895717363928
6,0.9,8,100,300,6.0,0.04424603174603175,2.7456565656565655,1.393554073149738
6,0.9,9,100,300,6.0,0.06101370851370851,2.737979797979798,1.4973452389848159
6,0.9,10,100,300,6.0,0.04973593073593073,2.7262626262626264,1.6333717955026688
6,0.9,11,100,300,6.0,0.04545093795093795,2.7187878787878788,1.6828961453497433
6,0.9,12,100,300,6.0,0.03996103896103896,2.6925252525252525,1.7124735516205045
6,0.9,13,100,300,6.0,0.04123809523809523,2.7254545454545456,1.622188621018567
6,0.9,14,100,300,6.0,0.06368503718503718,2.7224242424242426,1.6094320191458373
6,0.9,15,100,300,6.0,0.0652979797979798,2.724242424242424,1.588701959942119
6,0.9,16,100,300,6.0,0.04534920634920635,2.732727272727273,1.557793634660093
6,0.9,17,100,300,6.0,0.0428015873015873,2.728282828282828,1.5372276212938571
6,0.9,18,100,300,6.0,0.04858297258297259,2.727070707070707,1.4762548342901103
6,0.9,19,100,300,6.0,0.04141847041847042,2.716161616161616,1.4469527536347169
6,0.9,20,100,300,6.0,0.07723987123987124,2.725050505050505,1.4955112137251687
6,0.9,21,100,300,6.0,0.05471717171717172,2.705656565656566,1.7479048883635773
6,0.9,22,100,300,6.0,0.060841269841269835,2.731919191919192,1.5182313258227453
6,0.9,23,100,300,6.0,0.043095238095238096,2.72,1.615018746710708
6,0.9,24,100,300,6.0,0.04137445887445887,2.7163636363636363,1.572523427470408
6,0.9,25,100,300,6.0,0.050745310245310246,2.7264646464646463,1.6227008236064369
6,0.9,26,100,300,6.0,0.03889321789321789,2.7058585858585857,1.611105494028742
6,0.9,27,100,300,6.0,0.04548773448773449,2.7266666666666666,1.5946821905358408
6,0.9,28,100,300,6.0,0.05778210678210678,2.734141414141414,1.508282871604579
6,0.9,29,100,300,6.0,0.0501984126984127,2.7418181818181817,1.4681445327993927
6,1.0,0,100,300,6.0,0.05306349206349206,2.728686868686869,1.5594189121562259
6,1.0,1,100,300,6.0,0.06703291153291153,2.6981818181818182,1.5772739067290404
6,1.0,2,100,300,6.0,0.04305844155844156,2.7236363636363636,1.594173856530871
6,1.0,3,100,300,6.0,0.05083333333333333,2.7393939393939393,1.5875756518529573
6,1.0,4,100,300,6.0,0.06489249639249639,2.728282828282828,1.5715015064279696
6,1.0,5,100,300,6.0,0.0446031746031746,2.737171717171717,1.5416854157573099
6,1.0,6,100,300,6.0,0.04356349206349206,2.7143434343434345,1.6167426068016695
6,1.0,7,100,300,6.0,0.048945165945165944,2.7335353535353537,1.5456722568929875
6,1.0,8,100,300,6.0,0.04517316017316017,2.7226262626262625,1.5483068758669338
6,1.0,9,100,300,6.0,0.044365079365079364,2.721212121212121,1.6467786154347115
6,1.0,10,100,300,6.0,0.047735209235209235,2.747272727272727,1.526563145035708
6,1.0,11,100,300,6.0,0.04373742923742924,2.7236363636363636,1.4905378318083327
6,1.0,12,100,300,6.0,0.03913997113997114,2.725050505050505,1.6382065486655102
6,1.0,13,100,300,6.0,0.048944444444444436,2.7462626262626264,1.3474294336962598
6,1.0,14,100,300,6.0,0.042828282828282827,2.7254545454545456,1.612831430686707
6,1.0,15,100,300,6.0,0.055785714285714286,2.737171717171717,1.4110384648743526
6,1.0,16,100,300,6.0,0.06076190476190476,2.7303030303030305,1.5734612822290441
6,1.0,17,100,300,6.0,0.05514069264069264,2.7294949494949496,1.5747156648893428
6,1.0,18,100,300,6.0,0.05757936507936508,2.7191919191919194,1.5739736444898824
6,1.0,19,100,300,6.0,0.05437373737373737,2.6935353535353537,1.6509545674450075
6,1.0,20,100,300,6.0,0.05273593073593074,2.731313131313131,1.598646652406271
6,1.0,21,100,300,6.0,0.05953968253968254,2.735959595959596,1.5602623250291607
6,1.0,22,100,300,6.0,0.042166666666666665,2.727070707070707,1.595904601021654
6,1.0,23,100,300,6.0,0.050920634920634915,2.748080808080808,1.6345400240244101
6,1.0,24,100,300,6.0,0.04204761904761905,2.732727272727273,1.522616588807172
6,1.0,25,100,300,6.0,0.042,2.7343434343434345,1.529779625407532
6,1.0,26,100,300,6.0,0.04301948051948051,2.7325252525252526,1.5284834861684107
6,1.0,27,100,300,6.0,0.05136291486291486,2.7343434343434345,1.5670073873318278
6,1.0,28,100,300,6.0,0.0446969696969697,2.733131313131313,1.644756524228188
6,1.0,29,100,300,6.0,0.027411976911976912,2.7117171717171717,1.541007013346897
8,0.0,0,100,400,8.0,0.6428571428571429,6.696969696969697,0.11797631679985265
8,0.0,1,100,400,8.0,0.6428571428571429,6.696969696969697,0.11797631679985265
8,0.0,2,100,400,8.0,0.6428571428571429,6.696969696969697,0.11797631679985265
8,0.0,3,100,400,8.0,0.6428571428571429,6.696969696969697,0.11797631679985265
8,0.0,4,100,400,8.0,0.6428571428571429,6.696969696969697,0.11797631679985265
8,0.0,5,100,400,8.0,0.6428571428571429,6.696969696969697,0.11797631679985265
8,0.0,6,100,400,8.0,0.6428571428571429,6.696969696969697,0.11797631679985265
8,0.0,7,100,400,8.0,0.6428571428571429,6.696969696969697,0.11797631679985265
8,0.0,8,100,400,8.0,0.6428571428571429,6.696969696969697,0.11797631679985265
8,0.0,9,100,400,8.0,0.6428571428571429,6.696969696969697,0.11797631679985265
8,0.0,10,100,400,8.0,0.6428571428571429,6.696969696969697,0.11797631679985265
8,0.0,11,100,400,8.0,0.6428571428571429,6.696969696969697,0.11797631679985265
8,0.0,12,100,400,8.0,0.6428571428571429,6.696969696969697,0.11797631679985265
8,0.0,13,100,400,8.0,0.6428571428571429,6.696969696969697,0.11797631679985265
8,0.0,14,100,400,8.0,0.6428571428571429,6.696969696969697,0.11797631679985265
8,0.0,15,100,400,8.0,0.6428571428571429,6.696969696969697,0.11797631679985265
8,0.0,16,100,400,8.0,0.6428571428571429,6.696969696969697,0.11797631679985265
8,0.0,17,100,400,8.0,0.6428571428571429,6.696969696969697,0.11797631679985265
8,0.0,18,100,400,8.0,0.6428571428571429,6.696969696969697,0.11797631679985265
8,0.0,19,100,400,8.0,0.6428571428571429,6.696969696969697,0.11797631679985265
8,0.0,20,100,400,8.0,0.6428571428571429,6.696969696969697,0.11797631679985265
8,0.0,21,100,400,8.0,0.6428571428571429,6.696969696969697,0.11797631679985265
8,0.0,22,100,400,8.0,0.6428571428571429,6.696969696969697,0.11797631679985265
8,0.0,23,100,400,8.0,0.6428571428571429,6.696969696969697,0.11797631679985265
8,0.0,24,100,400,8.0,0.6428571428571429,6.696969696969697,0.11797631679985265
8,0.0,25,100,400,8.0,0.6428571428571429,6.696969696969697,0.11797631679985265
8,0.0,26,100,400,8.0,0.6428571428571429,6.696969696969697,0.11797631679985265
8,0.0,27,100,400,8.0,0.6428571428571429,6.696969696969697,0.11797631679985265
8,0.0,28,100,400,8.0,0.6428571428571429,6.696969696969697,0.11797631679985265
8,0.0,29,100,400,8.0,0.6428571428571429,6.696969696969697,0.11797631679985265
8,0.01,0,100,400,8.0,0.601388888888889,4.556363636363637,0.148344555683041
8,0.01,1,100,400,8.0,0.6125396825396825,4.291717171717171,0.1867476322015286
8,0.01,2,100,400,8.0,0.6196031746031746,4.4911111111111115,0.16388101515722808
8,0.01,3,100,400,8.0,0.6169761904761905,4.462424242424243,0.17938553473018976
8,0.01,4,100,400,8.0,0.6084920634920635,4.663636363636364,0.13000529852150744
8,0.01,5,100,400,8.0,0.615,4.276363636363636,0.1721496982210591
8,0.01,6,100,400,8.0,0.6323809523809524,5.645050505050505,0.12167610523910755
8,0.01,7,100,400,8.0,0.631031746031746,5.1066666666666665,0.12409554023047065
8,0.01,8,100,400,8.0,0.6403968253968254,6.681414141414141,0.11797222704689317
8,0.01,9,100,400,8.0,0.6254761904761905,4.805858585858586,0.16219319910728353
8,0.01,10,100,400,8.0,0.6008730158730159,4.042222222222223,0.20601436719635685
8,0.01,11,100,400,8.0,0.6203968253968255,4.42969696969697,0.16858321040980773
8,0.01,12,100,400,8.0,0.6389285714285715,5.786060606060606,0.11746197844775322
8,0.01,13,100,400,8.0,0.6230952380952381,4.514141414141414,0.15736129798451712
8,0.01,14,100,400,8.0,0.6311904761904762,5.182020202020202,0.12483302796389106
8,0.01,15,100,400,8.0,0.6057936507936508,4.314141414141414,0.18039996128127972
8,0.01,16,100,400,8.0,0.6296031746031746,4.811919191919192,0.13381373907282293
8,0.01,17,100,400,8.0,0.6323809523809524,5.434949494949495,0.13032680247479506
8,0.01,18,100,400,8.0,0.622936507936508,4.445858585858586,0.17244207595673966
8,0.01,19,100,400,8.0,0.6428571428571429,6.696969696969697,0.11797631679985265
8,0.01,20,100,400,8.0,0.6199603174603174,4.545656565656565,0.15177408852475793
8,0.01,21,100,400,8.0,0.6253968253968254,5.144040404040404,0.12183007857654166
8,0.01,22,100,400,8.0,0.608452380952381,4.148484848484848,0.17262625516041014
8,0.01,23,100,400,8.0,0.6301984126984127,4.912929292929293,0.14084787372676866
8,0.01,24,100,400,8.0,0.6235714285714287,5.025252525252525,0.1387015244019635
8,0.01,25,100,400,8.0,0.615436507936508,4.394343434343434,0.17854444194104996
8,0.01,26,100,400,8.0,0.6323809523809524,4.875353535353535,0.14574709043701678
8,0.01,27,100,400,8.0,0.601547619047619,3.9804040404040406,0.22728523057579184
8,0.01,28,100,400,8.0,0.6323809523809524,5.8680808080808085,0.1196302857344275
8,0.01,29,100,400,8.0,0.6370238095238095,5.465656565656565,0.11672675204402244
8,0.03,0,100,400,8.0,0.5867857142857144,3.576969696969697,0.27468868630612153
8,0.03,1,100,400,8.0,0.5952380952380952,3.881414141414141,0.23680234696463165
8,0.03,2,100,400,8.0,0.5939365079365079,3.751919191919192,0.23265803420804038
8,0.03,3,100,400,8.0,0.5911111111111111,3.802828282828283,0.2750062566427246
8,0.03,4,100,400,8.0,0.5735396825396826,3.6066666666666665,0.27297198545618756
8,0.03,5,100,400,8.0,0.5980952380952381,3.8159595959595958,0.23544441176217829
8,0.03,6,100,400,8.0,0.6104761904761905,4.12020202020202,0.19380928628553262
8,0.03,7,100,400,8.0,0.5847222222222223,3.813939393939394,0.2227053571849072
8,0.03,8,100,400,8.0,0.5844047619047619,3.6543434343434344,0.25588642840000914
8,0.03,9,100,400,8.0,0.5757460317460318,3.707878787878788,0.21196292430011338
8,0.03,10,100,400,8.0,0.5856349206349206,3.812121212121212,0.25033743957894816
8,0.03,11,100,400,8.0,0.5728730158730159,3.9046464646464645,0.2168890567351735
8,0.03,12,100,400,8.0,0.6111507936507937,4.1725252525252525,0.18485560766406775
8,0.03,13,100,400,8.0,0.5688412698412698,3.726060606060606,0.23330865713571575
8,0.03,14,100,400,8.0,0.5921825396825396,3.77010101010101,0.23283915402224664
8,0.03,15,100,400,8.0,0.5843412698412699,3.7325252525252526,0.2757900516770174
8,0.03,16,100,400,8.0,0.5779285714285715,3.748080808080808,0.2055001795553627
8,0.03,17,100,400,8.0,0.583031746031746,3.6074747474747473,0.26289098143096457
8,0.03,18,100,400,8.0,0.5919206349206348,3.955959595959596,0.21968459212471952
8,0.03,19,100,400,8.0,0.5684285714285714,3.8864646464646464,0.18321859435662047
8,0.03,20,100,400,8.0,0.6102777777777778,4.224040404040404,0.17590235986820207
8,0.03,21,100,400,8.0,0.5807619047619048,3.743030303030303,0.2546513813815683
8,0.03,22,100,400,8.0,0.6002857142857143,3.9226262626262627,0.20957229603399852
8,0.03,23,100,400,8.0,0.6048888888888889,4.174545454545455,0.20981951216030648
8,0.03,24,100,400,8.0,0.5845396825396826,3.707878787878788,0.2583325675773072
8,0.03,25,100,400,8.0,0.5757777777777777,3.64,0.23709935528058276
8,0.03,26,100,400,8.0,0.5952380952380952,3.954747474747475,0.20413371122121737
8,0.03,27,100,400,8.0,0.5873809523809524,3.892929292929293,0.2381196635179347
8,0.03,28,100,400,8.0,0.5986507936507937,3.8997979797979796,0.21767994154285017
8,0.03,29,100,400,8.0,0.5953174603174604,3.813939393939394,0.24389209101180254
8,0.05,0,100,400,8.0,0.5486782106782107,3.4113131313131313,0.34451728707381335
8,0.05,1,100,400,8.0,0.5645555555555556,3.4945454545454546,0.35972379045301484
8,0.05,2,100,400,8.0,0.5476507936507936,3.4260606060606063,0.35684531441583006
8,0.05,3,100,400,8.0,0.5793253968253969,3.681212121212121,0.29010940782775896
8,0.05,4,100,400,8.0,0.5324285714285714,3.241010101010101,0.4588077860348156
8,0.05,5,100,400,8.0,0.5564285714285714,3.3713131313131313,0.36698784667713447
8,0.05,6,100,400,8.0,0.5169314574314574,3.213131313131313,0.39866486793910755
8,0.05,7,100,400,8.0,0.5636507936507936,3.395959595959596,0.3766026253187451
8,0.05,8,100,400,8.0,0.5251349206349206,3.2674747474747474,0.40831010492757364
8,0.05,9,100,400,8.0,0.5665396825396826,3.623030303030303,0.273711627694991
8,0.05,10,100,400,8.0,0.5346190476190477,3.32020202020202,0.345255821765727
8,0.05,11,100,400,8.0,0.5615396825396826,3.4832323232323232,0.274209079987303
8,0.05,12,100,400,8.0,0.5448412698412698,3.3319191919191917,0.35006603517282087
8,0.05,13,100,400,8.0,0.5545793650793651,3.3646464646464644,0.3693956399914611
8,0.05,14,100,400,8.0,0.5359047619047619,3.3147474747474748,0.4684010931476744
8,0.05,15,100,400,8.0,0.5301825396825397,3.1987878787878787,0.4277930816776766
8,0.05,16,100,400,8.0,0.559495670995671,3.378989898989899,0.4004250078970044
8,0.05,17,100,400,8.0,0.5308275613275613,3.2418181818181817,0.4530160345270492
8,0.05,18,100,400,8.0,0.5721031746031746,3.5002020202020203,0.3378284680408886
8,0.05,19,100,400,8.0,0.5442063492063491,3.2806060606060607,0.4535790772383701
8,0.05,20,100,400,8.0,0.5891666666666666,3.714141414141414,0.31146376537544757
8,0.05,21,100,400,8.0,0.5343968253968253,3.332121212121212,0.42846080162108374
8,0.05,22,100,400,8.0,0.5400952380952381,3.305858585858586,0.4125474761076965
8,0.05,23,100,400,8.0,0.5624444444444445,3.5286868686868686,0.34904851535282133
8,0.05,24,100,400,8.0,0.5697539682539683,3.6153535353535355,0.3237987192741645
8,0.05,25,100,400,8.0,0.5858730158730159,3.833939393939394,0.22794199422683573
8,0.05,26,100,400,8.0,0.5458730158730158,3.470707070707071,0.2854320069943993
8,0.05,27,100,400,8.0,0.5696190476190476,3.42989898989899,0.334477311493382
8,0.05,28,100,400,8.0,0.5488650793650793,3.474141414141414,0.31469695555625227
8,0.05,29,100,400,8.0,0.5884126984126984,3.6858585858585857,0.28054559680293345
8,0.1,0,100,400,8.0,0.4602922077922078,2.9793939393939395,0.7023230075267624
8,0.1,1,100,400,8.0,0.5012301587301587,3.1333333333333333,0.5380464912578148
8,0.1,2,100,400,8.0,0.48679725829725823,2.9753535353535354,0.6922733943153104
8,0.1,3,100,400,8.0,0.48984920634920637,3.0303030303030303,0.6447132740220359
8,0.1,4,100,400,8.0,0.464023088023088,2.9494949494949494,0.6890378799000871
8,0.1,5,100,400,8.0,0.519,3.1880808080808083,0.43650110392121644
8,0.1,6,100,400,8.0,0.4407857142857143,2.845858585858586,0.8711450038026771
8,0.1,7,100,400,8.0,0.5052619047619048,3.063838383838384,0.6550818812510758
8,0.1,8,100,400,8.0,0.4682539682539682,3.0323232323232325,0.6075352147275332
8,0.1,9,100,400,8.0,0.4431067821067821,2.958181818181818,0.7293393206754872
8,0.1,10,100,400,8.0,0.5057142857142857,3.074949494949495,0.6011746647546423
8,0.1,11,100,400,8.0,0.49088095238095236,3.111919191919192,0.45383557054600987
8,0.1,12,100,400,8.0,0.4736587301587301,3.0672727272727274,0.5192536431605042
8,0.1,13,100,400,8.0,0.4543888888888889,2.9735353535353535,0.652605173237099
8,0.1,14,100,400,8.0,0.48868253968253966,3.0650505050505052,0.5004748900252958
8,0.1,15,100,400,8.0,0.4805714285714286,2.99959595959596,0.597592206794992
8,0.1,16,100,400,8.0,0.4928492063492063,3.012121212121212,0.6047844581459452
8,0.1,17,100,400,8.0,0.47784126984126984,3.1672727272727275,0.4419462619676082
8,0.1,18,100,400,8.0,0.46455555555555555,3.0391919191919192,0.5149279141903067
8,0.1,19,100,400,8.0,0.4668174603174603,3.0125252525252524,0.6027813688622667
8,0.1,20,100,400,8.0,0.4896269841269841,3.048888888888889,0.6381059080168682
8,0.1,21,100,400,8.0,0.47855050505050506,2.994747474747475,0.5708837226535545
8,0.1,22,100,400,8.0,0.45774675324675324,2.945858585858586,0.6727879545753612
8,0.1,23,100,400,8.0,0.4838174603174603,3.0521212121212122,0.6287834553543714
8,0.1,24,100,400,8.0,0.4914408369408369,3.1121212121212123,0.5313326352399761
8,0.1,25,100,400,8.0,0.48339682539682544,3.1646464646464647,0.481931362006013
8,0.1,26,100,400,8.0,0.44878643578643573,2.9925252525252524,0.4931062005211349
8,0.1,27,100,400,8.0,0.47424891774891775,3.0472727272727274,0.6806129811305037
8,0.1,28,100,400,8.0,0.4623239538239538,2.9967676767676767,0.6723121856060984
8,0.1,29,100,400,8.0,0.44236507936507935,2.9331313131313133,0.7136515527966114
8,0.2,0,100,400,8.0,0.3458145743145743,2.732727272727273,1.1509845532717071
8,0.2,1,100,400,8.0,0.3193066378066378,2.6535353535353536,1.3309396079225757
8,0.2,2,100,400,8.0,0.3698968253968254,2.735959595959596,1.1216552094179013
8,0.2,3,100,400,8.0,0.35205772005772007,2.715959595959596,1.1042260547596514
8,0.2,4,100,400,8.0,0.39776190476190476,2.843838383838384,0.7261688002652251
8,0.2,5,100,400,8.0,0.3286399711399712,2.725050505050505,1.1017176386747203
8,0.2,6,100,400,8.0,0.3541565656565656,2.750909090909091,1.0184607217755013
8,0.2,7,100,400,8.0,0.40171212121212124,2.8430303030303032,0.8312478850695988
8,0.2,8,100,400,8.0,0.41988816738816737,2.8785858585858586,0.8303818415653947
8,0.2,9,100,400,8.0,0.3292979797979798,2.7026262626262625,1.165595494677479
8,0.2,10,100,400,8.0,0.3511774891774892,2.716969696969697,1.068400253528841
8,0.2,11,100,400,8.0,0.37437878787878787,2.7755555555555556,0.9350307382076337
8,0.2,12,100,400,8.0,0.3408340548340549,2.7195959595959596,1.1363035012345462
8,0.2,13,100,400,8.0,0.36992640692640694,2.741212121212121,1.0398537819141438
8,0.2,14,100,400,8.0,0.391031746031746,2.768686868686869,1.178270880559408
8,0.2,15,100,400,8.0,0.3067077922077922,2.655353535353535,1.5028780966734225
8,0.2,16,100,400,8.0,0.34185642135642136,2.70020202020202,1.2457815951232014
8,0.2,17,100,400,8.0,0.36784271284271286,2.7204040404040404,1.1628075809517053
8,0.2,18,100,400,8.0,0.3119033189033189,2.6676767676767676,1.3013169046793562
8,0.2,19,100,400,8.0,0.34080952380952384,2.6975757575757577,1.2491346275049005
8,0.2,20,100,400,8.0,0.3302402597402597,2.6981818181818182,1.221079153659982
8,0.2,21,100,400,8.0,0.37026118326118324,2.7452525252525253,1.0453706863509649
8,0.2,22,100,400,8.0,0.33109668109668106,2.7024242424242426,1.1959134403415443
8,0.2,23,100,400,8.0,0.3272987012987013,2.655959595959596,1.3639151312601834
8,0.2,24,100,400,8.0,0.3679978354978355,2.767878787878788,1.0850511532298976
8,0.2,25,100,400,8.0,0.3510079365079365,2.7365656565656566,0.9526976239391223
8,0.2,26,100,400,8.0,0.3163174603174603,2.6765656565656566,1.3686642953311932
8,0.2,27,100,400,8.0,0.36685192585192583,2.7765656565656567,0.8525466995232698
8,0.2,28,100,400,8.0,0.42089105339105337,2.8486868686868685,0.8051851748401792
8,0.2,29,100,400,8.0,0.3488008658008658,2.7181818181818183,1.1135503129440905
8,0.3,0,100,400,8.0,0.2712200577200577,2.648282828282828,1.223032608339679
8,0.3,1,100,400,8.0,0.2278203463203463,2.5765656565656565,1.6715235988296475
8,0.3,2,100,400,8.0,0.24723304473304475,2.5816161616161617,1.7817416657922818
8,0.3,3,100,400,8.0,0.29514141414141415,2.6387878787878787,1.4286454280036711
8,0.3,4,100,400,8.0,0.2877799422799423,2.6347474747474746,1.2641134003449757
8,0.3,5,100,400,8.0,0.2563874458874459,2.606060606060606,1.6312460531581354
8,0.3,6,100,400,8.0,0.2910721500721501,2.6058585858585857,1.3798561799119478
8,0.3,7,100,400,8.0,0.2283932178932179,2.557979797979798,1.7843197382099287
8,0.3,8,100,400,8.0,0.27594588744588744,2.6016161616161617,1.5644049334707346
8,0.3,9,100,400,8.0,0.2651305916305916,2.595151515151515,1.400429818012123
8,0.3,10,100,400,8.0,0.2784025974025974,2.5925252525252525,1.4248692012095017
8,0.3,11,100,400,8.0,0.25523953823953827,2.573131313131313,1.6508327724000664
8,0.3,12,100,400,8.0,0.2433152958152958,2.5850505050505053,1.722155610697069
8,0.3,13,100,400,8.0,0.28146176046176047,2.6183838383838385,1.3719099358288267
8,0.3,14,100,400,8.0,0.28519347319347316,2.6163636363636362,1.4455354239001814
8,0.3,15,100,400,8.0,0.2602366522366522,2.6014141414141414,1.4839843797003895
8,0.3,16,100,400,8.0,0.2911738816738817,2.6361616161616164,1.4276078963329812
8,0.3,17,100,400,8.0,0.24517460317460316,2.5915151515151513,1.5127265147335451
8,0.3,18,100,400,8.0,0.26932700632700635,2.596969696969697,1.474521037216939
8,0.3,19,100,400,8.0,0.2701349206349206,2.5927272727272728,1.4737513656903731
8,0.3,20,100,400,8.0,0.29708802308802307,2.6218181818181816,1.423722346932596
8,0.3,21,100,400,8.0,0.2927005772005772,2.660808080808081,1.364248875506683
8,0.3,22,100,400,8.0,0.23997619047619045,2.5636363636363635,1.6783623874934184
8,0.3,23,100,400,8.0,0.24703968253968253,2.5814141414141414,1.6419574112112048
8,0.3,24,100,400,8.0,0.27144660894660894,2.6076767676767676,1.4661947048810386
8,0.3,25,100,400,8.0,0.24602164502164503,2.618989898989899,1.435417930736144
8,0.3,26,100,400,8.0,0.26289682539682535,2.6094949494949495,1.4862268006421824
8,0.3,27,100,400,8.0,0.2568506493506494,2.5894949494949495,1.46514858363608
8,0.3,28,100,400,8.0,0.279503885003885,2.6117171717171717,1.6017933825120543
8,0.3,29,100,400,8.0,0.30205772005772,2.6391919191919193,1.2513262488065429
8,0.4,0,100,400,8.0,0.19304040404040404,2.532121212121212,1.7306047121850303
8,0.4,1,100,400,8.0,0.23826190476190476,2.5676767676767676,1.769708019880933
8,0.4,2,100,400,8.0,0.17712570762570765,2.521010101010101,1.9433126932224631
8,0.4,3,100,400,8.0,0.18458152958152957,2.507878787878788,1.9296884546522697
8,0.4,4,100,400,8.0,0.20695021645021644,2.5355555555555553,2.017749372779554
8,0.4,5,100,400,8.0,0.18625974025974024,2.513737373737374,2.084541161833963
8,0.4,6,100,400,8.0,0.20617893217893218,2.514949494949495,1.9133830552743236
8,0.4,7,100,400,8.0,0.20092690642690642,2.5315151515151517,1.8827636654640467
8,0.4,8,100,400,8.0,0.1962215007215007,2.5109090909090908,2.0012630215084335
8,0.4,9,100,400,8.0,0.1952112887112887,2.5206060606060605,1.7560740795839347
8,0.4,10,100,400,8.0,0.17417171717171714,2.5028282828282826,2.0409416223799304
8,0.4,11,100,400,8.0,0.18845404595404594,2.521212121212121,1.9900766234440883
8,0.4,12,100,400,8.0,0.1917936507936508,2.49959595959596,2.1599617927460875
8,0.4,13,100,400,8.0,0.16346991896991894,2.5072727272727273,1.9599483881304363
8,0.4,14,100,400,8.0,0.19565079365079363,2.5244444444444443,1.6910872040174074
8,0.4,15,100,400,8.0,0.1561259851259851,2.485252525252525,2.045885556595695
8,0.4,16,100,400,8.0,0.17383910533910535,2.501818181818182,2.086573912312241
8,0.4,17,100,400,8.0,0.18003607503607505,2.517777777777778,2.0422580199642533
8,0.4,18,100,400,8.0,0.21519191919191918,2.5315151515151517,1.8182588902870205
8,0.4,19,100,400,8.0,0.19942640692640695,2.506060606060606,1.9881270363095933
8,0.4,20,100,400,8.0,0.18626190476190477,2.5038383838383838,1.9551711447940057
8,0.4,21,100,400,8.0,0.19687806637806637,2.5228282828282826,2.014884781750352
8,0.4,22,100,400,8.0,0.1759169719169719,2.5024242424242424,2.2553446219931543
8,0.4,23,100,400,8.0,0.1504108669108669,2.471919191919192,2.1464368214212635
8,0.4,24,100,400,8.0,0.19812759462759463,2.533939393939394,1.822535745453118
8,0.4,25,100,400,8.0,0.17325180375180374,2.5002020202020203,2.085074176119276
8,0.4,26,100,400,8.0,0.17362987012987013,2.508080808080808,1.9754374928150895
8,0.4,27,100,400,8.0,0.15218614718614717,2.477777777777778,2.063797563269648
8,0.4,28,100,400,8.0,0.18465656565656566,2.521010101010101,1.914856032535684
8,0.4,29,100,400,8.0,0.1707068487068487,2.486262626262626,1.9907114198147424
8,0.5,0,100,400,8.0,0.1435050505050505,2.455151515151515,2.4471723857582384
8,0.5,1,100,400,8.0,0.13413369963369962,2.4593939393939395,2.3349054730577623
8,0.5,2,100,400,8.0,0.11702419802419803,2.458181818181818,2.272559133706594
8,0.5,3,100,400,8.0,0.15135697635697634,2.4761616161616162,2.2114942416599885
8,0.5,4,100,400,8.0,0.11657997557997557,2.4446464646464645,2.663190103285375
8,0.5,5,100,400,8.0,0.13428288378288378,2.4525252525252523,2.398321240186136
8,0.5,6,100,400,8.0,0.13722294372294372,2.4593939393939395,2.4618524025881934
8,0.5,7,100,400,8.0,0.13477489177489177,2.4771717171717174,2.2409617885165023
8,0.5,8,100,400,8.0,0.14755927405927405,2.468080808080808,2.455309679758185
8,0.5,9,100,400,8.0,0.12147274947274948,2.4496969696969697,2.4457395302942873
8,0.5,10,100,400,8.0,0.12348934398934398,2.456161616161616,2.321866049722748
8,0.5,11,100,400,8.0,0.1198946608946609,2.458181818181818,2.2393119118229263
8,0.5,12,100,400,8.0,0.12439538239538239,2.459191919191919,2.4257239405585214
8,0.5,13,100,400,8.0,0.1219891774891775,2.4383838383838383,2.536789215699598
8,0.5,14,100,400,8.0,0.1405082695082695,2.452121212121212,2.3158489953547168
8,0.5,15,100,400,8.0,0.12869425019425018,2.4565656565656564,2.482621994477854
8,0.5,16,100,400,8.0,0.11014319014319014,2.441818181818182,2.3912569798862426
8,0.5,17,100,400,8.0,0.12526551226551227,2.4644444444444447,2.281156748657037
8,0.5,18,100,400,8.0,0.1125086025086025,2.4496969696969697,2.461006174482294
8,0.5,19,100,400,8.0,0.14245382395382394,2.4668686868686867,2.2284809705124253
8,0.5,20,100,400,8.0,0.12069713619713619,2.4602020202020203,2.2888118883492585
8,0.5,21,100,400,8.0,0.17013780663780664,2.5084848484848483,2.1155400565888804
8,0.5,22,100,400,8.0,0.17417371517371516,2.491111111111111,2.002369122753871
8,0.5,23,100,400,8.0,0.13607792207792208,2.459191919191919,2.0552106048030474
8,0.5,24,100,400,8.0,0.14872222222222223,2.4684848484848483,2.2245149499374026
8,0.5,25,100,400,8.0,0.13664613164613165,2.4735353535353535,2.281712420574473
8,0.5,26,100,400,8.0,0.1256867021867022,2.4585858585858587,2.384895496493293
8,0.5,27,100,400,8.0,0.1442242202242202,2.4743434343434343,2.198283450943995
8,0.5,28,100,400,8.0,0.1362899877899878,2.4525252525252523,2.380453231154462
8,0.5,29,100,400,8.0,0.11195382395382396,2.4478787878787878,2.610462430303234
8,0.7,0,100,400,8.0,0.07255344655344655,2.4305050505050505,2.727993720483351
8,0.7,1,100,400,8.0,0.08605033855033854,2.4246464646464645,2.7471299170969345
8,0.7,2,100,400,8.0,0.07767310467310468,2.425858585858586,2.6654584749864183
8,0.7,3,100,400,8.0,0.07613924963924963,2.413939393939394,2.844065590096505
8,0.7,4,100,400,8.0,0.07026379176379177,2.4082828282828284,2.742182164077589
8,0.7,5,100,400,8.0,0.08680735930735932,2.421010101010101,2.5903701553015877
8,0.7,6,100,400,8.0,0.07472577422577423,2.4197979797979796,2.798319323165611
8,0.7,7,100,400,8.0,0.08360528360528359,2.432121212121212,2.797798140475224
8,0.7,8,100,400,8.0,0.08335281385281386,2.418787878787879,2.7752180973731377
8,0.7,9,100,400,8.0,0.08675563325563326,2.4206060606060604,2.5771850718393554
8,0.7,10,100,400,8.0,0.0881044511044511,2.4256565656565656,2.5581895856899646
8,0.7,11,100,400,8.0,0.08331601731601732,2.4246464646464645,2.6956342853303576
8,0.7,12,100,400,8.0,0.05525557775557775,2.4064646464646464,2.7892097918717536
8,0.7,13,100,400,8.0,0.063506549006549,2.408080808080808,2.65078749711501
8,0.7,14,100,400,8.0,0.08501576201576201,2.418181818181818,2.5913592364727265
8,0.7,15,100,400,8.0,0.07117604617604617,2.4165656565656564,2.591812862037862
8,0.7,16,100,400,8.0,0.0956124431124431,2.4193939393939394,2.4837596030469644
8,0.7,17,100,400,8.0,0.08291896991896992,2.4208080808080807,2.6606796799149923
8,0.7,18,100,400,8.0,0.08765867465867466,2.4242424242424243,2.7113701666435954
8,0.7,19,100,400,8.0,0.07594466644466644,2.4242424242424243,2.742741871671003
8,0.7,20,100,400,8.0,0.07833694083694083,2.422222222222222,2.493843144293914
8,0.7,21,100,400,8.0,0.08406998556998557,2.432929292929293,2.558953766358373
8,0.7,22,100,400,8.0,0.09404417804417804,2.4292929292929295,2.593110134861034
8,0.7,23,100,400,8.0,0.07165656565656565,2.4185858585858586,2.7998546657868353
8,0.7,24,100,400,8.0,0.07835930735930735,2.422828282828283,2.641813113735586
8,0.7,25,100,400,8.0,0.08736657786657787,2.412929292929293,2.6592444715932086
8,0.7,26,100,400,8.0,0.08482173382173382,2.414747474747475,2.8441129902507964
8,0.7,27,100,400,8.0,0.07649333999333999,2.4244444444444446,2.5733442650066594
8,0.7,28,100,400,8.0,0.07463377472201001,2.418989898989899,2.55375840724097
8,0.7,29,100,400,8.0,0.07642357642357642,2.4185858585858586,2.6194206584375865
8,0.9,0,100,400,8.0,0.08204395604395603,2.4042424242424243,2.798469983743204
8,0.9,1,100,400,8.0,0.07315151515151515,2.4202020202020202,2.8036457254614944
8,0.9,2,100,400,8.0,0.06876523476523476,2.423030303030303,2.4849813239158705
8,0.9,3,100,400,8.0,0.06092590742590742,2.4101010101010103,2.8082285071085438
8,0.9,4,100,400,8.0,0.06355666555666556,2.406262626262626,2.8838637467187773
8,0.9,5,100,400,8.0,0.07177994227994228,2.430707070707071,2.5664274606820787
8,0.9,6,100,400,8.0,0.08377378177378177,2.417777777777778,2.587781152986743
8,0.9,7,100,400,8.0,0.0672998667998668,2.4137373737373737,2.6764125255191287
8,0.9,8,100,400,8.0,0.07958408258408257,2.4165656565656564,2.6438863718113312
8,0.9,9,100,400,8.0,0.07381501831501831,2.4163636363636365,2.827386008296045
8,0.9,10,100,400,8.0,0.0628050838050838,2.415151515151515,2.6174898155722044
8,0.9,11,100,400,8.0,0.060019480519480514,2.4101010101010103,2.591208701714723
8,0.9,12,100,400,8.0,0.08851831501831502,2.430909090909091,2.6154119179536734
8,0.9,13,100,400,8.0,0.07167621267621267,2.4202020202020202,2.6284223247554492
8,0.9,14,100,400,8.0,0.07463109113109112,2.4135353535353534,2.5974058268941937
8,0.9,15,100,400,8.0,0.0622959262959263,2.414141414141414,2.843975559876879
8,0.9,16,100,400,8.0,0.08321428571428571,2.427676767676768,2.6071018865564985
8,0.9,17,100,400,8.0,0.06768808968808969,2.4072727272727272,2.78069950367669
8,0.9,18,100,400,8.0,0.0666008436008436,2.4052525252525254,2.5805662687664097
8,0.9,19,100,400,8.0,0.06083993783993784,2.4014141414141412,2.8069137785001663
8,0.9,20,100,400,8.0,0.08466350316350317,2.417373737373737,2.460841962716459
8,0.9,21,100,400,8.0,0.06834099234099235,2.406868686868687,2.671703024484901
8,0.9,22,100,400,8.0,0.07811105561105561,2.418787878787879,2.764854623539807
8,0.9,23,100,400,8.0,0.065999888999889,2.423030303030303,2.7472229825882524
8,0.9,24,100,400,8.0,0.06783838383838384,2.418181818181818,2.545128474141375
8,0.9,25,100,400,8.0,0.07403219003219003,2.417777777777778,2.641377093714798
8,0.9,26,100,400,8.0,0.0788006993006993,2.4244444444444446,2.758001941856516
8,0.9,27,100,400,8.0,0.07777122877122877,2.413939393939394,2.6994761793140882
8,0.9,28,100,400,8.0,0.06592030192030192,2.4153535353535354,2.7278223208198455
8,0.9,29,100,400,8.0,0.0750040515040515,2.4074747474747475,2.7006617317003205
8,1.0,0,100,400,8.0,0.08761482961482962,2.415151515151515,2.7650235785061152
8,1.0,1,100,400,8.0,0.06823476523476522,2.410909090909091,2.6522817998969637
8,1.0,2,100,400,8.0,0.05083261183261183,2.406868686868687,2.8547992139246134
8,1.0,3,100,400,8.0,0.06948346098346098,2.413939393939394,2.6220144017587783
8,1.0,4,100,400,8.0,0.06678210678210678,2.424040404040404,2.6026673807929033
8,1.0,5,100,400,8.0,0.06579348429348429,2.427676767676768,2.5254121109091763
8,1.0,6,100,400,8.0,0.06975857475857476,2.4153535353535354,2.4892555043948517
8,1.0,7,100,400,8.0,0.08990492840492839,2.421818181818182,2.5007560431148512
8,1.0,8,100,400,8.0,0.07342601842601842,2.4092929292929295,2.596376523295454
8,1.0,9,100,400,8.0,0.06136796536796536,2.411717171717172,2.7838534576599714
8,1.0,10,100,400,8.0,0.08592451992451994,2.426262626262626,2.7088854530916504
8,1.0,11,100,400,8.0,0.07785631035631035,2.4133333333333336,2.800368812475206
8,1.0,12,100,400,8.0,0.0824045954045954,2.421818181818182,2.547096644456575
8,1.0,13,100,400,8.0,0.06906998556998557,2.418787878787879,2.7171830359038887
8,1.0,14,100,400,8.0,0.07873870573870573,2.4214141414141412,2.737102513948264
8,1.0,15,100,400,8.0,0.0718043068043068,2.411919191919192,2.6737137211017075
8,1.0,16,100,400,8.0,0.0703982683982684,2.421818181818182,2.672213743431883
8,1.0,17,100,400,8.0,0.06871844821844822,2.4064646464646464,2.6205125744129285
8,1.0,18,100,400,8.0,0.0760097125097125,2.417373737373737,2.867663012709864
8,1.0,19,100,400,8.0,0.051353979353979354,2.428888888888889,2.6380808717421314
8,1.0,20,100,400,8.0,0.04935986235986236,2.401818181818182,2.6894334828199646
8,1.0,21,100,400,8.0,0.07124614274614274,2.4266666666666667,2.6291041019391117
8,1.0,22,100,400,8.0,0.08677128427128426,2.423232323232323,2.6542968633077058
8,1.0,23,100,400,8.0,0.08055450105450106,2.4274747474747476,2.690599249873161
8,1.0,24,100,400,8.0,0.07715007215007215,2.419191919191919,2.6584437064959525
8,1.0,25,100,400,8.0,0.06886796536796537,2.418989898989899,2.661139050107095
8,1.0,26,100,400,8.0,0.07338367188367188,2.424848484848485,2.6395746392053074
8,1.0,27,100,400,8.0,0.07636868686868686,2.424040404040404,2.6496549677943957
8,1.0,28,100,400,8.0,0.07707681207681208,2.4101010101010103,2.5951561951557203
8,1.0,29,100,400,8.0,0.06975790875790876,2.422828282828283,2.736384708627026
10,0.0,0,100,500,10.0,0.6666666666666665,5.454545454545454,0.21586328420955797
10,0.0,1,100,500,10.0,0.6666666666666665,5.454545454545454,0.21586328420955797
10,0.0,2,100,500,10.0,0.6666666666666665,5.454545454545454,0.21586328420955797
10,0.0,3,100,500,10.0,0.6666666666666665,5.454545454545454,0.21586328420955797
10,0.0,4,100,500,10.0,0.6666666666666665,5.454545454545454,0.21586328420955797
10,0.0,5,100,500,10.0,0.6666666666666665,5.454545454545454,0.21586328420955797
10,0.0,6,100,500,10.0,0.6666666666666665,5.454545454545454,0.21586328420955797
10,0.0,7,100,500,10.0,0.6666666666666665,5.454545454545454,0.21586328420955797
10,0.0,8,100,500,10.0,0.6666666666666665,5.454545454545454,0.21586328420955797
10,0.0,9,100,500,10.0,0.6666666666666665,5.454545454545454,0.21586328420955797
10,0.0,10,100,500,10.0,0.6666666666666665,5.454545454545454,0.21586328420955797
10,0.0,11,100,500,10.0,0.6666666666666665,5.454545454545454,0.21586328420955797
10,0.0,12,100,500,10.0,0.6666666666666665,5.454545454545454,0.21586328420955797
10,0.0,13,100,500,10.0,0.6666666666666665,5.454545454545454,0.21586328420955797
10,0.0,14,100,500,10.0,0.6666666666666665,5.454545454545454,0.21586328420955797
10,0.0,15,100,500,10.0,0.6666666666666665,5.454545454545454,0.21586328420955797
10,0.0,16,100,500,10.0,0.6666666666666665,5.454545454545454,0.21586328420955797
10,0.0,17,100,500,10.0,0.6666666666666665,5.454545454545454,0.21586328420955797
10,0.0,18,100,500,10.0,0.6666666666666665,5.454545454545454,0.21586328420955797
10,0.0,19,100,500,10.0,0.6666666666666665,5.454545454545454,0.21586328420955797
10,0.0,20,100,500,10.0,0.6666666666666665,5.454545454545454,0.21586328420955797
10,0.0,21,100,500,10.0,0.6666666666666665,5.454545454545454,0.21586328420955797
10,0.0,22,100,500,10.0,0.6666666666666665,5.454545454545454,0.21586328420955797
10,0.0,23,100,500,10.0,0.6666666666666665,5.454545454545454,0.21586328420955797
10,0.0,24,100,500,10.0,0.6666666666666665,5.454545454545454,0.21586328420955797
10,0.0,25,100,500,10.0,0.6666666666666665,5.454545454545454,0.21586328420955797
10,0.0,26,100,500,10.0,0.6666666666666665,5.454545454545454,0.21586328420955797
10,0.0,27,100,500,10.0,0.6666666666666665,5.454545454545454,0.21586328420955797
10,0.0,28,100,500,10.0,0.6666666666666665,5.454545454545454,0.21586328420955797
10,0.0,29,100,500,10.0,0.6666666666666665,5.454545454545454,0.21586328420955797
10,0.01,0,100,500,10.0,0.64660101010101,3.6355555555555554,0.2893917204551926
10,0.01,1,100,500,10.0,0.6398686868686869,3.7608080808080806,0.26067138620991315
10,0.01,2,100,500,10.0,0.6471616161616162,3.8135353535353533,0.30377249933582673
10,0.01,3,100,500,10.0,0.6501464646464646,4.241818181818182,0.22300490044051585
10,0.01,4,100,500,10.0,0.6329444444444444,3.7476767676767677,0.2828962534953355
10,0.01,5,100,500,10.0,0.643550505050505,3.694949494949495,0.3000167937290913
10,0.01,6,100,500,10.0,0.658489898989899,4.494141414141414,0.21403745507847524
10,0.01,7,100,500,10.0,0.6416111111111111,3.716767676767677,0.2961932384782861
10,0.01,8,100,500,10.0,0.6627626262626262,4.805050505050505,0.21569641658412625
10,0.01,9,100,500,10.0,0.6483383838383838,3.9517171717171715,0.23724985294240167
10,0.01,10,100,500,10.0,0.6532525252525252,4.14040404040404,0.26631962293921274
10,0.01,11,100,500,10.0,0.6448585858585858,3.912929292929293,0.27613271706781134
10,0.01,12,100,500,10.0,0.645090909090909,3.793939393939394,0.2765875273184154
10,0.01,13,100,500,10.0,0.6285252525252525,3.3846464646464645,0.31629329499324177
10,0.01,14,100,500,10.0,0.6539191919191919,4.253535353535353,0.2346283647767853
10,0.01,15,100,500,10.0,0.6480230880230881,3.661212121212121,0.28046652163749564
10,0.01,16,100,500,10.0,0.624562049062049,3.402222222222222,0.3670891191048514
10,0.01,17,100,500,10.0,0.649570707070707,3.8696969696969696,0.262960631403118
10,0.01,18,100,500,10.0,0.6502222222222223,4.41030303030303,0.21985047144688008
10,0.01,19,100,500,10.0,0.6613434343434343,4.9375757575757575,0.21581799044951505
10,0.01,20,100,500,10.0,0.6535858585858585,4.1896969696969695,0.2613655470381749
10,0.01,21,100,500,10.0,0.6401666666666667,3.5656565656565657,0.28936847498338636
10,0.01,22,100,500,10.0,0.6407121212121212,3.755959595959596,0.2956528940224671
10,0.01,23,100,500,10.0,0.6585858585858585,4.115555555555556,0.2378290951196797
10,0.01,24,100,500,10.0,0.6422171717171717,3.8466666666666667,0.27989268666990225
10,0.01,25,100,500,10.0,0.6614141414141415,5.049292929292929,0.21604107078080048
10,0.01,26,100,500,10.0,0.6310252525252525,3.4644444444444447,0.3337310021088625
10,0.01,27,100,500,10.0,0.6472979797979798,4.0907070707070705,0.2748507202470375
10,0.01,28,100,500,10.0,0.6457979797979797,3.7836363636363637,0.2835390799085984
10,0.01,29,100,500,10.0,0.6394696969696969,3.6385858585858584,0.30761899239913787
10,0.03,0,100,500,10.0,0.6342792207792207,3.4915151515151517,0.32617760352341957
10,0.03,1,100,500,10.0,0.6100909090909091,3.326060606060606,0.3855841825892995
10,0.03,2,100,500,10.0,0.6092373737373737,3.26020202020202,0.4114356432356777
10,0.03,3,100,500,10.0,0.6034949494949494,3.1216161616161617,0.4833318182307973
10,0.03,4,100,500,10.0,0.5943636363636364,3.214141414141414,0.42338622796241665
10,0.03,5,100,500,10.0,0.5997135642135641,3.0387878787878786,0.4709116386389892
10,0.03,6,100,500,10.0,0.6175151515151515,3.4014141414141412,0.3657486622348889
10,0.03,7,100,500,10.0,0.6159227994227995,3.2393939393939393,0.4501054132329696
10,0.03,8,100,500,10.0,0.6267222222222223,3.237171717171717,0.4183627411867914
10,0.03,9,100,500,10.0,0.6218888888888889,3.405050505050505,0.35303014521963605
10,0.03,10,100,500,10.0,0.6238448773448774,3.471919191919192,0.3358878759247661
10,0.03,11,100,500,10.0,0.5818333333333333,3.0187878787878786,0.46416611004520647
10,0.03,12,100,500,10.0,0.6197373737373737,3.2151515151515153,0.4346901080203887
10,0.03,13,100,500,10.0,0.6375064935064935,3.5573737373737373,0.3065585367923114
10,0.03,14,100,500,10.0,0.6290707070707071,3.412929292929293,0.34335617895482895
10,0.03,15,100,500,10.0,0.6089696969696969,3.109292929292929,0.45701444486805676
10,0.03,16,100,500,10.0,0.6297525252525252,3.4705050505050505,0.3212897210958734
10,0.03,17,100,500,10.0,0.5943080808080807,3.1303030303030304,0.4542886882147452
10,0.03,18,100,500,10.0,0.6212323232323232,3.454141414141414,0.32081749731088194
10,0.03,19,100,500,10.0,0.6055144300144301,3.118989898989899,0.41633641178879127
10,0.03,20,100,500,10.0,0.6062243867243867,3.214141414141414,0.42691236850922093
10,0.03,21,100,500,10.0,0.6417121212121212,3.563030303030303,0.3193177554608623
10,0.03,22,100,500,10.0,0.611994227994228,3.3371717171717172,0.3483994587483812
10,0.03,23,100,500,10.0,0.6047077922077922,3.147878787878788,0.39904874017189085
10,0.03,24,100,500,10.0,0.6086479076479077,3.2096969696969695,0.3956585403125946
10,0.03,25,100,500,10.0,0.6190209235209235,3.225050505050505,0.40250788240017477
10,0.03,26,100,500,10.0,0.6284090909090909,3.5424242424242425,0.32954815476374344
10,0.03,27,100,500,10.0,0.6202121212121212,3.346060606060606,0.36091844615151125
10,0.03,28,100,500,10.0,0.5916976911976912,3.1545454545454548,0.42132049326529997
10,0.03,29,100,500,10.0,0.6185959595959596,3.3286868686868685,0.40828683009523153
10,0.05,0,100,500,10.0,0.5786203241203242,3.067070707070707,0.41658148974952625
10,0.05,1,100,500,10.0,0.5802696747696747,2.9597979797979797,0.5495851696453891
10,0.05,2,100,500,10.0,0.6116565656565657,3.134949494949495,0.45259530644593415
10,0.05,3,100,500,10.0,0.5610541125541125,2.992121212121212,0.5205420691022098
10,0.05,4,100,500,10.0,0.5723023088023088,3.064040404040404,0.4966275578533307
10,0.05,5,100,500,10.0,0.5682979797979798,2.9925252525252524,0.5112947177829446
10,0.05,6,100,500,10.0,0.6013080808080808,3.0323232323232325,0.561700655906445
10,0.05,7,100,500,10.0,0.5829213564213565,2.973939393939394,0.5901955280306604
10,0.05,8,100,500,10.0,0.5899126984126984,3.1745454545454543,0.38607539898575516
10,0.05,9,100,500,10.0,0.5868499278499278,2.9535353535353535,0.5647812394549767
10,0.05,10,100,500,10.0,0.5950562770562771,3.0632323232323233,0.5311838115468475
10,0.05,11,100,500,10.0,0.5466226551226552,2.898787878787879,0.768169149216784
10,0.05,12,100,500,10.0,0.5538795093795094,2.8096969696969696,0.7456314887206351
10,0.05,13,100,500,10.0,0.5792128427128427,2.9024242424242424,0.6626764237123377
10,0.05,14,100,500,10.0,0.6035007215007215,3.0773737373737373,0.4319661946538518
10,0.05,15,100,500,10.0,0.5594808524808524,2.86,0.6679581667656365
10,0.05,16,100,500,10.0,0.5931955266955267,3.092323232323232,0.5289180468679062
10,0.05,17,100,500,10.0,0.6023852813852814,3.072323232323232,0.5002925971906153
10,0.05,18,100,500,10.0,0.5873008658008658,3.0313131313131314,0.6086265828423134
10,0.05,19,100,500,10.0,0.6139747474747475,3.3448484848484847,0.39557283378701036
10,0.05,20,100,500,10.0,0.5424155844155844,2.7896969696969696,0.8039938575731429
10,0.05,21,100,500,10.0,0.5586334776334776,2.9244444444444446,0.6515067254206628
10,0.05,22,100,500,10.0,0.5660901875901876,2.958181818181818,0.5441918752711288
10,0.05,23,100,500,10.0,0.5792077922077922,3.0557575757575757,0.49876845599329384
10,0.05,24,100,500,10.0,0.5892871572871573,3.228282828282828,0.34462289330716567
10,0.05,25,100,500,10.0,0.5687424242424243,3.0543434343434344,0.456213444424614
10,0.05,26,100,500,10.0,0.5751544011544012,2.9905050505050506,0.6086583466421126
10,0.05,27,100,500,10.0,0.5971998556998557,3.045858585858586,0.5107142795482748
10,0.05,28,100,500,10.0,0.567018759018759,2.968888888888889,0.6084155067751498
10,0.05,29,100,500,10.0,0.5753347763347763,2.9494949494949494,0.6408044894183675
10,0.1,0,100,500,10.0,0.49184054834054836,2.64969696969697,0.9991584393643071
10,0.1,1,100,500,10.0,0.4956493506493506,2.690909090909091,1.1398400398127264
10,0.1,2,100,500,10.0,0.5276544011544011,2.783838383838384,0.686956147562373
10,0.1,3,100,500,10.0,0.5355217005217005,2.8147474747474748,0.6773496736238633
10,0.1,4,100,500,10.0,0.5139410034410035,2.740808080808081,0.9450250009171222
10,0.1,5,100,500,10.0,0.5166764346764346,2.753939393939394,0.7667811465572656
10,0.1,6,100,500,10.0,0.503081141081141,2.7074747474747474,0.8244194768258638
10,0.1,7,100,500,10.0,0.5442900432900433,2.796969696969697,0.7624188936431564
10,0.1,8,100,500,10.0,0.4978665223665224,2.6686868686868688,0.9102980752390857
10,0.1,9,100,500,10.0,0.5027929292929293,2.697171717171717,0.8793780959109944
10,0.1,10,100,500,10.0,0.5032854922854922,2.678181818181818,0.920701254429637
10,0.1,11,100,500,10.0,0.46177616827616824,2.5997979797979798,1.1080297104167265
10,0.1,12,100,500,10.0,0.4986226551226551,2.7193939393939393,0.8828411635682244
10,0.1,13,100,500,10.0,0.510024531024531,2.772929292929293,0.8079705969837176
10,0.1,14,100,500,10.0,0.4953181818181818,2.733131313131313,0.8817629531991497
10,0.1,15,100,500,10.0,0.4934126984126984,2.75010101010101,0.7445985960965318
10,0.1,16,100,500,10.0,0.5016450216450217,2.701616161616162,0.9487342511281496
10,0.1,17,100,500,10.0,0.4968754578754579,2.6917171717171717,0.8246694956505616
10,0.1,18,100,500,10.0,0.498531413031413,2.726868686868687,0.767562095727695
10,0.1,19,100,500,10.0,0.4635111000111,2.6276767676767676,1.0657119499253507
10,0.1,20,100,500,10.0,0.5028624708624708,2.717979797979798,0.8423528690050228
10,0.1,21,100,500,10.0,0.5219929514929514,2.740808080808081,0.7465475452783044
10,0.1,22,100,500,10.0,0.5168196248196248,2.715959595959596,0.8364674200639499
10,0.1,23,100,500,10.0,0.49125224775224774,2.676767676767677,0.9526625062899112
10,0.1,24,100,500,10.0,0.49747058497058494,2.684242424242424,1.110246878725794
10,0.1,25,100,500,10.0,0.505918303918304,2.7305050505050503,0.913783088221553
10,0.1,26,100,500,10.0,0.5032874347874348,2.734949494949495,0.8599592167353771
10,0.1,27,100,500,10.0,0.5125699855699856,2.665252525252525,0.9920527536417476
10,0.1,28,100,500,10.0,0.5233333333333333,2.7448484848484846,0.930220278416862
10,0.1,29,100,500,10.0,0.5068196248196248,2.7355555555555555,0.8629732963968193
10,0.2,0,100,500,10.0,0.3541058386058386,2.4454545454545453,1.82299518617451
10,0.2,1,100,500,10.0,0.40302985902985905,2.5038383838383838,1.5058554787535388
10,0.2,2,100,500,10.0,0.4068032523032523,2.5468686868686867,1.4657377445212605
10,0.2,3,100,500,10.0,0.31763231213231213,2.428888888888889,1.9494935872718469
10,0.2,4,100,500,10.0,0.34273371073371073,2.431111111111111,1.831688405117547
10,0.2,5,100,500,10.0,0.3937251082251082,2.4785858585858587,1.4116283974979953
10,0.2,6,100,500,10.0,0.35715484515484514,2.452929292929293,1.767544080019733
10,0.2,7,100,500,10.0,0.3894371739371739,2.492121212121212,1.4000312543580988
10,0.2,8,100,500,10.0,0.32330941280941283,2.4238383838383837,1.836695991266649
10,0.2,9,100,500,10.0,0.345812271062271,2.4292929292929295,1.8965840409374035
10,0.2,10,100,500,10.0,0.33772843822843823,2.4383838383838383,1.8011428482616685
10,0.2,11,100,500,10.0,0.38043600843600844,2.504848484848485,1.5242128248856566
10,0.2,12,100,500,10.0,0.3586771561771562,2.4349494949494948,1.8988269647881058
10,0.2,13,100,500,10.0,0.4068731268731268,2.518181818181818,1.2560825948683525
10,0.2,14,100,500,10.0,0.38975685425685425,2.481818181818182,1.518853586175784
10,0.2,15,100,500,10.0,0.3903076923076923,2.478989898989899,1.6108929144198725
10,0.2,16,100,500,10.0,0.3515815295815296,2.4365656565656564,1.8791765675955763
10,0.2,17,100,500,10.0,0.331496891996892,2.406868686868687,2.041316070747972
10,0.2,18,100,500,10.0,0.3312728937728938,2.424040404040404,1.9907975968700766
10,0.2,19,100,500,10.0,0.3631435231435231,2.461818181818182,1.636105964656438
10,0.2,20,100,500,10.0,0.38766189366189363,2.4913131313131314,1.5504386507350667
10,0.2,21,100,500,10.0,0.4091394161394162,2.5076767676767675,1.5786116418944105
10,0.2,22,100,500,10.0,0.35109978909978906,2.432929292929293,1.8898186032410205
10,0.2,23,100,500,10.0,0.35928876678876676,2.4549494949494948,1.711234836792587
10,0.2,24,100,500,10.0,0.38742074592074593,2.51010101010101,1.380440257951208
10,0.2,25,100,500,10.0,0.37403330003330004,2.474949494949495,1.583008926469287
10,0.2,26,100,500,10.0,0.38267249417249416,2.4917171717171716,1.3888683972379356
10,0.2,27,100,500,10.0,0.3443723498723499,2.436161616161616,1.7937054096119436
10,0.2,28,100,500,10.0,0.39035542235542237,2.49959595959596,1.3887253906109027
10,0.2,29,100,500,10.0,0.3373969363969364,2.4305050505050505,1.7663077573614028
10,0.3,0,100,500,10.0,0.3181902541902542,2.4066666666666667,2.051357817696045
10,0.3,1,100,500,10.0,0.26545321345321343,2.366060606060606,2.4356275144600836
10,0.3,2,100,500,10.0,0.2933936618936619,2.394343434343434,1.9547754533725588
10,0.3,3,100,500,10.0,0.28065129315129317,2.3737373737373737,2.2525142572073884
10,0.3,4,100,500,10.0,0.2695711510711511,2.3694949494949493,2.259113219319136
10,0.3,5,100,500,10.0,0.3073739038739039,2.3745454545454545,2.2630095635294447
10,0.3,6,100,500,10.0,0.26612720612720614,2.3648484848484848,2.3822096483426067
10,0.3,7,100,500,10.0,0.26024697524697527,2.3626262626262626,2.5166167245762736
10,0.3,8,100,500,10.0,0.2718910533910534,2.366060606060606,2.420301181911131
10,0.3,9,100,500,10.0,0.25908164058164057,2.344646464646465,2.6408706281239476
10,0.3,10,100,500,10.0,0.28548329448329446,2.3701010101010103,2.375157341947994
10,0.3,11,100,500,10.0,0.2552732822732823,2.3444444444444446,2.613169223043604
10,0.3,12,100,500,10.0,0.27438211788211786,2.358787878787879,2.4511438614752077
10,0.3,13,100,500,10.0,0.27800421800421804,2.3745454545454545,2.3053760657120055
10,0.3,14,100,500,10.0,0.2598821733821734,2.347070707070707,2.5547624620853977
10,0.3,15,100,500,10.0,0.271016428016428,2.36989898989899,2.2066757678237505
10,0.3,16,100,500,10.0,0.28824919524919523,2.391717171717172,1.9587399041992057
10,0.3,17,100,500,10.0,0.2761150516150516,2.373939393939394,2.1331090910922423
10,0.3,18,100,500,10.0,0.236506438006438,2.3244444444444445,2.8063583197638198
10,0.3,19,100,500,10.0,0.2736050061050061,2.371717171717172,2.4660540888419877
10,0.3,20,100,500,10.0,0.2632703962703963,2.3567676767676766,2.254413894291799
10,0.3,21,100,500,10.0,0.25033405483405485,2.3416161616161615,2.494731461483049
10,0.3,22,100,500,10.0,0.28508119658119657,2.385858585858586,2.3807503300865704
10,0.3,23,100,500,10.0,0.2777170607170607,2.3854545454545453,2.1371207087446815
10,0.3,24,100,500,10.0,0.2421030081030081,2.344040404040404,2.5836206469279186
10,0.3,25,100,500,10.0,0.28480741480741484,2.3804040404040405,2.042680389954488
10,0.3,26,100,500,10.0,0.25805494505494503,2.364040404040404,2.4798067529687495
10,0.3,27,100,500,10.0,0.27768659118659117,2.3664646464646464,2.3420383645361684
10,0.3,28,100,500,10.0,0.24222344322344325,2.342020202020202,2.4480157005288445
10,0.3,29,100,500,10.0,0.2597056277056277,2.3642424242424243,2.356999507411345
10,0.4,0,100,500,10.0,0.18513764013764014,2.3016161616161614,3.02448763625284
10,0.4,1,100,500,10.0,0.18914840714840714,2.304646464646465,3.039591772236252
10,0.4,2,100,500,10.0,0.20096176046176045,2.3052525252525253,2.6458284868063306
10,0.4,3,100,500,10.0,0.2192133422133422,2.315151515151515,2.981207666061234
10,0.4,4,100,500,10.0,0.174000222000222,2.283232323232323,3.043658261720566
10,0.4,5,100,500,10.0,0.17879398379398379,2.2907070707070707,3.0377630308229358
10,0.4,6,100,500,10.0,0.1615924630924631,2.2696969696969695,3.4302508762555823
10,0.4,7,100,500,10.0,0.17732889332889332,2.2937373737373736,3.0645288704346183
10,0.4,8,100,500,10.0,0.22644699744699742,2.3327272727272725,2.62365138468815
10,0.4,9,100,500,10.0,0.1906176601176601,2.295757575757576,3.2186933935812863
10,0.4,10,100,500,10.0,0.196466366966367,2.2915151515151515,3.1963813431677512
10,0.4,11,100,500,10.0,0.22433233433233432,2.3153535353535353,2.6332516981009517
10,0.4,12,100,500,10.0,0.17926245976245977,2.2903030303030305,3.1856453483510445
10,0.4,13,100,500,10.0,0.1901483238983239,2.2995959595959596,2.8221130452309775
10,0.4,14,100,500,10.0,0.2314078144078144,2.3296969696969696,2.537665557755173
10,0.4,15,100,500,10.0,0.21692710067710066,2.3107070707070707,2.9334590459349954
10,0.4,16,100,500,10.0,0.20833288933288935,2.314949494949495,2.8287748435781324
10,0.4,17,100,500,10.0,0.1727155067155067,2.2888888888888888,3.1566845175213274
10,0.4,18,100,500,10.0,0.20172075147075147,2.303232323232323,2.8613400919540064
10,0.4,19,100,500,10.0,0.21526667776667774,2.308080808080808,2.782595852299194
10,0.4,20,100,500,10.0,0.19385214785214785,2.2967676767676766,2.9085736673987945
10,0.4,21,100,500,10.0,0.1792123432123432,2.2947474747474748,3.006990706288512
10,0.4,22,100,500,10.0,0.20935070485070487,2.32,2.8217861311325616
10,0.4,23,100,500,10.0,0.20045410145410145,2.312121212121212,2.5847978827189007
10,0.4,24,100,500,10.0,0.18433344433344434,2.291919191919192,2.6182928248288078
10,0.4,25,100,500,10.0,0.23122122322122324,2.3296969696969696,2.5383544918549106
10,0.4,26,100,500,10.0,0.1911910311910312,2.295151515151515,3.1968946559277973
10,0.4,27,100,500,10.0,0.20487440337440335,2.308080808080808,3.0115782508886286
10,0.4,28,100,500,10.0,0.20672915972915973,2.317171717171717,2.7904255144618615
10,0.4,29,100,500,10.0,0.20033838383838382,2.3070707070707073,2.899194430477495
10,0.5,0,100,500,10.0,0.14157825507825506,2.2666666666666666,3.486694296337643
10,0.5,1,100,500,10.0,0.16747718947718948,2.2854545454545456,3.326524574168458
10,0.5,2,100,500,10.0,0.1411000666000666,2.255959595959596,3.36048502201681
10,0.5,3,100,500,10.0,0.1536998556998557,2.267272727272727,3.246069828804257
10,0.5,4,100,500,10.0,0.1163065823065823,2.246060606060606,3.6907898345567274
10,0.5,5,100,500,10.0,0.1396308968808969,2.2563636363636363,3.5369964101041345
10,0.5,6,100,500,10.0,0.14383139083139082,2.2634343434343434,3.529630899161777
10,0.5,7,100,500,10.0,0.14551498501498503,2.271717171717172,3.4908028772794144
10,0.5,8,100,500,10.0,0.14828884350943172,2.2684848484848485,3.4620364341163055
10,0.5,9,100,500,10.0,0.1554363691863692,2.266060606060606,3.586987905004965
10,0.5,10,100,500,10.0,0.1442066822066822,2.2606060606060607,3.557265947583198
10,0.5,11,100,500,10.0,0.1396132756132756,2.26,3.6460355547901346
10,0.5,12,100,500,10.0,0.16321267621267618,2.271919191919192,3.2498723580286306
10,0.5,13,100,500,10.0,0.14042829392829392,2.257171717171717,3.645420404395337
10,0.5,14,100,500,10.0,0.16886807636807635,2.27979797979798,3.0514170959185734
10,0.5,15,100,500,10.0,0.1458011988011988,2.264646464646465,3.5281887820731193
10,0.5,16,100,500,10.0,0.17989399489399488,2.278787878787879,3.0626660064984788
10,0.5,17,100,500,10.0,0.1307079587079587,2.2416161616161614,3.574665150597737
10,0.5,18,100,500,10.0,0.1463058608058608,2.265050505050505,3.486343977381195
10,0.5,19,100,500,10.0,0.13893123543123542,2.2636363636363637,3.4724602119587216
10,0.5,20,100,500,10.0,0.17268631368631368,2.271919191919192,3.260789657805918
10,0.5,21,100,500,10.0,0.12207228882228882,2.2496969696969695,3.4652774163900277
10,0.5,22,100,500,10.0,0.15875976800976802,2.268686868686869,3.2267181700368877
10,0.5,23,100,500,10.0,0.1399085359085359,2.254949494949495,3.4672286239084866
10,0.5,24,100,500,10.0,0.1357022977022977,2.253939393939394,3.5580041335789834
10,0.5,25,100,500,10.0,0.1470704344674933,2.2541414141414142,3.570038789396888
10,0.5,26,100,500,10.0,0.13943512043512044,2.2622222222222224,3.396405627060242
10,0.5,27,100,500,10.0,0.1570054945054945,2.2624242424242422,3.3890232518168726
10,0.5,28,100,500,10.0,0.16900391275391274,2.2824242424242422,3.1062659556326984
10,0.5,29,100,500,10.0,0.14103896103896102,2.2703030303030305,3.3795728319257843
10,0.7,0,100,500,10.0,0.11057775557775557,2.233939393939394,3.743076236622878
10,0.7,1,100,500,10.0,0.10897610722610722,2.2383838383838386,3.825055783161877
10,0.7,2,100,500,10.0,0.1008485680985681,2.2294949494949496,3.828516142876146
10,0.7,3,100,500,10.0,0.09897530247530247,2.223030303030303,4.138386790781813
10,0.7,4,100,500,10.0,0.10158413808413808,2.228080808080808,3.793361710342913
10,0.7,5,100,500,10.0,0.0898344710844711,2.2264646464646463,3.7895893511216094
10,0.7,6,100,500,10.0,0.11133361083361082,2.2391919191919194,3.8584211074310986
10,0.7,7,100,500,10.0,0.11527006327006326,2.23010101010101,3.847096194382994
10,0.7,8,100,500,10.0,0.11041175491175491,2.23979797979798,3.7583566137906455
10,0.7,9,100,500,10.0,0.10799887857240797,2.2274747474747474,3.574897798224739
10,0.7,10,100,500,10.0,0.11004800754800755,2.2351515151515153,3.690220635056721
10,0.7,11,100,500,10.0,0.10982253857253857,2.2387878787878788,3.806311843366286
10,0.7,12,100,500,10.0,0.10540945165945166,2.2345454545454544,4.05426568158998
10,0.7,13,100,500,10.0,0.10237484737484737,2.244242424242424,4.0630682868093055
10,0.7,14,100,500,10.0,0.08874461649461649,2.218989898989899,4.0850163369142685
10,0.7,15,100,500,10.0,0.09128802733214497,2.209090909090909,3.987202548652037
10,0.7,16,100,500,10.0,0.09908039183039183,2.2256565656565654,3.9554023103447835
10,0.7,17,100,500,10.0,0.10391067266067265,2.228080808080808,3.8879964627969588
10,0.7,18,100,500,10.0,0.10585470085470085,2.2337373737373736,3.6466897485753678
10,0.7,19,100,500,10.0,0.11349908424908424,2.23010101010101,3.9032281196792495
10,0.7,20,100,500,10.0,0.10167818292818293,2.2307070707070706,3.8812062834089205
10,0.7,21,100,500,10.0,0.09919713619713619,2.2214141414141415,3.8963593901938354
10,0.7,22,100,500,10.0,0.09561061161061161,2.236161616161616,3.899595303801804
10,0.7,23,100,500,10.0,0.09509423909423909,2.2175757575757578,4.087367261205455
10,0.7,24,100,500,10.0,0.1010917415917416,2.235353535353535,3.849688142030533
10,0.7,25,100,500,10.0,0.11491297591297592,2.2458585858585858,3.6235432281257496
10,0.7,26,100,500,10.0,0.10596248196248195,2.2195959595959596,3.56670663052522
10,0.7,27,100,500,10.0,0.10786760461760463,2.2347474747474747,3.698281441250379
10,0.7,28,100,500,10.0,0.1029526307026307,2.2303030303030305,3.509926291232523
10,0.7,29,100,500,10.0,0.09951559551559551,2.2325252525252526,3.9562843589489765
10,0.9,0,100,500,10.0,0.10079145854145853,2.2262626262626264,4.006720320981194
10,0.9,1,100,500,10.0,0.07951907896025542,2.208686868686869,4.071610262526339
10,0.9,2,100,500,10.0,0.08436934470758001,2.2145454545454544,3.837525883007546
10,0.9,3,100,500,10.0,0.08526268176268177,2.215757575757576,4.005891862692582
10,0.9,4,100,500,10.0,0.09158330558330557,2.224242424242424,4.231628761589123
10,0.9,5,100,500,10.0,0.08823337773337774,2.22020202020202,3.8378141698348713
10,0.9,6,100,500,10.0,0.09834901209901209,2.231313131313131,3.8205764936496167
10,0.9,7,100,500,10.0,0.09259856483385896,2.2266666666666666,4.14926691798583
10,0.9,8,100,500,10.0,0.08514183039183038,2.215757575757576,3.953209327942746
10,0.9,9,100,500,10.0,0.09965634365634365,2.22020202020202,3.898344750143236
10,0.9,10,100,500,10.0,0.07904695141459847,2.220808080808081,4.0878818885482255
10,0.9,11,100,500,10.0,0.08820432345432344,2.2145454545454544,3.969241498872704
10,0.9,12,100,500,10.0,0.07902880452880452,2.2232323232323234,3.9298236174239367
10,0.9,13,100,500,10.0,0.08596273171273172,2.2244444444444444,3.7569154144680517
10,0.9,14,100,500,10.0,0.11497575807405529,2.2305050505050503,3.4262800581188086
10,0.9,15,100,500,10.0,0.08971423021423021,2.2214141414141415,3.976597303021586
10,0.9,16,100,500,10.0,0.07962901151136445,2.2177777777777776,3.728940371423566
10,0.9,17,100,500,10.0,0.07714502164502164,2.2266666666666666,3.819824563438617
10,0.9,18,100,500,10.0,0.09228632478632479,2.2206060606060607,3.936201153581825
10,0.9,19,100,500,10.0,0.09607831057831058,2.2096969696969695,3.883024637201707
10,0.9,20,100,500,10.0,0.08810084360084361,2.2244444444444444,3.7123459216407175
10,0.9,21,100,500,10.0,0.10184149184149184,2.2333333333333334,3.7822993618941876
10,0.9,22,100,500,10.0,0.07663147963147962,2.223030303030303,3.9803111001936378
10,0.9,23,100,500,10.0,0.10572908627320392,2.229090909090909,3.969425401790273
10,0.9,24,100,500,10.0,0.10004267954267954,2.2244444444444444,3.874904577145293
10,0.9,25,100,500,10.0,0.0903969363969364,2.2254545454545456,3.756775892600018
10,0.9,26,100,500,10.0,0.09271126096126096,2.2214141414141415,3.6208030333801497
10,0.9,27,100,500,10.0,0.09456937506937507,2.227272727272727,3.8808108160805013
10,0.9,28,100,500,10.0,0.09404184704184704,2.217979797979798,4.0013401782550675
10,0.9,29,100,500,10.0,0.08855944055944055,2.2191919191919194,3.976276777717453
10,1.0,0,100,500,10.0,0.09596861145390558,2.2323232323232323,3.865089337390382
10,1.0,1,100,500,10.0,0.09674802974802973,2.229090909090909,3.652393658887857
10,1.0,2,100,500,10.0,0.08782966869731576,2.2135353535353537,3.936177405759711
10,1.0,3,100,500,10.0,0.08987019842902196,2.2183838383838386,3.8416574865037663
10,1.0,4,100,500,10.0,0.09154878454878455,2.2258585858585858,3.9378164652882783
10,1.0,5,100,500,10.0,0.09949265930148282,2.2224242424242426,3.8531186219729285
10,1.0,6,100,500,10.0,0.09116516816516816,2.221010101010101,3.857640087688571
10,1.0,7,100,500,10.0,0.09148107448107448,2.2294949494949496,3.8149736575981326
10,1.0,8,100,500,10.0,0.0897973137973138,2.2266666666666666,3.9230106574674575
10,1.0,9,100,500,10.0,0.09338583638583639,2.2256565656565654,3.736409614967106
10,1.0,10,100,500,10.0,0.09528010878010879,2.220808080808081,3.8808698989432844
10,1.0,11,100,500,10.0,0.07603996003996004,2.2343434343434345,3.9908565291673437
10,1.0,12,100,500,10.0,0.08784987234987235,2.2214141414141415,4.0782833772690505
10,1.0,13,100,500,10.0,0.08265607268548444,2.2236363636363636,4.0022097126781295
10,1.0,14,100,500,10.0,0.0947009102009102,2.232121212121212,3.628187391694875
10,1.0,15,100,500,10.0,0.10004353652883065,2.2181818181818183,3.9179114615941577
10,1.0,16,100,500,10.0,0.08010652745946864,2.212121212121212,3.9436728064892814
10,1.0,17,100,500,10.0,0.09038700188700188,2.223838383838384,3.9425330539067764
10,1.0,18,100,500,10.0,0.08273570873570874,2.227070707070707,3.9898848141041956
10,1.0,19,100,500,10.0,0.08957537070772364,2.2105050505050503,4.080152997127932
10,1.0,20,100,500,10.0,0.0915090465090465,2.217979797979798,4.034726192417513
10,1.0,21,100,500,10.0,0.09636230436230436,2.228080808080808,4.061939350431791
10,1.0,22,100,500,10.0,0.09810582717935659,2.222020202020202,3.9026679415616568
10,1.0,23,100,500,10.0,0.09362398712398712,2.2191919191919194,3.8066414311312764
10,1.0,24,100,500,10.0,0.09647305472305473,2.2137373737373736,3.877820517521911
10,1.0,25,100,500,10.0,0.09001715441421324,2.2173737373737374,3.9148217198674273
10,1.0,26,100,500,10.0,0.09797036297036296,2.226060606060606,3.7921573905726715
10,1.0,27,100,500,10.0,0.08796053946053944,2.2236363636363636,4.112062807027923
10,1.0,28,100,500,10.0,0.09441502941502941,2.2226262626262625,3.993325918819205
10,1.0,29,100,500,10.0,0.09330827669062963,2.2185858585858584,3.9866480062298035
12,0.0,0,100,600,12.0,0.6818181818181818,4.636363636363637,0.35631031243305034
12,0.0,1,100,600,12.0,0.6818181818181818,4.636363636363637,0.35631031243305034
12,0.0,2,100,600,12.0,0.6818181818181818,4.636363636363637,0.35631031243305034
12,0.0,3,100,600,12.0,0.6818181818181818,4.636363636363637,0.35631031243305034
12,0.0,4,100,600,12.0,0.6818181818181818,4.636363636363637,0.35631031243305034
12,0.0,5,100,600,12.0,0.6818181818181818,4.636363636363637,0.35631031243305034
12,0.0,6,100,600,12.0,0.6818181818181818,4.636363636363637,0.35631031243305034
12,0.0,7,100,600,12.0,0.6818181818181818,4.636363636363637,0.35631031243305034
12,0.0,8,100,600,12.0,0.6818181818181818,4.636363636363637,0.35631031243305034
12,0.0,9,100,600,12.0,0.6818181818181818,4.636363636363637,0.35631031243305034
12,0.0,10,100,600,12.0,0.6818181818181818,4.636363636363637,0.35631031243305034
12,0.0,11,100,600,12.0,0.6818181818181818,4.636363636363637,0.35631031243305034
12,0.0,12,100,600,12.0,0.6818181818181818,4.636363636363637,0.35631031243305034
12,0.0,13,100,600,12.0,0.6818181818181818,4.636363636363637,0.35631031243305034
12,0.0,14,100,600,12.0,0.6818181818181818,4.636363636363637,0.35631031243305034
12,0.0,15,100,600,12.0,0.6818181818181818,4.636363636363637,0.35631031243305034
12,0.0,16,100,600,12.0,0.6818181818181818,4.636363636363637,0.35631031243305034
12,0.0,17,100,600,12.0,0.6818181818181818,4.636363636363637,0.35631031243305034
12,0.0,18,100,600,12.0,0.6818181818181818,4.636363636363637,0.35631031243305034
12,0.0,19,100,600,12.0,0.6818181818181818,4.636363636363637,0.35631031243305034
12,0.0,20,100,600,12.0,0.6818181818181818,4.636363636363637,0.35631031243305034
12,0.0,21,100,600,12.0,0.6818181818181818,4.636363636363637,0.35631031243305034
12,0.0,22,100,600,12.0,0.6818181818181818,4.636363636363637,0.35631031243305034
12,0.0,23,100,600,12.0,0.6818181818181818,4.636363636363637,0.35631031243305034
12,0.0,24,100,600,12.0,0.6818181818181818,4.636363636363637,0.35631031243305034
12,0.0,25,100,600,12.0,0.6818181818181818,4.636363636363637,0.35631031243305034
12,0.0,26,100,600,12.0,0.6818181818181818,4.636363636363637,0.35631031243305034
12,0.0,27,100,600,12.0,0.6818181818181818,4.636363636363637,0.35631031243305034
12,0.0,28,100,600,12.0,0.6818181818181818,4.636363636363637,0.35631031243305034
12,0.0,29,100,600,12.0,0.6818181818181818,4.636363636363637,0.35631031243305034
12,0.01,0,100,600,12.0,0.6594079254079255,3.2377777777777776,0.46257710010818104
12,0.01,1,100,600,12.0,0.6559843489843489,3.180808080808081,0.4707429445843406
12,0.01,2,100,600,12.0,0.6489720279720279,3.184848484848485,0.5226730796905563
12,0.01,3,100,600,12.0,0.6567459207459208,3.2923232323232323,0.45113704171487246
12,0.01,4,100,600,12.0,0.6547956487956488,3.26,0.4420731174919591
12,0.01,5,100,600,12.0,0.6647179487179486,3.2393939393939393,0.44604466400434784
12,0.01,6,100,600,12.0,0.6720481740481741,3.8395959595959597,0.37027485357218687
12,0.01,7,100,600,12.0,0.6654708624708624,3.6606060606060606,0.3856249769222485
12,0.01,8,100,600,12.0,0.6736596736596736,3.7808080808080806,0.3711510417515495
12,0.01,9,100,600,12.0,0.6712890442890442,3.6535353535353536,0.3708804641923917
12,0.01,10,100,600,12.0,0.6681328671328671,3.5286868686868686,0.40719867433878654
12,0.01,11,100,600,12.0,0.6665617715617715,3.349090909090909,0.4314945587401917
12,0.01,12,100,600,12.0,0.6614249084249084,3.3016161616161614,0.4470804898705255
12,0.01,13,100,600,12.0,0.6676783216783216,3.766868686868687,0.3700187011988775
12,0.01,14,100,600,12.0,0.6643333333333333,3.5103030303030303,0.4211094450615349
12,0.01,15,100,600,12.0,0.6614382284382284,3.409090909090909,0.41690632505013675
12,0.01,16,100,600,12.0,0.6511168831168831,3.0868686868686868,0.5354462594052919
12,0.01,17,100,600,12.0,0.647048951048951,3.1414141414141414,0.43865233004284543
12,0.01,18,100,600,12.0,0.655019647019647,3.221616161616162,0.46539627672010897
12,0.01,19,100,600,12.0,0.6545236985236985,3.0583838383838384,0.5110737269670661
12,0.01,20,100,600,12.0,0.6507492507492507,3.056969696969697,0.507426514151315
12,0.01,21,100,600,12.0,0.6733822843822843,3.9525252525252523,0.3616540512519866
12,0.01,22,100,600,12.0,0.6663962703962703,3.5517171717171716,0.37990565399098697
12,0.01,23,100,600,12.0,0.6614195804195804,3.38,0.41701786304949817
12,0.01,24,100,600,12.0,0.652,3.1193939393939396,0.48901574901325645
12,0.01,25,100,600,12.0,0.664088578088578,3.1844444444444444,0.4898759340702617
12,0.01,26,100,600,12.0,0.6600909090909091,3.3765656565656568,0.43827664074439004
12,0.01,27,100,600,12.0,0.6573776223776224,3.3993939393939394,0.420671395564604
12,0.01,28,100,600,12.0,0.6558298368298368,3.0905050505050506,0.5441252346277257
12,0.01,29,100,600,12.0,0.6519070929070929,3.131111111111111,0.4513020856820371
12,0.03,0,100,600,12.0,0.6367016317016317,3.1521212121212123,0.44600711693330247
12,0.03,1,100,600,12.0,0.6363100233100233,2.869090909090909,0.6826203726271114
12,0.03,2,100,600,12.0,0.6241779331779331,2.8896969696969697,0.6458236652333085
12,0.03,3,100,600,12.0,0.6539044289044288,3.467878787878788,0.3901024683776543
12,0.03,4,100,600,12.0,0.6201546231546231,3.006060606060606,0.4942518364981949
12,0.03,5,100,600,12.0,0.6381235431235431,2.966666666666667,0.5704895697253447
12,0.03,6,100,600,12.0,0.6402947052947053,2.9775757575757575,0.5295911412940189
12,0.03,7,100,600,12.0,0.6261515151515151,2.8107070707070707,0.686195475369024
12,0.03,8,100,600,12.0,0.6364622044622045,2.9096969696969697,0.5620773213200441
12,0.03,9,100,600,12.0,0.5955889665889665,2.736969696969697,0.7419687267252111
12,0.03,10,100,600,12.0,0.6370014430014429,2.956161616161616,0.5230791869732767
12,0.03,11,100,600,12.0,0.6364615384615384,2.9397979797979796,0.5378513230138908
12,0.03,12,100,600,12.0,0.6363110223110223,2.954141414141414,0.5131420979738208
12,0.03,13,100,600,12.0,0.6134122544122544,2.8006060606060608,0.6460296714141656
12,0.03,14,100,600,12.0,0.6282148962148962,2.86,0.5907211011636068
12,0.03,15,100,600,12.0,0.6151238761238761,2.862020202020202,0.5840739383727837
12,0.03,16,100,600,12.0,0.6413434343434343,3.0264646464646465,0.4698691662540512
12,0.03,17,100,600,12.0,0.6210602730602731,3.052929292929293,0.46520616526930436
12,0.03,18,100,600,12.0,0.6488857808857809,3.0197979797979797,0.5687314758859342
12,0.03,19,100,600,12.0,0.6088934398934398,2.768686868686869,0.7347431190905971
12,0.03,20,100,600,12.0,0.6266323676323676,2.8892929292929295,0.5922420349250387
12,0.03,21,100,600,12.0,0.6154676434676434,2.8012121212121213,0.7077974161808386
12,0.03,22,100,600,12.0,0.6324271284271284,2.926262626262626,0.5750975699131851
12,0.03,23,100,600,12.0,0.6251285381285381,3.0632323232323233,0.5164604436324873
12,0.03,24,100,600,12.0,0.6317182817182817,2.911717171717172,0.55814835631822
12,0.03,25,100,600,12.0,0.6306930846930847,2.8474747474747475,0.641362708897389
12,0.03,26,100,600,12.0,0.6258009768009768,2.885858585858586,0.6115965948601583
12,0.03,27,100,600,12.0,0.6127286047286047,2.7636363636363637,0.7971700587510594
12,0.03,28,100,600,12.0,0.6478927738927739,3.0361616161616163,0.5143550565017906
12,0.03,29,100,600,12.0,0.6279130869130869,2.874949494949495,0.6398927401701802
12,0.05,0,100,600,12.0,0.597970695970696,2.751919191919192,0.6774876097613771
12,0.05,1,100,600,12.0,0.6047096237096237,2.745050505050505,0.7582106882233703
12,0.05,2,100,600,12.0,0.5912389832389833,2.7036363636363636,0.7375631643467128
12,0.05,3,100,600,12.0,0.6136288156288157,2.8014141414141416,0.6843178164178284
12,0.05,4,100,600,12.0,0.5851978576978577,2.6852525252525252,0.8605667600600401
12,0.05,5,100,600,12.0,0.5837221667221667,2.7185858585858584,0.7605049395589558
12,0.05,6,100,600,12.0,0.6004083694083694,2.682828282828283,0.8179878947725658
12,0.05,7,100,600,12.0,0.576916083916084,2.6058585858585857,0.8930798462162934
12,0.05,8,100,600,12.0,0.5949518259518259,2.721010101010101,0.8211996629758811
12,0.05,9,100,600,12.0,0.562030414030414,2.6014141414141414,1.0337561297540365
12,0.05,10,100,600,12.0,0.6118842268842268,2.758989898989899,0.7212020469894294
12,0.05,11,100,600,12.0,0.609974913974914,2.7232323232323234,0.7022015508860098
12,0.05,12,100,600,12.0,0.5716776556776556,2.624848484848485,0.9342770663468078
12,0.05,13,100,600,12.0,0.5857845487845488,2.6791919191919193,0.9066996735941093
12,0.05,14,100,600,12.0,0.5840560550560551,2.6595959595959595,0.9553352887038125
12,0.05,15,100,600,12.0,0.6025238095238096,2.7775757575757574,0.7314884104915301
12,0.05,16,100,600,12.0,0.5966909756909756,2.764242424242424,0.7461133528201128
12,0.05,17,100,600,12.0,0.5903611943611944,2.698989898989899,0.7782662728247085
12,0.05,18,100,600,12.0,0.5813856143856144,2.66,0.8623709583041967
12,0.05,19,100,600,12.0,0.5951618381618381,2.706060606060606,0.8262533224847676
12,0.05,20,100,600,12.0,0.5939292929292929,2.742424242424242,0.6985769227809465
12,0.05,21,100,600,12.0,0.6096806526806526,2.8385858585858585,0.6950880153171278
12,0.05,22,100,600,12.0,0.5826123876123875,2.7523232323232323,0.6648309927554852
12,0.05,23,100,600,12.0,0.5846340326340327,2.68989898989899,0.7691516401570756
12,0.05,24,100,600,12.0,0.5824472194472194,2.640808080808081,0.8571927119704792
12,0.05,25,100,600,12.0,0.5866873126873127,2.664848484848485,0.9314725412557472
12,0.05,26,100,600,12.0,0.5928751248751248,2.707878787878788,0.8197124577808885
12,0.05,27,100,600,12.0,0.6036632256632256,2.8062626262626265,0.7600674300047181
12,0.05,28,100,600,12.0,0.5713611943611944,2.5824242424242425,1.0120143526696181
12,0.05,29,100,600,12.0,0.6027958707958708,2.7452525252525253,0.7262060948305669
12,0.1,0,100,600,12.0,0.5187381229881229,2.4935353535353535,1.0870872202608133
12,0.1,1,100,600,12.0,0.5037424797424798,2.4753535353535354,1.3042449775285292
12,0.1,2,100,600,12.0,0.5136667776667777,2.474747474747475,1.317503897485951
12,0.1,3,100,600,12.0,0.527063159063159,2.5272727272727273,1.0806517960512059
12,0.1,4,100,600,12.0,0.5013579753579753,2.4317171717171715,1.471268524571132
12,0.1,5,100,600,12.0,0.4973070818070818,2.4397979797979796,1.4176443399128238
12,0.1,6,100,600,12.0,0.4944333444333444,2.444848484848485,1.3447330586141635
12,0.1,7,100,600,12.0,0.513015207015207,2.484040404040404,1.2107964308828474
12,0.1,8,100,600,12.0,0.5464716394716395,2.5721212121212123,0.9919442914363418
12,0.1,9,100,600,12.0,0.5253164058164058,2.5228282828282826,1.0691541121098225
12,0.1,10,100,600,12.0,0.5188118548118549,2.4820202020202022,1.3049558439047164
12,0.1,11,100,600,12.0,0.5095719835719836,2.4935353535353535,1.2121721781224202
12,0.1,12,100,600,12.0,0.5043101343101344,2.455959595959596,1.3785576924858114
12,0.1,13,100,600,12.0,0.5431849816849816,2.5157575757575756,1.118176800738296
12,0.1,14,100,600,12.0,0.5451620601620601,2.5375757575757576,1.0513923057323384
12,0.1,15,100,600,12.0,0.5133997668997669,2.4694949494949494,1.1816342835140057
12,0.1,16,100,600,12.0,0.5065252525252525,2.4915151515151517,1.3333923549096522
12,0.1,17,100,600,12.0,0.5064990564990565,2.449292929292929,1.4814085897028098
12,0.1,18,100,600,12.0,0.4859255189255189,2.4383838383838383,1.6716077715285047
12,0.1,19,100,600,12.0,0.5279514929514929,2.492121212121212,1.1663066972092435
12,0.1,20,100,600,12.0,0.5008807858807859,2.4442424242424243,1.3558940084097977
12,0.1,21,100,600,12.0,0.5253594183594184,2.485050505050505,1.319782776375197
12,0.1,22,100,600,12.0,0.5415514485514485,2.56969696969697,1.0490151781644244
12,0.1,23,100,600,12.0,0.5064034299034299,2.4690909090909092,1.3338767931470081
12,0.1,24,100,600,12.0,0.5272524142524142,2.545252525252525,1.1896708812519636
12,0.1,25,100,600,12.0,0.5034031524031524,2.4545454545454546,1.4112601247614034
12,0.1,26,100,600,12.0,0.5243062493062493,2.47959595959596,1.323171720607191
12,0.1,27,100,600,12.0,0.5536845376845377,2.5674747474747477,0.9563878041035039
12,0.1,28,100,600,12.0,0.4933127983127983,2.437373737373737,1.5994156551139447
12,0.1,29,100,600,12.0,0.5139845987345987,2.463636363636364,1.3571178222158662
12,0.2,0,100,600,12.0,0.36321017871017874,2.2925252525252526,2.264304073514269
12,0.2,1,100,600,12.0,0.396749678426149,2.3234343434343434,1.9634165673831339
12,0.2,2,100,600,12.0,0.3485302197802198,2.28020202020202,2.5512674409221616
12,0.2,3,100,600,12.0,0.39530732829262244,2.324242424242424,2.242581987722803
12,0.2,4,100,600,12.0,0.38514785214785213,2.3107070707070707,2.3308690391208047
12,0.2,5,100,600,12.0,0.37729847929847926,2.315151515151515,2.2970539722002696
12,0.2,6,100,600,12.0,0.425549062049062,2.341818181818182,1.9797624217980232
12,0.2,7,100,600,12.0,0.37636277611277613,2.2977777777777777,2.3280041395012354
12,0.2,8,100,600,12.0,0.37862770562770565,2.2947474747474748,2.2793005152229258
12,0.2,9,100,600,12.0,0.3844449831214537,2.303232323232323,2.1735659803859435
12,0.2,10,100,600,12.0,0.37957364857364856,2.2973737373737375,2.259059165466896
12,0.2,11,100,600,12.0,0.38618850593850595,2.3105050505050504,2.183370258949731
12,0.2,12,100,600,12.0,0.39730924630924636,2.3216161616161615,1.9762804539498535
12,0.2,13,100,600,12.0,0.3733212620712621,2.302020202020202,2.4383020226410954
12,0.2,14,100,600,12.0,0.3822387057387057,2.2856565656565655,2.330123515912687
12,0.2,15,100,600,12.0,0.37549514374514376,2.2967676767676766,2.309915798327825
12,0.2,16,100,600,12.0,0.3815249195249195,2.302828282828283,2.371988043289758
12,0.2,17,100,600,12.0,0.4222228147669324,2.3325252525252527,1.9229568254909193
12,0.2,18,100,600,12.0,0.3853500388500388,2.3064646464646463,2.039138044155307
12,0.2,19,100,600,12.0,0.3945905907817672,2.3248484848484847,1.9083239843164155
12,0.2,20,100,600,12.0,0.3816893694540753,2.306060606060606,2.376618553857063
12,0.2,21,100,600,12.0,0.35580691530691533,2.2753535353535352,2.406945066979672
12,0.2,22,100,600,12.0,0.3802673437673437,2.29979797979798,2.178674744817115
12,0.2,23,100,600,12.0,0.38402580752580756,2.308686868686869,2.0653370605298313
12,0.2,24,100,600,12.0,0.36172899322899327,2.2876767676767678,2.2220778178119995
12,0.2,25,100,600,12.0,0.40288350538350537,2.2955555555555556,2.315341903528795
12,0.2,26,100,600,12.0,0.39388877788877785,2.302828282828283,2.308667126126785
12,0.2,27,100,600,12.0,0.37040964427729134,2.288080808080808,2.301079508255537
12,0.2,28,100,600,12.0,0.4150487845487845,2.335151515151515,2.0220439796300216
12,0.2,29,100,600,12.0,0.37737151737151736,2.29979797979798,2.33215619369861
12,0.3,0,100,600,12.0,0.28026939726939726,2.197979797979798,3.264512530495047
12,0.3,1,100,600,12.0,0.2814285469432528,2.1981818181818182,3.2819075120461467
12,0.3,2,100,600,12.0,0.25964223031870093,2.201212121212121,3.2843231555378907
12,0.3,3,100,600,12.0,0.2920785358432417,2.2165656565656566,3.036270701456562
12,0.3,4,100,600,12.0,0.2630723769694358,2.183030303030303,3.3370880988203484
12,0.3,5,100,600,12.0,0.3151493228993229,2.2381818181818183,2.7351806053731087
12,0.3,6,100,600,12.0,0.30524365830248185,2.2125252525252526,3.012558093046691
12,0.3,7,100,600,12.0,0.27525332837097544,2.2064646464646467,3.140154466178374
12,0.3,8,100,600,12.0,0.2981727716727717,2.2117171717171717,3.175026404628658
12,0.3,9,100,600,12.0,0.29619534060710534,2.227272727272727,3.0279965442936967
12,0.3,10,100,600,12.0,0.2593132423132423,2.189090909090909,3.4092700848271322
12,0.3,11,100,600,12.0,0.2571561494061494,2.1965656565656566,3.450975651333706
12,0.3,12,100,600,12.0,0.2893487900987901,2.2094949494949496,3.1770078173043776
12,0.3,13,100,600,12.0,0.3004676189823249,2.2145454545454544,3.054967573237557
12,0.3,14,100,600,12.0,0.27320250337897395,2.2044444444444444,3.1180347790178504
12,0.3,15,100,600,12.0,0.3110148185148185,2.2307070707070706,2.9155551335196317
12,0.3,16,100,600,12.0,0.3005480907980908,2.2224242424242426,2.831275050888518
12,0.3,17,100,600,12.0,0.2708360495713437,2.1981818181818182,3.31165025174395
12,0.3,18,100,600,12.0,0.29633367286308465,2.2256565656565654,2.8454569469564044
12,0.3,19,100,600,12.0,0.2810058275058275,2.2115151515151514,2.7424035161407834
12,0.3,20,100,600,12.0,0.29857345432345433,2.215959595959596,2.911026781911497
12,0.3,21,100,600,12.0,0.28939685804391685,2.2163636363636363,3.229803222524776
12,0.3,22,100,600,12.0,0.31522738372738374,2.2414141414141415,2.6395767713422753
12,0.3,23,100,600,12.0,0.2618380100291865,2.1884848484848485,3.3080030667852194
12,0.3,24,100,600,12.0,0.32102006327006327,2.231919191919192,2.916858443638693
12,0.3,25,100,600,12.0,0.3310330796654326,2.2418181818181817,2.5575911580956254
12,0.3,26,100,600,12.0,0.30937919270272213,2.2365656565656566,2.781699401631098
12,0.3,27,100,600,12.0,0.309743894993895,2.2173737373737374,2.950906794039217
12,0.3,28,100,600,12.0,0.2806659631218455,2.2066666666666666,3.0820009430414497
12,0.3,29,100,600,12.0,0.3218551171051171,2.2325252525252526,2.916200332774151
12,0.4,0,100,600,12.0,0.22281004693620793,2.1672727272727275,3.5535815463680476
12,0.4,1,100,600,12.0,0.22606154466448583,2.157171717171717,3.849184601489984
12,0.4,2,100,600,12.0,0.20252822426971032,2.1365656565656566,3.9972257294064946
12,0.4,3,100,600,12.0,0.19973581973581972,2.1505050505050507,4.18835022834603
12,0.4,4,100,600,12.0,0.1953868533427357,2.137979797979798,4.202821540081051
12,0.4,5,100,600,12.0,0.22608165690518633,2.1626262626262625,3.8667909483681173
12,0.4,6,100,600,12.0,0.18814992034109682,2.1466666666666665,3.8523748348863
12,0.4,7,100,600,12.0,0.2167629951747599,2.153131313131313,3.995603155207818
12,0.4,8,100,600,12.0,0.21875044073573485,2.16020202020202,3.8484445369890317
12,0.4,9,100,600,12.0,0.19431768068532776,2.135959595959596,4.07764794433835
12,0.4,10,100,600,12.0,0.21310451639863406,2.149090909090909,4.145432252576191
12,0.4,11,100,600,12.0,0.24351717889953187,2.163838383838384,3.720740298518602
12,0.4,12,100,600,12.0,0.17975825318472377,2.125656565656566,4.33587746978617
12,0.4,13,100,600,12.0,0.21116468825292356,2.1446464646464647,3.69042566496088
12,0.4,14,100,600,12.0,0.22798642860407564,2.1646464646464647,3.7831397444289134
12,0.4,15,100,600,12.0,0.20330871905871906,2.1446464646464647,4.037238275913997
12,0.4,16,100,600,12.0,0.22543628593628592,2.1577777777777776,3.674157623601962
12,0.4,17,100,600,12.0,0.2171670208876091,2.15010101010101,4.016889625720908
12,0.4,18,100,600,12.0,0.21037010212010213,2.140808080808081,3.938814676674398
12,0.4,19,100,600,12.0,0.1899911754911755,2.1363636363636362,4.146960211937259
12,0.4,20,100,600,12.0,0.1934688938512468,2.120808080808081,4.505896672340025
12,0.4,21,100,600,12.0,0.23430813630813632,2.175959595959596,3.585680787155891
12,0.4,22,100,600,12.0,0.23589521297416036,2.165656565656566,3.603122336429979
12,0.4,23,100,600,12.0,0.19824641045229283,2.1458585858585857,4.115557465927968
12,0.4,24,100,600,12.0,0.23423785364961833,2.162020202020202,3.454911165717102
12,0.4,25,100,600,12.0,0.20779127898245545,2.1498989898989898,3.993099801643649
12,0.4,26,100,600,12.0,0.19955055402114227,2.1345454545454547,4.075772147214308
12,0.4,27,100,600,12.0,0.20556989252577487,2.148282828282828,4.223143751310978
12,0.4,28,100,600,12.0,0.2333091353091353,2.157171717171717,3.8221969710094754
12,0.4,29,100,600,12.0,0.21884597428715075,2.16020202020202,3.4256478614897805
12,0.5,0,100,600,12.0,0.15813448806095864,2.1046464646464647,4.730108098671535
12,0.5,1,100,600,12.0,0.1745937755055402,2.1173737373737374,4.426203729359972
12,0.5,2,100,600,12.0,0.1588307313601431,2.1113131313131315,4.647299766124405
12,0.5,3,100,600,12.0,0.14917977937095583,2.0903030303030303,5.169946330408563
12,0.5,4,100,600,12.0,0.17691287470699238,2.1214141414141414,4.600885214013205
12,0.5,5,100,600,12.0,0.16549942919137967,2.108282828282828,4.592760332940079
12,0.5,6,100,600,12.0,0.1734546891017479,2.1175757575757577,4.265824100107656
12,0.5,7,100,600,12.0,0.18590661625955743,2.1262626262626263,4.346426081046072
12,0.5,8,100,600,12.0,0.15896573206635126,2.101212121212121,4.714848767509039
12,0.5,9,100,600,12.0,0.18025819278760455,2.1234343434343432,4.455747816169886
12,0.5,10,100,600,12.0,0.1554247010299642,2.113131313131313,4.442670207457058
12,0.5,11,100,600,12.0,0.16666318330792015,2.1036363636363635,4.892297577895273
12,0.5,12,100,600,12.0,0.16477668736492265,2.1145454545454547,4.630607416714651
12,0.5,13,100,600,12.0,0.17305401212134958,2.1264646464646466,4.568899922893975
12,0.5,14,100,600,12.0,0.1714229104229104,2.118989898989899,4.659981297373587
12,0.5,15,100,600,12.0,0.17026867997843229,2.113939393939394,5.005038564259212
12,0.5,16,100,600,12.0,0.16440453990453988,2.1224242424242425,4.692566704190086
12,0.5,17,100,600,12.0,0.17566033966033967,2.118989898989899,4.36338380281984
12,0.5,18,100,600,12.0,0.17696457240729685,2.124848484848485,4.106453620265056
12,0.5,19,100,600,12.0,0.17630004962357904,2.122020202020202,4.360253070538375
12,0.5,20,100,600,12.0,0.16546415512591983,2.1133333333333333,4.288985051934337
12,0.5,21,100,600,12.0,0.16052655677655678,2.1105050505050507,4.584524347587241
12,0.5,22,100,600,12.0,0.17463704106351166,2.1151515151515152,4.350857627285272
12,0.5,23,100,600,12.0,0.16453801298460743,2.111919191919192,4.732131326485913
12,0.5,24,100,600,12.0,0.17329996800585035,2.1153535353535355,4.527850131324154
12,0.5,25,100,600,12.0,0.15902092678563268,2.114949494949495,4.603319914402951
12,0.5,26,100,600,12.0,0.1581985041102688,2.1115151515151513,4.624037735201596
12,0.5,27,100,600,12.0,0.15247767102178866,2.1094949494949495,3.994793828885313
12,0.5,28,100,600,12.0,0.14671259296259295,2.1016161616161617,4.763851524064745
12,0.5,29,100,600,12.0,0.1719152837186893,2.11979797979798,4.511642639062211
12,0.7,0,100,600,12.0,0.12549009976951153,2.0747474747474746,5.2067435934739565
12,0.7,1,100,600,12.0,0.12208271303859539,2.0854545454545454,4.966880632968244
12,0.7,2,100,600,12.0,0.12375212523974134,2.0905050505050506,4.932054875893109
12,0.7,3,100,600,12.0,0.12338701056425515,2.0793939393939396,5.284563859679145
12,0.7,4,100,600,12.0,0.12384802040065197,2.077979797979798,5.0040879690037565
12,0.7,5,100,600,12.0,0.1207514740161799,2.0765656565656565,5.2218660630070035
12,0.7,6,100,600,12.0,0.1289810604771905,2.085858585858586,5.452324768237298
12,0.7,7,100,600,12.0,0.1299820898056192,2.0739393939393937,5.383852706149673
12,0.7,8,100,600,12.0,0.11975772919890566,2.0787878787878786,5.196094572714502
12,0.7,9,100,600,12.0,0.1180417997035644,2.0795959595959594,5.010006299158164
12,0.7,10,100,600,12.0,0.12474132360587468,2.0733333333333333,5.218630500452017
12,0.7,11,100,600,12.0,0.10451531638296345,2.0753535353535355,5.486010413955543
12,0.7,12,100,600,12.0,0.12402431976348385,2.0787878787878786,5.0193669508942005
12,0.7,13,100,600,12.0,0.10972119873590462,2.075151515151515,5.470513296574111
12,0.7,14,100,600,12.0,0.12399793180675533,2.0761616161616163,4.967803694341532
12,0.7,15,100,600,12.0,0.11983404993699111,2.078989898989899,5.173472672387435
12,0.7,16,100,600,12.0,0.13322075198623187,2.0785858585858588,5.2214257404908375
12,0.7,17,100,600,12.0,0.13047593256416787,2.089292929292929,5.016996277410724
12,0.7,18,100,600,12.0,0.1315951270951271,2.082626262626263,4.833666583953315
12,0.7,19,100,600,12.0,0.12467788094258683,2.0933333333333333,5.355157518023764
12,0.7,20,100,600,12.0,0.1124553502053502,2.068080808080808,5.633829256678428
12,0.7,21,100,600,12.0,0.11472359829712771,2.071111111111111,5.205304266432933
12,0.7,22,100,600,12.0,0.12332549150196209,2.0862626262626263,4.818151695817625
12,0.7,23,100,600,12.0,0.1121068874366088,2.072323232323232,5.179299251472242
12,0.7,24,100,600,12.0,0.12076506826506826,2.083838383838384,5.0740440447892246
12,0.7,25,100,600,12.0,0.12326106573165398,2.0787878787878786,4.8967324485814485
12,0.7,26,100,600,12.0,0.13288974913974913,2.088282828282828,5.076129444196125
12,0.7,27,100,600,12.0,0.1389721748839396,2.0905050505050506,4.971853680022147
12,0.7,28,100,600,12.0,0.1254847244259009,2.0886868686868687,5.115396674676253
12,0.7,29,100,600,12.0,0.13142234889293714,2.0862626262626263,5.073650668037628
12,0.9,0,100,600,12.0,0.10952813689578395,2.072323232323232,5.4703415752853335
12,0.9,1,100,600,12.0,0.10396733821733822,2.068888888888889,5.583401232096915
12,0.9,2,100,600,12.0,0.10620946210652094,2.0725252525252524,5.098011699646483
12,0.9,3,100,600,12.0,0.12153794734677087,2.076969696969697,5.4300982785071765
12,0.9,4,100,600,12.0,0.10421738392326628,2.070909090909091,5.241137433046889
12,0.9,5,100,600,12.0,0.11098233139409609,2.0721212121212123,5.065323795283962
12,0.9,6,100,600,12.0,0.12179791940086057,2.0844444444444443,5.187754604648126
12,0.9,7,100,600,12.0,0.1081437663643546,2.0707070707070705,5.26365049621536
12,0.9,8,100,600,12.0,0.11102749538043655,2.077171717171717,4.9438918743207205
12,0.9,9,100,600,12.0,0.11449111707006443,2.075959595959596,5.1666861502261145
12,0.9,10,100,600,12.0,0.11770969802471351,2.074949494949495,5.318255380929566
12,0.9,11,100,600,12.0,0.11448366013071895,2.0862626262626263,5.121696589724378
12,0.9,12,100,600,12.0,0.11606480250056102,2.068888888888889,5.025938139119198
12,0.9,13,100,600,12.0,0.11275357975357975,2.0765656565656565,5.485743400308606
12,0.9,14,100,600,12.0,0.11082159137731892,2.0773737373737373,5.5509298231513595
12,0.9,15,100,600,12.0,0.1207726701403172,2.072929292929293,4.960270554532366
12,0.9,16,100,600,12.0,0.11250879426730821,2.0735353535353536,5.448544885896121
12,0.9,17,100,600,12.0,0.11564530352688247,2.0757575757575757,5.324969014431923
12,0.9,18,100,600,12.0,0.10539336471921612,2.0614141414141414,5.255242469447662
12,0.9,19,100,600,12.0,0.11324326438954921,2.0755555555555554,5.048715662758253
12,0.9,20,100,600,12.0,0.10199011935776642,2.0674747474747477,5.418417812882693
12,0.9,21,100,600,12.0,0.11002780581169327,2.0775757575757576,5.019133454246208
12,0.9,22,100,600,12.0,0.11875476406977954,2.0745454545454547,4.82337914031913
12,0.9,23,100,600,12.0,0.1197188864626945,2.081212121212121,4.883712411829332
12,0.9,24,100,600,12.0,0.11082739156268567,2.078989898989899,5.248359713560967
12,0.9,25,100,600,12.0,0.10585503419868746,2.076969696969697,5.379581273596071
12,0.9,26,100,600,12.0,0.11734535339101904,2.0739393939393937,5.429101202380814
12,0.9,27,100,600,12.0,0.12653010912376236,2.0713131313131314,5.294475942841082
12,0.9,28,100,600,12.0,0.1172202253370984,2.0804040404040403,4.837419798842502
12,0.9,29,100,600,12.0,0.1121559829059829,2.0686868686868687,5.240222912895884
12,1.0,0,100,600,12.0,0.1067935512200218,2.0707070707070705,5.121870074931307
12,1.0,1,100,600,12.0,0.10731221556221555,2.0705050505050506,5.431543298039988
12,1.0,2,100,600,12.0,0.1102272927450946,2.0713131313131314,5.403369603494122
12,1.0,3,100,600,12.0,0.11909476960947549,2.0783838383838384,5.252541285696635
12,1.0,4,100,600,12.0,0.11327873588399903,2.076767676767677,5.14788404046399
12,1.0,5,100,600,12.0,0.11437363616775383,2.0787878787878786,5.47387718287015
12,1.0,6,100,600,12.0,0.1125785619609149,2.06969696969697,5.101059856607752
12,1.0,7,100,600,12.0,0.11265993346179105,2.071919191919192,5.433368229116829
12,1.0,8,100,600,12.0,0.11576378411749928,2.0753535353535355,5.40487867120861
12,1.0,9,100,600,12.0,0.10087117457705692,2.0698989898989897,5.404322523401363
12,1.0,10,100,600,12.0,0.10747882999353588,2.068080808080808,5.2635980067658235
12,1.0,11,100,600,12.0,0.11339074814074815,2.0753535353535355,5.60522759306297
12,1.0,12,100,600,12.0,0.10104647476706301,2.0850505050505053,5.286304037557323
12,1.0,13,100,600,12.0,0.12386616488087077,2.075959595959596,5.377636091216211
12,1.0,14,100,600,12.0,0.1208130889578258,2.075151515151515,5.418410413036565
12,1.0,15,100,600,12.0,0.10536905414846592,2.074949494949495,5.164645805464947
12,1.0,16,100,600,12.0,0.12523182373182373,2.081212121212121,5.2829600935598116
12,1.0,17,100,600,12.0,0.11562615489086077,2.066666666666667,5.451564528389737
12,1.0,18,100,600,12.0,0.11242737602954321,2.074949494949495,5.419769055436596
12,1.0,19,100,600,12.0,0.12277967526109941,2.0775757575757576,5.243258653418238
12,1.0,20,100,600,12.0,0.11280734788087729,2.085858585858586,4.8229680664501355
12,1.0,21,100,600,12.0,0.11197883695252116,2.069292929292929,5.327960610054133
12,1.0,22,100,600,12.0,0.10774353836737738,2.0684848484848484,5.344158069745734
12,1.0,23,100,600,12.0,0.11457979438861791,2.0797979797979798,5.229836976199024
12,1.0,24,100,600,12.0,0.11348033339209809,2.074949494949495,5.586528297091523
12,1.0,25,100,600,12.0,0.10727109173935799,2.0761616161616163,5.434722094863706
12,1.0,26,100,600,12.0,0.12314415125638035,2.074949494949495,4.727276232643511
12,1.0,27,100,600,12.0,0.11768299184475656,2.072929292929293,5.520137699286641
12,1.0,28,100,600,12.0,0.11144450810627282,2.0707070707070705,5.23183702793221
12,1.0,29,100,600,12.0,0.11381258773905832,2.0761616161616163,5.132004072578373
14,0.0,0,100,700,14.0,0.6923076923076923,4.040404040404041,0.5466562075010044
14,0.0,1,100,700,14.0,0.6923076923076923,4.040404040404041,0.5466562075010044
14,0.0,2,100,700,14.0,0.6923076923076923,4.040404040404041,0.5466562075010044
14,0.0,3,100,700,14.0,0.6923076923076923,4.040404040404041,0.5466562075010044
14,0.0,4,100,700,14.0,0.6923076923076923,4.040404040404041,0.5466562075010044
14,0.0,5,100,700,14.0,0.6923076923076923,4.040404040404041,0.5466562075010044
14,0.0,6,100,700,14.0,0.6923076923076923,4.040404040404041,0.5466562075010044
14,0.0,7,100,700,14.0,0.6923076923076923,4.040404040404041,0.5466562075010044
14,0.0,8,100,700,14.0,0.6923076923076923,4.040404040404041,0.5466562075010044
14,0.0,9,100,700,14.0,0.6923076923076923,4.040404040404041,0.5466562075010044
14,0.0,10,100,700,14.0,0.6923076923076923,4.040404040404041,0.5466562075010044
14,0.0,11,100,700,14.0,0.6923076923076923,4.040404040404041,0.5466562075010044
14,0.0,12,100,700,14.0,0.6923076923076923,4.040404040404041,0.5466562075010044
14,0.0,13,100,700,14.0,0.6923076923076923,4.040404040404041,0.5466562075010044
14,0.0,14,100,700,14.0,0.6923076923076923,4.040404040404041,0.5466562075010044
14,0.0,15,100,700,14.0,0.6923076923076923,4.040404040404041,0.5466562075010044
14,0.0,16,100,700,14.0,0.6923076923076923,4.040404040404041,0.5466562075010044
14,0.0,17,100,700,14.0,0.6923076923076923,4.040404040404041,0.5466562075010044
14,0.0,18,100,700,14.0,0.6923076923076923,4.040404040404041,0.5466562075010044
14,0.0,19,100,700,14.0,0.6923076923076923,4.040404040404041,0.5466562075010044
14,0.0,20,100,700,14.0,0.6923076923076923,4.040404040404041,0.5466562075010044
14,0.0,21,100,700,14.0,0.6923076923076923,4.040404040404041,0.5466562075010044
14,0.0,22,100,700,14.0,0.6923076923076923,4.040404040404041,0.5466562075010044
14,0.0,23,100,700,14.0,0.6923076923076923,4.040404040404041,0.5466562075010044
14,0.0,24,100,700,14.0,0.6923076923076923,4.040404040404041,0.5466562075010044
14,0.0,25,100,700,14.0,0.6923076923076923,4.040404040404041,0.5466562075010044
14,0.0,26,100,700,14.0,0.6923076923076923,4.040404040404041,0.5466562075010044
14,0.0,27,100,700,14.0,0.6923076923076923,4.040404040404041,0.5466562075010044
14,0.0,28,100,700,14.0,0.6923076923076923,4.040404040404041,0.5466562075010044
14,0.0,29,100,700,14.0,0.6923076923076923,4.040404040404041,0.5466562075010044
14,0.01,0,100,700,14.0,0.6724578754578755,2.980808080808081,0.6334992485035498
14,0.01,1,100,700,14.0,0.6738618048618049,3.0973737373737373,0.6143325160472639
14,0.01,2,100,700,14.0,0.6838351648351648,3.6680808080808083,0.5663080265667084
14,0.01,3,100,700,14.0,0.6749679487179487,3.1406060606060606,0.5946415972069772
14,0.01,4,100,700,14.0,0.6687435897435897,2.9046464646464645,0.6808221429897336
14,0.01,5,100,700,14.0,0.6714049284049284,3.0917171717171716,0.6163186755142552
14,0.01,6,100,700,14.0,0.6771684981684981,3.3301010101010102,0.5691790880065584
14,0.01,7,100,700,14.0,0.6778498168498168,3.0917171717171716,0.6132633232185168
14,0.01,8,100,700,14.0,0.6748791208791209,3.221010101010101,0.5841417210940496
14,0.01,9,100,700,14.0,0.6595531135531135,2.7866666666666666,0.7872551283054017
14,0.01,10,100,700,14.0,0.6776858974358975,3.2052525252525252,0.6198589846189974
14,0.01,11,100,700,14.0,0.6805777555777556,3.276161616161616,0.5839470534917439
14,0.01,12,100,700,14.0,0.6854615384615385,3.5828282828282827,0.5453568458639464
14,0.01,13,100,700,14.0,0.6765824175824176,2.9575757575757575,0.6717194169207075
14,0.01,14,100,700,14.0,0.678919746919747,3.191313131313131,0.5976332049954144
14,0.01,15,100,700,14.0,0.6734652014652015,2.967878787878788,0.6577486850405554
14,0.01,16,100,700,14.0,0.6637106227106228,2.856969696969697,0.7112741894717387
14,0.01,17,100,700,14.0,0.6648135198135198,2.9155555555555557,0.659158110312394
14,0.01,18,100,700,14.0,0.6841025641025641,3.3519191919191917,0.5829148616325492
14,0.01,19,100,700,14.0,0.6658168498168499,2.815757575757576,0.7034206506110283
14,0.01,20,100,700,14.0,0.659989010989011,2.938787878787879,0.6443263379905755
14,0.01,21,100,700,14.0,0.6777142857142857,3.054141414141414,0.6037852537655897
14,0.01,22,100,700,14.0,0.6719183316683316,3.107070707070707,0.6090602083671681
14,0.01,23,100,700,14.0,0.662847569097569,2.8785858585858586,0.6998249101318139
14,0.01,24,100,700,14.0,0.6580541125541126,2.830909090909091,0.6859495496099155
14,0.01,25,100,700,14.0,0.683967032967033,3.386868686868687,0.5559003876231463
14,0.01,26,100,700,14.0,0.6671405261405262,2.9175757575757575,0.6827079524283399
14,0.01,27,100,700,14.0,0.6649047619047619,2.874747474747475,0.7068569890725662
14,0.01,28,100,700,14.0,0.6792527472527472,3.188282828282828,0.6175680555057637
14,0.01,29,100,700,14.0,0.667113553113553,3.124848484848485,0.6227968212013516
14,0.03,0,100,700,14.0,0.634034965034965,2.612929292929293,0.9651884403360482
14,0.03,1,100,700,14.0,0.6454935897435896,2.6977777777777776,0.7641651237289441
14,0.03,2,100,700,14.0,0.6267988677988678,2.603030303030303,0.9013597924871908
14,0.03,3,100,700,14.0,0.605670504332269,2.5117171717171716,1.0512080861248365
14,0.03,4,100,700,14.0,0.6595112387612387,2.83030303030303,0.6600343594282647
14,0.03,5,100,700,14.0,0.6302988090341032,2.63979797979798,0.8771617106085676
14,0.03,6,100,700,14.0,0.6262071262071262,2.5816161616161617,0.9911581722216511
14,0.03,7,100,700,14.0,0.6486043956043956,2.681010101010101,0.8383268322452004
14,0.03,8,100,700,14.0,0.660152097902098,2.810909090909091,0.7340013773089393
14,0.03,9,100,700,14.0,0.6510677655677655,2.794343434343434,0.6873709937906574
14,0.03,10,100,700,14.0,0.6364136696636696,2.667878787878788,0.8994254699122014
14,0.03,11,100,700,14.0,0.6266195471195471,2.6151515151515152,0.8956216314676538
14,0.03,12,100,700,14.0,0.6447316849816849,2.6454545454545455,0.8546802140791399
14,0.03,13,100,700,14.0,0.626947718947719,2.582020202020202,0.885259027104818
14,0.03,14,100,700,14.0,0.6503396603396604,2.8513131313131312,0.6636038515811307
14,0.03,15,100,700,14.0,0.6393183483183483,2.6834343434343433,0.8446010509989659
14,0.03,16,100,700,14.0,0.6381669996669996,2.667070707070707,0.8197779887799947
14,0.03,17,100,700,14.0,0.6311197968697969,2.5917171717171716,0.9486673581097179
14,0.03,18,100,700,14.0,0.6089302364302365,2.545252525252525,0.9541040143817294
14,0.03,19,100,700,14.0,0.6588049450549451,2.8345454545454545,0.6997254521361682
14,0.03,20,100,700,14.0,0.6327075424575425,2.602020202020202,0.9146246558162234
14,0.03,21,100,700,14.0,0.6295561105561106,2.6292929292929292,0.8592406687945369
14,0.03,22,100,700,14.0,0.6435546120546121,2.7117171717171717,0.8405714966593956
14,0.03,23,100,700,14.0,0.635110908699144,2.632323232323232,0.908528041162102
14,0.03,24,100,700,14.0,0.659439726939727,2.8527272727272726,0.6659763384624413
14,0.03,25,100,700,14.0,0.6454632867132867,2.685656565656566,0.8802265294708552
14,0.03,26,100,700,14.0,0.6251616716616717,2.5268686868686867,1.0692209321681454
14,0.03,27,100,700,14.0,0.6397820512820512,2.6305050505050507,0.8255631536628159
14,0.03,28,100,700,14.0,0.640555278055278,2.5846464646464646,0.932770543502383
14,0.03,29,100,700,14.0,0.6424734432234431,2.7824242424242422,0.7029203912200049
14,0.05,0,100,700,14.0,0.5995713453213454,2.5175757575757576,1.079515978857026
14,0.05,1,100,700,14.0,0.5896602564102564,2.486666666666667,1.2346264205594075
14,0.05,2,100,700,14.0,0.5986260406260406,2.4804040404040406,1.0125040227483852
14,0.05,3,100,700,14.0,0.5887719045660222,2.5383838383838384,1.0703482754396085
14,0.05,4,100,700,14.0,0.5947007159507159,2.477777777777778,1.071348373400772
14,0.05,5,100,700,14.0,0.6017224442224443,2.4767676767676767,1.1648397083028343
14,0.05,6,100,700,14.0,0.6034268231768232,2.52,1.1114817895468136
14,0.05,7,100,700,14.0,0.5774595404595404,2.4345454545454546,1.3653877688297613
14,0.05,8,100,700,14.0,0.5983146853146853,2.4814141414141413,1.2143604477190282
14,0.05,9,100,700,14.0,0.5961104728604729,2.4466666666666668,1.1331346895131094
14,0.05,10,100,700,14.0,0.6125769394004688,2.57010101010101,1.0308974739953212
14,0.05,11,100,700,14.0,0.6153817848817849,2.5303030303030303,1.040758575916805
14,0.05,12,100,700,14.0,0.6213555611055611,2.4971717171717174,1.1814454718639922
14,0.05,13,100,700,14.0,0.6037409600203718,2.525252525252525,1.1180520321640675
14,0.05,14,100,700,14.0,0.5967593240093241,2.4844444444444442,1.1531204104076107
14,0.05,15,100,700,14.0,0.5958068598068598,2.458181818181818,1.196880003400727
14,0.05,16,100,700,14.0,0.5848939393939394,2.444848484848485,1.2861615456780056
14,0.05,17,100,700,14.0,0.6232882117882118,2.5432323232323233,1.0269670803486222
14,0.05,18,100,700,14.0,0.5904199966699967,2.4705050505050505,1.1514111620829355
14,0.05,19,100,700,14.0,0.6195188145188145,2.533939393939394,1.0939576714905326
14,0.05,20,100,700,14.0,0.601490675990676,2.474949494949495,1.1827720455646358
14,0.05,21,100,700,14.0,0.6337748085248085,2.613737373737374,0.8928977946779899
14,0.05,22,100,700,14.0,0.6021018981018981,2.492929292929293,1.102464707782167
14,0.05,23,100,700,14.0,0.6103964368964369,2.514747474747475,1.0541200797407544
14,0.05,24,100,700,14.0,0.6240851648351649,2.5991919191919193,0.9196222074327386
14,0.05,25,100,700,14.0,0.5759937219643102,2.4367676767676767,1.1894571834645773
14,0.05,26,100,700,14.0,0.5890420070125952,2.458181818181818,1.2022822660744459
14,0.05,27,100,700,14.0,0.5777549424259951,2.426262626262626,1.2877898750764252
14,0.05,28,100,700,14.0,0.5912855477855478,2.4509090909090907,1.224157414848438
14,0.05,29,100,700,14.0,0.5941376956376956,2.5616161616161617,0.9861700019426349
14,0.1,0,100,700,14.0,0.5348910256410256,2.338787878787879,1.607687082124569
14,0.1,1,100,700,14.0,0.5183106746194981,2.3264646464646463,1.7428782730015335
14,0.1,2,100,700,14.0,0.5135811818900055,2.32020202020202,1.8652106878748929
14,0.1,3,100,700,14.0,0.5177973790914967,2.3256565656565655,1.688830176906936
14,0.1,4,100,700,14.0,0.5015626285479227,2.297171717171717,1.8597260100929474
14,0.1,5,100,700,14.0,0.5390876795203421,2.347272727272727,1.4778486061481053
14,0.1,6,100,700,14.0,0.5510125707625708,2.393131313131313,1.3075682944868054
14,0.1,7,100,700,14.0,0.5035318651936299,2.3052525252525253,1.7139582111769818
14,0.1,8,100,700,14.0,0.5240484890926067,2.3375757575757574,1.6230931738200822
14,0.1,9,100,700,14.0,0.5234813421872245,2.3575757575757574,1.5434600669181715
14,0.1,10,100,700,14.0,0.5226361791802968,2.3365656565656567,1.741674023368287
14,0.1,11,100,700,14.0,0.5539469452116511,2.3935353535353534,1.514703824064753
14,0.1,12,100,700,14.0,0.5344903919609802,2.362828282828283,1.392524764925882
14,0.1,13,100,700,14.0,0.49808201275848335,2.268080808080808,1.965030915429872
14,0.1,14,100,700,14.0,0.5179240318505024,2.330909090909091,1.8332053664471628
14,0.1,15,100,700,14.0,0.4930039274451039,2.293131313131313,1.9174981553659523
14,0.1,16,100,700,14.0,0.5456429550841315,2.3604040404040405,1.4849951610608882
14,0.1,17,100,700,14.0,0.4925631982396688,2.290909090909091,1.96876030162145
14,0.1,18,100,700,14.0,0.554826521517698,2.41030303030303,1.3405104519494362
14,0.1,19,100,700,14.0,0.5320523104346634,2.377979797979798,1.5290560280584649
14,0.1,20,100,700,14.0,0.5208327260974319,2.341818181818182,1.866039067083878
14,0.1,21,100,700,14.0,0.5185701490631831,2.334949494949495,1.6154294329814376
14,0.1,22,100,700,14.0,0.5334762247556365,2.3571717171717173,1.5648418573751965
14,0.1,23,100,700,14.0,0.541140633875928,2.3486868686868685,1.6536551403788646
14,0.1,24,100,700,14.0,0.5346260177730766,2.3636363636363638,1.4436599920472357
14,0.1,25,100,700,14.0,0.534205289808231,2.3313131313131312,1.7528501317545073
14,0.1,26,100,700,14.0,0.5365855957767722,2.338787878787879,1.73417621144594
14,0.1,27,100,700,14.0,0.5053522653816771,2.2903030303030305,1.8318421767283082
14,0.1,28,100,700,14.0,0.5457698135198136,2.367272727272727,1.468498311385494
14,0.1,29,100,700,14.0,0.5166285968933028,2.3092929292929294,1.9149192291724157
14,0.2,0,100,700,14.0,0.3739669578787226,2.158181818181818,3.0751618026826324
14,0.2,1,100,700,14.0,0.36342313852298375,2.1424242424242426,3.3428330197361817
14,0.2,2,100,700,14.0,0.40077180988945693,2.1698989898989898,2.8933900680123936
14,0.2,3,100,700,14.0,0.38126240426240426,2.1755555555555555,3.030306690450968
14,0.2,4,100,700,14.0,0.3879418130888719,2.1606060606060606,2.9401372323817285
14,0.2,5,100,700,14.0,0.393702499512871,2.16969696969697,2.9081410595003305
14,0.2,6,100,700,14.0,0.4065402538637833,2.2107070707070706,2.4711424365595858
14,0.2,7,100,700,14.0,0.3798293716087834,2.1575757575757577,3.0709070874382314
14,0.2,8,100,700,14.0,0.40578684550743377,2.1840404040404042,2.630704448619867
14,0.2,9,100,700,14.0,0.4373980463980464,2.2292929292929293,2.2677242920791363
14,0.2,10,100,700,14.0,0.3858859147388559,2.1569696969696968,3.178494613538025
14,0.2,11,100,700,14.0,0.3891707230677819,2.1674747474747473,2.9246367860235436
14,0.2,12,100,700,14.0,0.3834708428826076,2.1547474747474746,2.849136299688875
14,0.2,13,100,700,14.0,0.4027923481747011,2.175757575757576,2.976288190824714
14,0.2,14,100,700,14.0,0.39110275878232537,2.1713131313131315,2.765980824261917
14,0.2,15,100,700,14.0,0.40342852898735254,2.1791919191919193,2.9129720647110617
14,0.2,16,100,700,14.0,0.3629071075982841,2.1432323232323234,3.350180839737951
14,0.2,17,100,700,14.0,0.4097026437614673,2.192121212121212,2.7413152722618874
14,0.2,18,100,700,14.0,0.3572667818937169,2.1446464646464647,3.0853630878145304
14,0.2,19,100,700,14.0,0.3923416110033757,2.1717171717171717,2.8665337979508125
14,0.2,20,100,700,14.0,0.3655639980934099,2.1373737373737374,3.3689166392006062
14,0.2,21,100,700,14.0,0.40260530645824766,2.1743434343434345,3.051202880863077
14,0.2,22,100,700,14.0,0.3677519931049343,2.144040404040404,3.3677449288908194
14,0.2,23,100,700,14.0,0.37582114179250403,2.155959595959596,2.9813571313593235
14,0.2,24,100,700,14.0,0.40162968240909414,2.1787878787878787,2.6952783126556272
14,0.2,25,100,700,14.0,0.39974769021827844,2.180808080808081,2.8498886939282815
14,0.2,26,100,700,14.0,0.37791159983807043,2.1577777777777776,3.0330085527860065
14,0.2,27,100,700,14.0,0.41412069664082046,2.187878787878788,2.5004819766692448
14,0.2,28,100,700,14.0,0.4252712481876568,2.1963636363636363,2.71557800710172
14,0.2,29,100,700,14.0,0.39455924536419895,2.168888888888889,2.904277480161951
14,0.3,0,100,700,14.0,0.3180629166155482,2.0866666666666664,3.6481584518012715
14,0.3,1,100,700,14.0,0.3072358088248181,2.081818181818182,3.8630007602772016
14,0.3,2,100,700,14.0,0.28339548446049995,2.065252525252525,4.011555579542646
14,0.3,3,100,700,14.0,0.29507166517692834,2.0898989898989897,3.7160874631858647
14,0.3,4,100,700,14.0,0.3122834028716382,2.0993939393939396,3.8848741427286337
14,0.3,5,100,700,14.0,0.28488389551624843,2.0816161616161617,3.944293856256899
14,0.3,6,100,700,14.0,0.29256655805494813,2.092323232323232,3.591313293829499
14,0.3,7,100,700,14.0,0.2838072678955032,2.076363636363636,3.8452262498702394
14,0.3,8,100,700,14.0,0.29210168993373326,2.082626262626263,4.009865178101997
14,0.3,9,100,700,14.0,0.2848192846884797,2.0797979797979798,4.097024168654278
14,0.3,10,100,700,14.0,0.27237212366237135,2.0686868686868687,4.44991944612148
14,0.3,11,100,700,14.0,0.2648884918830739,2.054949494949495,4.530275857397627
14,0.3,12,100,700,14.0,0.29400484319601966,2.073737373737374,4.053381023994171
14,0.3,13,100,700,14.0,0.3134730684691985,2.1113131313131315,3.6962000787644422
14,0.3,14,100,700,14.0,0.29186614039555214,2.0846464646464646,3.9352294050181555
14,0.3,15,100,700,14.0,0.2937125444215227,2.083030303030303,3.8894334232079553
14,0.3,16,100,700,14.0,0.29001941685765215,2.0721212121212123,4.249359062076336
14,0.3,17,100,700,14.0,0.2891728678957781,2.0715151515151513,4.218095476304991
14,0.3,18,100,700,14.0,0.2951162184049181,2.0717171717171716,4.143173754288707
14,0.3,19,100,700,14.0,0.3183175207145795,2.0905050505050506,4.011585677855507
14,0.3,20,100,700,14.0,0.3002518144050652,2.0862626262626263,3.925703835209367
14,0.3,21,100,700,14.0,0.2914796291599697,2.0814141414141414,4.013550889047201
14,0.3,22,100,700,14.0,0.28611061624993517,2.074949494949495,4.298516917019738
14,0.3,23,100,700,14.0,0.2792779141223414,2.069292929292929,4.236446473080216
14,0.3,24,100,700,14.0,0.3313886405991669,2.104848484848485,3.3811530541246437
14,0.3,25,100,700,14.0,0.2593889169825702,2.052929292929293,4.61202189899467
14,0.3,26,100,700,14.0,0.271565307499518,2.0632323232323233,4.335655132747968
14,0.3,27,100,700,14.0,0.314047274620804,2.101010101010101,3.808935483526639
14,0.3,28,100,700,14.0,0.30008836502334957,2.0939393939393938,3.7341765115291645
14,0.3,29,100,700,14.0,0.30024542377426344,2.09010101010101,3.7484910738470396
14,0.4,0,100,700,14.0,0.2379076485949551,2.0428282828282827,4.7360728339121705
14,0.4,1,100,700,14.0,0.2226374896173658,2.0185858585858587,5.2895935403120315
14,0.4,2,100,700,14.0,0.22423708266277928,2.02040404040404,5.52610997217522
14,0.4,3,100,700,14.0,0.22927723575014597,2.0254545454545454,5.084162867085368
14,0.4,4,100,700,14.0,0.2255350172703114,2.0234343434343436,5.355003205927221
14,0.4,5,100,700,14.0,0.2383884698892439,2.0345454545454547,5.041505073656057
14,0.4,6,100,700,14.0,0.24543697822645189,2.0355555555555553,4.8107188158779755
14,0.4,7,100,700,14.0,0.22456464046789126,2.0197979797979797,5.14627002895405
14,0.4,8,100,700,14.0,0.22444004653756977,2.0254545454545454,4.885455232587963
14,0.4,9,100,700,14.0,0.24572497145097763,2.04969696969697,4.522704099886152
14,0.4,10,100,700,14.0,0.22684512408815813,2.020808080808081,4.989456931733378
14,0.4,11,100,700,14.0,0.2147618979747463,2.019191919191919,5.18795536444763
14,0.4,12,100,700,14.0,0.22758829844046563,2.021818181818182,5.2790443559103695
14,0.4,13,100,700,14.0,0.22062631761083776,2.0272727272727273,4.900138112836503
14,0.4,14,100,700,14.0,0.22500885389120684,2.025858585858586,4.97460633737537
14,0.4,15,100,700,14.0,0.24101831622110262,2.042222222222222,4.7740294214514885
14,0.4,16,100,700,14.0,0.22569346314160554,2.0264646464646465,4.999289569408443
14,0.4,17,100,700,14.0,0.21956046456123854,2.030707070707071,5.143545581303622
14,0.4,18,100,700,14.0,0.2505894854199808,2.0385858585858587,4.767460279953051
14,0.4,19,100,700,14.0,0.2224597845395059,2.0226262626262628,5.155466940987579
14,0.4,20,100,700,14.0,0.24153931852461263,2.052929292929293,4.271940628379565
14,0.4,21,100,700,14.0,0.24161958217221374,2.0414141414141413,4.532912307264415
14,0.4,22,100,700,14.0,0.25499087513793395,2.0482828282828285,4.74688039167322
14,0.4,23,100,700,14.0,0.21695336277070024,2.0224242424242425,5.403402773961616
14,0.4,24,100,700,14.0,0.22336265171017494,2.0234343434343436,5.0509598708012255
14,0.4,25,100,700,14.0,0.23541064654299948,2.0296969696969698,4.918223566839095
14,0.4,26,100,700,14.0,0.22070109852307992,2.0232323232323233,4.966017659513419
14,0.4,27,100,700,14.0,0.25521794579689316,2.050909090909091,4.675077630309427
14,0.4,28,100,700,14.0,0.24195479236965306,2.0436363636363635,4.700002117062268
14,0.4,29,100,700,14.0,0.22948683136608833,2.0268686868686867,5.30377143436826
14,0.5,0,100,700,14.0,0.17819266423291188,1.993939393939394,5.812951620671437
14,0.5,1,100,700,14.0,0.17792020964931182,1.9808080808080808,5.977389242416388
14,0.5,2,100,700,14.0,0.19191676082775153,2.0094949494949494,5.33425206642524
14,0.5,3,100,700,14.0,0.18340287730845006,1.9935353535353535,5.732199359033865
14,0.5,4,100,700,14.0,0.17152056852676048,1.983030303030303,6.005115319530072
14,0.5,5,100,700,14.0,0.18193555309499584,2.0002020202020203,5.665643797440776
14,0.5,6,100,700,14.0,0.17573074672145877,1.9947474747474747,5.91065403537845
14,0.5,7,100,700,14.0,0.19005136495771172,1.9943434343434343,5.451482662822259
14,0.5,8,100,700,14.0,0.17095308681686391,1.9884848484848485,5.82862838163862
14,0.5,9,100,700,14.0,0.1673192504090337,1.9913131313131314,5.889578971687067
14,0.5,10,100,700,14.0,0.17917842949963692,1.987070707070707,6.182593377701277
14,0.5,11,100,700,14.0,0.1765073703386397,1.9937373737373738,5.721542578853549
14,0.5,12,100,700,14.0,0.19428034426873433,1.9947474747474747,5.84006282846685
14,0.5,13,100,700,14.0,0.1792886497747179,2.0026262626262628,5.766976221061682
14,0.5,14,100,700,14.0,0.18357349702241343,1.9937373737373738,6.040080250357191
14,0.5,15,100,700,14.0,0.17367987903049822,1.9933333333333334,5.729855591233219
14,0.5,16,100,700,14.0,0.1869463164974001,1.9981818181818183,5.734246192730484
14,0.5,17,100,700,14.0,0.1920609669827936,2.0006060606060605,5.764898082098989
14,0.5,18,100,700,14.0,0.17852139071798515,1.9880808080808081,5.949595800326683
14,0.5,19,100,700,14.0,0.18787563374018482,2.0024242424242424,5.606354380572944
14,0.5,20,100,700,14.0,0.18329942572047833,1.9961616161616162,6.076493853115027
14,0.5,21,100,700,14.0,0.1859424930934219,1.9965656565656567,5.639017392531052
14,0.5,22,100,700,14.0,0.19009722587354166,1.998989898989899,5.873896733537516
14,0.5,23,100,700,14.0,0.1800298287883427,2.0,5.7578995530850445
14,0.5,24,100,700,14.0,0.1842969501258975,1.9935353535353535,5.71257862599791
14,0.5,25,100,700,14.0,0.17095600529501456,1.9842424242424241,5.818240877013277
14,0.5,26,100,700,14.0,0.1856254084752537,1.990909090909091,6.337665580997607
14,0.5,27,100,700,14.0,0.1827964751107166,1.9905050505050506,5.769369108280277
14,0.5,28,100,700,14.0,0.1913305547221956,2.0006060606060605,5.649057109183633
14,0.5,29,100,700,14.0,0.19063071757963398,2.007070707070707,5.037160507448443
14,0.7,0,100,700,14.0,0.13972038917394955,1.9686868686868686,6.771717667568769
14,0.7,1,100,700,14.0,0.14811160167661716,1.9763636363636363,6.538422518412582
14,0.7,2,100,700,14.0,0.1493795899662773,1.9743434343434343,6.741887676707797
14,0.7,3,100,700,14.0,0.1391993995856225,1.9763636363636363,6.054691279093241
14,0.7,4,100,700,14.0,0.14072228270525483,1.9715151515151514,6.512969198667192
14,0.7,5,100,700,14.0,0.13278771228771227,1.9668686868686869,6.639886184569848
14,0.7,6,100,700,14.0,0.1485163439931242,1.9674747474747474,6.587519185232553
14,0.7,7,100,700,14.0,0.1346294902208215,1.9701010101010101,6.646178098467503
14,0.7,8,100,700,14.0,0.1391087740948422,1.967070707070707,6.673478184472569
14,0.7,9,100,700,14.0,0.1424212654390673,1.9652525252525253,6.491700202647082
14,0.7,10,100,700,14.0,0.13551778450307864,1.9713131313131314,6.851458196800938
14,0.7,11,100,700,14.0,0.1407357782396482,1.9630303030303031,6.556654243151685
14,0.7,12,100,700,14.0,0.13480055919088763,1.9642424242424243,6.534425920086378
14,0.7,13,100,700,14.0,0.1399785942471701,1.9666666666666666,6.761236773051099
14,0.7,14,100,700,14.0,0.1495165393601926,1.9785858585858587,6.192965000465013
14,0.7,15,100,700,14.0,0.13809120540622088,1.9676767676767677,6.480349249591724
14,0.7,16,100,700,14.0,0.1377975244569672,1.977979797979798,6.8161953404745415
14,0.7,17,100,700,14.0,0.14287223045272582,1.9739393939393939,6.391699749943591
14,0.7,18,100,700,14.0,0.15715978534709185,1.9686868686868686,6.16153662260657
14,0.7,19,100,700,14.0,0.1412924986090621,1.9694949494949494,6.668178371948581
14,0.7,20,100,700,14.0,0.13802645763249477,1.9612121212121212,6.792417685072853
14,0.7,21,100,700,14.0,0.1481029225332631,1.9672727272727273,6.552151838692737
14,0.7,22,100,700,14.0,0.1357167839040904,1.9717171717171718,6.711341224687498
14,0.7,23,100,700,14.0,0.1408105676573169,1.9713131313131314,6.641012769906463
14,0.7,24,100,700,14.0,0.13708105147346633,1.9733333333333334,6.559502455155171
14,0.7,25,100,700,14.0,0.14299904773588984,1.9694949494949494,6.492527479854136
14,0.7,26,100,700,14.0,0.15465008039775843,1.9717171717171718,6.354835747074235
14,0.7,27,100,700,14.0,0.13243271219664407,1.9666666666666666,6.594422359236011
14,0.7,28,100,700,14.0,0.1437475893387658,1.9713131313131314,6.103949698250865
14,0.7,29,100,700,14.0,0.1410832852218301,1.964040404040404,6.717396484726051
14,0.9,0,100,700,14.0,0.13616436040739446,1.9597979797979799,6.866190424985861
14,0.9,1,100,700,14.0,0.12924156390565059,1.9628282828282828,6.653259300540066
14,0.9,2,100,700,14.0,0.12720926476344432,1.957979797979798,6.69960932566217
14,0.9,3,100,700,14.0,0.12218465619273265,1.962020202020202,6.822221608394087
14,0.9,4,100,700,14.0,0.13051630540680212,1.961010101010101,6.680357138068075
14,0.9,5,100,700,14.0,0.12889227001069106,1.9634343434343435,6.644478383427266
14,0.9,6,100,700,14.0,0.12841512460707508,1.964040404040404,6.9411911521408864
14,0.9,7,100,700,14.0,0.1244642621740145,1.9632323232323232,7.010948754683148
14,0.9,8,100,700,14.0,0.1276118214430908,1.955151515151515,7.036400752848659
14,0.9,9,100,700,14.0,0.13142652160211724,1.9537373737373738,6.967574663775296
14,0.9,10,100,700,14.0,0.12844402707715402,1.9686868686868686,6.8498658103673105
14,0.9,11,100,700,14.0,0.1269085003179767,1.9608080808080808,6.353561510622648
14,0.9,12,100,700,14.0,0.1386500200006392,1.9703030303030302,6.527804872113717
14,0.9,13,100,700,14.0,0.13132956225061487,1.968888888888889,6.9633875260506635
14,0.9,14,100,700,14.0,0.13575004737937166,1.9664646464646465,6.991161215280918
14,0.9,15,100,700,14.0,0.1428708729351144,1.9644444444444444,6.4478128111325566
14,0.9,16,100,700,14.0,0.13336296495042624,1.966060606060606,6.903745722105674
14,0.9,17,100,700,14.0,0.1270324712267437,1.9668686868686869,6.695406449820253
14,0.9,18,100,700,14.0,0.1286692426080971,1.974949494949495,6.606616862205903
14,0.9,19,100,700,14.0,0.13058996748006035,1.9636363636363636,6.040660546659148
14,0.9,20,100,700,14.0,0.12201620971048216,1.9608080808080808,6.556280156033624
14,0.9,21,100,700,14.0,0.1320945047384676,1.9662626262626262,6.850417128681536
14,0.9,22,100,700,14.0,0.13449153684293003,1.964040404040404,6.653981649786291
14,0.9,23,100,700,14.0,0.13965357776038892,1.9684848484848485,6.690403086047759
14,0.9,24,100,700,14.0,0.1276009347549595,1.96,6.26941814879054
14,0.9,25,100,700,14.0,0.12513407464568455,1.9626262626262627,6.812964950266451
14,0.9,26,100,700,14.0,0.13083179629780786,1.9656565656565657,6.634452052802464
14,0.9,27,100,700,14.0,0.1391052467484356,1.967070707070707,6.743213818588233
14,0.9,28,100,700,14.0,0.12996053507895614,1.962020202020202,5.673809743868182
14,0.9,29,100,700,14.0,0.13690899065936082,1.9678787878787878,6.701635533592043
14,1.0,0,100,700,14.0,0.1323257183992478,1.9727272727272727,6.863090368550177
14,1.0,1,100,700,14.0,0.12729890792042495,1.9602020202020203,6.775128085827592
14,1.0,2,100,700,14.0,0.13005666521301196,1.9777777777777779,5.942509906103424
14,1.0,3,100,700,14.0,0.13674026575419765,1.9791919191919192,6.596808845811108
14,1.0,4,100,700,14.0,0.13381871267707182,1.968888888888889,6.862797178296187
14,1.0,5,100,700,14.0,0.12824453496280122,1.9612121212121212,6.470399832571114
14,1.0,6,100,700,14.0,0.11711027714975084,1.9591919191919192,6.68724436902747
14,1.0,7,100,700,14.0,0.13010328723564016,1.9595959595959596,6.87021234807993
14,1.0,8,100,700,14.0,0.13708549147790636,1.9585858585858587,6.808356785761261
14,1.0,9,100,700,14.0,0.13320321414052064,1.9561616161616162,6.844887369357191
14,1.0,10,100,700,14.0,0.12804728286849032,1.9636363636363636,6.18627370548176
14,1.0,11,100,700,14.0,0.13525480101254095,1.9692929292929293,6.856175603430285
14,1.0,12,100,700,14.0,0.1456798315203888,1.9652525252525253,6.591964053157421
14,1.0,13,100,700,14.0,0.13486795260422263,1.970909090909091,6.141213073215714
14,1.0,14,100,700,14.0,0.13178428028799546,1.9622222222222223,6.617957804623607
14,1.0,15,100,700,14.0,0.13059969622740522,1.9571717171717171,5.998986380583117
14,1.0,16,100,700,14.0,0.13402150163218274,1.9597979797979799,6.515636034981397
14,1.0,17,100,700,14.0,0.13744797703156836,1.968080808080808,6.577290471836469
14,1.0,18,100,700,14.0,0.13129468931481317,1.9662626262626262,6.832789822721416
14,1.0,19,100,700,14.0,0.13538956696225507,1.9737373737373738,6.843462825608478
14,1.0,20,100,700,14.0,0.14754654719205804,1.9713131313131314,6.275587059941016
14,1.0,21,100,700,14.0,0.1389931540767454,1.9664646464646465,6.093615202090969
14,1.0,22,100,700,14.0,0.1389036025034477,1.9644444444444444,6.811577958175506
14,1.0,23,100,700,14.0,0.1441576290067002,1.9648484848484848,6.5629355301056735
14,1.0,24,100,700,14.0,0.1339740188432139,1.9696969696969697,6.609134717265127
14,1.0,25,100,700,14.0,0.13842295277821592,1.9591919191919192,6.705378506105341
14,1.0,26,100,700,14.0,0.12863993539999732,1.9668686868686869,6.772297424018329
14,1.0,27,100,700,14.0,0.12393727643185848,1.9715151515151514,6.670284979476952
14,1.0,28,100,700,14.0,0.1371995730447743,1.9701010101010101,6.619030344997291
14,1.0,29,100,700,14.0,0.13252688006867575,1.971111111111111,6.448584822080104
