m,t,model,variance_mean,sem_total,sem_network,sem_runs
25,0,model1_fixed_q,0.08320029880003578,8.985935474008218e-05,8.985935474008218e-05,7.802115398624772e-05
25,0,model3_dynamic_q,0.08337347074138218,8.740720535332202e-05,8.740720535332202e-05,7.44383585825338e-05
25,1,model1_fixed_q,0.06387618675508658,0.0001021045808897429,0.0001021045808897429,9.667708100969243e-05
25,1,model3_dynamic_q,0.0702802953913605,0.00011118340111773805,0.00011007537819052597,0.00011118340111773805
25,2,model1_fixed_q,0.05477542787337501,9.10053060685563e-05,8.87119497673251e-05,9.10053060685563e-05
25,2,model3_dynamic_q,0.06361623567640405,0.00014168170367061678,0.00014168170367061678,0.00012929874591096968
25,3,model1_fixed_q,0.050323786051039265,8.609128499332852e-05,7.615011745128881e-05,8.609128499332852e-05
25,3,model3_dynamic_q,0.05992772498437187,0.0001552333521457277,0.0001552333521457277,0.00013300272624738502
25,4,model1_fixed_q,0.04798016527831819,8.52964781543522e-05,8.52964781543522e-05,8.436669439627712e-05
25,4,model3_dynamic_q,0.057888529681242036,0.00014793310243597,0.00014793310243596997,0.00013073695830494674
25,5,model1_fixed_q,0.04682624245622725,8.670783863014598e-05,8.670783863014597e-05,8.232167596667799e-05
25,5,model3_dynamic_q,0.05684956081140173,0.00015762196025918525,0.00015762196025918525,0.00013341698294478446
25,6,model1_fixed_q,0.046134178167265845,8.481762784297972e-05,8.481762784297972e-05,8.128076545485305e-05
25,6,model3_dynamic_q,0.05618813286917955,0.00016029516026714024,0.00016029516026714024,0.0001304646208328348
25,7,model1_fixed_q,0.04585855933243034,7.881625198545126e-05,7.613151194289958e-05,7.881625198545126e-05
25,7,model3_dynamic_q,0.05558535941744126,0.00013484156577554037,0.00013484156577554037,0.00013404765511000226
25,8,model1_fixed_q,0.04583375620638164,7.756863178572591e-05,6.927596968213329e-05,7.756863178572591e-05
25,8,model3_dynamic_q,0.0551992853264281,0.00013053931076245217,0.00011425063691286643,0.00013053931076245217
25,9,model1_fixed_q,0.0457048272320602,7.945822753308066e-05,7.002099431260717e-05,7.945822753308066e-05
25,9,model3_dynamic_q,0.055343216646040035,0.00013262331737719663,0.00012432059955675963,0.00013262331737719663
25,10,model1_fixed_q,0.04570915290211982,8.300940375909124e-05,8.237906776247089e-05,8.300940375909124e-05
25,10,model3_dynamic_q,0.05515266239304671,0.0001341143814266602,0.00012889735635494617,0.0001341143814266602
25,11,model1_fixed_q,0.04558859146013131,7.706163030039295e-05,6.541634163606651e-05,7.706163030039295e-05
25,11,model3_dynamic_q,0.055060830060354546,0.000133641252187869,0.00012539227123427893,0.000133641252187869
25,12,model1_fixed_q,0.04560050453164777,7.887847807039051e-05,5.936307942696342e-05,7.887847807039051e-05
25,12,model3_dynamic_q,0.054981430854458196,0.0001333434244394863,0.0001323784812920738,0.0001333434244394863
25,13,model1_fixed_q,0.04554135192868833,9.766758108231955e-05,9.766758108231955e-05,7.667434837127336e-05
25,13,model3_dynamic_q,0.0551413792546206,0.00015823835138769265,0.00015823835138769262,0.00013113920393916805
25,14,model1_fixed_q,0.04549009505032168,8.11789157873477e-05,8.117891578734769e-05,7.41648499927356e-05
25,14,model3_dynamic_q,0.055323302746350826,0.0001401283079818932,0.00014012830798189316,0.00013543456382954043
25,15,model1_fixed_q,0.045539315342559845,8.325573871145789e-05,8.325573871145789e-05,7.588506821314924e-05
25,15,model3_dynamic_q,0.05527029397842454,0.00014996532539926787,0.00014996532539926787,0.00012902165778314793
25,16,model1_fixed_q,0.04552996022198276,7.828818780169937e-05,7.828818780169937e-05,7.519256901638977e-05
25,16,model3_dynamic_q,0.05506431721313828,0.0001790767175937994,0.0001790767175937994,0.00013409978894760255
25,17,model1_fixed_q,0.04547313434526886,8.439501304502375e-05,8.439501304502375e-05,7.71265646422652e-05
25,17,model3_dynamic_q,0.05521246382386431,0.00019736983354272765,0.00019736983354272765,0.0001362041499900551
25,18,model1_fixed_q,0.04541290523562348,7.90489023981305e-05,7.90489023981305e-05,7.832668225747423e-05
25,18,model3_dynamic_q,0.05517211720986118,0.00018317968255365227,0.00018317968255365227,0.00013679158483414337
25,19,model1_fixed_q,0.04529697646837996,8.156085418497018e-05,7.130836748697546e-05,8.156085418497018e-05
25,19,model3_dynamic_q,0.055156167432049534,0.00015966917039701616,0.00015966917039701614,0.00013599314568636014
25,20,model1_fixed_q,0.04540483693546781,7.640302936008921e-05,7.546419895098197e-05,7.640302936008921e-05
25,20,model3_dynamic_q,0.05511140114588854,0.00016677813133547756,0.00016677813133547756,0.00012669982973486992
25,21,model1_fixed_q,0.045427022478036205,7.651874594048182e-05,6.770664899628294e-05,7.651874594048182e-05
25,21,model3_dynamic_q,0.05509181087323347,0.00017693434799575142,0.00017693434799575145,0.00013030268263262594
25,22,model1_fixed_q,0.0454528068409185,7.753753528727018e-05,7.541925116413312e-05,7.753753528727018e-05
25,22,model3_dynamic_q,0.05499564880980624,0.00019164082261752266,0.00019164082261752263,0.00012954557579796197
25,23,model1_fixed_q,0.045530592966797706,7.822826519846286e-05,7.27877499409962e-05,7.822826519846286e-05
25,23,model3_dynamic_q,0.055278407950317576,0.00017966157940683413,0.0001796615794068341,0.00012953685906249822
25,24,model1_fixed_q,0.04558861794428851,8.102132760655597e-05,8.057280564151345e-05,8.102132760655597e-05
25,24,model3_dynamic_q,0.055109284136583364,0.00016151351258606708,0.00016151351258606708,0.00012913899536301293
25,25,model1_fixed_q,0.04555454908538218,7.826065300843213e-05,7.718274466708213e-05,7.826065300843213e-05
25,25,model3_dynamic_q,0.05491317722152939,0.0001290523025349462,0.00012714716009982552,0.0001290523025349462
25,26,model1_fixed_q,0.04558390942319964,8.297962108294242e-05,8.297962108294242e-05,7.878912804196017e-05
25,26,model3_dynamic_q,0.05491094558667645,0.0001224079380234846,0.00011553112008003291,0.0001224079380234846
25,27,model1_fixed_q,0.04559466655449748,8.655516895055965e-05,8.655516895055965e-05,7.880027301917783e-05
25,27,model3_dynamic_q,0.05500278939863926,0.00013224267171007328,0.00012036469789776504,0.00013224267171007328
25,28,model1_fixed_q,0.04562370585211331,8.415160504046894e-05,8.415160504046894e-05,7.889077176259438e-05
25,28,model3_dynamic_q,0.05493372820524068,0.0001350407701820348,0.00013504077018203477,0.00013012997100241174
25,29,model1_fixed_q,0.04550354186060748,9.857300736030705e-05,9.857300736030705e-05,7.941807759375165e-05
25,29,model3_dynamic_q,0.05506456601388646,0.00012904955661884832,0.00011781737915185768,0.00012904955661884832
25,30,model1_fixed_q,0.04557166965210648,8.107558210188681e-05,8.10755821018868e-05,7.685767765803307e-05
25,30,model3_dynamic_q,0.0551123326846525,0.00012817044422480466,0.00010742121398453695,0.00012817044422480466
25,31,model1_fixed_q,0.04567599142201087,7.913564862445347e-05,7.248413910642543e-05,7.913564862445347e-05
25,31,model3_dynamic_q,0.05513050323037728,0.00013265180831237416,0.0001224641694181964,0.00013265180831237416
25,32,model1_fixed_q,0.045614809022225776,7.734420228959619e-05,6.677388474644616e-05,7.734420228959619e-05
25,32,model3_dynamic_q,0.0549964615094024,0.00013335040480833943,0.00012966824364102168,0.00013335040480833943
25,33,model1_fixed_q,0.045612336597964584,8.363151436504341e-05,8.363151436504341e-05,7.453795860257564e-05
25,33,model3_dynamic_q,0.0552397032410007,0.00013232678705890372,0.0001305214939246534,0.00013232678705890372
25,34,model1_fixed_q,0.045394890680312425,8.48099375607544e-05,8.480993756075438e-05,7.704162563198969e-05
25,34,model3_dynamic_q,0.05532502732769382,0.0001308811524931299,0.00010577930694165028,0.0001308811524931299
25,35,model1_fixed_q,0.045492782778176144,7.892986041036316e-05,7.868938548028985e-05,7.892986041036316e-05
25,35,model3_dynamic_q,0.05524790075837706,0.00012495593683355507,0.00011411695994990181,0.00012495593683355507
25,36,model1_fixed_q,0.04549381170805437,7.47031752395053e-05,6.446075164678023e-05,7.47031752395053e-05
25,36,model3_dynamic_q,0.05531835349216617,0.00014803218111008007,0.00014803218111008007,0.000138754039598215
25,37,model1_fixed_q,0.04561508877937954,8.178951081974853e-05,8.178951081974853e-05,7.852278469128537e-05
25,37,model3_dynamic_q,0.0552586833177778,0.00014264702898421545,0.00014264702898421545,0.00014015077218601025
25,38,model1_fixed_q,0.045666507435673374,8.139511090005635e-05,8.139511090005635e-05,8.029314168629536e-05
25,38,model3_dynamic_q,0.05538351155357166,0.0001377333440592536,0.0001377333440592536,0.00013720195661738835
25,39,model1_fixed_q,0.04544212280134594,8.841177441256557e-05,8.841177441256557e-05,7.767264592272011e-05
25,39,model3_dynamic_q,0.055404085816397206,0.00013847184549808263,0.00013847184549808263,0.00012912631424588075
25,40,model1_fixed_q,0.04548720505250924,7.774872467208864e-05,6.220766456915109e-05,7.774872467208864e-05
25,40,model3_dynamic_q,0.05527291416901359,0.00013150007804174906,0.00013046713381847968,0.00013150007804174906
25,41,model1_fixed_q,0.04564233141669604,7.825777935831899e-05,7.825777935831898e-05,7.562525251447046e-05
25,41,model3_dynamic_q,0.05533475953787197,0.0001358364589499246,0.0001358364589499246,0.0001304069111961646
25,42,model1_fixed_q,0.04550326114363754,7.897427666424819e-05,6.871155208184694e-05,7.897427666424819e-05
25,42,model3_dynamic_q,0.055401649595276534,0.00013173459028544378,0.00012925444137997332,0.00013173459028544378
25,43,model1_fixed_q,0.045529041832216316,8.047331097510439e-05,7.979533873424893e-05,8.047331097510439e-05
25,43,model3_dynamic_q,0.05537240917250011,0.0001513101629090295,0.0001513101629090295,0.00013086109601641495
25,44,model1_fixed_q,0.045536728496503545,7.744245620421042e-05,7.737324504441796e-05,7.744245620421042e-05
25,44,model3_dynamic_q,0.05519679674102633,0.0001600827272920749,0.0001600827272920749,0.00012972879122175406
25,45,model1_fixed_q,0.045584253153145085,7.761794927043022e-05,6.447613324322156e-05,7.761794927043022e-05
25,45,model3_dynamic_q,0.05513266984699876,0.0001425753444512665,0.0001425753444512665,0.0001311437788348281
25,46,model1_fixed_q,0.04563267361074787,7.938215076341803e-05,5.8713922656531084e-05,7.938215076341803e-05
25,46,model3_dynamic_q,0.05530741495711925,0.00015357324122929148,0.00015357324122929148,0.00013496660081874172
25,47,model1_fixed_q,0.04570462454851983,8.947720207109493e-05,8.947720207109493e-05,7.838800926370559e-05
25,47,model3_dynamic_q,0.0552891844807587,0.00015591282436488483,0.00015591282436488483,0.00013236136973019267
25,48,model1_fixed_q,0.04563033457031866,7.958210662030334e-05,7.476748475057403e-05,7.958210662030334e-05
25,48,model3_dynamic_q,0.05522306609884521,0.00015297227141863274,0.00015297227141863274,0.00013256206186373023
25,49,model1_fixed_q,0.04566886750456199,7.730588714503393e-05,7.012654918401345e-05,7.730588714503393e-05
25,49,model3_dynamic_q,0.05529563223145106,0.00016103669364072974,0.00016103669364072971,0.00013542672409979568
25,50,model1_fixed_q,0.04544424426115012,7.85113208613307e-05,7.524924760326403e-05,7.85113208613307e-05
25,50,model3_dynamic_q,0.055258221543490756,0.0001491062418394703,0.0001491062418394703,0.00013103695412866107
25,51,model1_fixed_q,0.04552633146715344,8.767571200428561e-05,8.767571200428561e-05,8.117085384711027e-05
25,51,model3_dynamic_q,0.055281535752833205,0.000148045885846812,0.000148045885846812,0.00013667836457806475
25,52,model1_fixed_q,0.04548677694114866,7.677426068760859e-05,7.133865244600848e-05,7.677426068760859e-05
25,52,model3_dynamic_q,0.05529425559832433,0.00013477758171063264,0.00012445117341256968,0.00013477758171063264
25,53,model1_fixed_q,0.045598522383550576,7.63179384952932e-05,6.840279691520975e-05,7.63179384952932e-05
25,53,model3_dynamic_q,0.05529572068468802,0.00013313350587977033,0.00012806383839771273,0.00013313350587977033
25,54,model1_fixed_q,0.04557831276285647,7.981311466484688e-05,7.258130500800425e-05,7.981311466484688e-05
25,54,model3_dynamic_q,0.05520680203015857,0.00013297327790637311,0.0001319295581898893,0.00013297327790637311
25,55,model1_fixed_q,0.045602033446302995,7.849008289582072e-05,7.128574283197611e-05,7.849008289582072e-05
25,55,model3_dynamic_q,0.05504465402001994,0.00014368146464494575,0.00014368146464494575,0.00013342422618055702
25,56,model1_fixed_q,0.04556503372168716,8.095289631662428e-05,7.470909372751958e-05,8.095289631662428e-05
25,56,model3_dynamic_q,0.05513815350991365,0.00017580511131710545,0.00017580511131710545,0.00013349482729602894
25,57,model1_fixed_q,0.04553772404618406,7.819693562107261e-05,6.822572533831637e-05,7.819693562107261e-05
25,57,model3_dynamic_q,0.05513445006600884,0.00015773717126105918,0.00015773717126105918,0.00013027206338817477
25,58,model1_fixed_q,0.045524455813851714,7.853270865164083e-05,7.711578040276735e-05,7.853270865164083e-05
25,58,model3_dynamic_q,0.05522507497162541,0.00013733396150469423,0.00013733396150469423,0.00013231417607936286
25,59,model1_fixed_q,0.04561541458227833,7.672071199367409e-05,7.672071199367409e-05,7.553789103311272e-05
25,59,model3_dynamic_q,0.05508395873167638,0.00013660694168311983,0.00012284445199735718,0.00013660694168311983
25,60,model1_fixed_q,0.045537197652380214,8.054118391375758e-05,7.286633943145029e-05,8.054118391375758e-05
25,60,model3_dynamic_q,0.055003214085700705,0.00013681382058815088,0.00013681382058815088,0.00013544738691630178
25,61,model1_fixed_q,0.04544244871803382,8.122617215300852e-05,8.122617215300852e-05,7.970681870509908e-05
25,61,model3_dynamic_q,0.05493259914820873,0.00013697954207905278,0.00013697954207905278,0.00013374042536810907
25,62,model1_fixed_q,0.045548084438659604,7.612810601263271e-05,5.932968363096826e-05,7.612810601263271e-05
25,62,model3_dynamic_q,0.055072049877454114,0.00014042691610220698,0.00014042691610220698,0.00013479422412454527
25,63,model1_fixed_q,0.04546432128386235,7.46822678974172e-05,6.879390277530935e-05,7.46822678974172e-05
25,63,model3_dynamic_q,0.05514000574131549,0.0001652913156872426,0.0001652913156872426,0.00013278797106234923
25,64,model1_fixed_q,0.04556019187115543,7.785581691512006e-05,7.338602290060287e-05,7.785581691512006e-05
25,64,model3_dynamic_q,0.055250025967058934,0.0001696384583662511,0.00016963845836625107,0.00013144427381232756
25,65,model1_fixed_q,0.04556921842461356,9.002787839481328e-05,9.002787839481328e-05,8.091024831636482e-05
25,65,model3_dynamic_q,0.05522289720160527,0.00018639708975160443,0.00018639708975160443,0.0001313813479741617
25,66,model1_fixed_q,0.04558019258962925,0.0001063140535250505,0.0001063140535250505,7.659359088890434e-05
25,66,model3_dynamic_q,0.0552200253574758,0.00016166150560344738,0.00016166150560344736,0.0001262721432636162
25,67,model1_fixed_q,0.045670609649892974,7.827035317910069e-05,7.642342054676162e-05,7.827035317910069e-05
25,67,model3_dynamic_q,0.055113007742319045,0.00015672118422750445,0.00015672118422750445,0.0001316773635078795
25,68,model1_fixed_q,0.0455855025539539,7.844144939428612e-05,7.844144939428612e-05,7.80784206043728e-05
25,68,model3_dynamic_q,0.05495250051683157,0.000159085558297104,0.000159085558297104,0.00013463450099665398
25,69,model1_fixed_q,0.04560803244393572,8.068732639968732e-05,8.068732639968732e-05,7.426255621715046e-05
25,69,model3_dynamic_q,0.0549531012879578,0.00013112707693871918,0.0001195709761055083,0.00013112707693871918
25,70,model1_fixed_q,0.04554209957735826,7.898218965848061e-05,6.833459758331318e-05,7.898218965848061e-05
25,70,model3_dynamic_q,0.05512572510956602,0.00014372502294779304,0.00014372502294779304,0.00013167630753704564
25,71,model1_fixed_q,0.04562438308964796,8.13346868810677e-05,8.133468688106768e-05,8.10968117887748e-05
25,71,model3_dynamic_q,0.05515530329019223,0.00013092975971535078,0.00012636645673954965,0.00013092975971535078
25,72,model1_fixed_q,0.045663282219873584,9.403318155229881e-05,9.40331815522988e-05,7.982567345824923e-05
25,72,model3_dynamic_q,0.05522220547059999,0.00012998051903563725,0.00011611775820659922,0.00012998051903563725
25,73,model1_fixed_q,0.045671687189287956,8.916787311115902e-05,8.916787311115902e-05,8.227566765061773e-05
25,73,model3_dynamic_q,0.05528804710301736,0.0001282074038767637,0.00010613279506071997,0.0001282074038767637
25,74,model1_fixed_q,0.04553891220134988,7.906581151306721e-05,7.90658115130672e-05,7.77838816655357e-05
25,74,model3_dynamic_q,0.05517654147861814,0.00013576901442334817,0.00012876841008620924,0.00013576901442334817
25,75,model1_fixed_q,0.04554717088313889,7.764361721253835e-05,6.866374598149263e-05,7.764361721253835e-05
25,75,model3_dynamic_q,0.055200663572061756,0.00013636948307600615,0.00013636948307600618,0.00012854499885032336
25,76,model1_fixed_q,0.04553771313882146,7.751116498519682e-05,6.670738378799102e-05,7.751116498519682e-05
25,76,model3_dynamic_q,0.05511440427676859,0.00014084830237283478,0.00014084830237283478,0.00013274220187425875
25,77,model1_fixed_q,0.04547203668689324,7.55012781489052e-05,6.371140981055935e-05,7.55012781489052e-05
25,77,model3_dynamic_q,0.05512905648222186,0.00013101252405839814,0.00013101252405839814,0.00013057309435202544
25,78,model1_fixed_q,0.04553788142498875,8.53220062985144e-05,8.53220062985144e-05,7.849259234209746e-05
25,78,model3_dynamic_q,0.05517696697906005,0.0001435181524144212,0.0001435181524144212,0.0001260243980356114
25,79,model1_fixed_q,0.045536101762345765,7.98393062113471e-05,7.869388134258786e-05,7.98393062113471e-05
25,79,model3_dynamic_q,0.05520908049915199,0.0001400807209965955,0.0001400807209965955,0.00012941165611503598
25,80,model1_fixed_q,0.04547709728869967,9.151956069902976e-05,9.151956069902976e-05,7.744178891203546e-05
25,80,model3_dynamic_q,0.05523722249427851,0.00015389497587879204,0.00015389497587879204,0.00013201555860373098
25,81,model1_fixed_q,0.045465757862295605,8.823581030530667e-05,8.823581030530667e-05,7.984047127344633e-05
25,81,model3_dynamic_q,0.055222444129037936,0.00015166032533045362,0.00015166032533045362,0.00013007190862406173
25,82,model1_fixed_q,0.04554291143776269,7.888211491857316e-05,7.888211491857316e-05,7.480738595209578e-05
25,82,model3_dynamic_q,0.05504129941346956,0.00013763942516053067,0.00013763942516053067,0.00012958490417011034
25,83,model1_fixed_q,0.045479320957681,8.248211458567923e-05,8.248211458567923e-05,7.501908338114828e-05
25,83,model3_dynamic_q,0.05510401914597506,0.00013551049027752098,0.00013551049027752098,0.0001282735691968648
25,84,model1_fixed_q,0.0455167865918705,7.889116452733194e-05,7.889116452733193e-05,7.859813213766754e-05
25,84,model3_dynamic_q,0.05499822905140674,0.0001485499997880937,0.0001485499997880937,0.00012947808213584463
25,85,model1_fixed_q,0.04547686315833716,7.872210724781983e-05,7.059310221536396e-05,7.872210724781983e-05
25,85,model3_dynamic_q,0.05506878970840047,0.0001759727971659507,0.0001759727971659507,0.00013535461253419615
25,86,model1_fixed_q,0.045382582078337404,7.492794988629323e-05,7.141517378833255e-05,7.492794988629323e-05
25,86,model3_dynamic_q,0.05508704825386546,0.00016007982557700765,0.00016007982557700762,0.00013188254369454863
25,87,model1_fixed_q,0.04542092486512262,8.938174335166992e-05,8.938174335166991e-05,7.782270478953255e-05
25,87,model3_dynamic_q,0.05505907841538907,0.00015135218488681115,0.00015135218488681115,0.00013052712401737256
25,88,model1_fixed_q,0.04548057293345939,8.781658590560217e-05,8.781658590560217e-05,7.93881053681326e-05
25,88,model3_dynamic_q,0.05512708726763513,0.00017603747116336734,0.00017603747116336734,0.00012857788524075234
25,89,model1_fixed_q,0.0455530887011853,7.977401394938058e-05,7.977401394938058e-05,7.646290427581158e-05
25,89,model3_dynamic_q,0.05522094919484853,0.00016948952973150512,0.00016948952973150512,0.000131912855228351
25,90,model1_fixed_q,0.04540445147221454,7.504562491123216e-05,7.465544619543768e-05,7.504562491123216e-05
25,90,model3_dynamic_q,0.055037172693228956,0.00013092313505328796,0.00013026096960828536,0.00013092313505328796
25,91,model1_fixed_q,0.045387244401310436,8.517511547578704e-05,8.517511547578704e-05,7.871398569137823e-05
25,91,model3_dynamic_q,0.05516642585099382,0.0001399785816916844,0.0001399785816916844,0.00013296573086244259
25,92,model1_fixed_q,0.04538787514721111,7.873416819295027e-05,7.7456126889209e-05,7.873416819295027e-05
25,92,model3_dynamic_q,0.05508438933782519,0.00012963749998876482,0.000110188999147771,0.00012963749998876482
25,93,model1_fixed_q,0.045364307881287314,7.714745368243792e-05,7.71474536824379e-05,7.596078037486404e-05
25,93,model3_dynamic_q,0.0551795467966452,0.0001354749094849775,0.0001354749094849775,0.00013168755423442676
25,94,model1_fixed_q,0.04544439375776996,8.118851621182673e-05,8.118851621182673e-05,7.616412423874504e-05
25,94,model3_dynamic_q,0.055156971979062684,0.00015771958087843613,0.00015771958087843613,0.00012743823568646832
25,95,model1_fixed_q,0.045564004000194044,9.385497608845746e-05,9.385497608845746e-05,7.598385935668505e-05
25,95,model3_dynamic_q,0.055116284907360834,0.00015316017905036734,0.0001531601790503673,0.0001290380692920521
25,96,model1_fixed_q,0.04548104088880479,7.580788456908752e-05,7.403777199922225e-05,7.580788456908752e-05
25,96,model3_dynamic_q,0.05501094809104668,0.00014345234045892664,0.00014345234045892664,0.00012942921146517133
25,97,model1_fixed_q,0.045456739322974546,7.228568981834191e-05,6.567800088592532e-05,7.228568981834191e-05
25,97,model3_dynamic_q,0.05506358440981496,0.00014123025732430724,0.0001412302573243072,0.00012933725517225573
25,98,model1_fixed_q,0.04557215817247914,7.878500303289257e-05,7.878500303289257e-05,7.620753216835115e-05
25,98,model3_dynamic_q,0.055076335698558056,0.00012794170309679266,9.49303965971855e-05,0.00012794170309679266
25,99,model1_fixed_q,0.045504136946585366,8.007027838800928e-05,8.00702783880093e-05,7.87907385131304e-05
25,99,model3_dynamic_q,0.0552158210426329,0.00013207801611548229,7.748953803491967e-05,0.00013207801611548229
25,100,model1_fixed_q,0.04547056539234494,8.045220857275002e-05,6.357555152237248e-05,8.045220857275002e-05
25,100,model3_dynamic_q,0.055181089991162224,0.0001338068346258536,0.00011424540836973865,0.0001338068346258536
25,101,model1_fixed_q,0.04539310943864914,8.357250031675475e-05,8.357250031675475e-05,8.077724578315051e-05
25,101,model3_dynamic_q,0.055084464884356546,0.00014161159430113514,0.00014161159430113514,0.00013095394914746275
25,102,model1_fixed_q,0.04559381795534998,7.955722303718702e-05,7.213317768933758e-05,7.955722303718702e-05
25,102,model3_dynamic_q,0.05498131074911604,0.00012932848522680956,0.00011898489367806773,0.00012932848522680956
25,103,model1_fixed_q,0.045614524031939566,7.88266820140553e-05,6.768227929369466e-05,7.88266820140553e-05
25,103,model3_dynamic_q,0.05490035446578412,0.00013137708691404577,0.00012154050446722703,0.00013137708691404577
25,104,model1_fixed_q,0.04560769335202774,8.161821246467915e-05,8.161821246467915e-05,7.644760096624875e-05
25,104,model3_dynamic_q,0.05477846352258691,0.00013146207352677107,0.00012632378242984372,0.00013146207352677107
25,105,model1_fixed_q,0.04555347640394639,8.583155602188663e-05,8.583155602188663e-05,8.46007490411416e-05
25,105,model3_dynamic_q,0.054697970816479126,0.00014246111802097836,0.00014246111802097836,0.00012991404089734347
25,106,model1_fixed_q,0.045502095160117606,8.122451743196554e-05,6.988540502212185e-05,8.122451743196554e-05
25,106,model3_dynamic_q,0.05493871881942047,0.00017173926788933112,0.00017173926788933112,0.00012974042027053153
25,107,model1_fixed_q,0.04547564665641108,8.167257161397855e-05,8.167257161397855e-05,7.881110814275705e-05
25,107,model3_dynamic_q,0.05497713183802243,0.00017885478323246854,0.00017885478323246854,0.00012925837247640637
25,108,model1_fixed_q,0.045376575886497454,8.809897709006396e-05,8.809897709006396e-05,7.553465247174612e-05
25,108,model3_dynamic_q,0.05507198254170127,0.00015957856977577594,0.00015957856977577594,0.0001329992584950524
25,109,model1_fixed_q,0.045398673461797955,8.283819720412542e-05,8.283819720412542e-05,7.791154895967022e-05
25,109,model3_dynamic_q,0.05524050943270546,0.0001423033367948067,0.0001423033367948067,0.00012980205856991505
25,110,model1_fixed_q,0.04547958950254789,7.810883738120435e-05,7.704473240567727e-05,7.810883738120435e-05
25,110,model3_dynamic_q,0.05522613844660092,0.00013441937634513584,0.00010175284001470876,0.00013441937634513584
25,111,model1_fixed_q,0.04560050439967726,7.688055021354246e-05,7.431381585720012e-05,7.688055021354246e-05
25,111,model3_dynamic_q,0.055233189781614414,0.00013696378140165942,0.00013536103128304781,0.00013696378140165942
25,112,model1_fixed_q,0.04563240583766463,7.939936230037697e-05,7.939936230037697e-05,7.714641019294172e-05
25,112,model3_dynamic_q,0.05515952964773817,0.00014517387711523603,0.00014517387711523603,0.00013346221425062111
25,113,model1_fixed_q,0.04552182916897875,8.369205427716e-05,8.369205427716e-05,7.909188401339411e-05
25,113,model3_dynamic_q,0.05519633687456163,0.00013451832763336128,0.00011299499577514674,0.00013451832763336128
25,114,model1_fixed_q,0.045466520852999646,8.508341947240504e-05,8.508341947240504e-05,7.699940328426129e-05
25,114,model3_dynamic_q,0.055074114164704736,0.0001364119078070806,0.00010038921438197584,0.0001364119078070806
25,115,model1_fixed_q,0.04559486035887675,8.919657463906279e-05,8.919657463906279e-05,7.580119307984955e-05
25,115,model3_dynamic_q,0.05480461181361416,0.00013288577119685717,0.0001002336153837982,0.00013288577119685717
25,116,model1_fixed_q,0.04555572109663349,8.67163610594519e-05,8.67163610594519e-05,7.652705063988227e-05
25,116,model3_dynamic_q,0.05505314503122075,0.00013466236828305408,0.00011126306891539921,0.00013466236828305408
25,117,model1_fixed_q,0.04558619313343372,8.769088135236942e-05,8.769088135236942e-05,8.035956896281411e-05
25,117,model3_dynamic_q,0.05514380615286592,0.00013600897189758554,0.00010836747497291469,0.00013600897189758554
25,118,model1_fixed_q,0.04551089207317151,7.873645431400922e-05,7.873645431400922e-05,7.702052053667128e-05
25,118,model3_dynamic_q,0.05537980269814364,0.00014392737080108303,0.00014392737080108303,0.00013585286498879028
25,119,model1_fixed_q,0.045592749683781686,7.74305379636697e-05,7.198247045443184e-05,7.74305379636697e-05
25,119,model3_dynamic_q,0.05516586045736396,0.00013809127682121557,0.00012050379110177305,0.00013809127682121557
25,120,model1_fixed_q,0.04568436149313014,7.854289424929791e-05,7.854289424929791e-05,7.58070856455183e-05
25,120,model3_dynamic_q,0.055156644754781665,0.00013279791674290697,0.00012343286123274577,0.00013279791674290697
25,121,model1_fixed_q,0.045610516867429875,8.393094633111913e-05,8.393094633111914e-05,7.712855128235638e-05
25,121,model3_dynamic_q,0.055322823789731336,0.00014385436202164157,0.00014385436202164157,0.00013435323790541778
25,122,model1_fixed_q,0.04565679511441321,7.639352921359673e-05,6.0213004780624546e-05,7.639352921359673e-05
25,122,model3_dynamic_q,0.05539305405907129,0.00013834412379965533,0.0001290178032070145,0.00013834412379965533
25,123,model1_fixed_q,0.045705611324725295,7.882477123559739e-05,5.859218220458808e-05,7.882477123559739e-05
25,123,model3_dynamic_q,0.0551968125856676,0.00013265979438861652,0.00013107371256299708,0.00013265979438861652
25,124,model1_fixed_q,0.045593174798582374,7.776322271114952e-05,7.414342406071368e-05,7.776322271114952e-05
25,124,model3_dynamic_q,0.05531473699228442,0.00014515606146955743,0.00014515606146955743,0.0001345830610200093
25,125,model1_fixed_q,0.04542705419894701,8.163906614345014e-05,8.163906614345013e-05,7.774271472572919e-05
25,125,model3_dynamic_q,0.05522931666612479,0.00013957849885277824,0.00013957849885277824,0.0001304360624448819
25,126,model1_fixed_q,0.0453917872933179,8.266458263463956e-05,8.266458263463954e-05,7.916111276033617e-05
25,126,model3_dynamic_q,0.055208284987688254,0.00013508999873490128,0.00012922267445304858,0.00013508999873490128
25,127,model1_fixed_q,0.045463775635129,7.883604010906708e-05,6.468897367504894e-05,7.883604010906708e-05
25,127,model3_dynamic_q,0.05514474334284784,0.00016039181249738964,0.00016039181249738962,0.00013023831259226595
25,128,model1_fixed_q,0.045576336308425176,7.814003322117881e-05,5.7428327916305525e-05,7.814003322117881e-05
25,128,model3_dynamic_q,0.05510459442210856,0.00012729617621081828,0.00012729617621081828,0.00012342150958205643
25,129,model1_fixed_q,0.045488756572290776,8.288679227671237e-05,8.288679227671237e-05,7.934925107233382e-05
25,129,model3_dynamic_q,0.055077938007909215,0.00016584030031362675,0.00016584030031362675,0.0001280785764883445
25,130,model1_fixed_q,0.04544259722989437,8.242724369578659e-05,8.242724369578659e-05,7.65329429621545e-05
25,130,model3_dynamic_q,0.05500362606954406,0.0001338471395360379,0.0001338471395360379,0.00013027152486683175
25,131,model1_fixed_q,0.0453778782556864,7.80900750560928e-05,7.80900750560928e-05,7.791967317755707e-05
25,131,model3_dynamic_q,0.055009792139101704,0.00013413610592854152,0.00011896475879029134,0.00013413610592854152
25,132,model1_fixed_q,0.04544702201319131,7.862494254294133e-05,6.31173922989656e-05,7.862494254294133e-05
25,132,model3_dynamic_q,0.05500040090832843,0.00012854917002067296,0.00011936996555492642,0.00012854917002067296
25,133,model1_fixed_q,0.045452324913935784,8.295381378596176e-05,8.295381378596176e-05,7.661353027853005e-05
25,133,model3_dynamic_q,0.05512318021408225,0.0001285627905455745,0.00012551598339801808,0.0001285627905455745
25,134,model1_fixed_q,0.04546170393302871,8.162672008637254e-05,8.162672008637255e-05,7.731168941096517e-05
25,134,model3_dynamic_q,0.05507304852674417,0.00015971105358234363,0.00015971105358234363,0.00012823770532416023
25,135,model1_fixed_q,0.045548043026096205,7.630505907576047e-05,5.96411159278562e-05,7.630505907576047e-05
25,135,model3_dynamic_q,0.05510871613553254,0.0001815997647896082,0.0001815997647896082,0.00013169571483351416
25,136,model1_fixed_q,0.04550032489179081,7.73317103333871e-05,7.059902361205447e-05,7.73317103333871e-05
25,136,model3_dynamic_q,0.055065615393659104,0.00016731583499224095,0.00016731583499224095,0.00013003583015043873
25,137,model1_fixed_q,0.0455879690832161,8.367192973492191e-05,8.367192973492191e-05,7.808600598453136e-05
25,137,model3_dynamic_q,0.05514598524059252,0.00016011983407371406,0.00016011983407371406,0.00013050450738742093
25,138,model1_fixed_q,0.04561579093672286,8.886520582579109e-05,8.886520582579109e-05,8.000641934348529e-05
25,138,model3_dynamic_q,0.05517118158222077,0.0001457585283642292,0.0001457585283642292,0.00012967621512754526
25,139,model1_fixed_q,0.04550481052717554,8.195350209416184e-05,8.195350209416184e-05,7.715055686484009e-05
25,139,model3_dynamic_q,0.05518500702313216,0.00016334558869562614,0.00016334558869562612,0.000138730870526937
25,140,model1_fixed_q,0.045565168404574675,8.047564387565575e-05,6.356469064371113e-05,8.047564387565575e-05
25,140,model3_dynamic_q,0.055302761076703864,0.00013524106462778257,0.0001352410646277826,0.0001331615644882757
25,141,model1_fixed_q,0.04559940340769687,8.052369221124182e-05,8.052369221124182e-05,7.776129435224369e-05
25,141,model3_dynamic_q,0.05527578801632294,0.00014150421478154246,0.00014150421478154246,0.00013203961797455104
25,142,model1_fixed_q,0.04561228739326188,7.87149742646509e-05,5.4998033347315995e-05,7.87149742646509e-05
25,142,model3_dynamic_q,0.05526179937433836,0.00013639793988272242,0.0001349005889181134,0.00013639793988272242
25,143,model1_fixed_q,0.04556811681528906,7.88049467591493e-05,7.88049467591493e-05,7.783027513971183e-05
25,143,model3_dynamic_q,0.05541885854407222,0.00013571819118114088,0.00012623124789278023,0.00013571819118114088
25,144,model1_fixed_q,0.045509420278403254,8.923792646775727e-05,8.923792646775726e-05,7.855693347137111e-05
25,144,model3_dynamic_q,0.055478883845530895,0.00013387932372157588,0.00012728439327530186,0.00013387932372157588
25,145,model1_fixed_q,0.04558797654177779,7.927224271565684e-05,7.927224271565684e-05,7.875214235941796e-05
25,145,model3_dynamic_q,0.0553815676720983,0.00013511104404277427,0.00013511104404277427,0.000134487319448119
25,146,model1_fixed_q,0.04563967984193267,7.938101896968912e-05,7.799407803726029e-05,7.938101896968912e-05
25,146,model3_dynamic_q,0.055373128495024786,0.00014248259801352318,0.00014248259801352318,0.00013094324762705215
25,147,model1_fixed_q,0.04566456371470899,7.934962328177401e-05,7.934962328177401e-05,7.674954095854626e-05
25,147,model3_dynamic_q,0.05537462171509841,0.00013996717463047155,0.00013996717463047155,0.00013011261008358553
25,148,model1_fixed_q,0.04555019075206869,8.339095285332058e-05,8.339095285332058e-05,7.741548860535748e-05
25,148,model3_dynamic_q,0.05527079546260451,0.0001491917186131266,0.0001491917186131266,0.0001322540241231563
25,149,model1_fixed_q,0.04547695555358655,9.151603742890921e-05,9.151603742890922e-05,7.937354566062854e-05
25,149,model3_dynamic_q,0.05523995707748961,0.00015559040279513377,0.00015559040279513377,0.00013096322727518148
25,150,model1_fixed_q,0.04550994057012554,0.00011021072869442214,0.00011021072869442212,7.992983985714656e-05
25,150,model3_dynamic_q,0.05515109832652665,0.0001694949172328922,0.0001694949172328922,0.0001357710052534397
25,151,model1_fixed_q,0.045454908346624495,9.970095450892005e-05,9.970095450892005e-05,8.113141332576182e-05
25,151,model3_dynamic_q,0.05505784751306067,0.00015670688009382226,0.00015670688009382226,0.00013992596507802956
25,152,model1_fixed_q,0.0455313174132871,8.885943530130567e-05,8.885943530130569e-05,8.098506199645701e-05
25,152,model3_dynamic_q,0.05516836744992908,0.00016860135428483188,0.00016860135428483188,0.00013642178896007022
25,153,model1_fixed_q,0.04561496164532796,7.844788329326801e-05,7.157755597131438e-05,7.844788329326801e-05
25,153,model3_dynamic_q,0.05534186912988377,0.0001419500611841652,0.0001419500611841652,0.00013484562622905846
25,154,model1_fixed_q,0.04558134145231794,7.774464059862029e-05,7.388028504763722e-05,7.774464059862029e-05
25,154,model3_dynamic_q,0.05522698608605351,0.00014855444428821257,0.00014855444428821257,0.00013333909188091702
25,155,model1_fixed_q,0.04554544238703666,7.86005470070244e-05,7.837210066202489e-05,7.86005470070244e-05
25,155,model3_dynamic_q,0.0552705739760496,0.00014659635207857835,0.00014659635207857835,0.0001335380490867586
25,156,model1_fixed_q,0.04551559687681545,8.18491974582697e-05,8.18491974582697e-05,7.625417597795548e-05
25,156,model3_dynamic_q,0.05535289180896696,0.00014763582148996502,0.00014763582148996502,0.00013407081468619266
25,157,model1_fixed_q,0.04555422830144698,8.016124723605789e-05,6.299148684412283e-05,8.016124723605789e-05
25,157,model3_dynamic_q,0.055555366867397975,0.00015629472101694216,0.00015629472101694216,0.0001346540510804749
25,158,model1_fixed_q,0.0455289845076236,8.598207495532109e-05,8.598207495532109e-05,8.093986446356818e-05
25,158,model3_dynamic_q,0.055364323996336555,0.00015800287541178958,0.00015800287541178955,0.00013634248341622064
25,159,model1_fixed_q,0.045558457746896715,7.89289989568185e-05,6.413579976162378e-05,7.89289989568185e-05
25,159,model3_dynamic_q,0.05520056927700535,0.00014247473988144183,0.00014247473988144183,0.0001330245260585594
25,160,model1_fixed_q,0.04556436595415742,7.97719181975961e-05,7.562109226499561e-05,7.97719181975961e-05
25,160,model3_dynamic_q,0.05510681345914877,0.0001466134947728072,0.0001466134947728072,0.00013528516537777977
25,161,model1_fixed_q,0.04556651340789635,7.99046936480933e-05,7.047612137193095e-05,7.99046936480933e-05
25,161,model3_dynamic_q,0.05532712837072442,0.00014128370519312053,0.0001402390925635566,0.00014128370519312053
25,162,model1_fixed_q,0.045734152873672974,7.807078286559345e-05,7.106324771786782e-05,7.807078286559345e-05
25,162,model3_dynamic_q,0.05524842086727733,0.0001558470133690103,0.0001558470133690103,0.0001350875767902431
25,163,model1_fixed_q,0.0456504344058189,8.138678083793115e-05,8.138678083793115e-05,7.950993479311953e-05
25,163,model3_dynamic_q,0.055204845112641426,0.0001515581099574551,0.00015155810995745513,0.00013397188984634424
25,164,model1_fixed_q,0.04555995222091278,7.674711680044844e-05,5.6471133991234464e-05,7.674711680044844e-05
25,164,model3_dynamic_q,0.05517803336576672,0.00014975439273365814,0.00014975439273365814,0.00013325014730132114
25,165,model1_fixed_q,0.04554497052645457,7.664443095139273e-05,5.935578634124961e-05,7.664443095139273e-05
25,165,model3_dynamic_q,0.0549933316575032,0.00014418918298459606,0.00014418918298459606,0.0001312320439324425
25,166,model1_fixed_q,0.0455584466851409,7.741945213350907e-05,7.253449151314666e-05,7.741945213350907e-05
25,166,model3_dynamic_q,0.055136364562045674,0.00016501099060456717,0.00016501099060456717,0.00012690015914998436
25,167,model1_fixed_q,0.0456066604844944,7.970366567181498e-05,6.964939108543079e-05,7.970366567181498e-05
25,167,model3_dynamic_q,0.05529520747607925,0.00016667477570271578,0.0001666747757027158,0.00013404644018781076
25,168,model1_fixed_q,0.04563876950649638,7.552386189818453e-05,7.149223620132155e-05,7.552386189818453e-05
25,168,model3_dynamic_q,0.055135412023899114,0.00014605535999057906,0.00014605535999057906,0.00013934496337111065
25,169,model1_fixed_q,0.045564520657008244,7.48757395244452e-05,6.517330922688613e-05,7.48757395244452e-05
25,169,model3_dynamic_q,0.055317637574250345,0.00014398963144520823,0.00014398963144520823,0.00013373384195986844
25,170,model1_fixed_q,0.045644618790630316,8.123682710933369e-05,8.123682710933369e-05,7.756568846556934e-05
25,170,model3_dynamic_q,0.05545315699292685,0.00013752441673669076,0.00012579292461765772,0.00013752441673669076
25,171,model1_fixed_q,0.04552464776079543,9.164703836172514e-05,9.164703836172514e-05,7.68546817771224e-05
25,171,model3_dynamic_q,0.05542102042003811,0.000139174458162402,0.000139174458162402,0.0001352670659514146
25,172,model1_fixed_q,0.04543695050397521,8.287735145491214e-05,8.287735145491213e-05,7.952372803142665e-05
25,172,model3_dynamic_q,0.05534311624744139,0.0001368280121195352,0.00011392562528415822,0.0001368280121195352
25,173,model1_fixed_q,0.045559155005534605,8.305803456407178e-05,8.305803456407178e-05,8.071041684328299e-05
25,173,model3_dynamic_q,0.05523194378191954,0.00013569541547381038,0.00012468969408171895,0.00013569541547381038
25,174,model1_fixed_q,0.045630594051444186,8.418137988419623e-05,8.418137988419623e-05,7.903111801566565e-05
25,174,model3_dynamic_q,0.055159227673368026,0.000137283074209583,0.000137283074209583,0.0001314405600886774
25,175,model1_fixed_q,0.04559497235377822,7.848723264639365e-05,7.089325869160134e-05,7.848723264639365e-05
25,175,model3_dynamic_q,0.055113199284625526,0.00012341565114742486,0.00012277795687545313,0.00012341565114742486
25,176,model1_fixed_q,0.045566210865197854,8.208228838346175e-05,7.745065998062783e-05,8.208228838346175e-05
25,176,model3_dynamic_q,0.05523204894205989,0.00015346753701223675,0.00015346753701223675,0.00012870325580454097
25,177,model1_fixed_q,0.04555985934840527,7.631210893750548e-05,6.96493121917581e-05,7.631210893750548e-05
25,177,model3_dynamic_q,0.055254065892686305,0.0001761290595528063,0.00017612905955280634,0.00013228329486282407
25,178,model1_fixed_q,0.045422300450746446,7.997725646441115e-05,6.528302344373346e-05,7.997725646441115e-05
25,178,model3_dynamic_q,0.055319006965949956,0.00016717474130789516,0.00016717474130789516,0.00013096983929664915
25,179,model1_fixed_q,0.04544603876057114,8.025094846425859e-05,5.97456726942574e-05,8.025094846425859e-05
25,179,model3_dynamic_q,0.05528300095958142,0.00014179588655037828,0.00014179588655037828,0.00013175068339716614
25,180,model1_fixed_q,0.045611738018092825,8.119425298259238e-05,7.720706420287723e-05,8.119425298259238e-05
25,180,model3_dynamic_q,0.05527433735338634,0.00013456119135230575,0.00013456119135230575,0.00012996687871650998
25,181,model1_fixed_q,0.045535809973111546,7.871794039236501e-05,6.348881600496066e-05,7.871794039236501e-05
25,181,model3_dynamic_q,0.055186074255519905,0.00014162411015522234,0.00014162411015522234,0.00012920793378404493
25,182,model1_fixed_q,0.04560252871783424,8.068368319467062e-05,5.847289168181873e-05,8.068368319467062e-05
25,182,model3_dynamic_q,0.05506596898867218,0.0001323723264792034,0.00011199915219784617,0.0001323723264792034
25,183,model1_fixed_q,0.04558936212391027,7.972996225475425e-05,6.843986363486665e-05,7.972996225475425e-05
25,183,model3_dynamic_q,0.05512752603327289,0.00015789100193145753,0.00015789100193145753,0.00013407046586238984
25,184,model1_fixed_q,0.04550768785827285,7.740926720827783e-05,7.723385270411576e-05,7.740926720827783e-05
25,184,model3_dynamic_q,0.055282270282885175,0.00015333293913263573,0.00015333293913263573,0.0001340175084333968
25,185,model1_fixed_q,0.04546372796055767,7.529065557223191e-05,6.657876724058545e-05,7.529065557223191e-05
25,185,model3_dynamic_q,0.05500896371580113,0.0001623859794697013,0.0001623859794697013,0.00013575638639409929
25,186,model1_fixed_q,0.04544854445986287,8.336304788505658e-05,8.336304788505659e-05,8.182292002563423e-05
25,186,model3_dynamic_q,0.05513059472938915,0.00014109624282187137,0.00014109624282187137,0.00013211406220541404
25,187,model1_fixed_q,0.045546126551495786,8.791455668165883e-05,8.791455668165882e-05,7.570207785070428e-05
25,187,model3_dynamic_q,0.0551278379624156,0.00016046461388497888,0.00016046461388497888,0.0001350545480395048
25,188,model1_fixed_q,0.045583209829291226,7.675116647035063e-05,6.805298269455936e-05,7.675116647035063e-05
25,188,model3_dynamic_q,0.05526346048462162,0.00014350180509028262,0.0001435018050902826,0.0001355849334311832
25,189,model1_fixed_q,0.045613085239608976,7.489567981238804e-05,7.489567981238804e-05,7.421094078794204e-05
25,189,model3_dynamic_q,0.05526573241519127,0.0001624191698496074,0.0001624191698496074,0.00013309020673920254
25,190,model1_fixed_q,0.04557564535333735,7.522344629788532e-05,7.445924833421524e-05,7.522344629788532e-05
25,190,model3_dynamic_q,0.05522980562292849,0.0001396339651092522,0.0001396339651092522,0.0001375497254371066
25,191,model1_fixed_q,0.04564225685341033,0.0001014540477650626,0.00010145404776506258,7.528576859231223e-05
25,191,model3_dynamic_q,0.05529199761816116,0.0001385052910033425,0.00013524333699341674,0.0001385052910033425
25,192,model1_fixed_q,0.04553753316113674,7.939133856227667e-05,7.936081013168653e-05,7.939133856227667e-05
25,192,model3_dynamic_q,0.05525730126204414,0.00013752182901863893,0.0001281239122990155,0.00013752182901863893
25,193,model1_fixed_q,0.045559736611818114,8.003955463156481e-05,8.003955463156481e-05,7.885437304118613e-05
25,193,model3_dynamic_q,0.05524618876290626,0.0001415346770338198,0.00014153467703381979,0.00013054293667501282
25,194,model1_fixed_q,0.045562483668654404,7.765859320641116e-05,7.293816337736465e-05,7.765859320641116e-05
25,194,model3_dynamic_q,0.05519805464402532,0.0001480249369192982,0.0001480249369192982,0.00013562055768699717
25,195,model1_fixed_q,0.04543049032891043,8.657563503989413e-05,8.657563503989413e-05,7.695563486040814e-05
25,195,model3_dynamic_q,0.055276635051251924,0.00015150532663440487,0.00015150532663440485,0.0001300291224109873
25,196,model1_fixed_q,0.045397311221568946,7.770033349450085e-05,7.465203428849777e-05,7.770033349450085e-05
25,196,model3_dynamic_q,0.055117995432419235,0.0001594828962933691,0.0001594828962933691,0.00012559389378540608
25,197,model1_fixed_q,0.04551968376298542,9.33974245517425e-05,9.339742455174252e-05,7.680145097749051e-05
25,197,model3_dynamic_q,0.055169057712741235,0.00013148183411672848,0.00013148183411672848,0.00012895992605022074
25,198,model1_fixed_q,0.04550655207362315,7.86258549231261e-05,7.86258549231261e-05,7.637738644319026e-05
25,198,model3_dynamic_q,0.05513937327693554,0.0001317350130016515,0.00011837148799543591,0.0001317350130016515
25,199,model1_fixed_q,0.04544227909678271,7.577820626806019e-05,6.29030724649449e-05,7.577820626806019e-05
25,199,model3_dynamic_q,0.05512288814795677,0.00012978235291532497,0.00012978235291532497,0.0001286097899384692
25,200,model1_fixed_q,0.045467071477292016,7.972930623400821e-05,7.42664863698663e-05,7.972930623400821e-05
25,200,model3_dynamic_q,0.055253941469248384,0.0001288087203320621,0.00011964737272516665,0.0001288087203320621
25,201,model1_fixed_q,0.045451780826901905,8.736189928856926e-05,8.736189928856925e-05,7.85535240431339e-05
25,201,model3_dynamic_q,0.05533664776539206,0.0001550946523779954,0.00015509465237799536,0.00013058840659564683
25,202,model1_fixed_q,0.04535251929311191,9.171667447473102e-05,9.1716674474731e-05,8.023639891744073e-05
25,202,model3_dynamic_q,0.05531460235843973,0.00012978522322699705,0.00012388338183893258,0.00012978522322699705
25,203,model1_fixed_q,0.04551238186062046,9.750518912004627e-05,9.750518912004628e-05,8.000597522706843e-05
25,203,model3_dynamic_q,0.05541508176510022,0.00013088078924370123,0.00013088078924370123,0.0001302047791995359
25,204,model1_fixed_q,0.045615087557946146,9.068131344638309e-05,9.068131344638307e-05,7.892910933674042e-05
25,204,model3_dynamic_q,0.05529287957085204,0.0001426300945878048,0.0001426300945878048,0.0001347361755315322
25,205,model1_fixed_q,0.045643508124557995,8.011232538907198e-05,6.756595111197197e-05,8.011232538907198e-05
25,205,model3_dynamic_q,0.055304278112814166,0.0001366545544444889,0.0001262085975132668,0.0001366545544444889
25,206,model1_fixed_q,0.04566619448702966,7.747189045380277e-05,6.665691508704987e-05,7.747189045380277e-05
25,206,model3_dynamic_q,0.055135490776635585,0.0001343698836223868,0.00012178102948068792,0.0001343698836223868
25,207,model1_fixed_q,0.045542603875366454,7.89343661807136e-05,5.4787376170010806e-05,7.89343661807136e-05
25,207,model3_dynamic_q,0.05505272234022022,0.00013527678326397658,0.00013527678326397658,0.00013140865485416532
25,208,model1_fixed_q,0.045569002460234494,8.578030922959706e-05,8.578030922959706e-05,7.683526748434868e-05
25,208,model3_dynamic_q,0.05501796921943559,0.00013069425426148182,0.00010695246402960955,0.00013069425426148182
25,209,model1_fixed_q,0.04556605729610422,7.96165070131203e-05,7.67224148831494e-05,7.96165070131203e-05
25,209,model3_dynamic_q,0.05530818277312058,0.00013442170968875806,0.00010771384802753993,0.00013442170968875806
25,210,model1_fixed_q,0.04554057760334393,8.375001454814215e-05,8.375001454814215e-05,8.045992147314656e-05
25,210,model3_dynamic_q,0.05523031220676781,0.00013296576177080667,0.00013296576177080664,0.00013023149353482162
25,211,model1_fixed_q,0.04544587784498229,8.1444444572072e-05,8.1444444572072e-05,7.788494207906266e-05
25,211,model3_dynamic_q,0.05520867235478709,0.00013519818822676146,0.00010854704728531114,0.00013519818822676146
25,212,model1_fixed_q,0.045514532810866024,7.955352643649278e-05,6.745636548485732e-05,7.955352643649278e-05
25,212,model3_dynamic_q,0.0549543006488396,0.00013366158622569083,0.00011927282222559121,0.00013366158622569083
25,213,model1_fixed_q,0.045480632592419065,7.59598999296196e-05,6.317377243488262e-05,7.59598999296196e-05
25,213,model3_dynamic_q,0.05479768691232309,0.00013490733956565936,0.00013490733956565936,0.00013440582526956166
25,214,model1_fixed_q,0.04545927752570107,8.51022019775018e-05,8.510220197750178e-05,7.891241844627502e-05
25,214,model3_dynamic_q,0.05494564019180238,0.00013520947969976053,0.00012265271443194294,0.00013520947969976053
25,215,model1_fixed_q,0.04548529505674555,8.480535953655996e-05,8.480535953655996e-05,7.547559022139563e-05
25,215,model3_dynamic_q,0.05517882438736296,0.00013710491324805875,0.00013474855393206484,0.00013710491324805875
25,216,model1_fixed_q,0.04553200444687187,8.898671221814757e-05,8.898671221814757e-05,7.474796591811727e-05
25,216,model3_dynamic_q,0.05507475239568611,0.00013815892974079313,0.00013815892974079313,0.00013353250114475892
25,217,model1_fixed_q,0.04561958472520961,8.676290940349676e-05,8.676290940349674e-05,7.972719936295924e-05
25,217,model3_dynamic_q,0.05507804161880871,0.00013650166918406154,0.00012705256933194384,0.00013650166918406154
25,218,model1_fixed_q,0.04552362165706213,8.630313199939407e-05,8.630313199939407e-05,7.601987959451978e-05
25,218,model3_dynamic_q,0.05502235516780986,0.0001450272901863566,0.0001450272901863566,0.0001322282560838008
25,219,model1_fixed_q,0.045536954488497906,7.994327220908136e-05,7.588313353181514e-05,7.994327220908136e-05
25,219,model3_dynamic_q,0.05508862745637629,0.00015445525194317497,0.00015445525194317494,0.0001295892563066231
25,220,model1_fixed_q,0.04561065997510159,8.054555128630711e-05,8.054555128630711e-05,7.551157121378308e-05
25,220,model3_dynamic_q,0.05494991298451171,0.00015022281130932532,0.00015022281130932532,0.00012846706267018572
25,221,model1_fixed_q,0.04555805381180882,8.500310801882036e-05,8.500310801882036e-05,7.81300616091976e-05
25,221,model3_dynamic_q,0.05502906962980141,0.00015427048540231532,0.00015427048540231535,0.00013035778835806337
25,222,model1_fixed_q,0.045526830712212335,7.85579235884277e-05,7.85579235884277e-05,7.734377268968315e-05
25,222,model3_dynamic_q,0.05494094050801758,0.00013035463530330625,0.00011231096699790001,0.00013035463530330625
25,223,model1_fixed_q,0.0454705248487221,8.231589222214037e-05,6.592092858644647e-05,8.231589222214037e-05
25,223,model3_dynamic_q,0.05501846507317969,0.00012857176216980328,0.00010675982754801301,0.00012857176216980328
25,224,model1_fixed_q,0.04549064998149973,8.565639217538388e-05,8.565639217538388e-05,7.73368125822824e-05
25,224,model3_dynamic_q,0.05511969950297147,0.0001359074298020845,0.00010827226270779429,0.0001359074298020845
25,225,model1_fixed_q,0.045582179666769945,8.798968055402389e-05,8.798968055402389e-05,8.10105291860833e-05
25,225,model3_dynamic_q,0.05516580825973149,0.00013944285103317358,0.0001240528334994465,0.00013944285103317358
25,226,model1_fixed_q,0.04563079228430828,8.337870656646861e-05,8.337870656646861e-05,8.181620985818955e-05
25,226,model3_dynamic_q,0.05507722844870055,0.0001317689612909564,0.00012575777493737436,0.0001317689612909564
25,227,model1_fixed_q,0.045539086099472555,8.048618887264809e-05,6.412550733093921e-05,8.048618887264809e-05
25,227,model3_dynamic_q,0.05518871025166366,0.00015033109501413365,0.00015033109501413365,0.00013139513143496623
25,228,model1_fixed_q,0.04557898559218553,9.124998184246671e-05,9.124998184246671e-05,8.067390134553897e-05
25,228,model3_dynamic_q,0.05491345305788411,0.00015309288890695335,0.00015309288890695332,0.00013424961373921168
25,229,model1_fixed_q,0.04561496512389119,8.189655192696762e-05,7.911768760668789e-05,8.189655192696762e-05
25,229,model3_dynamic_q,0.054827280046831635,0.00014830515909402937,0.00014830515909402937,0.00012971716697643382
25,230,model1_fixed_q,0.04553358392422333,8.057481592094992e-05,7.16516713398398e-05,8.057481592094992e-05
25,230,model3_dynamic_q,0.05475922214737864,0.00014207283041180833,0.00014207283041180833,0.00012503703071810426
25,231,model1_fixed_q,0.04549366313187482,8.011096661350897e-05,7.070026087301835e-05,8.011096661350897e-05
25,231,model3_dynamic_q,0.054972686903188475,0.0001366397502530267,0.0001366397502530267,0.0001318012173340129
25,232,model1_fixed_q,0.04547324053199745,8.036377012213517e-05,7.87300754165447e-05,8.036377012213517e-05
25,232,model3_dynamic_q,0.05501463485912108,0.0001467198888048628,0.0001467198888048628,0.00013136724432875153
25,233,model1_fixed_q,0.04547865875237429,7.89460725377637e-05,7.70038577451826e-05,7.89460725377637e-05
25,233,model3_dynamic_q,0.055033747845790765,0.00012681794889274464,0.00011112827041071073,0.00012681794889274464
25,234,model1_fixed_q,0.04551286447788041,7.598014441706407e-05,6.937457157731864e-05,7.598014441706407e-05
25,234,model3_dynamic_q,0.05507798637892239,0.0001346745484292822,0.0001346745484292822,0.0001287662435475036
25,235,model1_fixed_q,0.045550504887875924,7.708805157286531e-05,6.549171552315574e-05,7.708805157286531e-05
25,235,model3_dynamic_q,0.054954105688056636,0.00012512969004296035,0.00012396437308818714,0.00012512969004296035
25,236,model1_fixed_q,0.04548028261898975,8.390716477380239e-05,8.390716477380237e-05,7.532693908419597e-05
25,236,model3_dynamic_q,0.05512555193947291,0.00014206446566948988,0.00014206446566948988,0.00013080019340938286
25,237,model1_fixed_q,0.04546731100952214,7.998365491283524e-05,6.89026990482676e-05,7.998365491283524e-05
25,237,model3_dynamic_q,0.055242703479863695,0.00012957248040650635,0.000117322346775186,0.00012957248040650635
25,238,model1_fixed_q,0.045445271366098966,7.541369809718835e-05,7.424671356657771e-05,7.541369809718835e-05
25,238,model3_dynamic_q,0.0552680676026291,0.00014831405597067428,0.00014831405597067428,0.00013723784530064807
25,239,model1_fixed_q,0.04545189764826705,8.405508569195425e-05,8.405508569195425e-05,7.811441026085178e-05
25,239,model3_dynamic_q,0.05543339555315584,0.0001449681355832765,0.0001449681355832765,0.00013381253140474708
25,240,model1_fixed_q,0.0454679583245318,8.216014255118674e-05,8.216014255118674e-05,7.964485425024878e-05
25,240,model3_dynamic_q,0.05523882797949057,0.0001490542412817407,0.0001490542412817407,0.00013637284911706117
25,241,model1_fixed_q,0.04541200414648781,7.839511060111168e-05,7.071664929011968e-05,7.839511060111168e-05
25,241,model3_dynamic_q,0.05520383756929548,0.00016201468719485935,0.00016201468719485938,0.0001377110265006112
25,242,model1_fixed_q,0.04543369175974838,7.860632316677512e-05,7.646937617964485e-05,7.860632316677512e-05
25,242,model3_dynamic_q,0.055193253834676596,0.00013541220040779752,0.00012837885044924115,0.00013541220040779752
25,243,model1_fixed_q,0.04561613727649983,8.462154642746824e-05,8.462154642746824e-05,8.108323986031744e-05
25,243,model3_dynamic_q,0.05520637638516579,0.00013608727199043737,0.00013608727199043737,0.0001327836669712075
25,244,model1_fixed_q,0.04555418811772809,8.229570215586859e-05,8.229570215586859e-05,7.834397530220231e-05
25,244,model3_dynamic_q,0.05524811533171774,0.0001328957686850722,0.00013128723940529106,0.0001328957686850722
25,245,model1_fixed_q,0.04555622465902233,8.873520319052298e-05,8.873520319052298e-05,8.043767665153122e-05
25,245,model3_dynamic_q,0.055255321115254115,0.00012782684799008483,0.00011954657154653004,0.00012782684799008483
25,246,model1_fixed_q,0.0455626261699897,7.685124763434651e-05,6.127643159672716e-05,7.685124763434651e-05
25,246,model3_dynamic_q,0.055146745823084334,0.0001450293766741366,0.0001450293766741366,0.0001272105623052648
25,247,model1_fixed_q,0.04556461209999948,7.828858821493934e-05,6.227361411383977e-05,7.828858821493934e-05
25,247,model3_dynamic_q,0.05516695042465043,0.0001306042067785729,0.00012255397467877705,0.0001306042067785729
25,248,model1_fixed_q,0.04548906338245319,8.241196634008715e-05,8.241196634008715e-05,7.542371696994996e-05
25,248,model3_dynamic_q,0.055144411924943314,0.000129518504875719,0.000129518504875719,0.0001277184540297848
25,249,model1_fixed_q,0.04540650119990216,7.948183922746948e-05,7.731396179429766e-05,7.948183922746948e-05
25,249,model3_dynamic_q,0.055105816916607354,0.00014011965735285684,0.00014011965735285684,0.00012762087779231822
25,250,model1_fixed_q,0.04537529450880092,7.682082277155855e-05,6.159325012410348e-05,7.682082277155855e-05
25,250,model3_dynamic_q,0.055267960333039136,0.00013453732298188131,0.0001345373229818813,0.00013060682544686555
25,251,model1_fixed_q,0.045504443002148495,7.832573399457895e-05,6.891837681802887e-05,7.832573399457895e-05
25,251,model3_dynamic_q,0.05517618952054558,0.0001526333663193127,0.0001526333663193127,0.00013296693999888666
25,252,model1_fixed_q,0.04548811975141033,9.332681879163636e-05,9.332681879163636e-05,8.052487088061037e-05
25,252,model3_dynamic_q,0.055198290623998024,0.00013832545741251015,0.00013832545741251015,0.00013524177240905452
25,253,model1_fixed_q,0.04549239005900991,7.834862979734727e-05,7.217473213203663e-05,7.834862979734727e-05
25,253,model3_dynamic_q,0.05523562765816503,0.00013205638411266358,0.00012859015337671352,0.00013205638411266358
25,254,model1_fixed_q,0.04553661213113232,7.85286882862409e-05,6.472990948311001e-05,7.85286882862409e-05
25,254,model3_dynamic_q,0.055221649577350915,0.0001502252936223466,0.0001502252936223466,0.00013608988205331945
25,255,model1_fixed_q,0.04551440784871803,9.625416667009098e-05,9.625416667009098e-05,7.962386104720255e-05
25,255,model3_dynamic_q,0.05529966154290055,0.0001368319752238842,0.00011056259981648588,0.0001368319752238842
25,256,model1_fixed_q,0.04555470182297569,8.144349438832825e-05,6.837110228320572e-05,8.144349438832825e-05
25,256,model3_dynamic_q,0.05530461058827106,0.00013531514036863,0.00011938321907161151,0.00013531514036863
25,257,model1_fixed_q,0.04551612621721087,7.734022950545945e-05,6.284170116131907e-05,7.734022950545945e-05
25,257,model3_dynamic_q,0.055377561306407606,0.0001357177913891419,0.00011051661406800339,0.0001357177913891419
25,258,model1_fixed_q,0.045505083605133806,7.638005624686208e-05,6.514040378986026e-05,7.638005624686208e-05
25,258,model3_dynamic_q,0.055296902130560356,0.00014445210499163555,0.00014445210499163555,0.000135346703117231
25,259,model1_fixed_q,0.045467021290746264,7.967942155335504e-05,7.531048949280552e-05,7.967942155335504e-05
25,259,model3_dynamic_q,0.05519329955372628,0.0001501419210189232,0.0001501419210189232,0.00013516238262231044
25,260,model1_fixed_q,0.04536822768140942,8.124154065182247e-05,7.027259502097175e-05,8.124154065182247e-05
25,260,model3_dynamic_q,0.05525544563126993,0.0001476500034709083,0.00014765000347090828,0.0001295382001228932
25,261,model1_fixed_q,0.04548167873537669,8.04317640363326e-05,6.591188824015587e-05,8.04317640363326e-05
25,261,model3_dynamic_q,0.055335584650715974,0.00016204800945293608,0.00016204800945293608,0.0001304979051263162
25,262,model1_fixed_q,0.04550337825298805,8.810001910155547e-05,8.810001910155547e-05,7.835801722240667e-05
25,262,model3_dynamic_q,0.05535722381053021,0.00015779855947645885,0.00015779855947645885,0.0001319300356070996
25,263,model1_fixed_q,0.0453887265340765,8.659680766084468e-05,8.659680766084468e-05,7.917616815824646e-05
25,263,model3_dynamic_q,0.05528979373158965,0.0001337858346029811,0.0001192991086980456,0.0001337858346029811
25,264,model1_fixed_q,0.04539082571218404,8.101514952618607e-05,6.00973409571618e-05,8.101514952618607e-05
25,264,model3_dynamic_q,0.05517543555505886,0.00013511190154625452,0.00011785419455451536,0.00013511190154625452
25,265,model1_fixed_q,0.04539331695285376,7.883426498376022e-05,6.996477036913861e-05,7.883426498376022e-05
25,265,model3_dynamic_q,0.05505821026342865,0.0001327098856344709,0.00011960206194422653,0.0001327098856344709
25,266,model1_fixed_q,0.045387893805138774,7.802027628575513e-05,6.902384793242219e-05,7.802027628575513e-05
25,266,model3_dynamic_q,0.054995995621561766,0.00013456063206347305,0.00013042422753216165,0.00013456063206347305
25,267,model1_fixed_q,0.045408786234515344,8.973189083782416e-05,8.973189083782416e-05,7.7956604098316e-05
25,267,model3_dynamic_q,0.05507480850228789,0.00013152349918671319,0.00013021608484517963,0.00013152349918671319
25,268,model1_fixed_q,0.045487358696294514,7.565392331423606e-05,7.252713145540218e-05,7.565392331423606e-05
25,268,model3_dynamic_q,0.055165516067035875,0.00013683160872408814,0.00013683160872408814,0.000129650873778415
25,269,model1_fixed_q,0.04555065451892992,8.219275143682626e-05,8.219275143682626e-05,7.800860746613488e-05
25,269,model3_dynamic_q,0.05518774274986265,0.00013930782766915638,0.00013930782766915638,0.00013345992239515486
25,270,model1_fixed_q,0.04562798459572373,8.037022620596933e-05,8.037022620596933e-05,7.791398114308894e-05
25,270,model3_dynamic_q,0.055187165692033,0.0001518758727090488,0.0001518758727090488,0.00013790699817076312
25,271,model1_fixed_q,0.04554138890284024,8.374822833017939e-05,8.374822833017939e-05,7.81915076928893e-05
25,271,model3_dynamic_q,0.05520741910144036,0.00013846984519014853,0.00013743260130021255,0.00013846984519014853
25,272,model1_fixed_q,0.045573852791188155,7.87891579380259e-05,5.519903562115205e-05,7.87891579380259e-05
25,272,model3_dynamic_q,0.05522111444764893,0.00013440570538805993,9.928772853237387e-05,0.00013440570538805993
25,273,model1_fixed_q,0.045418630377149306,8.780065668756062e-05,8.780065668756062e-05,7.977396004413293e-05
25,273,model3_dynamic_q,0.05521840831116111,0.00013804069667242854,0.00010722246049589246,0.00013804069667242854
25,274,model1_fixed_q,0.045461833759177596,8.107308603022788e-05,8.107308603022788e-05,7.731463782215306e-05
25,274,model3_dynamic_q,0.05514574951087362,0.00012914671290119588,0.00012676805811838145,0.00012914671290119588
25,275,model1_fixed_q,0.045456806279987036,8.388687081498928e-05,8.388687081498928e-05,8.106025066506985e-05
25,275,model3_dynamic_q,0.05495858202717462,0.00013294653007261438,0.00013294653007261438,0.0001258783860587667
25,276,model1_fixed_q,0.04547827215226172,9.451765823022054e-05,9.451765823022052e-05,7.556587538964943e-05
25,276,model3_dynamic_q,0.05498993602223147,0.0001283893288213904,0.00011282578291994736,0.0001283893288213904
25,277,model1_fixed_q,0.04536342118709307,8.535373366676389e-05,8.535373366676389e-05,8.042912665635532e-05
25,277,model3_dynamic_q,0.05496346761930434,0.00013621916818834016,0.00013621916818834016,0.0001340374471881461
25,278,model1_fixed_q,0.045498387582147616,7.815119746437046e-05,7.26448963571354e-05,7.815119746437046e-05
25,278,model3_dynamic_q,0.05510619916613393,0.00014084608552794868,0.00014084608552794868,0.00013156118787931143
25,279,model1_fixed_q,0.04552336034550326,7.957829977790256e-05,6.896331470483796e-05,7.957829977790256e-05
25,279,model3_dynamic_q,0.05523329355749729,0.0001324809466806843,0.0001315659382115545,0.0001324809466806843
25,280,model1_fixed_q,0.04566098525330974,7.901380314075472e-05,7.901380314075472e-05,7.840477598180184e-05
25,280,model3_dynamic_q,0.0552861586813504,0.00014534933165328843,0.0001453493316532884,0.00013526636846165966
25,281,model1_fixed_q,0.0456464231345396,8.050172808774455e-05,7.076242363397836e-05,8.050172808774455e-05
25,281,model3_dynamic_q,0.05539431346947305,0.00013971561237302165,0.00013439247828248685,0.00013971561237302165
25,282,model1_fixed_q,0.045533966187907865,9.014455429001769e-05,9.014455429001768e-05,7.912655583345267e-05
25,282,model3_dynamic_q,0.05557306557552552,0.00015433922103021876,0.00015433922103021873,0.0001382669935573626
25,283,model1_fixed_q,0.045496654727969585,7.997440725033268e-05,7.997440725033266e-05,7.80534785977041e-05
25,283,model3_dynamic_q,0.05553621211451391,0.00013744473100906293,0.000126863486963985,0.00013744473100906293
25,284,model1_fixed_q,0.04554001746978004,7.772296819535735e-05,7.772296819535735e-05,7.60965791186192e-05
25,284,model3_dynamic_q,0.055483846538593104,0.00013693132021036999,0.00011404666045764045,0.00013693132021036999
25,285,model1_fixed_q,0.04560956251290196,9.206913053468079e-05,9.206913053468078e-05,7.795528168798748e-05
25,285,model3_dynamic_q,0.0555243720666475,0.00013687116938836577,0.00013687116938836577,0.00013445939140998935
25,286,model1_fixed_q,0.045582166255260924,9.09423215742747e-05,9.094232157427468e-05,7.796717917095801e-05
25,286,model3_dynamic_q,0.05552055124374042,0.0001427839803309611,0.00012754392580956604,0.0001427839803309611
25,287,model1_fixed_q,0.045594440634639216,8.50335357692327e-05,8.503353576923271e-05,7.65226254288571e-05
25,287,model3_dynamic_q,0.05538233276436878,0.00013700980509453672,0.00012934882017771881,0.00013700980509453672
25,288,model1_fixed_q,0.04548831613430272,7.783542980591e-05,7.454235535459283e-05,7.783542980591e-05
25,288,model3_dynamic_q,0.0553661378086204,0.00013300257686232837,0.00013285050144167858,0.00013300257686232837
25,289,model1_fixed_q,0.045604638647379445,7.5868851916465e-05,7.297007346394553e-05,7.5868851916465e-05
25,289,model3_dynamic_q,0.05525435733573484,0.00014479933853488007,0.00014479933853488007,0.0001312611644992438
25,290,model1_fixed_q,0.045671334102975546,8.165571265150525e-05,8.165571265150525e-05,7.713548963460071e-05
25,290,model3_dynamic_q,0.05528197726780388,0.000147317612779731,0.000147317612779731,0.00013644052371073915
25,291,model1_fixed_q,0.04561916878540627,8.520542041542958e-05,8.520542041542958e-05,7.327305122028484e-05
25,291,model3_dynamic_q,0.05533397316421896,0.00016451140299508142,0.00016451140299508142,0.00013451951826360783
25,292,model1_fixed_q,0.04555153641867561,0.00010504170120221184,0.00010504170120221184,7.290457984880468e-05
25,292,model3_dynamic_q,0.05523508292108463,0.0001502292742997523,0.00015022927429975228,0.00013589166326854462
25,293,model1_fixed_q,0.04553587798935261,8.970886374087489e-05,8.970886374087487e-05,7.625341875563832e-05
25,293,model3_dynamic_q,0.05512448927478309,0.0001629336450049839,0.0001629336450049839,0.00013436360871485497
25,294,model1_fixed_q,0.0455022322469596,7.683604121511702e-05,7.014114665544707e-05,7.683604121511702e-05
25,294,model3_dynamic_q,0.05513069237180049,0.0001768677013972895,0.0001768677013972895,0.0001314713682710947
25,295,model1_fixed_q,0.04546227175619803,8.43171912684347e-05,7.415591706472761e-05,8.43171912684347e-05
25,295,model3_dynamic_q,0.054988212769420085,0.000141248310545833,0.000141248310545833,0.0001297154447306252
25,296,model1_fixed_q,0.045510088605231966,8.06363232488142e-05,7.598809056643916e-05,8.06363232488142e-05
25,296,model3_dynamic_q,0.055040658459623276,0.000148648672373024,0.000148648672373024,0.00012786465038582535
25,297,model1_fixed_q,0.04559017485087132,7.838884404264874e-05,7.111431941653316e-05,7.838884404264874e-05
25,297,model3_dynamic_q,0.05510947068546036,0.0001297270002051057,0.00010551072186307742,0.0001297270002051057
25,298,model1_fixed_q,0.0455219624681288,7.524428834846591e-05,6.381152588556505e-05,7.524428834846591e-05
25,298,model3_dynamic_q,0.05511674680743429,0.00013706540284656277,0.00010690660420637541,0.00013706540284656277
25,299,model1_fixed_q,0.045531592209875835,8.655521398554266e-05,8.655521398554268e-05,7.595829127255971e-05
25,299,model3_dynamic_q,0.05533042826220918,0.00015373474786726943,0.00015373474786726943,0.0001355187255345437
25,300,model1_fixed_q,0.04553386836373619,7.716624039072798e-05,7.052542794801962e-05,7.716624039072798e-05
25,300,model3_dynamic_q,0.05554315066592371,0.00014495426562053344,0.00014495426562053344,0.00013613373228977532
25,301,model1_fixed_q,0.04549113714483732,8.896760899321038e-05,8.896760899321038e-05,7.984131354525521e-05
25,301,model3_dynamic_q,0.05543721176236893,0.00014690618140348526,0.00014690618140348528,0.00013455909976472605
25,302,model1_fixed_q,0.04544851304518594,8.122622390198515e-05,8.122622390198515e-05,7.722831198100846e-05
25,302,model3_dynamic_q,0.05538794959279754,0.00015383123057315334,0.00015383123057315337,0.00013197330715122597
25,303,model1_fixed_q,0.04546212009298666,7.766851218337961e-05,6.828112548350237e-05,7.766851218337961e-05
25,303,model3_dynamic_q,0.055358531171099186,0.0001432655431897916,0.0001432655431897916,0.00013436734596718072
25,304,model1_fixed_q,0.04545531515557419,7.855334259068352e-05,7.059936135406187e-05,7.855334259068352e-05
25,304,model3_dynamic_q,0.05528638785553437,0.00015645984895956472,0.00015645984895956472,0.00013636427444592363
25,305,model1_fixed_q,0.04549039691625488,7.851337111532567e-05,7.448071768498093e-05,7.851337111532567e-05
25,305,model3_dynamic_q,0.05517419575572423,0.00016992475418280403,0.00016992475418280403,0.00013696708108513976
25,306,model1_fixed_q,0.045418113404455326,7.803334684710631e-05,7.661436771812083e-05,7.803334684710631e-05
25,306,model3_dynamic_q,0.05511367271033,0.0001346500674229055,0.0001346500674229055,0.00013432653873037098
25,307,model1_fixed_q,0.04556553418171758,8.730418275440382e-05,8.730418275440382e-05,8.07197819863251e-05
25,307,model3_dynamic_q,0.055138651678913825,0.00014917791371494467,0.00014917791371494465,0.0001317524750069895
25,308,model1_fixed_q,0.045524443097037785,8.037697597488743e-05,8.037697597488743e-05,7.904356368557089e-05
25,308,model3_dynamic_q,0.05496526804223456,0.00014348533514386616,0.00014348533514386616,0.000129503038016341
25,309,model1_fixed_q,0.04548458320246243,9.072939519056824e-05,9.072939519056824e-05,8.050734501775926e-05
25,309,model3_dynamic_q,0.055137481416905894,0.00016067286174850133,0.00016067286174850133,0.00013053715416131077
25,310,model1_fixed_q,0.0455338265547419,8.97901943990325e-05,8.97901943990325e-05,7.926588101558154e-05
25,310,model3_dynamic_q,0.05515682412329174,0.00013710243777869337,0.00013710243777869337,0.00012751474963858622
25,311,model1_fixed_q,0.045515809179606743,8.045809953265963e-05,7.990574260917018e-05,8.045809953265963e-05
25,311,model3_dynamic_q,0.055149710919745944,0.00012713188634791092,0.00011980921325592052,0.00012713188634791092
25,312,model1_fixed_q,0.04552741000369103,7.601544322818816e-05,7.329379419792671e-05,7.601544322818816e-05
25,312,model3_dynamic_q,0.05537607340649021,0.00012912009351220821,0.00011054678469871968,0.00012912009351220821
25,313,model1_fixed_q,0.045522012096076495,7.599954259408963e-05,7.183003110908851e-05,7.599954259408963e-05
25,313,model3_dynamic_q,0.05533134717397307,0.00013050851051457022,0.00011079261995241813,0.00013050851051457022
25,314,model1_fixed_q,0.0455457439627343,0.0001021449219115673,0.0001021449219115673,7.654405410367906e-05
25,314,model3_dynamic_q,0.055256295748844934,0.00013538508950219894,0.00012865653921288912,0.00013538508950219894
25,315,model1_fixed_q,0.045548077911945976,8.509037804524645e-05,8.509037804524643e-05,7.992114665189326e-05
25,315,model3_dynamic_q,0.05524866411229883,0.000139026612715692,0.000139026612715692,0.00012885793821452266
25,316,model1_fixed_q,0.04554554313541224,7.946640371883939e-05,7.946640371883939e-05,7.875050813882902e-05
25,316,model3_dynamic_q,0.05523393978768009,0.00013243297591771812,0.00013243297591771812,0.00012546722431580452
25,317,model1_fixed_q,0.04564430891216875,7.84034747219566e-05,7.840347472195658e-05,7.789201344779292e-05
25,317,model3_dynamic_q,0.0552171443778681,0.00015124706874260863,0.00015124706874260863,0.00013660315226836397
25,318,model1_fixed_q,0.045493629767321915,8.565989355740873e-05,8.565989355740874e-05,7.924728269674203e-05
25,318,model3_dynamic_q,0.055301630815379726,0.00015813151548025377,0.00015813151548025377,0.00013059958997326963
25,319,model1_fixed_q,0.04547099927772973,7.661627863793625e-05,7.445886463007889e-05,7.661627863793625e-05
25,319,model3_dynamic_q,0.05540060185307069,0.00016525480570194544,0.00016525480570194544,0.00013255810510343712
25,320,model1_fixed_q,0.04534185570732422,7.837441916220902e-05,7.255923725007718e-05,7.837441916220902e-05
25,320,model3_dynamic_q,0.05533576095642744,0.00019193895552317337,0.00019193895552317337,0.00013016183826326694
25,321,model1_fixed_q,0.04547680769117319,8.909563603783096e-05,8.909563603783095e-05,7.807578180798879e-05
25,321,model3_dynamic_q,0.055240233407963905,0.00016504192330373232,0.00016504192330373232,0.00013139756989764332
25,322,model1_fixed_q,0.045507624276458276,8.017259516020433e-05,6.75254116814535e-05,8.017259516020433e-05
25,322,model3_dynamic_q,0.0551533687335745,0.00014424038534057796,0.00014424038534057796,0.0001322652858465169
25,323,model1_fixed_q,0.04548519327162929,7.970749503345928e-05,7.970749503345928e-05,7.886058536750696e-05
25,323,model3_dynamic_q,0.05513074449548302,0.00013577702130005654,0.00013271778954255102,0.00013577702130005654
25,324,model1_fixed_q,0.045570457496004045,7.675428113587309e-05,7.560106230056423e-05,7.675428113587309e-05
25,324,model3_dynamic_q,0.05509902021381521,0.00013145608530333784,0.0001199378769484619,0.00013145608530333784
25,325,model1_fixed_q,0.04556973459716167,7.679391799768809e-05,6.227191114437996e-05,7.679391799768809e-05
25,325,model3_dynamic_q,0.05505725092703307,0.00012951743344357693,0.0001260548409968116,0.00012951743344357693
25,326,model1_fixed_q,0.045477395275246094,7.883008752870643e-05,5.93567547703727e-05,7.883008752870643e-05
25,326,model3_dynamic_q,0.05520644223630392,0.00013433252436243577,0.00011281978667340455,0.00013433252436243577
25,327,model1_fixed_q,0.04555727065501242,7.689265942860991e-05,7.531264866389931e-05,7.689265942860991e-05
25,327,model3_dynamic_q,0.0552422287266231,0.00015692029799624382,0.00015692029799624382,0.00013283041747595234
25,328,model1_fixed_q,0.04562936345318799,8.120978824014576e-05,7.617894346351875e-05,8.120978824014576e-05
25,328,model3_dynamic_q,0.05502070191082377,0.00014257148734129024,0.00014257148734129026,0.00013095540517473703
25,329,model1_fixed_q,0.0456041784470755,8.123243952998985e-05,7.544274450060877e-05,8.123243952998985e-05
25,329,model3_dynamic_q,0.05503503258520261,0.00013710429094108143,0.00013710429094108143,0.00012620572644209336
25,330,model1_fixed_q,0.0455193082839811,9.260790073863756e-05,9.260790073863754e-05,7.88409345752761e-05
25,330,model3_dynamic_q,0.0550530945353564,0.00014909974185865692,0.00014909974185865692,0.00013046814959048145
25,331,model1_fixed_q,0.045584674031151996,8.093891660382456e-05,6.751191469838217e-05,8.093891660382456e-05
25,331,model3_dynamic_q,0.05524247921950888,0.00013236059559533289,0.00011722048382449787,0.00013236059559533289
25,332,model1_fixed_q,0.04558853461706587,8.544134646593398e-05,8.544134646593397e-05,7.710218134797896e-05
25,332,model3_dynamic_q,0.05508877327876844,0.00013258890209797802,0.0001189265651900427,0.00013258890209797802
25,333,model1_fixed_q,0.04564714143323022,7.663006344670425e-05,7.520955161532745e-05,7.663006344670425e-05
25,333,model3_dynamic_q,0.055124019171117075,0.0001402454284764267,0.00014024542847642667,0.00013021346214460967
25,334,model1_fixed_q,0.0456574318660427,7.490255278907493e-05,6.646667633646986e-05,7.490255278907493e-05
25,334,model3_dynamic_q,0.05527475225598574,0.00014360473775539654,0.00014360473775539654,0.0001248805710398104
25,335,model1_fixed_q,0.04570451879133022,7.927474325696922e-05,6.946345478125569e-05,7.927474325696922e-05
25,335,model3_dynamic_q,0.055449841020547536,0.0001239755322532377,0.00012249358531810973,0.0001239755322532377
25,336,model1_fixed_q,0.0456541465252237,8.628624433378005e-05,8.628624433378005e-05,8.002719570053527e-05
25,336,model3_dynamic_q,0.05523477564921544,0.00012858233994482104,0.00012858233994482104,0.00012245325334763247
25,337,model1_fixed_q,0.045597834251149695,7.834254594567582e-05,7.412875367034e-05,7.834254594567582e-05
25,337,model3_dynamic_q,0.055310981389910925,0.00015732006791933616,0.00015732006791933616,0.00012870529298575497
25,338,model1_fixed_q,0.045509728458664654,7.984334443914725e-05,6.799909396438819e-05,7.984334443914725e-05
25,338,model3_dynamic_q,0.05539670109105984,0.00013523277335033022,0.00013523277335033022,0.00013044426668113514
25,339,model1_fixed_q,0.04551638123871358,8.108583653702258e-05,7.679685314340423e-05,8.108583653702258e-05
25,339,model3_dynamic_q,0.055352674167494106,0.00014710120234816414,0.00014710120234816414,0.00013320695343130371
25,340,model1_fixed_q,0.04543663831366904,7.917557670728649e-05,7.067342147797999e-05,7.917557670728649e-05
25,340,model3_dynamic_q,0.055281471900058395,0.00013048163670965242,0.00012343683837585183,0.00013048163670965242
25,341,model1_fixed_q,0.04546145920776222,7.922755394829547e-05,7.471538871328569e-05,7.922755394829547e-05
25,341,model3_dynamic_q,0.055267273592716146,0.00012916456757612672,0.00012735256614846327,0.00012916456757612672
25,342,model1_fixed_q,0.04551009811461234,7.510257647874469e-05,7.104486221915586e-05,7.510257647874469e-05
25,342,model3_dynamic_q,0.05523144156941862,0.00012949972497500715,0.0001185495994200696,0.00012949972497500715
25,343,model1_fixed_q,0.04556149358257438,0.00010405960125491302,0.000104059601254913,7.605309758049787e-05
25,343,model3_dynamic_q,0.0551512210930607,0.00013079488503643273,0.00012100117479037289,0.00013079488503643273
25,344,model1_fixed_q,0.04553782186970934,9.182347118531363e-05,9.182347118531363e-05,7.529252274133124e-05
25,344,model3_dynamic_q,0.05509848032622809,0.00012518901824677843,0.00011563511430764062,0.00012518901824677843
25,345,model1_fixed_q,0.045564025005072735,8.648755422261137e-05,8.648755422261137e-05,7.772162733987896e-05
25,345,model3_dynamic_q,0.05516304963263043,0.00013797100419432807,0.00013797100419432807,0.00012411431437209252
25,346,model1_fixed_q,0.04561832228946402,8.024148437652077e-05,7.073594400538769e-05,8.024148437652077e-05
25,346,model3_dynamic_q,0.055220275139173776,0.00014068308438536294,0.00014068308438536294,0.0001282409253086071
25,347,model1_fixed_q,0.0455571235349572,7.779694061960289e-05,6.5321489170925e-05,7.779694061960289e-05
25,347,model3_dynamic_q,0.055241050075154695,0.00013005800810772216,0.00012026594759861358,0.00013005800810772216
25,348,model1_fixed_q,0.04548816809526348,7.88394656448377e-05,5.491386133676318e-05,7.88394656448377e-05
25,348,model3_dynamic_q,0.05536059963382348,0.0001350277776468487,0.00011053848999685454,0.0001350277776468487
25,349,model1_fixed_q,0.04544077584612886,7.817688890393516e-05,6.361644001663654e-05,7.817688890393516e-05
25,349,model3_dynamic_q,0.05530382009112327,0.0001311408099640611,0.00011091339050908133,0.0001311408099640611
25,350,model1_fixed_q,0.045499093540322645,7.97774509003053e-05,7.395142572202886e-05,7.97774509003053e-05
25,350,model3_dynamic_q,0.05529794867285131,0.00013301915373928154,0.0001330191537392815,0.00013284581542351293
25,351,model1_fixed_q,0.04545273638032312,7.900144352802085e-05,7.086919183879512e-05,7.900144352802085e-05
25,351,model3_dynamic_q,0.05536040491939383,0.00013466623582663657,0.00012666042815451728,0.00013466623582663657
25,352,model1_fixed_q,0.04544610251860221,7.822441640267843e-05,6.821872629606218e-05,7.822441640267843e-05
25,352,model3_dynamic_q,0.05517196417969574,0.0001342617575304955,0.00013083309514864015,0.0001342617575304955
25,353,model1_fixed_q,0.04552144252763452,8.050003033752881e-05,6.416880849208223e-05,8.050003033752881e-05
25,353,model3_dynamic_q,0.05530708552375347,0.00014528398345192017,0.00014528398345192017,0.00013772031904869542
25,354,model1_fixed_q,0.04555520882962372,7.94161711563742e-05,7.095507565534654e-05,7.94161711563742e-05
25,354,model3_dynamic_q,0.055403340899604234,0.0001324351158002098,0.0001324351158002098,0.0001313194187066195
25,355,model1_fixed_q,0.04559352110692821,7.49167327572912e-05,7.361613129711075e-05,7.49167327572912e-05
25,355,model3_dynamic_q,0.05510945415906887,0.0001339599853940264,0.0001339599853940264,0.00012787279876563416
25,356,model1_fixed_q,0.04555281155779553,8.861640748700058e-05,8.861640748700058e-05,7.862506200968622e-05
25,356,model3_dynamic_q,0.055228552990890176,0.00012537691194054284,0.00011699351678895193,0.00012537691194054284
25,357,model1_fixed_q,0.045594147216622395,7.905847088421964e-05,6.98734679113672e-05,7.905847088421964e-05
25,357,model3_dynamic_q,0.055084490207716094,0.0001311551436141545,0.00012579319987843855,0.0001311551436141545
25,358,model1_fixed_q,0.0456905105840614,8.776871904459137e-05,8.776871904459136e-05,7.838360036659124e-05
25,358,model3_dynamic_q,0.054898074268785686,0.00013486938057852047,0.00013486938057852047,0.00013045989805344468
25,359,model1_fixed_q,0.04560214363494761,8.218037198171819e-05,8.218037198171819e-05,7.640437215015475e-05
25,359,model3_dynamic_q,0.054905891357084326,0.00013226622879659056,0.00013226622879659056,0.00013084483035032203
25,360,model1_fixed_q,0.04559696810836197,7.65687673943262e-05,7.236608837803187e-05,7.65687673943262e-05
25,360,model3_dynamic_q,0.05521937670613609,0.0001382946514416006,0.00012349093185766468,0.0001382946514416006
25,361,model1_fixed_q,0.04557172330759953,8.09687489607464e-05,8.09687489607464e-05,7.766159679160218e-05
25,361,model3_dynamic_q,0.05530957678888541,0.00013528821134842952,0.00010132398221217217,0.00013528821134842952
25,362,model1_fixed_q,0.04572528978280754,8.439008885683499e-05,8.439008885683499e-05,7.675057273212786e-05
25,362,model3_dynamic_q,0.05540072721903506,0.0001489637347583071,0.0001489637347583071,0.00013612870985646192
25,363,model1_fixed_q,0.045749470446567124,8.147177882104641e-05,8.147177882104641e-05,7.924135942742071e-05
25,363,model3_dynamic_q,0.05527627051272616,0.00013853601713987337,0.00013853601713987337,0.00013570351133224937
25,364,model1_fixed_q,0.04556364902504353,8.002426043554881e-05,7.924617343552962e-05,8.002426043554881e-05
25,364,model3_dynamic_q,0.055233857730761365,0.00013886060962005044,0.00013886060962005044,0.00013102074275940097
25,365,model1_fixed_q,0.04546625453773671,8.230220172710014e-05,6.265232588134885e-05,8.230220172710014e-05
25,365,model3_dynamic_q,0.05530118527829875,0.00013343552920198928,0.00013343552920198928,0.00012980236258467316
25,366,model1_fixed_q,0.0455444138272388,8.632230162127317e-05,8.632230162127317e-05,7.87568484073228e-05
25,366,model3_dynamic_q,0.055442244192759366,0.0001530440431449802,0.0001530440431449802,0.000129584684310871
25,367,model1_fixed_q,0.04563222232725953,7.993532536825306e-05,6.805801343735432e-05,7.993532536825306e-05
25,367,model3_dynamic_q,0.05527799788091757,0.00017018008477777792,0.00017018008477777792,0.00012845194787831248
25,368,model1_fixed_q,0.04548282583953532,8.067986796476676e-05,7.518395064869303e-05,8.067986796476676e-05
25,368,model3_dynamic_q,0.055197801592181725,0.0001564689700622958,0.0001564689700622958,0.00012813088668450916
25,369,model1_fixed_q,0.04543403615390447,8.210621711978052e-05,8.210621711978052e-05,7.826029446882554e-05
25,369,model3_dynamic_q,0.055127217590083655,0.00014630937574863315,0.00014630937574863315,0.00013009962419784774
25,370,model1_fixed_q,0.04542071527682439,8.43090491761072e-05,8.43090491761072e-05,7.729873399639816e-05
25,370,model3_dynamic_q,0.05517960930431205,0.00013669096673152688,0.0001366909667315269,0.00013418888957900758
25,371,model1_fixed_q,0.045504446626650055,7.515107410820742e-05,6.685370584663966e-05,7.515107410820742e-05
25,371,model3_dynamic_q,0.055241188857619083,0.00014347652780580765,0.00014347652780580765,0.0001348939260155013
25,372,model1_fixed_q,0.04561756786699407,8.834161352778058e-05,8.834161352778057e-05,7.745339644327597e-05
25,372,model3_dynamic_q,0.05528653928601463,0.00017002249066594503,0.00017002249066594503,0.0001364755880363585
25,373,model1_fixed_q,0.045560990626263266,8.262837753030606e-05,8.262837753030606e-05,7.725490059075585e-05
25,373,model3_dynamic_q,0.055168546910110236,0.00016287808107077304,0.00016287808107077304,0.00013303798176764826
25,374,model1_fixed_q,0.04568071017860554,8.436422337469304e-05,8.436422337469304e-05,7.874153561192139e-05
25,374,model3_dynamic_q,0.05522119865404352,0.00014183300629107542,0.0001418330062910754,0.00013253023592600636
25,375,model1_fixed_q,0.04556724677013935,8.835603442794752e-05,8.83560344279475e-05,7.894239638581309e-05
25,375,model3_dynamic_q,0.05519330753731931,0.00016197302820276355,0.00016197302820276355,0.0001300147384045718
25,376,model1_fixed_q,0.04561412255058276,7.70106749825975e-05,7.434510602332997e-05,7.70106749825975e-05
25,376,model3_dynamic_q,0.05526106014480064,0.00016213872967681857,0.00016213872967681855,0.00013042201735529937
25,377,model1_fixed_q,0.045643647788905096,9.291015678994159e-05,9.291015678994159e-05,7.942515726209253e-05
25,377,model3_dynamic_q,0.0552037553440119,0.00014794514269886015,0.00014794514269886015,0.00013226697621240822
25,378,model1_fixed_q,0.04556717227828005,7.97577363197593e-05,7.97577363197593e-05,7.974430653728073e-05
25,378,model3_dynamic_q,0.05519076416281747,0.00014685576206324835,0.00014685576206324835,0.0001270108719894364
25,379,model1_fixed_q,0.0456839558409269,9.192100470323367e-05,9.192100470323367e-05,7.51883058948096e-05
25,379,model3_dynamic_q,0.05518064971244466,0.00014506474830303315,0.00014506474830303315,0.00013037430141201858
25,380,model1_fixed_q,0.045662070394399054,0.00010452336483729823,0.00010452336483729825,7.808745880221267e-05
25,380,model3_dynamic_q,0.055132539443242465,0.00013143379913802095,0.0001073250274256906,0.00013143379913802095
25,381,model1_fixed_q,0.045627650260600804,7.826857475558586e-05,7.312953081698833e-05,7.826857475558586e-05
25,381,model3_dynamic_q,0.05525654136592712,0.0001331241718829456,0.00012683954901323248,0.0001331241718829456
25,382,model1_fixed_q,0.04559588777815039,7.921575074252572e-05,7.576617263154898e-05,7.921575074252572e-05
25,382,model3_dynamic_q,0.0553744382656655,0.00015219899908483053,0.00015219899908483053,0.00013536833518953552
25,383,model1_fixed_q,0.045693975829345285,7.975225794378396e-05,7.974789218066689e-05,7.975225794378396e-05
25,383,model3_dynamic_q,0.055232170873204596,0.00013817086758693427,0.00013817086758693427,0.000130617203142983
25,384,model1_fixed_q,0.04559815532278745,7.994578530255975e-05,7.994578530255975e-05,7.864622314386004e-05
25,384,model3_dynamic_q,0.05523489059180146,0.00014152485412986045,0.00014152485412986045,0.00012963369044487799
25,385,model1_fixed_q,0.04555154043498084,8.061139892649964e-05,6.561526672169513e-05,8.061139892649964e-05
25,385,model3_dynamic_q,0.05522522974296216,0.00014563614120223262,0.00014563614120223262,0.00013156380582520546
25,386,model1_fixed_q,0.04553449141827527,7.746855563722659e-05,7.339077829110406e-05,7.746855563722659e-05
25,386,model3_dynamic_q,0.05528398975643149,0.0001553492927950229,0.0001553492927950229,0.00013521799450980134
25,387,model1_fixed_q,0.0455061421210859,7.935052810933555e-05,7.935052810933555e-05,7.732025388259654e-05
25,387,model3_dynamic_q,0.05525359343761872,0.0001545630136331098,0.0001545630136331098,0.00012932437011699036
25,388,model1_fixed_q,0.04552715104354542,8.37359900038544e-05,8.37359900038544e-05,7.577262547926676e-05
25,388,model3_dynamic_q,0.05515310188229883,0.00014613763085273365,0.00014613763085273365,0.00013027523001736386
25,389,model1_fixed_q,0.0455903359038914,9.183237921740432e-05,9.183237921740432e-05,7.850894079222474e-05
25,389,model3_dynamic_q,0.05528805518655485,0.00013570207663183174,0.00013570207663183174,0.00012976181218121873
25,390,model1_fixed_q,0.04556918126077313,7.943005999397094e-05,7.699013078630929e-05,7.943005999397094e-05
25,390,model3_dynamic_q,0.05520495387474467,0.0001331203861880722,0.00012967011577662534,0.0001331203861880722
25,391,model1_fixed_q,0.045588094667196606,9.00339599670535e-05,9.00339599670535e-05,8.109518250831531e-05
25,391,model3_dynamic_q,0.055336716312856846,0.00013495440713158236,0.0001319002978571271,0.00013495440713158236
25,392,model1_fixed_q,0.04551352339487765,8.565717676290744e-05,8.565717676290744e-05,8.014732490023263e-05
25,392,model3_dynamic_q,0.05526669819894347,0.00013541246104400005,0.00012299149934513545,0.00013541246104400005
25,393,model1_fixed_q,0.04550357520931552,0.00010565428115911604,0.00010565428115911604,8.123744333120037e-05
25,393,model3_dynamic_q,0.055256450190310245,0.00014727859378038368,0.00014727859378038368,0.00013398303023147228
25,394,model1_fixed_q,0.0455130520679927,8.938220744062087e-05,8.938220744062088e-05,7.962960530162995e-05
25,394,model3_dynamic_q,0.05540671929330259,0.00014940585636646024,0.00014940585636646024,0.00013242117105592238
25,395,model1_fixed_q,0.045493677357787234,9.661658195292916e-05,9.661658195292918e-05,7.796899223887022e-05
25,395,model3_dynamic_q,0.055356206829072295,0.00013649157286624118,0.00013535527481215156,0.00013649157286624118
25,396,model1_fixed_q,0.045742008066128034,9.180450551940045e-05,9.180450551940045e-05,7.884439964975888e-05
25,396,model3_dynamic_q,0.05539202356635204,0.00013985530002847817,0.00013985530002847817,0.00013359285760080627
25,397,model1_fixed_q,0.045717540954531184,8.206986588673306e-05,7.095201056343711e-05,8.206986588673306e-05
25,397,model3_dynamic_q,0.05532267718809492,0.0001544572268583521,0.00015445722685835208,0.00013539931783798623
25,398,model1_fixed_q,0.04566742068991569,8.007839420451726e-05,7.358553038608228e-05,8.007839420451726e-05
25,398,model3_dynamic_q,0.05539177478409802,0.00013772171881937996,0.00013772171881937996,0.00013750943256057334
25,399,model1_fixed_q,0.0456350961282243,7.97466054493358e-05,7.974660544933581e-05,7.679441250267913e-05
25,399,model3_dynamic_q,0.05531098648480234,0.00014589752586058736,0.00014589752586058736,0.0001309912716069971
25,400,model1_fixed_q,0.04558834262232437,8.881048559783687e-05,8.881048559783687e-05,7.812333280994768e-05
25,400,model3_dynamic_q,0.05529579892707052,0.00014747420384130774,0.00014747420384130774,0.0001330175638821699
25,401,model1_fixed_q,0.045575476591526026,8.949990414225593e-05,8.949990414225593e-05,7.851356510673648e-05
25,401,model3_dynamic_q,0.05519723608316992,0.00014931670405816187,0.00014931670405816187,0.00013499272532585673
25,402,model1_fixed_q,0.04546136220515584,7.786781566894191e-05,6.80728091231103e-05,7.786781566894191e-05
25,402,model3_dynamic_q,0.055156118924684146,0.00016276953108261625,0.00016276953108261625,0.00013604821027062548
25,403,model1_fixed_q,0.045463064563067805,7.672889347542213e-05,7.599274259953518e-05,7.672889347542213e-05
25,403,model3_dynamic_q,0.05519639127608131,0.0001486743136805154,0.00014867431368051543,0.00013683866887147854
25,404,model1_fixed_q,0.04549017954434977,7.558761454529591e-05,6.504024951267117e-05,7.558761454529591e-05
25,404,model3_dynamic_q,0.055267109059728974,0.00016136709101136922,0.0001613670910113692,0.00013471631084283002
25,405,model1_fixed_q,0.04555517275880295,7.784260299460082e-05,5.6914570133879646e-05,7.784260299460082e-05
25,405,model3_dynamic_q,0.055211004500665475,0.0001866277270004357,0.00018662772700043568,0.0001380358916417985
25,406,model1_fixed_q,0.04549681529611617,8.051101469930177e-05,7.170310146626727e-05,8.051101469930177e-05
25,406,model3_dynamic_q,0.05519703860373867,0.00016605437166577228,0.00016605437166577228,0.00013191018321347876
25,407,model1_fixed_q,0.04557798000495587,7.958497047634776e-05,7.07294716444303e-05,7.958497047634776e-05
25,407,model3_dynamic_q,0.05533235843351694,0.00013396449934985035,0.00013396449934985035,0.000129450329331964
25,408,model1_fixed_q,0.045419615654304524,8.121818529288503e-05,8.121818529288503e-05,7.810260434850377e-05
25,408,model3_dynamic_q,0.055090448424839615,0.00013855419973568943,0.00013855419973568943,0.0001281104035166226
25,409,model1_fixed_q,0.045464344532874915,7.753000780706635e-05,7.500581218550744e-05,7.753000780706635e-05
25,409,model3_dynamic_q,0.05499861219176367,0.0001334564927960533,0.0001322020928770401,0.0001334564927960533
25,410,model1_fixed_q,0.04538745120634158,8.181043227675304e-05,8.181043227675304e-05,7.733394349196186e-05
25,410,model3_dynamic_q,0.05522030718272609,0.00017467754690907582,0.00017467754690907582,0.0001330000698493327
25,411,model1_fixed_q,0.04544025026472866,7.68867376711234e-05,6.552775516198787e-05,7.68867376711234e-05
25,411,model3_dynamic_q,0.05528307024167166,0.00017928462543934204,0.00017928462543934204,0.00013431811206707743
25,412,model1_fixed_q,0.04534867362002806,8.051294643995956e-05,8.051294643995956e-05,7.666516751064861e-05
25,412,model3_dynamic_q,0.05536216466522994,0.00017201632527253462,0.00017201632527253462,0.00013289124537045963
25,413,model1_fixed_q,0.04546302589065164,8.661259810684085e-05,8.661259810684083e-05,8.225291984571851e-05
25,413,model3_dynamic_q,0.05543817414774583,0.00017901979893502625,0.00017901979893502625,0.00013851034744051616
25,414,model1_fixed_q,0.04546356462479732,7.647088437982884e-05,6.759849616131909e-05,7.647088437982884e-05
25,414,model3_dynamic_q,0.05538525937460482,0.00018201504278325618,0.00018201504278325618,0.00013880285819086358
25,415,model1_fixed_q,0.04555315564305044,8.639778739232173e-05,8.639778739232173e-05,7.591311992303564e-05
25,415,model3_dynamic_q,0.05546965663165459,0.00016717684554381617,0.00016717684554381617,0.0001348467782271996
25,416,model1_fixed_q,0.04559517234676735,9.091044269896601e-05,9.091044269896601e-05,7.991895343414594e-05
25,416,model3_dynamic_q,0.05545916518208163,0.00013980194922697648,0.00013980194922697648,0.0001332204661739225
25,417,model1_fixed_q,0.04553818178334168,9.487171326543355e-05,9.487171326543355e-05,7.778494463985169e-05
25,417,model3_dynamic_q,0.05534160507756879,0.00014212387304074034,0.00014212387304074034,0.00013444778061500191
25,418,model1_fixed_q,0.04553994751806621,7.842121846444341e-05,6.836439433822308e-05,7.842121846444341e-05
25,418,model3_dynamic_q,0.05534646443552274,0.0001417897930570255,0.0001417897930570255,0.00013555938840961566
25,419,model1_fixed_q,0.04541621003109596,7.70300920647653e-05,6.45664774731575e-05,7.70300920647653e-05
25,419,model3_dynamic_q,0.055191627772255065,0.00014173525011387979,0.00014173525011387979,0.0001346604722934691
25,420,model1_fixed_q,0.04533031524487005,8.496521649639645e-05,8.496521649639645e-05,7.996137000952285e-05
25,420,model3_dynamic_q,0.055118872461705,0.0001340431525215097,0.00013103778186543933,0.0001340431525215097
25,421,model1_fixed_q,0.04549540941128182,9.392088669957693e-05,9.392088669957692e-05,7.315171118245217e-05
25,421,model3_dynamic_q,0.05501475640434275,0.00015584159539287233,0.00015584159539287233,0.00012942236420021054
25,422,model1_fixed_q,0.0454151034672813,7.692263657391804e-05,7.606979905652191e-05,7.692263657391804e-05
25,422,model3_dynamic_q,0.05492953963318404,0.00015888560678380088,0.0001588856067838009,0.00012809631072917925
25,423,model1_fixed_q,0.04549709748450911,9.815519182734826e-05,9.815519182734825e-05,7.820928230820156e-05
25,423,model3_dynamic_q,0.05496240044400273,0.00016403316524838342,0.00016403316524838342,0.00012388984336467998
25,424,model1_fixed_q,0.04558982666432938,8.048027173810019e-05,8.048027173810019e-05,7.764012278095857e-05
25,424,model3_dynamic_q,0.05496646349406211,0.0001327858619119588,0.0001327858619119588,0.0001294184938827708
25,425,model1_fixed_q,0.045544699023423604,9.102753208905739e-05,9.102753208905739e-05,7.681474627623821e-05
25,425,model3_dynamic_q,0.05510801452233379,0.00013333085016285117,0.0001251564826842156,0.00013333085016285117
25,426,model1_fixed_q,0.04553851005598881,7.751725741977684e-05,7.460809052651735e-05,7.751725741977684e-05
25,426,model3_dynamic_q,0.05512177488177236,0.00014173013003875037,0.00014173013003875037,0.00013270672142581637
25,427,model1_fixed_q,0.04554450221779637,8.672423828769646e-05,8.672423828769646e-05,7.541077565724743e-05
25,427,model3_dynamic_q,0.05507670380577668,0.00014199567547397483,0.00014199567547397483,0.00013527929754598156
25,428,model1_fixed_q,0.045569783049917705,7.906579981249449e-05,6.859223639050093e-05,7.906579981249449e-05
25,428,model3_dynamic_q,0.05500140253158867,0.00016171229195180672,0.00016171229195180672,0.00013740207589357944
25,429,model1_fixed_q,0.04556010421999808,8.07670466274148e-05,7.172431364865676e-05,8.07670466274148e-05
25,429,model3_dynamic_q,0.055213895505176164,0.00013772831939955308,0.00013475981847149238,0.00013772831939955308
25,430,model1_fixed_q,0.04557540162117233,9.453158603986179e-05,9.453158603986179e-05,7.901194277639048e-05
25,430,model3_dynamic_q,0.05520556603906498,0.00013794107551053745,0.00013279626241962812,0.00013794107551053745
25,431,model1_fixed_q,0.04551961628867343,7.954170020026507e-05,7.954170020026507e-05,7.806783296803143e-05
25,431,model3_dynamic_q,0.05523781761359271,0.0001441113450322867,0.0001441113450322867,0.00013277959878580726
25,432,model1_fixed_q,0.04535825129744553,7.605225526005293e-05,6.705743509483378e-05,7.605225526005293e-05
25,432,model3_dynamic_q,0.05521988016654476,0.00013163768003112583,0.00013163768003112583,0.0001284784614563366
25,433,model1_fixed_q,0.04537448354134208,7.94455569537876e-05,6.376638325705504e-05,7.94455569537876e-05
25,433,model3_dynamic_q,0.055183367359365576,0.00013398741995232467,0.00011162051596165833,0.00013398741995232467
25,434,model1_fixed_q,0.04550081773692931,9.11154770060432e-05,9.11154770060432e-05,7.855530338492966e-05
25,434,model3_dynamic_q,0.055254406866500516,0.00013114618459091103,0.00010357999790254248,0.00013114618459091103
25,435,model1_fixed_q,0.04548078302197547,7.792757781045527e-05,7.519582595443066e-05,7.792757781045527e-05
25,435,model3_dynamic_q,0.05537648759915693,0.00013041847561317703,9.46121115633012e-05,0.00013041847561317703
25,436,model1_fixed_q,0.04551938898074237,7.762628364600419e-05,7.762628364600418e-05,7.627280355424943e-05
25,436,model3_dynamic_q,0.055217807986329574,0.00012580350460446364,0.00011846569006695776,0.00012580350460446364
25,437,model1_fixed_q,0.045439815461043025,8.574622557426601e-05,8.574622557426601e-05,7.70290550297865e-05
25,437,model3_dynamic_q,0.055269387267244265,0.00013354961350574434,0.00013004685391158842,0.00013354961350574434
25,438,model1_fixed_q,0.045448797941346084,7.814646336187902e-05,7.539652216711503e-05,7.814646336187902e-05
25,438,model3_dynamic_q,0.055370394710464586,0.0001347198499576649,0.0001321695467301774,0.0001347198499576649
25,439,model1_fixed_q,0.045459311140861276,8.915934558208369e-05,8.915934558208369e-05,7.913441180670804e-05
25,439,model3_dynamic_q,0.05544894380142995,0.00014157047708780027,0.00014144091455539935,0.00014157047708780027
25,440,model1_fixed_q,0.04548187733696048,0.00010238442348779079,0.00010238442348779079,7.890363849103995e-05
25,440,model3_dynamic_q,0.05558172753677247,0.0001384990566157037,0.00013575385634403844,0.0001384990566157037
25,441,model1_fixed_q,0.0455945661400832,8.438346943705209e-05,8.438346943705209e-05,7.65646348723292e-05
25,441,model3_dynamic_q,0.055442299462164266,0.00013699826764597715,0.00013699826764597715,0.00013374517478937053
25,442,model1_fixed_q,0.04560588853170259,8.56444092282337e-05,8.564440922823372e-05,8.03613418108921e-05
25,442,model3_dynamic_q,0.055417017246361465,0.0001407881643114782,0.00014078816431147817,0.0001343381001798414
25,443,model1_fixed_q,0.045655818969756595,7.845490472567643e-05,7.369483912454256e-05,7.845490472567643e-05
25,443,model3_dynamic_q,0.05535607626905202,0.00013758765151847803,0.00013758765151847803,0.0001311778205191754
25,444,model1_fixed_q,0.04557959486970255,8.10581528515127e-05,8.10581528515127e-05,7.981850492334722e-05
25,444,model3_dynamic_q,0.05527551160332678,0.00016718031849501862,0.0001671803184950186,0.00013335240238771285
25,445,model1_fixed_q,0.04550445797598473,8.710074573342005e-05,8.710074573342005e-05,7.749335247634137e-05
25,445,model3_dynamic_q,0.05534500445555402,0.00016143976758339833,0.00016143976758339833,0.00013484880541175893
25,446,model1_fixed_q,0.045614642198384917,9.607506905852377e-05,9.607506905852378e-05,7.79709213197729e-05
25,446,model3_dynamic_q,0.05528644945503906,0.00016290264050711185,0.00016290264050711185,0.0001345401629421919
25,447,model1_fixed_q,0.045733412964231425,7.683169280839767e-05,7.683169280839767e-05,7.668214602489652e-05
25,447,model3_dynamic_q,0.055183676868404107,0.00014373148120394954,0.00014373148120394951,0.00013233028117893956
25,448,model1_fixed_q,0.04565502839235551,8.006600354763902e-05,8.006600354763902e-05,7.437753521381546e-05
25,448,model3_dynamic_q,0.055220598199639676,0.0001504974966011488,0.0001504974966011488,0.00013372550331049995
25,449,model1_fixed_q,0.045584695404238,9.074909453341635e-05,9.074909453341634e-05,7.712917737670916e-05
25,449,model3_dynamic_q,0.05508521631735422,0.00013898079844955856,0.00013898079844955856,0.00013041627342011113
25,450,model1_fixed_q,0.04552075988495175,7.854613219894233e-05,7.17158119180652e-05,7.854613219894233e-05
25,450,model3_dynamic_q,0.05523835117726731,0.00014093319470105122,0.00014093319470105122,0.0001342591049836506
25,451,model1_fixed_q,0.04536235077001092,7.736822532044403e-05,6.47998149739941e-05,7.736822532044403e-05
25,451,model3_dynamic_q,0.055212132175184024,0.00015794846165895855,0.00015794846165895855,0.00013644225220717406
25,452,model1_fixed_q,0.04540235312311529,8.717543152980267e-05,8.717543152980267e-05,7.808828794763839e-05
25,452,model3_dynamic_q,0.055202948790135056,0.00016407038876508067,0.00016407038876508064,0.0001335561984585391
25,453,model1_fixed_q,0.04532625548143103,8.192062592157453e-05,8.192062592157451e-05,7.756335278190158e-05
25,453,model3_dynamic_q,0.0552061950120086,0.0001391826586435194,0.0001391826586435194,0.00012721752559260465
25,454,model1_fixed_q,0.045349760298992264,8.052022320280232e-05,8.052022320280232e-05,7.716348474916956e-05
25,454,model3_dynamic_q,0.05511061258820084,0.0001441088164170866,0.0001441088164170866,0.00013579612051889132
25,455,model1_fixed_q,0.04546925548525249,7.677123501632407e-05,4.4083850301506524e-05,7.677123501632407e-05
25,455,model3_dynamic_q,0.055028106566827203,0.0001619049110021077,0.0001619049110021077,0.00013088710138943094
25,456,model1_fixed_q,0.04544076101399609,7.392878717195289e-05,7.348571377629534e-05,7.392878717195289e-05
25,456,model3_dynamic_q,0.05509065123991319,0.00014642105443302117,0.00014642105443302117,0.00013462074245636425
25,457,model1_fixed_q,0.04553697992392681,7.535848696157673e-05,6.528460708960998e-05,7.535848696157673e-05
25,457,model3_dynamic_q,0.05513786757851013,0.000132589389466157,0.00012695003404656773,0.000132589389466157
25,458,model1_fixed_q,0.04552767220142701,7.487556157264212e-05,7.209722554898898e-05,7.487556157264212e-05
25,458,model3_dynamic_q,0.05509936080484497,0.00013668889776150914,0.00013668889776150914,0.00013069369692943775
25,459,model1_fixed_q,0.0455249863533658,9.42048114852928e-05,9.42048114852928e-05,7.565400617417001e-05
25,459,model3_dynamic_q,0.055262636884061724,0.00015825218638392297,0.00015825218638392295,0.0001289958591758597
25,460,model1_fixed_q,0.04557671604806352,8.23351765252607e-05,8.23351765252607e-05,7.814055835430831e-05
25,460,model3_dynamic_q,0.05530461818648492,0.00014829900090446103,0.00014829900090446103,0.00013434042519357075
25,461,model1_fixed_q,0.045513538817836555,9.197300627803928e-05,9.197300627803927e-05,7.604669741454465e-05
25,461,model3_dynamic_q,0.05528244288795923,0.00014919939350427596,0.00014919939350427596,0.00013297059850125956
25,462,model1_fixed_q,0.04557000488746558,7.737304412694269e-05,7.485508338687331e-05,7.737304412694269e-05
25,462,model3_dynamic_q,0.05519557772156422,0.000143055892014301,0.000143055892014301,0.00013454289332442577
25,463,model1_fixed_q,0.04553530181570678,8.687057636440043e-05,8.687057636440043e-05,7.582014816744521e-05
25,463,model3_dynamic_q,0.05516489324684955,0.0001733866152561799,0.0001733866152561799,0.00013206230128268102
25,464,model1_fixed_q,0.04545731732290118,7.977111976430258e-05,7.97711197643026e-05,7.701385870148911e-05
25,464,model3_dynamic_q,0.05517763231045862,0.00015465095308511324,0.00015465095308511326,0.00013483879484253443
25,465,model1_fixed_q,0.04544880141394424,7.624488632728837e-05,7.31331711550123e-05,7.624488632728837e-05
25,465,model3_dynamic_q,0.05518010351129381,0.00015480087639318192,0.00015480087639318192,0.00013437853190396396
25,466,model1_fixed_q,0.04545128670229011,7.547468640116148e-05,7.094342236706671e-05,7.547468640116148e-05
25,466,model3_dynamic_q,0.05510927120408655,0.00013504993000620485,0.00010016814314828573,0.00013504993000620485
25,467,model1_fixed_q,0.04551205095973135,8.306438110315491e-05,8.306438110315491e-05,7.590021974644011e-05
25,467,model3_dynamic_q,0.05496559517908392,0.00013545852821766823,0.000129411784844396,0.00013545852821766823
25,468,model1_fixed_q,0.04556896091057795,7.804628442019159e-05,6.87787286847372e-05,7.804628442019159e-05
25,468,model3_dynamic_q,0.05479680486837255,0.0001321339908742292,0.00011836261847608102,0.0001321339908742292
25,469,model1_fixed_q,0.04547724063473969,8.439641812223857e-05,8.439641812223857e-05,7.840745135931227e-05
25,469,model3_dynamic_q,0.05510527248166053,0.00013578961034048137,0.00011754579346285674,0.00013578961034048137
25,470,model1_fixed_q,0.04541009589356629,7.769054196377966e-05,7.250952174134978e-05,7.769054196377966e-05
25,470,model3_dynamic_q,0.05502229709073285,0.00013022276111934584,0.00010519342698300926,0.00013022276111934584
25,471,model1_fixed_q,0.04543790945230835,7.718500650082662e-05,6.319954261554168e-05,7.718500650082662e-05
25,471,model3_dynamic_q,0.055182925121492706,0.0001301287265028795,0.00011661382878854177,0.0001301287265028795
25,472,model1_fixed_q,0.04533323186816179,7.773493229402116e-05,5.832830382906318e-05,7.773493229402116e-05
25,472,model3_dynamic_q,0.05525233083212185,0.00013430376097474449,0.00013430376097474449,0.0001297273118764431
25,473,model1_fixed_q,0.0454612204557302,7.726697914038093e-05,5.434595688581883e-05,7.726697914038093e-05
25,473,model3_dynamic_q,0.055180463008745725,0.0001351267110981754,0.0001245111861332548,0.0001351267110981754
25,474,model1_fixed_q,0.045536940351425866,7.785552530660458e-05,6.785659144997683e-05,7.785552530660458e-05
25,474,model3_dynamic_q,0.0553246087430482,0.00014635831236979466,0.00014635831236979466,0.00013250111000842932
25,475,model1_fixed_q,0.04557966471719007,8.819702415879776e-05,8.819702415879775e-05,7.757510570445577e-05
25,475,model3_dynamic_q,0.05534411739979536,0.00015810423867415702,0.00015810423867415702,0.00013470374601920067
25,476,model1_fixed_q,0.045425168048667385,8.107428569614208e-05,7.920530766815457e-05,8.107428569614208e-05
25,476,model3_dynamic_q,0.055396073165468,0.0001523225510545519,0.00015232255105455188,0.000133368820925881
25,477,model1_fixed_q,0.045512945292447475,8.56217514024185e-05,8.56217514024185e-05,7.963975546153175e-05
25,477,model3_dynamic_q,0.05545820911787988,0.00013429164105350087,0.00012258122640844296,0.00013429164105350087
25,478,model1_fixed_q,0.04551403709566442,7.894870392460607e-05,7.119769395186708e-05,7.894870392460607e-05
25,478,model3_dynamic_q,0.05530869223099557,0.00012796385840903012,0.00011552323899943618,0.00012796385840903012
25,479,model1_fixed_q,0.045523711482964586,8.471360478004942e-05,8.47136047800494e-05,7.687720055760834e-05
25,479,model3_dynamic_q,0.055276791953916576,0.00012974106112461113,0.0001104006918035203,0.00012974106112461113
25,480,model1_fixed_q,0.04554763338983127,8.588379819587973e-05,8.588379819587973e-05,7.978040359090622e-05
25,480,model3_dynamic_q,0.05516272442761825,0.00013413234231843445,0.00013413234231843447,0.0001291774451353182
25,481,model1_fixed_q,0.04559158061107247,7.713716602754569e-05,7.542905472171659e-05,7.713716602754569e-05
25,481,model3_dynamic_q,0.05524661997298416,0.00013049630269288626,0.00011184882759622364,0.00013049630269288626
25,482,model1_fixed_q,0.0455064362059051,7.715366290997314e-05,5.529926389922577e-05,7.715366290997314e-05
25,482,model3_dynamic_q,0.05529623257409193,0.0001317758387257757,0.00012664825441948468,0.0001317758387257757
25,483,model1_fixed_q,0.045535036050966655,7.709811562345681e-05,6.772249985862772e-05,7.709811562345681e-05
25,483,model3_dynamic_q,0.05530985457042551,0.00013048616874116804,0.00011162100180890797,0.00013048616874116804
25,484,model1_fixed_q,0.045522502451229595,8.000527503459825e-05,7.118750132809565e-05,8.000527503459825e-05
25,484,model3_dynamic_q,0.055204765210735626,0.00013180963321440326,0.00012551491337505378,0.00013180963321440326
25,485,model1_fixed_q,0.04552051623090322,8.579011496033422e-05,8.579011496033422e-05,7.719663348290961e-05
25,485,model3_dynamic_q,0.054996665987223865,0.00014646545606800376,0.00014646545606800376,0.00013471349425543986
25,486,model1_fixed_q,0.04545556161381592,8.829528510470407e-05,8.829528510470407e-05,7.721487831363937e-05
25,486,model3_dynamic_q,0.054970670373384975,0.00014149590183585686,0.00014149590183585686,0.00013588612361647398
25,487,model1_fixed_q,0.045493072279158754,7.719909628126072e-05,7.255199876642969e-05,7.719909628126072e-05
25,487,model3_dynamic_q,0.05502875993800151,0.00013077432003564258,0.00011388970041269367,0.00013077432003564258
25,488,model1_fixed_q,0.045464434961901744,8.880479851997357e-05,8.880479851997357e-05,7.618592201371043e-05
25,488,model3_dynamic_q,0.05526498606912897,0.0001343698899808151,0.0001299814573531091,0.0001343698899808151
25,489,model1_fixed_q,0.04548659974046491,7.847000403297992e-05,6.554010972224371e-05,7.847000403297992e-05
25,489,model3_dynamic_q,0.05521525847498658,0.00015649828961951707,0.00015649828961951704,0.00012974921095605958
25,490,model1_fixed_q,0.045378992773066014,7.782638571559194e-05,7.231942414708193e-05,7.782638571559194e-05
25,490,model3_dynamic_q,0.05514805704088924,0.00012999772808903424,0.0001242272991463056,0.00012999772808903424
25,491,model1_fixed_q,0.045540481238105675,7.795034337139123e-05,7.575201001380554e-05,7.795034337139123e-05
25,491,model3_dynamic_q,0.05513323739715517,0.0001327973109250695,0.000123953128929938,0.0001327973109250695
25,492,model1_fixed_q,0.045611199481051114,8.420086422439856e-05,8.420086422439855e-05,7.745710824291082e-05
25,492,model3_dynamic_q,0.05511283902204525,0.0001357594808637966,0.00012395827020717038,0.0001357594808637966
25,493,model1_fixed_q,0.04557231717254549,7.939351452832654e-05,7.476940759425287e-05,7.939351452832654e-05
25,493,model3_dynamic_q,0.05525429719696799,0.0001322159726378166,0.0001297963005784709,0.0001322159726378166
25,494,model1_fixed_q,0.045565740052928745,7.791501034414565e-05,7.266821007760745e-05,7.791501034414565e-05
25,494,model3_dynamic_q,0.05528846815120669,0.00013740896438168827,0.00013740896438168827,0.00013217301538550341
25,495,model1_fixed_q,0.045481217472036595,7.816703981149766e-05,7.134482031870291e-05,7.816703981149766e-05
25,495,model3_dynamic_q,0.05541315588940512,0.0001354070472852947,0.00011933998609176871,0.0001354070472852947
25,496,model1_fixed_q,0.04559016173324442,7.761260317161959e-05,7.711690182502331e-05,7.761260317161959e-05
25,496,model3_dynamic_q,0.05535547350677907,0.00015125802800330785,0.00015125802800330785,0.00013449034212813747
25,497,model1_fixed_q,0.045578226431794856,8.05550192813925e-05,7.102439652754197e-05,8.05550192813925e-05
25,497,model3_dynamic_q,0.055162818285355325,0.00017090665170139347,0.00017090665170139347,0.00013078334871070797
25,498,model1_fixed_q,0.04562474300646751,7.7595604064108e-05,6.941351624752839e-05,7.7595604064108e-05
25,498,model3_dynamic_q,0.05515596909486674,0.00015691477716396922,0.0001569147771639692,0.00013239198232715466
25,499,model1_fixed_q,0.045504646427255636,7.92951505126101e-05,6.942113025481175e-05,7.92951505126101e-05
25,499,model3_dynamic_q,0.05515847379702724,0.00014722790982956723,0.00014722790982956723,0.0001338318776510912
25,500,model1_fixed_q,0.04548538813355476,7.929779955915971e-05,7.527757103506987e-05,7.929779955915971e-05
25,500,model3_dynamic_q,0.05522240289948288,0.00016078964024718016,0.00016078964024718016,0.00013474276794453875
