m,t,model,variance_mean,sem_total,sem_network,sem_runs
15,0,model1_fixed_q,0.08324198132393332,8.039932551805302e-05,8.039932551805302e-05,7.642424339685416e-05
15,0,model3_dynamic_q,0.08343718587572205,8.548272197041822e-05,8.548272197041822e-05,7.979893823499161e-05
15,1,model1_fixed_q,0.06398019228529354,9.673714953294351e-05,8.029409729566964e-05,9.673714953294351e-05
15,1,model3_dynamic_q,0.07123396379421715,0.00013499258488074628,0.00013499258488074628,0.00011939454264564577
15,2,model1_fixed_q,0.055111197442550636,9.730858198766947e-05,9.730858198766948e-05,9.143946077999966e-05
15,2,model3_dynamic_q,0.06534470713066459,0.00014178381325645408,0.00013122372594961357,0.00014178381325645408
15,3,model1_fixed_q,0.05072000024409813,0.0001278853240211125,0.0001278853240211125,8.871137848399376e-05
15,3,model3_dynamic_q,0.06213516322209833,0.0001728679279371388,0.0001728679279371388,0.00015447906763105336
15,4,model1_fixed_q,0.0483098094501162,9.668825934782886e-05,9.668825934782886e-05,8.368455466904902e-05
15,4,model3_dynamic_q,0.06045316280921744,0.00018806583576643876,0.00018806583576643873,0.00015911002780370456
15,5,model1_fixed_q,0.04724794364083864,9.273404328239737e-05,9.273404328239736e-05,7.908723462382855e-05
15,5,model3_dynamic_q,0.05941045063664294,0.000187378886231157,0.000187378886231157,0.00015770808513298985
15,6,model1_fixed_q,0.04659262201328828,8.003993115900275e-05,7.452573859523557e-05,8.003993115900275e-05
15,6,model3_dynamic_q,0.05876923670670345,0.00016464745577013417,0.00016464745577013417,0.00015802760797605577
15,7,model1_fixed_q,0.046341351443322513,8.228161026501289e-05,8.228161026501289e-05,7.885039659423563e-05
15,7,model3_dynamic_q,0.05864488282421962,0.00016438267188062316,0.00016438267188062316,0.000158692949035272
15,8,model1_fixed_q,0.04622412413272874,8.231177715992767e-05,6.315120489475071e-05,8.231177715992767e-05
15,8,model3_dynamic_q,0.0584358538170643,0.0001562143003926171,0.0001522904391187646,0.0001562143003926171
15,9,model1_fixed_q,0.04611550095006824,8.012416134134699e-05,8.012416134134699e-05,7.713905021032768e-05
15,9,model3_dynamic_q,0.05856619184417912,0.00015559074805213046,0.0001470368548148899,0.00015559074805213046
15,10,model1_fixed_q,0.04599788121706962,9.485668097048589e-05,9.485668097048589e-05,7.57140864521585e-05
15,10,model3_dynamic_q,0.05838397105800763,0.00015617932658885678,0.000138980756291779,0.00015617932658885678
15,11,model1_fixed_q,0.04610609927118148,9.576622278940256e-05,9.576622278940256e-05,7.94862157112404e-05
15,11,model3_dynamic_q,0.05830167285196914,0.00017245786004268008,0.00017245786004268008,0.0001561281348212545
15,12,model1_fixed_q,0.046037044421529054,9.20521777230047e-05,9.20521777230047e-05,8.088648393009444e-05
15,12,model3_dynamic_q,0.05831225092263727,0.00019120565006938754,0.00019120565006938754,0.00015422865637734735
15,13,model1_fixed_q,0.046053582375350725,8.919985465141168e-05,8.919985465141169e-05,8.327459458691364e-05
15,13,model3_dynamic_q,0.05810304875036819,0.0001945764596206973,0.0001945764596206973,0.00015447319577896067
15,14,model1_fixed_q,0.04602911820383932,7.807511486204656e-05,6.625385780562516e-05,7.807511486204656e-05
15,14,model3_dynamic_q,0.05809624657412569,0.00020554928118896753,0.00020554928118896753,0.00015177630426417888
15,15,model1_fixed_q,0.04596503757074804,8.178981352577668e-05,7.89226797963926e-05,8.178981352577668e-05
15,15,model3_dynamic_q,0.05836892134250058,0.0001888951051860123,0.00018889510518601228,0.00015300413196336047
15,16,model1_fixed_q,0.04598370472826853,8.203025574171844e-05,8.203025574171842e-05,8.0073946004903e-05
15,16,model3_dynamic_q,0.05821750513782783,0.00018331166335128053,0.0001833116633512805,0.00015554613231214575
15,17,model1_fixed_q,0.04604487780929322,8.341937703424963e-05,8.341937703424961e-05,7.767070294718067e-05
15,17,model3_dynamic_q,0.058075489194626496,0.00018355715842022062,0.00018355715842022062,0.00016081952543164332
15,18,model1_fixed_q,0.04611398200865453,8.781985887746434e-05,8.781985887746434e-05,7.980489459061579e-05
15,18,model3_dynamic_q,0.05793003379978589,0.00016363860318602066,0.00016363860318602066,0.00015708989746170856
15,19,model1_fixed_q,0.04599138756798367,8.059179147744097e-05,7.805757547367199e-05,8.059179147744097e-05
15,19,model3_dynamic_q,0.057855974039421575,0.00016761919401892322,0.00016761919401892322,0.00015820647732556065
15,20,model1_fixed_q,0.045938237652199065,7.901381952255406e-05,7.404268114602808e-05,7.901381952255406e-05
15,20,model3_dynamic_q,0.05778222650401098,0.00016523032819961016,0.00016523032819961016,0.00016328577134384366
15,21,model1_fixed_q,0.045967990661816054,8.578358451410486e-05,8.578358451410486e-05,7.88862978950425e-05
15,21,model3_dynamic_q,0.05782046499032252,0.000161816222714705,0.00015727511446052232,0.000161816222714705
15,22,model1_fixed_q,0.046048453405906034,8.43811524242228e-05,8.438115242422278e-05,8.235924554462226e-05
15,22,model3_dynamic_q,0.057870040577354814,0.00016058407547325806,0.00013983798216668687,0.00016058407547325806
15,23,model1_fixed_q,0.04604253007646084,9.019075559577233e-05,9.019075559577233e-05,8.247507560263458e-05
15,23,model3_dynamic_q,0.05792461403610534,0.00017752933146312125,0.00017752933146312127,0.0001644519644762558
15,24,model1_fixed_q,0.04610107709035564,9.871493386299857e-05,9.871493386299857e-05,8.282777458574321e-05
15,24,model3_dynamic_q,0.05808947840085862,0.00017484840895338243,0.00017484840895338243,0.00016058698885163802
15,25,model1_fixed_q,0.04603350668850501,8.403116698484266e-05,8.403116698484264e-05,7.962268482295989e-05
15,25,model3_dynamic_q,0.05825872829623636,0.00017567896928292518,0.00017567896928292518,0.00015572094037056362
15,26,model1_fixed_q,0.045970078262304516,7.85347460641137e-05,7.261538295254547e-05,7.85347460641137e-05
15,26,model3_dynamic_q,0.05838056505375022,0.00017545751175963278,0.00017545751175963278,0.00015822853104379794
15,27,model1_fixed_q,0.04602795204591877,8.001713561300327e-05,5.929377928885907e-05,8.001713561300327e-05
15,27,model3_dynamic_q,0.05827163739673401,0.00015687722282855656,0.00015280657799778157,0.00015687722282855656
15,28,model1_fixed_q,0.04605721991540786,8.090350248938171e-05,7.642479520228061e-05,8.090350248938171e-05
15,28,model3_dynamic_q,0.05822228229800354,0.00015728267683968284,0.00013512014661310284,0.00015728267683968284
15,29,model1_fixed_q,0.04608313143479877,8.373177527193527e-05,7.986895547990279e-05,8.373177527193527e-05
15,29,model3_dynamic_q,0.05823457977328409,0.00016291344522430313,0.00016291344522430313,0.00015749156892440135
15,30,model1_fixed_q,0.0460822917907857,7.996797485817223e-05,7.996797485817223e-05,7.875737556242872e-05
15,30,model3_dynamic_q,0.05809176485907543,0.00020905317183456454,0.00020905317183456454,0.0001530797401276497
15,31,model1_fixed_q,0.045955777243615124,7.617877072097955e-05,6.769239571664676e-05,7.617877072097955e-05
15,31,model3_dynamic_q,0.05820492443843395,0.00022186406159901363,0.00022186406159901365,0.00015629367296034492
15,32,model1_fixed_q,0.046085557579416875,8.000049502872518e-05,8.000049502872518e-05,7.70682772817293e-05
15,32,model3_dynamic_q,0.058026099351199255,0.00022181627025273935,0.00022181627025273935,0.00016112206600156452
15,33,model1_fixed_q,0.04604720600492173,8.428660991579137e-05,8.428660991579137e-05,8.021226055051031e-05
15,33,model3_dynamic_q,0.05827905593096313,0.00019293641162828435,0.00019293641162828433,0.0001580691690673028
15,34,model1_fixed_q,0.04602268107789598,8.014851977765589e-05,6.802952100295936e-05,8.014851977765589e-05
15,34,model3_dynamic_q,0.05815805141089857,0.00018408678025689807,0.00018408678025689807,0.00015870937468002582
15,35,model1_fixed_q,0.045977171102740896,8.208057600624806e-05,7.152770599505844e-05,8.208057600624806e-05
15,35,model3_dynamic_q,0.058142918475296554,0.0001825028697004353,0.0001825028697004353,0.00016846302250069547
15,36,model1_fixed_q,0.04597854197572195,7.740187733730984e-05,6.789601357784645e-05,7.740187733730984e-05
15,36,model3_dynamic_q,0.05824665174053831,0.000195148734129916,0.000195148734129916,0.00017011123225354742
15,37,model1_fixed_q,0.04611416370463179,9.315868743518154e-05,9.315868743518152e-05,8.252897256423449e-05
15,37,model3_dynamic_q,0.058314911039101115,0.00023819379172717372,0.00023819379172717372,0.00016087192180126787
15,38,model1_fixed_q,0.04609325678826439,8.320311647669332e-05,7.452371883932451e-05,8.320311647669332e-05
15,38,model3_dynamic_q,0.0582971099993766,0.00022687633102275742,0.0002268763310227574,0.00016158461527204993
15,39,model1_fixed_q,0.046074577908523276,8.035320041363135e-05,7.679890870177628e-05,8.035320041363135e-05
15,39,model3_dynamic_q,0.05815560309100574,0.00022527694503747298,0.00022527694503747295,0.00016539294728620845
15,40,model1_fixed_q,0.045917277077794805,9.450096010656298e-05,9.450096010656298e-05,7.947386459767122e-05
15,40,model3_dynamic_q,0.05821272626826078,0.00021217628775729982,0.00021217628775729982,0.00016315225689200673
15,41,model1_fixed_q,0.045864788841772385,9.414771235572015e-05,9.414771235572014e-05,7.896404010961458e-05
15,41,model3_dynamic_q,0.0582582994920798,0.00019463545792532087,0.00019463545792532087,0.0001594529294486624
15,42,model1_fixed_q,0.04586474409826673,7.958258165617159e-05,7.129395188895332e-05,7.958258165617159e-05
15,42,model3_dynamic_q,0.05827911246485762,0.00020588616683591817,0.00020588616683591814,0.00016919924612418037
15,43,model1_fixed_q,0.04586796318917721,8.110912595315319e-05,7.716838447325585e-05,8.110912595315319e-05
15,43,model3_dynamic_q,0.05816313197056528,0.00019470243114646553,0.00019470243114646553,0.000164514340322923
15,44,model1_fixed_q,0.04602753147641751,8.11438446891489e-05,7.601708880460923e-05,8.11438446891489e-05
15,44,model3_dynamic_q,0.05813509692453203,0.0002120761769351226,0.00021207617693512257,0.00015763177748387623
15,45,model1_fixed_q,0.04603460291900053,8.921216352084415e-05,8.921216352084414e-05,8.213650634975538e-05
15,45,model3_dynamic_q,0.058260631761314956,0.00018554477545477466,0.00018554477545477466,0.00015864358846160055
15,46,model1_fixed_q,0.046149376766668596,8.525069006792915e-05,8.525069006792915e-05,8.213988425658097e-05
15,46,model3_dynamic_q,0.05809736228441384,0.00018181843196771007,0.0001818184319677101,0.0001555924274205594
15,47,model1_fixed_q,0.04603456138625884,8.428466889481196e-05,8.428466889481196e-05,8.243361014246325e-05
15,47,model3_dynamic_q,0.05798459468186965,0.0001627823058362485,0.0001627823058362485,0.00015350599779659745
15,48,model1_fixed_q,0.045930837929288454,8.201057286156051e-05,6.739643927523117e-05,8.201057286156051e-05
15,48,model3_dynamic_q,0.0581386981798865,0.00015010270560720113,0.00014704027258942968,0.00015010270560720113
15,49,model1_fixed_q,0.04602510480062246,8.183340844484458e-05,8.058598400239954e-05,8.183340844484458e-05
15,49,model3_dynamic_q,0.05812607194275913,0.00015461210310152744,0.0001511645369183021,0.00015461210310152744
15,50,model1_fixed_q,0.04614493091232674,0.00010002205018079566,0.00010002205018079565,8.29187142904358e-05
15,50,model3_dynamic_q,0.05820177119325072,0.0001564083118861958,0.00013803529593109175,0.0001564083118861958
15,51,model1_fixed_q,0.046137415429488855,8.086989204386206e-05,8.086989204386206e-05,8.025785693111e-05
15,51,model3_dynamic_q,0.05827142826330224,0.00015645111400284712,0.00013344439569339873,0.00015645111400284712
15,52,model1_fixed_q,0.046098020162541074,8.040288129226214e-05,6.974277947948448e-05,8.040288129226214e-05
15,52,model3_dynamic_q,0.058354779909172115,0.00015695036291198496,0.00012835766139483991,0.00015695036291198496
15,53,model1_fixed_q,0.046008822542448244,7.995767764171848e-05,5.9405081073906646e-05,7.995767764171848e-05
15,53,model3_dynamic_q,0.05827546026419934,0.0001620323349455244,0.0001620323349455244,0.00015888091406859523
15,54,model1_fixed_q,0.0459735298854662,8.428855912850453e-05,8.428855912850453e-05,8.048868326289409e-05
15,54,model3_dynamic_q,0.058221240446363245,0.0001572117441835121,0.00014754318969873971,0.0001572117441835121
15,55,model1_fixed_q,0.046038957127248176,8.089427924401473e-05,6.751571206558913e-05,8.089427924401473e-05
15,55,model3_dynamic_q,0.058304581896023736,0.00016367415523426145,0.00013220594428825782,0.00016367415523426145
15,56,model1_fixed_q,0.04594782816948738,8.129099358952676e-05,8.129099358952676e-05,8.006299595687713e-05
15,56,model3_dynamic_q,0.05836093249390874,0.00016283662936747767,0.00015120577904238617,0.00016283662936747767
15,57,model1_fixed_q,0.046078303754884996,8.864339466748939e-05,8.864339466748939e-05,7.990369160774919e-05
15,57,model3_dynamic_q,0.058387053173478656,0.00016173277850338653,0.00015772303726975024,0.00016173277850338653
15,58,model1_fixed_q,0.045987652058089766,7.976633698369711e-05,6.039293664828761e-05,7.976633698369711e-05
15,58,model3_dynamic_q,0.058434833067749735,0.0001541943992371396,0.00012980250789096595,0.0001541943992371396
15,59,model1_fixed_q,0.04617454750433723,8.832324358753918e-05,8.832324358753917e-05,8.116131246226569e-05
15,59,model3_dynamic_q,0.05835469321757764,0.0001542947954885635,0.00011282191154407008,0.0001542947954885635
15,60,model1_fixed_q,0.046033744770198504,9.110345722541073e-05,9.110345722541073e-05,7.96288086960852e-05
15,60,model3_dynamic_q,0.058200801601171116,0.00015971104846232252,0.0001355178215982029,0.00015971104846232252
15,61,model1_fixed_q,0.04604423828626624,7.965747670605386e-05,4.928493477131869e-05,7.965747670605386e-05
15,61,model3_dynamic_q,0.05826471155643394,0.0001616634143329944,0.00014720423582334914,0.0001616634143329944
15,62,model1_fixed_q,0.045999943432027006,8.243438546355133e-05,7.33337621680205e-05,8.243438546355133e-05
15,62,model3_dynamic_q,0.05828219774376035,0.00017228447764678425,0.00017228447764678425,0.00016742990227962555
15,63,model1_fixed_q,0.04604481822773594,7.991103707770492e-05,6.406136757639316e-05,7.991103707770492e-05
15,63,model3_dynamic_q,0.058302663742407446,0.0002104720557121995,0.00021047205571219952,0.00016162585224646474
15,64,model1_fixed_q,0.04602128607706731,8.241777795752248e-05,8.241777795752248e-05,8.037054338420907e-05
15,64,model3_dynamic_q,0.05830920075386013,0.00018340321519436637,0.00018340321519436637,0.00016777131067860357
15,65,model1_fixed_q,0.04600963315199689,8.291802343370202e-05,6.766830544198464e-05,8.291802343370202e-05
15,65,model3_dynamic_q,0.058334928327733175,0.0001624463814012842,0.00016222770459593886,0.0001624463814012842
15,66,model1_fixed_q,0.046011874028963264,8.135401023130134e-05,7.060066289411983e-05,8.135401023130134e-05
15,66,model3_dynamic_q,0.058327233368554283,0.00016436164673142183,0.00015423049361578593,0.00016436164673142183
15,67,model1_fixed_q,0.045947265712924616,8.366324054398133e-05,8.366324054398133e-05,8.116065344919664e-05
15,67,model3_dynamic_q,0.058125861210355824,0.00017091270756396885,0.00017091270756396885,0.00015766104647039748
15,68,model1_fixed_q,0.04590869607010914,7.472658089174421e-05,6.611322362005342e-05,7.472658089174421e-05
15,68,model3_dynamic_q,0.05825287207446825,0.00015360988038276924,0.00014794950931186309,0.00015360988038276924
15,69,model1_fixed_q,0.04590985822820526,7.980042678280799e-05,6.540690269156018e-05,7.980042678280799e-05
15,69,model3_dynamic_q,0.058264386235023856,0.00015665883307157944,0.0001372414243733743,0.00015665883307157944
15,70,model1_fixed_q,0.045975400352436295,8.028466820015182e-05,7.7567595556248e-05,8.028466820015182e-05
15,70,model3_dynamic_q,0.058213509043080605,0.0001594883346747479,0.00013900984331799944,0.0001594883346747479
15,71,model1_fixed_q,0.04612706876367586,7.995281128843895e-05,7.960500824002027e-05,7.995281128843895e-05
15,71,model3_dynamic_q,0.058122149931227045,0.00016196307265572567,0.00012666972153203103,0.00016196307265572567
15,72,model1_fixed_q,0.04605956319354187,7.890371904927122e-05,7.024350783743753e-05,7.890371904927122e-05
15,72,model3_dynamic_q,0.05824528454621856,0.00016275304821223487,0.00013611722696420445,0.00016275304821223487
15,73,model1_fixed_q,0.046019607526050735,8.360250991483708e-05,8.360250991483707e-05,7.80175599746148e-05
15,73,model3_dynamic_q,0.058136863687068656,0.00016786729552938513,0.00016786729552938513,0.00015832197530711223
15,74,model1_fixed_q,0.04593476554810938,7.689920729149926e-05,7.175551137352205e-05,7.689920729149926e-05
15,74,model3_dynamic_q,0.05812859701182175,0.00021276861283068933,0.00021276861283068933,0.00015455364654589428
15,75,model1_fixed_q,0.045870001494688006,8.626358305596116e-05,8.626358305596116e-05,7.985257642165668e-05
15,75,model3_dynamic_q,0.058114263176387446,0.00018669433625472944,0.00018669433625472944,0.0001587018492820814
15,76,model1_fixed_q,0.04591067065203521,9.811769840197558e-05,9.811769840197558e-05,8.087318098518618e-05
15,76,model3_dynamic_q,0.05806265113856465,0.00018866227181428498,0.00018866227181428495,0.0001559076828914141
15,77,model1_fixed_q,0.04595661011055681,8.45166398650806e-05,7.771182484091182e-05,8.45166398650806e-05
15,77,model3_dynamic_q,0.05822220168059808,0.00019318327708110167,0.0001931832770811017,0.0001520311001451797
15,78,model1_fixed_q,0.04599695655549752,9.775480569300873e-05,9.775480569300873e-05,7.896879549625083e-05
15,78,model3_dynamic_q,0.05840601853276546,0.00017353885859891328,0.00017353885859891328,0.00015735667082964315
15,79,model1_fixed_q,0.046052977738753845,8.137978377440553e-05,7.512634835480712e-05,8.137978377440553e-05
15,79,model3_dynamic_q,0.058276792111036965,0.0001666592406995852,0.0001666592406995852,0.00015432384131119426
15,80,model1_fixed_q,0.04603554728517943,8.738918477882517e-05,8.738918477882517e-05,8.266157914673937e-05
15,80,model3_dynamic_q,0.05818475911098166,0.00017766668467968254,0.00017766668467968254,0.00016014551990598867
15,81,model1_fixed_q,0.04598423644600053,8.57496091723821e-05,8.57496091723821e-05,8.315718135435244e-05
15,81,model3_dynamic_q,0.058180716169375445,0.00015662101937628916,0.00015662101937628914,0.0001564230448581249
15,82,model1_fixed_q,0.045966091142518276,8.160278202593648e-05,6.573039472555772e-05,8.160278202593648e-05
15,82,model3_dynamic_q,0.0581167039376027,0.00016635068487916207,0.00015749746570292437,0.00016635068487916207
15,83,model1_fixed_q,0.04601396054003135,9.836400363766708e-05,9.836400363766707e-05,7.987810623351928e-05
15,83,model3_dynamic_q,0.057899857290231255,0.00016354574579853599,0.00016068299056246763,0.00016354574579853599
15,84,model1_fixed_q,0.04597017147569163,8.459495822933077e-05,8.459495822933076e-05,8.218466241609975e-05
15,84,model3_dynamic_q,0.05800174234445003,0.0001667828171411199,0.00016425774815045157,0.0001667828171411199
15,85,model1_fixed_q,0.046018557694704705,8.930187726691131e-05,8.93018772669113e-05,8.24102423932653e-05
15,85,model3_dynamic_q,0.058170130576388264,0.0001755702771207653,0.00017557027712076527,0.00016729598210480466
15,86,model1_fixed_q,0.04602671384487269,9.04013937008439e-05,9.040139370084389e-05,8.035411475261203e-05
15,86,model3_dynamic_q,0.05818821648783464,0.00016530374721769402,0.0001604907545533303,0.00016530374721769402
15,87,model1_fixed_q,0.04607805123367155,8.123524649477509e-05,7.976248271032549e-05,8.123524649477509e-05
15,87,model3_dynamic_q,0.05831393625766414,0.00016284172148534558,0.0001453945469121099,0.00016284172148534558
15,88,model1_fixed_q,0.0461286681554853,7.953787125963798e-05,7.276066368781925e-05,7.953787125963798e-05
15,88,model3_dynamic_q,0.05819218669743842,0.0001627511301488523,0.00015893866337665316,0.0001627511301488523
15,89,model1_fixed_q,0.04621151374207269,8.20113395673802e-05,7.975106971435445e-05,8.20113395673802e-05
15,89,model3_dynamic_q,0.05818444169366171,0.0001792090344924226,0.00017920903449242256,0.0001601962649384679
15,90,model1_fixed_q,0.04619691570448132,8.199222590767317e-05,7.58887850833931e-05,8.199222590767317e-05
15,90,model3_dynamic_q,0.058077622173435275,0.00017971164762423323,0.00017971164762423323,0.00015634193673049872
15,91,model1_fixed_q,0.04610303031185271,8.024894891461965e-05,7.488988551208341e-05,8.024894891461965e-05
15,91,model3_dynamic_q,0.05796662105674411,0.00020385809714110496,0.00020385809714110496,0.0001535988037888772
15,92,model1_fixed_q,0.04601629913998768,8.028023603449953e-05,6.664727212246359e-05,8.028023603449953e-05
15,92,model3_dynamic_q,0.057989147383030064,0.00018260178229751166,0.00018260178229751166,0.00015308604995215329
15,93,model1_fixed_q,0.046034188432148314,7.795917077694267e-05,6.336582073315146e-05,7.795917077694267e-05
15,93,model3_dynamic_q,0.0582280838579003,0.00022420271519381848,0.0002242027151938185,0.00015328134348195003
15,94,model1_fixed_q,0.04599397490212361,8.691944232276792e-05,8.691944232276792e-05,8.257372243906804e-05
15,94,model3_dynamic_q,0.058274600066458564,0.00021731474719228385,0.00021731474719228385,0.0001595302915913145
15,95,model1_fixed_q,0.04594446873376009,8.339078006550766e-05,6.660028050229975e-05,8.339078006550766e-05
15,95,model3_dynamic_q,0.05831258490253742,0.00019289522472081263,0.00019289522472081263,0.00016066592353043094
15,96,model1_fixed_q,0.04597175031893796,8.185446322980612e-05,7.661968149954902e-05,8.185446322980612e-05
15,96,model3_dynamic_q,0.058137634887990494,0.00018787729637348324,0.00018787729637348324,0.00015850879805925447
15,97,model1_fixed_q,0.0459907889635335,8.162372563044729e-05,8.002010691803302e-05,8.162372563044729e-05
15,97,model3_dynamic_q,0.05799467136476878,0.00016868647486517494,0.00016868647486517496,0.00016094201827234104
15,98,model1_fixed_q,0.04594357709407885,8.67770112859088e-05,8.67770112859088e-05,7.810330401785185e-05
15,98,model3_dynamic_q,0.05836378881785066,0.00016480373850874037,0.00016480373850874037,0.00016272216529729513
15,99,model1_fixed_q,0.045920789413964415,7.910936704734173e-05,7.440420552364098e-05,7.910936704734173e-05
15,99,model3_dynamic_q,0.0583470104780883,0.0002099814132564091,0.0002099814132564091,0.00015928526515793739
15,100,model1_fixed_q,0.04585837021420148,8.461550847600349e-05,8.461550847600349e-05,7.989197181475772e-05
15,100,model3_dynamic_q,0.058225322371804625,0.0001759928872450387,0.00017599288724503867,0.00016449090678109538
15,101,model1_fixed_q,0.0459473723351872,8.137446847020002e-05,8.043869676255544e-05,8.137446847020002e-05
15,101,model3_dynamic_q,0.05813462480783375,0.0001622707088271306,0.0001482896681252211,0.0001622707088271306
15,102,model1_fixed_q,0.046015546286228504,8.79115541111183e-05,8.79115541111183e-05,7.905660791932287e-05
15,102,model3_dynamic_q,0.058234932483345964,0.00018475181450589609,0.00018475181450589609,0.00016335399136077744
15,103,model1_fixed_q,0.045938841485279776,8.142374996521644e-05,7.661788428769708e-05,8.142374996521644e-05
15,103,model3_dynamic_q,0.058349802762125556,0.0001961818296105316,0.0001961818296105316,0.0001620086611136567
15,104,model1_fixed_q,0.045966316253601834,8.082831465460876e-05,6.919716174469199e-05,8.082831465460876e-05
15,104,model3_dynamic_q,0.058284710833873835,0.00016864791597058984,0.00016864791597058984,0.0001612367059210338
15,105,model1_fixed_q,0.045977889820267334,7.93946238444345e-05,6.963621385981389e-05,7.93946238444345e-05
15,105,model3_dynamic_q,0.05814426985371254,0.00015868926893904386,0.00013874520933009643,0.00015868926893904386
15,106,model1_fixed_q,0.045937910528668725,8.329546069760521e-05,8.329546069760521e-05,8.145782555211636e-05
15,106,model3_dynamic_q,0.05826026488164012,0.00016369140540990447,0.00013468295232793093,0.00016369140540990447
15,107,model1_fixed_q,0.04596702382952236,8.956528008459354e-05,8.956528008459355e-05,7.924777484513626e-05
15,107,model3_dynamic_q,0.05822380141896936,0.00016284020383533433,0.00011191170393846484,0.00016284020383533433
15,108,model1_fixed_q,0.04600504228792633,8.023279518671129e-05,7.42111751522263e-05,8.023279518671129e-05
15,108,model3_dynamic_q,0.058238196456309926,0.0001604985777522248,0.0001384657680682726,0.0001604985777522248
15,109,model1_fixed_q,0.04613242224759425,7.809372192890411e-05,7.529710196064397e-05,7.809372192890411e-05
15,109,model3_dynamic_q,0.05855294364271259,0.00016512060614444485,0.00016512060614444485,0.00016393516373688474
15,110,model1_fixed_q,0.046122716252786904,7.95089403312126e-05,7.326491122154511e-05,7.95089403312126e-05
15,110,model3_dynamic_q,0.05843741323270224,0.00016661455223151788,0.00016420269965934151,0.00016661455223151788
15,111,model1_fixed_q,0.04604033394031559,7.982432312125108e-05,7.322410867038206e-05,7.982432312125108e-05
15,111,model3_dynamic_q,0.05830879276042176,0.000183797519801779,0.000183797519801779,0.00015927044002685836
15,112,model1_fixed_q,0.0460429839185371,7.968756627112022e-05,6.391427656787266e-05,7.968756627112022e-05
15,112,model3_dynamic_q,0.05832980921406033,0.00021476127126512917,0.00021476127126512917,0.00015999331330298074
15,113,model1_fixed_q,0.04604434109408108,8.064454143682484e-05,7.063866398846832e-05,8.064454143682484e-05
15,113,model3_dynamic_q,0.0581063920009249,0.00016075594824193414,0.00016075594824193414,0.00015314502410257468
15,114,model1_fixed_q,0.04603111177951312,7.99783808918673e-05,7.158352209486763e-05,7.99783808918673e-05
15,114,model3_dynamic_q,0.0581043220764239,0.00019983627064249602,0.00019983627064249602,0.00015101410092259433
15,115,model1_fixed_q,0.04599336917891455,8.162907432924424e-05,7.553850442858655e-05,8.162907432924424e-05
15,115,model3_dynamic_q,0.058220556259762364,0.0001746521735049679,0.00017465217350496787,0.00014556676384646093
15,116,model1_fixed_q,0.04599118717257988,7.969938937790997e-05,7.94935550357183e-05,7.969938937790997e-05
15,116,model3_dynamic_q,0.05810898034375374,0.0001928262030373852,0.0001928262030373852,0.00014942450909025522
15,117,model1_fixed_q,0.046036459745779384,8.094199365568746e-05,6.5430504514198e-05,8.094199365568746e-05
15,117,model3_dynamic_q,0.05815742061643747,0.00017291699153671773,0.00017291699153671773,0.00015422775655304208
15,118,model1_fixed_q,0.04607419420259606,8.031966358201422e-05,7.345977226400667e-05,8.031966358201422e-05
15,118,model3_dynamic_q,0.058079212271204037,0.00020569730063697904,0.00020569730063697904,0.00016375585733052135
15,119,model1_fixed_q,0.04599266093533481,7.598509055309044e-05,6.907453437387226e-05,7.598509055309044e-05
15,119,model3_dynamic_q,0.05827224097577241,0.00019175232483231705,0.00019175232483231708,0.0001590482307700053
15,120,model1_fixed_q,0.04594529021620446,7.983640056698938e-05,6.957102119980519e-05,7.983640056698938e-05
15,120,model3_dynamic_q,0.05820381603456361,0.00024313267966032185,0.00024313267966032185,0.00015880886376489576
15,121,model1_fixed_q,0.04596312434627411,8.56781654042142e-05,8.567816540421421e-05,8.128324357231846e-05
15,121,model3_dynamic_q,0.058236194899066764,0.00023293003198547108,0.00023293003198547108,0.00015551449199366075
15,122,model1_fixed_q,0.0460131010945507,8.634238858206452e-05,8.634238858206452e-05,8.24824604423372e-05
15,122,model3_dynamic_q,0.05832319610627098,0.0002169613238690574,0.0002169613238690574,0.00015996737877918576
15,123,model1_fixed_q,0.04607147600245783,8.489604915683746e-05,8.489604915683746e-05,8.156435096576752e-05
15,123,model3_dynamic_q,0.05818951734807455,0.000175052109145985,0.000175052109145985,0.00016278761980294276
15,124,model1_fixed_q,0.0460380702949144,8.243549799056509e-05,8.243549799056509e-05,7.76894745541629e-05
15,124,model3_dynamic_q,0.058150348556678694,0.00020481368085271915,0.00020481368085271915,0.00015776143684333795
15,125,model1_fixed_q,0.04613481805692555,8.457625804038104e-05,8.457625804038104e-05,8.197380565773755e-05
15,125,model3_dynamic_q,0.058222569517238504,0.00019994983420507372,0.00019994983420507372,0.00015672260937483852
15,126,model1_fixed_q,0.04613402452008295,7.887622097470806e-05,7.887622097470806e-05,7.769717316634995e-05
15,126,model3_dynamic_q,0.05816746519708278,0.00020136313057829663,0.00020136313057829663,0.0001576650331749882
15,127,model1_fixed_q,0.046131084274140095,9.012340269116747e-05,9.012340269116747e-05,7.92912658896987e-05
15,127,model3_dynamic_q,0.058186692264988085,0.00016103312099583451,0.00016103312099583451,0.00015728816324463304
15,128,model1_fixed_q,0.046094677665709065,8.049389619710946e-05,6.287827524462145e-05,8.049389619710946e-05
15,128,model3_dynamic_q,0.058291166645333646,0.00020978338969996653,0.00020978338969996653,0.00016354039233586196
15,129,model1_fixed_q,0.04606110064593553,8.376533034178758e-05,8.002387524957712e-05,8.376533034178758e-05
15,129,model3_dynamic_q,0.05816352300254171,0.0001786620983413779,0.0001786620983413779,0.0001600348589200548
15,130,model1_fixed_q,0.0460561125401379,8.474093290613284e-05,7.670006652637936e-05,8.474093290613284e-05
15,130,model3_dynamic_q,0.058088548545693265,0.00019557645984931996,0.00019557645984931996,0.000160938865274918
15,131,model1_fixed_q,0.04600104299630738,8.27098068188284e-05,7.90032162048681e-05,8.27098068188284e-05
15,131,model3_dynamic_q,0.05808953877889647,0.00016106116169114904,0.00015220940996025378,0.00016106116169114904
15,132,model1_fixed_q,0.04597306132570587,8.056874659200158e-05,6.081260561859374e-05,8.056874659200158e-05
15,132,model3_dynamic_q,0.05814394148365094,0.0001615741018563672,0.00015792943460293444,0.0001615741018563672
15,133,model1_fixed_q,0.04597571383146864,7.870332064648096e-05,6.181248259390846e-05,7.870332064648096e-05
15,133,model3_dynamic_q,0.05809743803616234,0.00015894219928874926,0.00015467739280689206,0.00015894219928874926
15,134,model1_fixed_q,0.04597225859574899,9.263058299502427e-05,9.263058299502429e-05,7.743901059706298e-05
15,134,model3_dynamic_q,0.05824387938214748,0.00015812754812505694,0.00015812754812505694,0.00015797765121996932
15,135,model1_fixed_q,0.046022630597439766,8.342497743177829e-05,8.342497743177829e-05,7.90808684904321e-05
15,135,model3_dynamic_q,0.058155744959277264,0.0001579607169873956,0.0001579607169873956,0.0001571475729958917
15,136,model1_fixed_q,0.04604377678843777,7.718575848779593e-05,7.691042210708727e-05,7.718575848779593e-05
15,136,model3_dynamic_q,0.05819821419733495,0.00016534175227934909,0.00016534175227934909,0.00015773629960931125
15,137,model1_fixed_q,0.046102169602247126,9.171921004988263e-05,9.171921004988262e-05,7.891434131015169e-05
15,137,model3_dynamic_q,0.05798332816707523,0.00016454291527287954,0.00016454291527287954,0.00015642852192495425
15,138,model1_fixed_q,0.0458573019163576,0.00010297279341075158,0.00010297279341075157,7.888742310004528e-05
15,138,model3_dynamic_q,0.057979807247200636,0.00015613587135130457,0.00014563291853825512,0.00015613587135130457
15,139,model1_fixed_q,0.04605320111533046,9.762070265502939e-05,9.762070265502939e-05,7.947384842116399e-05
15,139,model3_dynamic_q,0.05794498812038471,0.00015759862568146145,0.00014456010266658415,0.00015759862568146145
15,140,model1_fixed_q,0.04601388960270925,7.775759518196866e-05,7.036929976550738e-05,7.775759518196866e-05
15,140,model3_dynamic_q,0.05802153718704585,0.0001599250971397166,0.0001599250971397166,0.00015719561747051556
15,141,model1_fixed_q,0.045996532265234466,8.09920974258302e-05,8.043639808283238e-05,8.09920974258302e-05
15,141,model3_dynamic_q,0.058110873436741727,0.000193375323217197,0.00019337532321719704,0.00016019475634701676
15,142,model1_fixed_q,0.04609803727567335,7.919878916244599e-05,6.582952349835283e-05,7.919878916244599e-05
15,142,model3_dynamic_q,0.05818215639987638,0.00016026236736729952,0.00016026236736729952,0.0001506614019568122
15,143,model1_fixed_q,0.046096210216457906,8.281419236231858e-05,8.233724879051164e-05,8.281419236231858e-05
15,143,model3_dynamic_q,0.058464703903950616,0.00015342331616084091,0.00014783047202407618,0.00015342331616084091
15,144,model1_fixed_q,0.04593729476017754,8.563721234357456e-05,8.563721234357457e-05,7.900221086341329e-05
15,144,model3_dynamic_q,0.05843859695056015,0.00016880284053327258,0.00016880284053327258,0.00015831967526888852
15,145,model1_fixed_q,0.04605904929399374,8.33834663026415e-05,7.608059216904834e-05,8.33834663026415e-05
15,145,model3_dynamic_q,0.05835461708619912,0.00016236796260269277,0.00015280555104736288,0.00016236796260269277
15,146,model1_fixed_q,0.045967265042659945,7.926819600963531e-05,6.857771383268723e-05,7.926819600963531e-05
15,146,model3_dynamic_q,0.058293116973922046,0.00017934585712609384,0.00017934585712609387,0.00016169084260555033
15,147,model1_fixed_q,0.04605760645748375,8.484287236902901e-05,8.4842872369029e-05,7.933903539382106e-05
15,147,model3_dynamic_q,0.05829494212645315,0.00018528144039093724,0.0001852814403909372,0.00016182302992373825
15,148,model1_fixed_q,0.04596973045050099,8.805984953331296e-05,8.805984953331296e-05,8.2018312360711e-05
15,148,model3_dynamic_q,0.05815625327423673,0.0001924862369617067,0.0001924862369617067,0.00015927254944454156
15,149,model1_fixed_q,0.04594789323812424,8.169121772044915e-05,8.085887211986267e-05,8.169121772044915e-05
15,149,model3_dynamic_q,0.058270716711367215,0.00017306344879095125,0.00017306344879095125,0.00015635967718292796
15,150,model1_fixed_q,0.04597835493835285,8.082426530955082e-05,7.0427831862194e-05,8.082426530955082e-05
15,150,model3_dynamic_q,0.05843962555494598,0.00019290474699207855,0.00019290474699207855,0.00016701573718977958
15,151,model1_fixed_q,0.04589758841477271,7.901144374491182e-05,7.212379790642919e-05,7.901144374491182e-05
15,151,model3_dynamic_q,0.05844208581056557,0.00020289512795132345,0.00020289512795132347,0.00016656585558760616
15,152,model1_fixed_q,0.04602856318592852,7.878142561360294e-05,7.68286952236124e-05,7.878142561360294e-05
15,152,model3_dynamic_q,0.058433640440799565,0.00018088758905043277,0.00018088758905043277,0.00016009536918255848
15,153,model1_fixed_q,0.04599629424927677,8.06660571422642e-05,6.361769920994062e-05,8.06660571422642e-05
15,153,model3_dynamic_q,0.058288786644632516,0.000158742233561719,0.00015840764530709788,0.000158742233561719
15,154,model1_fixed_q,0.045971085076855635,8.135658339431487e-05,6.663464385357378e-05,8.135658339431487e-05
15,154,model3_dynamic_q,0.058312360773451415,0.00015855631689692948,0.00015061170093508207,0.00015855631689692948
15,155,model1_fixed_q,0.04599740933598038,8.26049956745291e-05,6.642675764086453e-05,8.26049956745291e-05
15,155,model3_dynamic_q,0.05812436716381374,0.00015505298519515265,0.0001455776635065789,0.00015505298519515265
15,156,model1_fixed_q,0.04609902023895482,8.110139004407699e-05,8.040944624422859e-05,8.110139004407699e-05
15,156,model3_dynamic_q,0.058187909257014434,0.00018547085613418576,0.00018547085613418573,0.00015800488381317054
15,157,model1_fixed_q,0.046051457144761755,8.227108252198794e-05,8.028399561883097e-05,8.227108252198794e-05
15,157,model3_dynamic_q,0.0581048374111648,0.00017847600873445232,0.00017847600873445232,0.00016290252866786817
15,158,model1_fixed_q,0.046040360328329345,8.16113744560535e-05,7.529966543455854e-05,8.16113744560535e-05
15,158,model3_dynamic_q,0.058031790224208,0.00016137025459408419,0.00015300656585721766,0.00016137025459408419
15,159,model1_fixed_q,0.046001876957090564,8.135687023266947e-05,7.076000257932715e-05,8.135687023266947e-05
15,159,model3_dynamic_q,0.05818961340203437,0.00016210595308718657,0.00014065313797544416,0.00016210595308718657
15,160,model1_fixed_q,0.046082344886109156,8.189868405116498e-05,7.633850791082738e-05,8.189868405116498e-05
15,160,model3_dynamic_q,0.0581946166906274,0.00016043733981839137,0.00014792728617521686,0.00016043733981839137
15,161,model1_fixed_q,0.046064560560445285,8.354627656403066e-05,6.7167959877643e-05,8.354627656403066e-05
15,161,model3_dynamic_q,0.058278007984414064,0.0001633123619278711,0.00016331236192787107,0.00016271404900336896
15,162,model1_fixed_q,0.04607711121063053,8.02935415180308e-05,6.434174268262232e-05,8.02935415180308e-05
15,162,model3_dynamic_q,0.05822580160180965,0.0001644818944079747,0.00014119663585188022,0.0001644818944079747
15,163,model1_fixed_q,0.0459840703562165,7.96033343345137e-05,6.504272523771968e-05,7.96033343345137e-05
15,163,model3_dynamic_q,0.05827577679907688,0.00016212855119112978,0.00016013685653863943,0.00016212855119112978
15,164,model1_fixed_q,0.046022660689759576,7.960409780891305e-05,7.00096652205133e-05,7.960409780891305e-05
15,164,model3_dynamic_q,0.05834251194747466,0.0001743999830243321,0.0001743999830243321,0.00015807455783031307
15,165,model1_fixed_q,0.046044657164675144,0.00010582653955349425,0.00010582653955349424,7.784316658672723e-05
15,165,model3_dynamic_q,0.0583293484445059,0.000161189612769789,0.000161189612769789,0.00015854757902945965
15,166,model1_fixed_q,0.04605734860394502,8.391693379200507e-05,8.391693379200505e-05,7.977803903380937e-05
15,166,model3_dynamic_q,0.058176047046322954,0.0001616046699992881,0.00014245400932105128,0.0001616046699992881
15,167,model1_fixed_q,0.04604813120495133,7.888466752379473e-05,7.160903908297046e-05,7.888466752379473e-05
15,167,model3_dynamic_q,0.05806665539619797,0.00015666828561762235,0.00014999459653403932,0.00015666828561762235
15,168,model1_fixed_q,0.04603690568685058,8.062761144047769e-05,6.690139900973899e-05,8.062761144047769e-05
15,168,model3_dynamic_q,0.05806735490094993,0.00019975437283983435,0.00019975437283983438,0.00015611122732451355
15,169,model1_fixed_q,0.0460190482191224,8.053687194141499e-05,6.488169234926717e-05,8.053687194141499e-05
15,169,model3_dynamic_q,0.058198765757697474,0.0002149592382898463,0.00021495923828984627,0.00015882392511545537
15,170,model1_fixed_q,0.0459710664074963,8.36024554829846e-05,7.467588480076864e-05,8.36024554829846e-05
15,170,model3_dynamic_q,0.05820570221151268,0.0002204550001166868,0.0002204550001166868,0.0001591689519578302
15,171,model1_fixed_q,0.04596128331288612,8.036610426219149e-05,5.5861757855160056e-05,8.036610426219149e-05
15,171,model3_dynamic_q,0.0582498278356859,0.00020876687057284478,0.00020876687057284476,0.00015798565542022436
15,172,model1_fixed_q,0.046006945760279215,8.161790682269705e-05,7.027647402702544e-05,8.161790682269705e-05
15,172,model3_dynamic_q,0.0581905010942344,0.00020611644451171019,0.00020611644451171019,0.00015575687448306282
15,173,model1_fixed_q,0.046040692505094676,8.661487311416835e-05,8.661487311416835e-05,8.165816870425675e-05
15,173,model3_dynamic_q,0.058214430595946665,0.00018727748016532923,0.00018727748016532923,0.00015815454385828076
15,174,model1_fixed_q,0.04611036766729713,9.933727973133551e-05,9.933727973133551e-05,7.991043138141209e-05
15,174,model3_dynamic_q,0.058213367491047115,0.00016375723975425795,0.00016375723975425795,0.00015657240922838862
15,175,model1_fixed_q,0.04600498083017777,8.664171397606695e-05,8.664171397606695e-05,8.248510791100322e-05
15,175,model3_dynamic_q,0.05822149836685263,0.00016754282766918822,0.0001675428276691882,0.00015594815432531058
15,176,model1_fixed_q,0.04599401519755118,8.086381480904215e-05,7.43557767920866e-05,8.086381480904215e-05
15,176,model3_dynamic_q,0.058197440342180655,0.00016302315018146076,0.00016302315018146076,0.00015943125762328552
15,177,model1_fixed_q,0.04602968551389072,9.438122147663592e-05,9.438122147663593e-05,8.325150013832482e-05
15,177,model3_dynamic_q,0.058242027325690754,0.00015192574019855693,0.00014704985657101367,0.00015192574019855693
15,178,model1_fixed_q,0.046114625283676165,8.133755645428511e-05,7.702613849256231e-05,8.133755645428511e-05
15,178,model3_dynamic_q,0.05812552711022244,0.0001686136956168207,0.0001686136956168207,0.00015650068014129786
15,179,model1_fixed_q,0.04604491198003964,8.002710914757054e-05,7.659946649481152e-05,8.002710914757054e-05
15,179,model3_dynamic_q,0.05820106818023723,0.00019998860224246066,0.00019998860224246066,0.00015818332233752107
15,180,model1_fixed_q,0.046137582864275356,8.032051363911177e-05,6.457558872462821e-05,8.032051363911177e-05
15,180,model3_dynamic_q,0.05820396709149416,0.00019164737092681268,0.0001916473709268127,0.0001633307833031067
15,181,model1_fixed_q,0.04614241575439378,9.320711761171967e-05,9.320711761171967e-05,8.12764808667358e-05
15,181,model3_dynamic_q,0.058138058709287566,0.00018172218614288406,0.00018172218614288406,0.00015907183716688922
15,182,model1_fixed_q,0.046078401902352954,9.92522942266761e-05,9.92522942266761e-05,7.991488642777394e-05
15,182,model3_dynamic_q,0.05817320653566471,0.0001841549948997439,0.0001841549948997439,0.00016428359602876734
15,183,model1_fixed_q,0.04607363529821955,8.234256830571578e-05,7.729957443716177e-05,8.234256830571578e-05
15,183,model3_dynamic_q,0.05813859054792352,0.00020619868957938707,0.00020619868957938705,0.00016069178286411847
15,184,model1_fixed_q,0.04602432546570718,8.585844451100993e-05,8.585844451100994e-05,7.99446029736776e-05
15,184,model3_dynamic_q,0.058074019599443256,0.00019604193811020208,0.00019604193811020206,0.00016023840550501674
15,185,model1_fixed_q,0.04600914298166219,8.031339199144358e-05,7.890241586468164e-05,8.031339199144358e-05
15,185,model3_dynamic_q,0.05807326865475708,0.0001801031656895318,0.00018010316568953176,0.0001611694915872397
15,186,model1_fixed_q,0.04595016602288147,7.834591051554619e-05,7.792941103532654e-05,7.834591051554619e-05
15,186,model3_dynamic_q,0.05814954615421628,0.0001894471361759279,0.0001894471361759279,0.00015262191859611294
15,187,model1_fixed_q,0.04598683773447809,7.763668828944245e-05,7.697453098800983e-05,7.763668828944245e-05
15,187,model3_dynamic_q,0.05817367129142799,0.0001933596914597628,0.0001933596914597628,0.00015759425801157803
15,188,model1_fixed_q,0.04601110023786697,7.955468612099752e-05,6.500062154889209e-05,7.955468612099752e-05
15,188,model3_dynamic_q,0.05818813847652855,0.00017645668744267903,0.000176456687442679,0.00016140472336098317
15,189,model1_fixed_q,0.04590543338525552,8.850983539445153e-05,8.850983539445153e-05,7.814767367006321e-05
15,189,model3_dynamic_q,0.058317987387209176,0.00016297336515059196,0.00015298207811369842,0.00016297336515059196
15,190,model1_fixed_q,0.04587663538254464,8.104971119818787e-05,6.570196956243462e-05,8.104971119818787e-05
15,190,model3_dynamic_q,0.05821440049373811,0.00016141208321399463,0.00016007427702022982,0.00016141208321399463
15,191,model1_fixed_q,0.045900596935664235,7.844019740964899e-05,6.705489318079504e-05,7.844019740964899e-05
15,191,model3_dynamic_q,0.058300056185929226,0.00015462589944827135,0.00013919329352034957,0.00015462589944827135
15,192,model1_fixed_q,0.04588637109722159,8.845318762557636e-05,8.845318762557637e-05,8.062796818588852e-05
15,192,model3_dynamic_q,0.05850292430485417,0.000158760122465852,0.0001457382414732919,0.000158760122465852
15,193,model1_fixed_q,0.04599764940581444,8.15473259006805e-05,8.15473259006805e-05,7.668814587438548e-05
15,193,model3_dynamic_q,0.05834123218574996,0.00015687412570409163,0.00015597222837027545,0.00015687412570409163
15,194,model1_fixed_q,0.04611573666313472,8.08259609178995e-05,7.902493659680621e-05,8.08259609178995e-05
15,194,model3_dynamic_q,0.05822873525209852,0.0001597782135912385,0.00011514710211347223,0.0001597782135912385
15,195,model1_fixed_q,0.045934611055765004,8.281743222293153e-05,8.281743222293152e-05,8.281623831541525e-05
15,195,model3_dynamic_q,0.05823632176525771,0.000165162906030284,0.00011550691477025126,0.000165162906030284
15,196,model1_fixed_q,0.04585836666196318,8.019616532398428e-05,8.006448704270591e-05,8.019616532398428e-05
15,196,model3_dynamic_q,0.05826110636421852,0.00016374369370665068,0.0001420846221702617,0.00016374369370665068
15,197,model1_fixed_q,0.04601932410360345,8.6437735582614e-05,8.643773558261401e-05,7.787527208915662e-05
15,197,model3_dynamic_q,0.05824071981485763,0.00016964404239521225,0.00011637459048878671,0.00016964404239521225
15,198,model1_fixed_q,0.04603463716203257,7.910762131209413e-05,7.910762131209413e-05,7.843641089981648e-05
15,198,model3_dynamic_q,0.058386122527050714,0.00017082989401441136,0.00012629084846981463,0.00017082989401441136
15,199,model1_fixed_q,0.046034114548006294,8.170604411953033e-05,8.170604411953033e-05,7.938099759004669e-05
15,199,model3_dynamic_q,0.05840483433696707,0.00016687544242185995,0.0001459475345403578,0.00016687544242185995
15,200,model1_fixed_q,0.046031655750185294,7.847236113529668e-05,7.847236113529669e-05,7.582202706882237e-05
15,200,model3_dynamic_q,0.0585257805074629,0.00016539464787825508,0.00015815222298035467,0.00016539464787825508
15,201,model1_fixed_q,0.04603557754997985,9.226931804572079e-05,9.226931804572078e-05,7.960398224900727e-05
15,201,model3_dynamic_q,0.05866254910349923,0.00018006929322100066,0.00018006929322100066,0.00016890036114796856
15,202,model1_fixed_q,0.04598804990398199,0.00010215633338743729,0.00010215633338743729,7.797193539464884e-05
15,202,model3_dynamic_q,0.058658987040969106,0.00017438565799096403,0.00017438565799096403,0.00016812837163415599
15,203,model1_fixed_q,0.045943874043842654,0.00011888709281840409,0.00011888709281840409,7.918941062742306e-05
15,203,model3_dynamic_q,0.05853660151590694,0.0001851333122728346,0.00018513331227283463,0.00016596370752363228
15,204,model1_fixed_q,0.04605636901883041,8.447904134269221e-05,7.628295197123689e-05,8.447904134269221e-05
15,204,model3_dynamic_q,0.05828126286292458,0.00018623087063374588,0.00018623087063374588,0.0001603680816197954
15,205,model1_fixed_q,0.04607063379909409,8.45567271643415e-05,7.244060879952897e-05,8.45567271643415e-05
15,205,model3_dynamic_q,0.0581577122549553,0.00017448717695005034,0.00017448717695005034,0.00015950100570986592
15,206,model1_fixed_q,0.04601197240480879,8.024370688124134e-05,7.76344680516475e-05,8.024370688124134e-05
15,206,model3_dynamic_q,0.05806507235252759,0.00016078244277203927,0.00016078244277203927,0.0001595600382921336
15,207,model1_fixed_q,0.04601352112852553,8.036589437191486e-05,6.0403039078095304e-05,8.036589437191486e-05
15,207,model3_dynamic_q,0.058080077763183136,0.00016127147598516813,0.00015122737249715395,0.00016127147598516813
15,208,model1_fixed_q,0.04606023925063342,8.24445471042455e-05,5.129610474495117e-05,8.24445471042455e-05
15,208,model3_dynamic_q,0.05791820090791806,0.00016835222387680162,0.00016835222387680162,0.00015849745122019653
15,209,model1_fixed_q,0.04611691445784357,8.834337561280008e-05,8.834337561280008e-05,7.735533531076709e-05
15,209,model3_dynamic_q,0.058005746397851346,0.00016077113596804478,0.00016077113596804478,0.00015751221892112253
15,210,model1_fixed_q,0.04597829112461475,7.796906512767295e-05,6.098743951437664e-05,7.796906512767295e-05
15,210,model3_dynamic_q,0.05830529775430966,0.0001810585620451585,0.00018105856204515852,0.00015827189529438385
15,211,model1_fixed_q,0.04604013313307889,7.960667148381905e-05,7.545476253666285e-05,7.960667148381905e-05
15,211,model3_dynamic_q,0.05841452563178609,0.0001794955361633596,0.0001794955361633596,0.00016104989559266882
15,212,model1_fixed_q,0.04590390031936053,0.00010586194178827461,0.00010586194178827461,7.999710832677904e-05
15,212,model3_dynamic_q,0.058337236850147224,0.0002038752326162008,0.0002038752326162008,0.00016044303260150062
15,213,model1_fixed_q,0.04599784836572505,9.173522488016866e-05,9.173522488016866e-05,8.139154987279822e-05
15,213,model3_dynamic_q,0.058488413764797596,0.00018854709075512836,0.00018854709075512836,0.00016163428048997103
15,214,model1_fixed_q,0.04593099166673616,9.61046272067625e-05,9.610462720676252e-05,8.06408104416138e-05
15,214,model3_dynamic_q,0.058269413830605035,0.00020776583102417252,0.00020776583102417252,0.00016516704677965803
15,215,model1_fixed_q,0.04587948779870298,7.834403713872938e-05,6.95417579343841e-05,7.834403713872938e-05
15,215,model3_dynamic_q,0.05818719670579569,0.00020714517027515462,0.00020714517027515462,0.00015920625337240182
15,216,model1_fixed_q,0.0459654871980482,8.119193988154086e-05,7.397527778975178e-05,8.119193988154086e-05
15,216,model3_dynamic_q,0.05809109090331798,0.0002157576194680085,0.0002157576194680085,0.00015507248518914168
15,217,model1_fixed_q,0.0458978224197625,8.039871216006598e-05,7.347190813760944e-05,8.039871216006598e-05
15,217,model3_dynamic_q,0.05827889747599261,0.00017694353358932012,0.00017694353358932012,0.00015168563286231798
15,218,model1_fixed_q,0.04591044764268381,9.23956035209089e-05,9.23956035209089e-05,8.220160535939531e-05
15,218,model3_dynamic_q,0.058354229335429046,0.0001888049629643761,0.0001888049629643761,0.00015495469896055405
15,219,model1_fixed_q,0.045933877539387526,8.220922213816013e-05,7.752082902663912e-05,8.220922213816013e-05
15,219,model3_dynamic_q,0.058284102243361335,0.00019575892675547356,0.00019575892675547358,0.00015847678875438622
15,220,model1_fixed_q,0.04602664687678602,8.404354286532178e-05,7.920285077337771e-05,8.404354286532178e-05
15,220,model3_dynamic_q,0.05821587503491788,0.00020862890796926313,0.0002086289079692631,0.00016169493725319187
15,221,model1_fixed_q,0.04601964125545157,8.164478135785433e-05,7.614389783975248e-05,8.164478135785433e-05
15,221,model3_dynamic_q,0.05810641878283382,0.00018830095061798374,0.00018830095061798377,0.0001581470063162373
15,222,model1_fixed_q,0.04603729245391936,7.936902796108747e-05,7.652735404845433e-05,7.936902796108747e-05
15,222,model3_dynamic_q,0.058164617135375615,0.00017356215590372457,0.00017356215590372457,0.0001630292995099431
15,223,model1_fixed_q,0.04601772581177363,8.1815007558803e-05,6.817440227031377e-05,8.1815007558803e-05
15,223,model3_dynamic_q,0.05812178193431931,0.00018399013811888377,0.00018399013811888377,0.0001646755896309337
15,224,model1_fixed_q,0.04601937848753715,7.81309575455524e-05,6.853760717770378e-05,7.81309575455524e-05
15,224,model3_dynamic_q,0.05830459967361495,0.00017829307013338735,0.00017829307013338737,0.00016183006998734078
15,225,model1_fixed_q,0.04606375887162244,7.886778372217218e-05,7.575668600654115e-05,7.886778372217218e-05
15,225,model3_dynamic_q,0.05834697733492582,0.00015604971732124625,0.00015328417411117524,0.00015604971732124625
15,226,model1_fixed_q,0.04604969123405743,8.174555464490562e-05,5.308341245780733e-05,8.174555464490562e-05
15,226,model3_dynamic_q,0.05819794192167677,0.00016196655594889078,0.00012904348406150273,0.00016196655594889078
15,227,model1_fixed_q,0.04592077090327437,8.344589082353207e-05,7.13300390300706e-05,8.344589082353207e-05
15,227,model3_dynamic_q,0.05818838575785279,0.0001649622766407621,0.00015317499549735827,0.0001649622766407621
15,228,model1_fixed_q,0.045983181523157605,8.234058167898546e-05,5.107091242197621e-05,8.234058167898546e-05
15,228,model3_dynamic_q,0.058194720365866405,0.00015901201312592194,0.00015591592133156113,0.00015901201312592194
15,229,model1_fixed_q,0.04599984348472314,8.004310860590154e-05,6.609358408820188e-05,8.004310860590154e-05
15,229,model3_dynamic_q,0.0582485827706667,0.00015667948871153994,0.0001537084522652995,0.00015667948871153994
15,230,model1_fixed_q,0.045975752368725635,7.853429423241554e-05,5.8549445766334846e-05,7.853429423241554e-05
15,230,model3_dynamic_q,0.058480539521923426,0.0001927065090179218,0.0001927065090179218,0.00016279196582484132
15,231,model1_fixed_q,0.046031237592247316,8.03600449263712e-05,5.692218012692635e-05,8.03600449263712e-05
15,231,model3_dynamic_q,0.058497893224430754,0.0002014894954022249,0.00020148949540222487,0.00016931324918258416
15,232,model1_fixed_q,0.04593980506402831,8.12560849621206e-05,6.99850588750236e-05,8.12560849621206e-05
15,232,model3_dynamic_q,0.05851614181319177,0.00020475042290762907,0.0002047504229076291,0.00015702840925002393
15,233,model1_fixed_q,0.045992928035535736,8.458683930268881e-05,8.458683930268881e-05,8.052659809083896e-05
15,233,model3_dynamic_q,0.05851911458335621,0.0002004273095078679,0.00020042730950786794,0.0001598132137480754
15,234,model1_fixed_q,0.04597879338759676,7.962591422459517e-05,7.229883591974813e-05,7.962591422459517e-05
15,234,model3_dynamic_q,0.058241528813072735,0.00019290273592184644,0.00019290273592184644,0.00015705956855758364
15,235,model1_fixed_q,0.04588583162399611,8.565386973043025e-05,8.565386973043025e-05,8.042782455677126e-05
15,235,model3_dynamic_q,0.05821182989066469,0.00018404844467228258,0.00018404844467228255,0.00016024322013119159
15,236,model1_fixed_q,0.04596858537205228,9.061125261223963e-05,9.061125261223963e-05,8.170694405672318e-05
15,236,model3_dynamic_q,0.05827657063829409,0.00018351347772103214,0.00018351347772103214,0.00015975054991595566
15,237,model1_fixed_q,0.046143129750509736,8.93615760154157e-05,8.93615760154157e-05,8.332646098160386e-05
15,237,model3_dynamic_q,0.058411921093572065,0.0001902740631162097,0.0001902740631162097,0.00016311485329670674
15,238,model1_fixed_q,0.04611355756043148,8.322115841086119e-05,8.322115841086119e-05,8.279802219740074e-05
15,238,model3_dynamic_q,0.05833035806787321,0.00016989743320446505,0.00016989743320446505,0.0001568503076078196
15,239,model1_fixed_q,0.04606726692221726,8.492571459602166e-05,7.832473724946763e-05,8.492571459602166e-05
15,239,model3_dynamic_q,0.05842392074393463,0.00016825185290516976,0.00016725828476817819,0.00016825185290516976
15,240,model1_fixed_q,0.04595914583419846,8.250615584425178e-05,8.216951077686402e-05,8.250615584425178e-05
15,240,model3_dynamic_q,0.05839517820214291,0.00019110952957500255,0.00019110952957500255,0.00016855537951978008
15,241,model1_fixed_q,0.04594051896469722,8.249789337003545e-05,7.822379518277562e-05,8.249789337003545e-05
15,241,model3_dynamic_q,0.05848890223055635,0.00018906953616679037,0.00018906953616679037,0.00015881684599844273
15,242,model1_fixed_q,0.045917519547262385,9.064041670858647e-05,9.064041670858647e-05,8.15990433480214e-05
15,242,model3_dynamic_q,0.05835148773749683,0.00015528750109070945,0.00014983259799446075,0.00015528750109070945
15,243,model1_fixed_q,0.04594037318648216,8.38063074674818e-05,8.38063074674818e-05,7.955080214278406e-05
15,243,model3_dynamic_q,0.05826340456446974,0.00017685865837193207,0.00017685865837193207,0.00016021573164257553
15,244,model1_fixed_q,0.04591523477822813,7.91630064510227e-05,7.91630064510227e-05,7.755092654660542e-05
15,244,model3_dynamic_q,0.058325906278561754,0.00017742182950584726,0.00017742182950584726,0.00016537520530148308
15,245,model1_fixed_q,0.0458738418576401,9.35281510179422e-05,9.35281510179422e-05,7.729161091884678e-05
15,245,model3_dynamic_q,0.05849289613764204,0.0001843305727655381,0.00018433057276553806,0.00016945216683733535
15,246,model1_fixed_q,0.045887261325232284,9.821173811412432e-05,9.821173811412432e-05,7.75479666756506e-05
15,246,model3_dynamic_q,0.058453414078407366,0.00018610173793450431,0.0001861017379345043,0.000162206233058383
15,247,model1_fixed_q,0.045888412813176765,7.616545316156318e-05,7.446306831227987e-05,7.616545316156318e-05
15,247,model3_dynamic_q,0.058423020018763955,0.00017942657520571588,0.00017942657520571588,0.00016746852502611836
15,248,model1_fixed_q,0.045994071745657616,7.708048540040337e-05,6.771661510785068e-05,7.708048540040337e-05
15,248,model3_dynamic_q,0.05823594965929523,0.000197661292556033,0.000197661292556033,0.00016764868907535776
15,249,model1_fixed_q,0.046018485370494765,7.732534744394396e-05,7.522571812942669e-05,7.732534744394396e-05
15,249,model3_dynamic_q,0.05811770413809874,0.0001888702918517513,0.0001888702918517513,0.00016175973559835367
15,250,model1_fixed_q,0.04609988565466775,8.382890136346263e-05,8.382890136346263e-05,7.852182006223217e-05
15,250,model3_dynamic_q,0.058214374042664226,0.0001981988367596134,0.0001981988367596134,0.00015981131120013683
15,251,model1_fixed_q,0.046119491151217246,8.978911858740952e-05,8.978911858740951e-05,8.028135012476685e-05
15,251,model3_dynamic_q,0.05826644837821721,0.00016970399201275381,0.00016970399201275381,0.00015171159781870273
15,252,model1_fixed_q,0.04610448193149969,7.865806760789291e-05,7.191284663895083e-05,7.865806760789291e-05
15,252,model3_dynamic_q,0.05809491604677771,0.00015608990620098203,0.00015608990620098203,0.00015398835803957165
15,253,model1_fixed_q,0.04613016144170073,7.821765550677008e-05,6.352021142994507e-05,7.821765550677008e-05
15,253,model3_dynamic_q,0.058030511852598325,0.00016271947617718836,0.00016271947617718836,0.0001539016352309961
15,254,model1_fixed_q,0.04607271866780886,8.195297549130944e-05,7.524203976883152e-05,8.195297549130944e-05
15,254,model3_dynamic_q,0.05791288944895225,0.00017206312946603636,0.00017206312946603638,0.00016144113747766368
15,255,model1_fixed_q,0.04612926833535851,8.324041174992582e-05,7.814436757181607e-05,8.324041174992582e-05
15,255,model3_dynamic_q,0.05806005225404117,0.00017129511198607562,0.00017129511198607562,0.00016293173823181723
15,256,model1_fixed_q,0.046121967306780795,8.001266956727419e-05,6.837620444682495e-05,8.001266956727419e-05
15,256,model3_dynamic_q,0.05793198782543061,0.00017800732435499346,0.00017800732435499346,0.0001585654092820627
15,257,model1_fixed_q,0.04604697339128036,8.401219523518913e-05,6.657347959126721e-05,8.401219523518913e-05
15,257,model3_dynamic_q,0.05777665803257302,0.00015397200139098658,0.00015147794369399875,0.00015397200139098658
15,258,model1_fixed_q,0.0460106223682937,8.57790299333779e-05,8.577902993337791e-05,8.004938347721108e-05
15,258,model3_dynamic_q,0.05795035274216583,0.000197369917993948,0.000197369917993948,0.00015447841294286748
15,259,model1_fixed_q,0.04593027766402074,0.00010457586676798431,0.00010457586676798433,7.61315951521643e-05
15,259,model3_dynamic_q,0.05821351881701121,0.00015498457204192733,0.0001512414888285041,0.00015498457204192733
15,260,model1_fixed_q,0.04587543565747334,9.83320856147744e-05,9.83320856147744e-05,7.954556099221263e-05
15,260,model3_dynamic_q,0.05808775338079876,0.00015875523815758738,0.00015875523815758738,0.0001578403849581239
15,261,model1_fixed_q,0.04585223059989498,9.519152847452523e-05,9.519152847452523e-05,7.826185434372115e-05
15,261,model3_dynamic_q,0.0580880998996584,0.00017533110009471404,0.00017533110009471404,0.0001596652257006957
15,262,model1_fixed_q,0.045956828659049924,8.227470084670183e-05,8.227470084670185e-05,7.155865597312396e-05
15,262,model3_dynamic_q,0.05821849403746683,0.000170443351631857,0.000170443351631857,0.0001641650701707285
15,263,model1_fixed_q,0.04592235270346815,8.478434525589002e-05,8.478434525589002e-05,7.558459344810943e-05
15,263,model3_dynamic_q,0.05829466900841453,0.00017121017156173965,0.00017121017156173965,0.00016030057364425557
15,264,model1_fixed_q,0.04606670895470001,8.126777967961917e-05,7.050542009783521e-05,8.126777967961917e-05
15,264,model3_dynamic_q,0.05813584527355799,0.00017898729815398628,0.00017898729815398625,0.00015912603502892244
15,265,model1_fixed_q,0.04579808444242931,8.238114415100992e-05,8.238114415100992e-05,7.895371683598087e-05
15,265,model3_dynamic_q,0.05831637287042223,0.00020341052525016796,0.00020341052525016794,0.00016149839197266786
15,266,model1_fixed_q,0.04596034365808808,8.80444773671188e-05,8.80444773671188e-05,8.159184434249013e-05
15,266,model3_dynamic_q,0.05818048707769807,0.00022109779569577775,0.00022109779569577775,0.00016690934915135992
15,267,model1_fixed_q,0.04591555136202157,8.321996019097673e-05,8.321996019097673e-05,8.213975332174049e-05
15,267,model3_dynamic_q,0.058057247341199235,0.00020848241813224453,0.0002084824181322445,0.0001646041571682858
15,268,model1_fixed_q,0.04594149474637137,0.00010620184786709925,0.00010620184786709924,8.04169192485562e-05
15,268,model3_dynamic_q,0.05804788427482088,0.00020791479667907928,0.00020791479667907928,0.00016216659168310452
15,269,model1_fixed_q,0.04590549309663596,8.267668885010473e-05,8.267668885010473e-05,7.829281187157165e-05
15,269,model3_dynamic_q,0.05814461478627067,0.00020655561796160924,0.00020655561796160921,0.00015937534394041617
15,270,model1_fixed_q,0.04594862566464145,7.93246240486151e-05,7.367156752344299e-05,7.93246240486151e-05
15,270,model3_dynamic_q,0.0579136005598861,0.00017928461121724873,0.00017928461121724873,0.00015785456940871218
15,271,model1_fixed_q,0.04596873487525007,8.2675034922948e-05,6.256789152644633e-05,8.2675034922948e-05
15,271,model3_dynamic_q,0.057779756616397906,0.00016211542597357532,0.00016211542597357532,0.0001589054625505561
15,272,model1_fixed_q,0.046034775706158756,7.920834629474553e-05,7.142554341093489e-05,7.920834629474553e-05
15,272,model3_dynamic_q,0.057582853583797694,0.00020250884088251692,0.00020250884088251692,0.00015955126350571344
15,273,model1_fixed_q,0.04593004447844928,8.335734006593783e-05,8.335734006593783e-05,7.697009360124407e-05
15,273,model3_dynamic_q,0.05775131026840106,0.00021912486608646867,0.00021912486608646864,0.00015549768543623183
15,274,model1_fixed_q,0.045961050656875564,8.841424144429736e-05,8.841424144429737e-05,7.914367702038794e-05
15,274,model3_dynamic_q,0.05768342425956101,0.0001886316652109527,0.00018863166521095268,0.00015560805117892016
15,275,model1_fixed_q,0.04600132257959195,7.980378034832321e-05,7.429324222524248e-05,7.980378034832321e-05
15,275,model3_dynamic_q,0.05790782724570555,0.0001657624120405403,0.00015766185618824868,0.0001657624120405403
15,276,model1_fixed_q,0.04587136876185064,7.895372796859812e-05,7.64461438916307e-05,7.895372796859812e-05
15,276,model3_dynamic_q,0.05798030575295201,0.00017350620137049033,0.00017350620137049033,0.00016159530495049818
15,277,model1_fixed_q,0.04598881962917969,7.851425183514904e-05,7.54298009959918e-05,7.851425183514904e-05
15,277,model3_dynamic_q,0.05834074238703166,0.00019639748261790607,0.00019639748261790607,0.00015897739763080096
15,278,model1_fixed_q,0.04598817829059111,7.689009570507581e-05,7.318685252961923e-05,7.689009570507581e-05
15,278,model3_dynamic_q,0.058249063640165424,0.00016839008110795315,0.00016839008110795315,0.00015354050592275678
15,279,model1_fixed_q,0.04600991489461781,7.667099065080859e-05,7.348304162837543e-05,7.667099065080859e-05
15,279,model3_dynamic_q,0.05820950140117964,0.00015379068457714042,0.00014858850683921386,0.00015379068457714042
15,280,model1_fixed_q,0.0459973448739521,8.190151998060689e-05,8.190151998060689e-05,8.122716880924219e-05
15,280,model3_dynamic_q,0.05839077519595901,0.0001534910830646935,0.00014868956706375595,0.0001534910830646935
15,281,model1_fixed_q,0.04598457073680793,8.417175601582997e-05,8.40256481698337e-05,8.417175601582997e-05
15,281,model3_dynamic_q,0.058451744893232495,0.000153367915688769,0.00014085054215904474,0.000153367915688769
15,282,model1_fixed_q,0.045976931884302304,8.202472880464788e-05,6.563367987722848e-05,8.202472880464788e-05
15,282,model3_dynamic_q,0.058379657909315576,0.00016242249488087766,0.00013701054893115546,0.00016242249488087766
15,283,model1_fixed_q,0.045974635375762636,9.273960161706738e-05,9.27396016170674e-05,8.013898407327022e-05
15,283,model3_dynamic_q,0.05833053877366985,0.00018426301514226626,0.00018426301514226626,0.00015522180050714653
15,284,model1_fixed_q,0.04602330814584736,9.125140971368523e-05,9.125140971368523e-05,8.170607156332984e-05
15,284,model3_dynamic_q,0.05845811250672374,0.00021532198870063773,0.00021532198870063773,0.0001554493653882492
15,285,model1_fixed_q,0.045989788275624055,9.827435832812072e-05,9.827435832812072e-05,8.276816495112497e-05
15,285,model3_dynamic_q,0.058200422057369056,0.00017250314984105182,0.00017250314984105182,0.0001642464330843702
15,286,model1_fixed_q,0.04615429607641627,8.475191339583728e-05,8.475191339583728e-05,7.991963995299704e-05
15,286,model3_dynamic_q,0.05823086500031011,0.0001935993696397766,0.0001935993696397766,0.00016922546457398798
15,287,model1_fixed_q,0.0462031749717837,8.144079677605923e-05,7.755125345624359e-05,8.144079677605923e-05
15,287,model3_dynamic_q,0.058201678805742514,0.00018335361602552465,0.00018335361602552465,0.00016491866789465805
15,288,model1_fixed_q,0.04615469300250368,8.135224295626266e-05,6.725851338571422e-05,8.135224295626266e-05
15,288,model3_dynamic_q,0.058256162123176,0.0001683051643535595,0.0001683051643535595,0.00016325616977233966
15,289,model1_fixed_q,0.04600319886390284,7.973611297474018e-05,6.812217912538928e-05,7.973611297474018e-05
15,289,model3_dynamic_q,0.05833958776278228,0.0001633412908183284,0.00013005223132958143,0.0001633412908183284
15,290,model1_fixed_q,0.045951725882153585,8.805114019660289e-05,8.805114019660288e-05,7.635888980066375e-05
15,290,model3_dynamic_q,0.0582154512533049,0.00016928865735399832,0.00016928865735399832,0.0001659652780003578
15,291,model1_fixed_q,0.04604634859160062,8.427851482265762e-05,8.42785148226576e-05,7.77724930386864e-05
15,291,model3_dynamic_q,0.05845349557059432,0.00017894803692290832,0.0001789480369229083,0.0001656353285983769
15,292,model1_fixed_q,0.04609063874866683,7.845455425623556e-05,7.835959315064423e-05,7.845455425623556e-05
15,292,model3_dynamic_q,0.05819676108660839,0.00019326093772733686,0.0001932609377273369,0.00015887301889465957
15,293,model1_fixed_q,0.04610438920659161,7.550728010307281e-05,7.521416787969722e-05,7.550728010307281e-05
15,293,model3_dynamic_q,0.058278242875669205,0.00018253332846856398,0.00018253332846856398,0.00016009050396746183
15,294,model1_fixed_q,0.04603367969658667,7.828685522135293e-05,7.828685522135291e-05,7.747616943205084e-05
15,294,model3_dynamic_q,0.058355785650034665,0.00017304266764362847,0.00017304266764362847,0.00015850518705551558
15,295,model1_fixed_q,0.04595964724423308,7.870277055761403e-05,7.563331845881977e-05,7.870277055761403e-05
15,295,model3_dynamic_q,0.058036137932972125,0.00015243894431681777,0.00015007705857821114,0.00015243894431681777
15,296,model1_fixed_q,0.04597823066765443,7.797129587038596e-05,6.564818621845544e-05,7.797129587038596e-05
15,296,model3_dynamic_q,0.0579806419023556,0.00015999040989676802,0.00015160026218971067,0.00015999040989676802
15,297,model1_fixed_q,0.04603000351802195,8.047671799221778e-05,7.528847577350457e-05,8.047671799221778e-05
15,297,model3_dynamic_q,0.05804833583745058,0.00017038493615799226,0.00017038493615799226,0.00015863995492071913
15,298,model1_fixed_q,0.04602326248628499,8.009981369959301e-05,5.2237929071206505e-05,8.009981369959301e-05
15,298,model3_dynamic_q,0.05811288518103335,0.0001599835000718045,0.0001568036788646918,0.0001599835000718045
15,299,model1_fixed_q,0.04586830208965832,8.195420496884716e-05,8.195420496884715e-05,7.845666762362969e-05
15,299,model3_dynamic_q,0.05825052005497003,0.00016311236755353465,0.00016046832584326446,0.00016311236755353465
15,300,model1_fixed_q,0.045890516870541645,7.99002960040492e-05,6.580851030756181e-05,7.99002960040492e-05
15,300,model3_dynamic_q,0.05806304013584451,0.0001564655664856825,0.00013954955076907438,0.0001564655664856825
15,301,model1_fixed_q,0.045916911217811406,7.895039012924195e-05,7.652215648849269e-05,7.895039012924195e-05
15,301,model3_dynamic_q,0.05791837073778153,0.0001587979261547078,0.00014104131440323216,0.0001587979261547078
15,302,model1_fixed_q,0.045983351593240344,8.101453725572817e-05,8.101453725572817e-05,7.877220721344292e-05
15,302,model3_dynamic_q,0.05790484989094159,0.00015992029024066684,0.00015973341895065372,0.00015992029024066684
15,303,model1_fixed_q,0.04596343320577608,9.316557915431361e-05,9.316557915431361e-05,8.061472888764402e-05
15,303,model3_dynamic_q,0.05798742626405515,0.00016248538309296835,0.00015617787068876888,0.00016248538309296835
15,304,model1_fixed_q,0.04601142485978835,8.049993769714061e-05,8.049993769714061e-05,7.774464834590547e-05
15,304,model3_dynamic_q,0.05818216238635083,0.00017977538244392524,0.00017977538244392524,0.0001628217392385667
15,305,model1_fixed_q,0.046045173791350105,8.03659833440709e-05,7.760742410857148e-05,8.03659833440709e-05
15,305,model3_dynamic_q,0.05805895912931315,0.00016983878859327438,0.00016983878859327438,0.00015935694991578325
15,306,model1_fixed_q,0.04596943203276164,7.904472707905625e-05,7.218926300427775e-05,7.904472707905625e-05
15,306,model3_dynamic_q,0.05801671494556489,0.00016031138146855542,0.00016031138146855542,0.00015920846582171173
15,307,model1_fixed_q,0.04590750836191982,7.889802990638874e-05,7.861480704214689e-05,7.889802990638874e-05
15,307,model3_dynamic_q,0.05809948697494768,0.00016458179098213213,0.00016458179098213213,0.00015942214189103296
15,308,model1_fixed_q,0.04596839256662954,8.068269740690731e-05,7.089215842887481e-05,8.068269740690731e-05
15,308,model3_dynamic_q,0.058054891131877784,0.0001619670386980504,0.0001619670386980504,0.00015459131563706966
15,309,model1_fixed_q,0.04604941575587888,8.31223215663856e-05,7.15039475947259e-05,8.31223215663856e-05
15,309,model3_dynamic_q,0.057969415100796,0.00016977736029175685,0.00016977736029175682,0.00015879060840310252
15,310,model1_fixed_q,0.046024064800507324,8.057172694399911e-05,7.565034907844728e-05,8.057172694399911e-05
15,310,model3_dynamic_q,0.057935292583088674,0.00017558414637771873,0.00017558414637771873,0.00015678951729971617
15,311,model1_fixed_q,0.04615894711708398,8.86981564450291e-05,8.86981564450291e-05,8.14464802525694e-05
15,311,model3_dynamic_q,0.05811761051888815,0.00015473090768756447,0.00014219730212148706,0.00015473090768756447
15,312,model1_fixed_q,0.046098734845856464,8.46150927881311e-05,8.46150927881311e-05,8.363607351259538e-05
15,312,model3_dynamic_q,0.058080978054819224,0.00016854311813639872,0.00016854311813639872,0.00015774495253122154
15,313,model1_fixed_q,0.04596902170244002,8.261435667702505e-05,6.306024017687848e-05,8.261435667702505e-05
15,313,model3_dynamic_q,0.05802230957374495,0.0001608532224206204,0.0001608532224206204,0.0001582964719565425
15,314,model1_fixed_q,0.046023242430412586,9.630376532953357e-05,9.630376532953357e-05,8.305817590293793e-05
15,314,model3_dynamic_q,0.058000503249330856,0.00018994632039207062,0.00018994632039207062,0.0001584886419151546
15,315,model1_fixed_q,0.04608929263041674,8.255911082994603e-05,7.090215143398865e-05,8.255911082994603e-05
15,315,model3_dynamic_q,0.058056625476228356,0.00019080094882829122,0.00019080094882829122,0.00015979683805263795
15,316,model1_fixed_q,0.04606951358841526,7.952282480667133e-05,6.462181714390188e-05,7.952282480667133e-05
15,316,model3_dynamic_q,0.05833598149972754,0.0002061596624632899,0.0002061596624632899,0.00015568756661473186
15,317,model1_fixed_q,0.045988011288589085,8.152540823844499e-05,7.603534199526656e-05,8.152540823844499e-05
15,317,model3_dynamic_q,0.058565853495617604,0.00021588786804810925,0.00021588786804810922,0.00015849232702968964
15,318,model1_fixed_q,0.046035006492176095,7.916900630679329e-05,6.025594566683683e-05,7.916900630679329e-05
15,318,model3_dynamic_q,0.05836588158896105,0.00021413114991531765,0.00021413114991531765,0.00016022713446060355
15,319,model1_fixed_q,0.04607002120555195,8.745760595235046e-05,8.745760595235047e-05,7.704951351234948e-05
15,319,model3_dynamic_q,0.05815883664911226,0.000185947817911131,0.00018594781791113102,0.0001570696970691299
15,320,model1_fixed_q,0.046057338667972,8.087894937805163e-05,6.94825498644445e-05,8.087894937805163e-05
15,320,model3_dynamic_q,0.05821560464743883,0.00018874956990616855,0.00018874956990616855,0.00015668667689818923
15,321,model1_fixed_q,0.04605634852347318,7.956984981978356e-05,6.694680929596221e-05,7.956984981978356e-05
15,321,model3_dynamic_q,0.05837482171797432,0.0002122237108466653,0.0002122237108466653,0.00016328407601012737
15,322,model1_fixed_q,0.04599974570203293,7.832807504663159e-05,6.113762350795648e-05,7.832807504663159e-05
15,322,model3_dynamic_q,0.05848681871475311,0.00018285841851758638,0.0001828584185175864,0.00016701662790425968
15,323,model1_fixed_q,0.046023556135116855,8.942933238951606e-05,8.942933238951604e-05,8.031702811012303e-05
15,323,model3_dynamic_q,0.0583933654466209,0.00018026737703577043,0.0001802673770357704,0.00016758897432289806
15,324,model1_fixed_q,0.046034898835827204,8.13344127773545e-05,7.610833818175082e-05,8.13344127773545e-05
15,324,model3_dynamic_q,0.058253364133591785,0.00016563309276724331,0.0001538706804905697,0.00016563309276724331
15,325,model1_fixed_q,0.04605082314832207,8.184774809017388e-05,8.184774809017388e-05,8.037298091784459e-05
15,325,model3_dynamic_q,0.05840035219562331,0.00017730661080007958,0.00017730661080007958,0.00016336515338353743
15,326,model1_fixed_q,0.04601358857988699,8.055609377401593e-05,7.67076844746782e-05,8.055609377401593e-05
15,326,model3_dynamic_q,0.058297873878991054,0.00016128174446130973,0.00016027147488640364,0.00016128174446130973
15,327,model1_fixed_q,0.0460377344832092,7.673414468025027e-05,7.472372811052196e-05,7.673414468025027e-05
15,327,model3_dynamic_q,0.058247449896415684,0.00017871060713109456,0.00017871060713109453,0.0001632415868708395
15,328,model1_fixed_q,0.04605198847292421,7.835603744866402e-05,6.905190794894683e-05,7.835603744866402e-05
15,328,model3_dynamic_q,0.05809239448614671,0.00017133584064229454,0.00017133584064229454,0.00015684808261575637
15,329,model1_fixed_q,0.046043593781175736,8.739650925659028e-05,8.73965092565903e-05,8.249395007264179e-05
15,329,model3_dynamic_q,0.05805689336040189,0.0001640279772441712,0.0001640279772441712,0.00016130863223314098
15,330,model1_fixed_q,0.045909566527344306,9.07719465318299e-05,9.07719465318299e-05,7.769175127595735e-05
15,330,model3_dynamic_q,0.05798304590368687,0.0001812371981294958,0.0001812371981294958,0.0001611310580934786
15,331,model1_fixed_q,0.045958778682676824,8.41582359552689e-05,8.41582359552689e-05,8.167404808793938e-05
15,331,model3_dynamic_q,0.05806036666268683,0.00019275592594538137,0.00019275592594538137,0.00015570043268653557
15,332,model1_fixed_q,0.0459667161354933,9.299548633724393e-05,9.299548633724394e-05,8.177434218161527e-05
15,332,model3_dynamic_q,0.057994665931630364,0.00017410641042523288,0.00017410641042523288,0.0001557012096501394
15,333,model1_fixed_q,0.045777292254926855,8.150042247465541e-05,7.38767464533683e-05,8.150042247465541e-05
15,333,model3_dynamic_q,0.05813848976899449,0.00016385481264743497,0.00016385481264743497,0.00015786388110851474
15,334,model1_fixed_q,0.04588912735665323,8.492384863213685e-05,8.492384863213685e-05,8.029299996115383e-05
15,334,model3_dynamic_q,0.05804587324715146,0.00016108604396659453,0.00016108604396659453,0.00015607140496799268
15,335,model1_fixed_q,0.045974139016442,7.650332913988288e-05,5.190160669751346e-05,7.650332913988288e-05
15,335,model3_dynamic_q,0.05791330065123032,0.00015532727269162183,0.00015174026143880022,0.00015532727269162183
15,336,model1_fixed_q,0.04596593318722967,8.598454504679075e-05,8.598454504679075e-05,7.70196414648965e-05
15,336,model3_dynamic_q,0.05804925072407248,0.00015577125907308893,0.00015577125907308893,0.00015340554866162016
15,337,model1_fixed_q,0.046065557574985476,8.824416643350306e-05,8.824416643350306e-05,7.697345948034346e-05
15,337,model3_dynamic_q,0.05785220930107122,0.00016485753242052184,0.00016485753242052187,0.00015026936446552983
15,338,model1_fixed_q,0.04602826094134514,8.017676975757845e-05,7.879552703148638e-05,8.017676975757845e-05
15,338,model3_dynamic_q,0.05807935492505278,0.00017716685702875488,0.00017716685702875488,0.00015702301315931994
15,339,model1_fixed_q,0.045988900077086586,7.892515484291764e-05,6.989628109026268e-05,7.892515484291764e-05
15,339,model3_dynamic_q,0.05819811743186905,0.00017426172933486514,0.00017426172933486512,0.0001592789115580335
15,340,model1_fixed_q,0.04598013609345376,8.058342128320889e-05,7.86598445430234e-05,8.058342128320889e-05
15,340,model3_dynamic_q,0.058371204904279286,0.00016415122366439177,0.00016415122366439177,0.00015496822421351625
15,341,model1_fixed_q,0.04602066079240884,8.036965135279005e-05,7.631565909676164e-05,8.036965135279005e-05
15,341,model3_dynamic_q,0.05830921711990201,0.00016337684867045416,0.00016337684867045416,0.00015728537110295138
15,342,model1_fixed_q,0.04605583404760131,9.289528762742556e-05,9.289528762742556e-05,8.09742668933357e-05
15,342,model3_dynamic_q,0.05825105909857184,0.00015641003425588787,0.00015008454615660018,0.00015641003425588787
15,343,model1_fixed_q,0.04602233781493598,8.059296356797865e-05,5.9807252953750304e-05,8.059296356797865e-05
15,343,model3_dynamic_q,0.05828231218784714,0.00015417614838995696,0.0001486680809340931,0.00015417614838995696
15,344,model1_fixed_q,0.04607301341676115,7.938288691322955e-05,6.34353340363239e-05,7.938288691322955e-05
15,344,model3_dynamic_q,0.0582335236584872,0.0001573435558281909,0.00014303186199623297,0.0001573435558281909
15,345,model1_fixed_q,0.04593801008798907,8.087743359539435e-05,7.501053597036508e-05,8.087743359539435e-05
15,345,model3_dynamic_q,0.05817769021920102,0.00018945695336213767,0.00018945695336213764,0.00015451901652571798
15,346,model1_fixed_q,0.04596504917502533,8.028982914315523e-05,7.559951766854574e-05,8.028982914315523e-05
15,346,model3_dynamic_q,0.058206200080258674,0.00018014606199559923,0.00018014606199559923,0.000149785000301485
15,347,model1_fixed_q,0.04605182247677742,8.168232527182165e-05,8.168232527182165e-05,8.031993875425055e-05
15,347,model3_dynamic_q,0.05813516281815497,0.00018402580518031648,0.00018402580518031648,0.00015676981157940054
15,348,model1_fixed_q,0.04598029222041948,8.108013166268297e-05,8.108013166268297e-05,7.836247092067021e-05
15,348,model3_dynamic_q,0.058295339768949336,0.00017876253561241218,0.00017876253561241218,0.00016319178808512087
15,349,model1_fixed_q,0.0459972676736826,7.547485378877125e-05,7.317188164678835e-05,7.547485378877125e-05
15,349,model3_dynamic_q,0.058122861651450426,0.0001614719702984734,0.0001565491579282478,0.0001614719702984734
15,350,model1_fixed_q,0.04602314475960662,8.056697865534986e-05,7.442548842114596e-05,8.056697865534986e-05
15,350,model3_dynamic_q,0.058161043319250136,0.00018392239570520652,0.00018392239570520652,0.00016055860583530062
15,351,model1_fixed_q,0.04602794948924564,8.298145630110283e-05,7.565385772216866e-05,8.298145630110283e-05
15,351,model3_dynamic_q,0.05818774772520034,0.00021620529216591795,0.00021620529216591795,0.0001596591824604027
15,352,model1_fixed_q,0.04604096050036185,8.16406424865415e-05,7.935293380594729e-05,8.16406424865415e-05
15,352,model3_dynamic_q,0.058143106857536604,0.00022019252001959918,0.00022019252001959915,0.00016290526378678083
15,353,model1_fixed_q,0.04600822527377257,9.306456113108249e-05,9.306456113108249e-05,8.080457346512618e-05
15,353,model3_dynamic_q,0.05825962021016869,0.0002299612111167565,0.00022996121111675647,0.00016580120189983887
15,354,model1_fixed_q,0.04595001924313054,9.575133508681597e-05,9.575133508681596e-05,8.069989945011311e-05
15,354,model3_dynamic_q,0.058286979912612634,0.0002075487991775912,0.0002075487991775912,0.0001594568651451828
15,355,model1_fixed_q,0.04587883702353993,9.195943657504011e-05,9.195943657504012e-05,8.107913714924223e-05
15,355,model3_dynamic_q,0.058265237539657025,0.0001850737378336588,0.0001850737378336588,0.0001589446919437035
15,356,model1_fixed_q,0.046017146695298404,7.934366202353406e-05,7.278528453419109e-05,7.934366202353406e-05
15,356,model3_dynamic_q,0.05822071213893631,0.00016242269912583948,0.0001624226991258395,0.00016227628735409995
15,357,model1_fixed_q,0.04599073624209515,7.809287382539106e-05,7.180324541101596e-05,7.809287382539106e-05
15,357,model3_dynamic_q,0.05825169865882087,0.00016850081286943672,0.0001685008128694367,0.00016011081422429965
15,358,model1_fixed_q,0.04607663619495254,7.875012036825839e-05,6.261057980506576e-05,7.875012036825839e-05
15,358,model3_dynamic_q,0.058444375466089035,0.0001813789376387849,0.0001813789376387849,0.00016110915557658793
15,359,model1_fixed_q,0.04598620724941941,8.333526443016054e-05,8.333526443016055e-05,8.068758506413324e-05
15,359,model3_dynamic_q,0.05843264832561607,0.00021150592280615776,0.00021150592280615776,0.00016509234165266158
15,360,model1_fixed_q,0.04606682808313145,7.911788742364677e-05,7.710953670656978e-05,7.911788742364677e-05
15,360,model3_dynamic_q,0.05852063503901325,0.00023506171381231617,0.00023506171381231617,0.00017477896392013135
15,361,model1_fixed_q,0.04590641538262296,7.751452388276137e-05,7.01937190965033e-05,7.751452388276137e-05
15,361,model3_dynamic_q,0.05842971520432733,0.00023047337735650108,0.00023047337735650105,0.0001653640719295431
15,362,model1_fixed_q,0.04589525570252126,9.176499441248214e-05,9.176499441248215e-05,7.886802395147984e-05
15,362,model3_dynamic_q,0.05839195875065762,0.00021800223106047093,0.00021800223106047093,0.00016081851363008388
15,363,model1_fixed_q,0.04597607729584254,9.282622632895633e-05,9.282622632895633e-05,7.914546695218527e-05
15,363,model3_dynamic_q,0.0582466278723488,0.00017717598168333855,0.00017717598168333855,0.00016096514546135306
15,364,model1_fixed_q,0.04606341554170474,7.541341267469725e-05,7.358719540913173e-05,7.541341267469725e-05
15,364,model3_dynamic_q,0.058296484685108334,0.00016233389924267158,0.00016233389924267158,0.0001577909849158613
15,365,model1_fixed_q,0.04596266168720996,8.272128157029597e-05,8.070582396337909e-05,8.272128157029597e-05
15,365,model3_dynamic_q,0.05836403578278897,0.00016543862181702038,0.00016280160945480099,0.00016543862181702038
15,366,model1_fixed_q,0.045913281141767924,8.403958710266129e-05,6.94765227958543e-05,8.403958710266129e-05
15,366,model3_dynamic_q,0.05837015585171238,0.00016937940466280822,0.00016167931261088422,0.00016937940466280822
15,367,model1_fixed_q,0.04603131547149284,8.01615327970628e-05,7.325595309525937e-05,8.01615327970628e-05
15,367,model3_dynamic_q,0.058249743258182066,0.00018239735422379314,0.00018239735422379314,0.00016538902332917035
15,368,model1_fixed_q,0.04584480343027844,8.287211477771935e-05,7.189106227176368e-05,8.287211477771935e-05
15,368,model3_dynamic_q,0.0580454478539938,0.0001763845749020386,0.00017638457490203857,0.00016395197979568143
15,369,model1_fixed_q,0.04589213131575631,0.00010672097471359423,0.00010672097471359423,8.125001956427663e-05
15,369,model3_dynamic_q,0.05799605156193968,0.0001836939165479387,0.0001836939165479387,0.00015855844359341983
15,370,model1_fixed_q,0.04598169457423588,8.394254802074313e-05,8.394254802074313e-05,8.106184380394772e-05
15,370,model3_dynamic_q,0.058406935474753195,0.00016374055282521868,0.00016374055282521868,0.0001551280433227635
15,371,model1_fixed_q,0.0458948552380085,8.978878877666119e-05,8.978878877666119e-05,8.066213847636074e-05
15,371,model3_dynamic_q,0.058301254735248935,0.00015960234072494824,0.00015960234072494824,0.00015218663196196497
15,372,model1_fixed_q,0.04595802902159951,7.890039387917138e-05,6.979824939111222e-05,7.890039387917138e-05
15,372,model3_dynamic_q,0.058424938863544607,0.0001627984522614829,0.0001627984522614829,0.00015313130680638518
15,373,model1_fixed_q,0.04588291462441923,8.633151398532308e-05,8.633151398532308e-05,7.8932832625662e-05
15,373,model3_dynamic_q,0.058340613618847396,0.00015563855323775275,0.00013967720956430162,0.00015563855323775275
15,374,model1_fixed_q,0.04601849770792044,8.180922616254953e-05,7.45230956569826e-05,8.180922616254953e-05
15,374,model3_dynamic_q,0.058393701176502756,0.0001794269976291602,0.00017942699762916016,0.00015991837519843942
15,375,model1_fixed_q,0.045951115309010505,7.828046696578024e-05,7.201456437487833e-05,7.828046696578024e-05
15,375,model3_dynamic_q,0.058255886390564456,0.00015691619197815942,0.00014535258211389806,0.00015691619197815942
15,376,model1_fixed_q,0.045986057065228174,8.460525649547036e-05,8.460525649547036e-05,8.026078306154094e-05
15,376,model3_dynamic_q,0.05819964556603731,0.0001549674229883769,0.00013520692464749097,0.0001549674229883769
15,377,model1_fixed_q,0.04610698777774997,8.594996863591693e-05,6.286129859658761e-05,8.594996863591693e-05
15,377,model3_dynamic_q,0.05813477753113394,0.00016959226104541923,0.00016959226104541923,0.00015206332755761506
15,378,model1_fixed_q,0.046070729313399034,8.211907679509729e-05,8.188014484915594e-05,8.211907679509729e-05
15,378,model3_dynamic_q,0.05832348567015466,0.00020430239304180777,0.00020430239304180777,0.00015883366825859369
15,379,model1_fixed_q,0.04595251410386491,8.715419785314675e-05,8.715419785314675e-05,7.942220781846159e-05
15,379,model3_dynamic_q,0.05828407338669226,0.00022100622782750354,0.00022100622782750354,0.0001601086160484167
15,380,model1_fixed_q,0.046089987754042126,0.00010028434723327503,0.00010028434723327501,7.861867376616104e-05
15,380,model3_dynamic_q,0.058128526377266024,0.00019174299282592047,0.00019174299282592047,0.00015898064750834265
15,381,model1_fixed_q,0.04600034511626281,0.00010172551882239289,0.00010172551882239289,7.84596019688112e-05
15,381,model3_dynamic_q,0.058205676696050215,0.00017118060179574862,0.00017118060179574862,0.00016203797210962491
15,382,model1_fixed_q,0.046061729231662255,8.721619568711555e-05,8.721619568711555e-05,8.178950825569099e-05
15,382,model3_dynamic_q,0.05827364102832266,0.00015735227882031987,0.0001497316637411939,0.00015735227882031987
15,383,model1_fixed_q,0.046165932169173356,7.891137139863513e-05,6.948668872561387e-05,7.891137139863513e-05
15,383,model3_dynamic_q,0.0582592965850414,0.00017421322234219107,0.00017421322234219107,0.00015782368506660476
15,384,model1_fixed_q,0.04610211844250837,8.497039294081352e-05,8.497039294081352e-05,7.664412144071125e-05
15,384,model3_dynamic_q,0.05832941100239339,0.0001864691834670319,0.0001864691834670319,0.00015909099077524716
15,385,model1_fixed_q,0.0460320737058447,8.99346908882429e-05,8.99346908882429e-05,8.034985468672721e-05
15,385,model3_dynamic_q,0.05825871408816098,0.00016632690342557998,0.00016632690342557998,0.00016088634713536427
15,386,model1_fixed_q,0.04607690754140451,0.00010235214563113128,0.00010235214563113128,8.188282969440953e-05
15,386,model3_dynamic_q,0.05834075863673522,0.00019345417739626808,0.00019345417739626808,0.00016252657565870408
15,387,model1_fixed_q,0.046148330012327834,8.232337215134219e-05,8.026094954963808e-05,8.232337215134219e-05
15,387,model3_dynamic_q,0.05821565858802509,0.00020611514145577902,0.000206115141455779,0.00016675864219549194
15,388,model1_fixed_q,0.04607579150847969,8.351320219778634e-05,7.335152943949686e-05,8.351320219778634e-05
15,388,model3_dynamic_q,0.05799173736707964,0.0001855987890437496,0.0001855987890437496,0.00016842628405310556
15,389,model1_fixed_q,0.04606954924864922,8.231636176942056e-05,6.964269412462984e-05,8.231636176942056e-05
15,389,model3_dynamic_q,0.057843743712126305,0.00022016161856776813,0.00022016161856776813,0.00016467498456609203
15,390,model1_fixed_q,0.045962696627049555,7.951057045221162e-05,5.953088472458278e-05,7.951057045221162e-05
15,390,model3_dynamic_q,0.05814441856713793,0.0002020963895610888,0.0002020963895610888,0.00015949094797342971
15,391,model1_fixed_q,0.045990348623491356,9.256647843767898e-05,9.256647843767898e-05,8.050210629971944e-05
15,391,model3_dynamic_q,0.05798624697908782,0.00018300287653056824,0.00018300287653056824,0.00016345095635015785
15,392,model1_fixed_q,0.04604539641033785,8.23257423777809e-05,8.23257423777809e-05,7.918670667425473e-05
15,392,model3_dynamic_q,0.058104902428551146,0.00019243844408005866,0.00019243844408005863,0.00016380325022374747
15,393,model1_fixed_q,0.046084165092998106,8.137142541422893e-05,7.401982315037215e-05,8.137142541422893e-05
15,393,model3_dynamic_q,0.05810635410498398,0.00016123169050406754,0.00014896709786703602,0.00016123169050406754
15,394,model1_fixed_q,0.04612268479797841,7.980715997187707e-05,7.155505715651646e-05,7.980715997187707e-05
15,394,model3_dynamic_q,0.058137386683361346,0.00017401469019083017,0.0001740146901908302,0.00016119766621869503
15,395,model1_fixed_q,0.04601037957189873,7.83195872161212e-05,6.793845654693382e-05,7.83195872161212e-05
15,395,model3_dynamic_q,0.057912921768909074,0.00016135954484227907,0.00015103899789771047,0.00016135954484227907
15,396,model1_fixed_q,0.04604045862853529,8.307619055971901e-05,8.307619055971901e-05,7.924975227927147e-05
15,396,model3_dynamic_q,0.05803650605904909,0.00017053445184433085,0.00017053445184433085,0.0001487053559656949
15,397,model1_fixed_q,0.04592687562289693,8.277306578066115e-05,6.892797446210474e-05,8.277306578066115e-05
15,397,model3_dynamic_q,0.058081209121801286,0.00015655081110228742,0.00014855203334378933,0.00015655081110228742
15,398,model1_fixed_q,0.04597605350692455,7.896968251256884e-05,7.896968251256884e-05,7.87846090198191e-05
15,398,model3_dynamic_q,0.05801444795895425,0.00016225897310193283,0.0001461835047073331,0.00016225897310193283
15,399,model1_fixed_q,0.04601165482555716,7.923774930158122e-05,6.72498518599501e-05,7.923774930158122e-05
15,399,model3_dynamic_q,0.05785356964339778,0.00016854019013998786,0.00016854019013998786,0.00016407553412696097
15,400,model1_fixed_q,0.0460468639478072,7.95136482877208e-05,7.622498857743445e-05,7.95136482877208e-05
15,400,model3_dynamic_q,0.05789094212976224,0.00016543670263715775,0.00016543670263715775,0.00015753138799216797
15,401,model1_fixed_q,0.04599686194422301,8.22632007982218e-05,6.971087807632183e-05,8.22632007982218e-05
15,401,model3_dynamic_q,0.057930339127985286,0.0001751800921877499,0.0001751800921877499,0.00015334015218935928
15,402,model1_fixed_q,0.04603273752363339,7.857830161527179e-05,7.477970054663726e-05,7.857830161527179e-05
15,402,model3_dynamic_q,0.058085974292521166,0.00016722744063918675,0.00016722744063918675,0.00015343820632980666
15,403,model1_fixed_q,0.04596465970127025,7.914616063477637e-05,6.65959539178122e-05,7.914616063477637e-05
15,403,model3_dynamic_q,0.05822316605045617,0.00020346894569138685,0.00020346894569138682,0.00015633213291313123
15,404,model1_fixed_q,0.04591570235770913,7.901724288124267e-05,5.097957413348015e-05,7.901724288124267e-05
15,404,model3_dynamic_q,0.058289102502775664,0.00020340526215157398,0.00020340526215157398,0.0001619247588666226
15,405,model1_fixed_q,0.045961657857704945,8.067011616761252e-05,6.644815013795522e-05,8.067011616761252e-05
15,405,model3_dynamic_q,0.058409300568630716,0.00020496806312128436,0.00020496806312128436,0.00016250826532396273
15,406,model1_fixed_q,0.04601856768410711,9.01748109651011e-05,9.01748109651011e-05,8.059376529477477e-05
15,406,model3_dynamic_q,0.05839172538942471,0.00020335068426499353,0.00020335068426499353,0.00016087746813493994
15,407,model1_fixed_q,0.0459086413393385,8.125798941781405e-05,7.346165456020613e-05,8.125798941781405e-05
15,407,model3_dynamic_q,0.058340861871701066,0.00019296539146190892,0.0001929653914619089,0.00015916698516082827
15,408,model1_fixed_q,0.045850301086911786,7.962485007454934e-05,7.023363867440392e-05,7.962485007454934e-05
15,408,model3_dynamic_q,0.05822343755215082,0.00020547618360082718,0.00020547618360082718,0.00016036232016850571
15,409,model1_fixed_q,0.04593733827200863,7.963376462880694e-05,6.789721499114985e-05,7.963376462880694e-05
15,409,model3_dynamic_q,0.058180674295068034,0.00018446058393315035,0.00018446058393315037,0.00015809298794710862
15,410,model1_fixed_q,0.04589350522525139,8.294685003021294e-05,8.294685003021293e-05,8.081748806670657e-05
15,410,model3_dynamic_q,0.058116785746911225,0.0001586699617130127,0.0001518802197437071,0.0001586699617130127
15,411,model1_fixed_q,0.046012651401618275,7.849509140984753e-05,6.774256654081233e-05,7.849509140984753e-05
15,411,model3_dynamic_q,0.05829699201508912,0.0001785321714212642,0.0001785321714212642,0.00016512623015436597
15,412,model1_fixed_q,0.04590636666793682,8.614614191011843e-05,8.614614191011843e-05,8.023601928007306e-05
15,412,model3_dynamic_q,0.05841012731012295,0.0001881865953788132,0.0001881865953788132,0.0001683304863717009
15,413,model1_fixed_q,0.04598956454332275,7.797136477765862e-05,7.785478155181074e-05,7.797136477765862e-05
15,413,model3_dynamic_q,0.05849662431601336,0.00016215491544570708,0.00015708022861542204,0.00016215491544570708
15,414,model1_fixed_q,0.04599694402973493,9.714695561245036e-05,9.714695561245036e-05,7.918135146064023e-05
15,414,model3_dynamic_q,0.05841910495411187,0.00019131695844805486,0.00019131695844805486,0.0001624819469127629
15,415,model1_fixed_q,0.04593589932092836,9.169059236785718e-05,9.169059236785718e-05,7.924357670241546e-05
15,415,model3_dynamic_q,0.058221067962323375,0.00017949756431638567,0.00017949756431638567,0.0001648173923432539
15,416,model1_fixed_q,0.04593420148939,7.888110833785967e-05,7.451944259293411e-05,7.888110833785967e-05
15,416,model3_dynamic_q,0.058181659714325734,0.00018236034170420105,0.00018236034170420105,0.00015874362518878714
15,417,model1_fixed_q,0.04602087376431488,7.927429221376637e-05,7.927429221376637e-05,7.732005703886782e-05
15,417,model3_dynamic_q,0.058124924847229524,0.0001963350633543338,0.0001963350633543338,0.00015995486774401536
15,418,model1_fixed_q,0.046134137174740464,8.335999369282751e-05,7.804887816490517e-05,8.335999369282751e-05
15,418,model3_dynamic_q,0.05845489792314776,0.0001959058792463451,0.0001959058792463451,0.00016362377331929402
15,419,model1_fixed_q,0.046125540067367736,7.559166821119145e-05,7.337253966347581e-05,7.559166821119145e-05
15,419,model3_dynamic_q,0.05842444931888472,0.00020145541510684017,0.00020145541510684017,0.0001642448090065556
15,420,model1_fixed_q,0.045911143056019864,7.816920145551911e-05,5.639035091095919e-05,7.816920145551911e-05
15,420,model3_dynamic_q,0.05855891235632057,0.0001869121730713679,0.00018691217307136794,0.00016240021044112472
15,421,model1_fixed_q,0.04600407381141564,8.135813014653549e-05,6.642686792137144e-05,8.135813014653549e-05
15,421,model3_dynamic_q,0.05838480560106549,0.0001895452115036538,0.0001895452115036538,0.00016415067411101178
15,422,model1_fixed_q,0.04596805364792197,8.134030004512265e-05,6.779153749908132e-05,8.134030004512265e-05
15,422,model3_dynamic_q,0.058334561538154424,0.00016501055983502707,0.0001642482322989052,0.00016501055983502707
15,423,model1_fixed_q,0.04599505110698556,8.551492936944403e-05,7.549724937704827e-05,8.551492936944403e-05
15,423,model3_dynamic_q,0.05831653112396188,0.00016414732836667306,0.00013976236354597447,0.00016414732836667306
15,424,model1_fixed_q,0.04595763851305095,8.438692602619986e-05,7.717607288116048e-05,8.438692602619986e-05
15,424,model3_dynamic_q,0.05857383918194115,0.00017231417102608375,0.00017231417102608375,0.0001606499607623663
15,425,model1_fixed_q,0.04603419284692821,7.867933938393949e-05,7.500498101971016e-05,7.867933938393949e-05
15,425,model3_dynamic_q,0.0586910445899271,0.0001737008467438831,0.0001737008467438831,0.00016043975331208197
15,426,model1_fixed_q,0.04605287366423249,8.355680723733142e-05,8.355680723733142e-05,7.859938764396583e-05
15,426,model3_dynamic_q,0.05859095260414192,0.00017476147811229254,0.00017476147811229254,0.000162540882334886
15,427,model1_fixed_q,0.0460368455029702,7.60046153086841e-05,6.294056985945329e-05,7.60046153086841e-05
15,427,model3_dynamic_q,0.05848074359563474,0.00019311550851120216,0.00019311550851120214,0.00016307131170374426
15,428,model1_fixed_q,0.04607980924124562,7.754969207486126e-05,7.390716832462354e-05,7.754969207486126e-05
15,428,model3_dynamic_q,0.058458634809676294,0.00021162681958004486,0.00021162681958004489,0.00016607020993719118
15,429,model1_fixed_q,0.0460085807586191,7.923933864827857e-05,6.931941518772665e-05,7.923933864827857e-05
15,429,model3_dynamic_q,0.05831665365282815,0.00019330428085555883,0.00019330428085555883,0.00016151726656080201
15,430,model1_fixed_q,0.04598340095746909,7.938911277588842e-05,6.326663705133017e-05,7.938911277588842e-05
15,430,model3_dynamic_q,0.05832692956343918,0.00017598048791193384,0.00017598048791193382,0.00016565596083013167
15,431,model1_fixed_q,0.04596069916669806,8.102323538334483e-05,8.102323538334483e-05,7.772254083224975e-05
15,431,model3_dynamic_q,0.0583328323260913,0.00018750234114362977,0.00018750234114362974,0.00016162946125665512
15,432,model1_fixed_q,0.046084472917390665,7.991636581621815e-05,7.817073732786024e-05,7.991636581621815e-05
15,432,model3_dynamic_q,0.05831954642839108,0.00020537904267905292,0.00020537904267905292,0.0001650698008299553
15,433,model1_fixed_q,0.04601531493683789,8.188530550416296e-05,7.289320810209195e-05,8.188530550416296e-05
15,433,model3_dynamic_q,0.05814992325821015,0.00018010944738120496,0.00018010944738120494,0.00016099154230026324
15,434,model1_fixed_q,0.04592223608187591,8.519054873075168e-05,7.717406484066775e-05,8.519054873075168e-05
15,434,model3_dynamic_q,0.05837457613218913,0.00017895241137693882,0.00017895241137693882,0.00016582130868693314
15,435,model1_fixed_q,0.04593561454247618,8.299825646402392e-05,7.522473600377146e-05,8.299825646402392e-05
15,435,model3_dynamic_q,0.05836763986248335,0.00018211756197191733,0.00018211756197191733,0.0001670780505148134
15,436,model1_fixed_q,0.046107753588635475,8.402899400977171e-05,8.402899400977171e-05,8.206078390553009e-05
15,436,model3_dynamic_q,0.05839135090271096,0.00016294031167796245,0.00015044170041354904,0.00016294031167796245
15,437,model1_fixed_q,0.045990159007117636,7.7641356472669e-05,7.168647915685885e-05,7.7641356472669e-05
15,437,model3_dynamic_q,0.05834706679452998,0.00016752059431362237,0.00016752059431362237,0.00015034232363282372
15,438,model1_fixed_q,0.04597352798951579,8.268589920326691e-05,7.602803441618762e-05,8.268589920326691e-05
15,438,model3_dynamic_q,0.058212243697726734,0.00018657259949762814,0.00018657259949762814,0.0001540283237503797
15,439,model1_fixed_q,0.045957282052533875,9.42418229020024e-05,9.42418229020024e-05,7.743861692166637e-05
15,439,model3_dynamic_q,0.058355479350782336,0.0001918886462101089,0.0001918886462101089,0.0001570381949380163
15,440,model1_fixed_q,0.046050838035870005,9.95276277401488e-05,9.95276277401488e-05,7.814476773542111e-05
15,440,model3_dynamic_q,0.05828112868861621,0.00019603021046970886,0.0001960302104697089,0.00015768418224316005
15,441,model1_fixed_q,0.04591632911228271,0.00010479909613630538,0.00010479909613630539,7.791412225581365e-05
15,441,model3_dynamic_q,0.05809553130042588,0.00021160721300881262,0.00021160721300881262,0.0001628054774812756
15,442,model1_fixed_q,0.046056188273630345,9.479515878638328e-05,9.479515878638328e-05,7.925836144557801e-05
15,442,model3_dynamic_q,0.05805440592587109,0.00017767689274184872,0.00017767689274184872,0.0001631260961972613
15,443,model1_fixed_q,0.04608364906677254,8.581459995255687e-05,8.581459995255689e-05,7.828930316110974e-05
15,443,model3_dynamic_q,0.057992163318210804,0.0001916587405786405,0.0001916587405786405,0.00016252333638788099
15,444,model1_fixed_q,0.04607808415590367,7.978111821951472e-05,7.139257755158332e-05,7.978111821951472e-05
15,444,model3_dynamic_q,0.058045831841298405,0.00019790905211324242,0.00019790905211324245,0.00016020214401481133
15,445,model1_fixed_q,0.046115847745158776,9.089311647035976e-05,9.089311647035976e-05,8.011852011087766e-05
15,445,model3_dynamic_q,0.05814594858082203,0.00017022979435557038,0.00017022979435557038,0.00016701952589964802
15,446,model1_fixed_q,0.046030083846827045,7.978079755303682e-05,7.78391347057455e-05,7.978079755303682e-05
15,446,model3_dynamic_q,0.05808983011490214,0.00016223130456127327,0.000153497792198007,0.00016223130456127327
15,447,model1_fixed_q,0.04600172313037694,7.89375118199156e-05,7.687713667758726e-05,7.89375118199156e-05
15,447,model3_dynamic_q,0.057879116766984894,0.00017335283166055492,0.00017335283166055492,0.00016238203050784726
15,448,model1_fixed_q,0.04590890718977146,8.02350855580635e-05,5.680064312498269e-05,8.02350855580635e-05
15,448,model3_dynamic_q,0.05785733477054848,0.00016577560561164666,0.00016577560561164666,0.0001580081009846914
15,449,model1_fixed_q,0.046029426628205625,7.930613644334244e-05,7.265794014037778e-05,7.930613644334244e-05
15,449,model3_dynamic_q,0.05798475960206669,0.00017256425139771926,0.00017256425139771926,0.0001669419056801121
15,450,model1_fixed_q,0.04597852214192572,8.050378140181151e-05,7.187661477766689e-05,8.050378140181151e-05
15,450,model3_dynamic_q,0.058041744480664945,0.0001625064004801588,0.0001614219382449959,0.0001625064004801588
15,451,model1_fixed_q,0.0460011914358722,8.145443297306961e-05,7.409132021687864e-05,8.145443297306961e-05
15,451,model3_dynamic_q,0.05804206967652483,0.00016241567660681366,0.000139017834112484,0.00016241567660681366
15,452,model1_fixed_q,0.04599972919541132,7.926131227142787e-05,7.926131227142787e-05,7.86817311250772e-05
15,452,model3_dynamic_q,0.05803743171125657,0.00016065090608185552,0.0001420169220776425,0.00016065090608185552
15,453,model1_fixed_q,0.04604087603301131,8.623781445061278e-05,8.623781445061277e-05,7.97860407061658e-05
15,453,model3_dynamic_q,0.05813468194903015,0.00015608442504348174,0.00015608442504348174,0.00015253559683710603
15,454,model1_fixed_q,0.04611191076794344,8.231952261919256e-05,6.700883448746404e-05,8.231952261919256e-05
15,454,model3_dynamic_q,0.05800617618761121,0.00014930373336695618,0.000137295991222024,0.00014930373336695618
15,455,model1_fixed_q,0.046064177947165205,8.272093498173552e-05,7.660988993936482e-05,8.272093498173552e-05
15,455,model3_dynamic_q,0.05797777861337281,0.00015201154928583073,0.00015201154928583073,0.0001506968446334338
15,456,model1_fixed_q,0.045982189084336995,8.533070382400351e-05,8.53307038240035e-05,8.023670096086225e-05
15,456,model3_dynamic_q,0.05789134684726383,0.00017403277787553728,0.00017403277787553728,0.00015581133217206904
15,457,model1_fixed_q,0.04603515347189701,9.276739908560898e-05,9.276739908560898e-05,8.2489736405814e-05
15,457,model3_dynamic_q,0.05806795786917097,0.00015732866477090237,0.00015732866477090237,0.00015513208206191628
15,458,model1_fixed_q,0.04600539995413223,7.97635091815967e-05,6.575535090481692e-05,7.97635091815967e-05
15,458,model3_dynamic_q,0.05802251904558724,0.00015503828498423798,0.00015495353531769094,0.00015503828498423798
15,459,model1_fixed_q,0.04607182360566482,8.367321876023482e-05,8.36732187602348e-05,8.188863533486675e-05
15,459,model3_dynamic_q,0.05809327351963958,0.00015733313569764602,0.00013945765281293658,0.00015733313569764602
15,460,model1_fixed_q,0.046153911785661195,9.287673038882784e-05,9.287673038882784e-05,7.767137987983695e-05
15,460,model3_dynamic_q,0.057982486004658794,0.00014705532139241333,0.00014657677184939485,0.00014705532139241333
15,461,model1_fixed_q,0.04602880902775274,8.163536016980936e-05,7.920258579429292e-05,8.163536016980936e-05
15,461,model3_dynamic_q,0.05804624972806992,0.0001688623707700372,0.00016886237077003721,0.00015093845169274303
15,462,model1_fixed_q,0.04604246496573485,8.356831357936355e-05,7.10414899720372e-05,8.356831357936355e-05
15,462,model3_dynamic_q,0.05803185580237279,0.00019402303139017744,0.00019402303139017744,0.00015093959889590276
15,463,model1_fixed_q,0.0460283826698453,7.95373748757263e-05,7.781865991021273e-05,7.95373748757263e-05
15,463,model3_dynamic_q,0.057935501952969565,0.00016544475849144684,0.00016544475849144687,0.0001573895964022874
15,464,model1_fixed_q,0.045940809786046075,8.534686701650731e-05,8.53468670165073e-05,7.858992032393166e-05
15,464,model3_dynamic_q,0.05807139621559131,0.0001795768345965399,0.0001795768345965399,0.00015076447585352096
15,465,model1_fixed_q,0.045859606422768644,9.213720854509844e-05,9.213720854509844e-05,8.246207134077972e-05
15,465,model3_dynamic_q,0.058041124725735124,0.0001655756580665796,0.00016557565806657964,0.00015706522140997351
15,466,model1_fixed_q,0.045881653557691984,8.186861333808642e-05,7.024783492410232e-05,8.186861333808642e-05
15,466,model3_dynamic_q,0.057877426578993876,0.00015462307637679752,0.00014157191022268732,0.00015462307637679752
15,467,model1_fixed_q,0.04595812799253407,8.206686829783269e-05,7.795479887320396e-05,8.206686829783269e-05
15,467,model3_dynamic_q,0.0579949012892461,0.00015071730861862642,0.00014544789192206262,0.00015071730861862642
15,468,model1_fixed_q,0.045952998435863646,8.277650001842086e-05,6.234313271522434e-05,8.277650001842086e-05
15,468,model3_dynamic_q,0.05815054722763055,0.00015862723568326346,0.00015862723568326348,0.00014780816453517095
15,469,model1_fixed_q,0.04592359479801997,8.250276314325272e-05,7.687223760204113e-05,8.250276314325272e-05
15,469,model3_dynamic_q,0.05824638474598682,0.00015047767017900055,0.0001485868403168236,0.00015047767017900055
15,470,model1_fixed_q,0.04610526896810429,8.42714730600086e-05,7.153682282345228e-05,8.42714730600086e-05
15,470,model3_dynamic_q,0.058121197321210856,0.00015660663544252507,0.0001242933007027972,0.00015660663544252507
15,471,model1_fixed_q,0.046106298445320756,8.46368523523334e-05,6.681763274283142e-05,8.46368523523334e-05
15,471,model3_dynamic_q,0.058199275290740954,0.00015910157565372313,0.00013314408599435907,0.00015910157565372313
15,472,model1_fixed_q,0.04607023000856932,8.929146076504563e-05,8.929146076504563e-05,8.226624516773373e-05
15,472,model3_dynamic_q,0.05782892598953242,0.00015928163357662562,0.00015928163357662562,0.00015516539733622398
15,473,model1_fixed_q,0.046041343164944876,8.14098095117001e-05,6.630975250714811e-05,8.14098095117001e-05
15,473,model3_dynamic_q,0.058058047466000545,0.00015626346877081705,0.00014339096103583654,0.00015626346877081705
15,474,model1_fixed_q,0.046005156939133644,8.311279824423796e-05,7.808467259815737e-05,8.311279824423796e-05
15,474,model3_dynamic_q,0.05814606523914713,0.00017291099512088565,0.00017291099512088565,0.0001574900917577434
15,475,model1_fixed_q,0.04610974067917239,8.279463789060578e-05,7.785598994609964e-05,8.279463789060578e-05
15,475,model3_dynamic_q,0.05839338928575525,0.0001818834102818131,0.0001818834102818131,0.000161771310622627
15,476,model1_fixed_q,0.04612199668132404,8.878218318670271e-05,8.878218318670271e-05,8.022365141245702e-05
15,476,model3_dynamic_q,0.05835982172666567,0.00016555795879332505,0.00016555795879332505,0.00016506229987432174
15,477,model1_fixed_q,0.04611615871826734,8.197907222509274e-05,7.118850375181231e-05,8.197907222509274e-05
15,477,model3_dynamic_q,0.058323894652517645,0.00016806063969606707,0.0001680606396960671,0.0001621769454788395
15,478,model1_fixed_q,0.04614007302239876,8.218582633011326e-05,7.587885526425286e-05,8.218582633011326e-05
15,478,model3_dynamic_q,0.05826545179968048,0.00015549883604543916,0.00014752472957927891,0.00015549883604543916
15,479,model1_fixed_q,0.04618864889662729,7.99137553567136e-05,6.368149096092766e-05,7.99137553567136e-05
15,479,model3_dynamic_q,0.05815613703830685,0.0001611570170128322,0.00015417905876062452,0.0001611570170128322
15,480,model1_fixed_q,0.046171571335225134,8.1942752534819e-05,7.90938408278784e-05,8.1942752534819e-05
15,480,model3_dynamic_q,0.058213845594673526,0.00016416737237454247,0.0001576431136217247,0.00016416737237454247
15,481,model1_fixed_q,0.04621845859381499,8.57687278907147e-05,8.57687278907147e-05,8.107895895470786e-05
15,481,model3_dynamic_q,0.05835434705293506,0.00016680670218682285,0.00016153967692505774,0.00016680670218682285
15,482,model1_fixed_q,0.04617325975180841,9.334348564538941e-05,9.334348564538941e-05,8.324416049174852e-05
15,482,model3_dynamic_q,0.05836508211430517,0.00016349927843020394,0.00016349927843020394,0.0001613222020701537
15,483,model1_fixed_q,0.0461130905937184,8.467397694235302e-05,6.923679773931421e-05,8.467397694235302e-05
15,483,model3_dynamic_q,0.05823711141929513,0.0001717560839814608,0.00017175608398146077,0.00016595567217017926
15,484,model1_fixed_q,0.0459642987206509,8.377871478854907e-05,7.059894849480096e-05,8.377871478854907e-05
15,484,model3_dynamic_q,0.05825948027557871,0.0001666514072424151,0.00015690348774267384,0.0001666514072424151
15,485,model1_fixed_q,0.04612588888519972,9.404196842222927e-05,9.404196842222927e-05,8.178883828731602e-05
15,485,model3_dynamic_q,0.058277978138902994,0.00018009020997605932,0.00018009020997605932,0.00015818362851730098
15,486,model1_fixed_q,0.04610450347888159,8.201494849671492e-05,8.201494849671492e-05,8.020084026788499e-05
15,486,model3_dynamic_q,0.058256216498948445,0.00019222793952549676,0.00019222793952549676,0.00016127094503797957
15,487,model1_fixed_q,0.046063026184065846,8.805349207147526e-05,8.805349207147527e-05,8.00207987570672e-05
15,487,model3_dynamic_q,0.058250943728516816,0.00018104042337229421,0.0001810404233722942,0.00015436205390899626
15,488,model1_fixed_q,0.04603624106381479,8.037621070055405e-05,7.417872630308509e-05,8.037621070055405e-05
15,488,model3_dynamic_q,0.05821612463028334,0.00016984278333964528,0.00016984278333964526,0.00016055437435278703
15,489,model1_fixed_q,0.04602991904365694,7.661195741128937e-05,6.350544291892824e-05,7.661195741128937e-05
15,489,model3_dynamic_q,0.0582486560965565,0.00016074760252617095,0.00015292956137312214,0.00016074760252617095
15,490,model1_fixed_q,0.04613442536874458,7.955064250883696e-05,7.844211693341857e-05,7.955064250883696e-05
15,490,model3_dynamic_q,0.05833415284419781,0.00018863723039992268,0.00018863723039992268,0.00016234014577299867
15,491,model1_fixed_q,0.04615073783550574,8.144907102368968e-05,7.739203747268145e-05,8.144907102368968e-05
15,491,model3_dynamic_q,0.05832638399842841,0.0002219774695453154,0.0002219774695453154,0.00015571045883991331
15,492,model1_fixed_q,0.046045437664439366,8.473941471689744e-05,8.473941471689744e-05,7.863273518239681e-05
15,492,model3_dynamic_q,0.058357502775725,0.00020683308027995593,0.0002068330802799559,0.0001561372049147113
15,493,model1_fixed_q,0.045946853564294024,7.985737362214389e-05,6.194895041023785e-05,7.985737362214389e-05
15,493,model3_dynamic_q,0.05828283929889122,0.00021118741557209466,0.00021118741557209466,0.00015563823780464792
15,494,model1_fixed_q,0.046045281097975115,8.204043479821735e-05,6.751571335238487e-05,8.204043479821735e-05
15,494,model3_dynamic_q,0.058421899882418776,0.00019392450723095615,0.00019392450723095618,0.00015981023004398397
15,495,model1_fixed_q,0.04610373752775438,7.994581776768063e-05,7.372118522961751e-05,7.994581776768063e-05
15,495,model3_dynamic_q,0.05824686477765909,0.00017559411335733217,0.00017559411335733217,0.00015926482374379372
15,496,model1_fixed_q,0.04603718300285558,8.969788187578096e-05,8.969788187578096e-05,7.992485119298273e-05
15,496,model3_dynamic_q,0.057854386820275897,0.00020488841303562458,0.00020488841303562458,0.0001571314844920577
15,497,model1_fixed_q,0.04604890587553841,8.620692846107351e-05,8.620692846107351e-05,7.83438480732112e-05
15,497,model3_dynamic_q,0.057877467671863664,0.0002112975407563427,0.00021129754075634272,0.00015800776403575442
15,498,model1_fixed_q,0.04609296734738946,8.151405747318788e-05,6.885431234473081e-05,8.151405747318788e-05
15,498,model3_dynamic_q,0.05796868943820092,0.00019819669662844223,0.00019819669662844223,0.00016495678390594643
15,499,model1_fixed_q,0.04614461288412617,8.16928813222657e-05,7.246407923761667e-05,8.16928813222657e-05
15,499,model3_dynamic_q,0.05796975123513024,0.00021587074616154087,0.00021587074616154084,0.00016022440325579924
15,500,model1_fixed_q,0.046151512676171916,8.32059210367521e-05,7.157374531455412e-05,8.32059210367521e-05
15,500,model3_dynamic_q,0.05804738680974242,0.00021166141997752715,0.00021166141997752715,0.00015794538638592206
