k,p,t,variance_mean,variance_sem
6,0.0,0,0.0749222932053782,0.0
6,0.0,1,0.046408122347013546,0.0
6,0.0,2,0.04199686024407365,0.0
6,0.0,3,0.04368140439620766,0.0
6,0.0,4,0.03230883170778079,0.0
6,0.0,5,0.035911900021721906,0.0
6,0.0,6,0.035718262698138964,0.0
6,0.0,7,0.031040102430982416,0.0
6,0.0,8,0.029781074403893788,0.0
6,0.0,9,0.030289172434780808,0.0
6,0.0,10,0.0334684520896142,0.0
6,0.0,11,0.03135780699486172,0.0
6,0.0,12,0.040087958385678475,0.0
6,0.0,13,0.029920139531512575,0.0
6,0.0,14,0.027260269926856383,0.0
6,0.0,15,0.026449843707047883,0.0
6,0.0,16,0.028076094674267225,0.0
6,0.0,17,0.028808102850337212,0.0
6,0.0,18,0.030926312281891893,0.0
6,0.0,19,0.035142688156271175,0.0
6,0.0,20,0.028162599483299175,0.0
6,0.0,21,0.02592397359409969,0.0
6,0.0,22,0.024922890913154635,0.0
6,0.0,23,0.027994600225165908,0.0
6,0.0,24,0.022586066503889012,0.0
6,0.0,25,0.02309436274344417,0.0
6,0.0,26,0.028144130777337743,0.0
6,0.0,27,0.02293923547944673,0.0
6,0.0,28,0.026095094968346957,0.0
6,0.0,29,0.02198965340958332,0.0
6,0.0,30,0.030096852002414673,0.0
6,0.0,31,0.028501836750922625,0.0
6,0.0,32,0.036559420440245335,0.0
6,0.0,33,0.030071755526608644,0.0
6,0.0,34,0.032504589180227354,0.0
6,0.0,35,0.034629801576795495,0.0
6,0.0,36,0.033614634958016955,0.0
6,0.0,37,0.034360802210112146,0.0
6,0.0,38,0.03750237390167368,0.0
6,0.0,39,0.04664414472673701,0.0
6,0.0,40,0.03487239583952981,0.0
6,0.0,41,0.027777579110695994,0.0
6,0.0,42,0.03626107293222112,0.0
6,0.0,43,0.03923418618190353,0.0
6,0.0,44,0.04066364463502004,0.0
6,0.0,45,0.03511389866165067,0.0
6,0.0,46,0.03429074782175865,0.0
6,0.0,47,0.03344748233456516,0.0
6,0.0,48,0.032931086085374844,0.0
6,0.0,49,0.03381442262459791,0.0
6,0.0,50,0.0282981806507491,0.0
6,0.0,51,0.026799104699765996,0.0
6,0.0,52,0.03301125387758318,0.0
6,0.0,53,0.029543804916263086,0.0
6,0.0,54,0.028846118857849174,0.0
6,0.0,55,0.030210307406867934,0.0
6,0.0,56,0.02753805684169327,0.0
6,0.0,57,0.028020930495216426,0.0
6,0.0,58,0.026799872880797375,0.0
6,0.0,59,0.02506559219527346,0.0
6,0.0,60,0.026444467115683247,0.0
6,0.0,61,0.02432434118270626,0.0
6,0.0,62,0.02359382572593565,0.0
6,0.0,63,0.03244713606306122,0.0
6,0.0,64,0.031244467285124887,0.0
6,0.0,65,0.02148368410687037,0.0
6,0.0,66,0.022437085710778817,0.0
6,0.0,67,0.021984553951907824,0.0
6,0.0,68,0.02615421565627697,0.0
6,0.0,69,0.032596742722934335,0.0
6,0.0,70,0.021568512103022686,0.0
6,0.0,71,0.030518443589756458,0.0
6,0.0,72,0.030261888010462416,0.0
6,0.0,73,0.02919481014651221,0.0
6,0.0,74,0.03351516943707074,0.0
6,0.0,75,0.031435079731100164,0.0
6,0.0,76,0.030331279532395984,0.0
6,0.0,77,0.027188029309022897,0.0
6,0.0,78,0.02720032342169923,0.0
6,0.0,79,0.03155079850324449,0.0
6,0.0,80,0.02872351171765035,0.0
6,0.0,81,0.030968127961332585,0.0
6,0.0,82,0.030824123603576847,0.0
6,0.0,83,0.028405926135870854,0.0
6,0.0,84,0.030645724682410072,0.0
6,0.0,85,0.034963844418234406,0.0
6,0.0,86,0.03463864694636042,0.0
6,0.0,87,0.03130339638680496,0.0
6,0.0,88,0.04006743865706368,0.0
6,0.0,89,0.04649583761347428,0.0
6,0.0,90,0.04904757420460281,0.0
6,0.0,91,0.04994236264067725,0.0
6,0.0,92,0.054345255434724474,0.0
6,0.0,93,0.04737212641943693,0.0
6,0.0,94,0.05034975966948276,0.0
6,0.0,95,0.04622804242057937,0.0
6,0.0,96,0.048685023360733146,0.0
6,0.0,97,0.047908194225828066,0.0
6,0.0,98,0.04616526753090252,0.0
6,0.0,99,0.04321046745967519,0.0
6,0.0,100,0.04086337529604403,0.0
6,0.0,101,0.04807781477863598,0.0
6,0.0,102,0.04705772752511987,0.0
6,0.0,103,0.050102954528932674,0.0
6,0.0,104,0.05184262718815726,0.0
6,0.0,105,0.04921133894470955,0.0
6,0.0,106,0.04246852102958967,0.0
6,0.0,107,0.04672500871242392,0.0
6,0.0,108,0.049635044884227056,0.0
6,0.0,109,0.046962455651024804,0.0
6,0.0,110,0.044982051811333176,0.0
6,0.0,111,0.05440099757948011,0.0
6,0.0,112,0.04986511111550665,0.0
6,0.0,113,0.04640671545544969,0.0
6,0.0,114,0.05164862940297245,0.0
6,0.0,115,0.05723945703162206,0.0
6,0.0,116,0.06211262982543436,0.0
6,0.0,117,0.06916276644484945,0.0
6,0.0,118,0.06746906315790402,0.0
6,0.0,119,0.06939354483669992,0.0
6,0.0,120,0.06999284069555985,0.0
6,0.0,121,0.058445559822536894,0.0
6,0.0,122,0.06685021128098988,0.0
6,0.0,123,0.06466878990647075,0.0
6,0.0,124,0.06658511032773765,0.0
6,0.0,125,0.06280297643995851,0.0
6,0.0,126,0.05133790823094103,0.0
6,0.0,127,0.04688252823205954,0.0
6,0.0,128,0.04851696519427921,0.0
6,0.0,129,0.04874042132967786,0.0
6,0.0,130,0.04273266267370115,0.0
6,0.0,131,0.04201420365652129,0.0
6,0.0,132,0.04223390772342838,0.0
6,0.0,133,0.04613220513291143,0.0
6,0.0,134,0.050907261817829876,0.0
6,0.0,135,0.046391372298033265,0.0
6,0.0,136,0.06266124725549511,0.0
6,0.0,137,0.055678731871247056,0.0
6,0.0,138,0.06794702987509277,0.0
6,0.0,139,0.0594478920524939,0.0
6,0.0,140,0.04727614472159787,0.0
6,0.0,141,0.056216052121392114,0.0
6,0.0,142,0.0591794671901209,0.0
6,0.0,143,0.06369556299928418,0.0
6,0.0,144,0.06082735310992748,0.0
6,0.0,145,0.055071151075037884,0.0
6,0.0,146,0.05579283205365839,0.0
6,0.0,147,0.06255163758541431,0.0
6,0.0,148,0.06991051118609161,0.0
6,0.0,149,0.06383289776420692,0.0
6,0.0,150,0.06918370240951956,0.0
6,0.0,151,0.07910514029323462,0.0
6,0.0,152,0.07519781262209248,0.0
6,0.0,153,0.06531384007101469,0.0
6,0.0,154,0.06982688455787397,0.0
6,0.0,155,0.06791979502441993,0.0
6,0.0,156,0.06535807086917562,0.0
6,0.0,157,0.06607940980147896,0.0
6,0.0,158,0.06596218127633918,0.0
6,0.0,159,0.06353292988591379,0.0
6,0.0,160,0.06138581263689809,0.0
6,0.0,161,0.07385147055123077,0.0
6,0.0,162,0.07455967454737537,0.0
6,0.0,163,0.08678946493264596,0.0
6,0.0,164,0.1036587716505373,0.0
6,0.0,165,0.10164233528846829,0.0
6,0.0,166,0.10848009437274983,0.0
6,0.0,167,0.11444350339727398,0.0
6,0.0,168,0.12450634570064573,0.0
6,0.0,169,0.12023359161809719,0.0
6,0.0,170,0.1111093379604319,0.0
6,0.0,171,0.11994967335101023,0.0
6,0.0,172,0.11696357440305205,0.0
6,0.0,173,0.11986206487860761,0.0
6,0.0,174,0.12598148557252745,0.0
6,0.0,175,0.12838725441034932,0.0
6,0.0,176,0.1343536740674726,0.0
6,0.0,177,0.13444216565750772,0.0
6,0.0,178,0.12619228924106562,0.0
6,0.0,179,0.11578542198282248,0.0
6,0.0,180,0.12148476060513065,0.0
6,0.0,181,0.1196588282397499,0.0
6,0.0,182,0.13700182272533926,0.0
6,0.0,183,0.13205031923309066,0.0
6,0.0,184,0.13865371427511736,0.0
6,0.0,185,0.1363278549427815,0.0
6,0.0,186,0.13405852261046639,0.0
6,0.0,187,0.1457881359966201,0.0
6,0.0,188,0.16115242299068985,0.0
6,0.0,189,0.15702707501522897,0.0
6,0.0,190,0.1511873748845262,0.0
6,0.0,191,0.14478431661562413,0.0
6,0.0,192,0.13753307632370143,0.0
6,0.0,193,0.15123060929717116,0.0
6,0.0,194,0.16164110877067858,0.0
6,0.0,195,0.1593306580146135,0.0
6,0.0,196,0.1740504196409935,0.0
6,0.0,197,0.16325625370704902,0.0
6,0.0,198,0.1747385829580853,0.0
6,0.0,199,0.17830238346353933,0.0
6,0.0,200,0.2017674793807724,0.0
6,0.0,201,0.22107912294094578,0.0
6,0.0,202,0.2070195769753534,0.0
6,0.0,203,0.21446678291778404,0.0
6,0.0,204,0.2242661927988077,0.0
6,0.0,205,0.21218754843026322,0.0
6,0.0,206,0.20327985819767339,0.0
6,0.0,207,0.20299848017108996,0.0
6,0.0,208,0.2035258783538814,0.0
6,0.0,209,0.2098368484738112,0.0
6,0.0,210,0.18411632869754907,0.0
6,0.0,211,0.1669501055714073,0.0
6,0.0,212,0.18091173545038647,0.0
6,0.0,213,0.17805596645987065,0.0
6,0.0,214,0.16550496426920913,0.0
6,0.0,215,0.18662600035880964,0.0
6,0.0,216,0.17814183147398446,0.0
6,0.0,217,0.18325047822937776,0.0
6,0.0,218,0.17003850680932256,0.0
6,0.0,219,0.16227710744832535,0.0
6,0.0,220,0.1567289210850512,0.0
6,0.0,221,0.15852131776672992,0.0
6,0.0,222,0.17189139678062312,0.0
6,0.0,223,0.15642440105585087,0.0
6,0.0,224,0.16739540803574737,0.0
6,0.0,225,0.1546748466119801,0.0
6,0.0,226,0.13606269545689403,0.0
6,0.0,227,0.13297160147914444,0.0
6,0.0,228,0.13083023075830158,0.0
6,0.0,229,0.12495104234064806,0.0
6,0.0,230,0.1373257606654086,0.0
6,0.0,231,0.13429860169768623,0.0
6,0.0,232,0.13880341664306722,0.0
6,0.0,233,0.13438368981324764,0.0
6,0.0,234,0.12785435373299556,0.0
6,0.0,235,0.13175769414189337,0.0
6,0.0,236,0.1370862555255117,0.0
6,0.0,237,0.13784478513171122,0.0
6,0.0,238,0.12913296789365275,0.0
6,0.0,239,0.12116813147858202,0.0
6,0.0,240,0.12703397775540742,0.0
6,0.0,241,0.13014513530027938,0.0
6,0.0,242,0.1306436285620349,0.0
6,0.0,243,0.12969021498590488,0.0
6,0.0,244,0.15679800953587125,0.0
6,0.0,245,0.15477603276474625,0.0
6,0.0,246,0.14681096181959405,0.0
6,0.0,247,0.13501167767613304,0.0
6,0.0,248,0.13948231734198094,0.0
6,0.0,249,0.13625381143577797,0.0
6,0.0,250,0.1420210421403661,0.0
6,0.0,251,0.13682933655548526,0.0
6,0.0,252,0.13637408191150865,0.0
6,0.0,253,0.13794457488271777,0.0
6,0.0,254,0.13708305517608285,0.0
6,0.0,255,0.13004938104285899,0.0
6,0.0,256,0.1222213234543243,0.0
6,0.0,257,0.11252090922186199,0.0
6,0.0,258,0.10761886005828425,0.0
6,0.0,259,0.10868571885353967,0.0
6,0.0,260,0.11128458821215335,0.0
6,0.0,261,0.12307524866177148,0.0
6,0.0,262,0.12086449374863772,0.0
6,0.0,263,0.13092928373136473,0.0
6,0.0,264,0.13777073391171388,0.0
6,0.0,265,0.1443071392763384,0.0
6,0.0,266,0.13733603045505202,0.0
6,0.0,267,0.15632700089161494,0.0
6,0.0,268,0.153408765437288,0.0
6,0.0,269,0.16086719332173008,0.0
6,0.0,270,0.15867056077921216,0.0
6,0.0,271,0.15150292117290606,0.0
6,0.0,272,0.13445449609375376,0.0
6,0.0,273,0.13426802699618806,0.0
6,0.0,274,0.15520581849395623,0.0
6,0.0,275,0.1590585832755679,0.0
6,0.0,276,0.16222891056220912,0.0
6,0.0,277,0.1685277634357099,0.0
6,0.0,278,0.17473180194939733,0.0
6,0.0,279,0.16666931623253856,0.0
6,0.0,280,0.15614756100237573,0.0
6,0.0,281,0.15664650271213135,0.0
6,0.0,282,0.1528463746086768,0.0
6,0.0,283,0.12174504208776814,0.0
6,0.0,284,0.12712000981066857,0.0
6,0.0,285,0.12792204633450108,0.0
6,0.0,286,0.14319406047391314,0.0
6,0.0,287,0.13979059677302266,0.0
6,0.0,288,0.13699930235311386,0.0
6,0.0,289,0.12480265230105132,0.0
6,0.0,290,0.13366088204874094,0.0
6,0.0,291,0.12092150220226687,0.0
6,0.0,292,0.13043538705622906,0.0
6,0.0,293,0.12965021520234812,0.0
6,0.0,294,0.1291133121900985,0.0
6,0.0,295,0.13222076805322353,0.0
6,0.0,296,0.11491191872557485,0.0
6,0.0,297,0.11477610341510643,0.0
6,0.0,298,0.10732565982610043,0.0
6,0.0,299,0.12194570102557332,0.0
6,0.0,300,0.11511349569052105,0.0
6,0.0,301,0.1044910276830176,0.0
6,0.0,302,0.09745799398231325,0.0
6,0.0,303,0.10840359178961984,0.0
6,0.0,304,0.10651569026339042,0.0
6,0.0,305,0.12262714625654991,0.0
6,0.0,306,0.12126657957022735,0.0
6,0.0,307,0.13047636956168934,0.0
6,0.0,308,0.13497857419142736,0.0
6,0.0,309,0.13122780262067754,0.0
6,0.0,310,0.1337825785402788,0.0
6,0.0,311,0.15141991952044992,0.0
6,0.0,312,0.1556939809198447,0.0
6,0.0,313,0.1509845302075094,0.0
6,0.0,314,0.1489151456731571,0.0
6,0.0,315,0.1468018730269971,0.0
6,0.0,316,0.14781174817614892,0.0
6,0.0,317,0.1427222268519697,0.0
6,0.0,318,0.1422346233186354,0.0
6,0.0,319,0.12879987880654395,0.0
6,0.0,320,0.11329551279063756,0.0
6,0.0,321,0.11204334445339093,0.0
6,0.0,322,0.10988169585706337,0.0
6,0.0,323,0.11155543809063839,0.0
6,0.0,324,0.10980979552451167,0.0
6,0.0,325,0.09756311442547204,0.0
6,0.0,326,0.10226745733713569,0.0
6,0.0,327,0.09443888626918313,0.0
6,0.0,328,0.09683985884568366,0.0
6,0.0,329,0.09452368998001205,0.0
6,0.0,330,0.08671271643719328,0.0
6,0.0,331,0.08517732802661174,0.0
6,0.0,332,0.07416016648512536,0.0
6,0.0,333,0.07657851036924168,0.0
6,0.0,334,0.07109744778627725,0.0
6,0.0,335,0.07146954039676288,0.0
6,0.0,336,0.0625718780482785,0.0
6,0.0,337,0.07137374293736774,0.0
6,0.0,338,0.06741999076042574,0.0
6,0.0,339,0.0713490679207824,0.0
6,0.0,340,0.07674913706731175,0.0
6,0.0,341,0.07696778995683418,0.0
6,0.0,342,0.06636567430855889,0.0
6,0.0,343,0.06563640550827234,0.0
6,0.0,344,0.06462291904779174,0.0
6,0.0,345,0.05721820914057916,0.0
6,0.0,346,0.059550306303986646,0.0
6,0.0,347,0.07049233351077651,0.0
6,0.0,348,0.07289861894430504,0.0
6,0.0,349,0.08484295182318453,0.0
6,0.0,350,0.07077034657208453,0.0
6,0.0,351,0.06510487595172826,0.0
6,0.0,352,0.07223079259332983,0.0
6,0.0,353,0.06401435108320308,0.0
6,0.0,354,0.06583904815657884,0.0
6,0.0,355,0.06019324527069258,0.0
6,0.0,356,0.06055868382267971,0.0
6,0.0,357,0.04704085565441397,0.0
6,0.0,358,0.04608515389144681,0.0
6,0.0,359,0.048557381721850895,0.0
6,0.0,360,0.04515018671167104,0.0
6,0.0,361,0.05298947157525724,0.0
6,0.0,362,0.058030072944337256,0.0
6,0.0,363,0.054930097600095304,0.0
6,0.0,364,0.0574314161566199,0.0
6,0.0,365,0.05312488856138905,0.0
6,0.0,366,0.05038789293751894,0.0
6,0.0,367,0.04797997922268051,0.0
6,0.0,368,0.047537677418716576,0.0
6,0.0,369,0.050702890771475134,0.0
6,0.0,370,0.05268510283321581,0.0
6,0.0,371,0.05796959062821038,0.0
6,0.0,372,0.05331961560776727,0.0
6,0.0,373,0.05489149436500079,0.0
6,0.0,374,0.05976479766660603,0.0
6,0.0,375,0.05697392067782674,0.0
6,0.0,376,0.06945799468494741,0.0
6,0.0,377,0.07193428739221573,0.0
6,0.0,378,0.06614131525936448,0.0
6,0.0,379,0.06807987836416021,0.0
6,0.0,380,0.06869806571192362,0.0
6,0.0,381,0.07625956009937218,0.0
6,0.0,382,0.07831477890561232,0.0
6,0.0,383,0.0818583170155956,0.0
6,0.0,384,0.07594038192717711,0.0
6,0.0,385,0.09056358757338215,0.0
6,0.0,386,0.09324086791623581,0.0
6,0.0,387,0.09084688830322714,0.0
6,0.0,388,0.0912469797318683,0.0
6,0.0,389,0.08552828106199117,0.0
6,0.0,390,0.07839267225168083,0.0
6,0.0,391,0.06642164962436108,0.0
6,0.0,392,0.06128141555353667,0.0
6,0.0,393,0.06252845247200285,0.0
6,0.0,394,0.05362972744049054,0.0
6,0.0,395,0.049602407523164006,0.0
6,0.0,396,0.0464137279988243,0.0
6,0.0,397,0.0440138125499231,0.0
6,0.0,398,0.04119465030428681,0.0
6,0.0,399,0.04016708842601895,0.0
6,0.0,400,0.040133506926565754,0.0
6,0.0,401,0.03876944999870251,0.0
6,0.0,402,0.03521980815813849,0.0
6,0.0,403,0.040873957693276355,0.0
6,0.0,404,0.04184755410110123,0.0
6,0.0,405,0.044380702911698336,0.0
6,0.0,406,0.047060026569074306,0.0
6,0.0,407,0.04668473569026508,0.0
6,0.0,408,0.047340702040314,0.0
6,0.0,409,0.05420429146548453,0.0
6,0.0,410,0.05886573235429437,0.0
6,0.0,411,0.049677715469289396,0.0
6,0.0,412,0.0519391808387978,0.0
6,0.0,413,0.05175494782693691,0.0
6,0.0,414,0.05269009287317163,0.0
6,0.0,415,0.053391598629830506,0.0
6,0.0,416,0.05441267748685428,0.0
6,0.0,417,0.05085422843166584,0.0
6,0.0,418,0.06125178966170447,0.0
6,0.0,419,0.054752336011336215,0.0
6,0.0,420,0.052124725942540716,0.0
6,0.0,421,0.05252865910927,0.0
6,0.0,422,0.04619504900682775,0.0
6,0.0,423,0.04493684702175793,0.0
6,0.0,424,0.04716855161260824,0.0
6,0.0,425,0.05176068887407694,0.0
6,0.0,426,0.061460768452174165,0.0
6,0.0,427,0.059582813939630185,0.0
6,0.0,428,0.051214886347271796,0.0
6,0.0,429,0.052522874802308876,0.0
6,0.0,430,0.04887030529820865,0.0
6,0.0,431,0.0461830318027366,0.0
6,0.0,432,0.04577694696518948,0.0
6,0.0,433,0.04742486082806934,0.0
6,0.0,434,0.05827611374518708,0.0
6,0.0,435,0.06259513389069028,0.0
6,0.0,436,0.05542747278353932,0.0
6,0.0,437,0.05428221650594255,0.0
6,0.0,438,0.062640165457412,0.0
6,0.0,439,0.06648732288647767,0.0
6,0.0,440,0.056787659130979315,0.0
6,0.0,441,0.055157209494626755,0.0
6,0.0,442,0.05140178124362678,0.0
6,0.0,443,0.05418861389658594,0.0
6,0.0,444,0.04695750260469451,0.0
6,0.0,445,0.04489896144705379,0.0
6,0.0,446,0.05299871378497381,0.0
6,0.0,447,0.05262402351854322,0.0
6,0.0,448,0.04906939838363397,0.0
6,0.0,449,0.047891682126219456,0.0
6,0.0,450,0.04361557635631988,0.0
6,0.0,451,0.05569323031556192,0.0
6,0.0,452,0.050010751208475784,0.0
6,0.0,453,0.05052207689978549,0.0
6,0.0,454,0.06868051131737492,0.0
6,0.0,455,0.06509500612816174,0.0
6,0.0,456,0.0699433804855214,0.0
6,0.0,457,0.06355300252217208,0.0
6,0.0,458,0.06327054679965,0.0
6,0.0,459,0.06376843593460312,0.0
6,0.0,460,0.07018279896686605,0.0
6,0.0,461,0.07281052739944346,0.0
6,0.0,462,0.0694024718986835,0.0
6,0.0,463,0.06895565226186391,0.0
6,0.0,464,0.06275885055665402,0.0
6,0.0,465,0.06629247799162385,0.0
6,0.0,466,0.06164407596991732,0.0
6,0.0,467,0.054195892003121075,0.0
6,0.0,468,0.05962017461585683,0.0
6,0.0,469,0.04928214602391076,0.0
6,0.0,470,0.05312171838655704,0.0
6,0.0,471,0.04605300421167349,0.0
6,0.0,472,0.05262238401894215,0.0
6,0.0,473,0.045620358625800675,0.0
6,0.0,474,0.04999375887252611,0.0
6,0.0,475,0.04494068493491008,0.0
6,0.0,476,0.045673350884950316,0.0
6,0.0,477,0.0432685921038148,0.0
6,0.0,478,0.04076327213793985,0.0
6,0.0,479,0.02983375944920947,0.0
6,0.0,480,0.02654620285195416,0.0
6,0.0,481,0.02742289565300552,0.0
6,0.0,482,0.027439444993525238,0.0
6,0.0,483,0.03175241560520798,0.0
6,0.0,484,0.035105935293615,0.0
6,0.0,485,0.039682122277911985,0.0
6,0.0,486,0.032321146995386484,0.0
6,0.0,487,0.03717882843792458,0.0
6,0.0,488,0.03199542140207245,0.0
6,0.0,489,0.033876327448219966,0.0
6,0.0,490,0.03149631120711974,0.0
6,0.0,491,0.026334132649951457,0.0
6,0.0,492,0.028156917436995492,0.0
6,0.0,493,0.034469106511888746,0.0
6,0.0,494,0.03603323761290026,0.0
6,0.0,495,0.04099681452903007,0.0
6,0.0,496,0.04039014221848739,0.0
6,0.0,497,0.04835761736892451,0.0
6,0.0,498,0.049545042617964184,0.0
6,0.0,499,0.05406910543434007,0.0
6,0.0,500,0.06436438159434175,0.0
6,0.01,0,0.07595687348945945,0.0
6,0.01,1,0.04622593285900667,0.0
6,0.01,2,0.03768710938275598,0.0
6,0.01,3,0.029994235136207758,0.0
6,0.01,4,0.025802227150960685,0.0
6,0.01,5,0.023947196594712502,0.0
6,0.01,6,0.031289901218573474,0.0
6,0.01,7,0.02964055307634694,0.0
6,0.01,8,0.027715235844682558,0.0
6,0.01,9,0.029120358264476117,0.0
6,0.01,10,0.031256526553694305,0.0
6,0.01,11,0.03315364669751404,0.0
6,0.01,12,0.031854796575375224,0.0
6,0.01,13,0.031889232572018124,0.0
6,0.01,14,0.029945096449538827,0.0
6,0.01,15,0.031209514190945947,0.0
6,0.01,16,0.030676003032905547,0.0
6,0.01,17,0.03601285490072923,0.0
6,0.01,18,0.0362156914309175,0.0
6,0.01,19,0.0389739991569872,0.0
6,0.01,20,0.046436194801405054,0.0
6,0.01,21,0.04419899215420327,0.0
6,0.01,22,0.04713292032920552,0.0
6,0.01,23,0.05254431283515073,0.0
6,0.01,24,0.04730910631641847,0.0
6,0.01,25,0.05558835477283571,0.0
6,0.01,26,0.05239300706918332,0.0
6,0.01,27,0.057373661854835084,0.0
6,0.01,28,0.052924475294611445,0.0
6,0.01,29,0.05682643733830983,0.0
6,0.01,30,0.04691042652967587,0.0
6,0.01,31,0.053108851499773534,0.0
6,0.01,32,0.05028852120458272,0.0
6,0.01,33,0.043846978275587235,0.0
6,0.01,34,0.042029523459303525,0.0
6,0.01,35,0.036115243004815854,0.0
6,0.01,36,0.03401508476818577,0.0
6,0.01,37,0.03760621002457525,0.0
6,0.01,38,0.03806505244124381,0.0
6,0.01,39,0.04006971164856183,0.0
6,0.01,40,0.04129824888565272,0.0
6,0.01,41,0.035109956767793604,0.0
6,0.01,42,0.03469510074448089,0.0
6,0.01,43,0.03760546805998659,0.0
6,0.01,44,0.03407035127717936,0.0
6,0.01,45,0.03335110363274951,0.0
6,0.01,46,0.031295024963668754,0.0
6,0.01,47,0.02816500998985485,0.0
6,0.01,48,0.026042252999733093,0.0
6,0.01,49,0.02779095271592749,0.0
6,0.01,50,0.028408945166185626,0.0
6,0.01,51,0.03088551346105376,0.0
6,0.01,52,0.0323872057707047,0.0
6,0.01,53,0.03253925540176796,0.0
6,0.01,54,0.030260662030928875,0.0
6,0.01,55,0.026872085590961266,0.0
6,0.01,56,0.030766249013083165,0.0
6,0.01,57,0.03370525073381267,0.0
6,0.01,58,0.03796294141382559,0.0
6,0.01,59,0.03969290928808162,0.0
6,0.01,60,0.038980229265934106,0.0
6,0.01,61,0.04376777496264733,0.0
6,0.01,62,0.037738731358821526,0.0
6,0.01,63,0.04463891179955005,0.0
6,0.01,64,0.0428157267717584,0.0
6,0.01,65,0.0496453522135387,0.0
6,0.01,66,0.044338604149365565,0.0
6,0.01,67,0.04204663395987323,0.0
6,0.01,68,0.04110262707345804,0.0
6,0.01,69,0.03606599488587409,0.0
6,0.01,70,0.03808946992660216,0.0
6,0.01,71,0.034732689602916846,0.0
6,0.01,72,0.030673495675869907,0.0
6,0.01,73,0.030414117153815607,0.0
6,0.01,74,0.0321299474565985,0.0
6,0.01,75,0.03478987248507694,0.0
6,0.01,76,0.03704437253124762,0.0
6,0.01,77,0.030920010411870126,0.0
6,0.01,78,0.03685398288109522,0.0
6,0.01,79,0.03629861371137239,0.0
6,0.01,80,0.0318856081971639,0.0
6,0.01,81,0.035806540647604225,0.0
6,0.01,82,0.03186557801640967,0.0
6,0.01,83,0.033232700057984815,0.0
6,0.01,84,0.03237911306859156,0.0
6,0.01,85,0.034681709879783786,0.0
6,0.01,86,0.03401933890094886,0.0
6,0.01,87,0.03191288997394672,0.0
6,0.01,88,0.03874184853443432,0.0
6,0.01,89,0.037119422750052235,0.0
6,0.01,90,0.03805424719187473,0.0
6,0.01,91,0.0430470134154956,0.0
6,0.01,92,0.05397247530909164,0.0
6,0.01,93,0.04801115561798706,0.0
6,0.01,94,0.051482342191203234,0.0
6,0.01,95,0.047426520300507403,0.0
6,0.01,96,0.04411025536581472,0.0
6,0.01,97,0.04851740382476218,0.0
6,0.01,98,0.05079087307118213,0.0
6,0.01,99,0.04584238109436074,0.0
6,0.01,100,0.045288722630695215,0.0
6,0.01,101,0.04851444837210689,0.0
6,0.01,102,0.043036578345115005,0.0
6,0.01,103,0.04044719879713653,0.0
6,0.01,104,0.04594669189425849,0.0
6,0.01,105,0.04577397536355904,0.0
6,0.01,106,0.037734069405984255,0.0
6,0.01,107,0.03784107627889974,0.0
6,0.01,108,0.03676950023051368,0.0
6,0.01,109,0.0415604713534789,0.0
6,0.01,110,0.04413257897003007,0.0
6,0.01,111,0.03733314317455983,0.0
6,0.01,112,0.039206798534773483,0.0
6,0.01,113,0.03603213981505419,0.0
6,0.01,114,0.035834974772396895,0.0
6,0.01,115,0.03855371972954467,0.0
6,0.01,116,0.03993951235092971,0.0
6,0.01,117,0.046186505755357904,0.0
6,0.01,118,0.03876473929011708,0.0
6,0.01,119,0.03499071912408277,0.0
6,0.01,120,0.041357588111425446,0.0
6,0.01,121,0.0458893075846514,0.0
6,0.01,122,0.04110676403838154,0.0
6,0.01,123,0.03960060602182495,0.0
6,0.01,124,0.043098757835210756,0.0
6,0.01,125,0.040827557147729295,0.0
6,0.01,126,0.033038432776937604,0.0
6,0.01,127,0.036370096188750735,0.0
6,0.01,128,0.031508554608475695,0.0
6,0.01,129,0.027522217342739862,0.0
6,0.01,130,0.026882216547723502,0.0
6,0.01,131,0.028736619590700216,0.0
6,0.01,132,0.028261750021997375,0.0
6,0.01,133,0.03703413321567163,0.0
6,0.01,134,0.0359973338274606,0.0
6,0.01,135,0.03225647443537492,0.0
6,0.01,136,0.03752347520339417,0.0
6,0.01,137,0.029340195193749752,0.0
6,0.01,138,0.03895027854242855,0.0
6,0.01,139,0.04123956370379319,0.0
6,0.01,140,0.048588870268166814,0.0
6,0.01,141,0.05176613890543554,0.0
6,0.01,142,0.05622890504607685,0.0
6,0.01,143,0.05657282741826471,0.0
6,0.01,144,0.043947014754967303,0.0
6,0.01,145,0.03955035510274831,0.0
6,0.01,146,0.03470500411011503,0.0
6,0.01,147,0.03599224586088781,0.0
6,0.01,148,0.03826686157607098,0.0
6,0.01,149,0.03804095634072033,0.0
6,0.01,150,0.04810200740641708,0.0
6,0.01,151,0.054675019215890644,0.0
6,0.01,152,0.0561844442145366,0.0
6,0.01,153,0.05170159807509703,0.0
6,0.01,154,0.050895147865958654,0.0
6,0.01,155,0.048439444621083724,0.0
6,0.01,156,0.047357104325087926,0.0
6,0.01,157,0.04602385963471381,0.0
6,0.01,158,0.04595077336332927,0.0
6,0.01,159,0.04852155101366027,0.0
6,0.01,160,0.05108966256952575,0.0
6,0.01,161,0.04558437447055463,0.0
6,0.01,162,0.04768373167437576,0.0
6,0.01,163,0.05348850871428811,0.0
6,0.01,164,0.053614757323462554,0.0
6,0.01,165,0.05407877937048736,0.0
6,0.01,166,0.054845044648787616,0.0
6,0.01,167,0.058508517032192925,0.0
6,0.01,168,0.0609518793942562,0.0
6,0.01,169,0.04653775221005719,0.0
6,0.01,170,0.0471119699803941,0.0
6,0.01,171,0.046366597023910126,0.0
6,0.01,172,0.03825809888136957,0.0
6,0.01,173,0.040936214288665375,0.0
6,0.01,174,0.03791721684980744,0.0
6,0.01,175,0.04714791662004645,0.0
6,0.01,176,0.03914304291357925,0.0
6,0.01,177,0.043507813766546624,0.0
6,0.01,178,0.04660295836026658,0.0
6,0.01,179,0.03953886936878658,0.0
6,0.01,180,0.049976341390219475,0.0
6,0.01,181,0.04736281072688783,0.0
6,0.01,182,0.04713214240328152,0.0
6,0.01,183,0.04849280457615182,0.0
6,0.01,184,0.042945130923311724,0.0
6,0.01,185,0.03300748764988103,0.0
6,0.01,186,0.03533352784778208,0.0
6,0.01,187,0.03859321013301635,0.0
6,0.01,188,0.03910791537589269,0.0
6,0.01,189,0.043905179789906316,0.0
6,0.01,190,0.05474830092034625,0.0
6,0.01,191,0.04393095409156466,0.0
6,0.01,192,0.04481398154960674,0.0
6,0.01,193,0.04193057143766091,0.0
6,0.01,194,0.046029062390192006,0.0
6,0.01,195,0.04178230134369316,0.0
6,0.01,196,0.04278329816475176,0.0
6,0.01,197,0.04571551652914709,0.0
6,0.01,198,0.03465071254087941,0.0
6,0.01,199,0.030011207170088195,0.0
6,0.01,200,0.02765887754630539,0.0
6,0.01,201,0.028937104926797654,0.0
6,0.01,202,0.03639272953335692,0.0
6,0.01,203,0.041952767110166336,0.0
6,0.01,204,0.0335558038208719,0.0
6,0.01,205,0.03106213615090417,0.0
6,0.01,206,0.03560686777485201,0.0
6,0.01,207,0.03483634851768213,0.0
6,0.01,208,0.02926335773895927,0.0
6,0.01,209,0.03598578672851304,0.0
6,0.01,210,0.03478422236394958,0.0
6,0.01,211,0.03353404748058497,0.0
6,0.01,212,0.03655227361264655,0.0
6,0.01,213,0.037744016100110224,0.0
6,0.01,214,0.037230608507331786,0.0
6,0.01,215,0.03350327773298865,0.0
6,0.01,216,0.03811173453394059,0.0
6,0.01,217,0.04532803760839665,0.0
6,0.01,218,0.043612511639399776,0.0
6,0.01,219,0.04483678925922535,0.0
6,0.01,220,0.0443409517992235,0.0
6,0.01,221,0.04554794518096335,0.0
6,0.01,222,0.04702605894872994,0.0
6,0.01,223,0.041274162337727585,0.0
6,0.01,224,0.04961140746708534,0.0
6,0.01,225,0.04660205906957634,0.0
6,0.01,226,0.04540685768069125,0.0
6,0.01,227,0.048555437751415104,0.0
6,0.01,228,0.04296140319620417,0.0
6,0.01,229,0.03608501667929259,0.0
6,0.01,230,0.035518275088355325,0.0
6,0.01,231,0.03619620211982232,0.0
6,0.01,232,0.03602262750464939,0.0
6,0.01,233,0.03344230725995909,0.0
6,0.01,234,0.031827623079695506,0.0
6,0.01,235,0.030353472333714996,0.0
6,0.01,236,0.029110247785110913,0.0
6,0.01,237,0.02723815738553136,0.0
6,0.01,238,0.03396231505697424,0.0
6,0.01,239,0.030603981178900792,0.0
6,0.01,240,0.029414974557382352,0.0
6,0.01,241,0.024799531473349918,0.0
6,0.01,242,0.027680844038356626,0.0
6,0.01,243,0.028474069361872176,0.0
6,0.01,244,0.0305827630539868,0.0
6,0.01,245,0.02887045100693657,0.0
6,0.01,246,0.02416437779671765,0.0
6,0.01,247,0.023980547896388406,0.0
6,0.01,248,0.0239188720988733,0.0
6,0.01,249,0.02176679749327856,0.0
6,0.01,250,0.02952308262340249,0.0
6,0.01,251,0.028994720880164318,0.0
6,0.01,252,0.026603522829040015,0.0
6,0.01,253,0.02506634730877638,0.0
6,0.01,254,0.02249381661460511,0.0
6,0.01,255,0.021140894085933844,0.0
6,0.01,256,0.023932466723857772,0.0
6,0.01,257,0.022081549977190352,0.0
6,0.01,258,0.021728595327001138,0.0
6,0.01,259,0.020451802853645163,0.0
6,0.01,260,0.023642338431902537,0.0
6,0.01,261,0.024583137675906763,0.0
6,0.01,262,0.027615072691392243,0.0
6,0.01,263,0.026931309954768348,0.0
6,0.01,264,0.030358438725954135,0.0
6,0.01,265,0.03126066033597837,0.0
6,0.01,266,0.02572192658345328,0.0
6,0.01,267,0.030695535906143774,0.0
6,0.01,268,0.03796090484663318,0.0
6,0.01,269,0.04070017400545341,0.0
6,0.01,270,0.03807878881769168,0.0
6,0.01,271,0.043031669554438025,0.0
6,0.01,272,0.04291554227804115,0.0
6,0.01,273,0.0453213446792749,0.0
6,0.01,274,0.04848587043128326,0.0
6,0.01,275,0.04481761801389552,0.0
6,0.01,276,0.04306040655796792,0.0
6,0.01,277,0.04232223466111195,0.0
6,0.01,278,0.04734971001716351,0.0
6,0.01,279,0.05015788661993814,0.0
6,0.01,280,0.04069567642882008,0.0
6,0.01,281,0.03646042427521625,0.0
6,0.01,282,0.03956210957541989,0.0
6,0.01,283,0.02859040106187578,0.0
6,0.01,284,0.024947942902705692,0.0
6,0.01,285,0.027205273291914328,0.0
6,0.01,286,0.03018202243338159,0.0
6,0.01,287,0.03508062128536112,0.0
6,0.01,288,0.039862544443873535,0.0
6,0.01,289,0.03635416346513613,0.0
6,0.01,290,0.03370194502350381,0.0
6,0.01,291,0.03727557260765203,0.0
6,0.01,292,0.03918560687831049,0.0
6,0.01,293,0.038582577967267016,0.0
6,0.01,294,0.043554657206967315,0.0
6,0.01,295,0.038624231262707254,0.0
6,0.01,296,0.037681400355515565,0.0
6,0.01,297,0.03845413856094305,0.0
6,0.01,298,0.03514411249709258,0.0
6,0.01,299,0.03566463432677198,0.0
6,0.01,300,0.03501706988606772,0.0
6,0.01,301,0.031569575107630594,0.0
6,0.01,302,0.03682906809351489,0.0
6,0.01,303,0.040558607011898055,0.0
6,0.01,304,0.049883751066619554,0.0
6,0.01,305,0.04916187982403475,0.0
6,0.01,306,0.05076147831992782,0.0
6,0.01,307,0.04057182355154247,0.0
6,0.01,308,0.03790116824456236,0.0
6,0.01,309,0.04226448076544792,0.0
6,0.01,310,0.03725523807237703,0.0
6,0.01,311,0.03795898055898147,0.0
6,0.01,312,0.03439373632432115,0.0
6,0.01,313,0.036257260617825186,0.0
6,0.01,314,0.036670398118506205,0.0
6,0.01,315,0.037962471297232195,0.0
6,0.01,316,0.0414889585961971,0.0
6,0.01,317,0.044301392366126444,0.0
6,0.01,318,0.03711947866590524,0.0
6,0.01,319,0.02904666426305304,0.0
6,0.01,320,0.0318217810094866,0.0
6,0.01,321,0.029904805109236415,0.0
6,0.01,322,0.026102352283932782,0.0
6,0.01,323,0.02395611064771916,0.0
6,0.01,324,0.0354115677514407,0.0
6,0.01,325,0.04268758409645183,0.0
6,0.01,326,0.044360509289659456,0.0
6,0.01,327,0.043769185309829026,0.0
6,0.01,328,0.044166520474113236,0.0
6,0.01,329,0.038373799920516316,0.0
6,0.01,330,0.03531642676339566,0.0
6,0.01,331,0.03842342358758589,0.0
6,0.01,332,0.03756589772349625,0.0
6,0.01,333,0.03356937262717994,0.0
6,0.01,334,0.03486917962859841,0.0
6,0.01,335,0.036440739663039595,0.0
6,0.01,336,0.03664849448518626,0.0
6,0.01,337,0.031482661261171725,0.0
6,0.01,338,0.03602426371678906,0.0
6,0.01,339,0.03341872813392073,0.0
6,0.01,340,0.031126462655025035,0.0
6,0.01,341,0.03584922644938464,0.0
6,0.01,342,0.027255596202133834,0.0
6,0.01,343,0.031380537586959384,0.0
6,0.01,344,0.03221149739590021,0.0
6,0.01,345,0.03621720098747119,0.0
6,0.01,346,0.04134539873455251,0.0
6,0.01,347,0.03672761632292464,0.0
6,0.01,348,0.028925229462707525,0.0
6,0.01,349,0.033307976201543,0.0
6,0.01,350,0.030727759373726574,0.0
6,0.01,351,0.03474290158364936,0.0
6,0.01,352,0.03008603482413785,0.0
6,0.01,353,0.03590178862386078,0.0
6,0.01,354,0.03427098248292819,0.0
6,0.01,355,0.03505482898755597,0.0
6,0.01,356,0.03554726842434939,0.0
6,0.01,357,0.03749708237814502,0.0
6,0.01,358,0.035506528962210404,0.0
6,0.01,359,0.029215810635331477,0.0
6,0.01,360,0.033311467643280974,0.0
6,0.01,361,0.034306581825521286,0.0
6,0.01,362,0.03398167429440751,0.0
6,0.01,363,0.03211258500929807,0.0
6,0.01,364,0.032465085000539434,0.0
6,0.01,365,0.033054329179089764,0.0
6,0.01,366,0.031176416607491188,0.0
6,0.01,367,0.0314369345148465,0.0
6,0.01,368,0.036912063261554745,0.0
6,0.01,369,0.03743020659728519,0.0
6,0.01,370,0.031747428425636846,0.0
6,0.01,371,0.02827320403786344,0.0
6,0.01,372,0.026610566378246974,0.0
6,0.01,373,0.025249510717420116,0.0
6,0.01,374,0.027450373361787846,0.0
6,0.01,375,0.02516529782914742,0.0
6,0.01,376,0.02372058488383993,0.0
6,0.01,377,0.02596041080355023,0.0
6,0.01,378,0.029444763203441603,0.0
6,0.01,379,0.035156296394950874,0.0
6,0.01,380,0.03494434468881979,0.0
6,0.01,381,0.037467095787859964,0.0
6,0.01,382,0.034171718315132764,0.0
6,0.01,383,0.03341326026294134,0.0
6,0.01,384,0.03666491669653266,0.0
6,0.01,385,0.0462773640366897,0.0
6,0.01,386,0.04061327631421843,0.0
6,0.01,387,0.040090805233719905,0.0
6,0.01,388,0.04153316698638137,0.0
6,0.01,389,0.03745202746460291,0.0
6,0.01,390,0.03863450349575812,0.0
6,0.01,391,0.04003727359537894,0.0
6,0.01,392,0.03427993356127492,0.0
6,0.01,393,0.040428192370328554,0.0
6,0.01,394,0.03675361039059961,0.0
6,0.01,395,0.030685030751807094,0.0
6,0.01,396,0.03873769944354605,0.0
6,0.01,397,0.03384677057287922,0.0
6,0.01,398,0.02957460666755902,0.0
6,0.01,399,0.03362962883227576,0.0
6,0.01,400,0.034509753058700895,0.0
6,0.01,401,0.03175021850745624,0.0
6,0.01,402,0.03851763779429559,0.0
6,0.01,403,0.03610250961575597,0.0
6,0.01,404,0.02961130312294062,0.0
6,0.01,405,0.0301049359388051,0.0
6,0.01,406,0.034168963306942426,0.0
6,0.01,407,0.03631668479527695,0.0
6,0.01,408,0.033056462132111525,0.0
6,0.01,409,0.030740121714302092,0.0
6,0.01,410,0.03396805521213663,0.0
6,0.01,411,0.033134063558450194,0.0
6,0.01,412,0.03901035934717195,0.0
6,0.01,413,0.03680678512627931,0.0
6,0.01,414,0.03269188670035028,0.0
6,0.01,415,0.03195943687991294,0.0
6,0.01,416,0.028992775692716948,0.0
6,0.01,417,0.02323724922810488,0.0
6,0.01,418,0.023212035082053082,0.0
6,0.01,419,0.02734525315919175,0.0
6,0.01,420,0.023778076122551724,0.0
6,0.01,421,0.028818083567380727,0.0
6,0.01,422,0.022238227924628907,0.0
6,0.01,423,0.021932714963043654,0.0
6,0.01,424,0.027567260151654328,0.0
6,0.01,425,0.03074724632356018,0.0
6,0.01,426,0.02704326870143717,0.0
6,0.01,427,0.032609078661259866,0.0
6,0.01,428,0.03186980216397959,0.0
6,0.01,429,0.04224731560133254,0.0
6,0.01,430,0.03908911390503266,0.0
6,0.01,431,0.04567460396436042,0.0
6,0.01,432,0.04199117360200499,0.0
6,0.01,433,0.04005661116548814,0.0
6,0.01,434,0.03188127502768579,0.0
6,0.01,435,0.0354536010841511,0.0
6,0.01,436,0.03228372922760927,0.0
6,0.01,437,0.02985264579023734,0.0
6,0.01,438,0.028456857967651957,0.0
6,0.01,439,0.029869127542923746,0.0
6,0.01,440,0.030495916605657935,0.0
6,0.01,441,0.029397050255776186,0.0
6,0.01,442,0.028960391885576295,0.0
6,0.01,443,0.026319235484705928,0.0
6,0.01,444,0.02663777316036877,0.0
6,0.01,445,0.032374480941721795,0.0
6,0.01,446,0.03705240649952637,0.0
6,0.01,447,0.037207503512119405,0.0
6,0.01,448,0.035203408916778214,0.0
6,0.01,449,0.03564798212232045,0.0
6,0.01,450,0.03467378148694997,0.0
6,0.01,451,0.030305558638906695,0.0
6,0.01,452,0.03118891225897337,0.0
6,0.01,453,0.029906825333151567,0.0
6,0.01,454,0.02836255545509431,0.0
6,0.01,455,0.03200109575500096,0.0
6,0.01,456,0.03184424746440518,0.0
6,0.01,457,0.029977566060380954,0.0
6,0.01,458,0.03470237425313179,0.0
6,0.01,459,0.0321458199041482,0.0
6,0.01,460,0.034512763247142815,0.0
6,0.01,461,0.029957312427905353,0.0
6,0.01,462,0.02998270343851989,0.0
6,0.01,463,0.028492500462123732,0.0
6,0.01,464,0.0347789838523124,0.0
6,0.01,465,0.03670512953851289,0.0
6,0.01,466,0.03283359329754421,0.0
6,0.01,467,0.0327397642586369,0.0
6,0.01,468,0.03191007627028414,0.0
6,0.01,469,0.0402937967086548,0.0
6,0.01,470,0.039731236340666415,0.0
6,0.01,471,0.034762379457301984,0.0
6,0.01,472,0.03535800638744402,0.0
6,0.01,473,0.039369837647077174,0.0
6,0.01,474,0.04756069537156446,0.0
6,0.01,475,0.04447312595514357,0.0
6,0.01,476,0.044226276680087245,0.0
6,0.01,477,0.04705073625105772,0.0
6,0.01,478,0.0449456071254222,0.0
6,0.01,479,0.0429798876535224,0.0
6,0.01,480,0.04825852493807399,0.0
6,0.01,481,0.044994358498176436,0.0
6,0.01,482,0.05486492856383067,0.0
6,0.01,483,0.06232369300843705,0.0
6,0.01,484,0.06436924203013611,0.0
6,0.01,485,0.06272289715063327,0.0
6,0.01,486,0.06015272273958641,0.0
6,0.01,487,0.06656774843469257,0.0
6,0.01,488,0.06918803386381338,0.0
6,0.01,489,0.06765850418448688,0.0
6,0.01,490,0.06446734619630831,0.0
6,0.01,491,0.05440769888534299,0.0
6,0.01,492,0.05027539741766751,0.0
6,0.01,493,0.04566154264022159,0.0
6,0.01,494,0.04842416087781586,0.0
6,0.01,495,0.054482598065792046,0.0
6,0.01,496,0.053937330728205,0.0
6,0.01,497,0.049553330656134896,0.0
6,0.01,498,0.05714524251886366,0.0
6,0.01,499,0.059996602020481786,0.0
6,0.01,500,0.0546075421228574,0.0
6,0.03,0,0.08232773202994913,0.0
6,0.03,1,0.05396785711489158,0.0
6,0.03,2,0.04990244854623707,0.0
6,0.03,3,0.055311828901215714,0.0
6,0.03,4,0.055220919910029025,0.0
6,0.03,5,0.04827893613138548,0.0
6,0.03,6,0.04667282721823396,0.0
6,0.03,7,0.04455500237197544,0.0
6,0.03,8,0.039529655567805175,0.0
6,0.03,9,0.04040652119158862,0.0
6,0.03,10,0.03969661637447463,0.0
6,0.03,11,0.0398769194325596,0.0
6,0.03,12,0.04709996074361355,0.0
6,0.03,13,0.042675460371253145,0.0
6,0.03,14,0.0489437719685132,0.0
6,0.03,15,0.048620050683949236,0.0
6,0.03,16,0.04782137674361203,0.0
6,0.03,17,0.04910058292541292,0.0
6,0.03,18,0.04033215816110451,0.0
6,0.03,19,0.03589827374577152,0.0
6,0.03,20,0.03298261920185618,0.0
6,0.03,21,0.03631168670428939,0.0
6,0.03,22,0.035590170123967944,0.0
6,0.03,23,0.04381717986957158,0.0
6,0.03,24,0.04388682412869729,0.0
6,0.03,25,0.04520669080158693,0.0
6,0.03,26,0.04927292704985219,0.0
6,0.03,27,0.04340527367535598,0.0
6,0.03,28,0.04330970780083633,0.0
6,0.03,29,0.05259214372103008,0.0
6,0.03,30,0.05807910124395823,0.0
6,0.03,31,0.05525383125286767,0.0
6,0.03,32,0.05040148816558964,0.0
6,0.03,33,0.048204427275458296,0.0
6,0.03,34,0.05371386261410567,0.0
6,0.03,35,0.05683865095402882,0.0
6,0.03,36,0.05671800328107903,0.0
6,0.03,37,0.058416434787024525,0.0
6,0.03,38,0.05227851752770733,0.0
6,0.03,39,0.05218364434999024,0.0
6,0.03,40,0.04627033947115598,0.0
6,0.03,41,0.04875879012399646,0.0
6,0.03,42,0.0606522514993024,0.0
6,0.03,43,0.0670787974153132,0.0
6,0.03,44,0.06817843507387888,0.0
6,0.03,45,0.06440759138913049,0.0
6,0.03,46,0.06492398204829201,0.0
6,0.03,47,0.06209926264714398,0.0
6,0.03,48,0.05804468710617983,0.0
6,0.03,49,0.05138619104138366,0.0
6,0.03,50,0.052611536139634485,0.0
6,0.03,51,0.0649834167829052,0.0
6,0.03,52,0.07003356058503372,0.0
6,0.03,53,0.07156915912335138,0.0
6,0.03,54,0.08617399204234218,0.0
6,0.03,55,0.07778895630469367,0.0
6,0.03,56,0.08476957850058986,0.0
6,0.03,57,0.09117957658077075,0.0
6,0.03,58,0.09657413143048835,0.0
6,0.03,59,0.09147473388651342,0.0
6,0.03,60,0.08994677111246092,0.0
6,0.03,61,0.08431579183524274,0.0
6,0.03,62,0.08832601903676739,0.0
6,0.03,63,0.07739978710123768,0.0
6,0.03,64,0.06658267518688483,0.0
6,0.03,65,0.0630724774075105,0.0
6,0.03,66,0.0643788852843652,0.0
6,0.03,67,0.0607531175479114,0.0
6,0.03,68,0.05275200659806289,0.0
6,0.03,69,0.05159518132925179,0.0
6,0.03,70,0.04608399303588144,0.0
6,0.03,71,0.042258099153509227,0.0
6,0.03,72,0.0385941978061698,0.0
6,0.03,73,0.042725990692338005,0.0
6,0.03,74,0.04290145444490397,0.0
6,0.03,75,0.04095485029911807,0.0
6,0.03,76,0.04906224959242187,0.0
6,0.03,77,0.05133991314148211,0.0
6,0.03,78,0.04938788837740286,0.0
6,0.03,79,0.051325951763667055,0.0
6,0.03,80,0.04747948480642046,0.0
6,0.03,81,0.04735832065110313,0.0
6,0.03,82,0.04487321415591281,0.0
6,0.03,83,0.045344976819883163,0.0
6,0.03,84,0.042031336580503086,0.0
6,0.03,85,0.033573749262938,0.0
6,0.03,86,0.027150400217822182,0.0
6,0.03,87,0.028307059649087658,0.0
6,0.03,88,0.027664870647491922,0.0
6,0.03,89,0.027834771317123086,0.0
6,0.03,90,0.027507047081293843,0.0
6,0.03,91,0.033566472180929,0.0
6,0.03,92,0.03535682638540328,0.0
6,0.03,93,0.04074154803152239,0.0
6,0.03,94,0.037346784877708906,0.0
6,0.03,95,0.03884207575982443,0.0
6,0.03,96,0.032798408354231076,0.0
6,0.03,97,0.03540456601208918,0.0
6,0.03,98,0.0410488359653234,0.0
6,0.03,99,0.03704820138026425,0.0
6,0.03,100,0.039123269788661756,0.0
6,0.03,101,0.03498085310815882,0.0
6,0.03,102,0.03156659599640433,0.0
6,0.03,103,0.029095870942572696,0.0
6,0.03,104,0.030860785638250753,0.0
6,0.03,105,0.025926537531497894,0.0
6,0.03,106,0.033788980402298566,0.0
6,0.03,107,0.0315758386020743,0.0
6,0.03,108,0.03357781246453801,0.0
6,0.03,109,0.02777368574475465,0.0
6,0.03,110,0.02333065401854866,0.0
6,0.03,111,0.021674631410413692,0.0
6,0.03,112,0.023973014124932527,0.0
6,0.03,113,0.02732775729823654,0.0
6,0.03,114,0.03024393464372824,0.0
6,0.03,115,0.03292470484280535,0.0
6,0.03,116,0.04369145804211392,0.0
6,0.03,117,0.0402486898658633,0.0
6,0.03,118,0.040270349355160245,0.0
6,0.03,119,0.038630178793731706,0.0
6,0.03,120,0.03907438275004613,0.0
6,0.03,121,0.04815162354735847,0.0
6,0.03,122,0.048388803079729856,0.0
6,0.03,123,0.04646995677299245,0.0
6,0.03,124,0.03754325985305121,0.0
6,0.03,125,0.03142761396858669,0.0
6,0.03,126,0.039965365747107254,0.0
6,0.03,127,0.04344960804021616,0.0
6,0.03,128,0.04506495663821469,0.0
6,0.03,129,0.040445533586764004,0.0
6,0.03,130,0.04001455944345851,0.0
6,0.03,131,0.04103950314105575,0.0
6,0.03,132,0.03755194703371918,0.0
6,0.03,133,0.03291229858729454,0.0
6,0.03,134,0.038949911454163794,0.0
6,0.03,135,0.0429736830530175,0.0
6,0.03,136,0.04475312245027108,0.0
6,0.03,137,0.04030468781697483,0.0
6,0.03,138,0.042245110427531346,0.0
6,0.03,139,0.039846956582394066,0.0
6,0.03,140,0.0355899883095252,0.0
6,0.03,141,0.029045500855587478,0.0
6,0.03,142,0.024988450161132495,0.0
6,0.03,143,0.018620593957522504,0.0
6,0.03,144,0.019681785330832216,0.0
6,0.03,145,0.019637566551207332,0.0
6,0.03,146,0.01961178622052934,0.0
6,0.03,147,0.017608917315772653,0.0
6,0.03,148,0.01804187758420728,0.0
6,0.03,149,0.02234184936177297,0.0
6,0.03,150,0.019622503812942577,0.0
6,0.03,151,0.020412647370460092,0.0
6,0.03,152,0.019839970931519454,0.0
6,0.03,153,0.02052414251446967,0.0
6,0.03,154,0.022239326376992524,0.0
6,0.03,155,0.029724580840357357,0.0
6,0.03,156,0.025621548921288654,0.0
6,0.03,157,0.027254748290466094,0.0
6,0.03,158,0.03233354252039326,0.0
6,0.03,159,0.03417582670003376,0.0
6,0.03,160,0.03209273140299426,0.0
6,0.03,161,0.03393965161221588,0.0
6,0.03,162,0.03603114594815652,0.0
6,0.03,163,0.039148309374901456,0.0
6,0.03,164,0.04279138802053363,0.0
6,0.03,165,0.03743633607879202,0.0
6,0.03,166,0.029244935749839357,0.0
6,0.03,167,0.02757472901924493,0.0
6,0.03,168,0.02350557735810329,0.0
6,0.03,169,0.03433835941858869,0.0
6,0.03,170,0.03228224983540141,0.0
6,0.03,171,0.03712281939463144,0.0
6,0.03,172,0.03700514677246053,0.0
6,0.03,173,0.0399542174341721,0.0
6,0.03,174,0.029479138073155674,0.0
6,0.03,175,0.031223389227782294,0.0
6,0.03,176,0.03477384130045778,0.0
6,0.03,177,0.0346277970031614,0.0
6,0.03,178,0.03859818171170283,0.0
6,0.03,179,0.03615427829500905,0.0
6,0.03,180,0.03430244197519335,0.0
6,0.03,181,0.03482169698093181,0.0
6,0.03,182,0.03351313056989816,0.0
6,0.03,183,0.031105091633711487,0.0
6,0.03,184,0.032817151510905626,0.0
6,0.03,185,0.02819295572914474,0.0
6,0.03,186,0.02568866178310158,0.0
6,0.03,187,0.032619184503648264,0.0
6,0.03,188,0.029862008227529074,0.0
6,0.03,189,0.032111334252871875,0.0
6,0.03,190,0.027947141917142045,0.0
6,0.03,191,0.030228349880330182,0.0
6,0.03,192,0.02472281413979409,0.0
6,0.03,193,0.029871872218519512,0.0
6,0.03,194,0.026702147910053653,0.0
6,0.03,195,0.03333103720101241,0.0
6,0.03,196,0.03396475783136128,0.0
6,0.03,197,0.03793230122306804,0.0
6,0.03,198,0.03850079000581574,0.0
6,0.03,199,0.04407356287520621,0.0
6,0.03,200,0.041932217519501845,0.0
6,0.03,201,0.047967827263223455,0.0
6,0.03,202,0.04955508098994157,0.0
6,0.03,203,0.04670322300885359,0.0
6,0.03,204,0.05504314795978166,0.0
6,0.03,205,0.05439683828241549,0.0
6,0.03,206,0.04948265423171537,0.0
6,0.03,207,0.05427172508028591,0.0
6,0.03,208,0.05776467542598839,0.0
6,0.03,209,0.0669054887984673,0.0
6,0.03,210,0.0673296944990131,0.0
6,0.03,211,0.05934409999932694,0.0
6,0.03,212,0.06735336726520705,0.0
6,0.03,213,0.07112331951015985,0.0
6,0.03,214,0.08483780574496728,0.0
6,0.03,215,0.07715703587874055,0.0
6,0.03,216,0.07529484684000906,0.0
6,0.03,217,0.0725018204083375,0.0
6,0.03,218,0.0632533082065321,0.0
6,0.03,219,0.07480303470364796,0.0
6,0.03,220,0.07684761677012936,0.0
6,0.03,221,0.07726203429686392,0.0
6,0.03,222,0.07574702062934958,0.0
6,0.03,223,0.07572685241371821,0.0
6,0.03,224,0.06958016835060576,0.0
6,0.03,225,0.07785740873871727,0.0
6,0.03,226,0.0762556332105511,0.0
6,0.03,227,0.05532355611414729,0.0
6,0.03,228,0.052192441173196116,0.0
6,0.03,229,0.053043264218947554,0.0
6,0.03,230,0.05550786517811892,0.0
6,0.03,231,0.05429745735886998,0.0
6,0.03,232,0.04970773330356032,0.0
6,0.03,233,0.040987449273794024,0.0
6,0.03,234,0.03955869287464879,0.0
6,0.03,235,0.04439000618743942,0.0
6,0.03,236,0.04079695349895273,0.0
6,0.03,237,0.045937407939052495,0.0
6,0.03,238,0.04171365350182949,0.0
6,0.03,239,0.0348958771390867,0.0
6,0.03,240,0.035595224074598,0.0
6,0.03,241,0.03406611930448585,0.0
6,0.03,242,0.0285021680866921,0.0
6,0.03,243,0.038943890596466954,0.0
6,0.03,244,0.03847554056015833,0.0
6,0.03,245,0.03983074150289254,0.0
6,0.03,246,0.04426727568923309,0.0
6,0.03,247,0.049895138452293895,0.0
6,0.03,248,0.05131731315844998,0.0
6,0.03,249,0.0416974105592622,0.0
6,0.03,250,0.046490089230490195,0.0
6,0.03,251,0.03876459471672163,0.0
6,0.03,252,0.03978880751820593,0.0
6,0.03,253,0.046018043927798964,0.0
6,0.03,254,0.03702886319423597,0.0
6,0.03,255,0.03920160259387096,0.0
6,0.03,256,0.03556583658639738,0.0
6,0.03,257,0.03295284921656209,0.0
6,0.03,258,0.034599412669576946,0.0
6,0.03,259,0.03869282990468329,0.0
6,0.03,260,0.038208728249857576,0.0
6,0.03,261,0.04038015475615996,0.0
6,0.03,262,0.0336548673056346,0.0
6,0.03,263,0.03346985834717362,0.0
6,0.03,264,0.031307835255702784,0.0
6,0.03,265,0.02937323868589823,0.0
6,0.03,266,0.031329804441967604,0.0
6,0.03,267,0.034555761210689324,0.0
6,0.03,268,0.03767046220769321,0.0
6,0.03,269,0.03957245107569816,0.0
6,0.03,270,0.04171351873042876,0.0
6,0.03,271,0.04962794519315108,0.0
6,0.03,272,0.05059649245754946,0.0
6,0.03,273,0.045614967868635885,0.0
6,0.03,274,0.0470362972194076,0.0
6,0.03,275,0.040710095163330726,0.0
6,0.03,276,0.040384170808927845,0.0
6,0.03,277,0.044638731969574484,0.0
6,0.03,278,0.05277892462363676,0.0
6,0.03,279,0.04878983869072383,0.0
6,0.03,280,0.05552697089049908,0.0
6,0.03,281,0.05533206898903265,0.0
6,0.03,282,0.054697711245135144,0.0
6,0.03,283,0.052900056208264636,0.0
6,0.03,284,0.05064629354168543,0.0
6,0.03,285,0.059738972762642735,0.0
6,0.03,286,0.05770226991294783,0.0
6,0.03,287,0.05405422543255723,0.0
6,0.03,288,0.06467505392478211,0.0
6,0.03,289,0.06575717741235863,0.0
6,0.03,290,0.059992015476241764,0.0
6,0.03,291,0.06299984969902708,0.0
6,0.03,292,0.06043355440043945,0.0
6,0.03,293,0.05200497152676197,0.0
6,0.03,294,0.04616962098498578,0.0
6,0.03,295,0.04788195774994338,0.0
6,0.03,296,0.0398894796185413,0.0
6,0.03,297,0.03534975423807901,0.0
6,0.03,298,0.03504866764085219,0.0
6,0.03,299,0.036874889244049185,0.0
6,0.03,300,0.039396289397400114,0.0
6,0.03,301,0.03322796353816221,0.0
6,0.03,302,0.03744299169440048,0.0
6,0.03,303,0.031074008506461602,0.0
6,0.03,304,0.028276935250532712,0.0
6,0.03,305,0.029810714079477555,0.0
6,0.03,306,0.03420033128642423,0.0
6,0.03,307,0.032783704566401985,0.0
6,0.03,308,0.0375008071946653,0.0
6,0.03,309,0.03700676131459239,0.0
6,0.03,310,0.030740010319449427,0.0
6,0.03,311,0.03094541524934716,0.0
6,0.03,312,0.03413687780507387,0.0
6,0.03,313,0.03760345455306949,0.0
6,0.03,314,0.046743130036402916,0.0
6,0.03,315,0.04496775581741054,0.0
6,0.03,316,0.043363602441721556,0.0
6,0.03,317,0.04074617413094336,0.0
6,0.03,318,0.03451855268761981,0.0
6,0.03,319,0.0362889287403057,0.0
6,0.03,320,0.04149940391921832,0.0
6,0.03,321,0.0336695871662233,0.0
6,0.03,322,0.03411144236689507,0.0
6,0.03,323,0.04315031110813261,0.0
6,0.03,324,0.037374926262326066,0.0
6,0.03,325,0.03457019938609746,0.0
6,0.03,326,0.040657502119679244,0.0
6,0.03,327,0.043605740504581665,0.0
6,0.03,328,0.04106035141899081,0.0
6,0.03,329,0.03844551069609453,0.0
6,0.03,330,0.03617203552220977,0.0
6,0.03,331,0.042648420999617055,0.0
6,0.03,332,0.042608248387549806,0.0
6,0.03,333,0.038084401681624684,0.0
6,0.03,334,0.0419281361644954,0.0
6,0.03,335,0.05232824198458059,0.0
6,0.03,336,0.055354249748019446,0.0
6,0.03,337,0.04129351107079698,0.0
6,0.03,338,0.0403715693623449,0.0
6,0.03,339,0.05607867228944632,0.0
6,0.03,340,0.05408470119698764,0.0
6,0.03,341,0.05972871258576611,0.0
6,0.03,342,0.04906872910470659,0.0
6,0.03,343,0.04471234082559573,0.0
6,0.03,344,0.04030692449843053,0.0
6,0.03,345,0.04222670439935487,0.0
6,0.03,346,0.043146126202595544,0.0
6,0.03,347,0.04324613372295799,0.0
6,0.03,348,0.03568769418975198,0.0
6,0.03,349,0.03090821809158374,0.0
6,0.03,350,0.0357470703788312,0.0
6,0.03,351,0.03698675576318804,0.0
6,0.03,352,0.03651158513475381,0.0
6,0.03,353,0.035103634499656054,0.0
6,0.03,354,0.040313102720579704,0.0
6,0.03,355,0.04311257553218608,0.0
6,0.03,356,0.04160468704297651,0.0
6,0.03,357,0.03367778055943728,0.0
6,0.03,358,0.030264854378459348,0.0
6,0.03,359,0.0320740064903545,0.0
6,0.03,360,0.03799892995560757,0.0
6,0.03,361,0.03531680543102382,0.0
6,0.03,362,0.03768856162634593,0.0
6,0.03,363,0.0342850386748985,0.0
6,0.03,364,0.03879182810693877,0.0
6,0.03,365,0.03673350206802486,0.0
6,0.03,366,0.032504560016726615,0.0
6,0.03,367,0.03230185579077429,0.0
6,0.03,368,0.03128108946360557,0.0
6,0.03,369,0.03266463362835343,0.0
6,0.03,370,0.03256415821422764,0.0
6,0.03,371,0.032036525461685804,0.0
6,0.03,372,0.03628942249762767,0.0
6,0.03,373,0.04021993497573759,0.0
6,0.03,374,0.042372216108231005,0.0
6,0.03,375,0.03711554303548134,0.0
6,0.03,376,0.04172169163976457,0.0
6,0.03,377,0.04426302481758498,0.0
6,0.03,378,0.04432510959703487,0.0
6,0.03,379,0.040718746229122374,0.0
6,0.03,380,0.03655062888134538,0.0
6,0.03,381,0.03839607383117621,0.0
6,0.03,382,0.04035967417744775,0.0
6,0.03,383,0.035765614912058825,0.0
6,0.03,384,0.04105596321661295,0.0
6,0.03,385,0.04812544300363965,0.0
6,0.03,386,0.04038859919095324,0.0
6,0.03,387,0.03180383529821967,0.0
6,0.03,388,0.027578432993610017,0.0
6,0.03,389,0.026915058068023138,0.0
6,0.03,390,0.028352025646225517,0.0
6,0.03,391,0.027216578992266992,0.0
6,0.03,392,0.03078376148432644,0.0
6,0.03,393,0.026608320501991908,0.0
6,0.03,394,0.02663359034506839,0.0
6,0.03,395,0.029776533563529425,0.0
6,0.03,396,0.027938865864253787,0.0
6,0.03,397,0.029493410555724683,0.0
6,0.03,398,0.038422657309531746,0.0
6,0.03,399,0.034102441772754705,0.0
6,0.03,400,0.033556530881152825,0.0
6,0.03,401,0.03217410583672134,0.0
6,0.03,402,0.03609948937181313,0.0
6,0.03,403,0.037174899375655455,0.0
6,0.03,404,0.040254225715113064,0.0
6,0.03,405,0.04044098386821302,0.0
6,0.03,406,0.04120722845201581,0.0
6,0.03,407,0.04235639347310341,0.0
6,0.03,408,0.03805231001161004,0.0
6,0.03,409,0.04217338966495315,0.0
6,0.03,410,0.04205185036897413,0.0
6,0.03,411,0.03325182771847103,0.0
6,0.03,412,0.035475675418336176,0.0
6,0.03,413,0.039170786940969246,0.0
6,0.03,414,0.04128858432734634,0.0
6,0.03,415,0.04212044393940815,0.0
6,0.03,416,0.036951928841106506,0.0
6,0.03,417,0.0389329391604464,0.0
6,0.03,418,0.0332875810750054,0.0
6,0.03,419,0.040805264734720154,0.0
6,0.03,420,0.03715960278895838,0.0
6,0.03,421,0.03296583274247415,0.0
6,0.03,422,0.034417147737565865,0.0
6,0.03,423,0.031621852336113164,0.0
6,0.03,424,0.02569388720735454,0.0
6,0.03,425,0.025602077547366275,0.0
6,0.03,426,0.028600129679860663,0.0
6,0.03,427,0.028103403607620377,0.0
6,0.03,428,0.027177211750397143,0.0
6,0.03,429,0.03766337966247899,0.0
6,0.03,430,0.04202891758683435,0.0
6,0.03,431,0.05353541603497021,0.0
6,0.03,432,0.044084967614339624,0.0
6,0.03,433,0.047477459026164404,0.0
6,0.03,434,0.043647914857883906,0.0
6,0.03,435,0.04054742486462672,0.0
6,0.03,436,0.046165950050603775,0.0
6,0.03,437,0.04736211569103474,0.0
6,0.03,438,0.045650030526535816,0.0
6,0.03,439,0.04928511004567459,0.0
6,0.03,440,0.056586717817718485,0.0
6,0.03,441,0.054762218032852916,0.0
6,0.03,442,0.0483168104739174,0.0
6,0.03,443,0.05004943245977118,0.0
6,0.03,444,0.05257778350996891,0.0
6,0.03,445,0.04901846386153518,0.0
6,0.03,446,0.04274827309586844,0.0
6,0.03,447,0.04756304966335183,0.0
6,0.03,448,0.04075218442829257,0.0
6,0.03,449,0.0469616937924366,0.0
6,0.03,450,0.03743130746441299,0.0
6,0.03,451,0.03884303862704618,0.0
6,0.03,452,0.03970520081282686,0.0
6,0.03,453,0.03515713892279659,0.0
6,0.03,454,0.04430928723590928,0.0
6,0.03,455,0.045845103870676356,0.0
6,0.03,456,0.03945392814988382,0.0
6,0.03,457,0.047163909798451684,0.0
6,0.03,458,0.052422841212242034,0.0
6,0.03,459,0.05452911147867599,0.0
6,0.03,460,0.05010613057543467,0.0
6,0.03,461,0.05756712572019284,0.0
6,0.03,462,0.05423614714397864,0.0
6,0.03,463,0.05990391495111852,0.0
6,0.03,464,0.05740005620969416,0.0
6,0.03,465,0.05588699407501267,0.0
6,0.03,466,0.059462293308186046,0.0
6,0.03,467,0.05011279806398865,0.0
6,0.03,468,0.049214629344793065,0.0
6,0.03,469,0.05458564523244205,0.0
6,0.03,470,0.0507853408677327,0.0
6,0.03,471,0.04935454631029413,0.0
6,0.03,472,0.052178752683035394,0.0
6,0.03,473,0.04899994368952283,0.0
6,0.03,474,0.04819757815756373,0.0
6,0.03,475,0.04373211963779775,0.0
6,0.03,476,0.04691301977902217,0.0
6,0.03,477,0.04603271126076597,0.0
6,0.03,478,0.05263019579511674,0.0
6,0.03,479,0.053570482142904795,0.0
6,0.03,480,0.05659627294036774,0.0
6,0.03,481,0.06131210012824951,0.0
6,0.03,482,0.055051201534769334,0.0
6,0.03,483,0.05609864841126943,0.0
6,0.03,484,0.058717401203975526,0.0
6,0.03,485,0.06167359938532194,0.0
6,0.03,486,0.0631320102549141,0.0
6,0.03,487,0.06365192169634505,0.0
6,0.03,488,0.05807017889227658,0.0
6,0.03,489,0.05120042613334688,0.0
6,0.03,490,0.051495763259835466,0.0
6,0.03,491,0.046615569535794814,0.0
6,0.03,492,0.048306452928397324,0.0
6,0.03,493,0.051645587830368204,0.0
6,0.03,494,0.04964824330405892,0.0
6,0.03,495,0.0505798596671538,0.0
6,0.03,496,0.04717205782542494,0.0
6,0.03,497,0.04877961556822144,0.0
6,0.03,498,0.055855949967836195,0.0
6,0.03,499,0.05728279478681187,0.0
6,0.03,500,0.06175020467322309,0.0
6,0.05,0,0.09239823946886362,0.0
6,0.05,1,0.05331680445151757,0.0
6,0.05,2,0.040365757930495086,0.0
6,0.05,3,0.04026130909204321,0.0
6,0.05,4,0.03913454166784443,0.0
6,0.05,5,0.04274460591196541,0.0
6,0.05,6,0.043293923645846256,0.0
6,0.05,7,0.03159526708852914,0.0
6,0.05,8,0.029978396288704606,0.0
6,0.05,9,0.03557213757497093,0.0
6,0.05,10,0.03662531631972893,0.0
6,0.05,11,0.031875161212597876,0.0
6,0.05,12,0.038687919886516584,0.0
6,0.05,13,0.038306404670547155,0.0
6,0.05,14,0.040736587297265946,0.0
6,0.05,15,0.033880281369707006,0.0
6,0.05,16,0.04670540761216352,0.0
6,0.05,17,0.04633558057443248,0.0
6,0.05,18,0.04620456580886666,0.0
6,0.05,19,0.03906845175652441,0.0
6,0.05,20,0.04150338587417906,0.0
6,0.05,21,0.04277759111022565,0.0
6,0.05,22,0.04507898129489723,0.0
6,0.05,23,0.052253911223749366,0.0
6,0.05,24,0.056708341869425485,0.0
6,0.05,25,0.0566029492960531,0.0
6,0.05,26,0.06006303501938963,0.0
6,0.05,27,0.06106220845051775,0.0
6,0.05,28,0.05882011729799083,0.0
6,0.05,29,0.06711330832235694,0.0
6,0.05,30,0.04551828368391348,0.0
6,0.05,31,0.045792817875330044,0.0
6,0.05,32,0.044441143816650854,0.0
6,0.05,33,0.05696178894370186,0.0
6,0.05,34,0.0557461981136873,0.0
6,0.05,35,0.06310031860596337,0.0
6,0.05,36,0.06069062820686644,0.0
6,0.05,37,0.06551744629569603,0.0
6,0.05,38,0.06072731931832199,0.0
6,0.05,39,0.0643827334067231,0.0
6,0.05,40,0.06055614016433415,0.0
6,0.05,41,0.06798302468699191,0.0
6,0.05,42,0.06999371588984088,0.0
6,0.05,43,0.07605020994253767,0.0
6,0.05,44,0.07312549029840158,0.0
6,0.05,45,0.0734910634618208,0.0
6,0.05,46,0.06892865796790212,0.0
6,0.05,47,0.06264001154255061,0.0
6,0.05,48,0.06265970145289156,0.0
6,0.05,49,0.06191918179882581,0.0
6,0.05,50,0.05724638897219397,0.0
6,0.05,51,0.04872280147639378,0.0
6,0.05,52,0.0452573815630676,0.0
6,0.05,53,0.04509938093681229,0.0
6,0.05,54,0.04709132421922188,0.0
6,0.05,55,0.049781312687246955,0.0
6,0.05,56,0.04868869701494161,0.0
6,0.05,57,0.04870996723012881,0.0
6,0.05,58,0.05326421622632458,0.0
6,0.05,59,0.04380718645612539,0.0
6,0.05,60,0.043282353207035135,0.0
6,0.05,61,0.04717042071349741,0.0
6,0.05,62,0.05082954588027703,0.0
6,0.05,63,0.057384260527842824,0.0
6,0.05,64,0.0517805529950711,0.0
6,0.05,65,0.057052163042299216,0.0
6,0.05,66,0.052715779413346216,0.0
6,0.05,67,0.052052870175708324,0.0
6,0.05,68,0.05100876830398095,0.0
6,0.05,69,0.04501236438479235,0.0
6,0.05,70,0.04128062018309471,0.0
6,0.05,71,0.04091871702038264,0.0
6,0.05,72,0.04658170708529087,0.0
6,0.05,73,0.04158501878449166,0.0
6,0.05,74,0.03382585455066917,0.0
6,0.05,75,0.038563731798968104,0.0
6,0.05,76,0.039230514718761066,0.0
6,0.05,77,0.03971645761996505,0.0
6,0.05,78,0.03868113978362355,0.0
6,0.05,79,0.03841366796317506,0.0
6,0.05,80,0.040953700077719715,0.0
6,0.05,81,0.039993258975186546,0.0
6,0.05,82,0.04210362834912631,0.0
6,0.05,83,0.04656044127424327,0.0
6,0.05,84,0.040170490344297025,0.0
6,0.05,85,0.03638400408813594,0.0
6,0.05,86,0.03128266817391446,0.0
6,0.05,87,0.03371240953396297,0.0
6,0.05,88,0.028316023105244382,0.0
6,0.05,89,0.02794502306628459,0.0
6,0.05,90,0.033466478204216554,0.0
6,0.05,91,0.03032972405309515,0.0
6,0.05,92,0.032201647776937764,0.0
6,0.05,93,0.0346026062640019,0.0
6,0.05,94,0.039247052233517106,0.0
6,0.05,95,0.03804876568893811,0.0
6,0.05,96,0.04163265385461596,0.0
6,0.05,97,0.04118656869508025,0.0
6,0.05,98,0.04256023222904376,0.0
6,0.05,99,0.037468481750325904,0.0
6,0.05,100,0.03237046253736338,0.0
6,0.05,101,0.0348763016762222,0.0
6,0.05,102,0.03842340806485861,0.0
6,0.05,103,0.038074437365866666,0.0
6,0.05,104,0.02985037925121906,0.0
6,0.05,105,0.03183637027231236,0.0
6,0.05,106,0.03478989271598263,0.0
6,0.05,107,0.03375790132684695,0.0
6,0.05,108,0.032582793004386476,0.0
6,0.05,109,0.033594702556322235,0.0
6,0.05,110,0.03581308632230296,0.0
6,0.05,111,0.03984776603159792,0.0
6,0.05,112,0.03523176491256707,0.0
6,0.05,113,0.03758435047176586,0.0
6,0.05,114,0.027025955446053303,0.0
6,0.05,115,0.033350004453450335,0.0
6,0.05,116,0.03267093923429235,0.0
6,0.05,117,0.03409542561863089,0.0
6,0.05,118,0.02848446485883094,0.0
6,0.05,119,0.03142506310524106,0.0
6,0.05,120,0.037236944985950204,0.0
6,0.05,121,0.030665556374411467,0.0
6,0.05,122,0.031633695979089375,0.0
6,0.05,123,0.032171763012649145,0.0
6,0.05,124,0.02994549194735057,0.0
6,0.05,125,0.029307343400012714,0.0
6,0.05,126,0.02859145474178003,0.0
6,0.05,127,0.03545889976837872,0.0
6,0.05,128,0.027359155640505072,0.0
6,0.05,129,0.025450269937633285,0.0
6,0.05,130,0.03009946040783653,0.0
6,0.05,131,0.029718028244985945,0.0
6,0.05,132,0.031180840182181285,0.0
6,0.05,133,0.03178413572273062,0.0
6,0.05,134,0.027928908096196706,0.0
6,0.05,135,0.02393190528868711,0.0
6,0.05,136,0.026486955275551876,0.0
6,0.05,137,0.02466798962174892,0.0
6,0.05,138,0.025330874222067857,0.0
6,0.05,139,0.026694021348883056,0.0
6,0.05,140,0.029016954071445243,0.0
6,0.05,141,0.0359682437480147,0.0
6,0.05,142,0.038162520337670244,0.0
6,0.05,143,0.03705745011111319,0.0
6,0.05,144,0.03607763210431629,0.0
6,0.05,145,0.03399359306013912,0.0
6,0.05,146,0.031077211930700597,0.0
6,0.05,147,0.026429858632078775,0.0
6,0.05,148,0.028987960651072325,0.0
6,0.05,149,0.03280418237735621,0.0
6,0.05,150,0.033438491218841036,0.0
6,0.05,151,0.027650173624779104,0.0
6,0.05,152,0.02260298221622005,0.0
6,0.05,153,0.023229989758870567,0.0
6,0.05,154,0.023577357804260336,0.0
6,0.05,155,0.02013382626940534,0.0
6,0.05,156,0.023093181787313108,0.0
6,0.05,157,0.026482601421003945,0.0
6,0.05,158,0.02295702037802599,0.0
6,0.05,159,0.023074877428007876,0.0
6,0.05,160,0.02553802728554731,0.0
6,0.05,161,0.028199499880437028,0.0
6,0.05,162,0.02974871947458879,0.0
6,0.05,163,0.0319680795270131,0.0
6,0.05,164,0.03046535536658519,0.0
6,0.05,165,0.033915097308435616,0.0
6,0.05,166,0.03277338397110418,0.0
6,0.05,167,0.03206111457864598,0.0
6,0.05,168,0.02922321909465032,0.0
6,0.05,169,0.037245042969563984,0.0
6,0.05,170,0.03304289638885142,0.0
6,0.05,171,0.034715862042237505,0.0
6,0.05,172,0.03180895883862554,0.0
6,0.05,173,0.03025359098722101,0.0
6,0.05,174,0.030383820138017405,0.0
6,0.05,175,0.029892282162492713,0.0
6,0.05,176,0.0335947341192532,0.0
6,0.05,177,0.032578167188828826,0.0
6,0.05,178,0.034588638995578486,0.0
6,0.05,179,0.03526844608590773,0.0
6,0.05,180,0.03715437525931267,0.0
6,0.05,181,0.034569188139539006,0.0
6,0.05,182,0.03230248150012591,0.0
6,0.05,183,0.040030248144154,0.0
6,0.05,184,0.04647296505948172,0.0
6,0.05,185,0.042046774222033664,0.0
6,0.05,186,0.041558684134396735,0.0
6,0.05,187,0.03446173341890859,0.0
6,0.05,188,0.038989978369945666,0.0
6,0.05,189,0.04170279979468325,0.0
6,0.05,190,0.038688224872875286,0.0
6,0.05,191,0.04334713349646064,0.0
6,0.05,192,0.0335964649334821,0.0
6,0.05,193,0.03239726288659132,0.0
6,0.05,194,0.031480925419140306,0.0
6,0.05,195,0.03901079037626615,0.0
6,0.05,196,0.03420572762441769,0.0
6,0.05,197,0.02781298169851476,0.0
6,0.05,198,0.03181487201585817,0.0
6,0.05,199,0.03671867828993764,0.0
6,0.05,200,0.029539163995953834,0.0
6,0.05,201,0.02921694612730473,0.0
6,0.05,202,0.03253472185782298,0.0
6,0.05,203,0.032289819356212626,0.0
6,0.05,204,0.03197646029826527,0.0
6,0.05,205,0.03278244419358331,0.0
6,0.05,206,0.032632802469463894,0.0
6,0.05,207,0.03478602825750396,0.0
6,0.05,208,0.030755420953727824,0.0
6,0.05,209,0.03696901890548805,0.0
6,0.05,210,0.036477115221489505,0.0
6,0.05,211,0.0326673238399886,0.0
6,0.05,212,0.025550710961595315,0.0
6,0.05,213,0.02935886016425726,0.0
6,0.05,214,0.03352821210781859,0.0
6,0.05,215,0.037920562354302065,0.0
6,0.05,216,0.0390103651017295,0.0
6,0.05,217,0.03383561799578836,0.0
6,0.05,218,0.040107768560451534,0.0
6,0.05,219,0.037833165620698835,0.0
6,0.05,220,0.03110744661523247,0.0
6,0.05,221,0.02756517711581869,0.0
6,0.05,222,0.030169318055008918,0.0
6,0.05,223,0.031323169991007524,0.0
6,0.05,224,0.033812030714150454,0.0
6,0.05,225,0.02818737793647616,0.0
6,0.05,226,0.025539794853896923,0.0
6,0.05,227,0.02109035744930213,0.0
6,0.05,228,0.02465520954946323,0.0
6,0.05,229,0.028602707809162776,0.0
6,0.05,230,0.02667061247624337,0.0
6,0.05,231,0.03217658003462373,0.0
6,0.05,232,0.03223909443151378,0.0
6,0.05,233,0.033124076750672304,0.0
6,0.05,234,0.028510989629702506,0.0
6,0.05,235,0.02907732386972941,0.0
6,0.05,236,0.032601445484364666,0.0
6,0.05,237,0.027641658340061458,0.0
6,0.05,238,0.02398048437526355,0.0
6,0.05,239,0.026975153064652882,0.0
6,0.05,240,0.027105959897668806,0.0
6,0.05,241,0.025215919465384266,0.0
6,0.05,242,0.02456030632640551,0.0
6,0.05,243,0.026560194426650755,0.0
6,0.05,244,0.02310183216873839,0.0
6,0.05,245,0.02728190852782377,0.0
6,0.05,246,0.024285651446574737,0.0
6,0.05,247,0.028289952193574764,0.0
6,0.05,248,0.02338511712793429,0.0
6,0.05,249,0.029053551493816925,0.0
6,0.05,250,0.026266276536096086,0.0
6,0.05,251,0.02566671671470014,0.0
6,0.05,252,0.029576324938814298,0.0
6,0.05,253,0.028097624711618748,0.0
6,0.05,254,0.029460877213612614,0.0
6,0.05,255,0.030538171543210767,0.0
6,0.05,256,0.03581723518980808,0.0
6,0.05,257,0.03313512332197797,0.0
6,0.05,258,0.04075158348673361,0.0
6,0.05,259,0.043517339730479804,0.0
6,0.05,260,0.03984240167219783,0.0
6,0.05,261,0.03183687273860904,0.0
6,0.05,262,0.02668901407917696,0.0
6,0.05,263,0.03304097658394713,0.0
6,0.05,264,0.03265457487859707,0.0
6,0.05,265,0.02937679723569383,0.0
6,0.05,266,0.026777028187650397,0.0
6,0.05,267,0.02860407429336512,0.0
6,0.05,268,0.028017047036045316,0.0
6,0.05,269,0.024328138657569488,0.0
6,0.05,270,0.025757925471018545,0.0
6,0.05,271,0.027320813106274336,0.0
6,0.05,272,0.026008253794592203,0.0
6,0.05,273,0.022828920217285303,0.0
6,0.05,274,0.0201509467106355,0.0
6,0.05,275,0.022061945471666445,0.0
6,0.05,276,0.021068089872932586,0.0
6,0.05,277,0.020418220898614673,0.0
6,0.05,278,0.017742628546213054,0.0
6,0.05,279,0.017494757153838587,0.0
6,0.05,280,0.02313577612645152,0.0
6,0.05,281,0.027077762915112564,0.0
6,0.05,282,0.02774282981177754,0.0
6,0.05,283,0.033985416069441145,0.0
6,0.05,284,0.02785964099699114,0.0
6,0.05,285,0.030528709796788372,0.0
6,0.05,286,0.02283288385595315,0.0
6,0.05,287,0.02433579372651911,0.0
6,0.05,288,0.023173410231353136,0.0
6,0.05,289,0.021765795654265223,0.0
6,0.05,290,0.024647684510675207,0.0
6,0.05,291,0.028089427279379638,0.0
6,0.05,292,0.025351951072932817,0.0
6,0.05,293,0.030014332228995425,0.0
6,0.05,294,0.03538549063233012,0.0
6,0.05,295,0.03590239037596749,0.0
6,0.05,296,0.03924891841957502,0.0
6,0.05,297,0.03035795799113483,0.0
6,0.05,298,0.029699980702341443,0.0
6,0.05,299,0.03044355303826916,0.0
6,0.05,300,0.025350118003677195,0.0
6,0.05,301,0.02984710464029941,0.0
6,0.05,302,0.027593888634188036,0.0
6,0.05,303,0.025398982729164996,0.0
6,0.05,304,0.025597001808292455,0.0
6,0.05,305,0.02913999483794592,0.0
6,0.05,306,0.026996305560985992,0.0
6,0.05,307,0.02291843047412401,0.0
6,0.05,308,0.028379034130597627,0.0
6,0.05,309,0.031281431378486275,0.0
6,0.05,310,0.03182876567552224,0.0
6,0.05,311,0.02586151374533214,0.0
6,0.05,312,0.03195054716003409,0.0
6,0.05,313,0.02275706064408722,0.0
6,0.05,314,0.027109919076172277,0.0
6,0.05,315,0.025577201407236457,0.0
6,0.05,316,0.027858350441664625,0.0
6,0.05,317,0.027520335235857066,0.0
6,0.05,318,0.02967013968126144,0.0
6,0.05,319,0.029172716484594817,0.0
6,0.05,320,0.034531425537101874,0.0
6,0.05,321,0.03244968751284025,0.0
6,0.05,322,0.026926336615739857,0.0
6,0.05,323,0.02703774324841658,0.0
6,0.05,324,0.028864146876143672,0.0
6,0.05,325,0.03436632864454222,0.0
6,0.05,326,0.03885211560087705,0.0
6,0.05,327,0.04315744845913271,0.0
6,0.05,328,0.04089860622135163,0.0
6,0.05,329,0.045496285139330635,0.0
6,0.05,330,0.04353777571428544,0.0
6,0.05,331,0.042061270499726085,0.0
6,0.05,332,0.04074652311210888,0.0
6,0.05,333,0.03774781600219768,0.0
6,0.05,334,0.03760151890667506,0.0
6,0.05,335,0.040036527505123445,0.0
6,0.05,336,0.03888551271461202,0.0
6,0.05,337,0.03531219846849766,0.0
6,0.05,338,0.027552455617413915,0.0
6,0.05,339,0.031154163478420163,0.0
6,0.05,340,0.035230111920919335,0.0
6,0.05,341,0.02997296094569985,0.0
6,0.05,342,0.027881000341570795,0.0
6,0.05,343,0.029008217323791642,0.0
6,0.05,344,0.02586631367270832,0.0
6,0.05,345,0.027640993384786868,0.0
6,0.05,346,0.02884609302493106,0.0
6,0.05,347,0.03020151629470407,0.0
6,0.05,348,0.03474519816826767,0.0
6,0.05,349,0.03294863105580959,0.0
6,0.05,350,0.028124840275221715,0.0
6,0.05,351,0.028846483510863618,0.0
6,0.05,352,0.033519004459681034,0.0
6,0.05,353,0.035306612923149634,0.0
6,0.05,354,0.030436044865115208,0.0
6,0.05,355,0.03166945840381827,0.0
6,0.05,356,0.029152962131724816,0.0
6,0.05,357,0.03423132625517301,0.0
6,0.05,358,0.03707512559850432,0.0
6,0.05,359,0.031788942645033375,0.0
6,0.05,360,0.03307094106030148,0.0
6,0.05,361,0.029850445033494342,0.0
6,0.05,362,0.036079854785151334,0.0
6,0.05,363,0.03525617840337833,0.0
6,0.05,364,0.03210087944226101,0.0
6,0.05,365,0.03067715312418962,0.0
6,0.05,366,0.029667306435701247,0.0
6,0.05,367,0.03451148351077435,0.0
6,0.05,368,0.03718205434180516,0.0
6,0.05,369,0.033249034527251635,0.0
6,0.05,370,0.03228386738701553,0.0
6,0.05,371,0.03623220339565991,0.0
6,0.05,372,0.035644421344057015,0.0
6,0.05,373,0.03944506414972959,0.0
6,0.05,374,0.04032316422051479,0.0
6,0.05,375,0.04298125655189447,0.0
6,0.05,376,0.04136319162131577,0.0
6,0.05,377,0.042894275094402474,0.0
6,0.05,378,0.04096146814459121,0.0
6,0.05,379,0.041585182572031275,0.0
6,0.05,380,0.038961770273455244,0.0
6,0.05,381,0.041828897021253565,0.0
6,0.05,382,0.03926112681862791,0.0
6,0.05,383,0.03394422238511541,0.0
6,0.05,384,0.033643428454423766,0.0
6,0.05,385,0.035932153738908304,0.0
6,0.05,386,0.03912545155371146,0.0
6,0.05,387,0.03812052620105394,0.0
6,0.05,388,0.043152924107861826,0.0
6,0.05,389,0.03738722787896291,0.0
6,0.05,390,0.035026570957080685,0.0
6,0.05,391,0.03332869850257732,0.0
6,0.05,392,0.03933325990458068,0.0
6,0.05,393,0.03576618698253869,0.0
6,0.05,394,0.04037871081376749,0.0
6,0.05,395,0.034514503905100184,0.0
6,0.05,396,0.03675468670720255,0.0
6,0.05,397,0.0416647363828027,0.0
6,0.05,398,0.052340932852264856,0.0
6,0.05,399,0.043501170390963136,0.0
6,0.05,400,0.042256786084366844,0.0
6,0.05,401,0.032930412696049974,0.0
6,0.05,402,0.03003794449182873,0.0
6,0.05,403,0.03167835320133522,0.0
6,0.05,404,0.027393278193494276,0.0
6,0.05,405,0.025608063256526935,0.0
6,0.05,406,0.03026932177432101,0.0
6,0.05,407,0.028960944773827702,0.0
6,0.05,408,0.022144815652363706,0.0
6,0.05,409,0.02725158892023211,0.0
6,0.05,410,0.02727084045910552,0.0
6,0.05,411,0.03369579985358064,0.0
6,0.05,412,0.0324551363198136,0.0
6,0.05,413,0.03345061950295949,0.0
6,0.05,414,0.03386263311216599,0.0
6,0.05,415,0.03626743060220298,0.0
6,0.05,416,0.03474522420486483,0.0
6,0.05,417,0.029926804543024633,0.0
6,0.05,418,0.033116593014119816,0.0
6,0.05,419,0.0344035248516772,0.0
6,0.05,420,0.032366337759197,0.0
6,0.05,421,0.03286701796620866,0.0
6,0.05,422,0.02884402028389234,0.0
6,0.05,423,0.030787824765668277,0.0
6,0.05,424,0.035679562814107384,0.0
6,0.05,425,0.029279744819215157,0.0
6,0.05,426,0.02875125688857523,0.0
6,0.05,427,0.02720628535088713,0.0
6,0.05,428,0.024171707175204,0.0
6,0.05,429,0.023376054761394545,0.0
6,0.05,430,0.030193736781175415,0.0
6,0.05,431,0.029321837511258452,0.0
6,0.05,432,0.030543813988371152,0.0
6,0.05,433,0.03575844137096715,0.0
6,0.05,434,0.0331266304705212,0.0
6,0.05,435,0.032435896820971144,0.0
6,0.05,436,0.026604351581098883,0.0
6,0.05,437,0.029152997911097964,0.0
6,0.05,438,0.02839960145812803,0.0
6,0.05,439,0.03019686494624894,0.0
6,0.05,440,0.027049931321505127,0.0
6,0.05,441,0.027948321446399006,0.0
6,0.05,442,0.034247334843080235,0.0
6,0.05,443,0.03130923098652199,0.0
6,0.05,444,0.03128422714422667,0.0
6,0.05,445,0.040604382499176486,0.0
6,0.05,446,0.037835767239891384,0.0
6,0.05,447,0.03477810256145601,0.0
6,0.05,448,0.02630025187063351,0.0
6,0.05,449,0.024665959504512235,0.0
6,0.05,450,0.02298451800704155,0.0
6,0.05,451,0.021652258435811724,0.0
6,0.05,452,0.022825546819535875,0.0
6,0.05,453,0.033224966748751375,0.0
6,0.05,454,0.03535756649125174,0.0
6,0.05,455,0.03253831348273643,0.0
6,0.05,456,0.03127896314011128,0.0
6,0.05,457,0.029459395903002342,0.0
6,0.05,458,0.027134935430628605,0.0
6,0.05,459,0.026387590313718436,0.0
6,0.05,460,0.024044083189602238,0.0
6,0.05,461,0.025975489713234295,0.0
6,0.05,462,0.024705081133868094,0.0
6,0.05,463,0.018571627508406675,0.0
6,0.05,464,0.022839393081885175,0.0
6,0.05,465,0.026766503637284323,0.0
6,0.05,466,0.030316954430191983,0.0
6,0.05,467,0.03368485259813057,0.0
6,0.05,468,0.03402400892570058,0.0
6,0.05,469,0.035854366335770195,0.0
6,0.05,470,0.03505848210299095,0.0
6,0.05,471,0.03523288298880962,0.0
6,0.05,472,0.03585369145578752,0.0
6,0.05,473,0.027508214957977763,0.0
6,0.05,474,0.026239812299268573,0.0
6,0.05,475,0.03267302172517879,0.0
6,0.05,476,0.02630291821601961,0.0
6,0.05,477,0.03019376600029787,0.0
6,0.05,478,0.027678163017594726,0.0
6,0.05,479,0.026100136010128797,0.0
6,0.05,480,0.024429431637097303,0.0
6,0.05,481,0.02326297522482392,0.0
6,0.05,482,0.02726667465335879,0.0
6,0.05,483,0.025626759674123596,0.0
6,0.05,484,0.02296815884323129,0.0
6,0.05,485,0.023852677997893458,0.0
6,0.05,486,0.029381525401078034,0.0
6,0.05,487,0.02211534845045149,0.0
6,0.05,488,0.027738938741994384,0.0
6,0.05,489,0.02157452961574289,0.0
6,0.05,490,0.023315892744734498,0.0
6,0.05,491,0.02709072908702584,0.0
6,0.05,492,0.028065674406965578,0.0
6,0.05,493,0.030080953987813408,0.0
6,0.05,494,0.025643758296398474,0.0
6,0.05,495,0.021040043314721667,0.0
6,0.05,496,0.026527399847744743,0.0
6,0.05,497,0.030751503780736808,0.0
6,0.05,498,0.034775063577111284,0.0
6,0.05,499,0.034882936420710296,0.0
6,0.05,500,0.034614685612763506,0.0
6,0.1,0,0.08591559744319613,0.0
6,0.1,1,0.04734954121098485,0.0
6,0.1,2,0.03615375947965336,0.0
6,0.1,3,0.027460316788668327,0.0
6,0.1,4,0.02661730329103768,0.0
6,0.1,5,0.025998223354199945,0.0
6,0.1,6,0.02657116293899656,0.0
6,0.1,7,0.029371948459065322,0.0
6,0.1,8,0.0250653646424321,0.0
6,0.1,9,0.024110098776818203,0.0
6,0.1,10,0.026804266862095912,0.0
6,0.1,11,0.028319268953153894,0.0
6,0.1,12,0.03615998776964073,0.0
6,0.1,13,0.03430669324799204,0.0
6,0.1,14,0.03550232514246025,0.0
6,0.1,15,0.026551666028917977,0.0
6,0.1,16,0.021925536046922947,0.0
6,0.1,17,0.023943423986263764,0.0
6,0.1,18,0.026217619659038193,0.0
6,0.1,19,0.02621053033654518,0.0
6,0.1,20,0.0326356220001718,0.0
6,0.1,21,0.03355668408836335,0.0
6,0.1,22,0.03298641859996287,0.0
6,0.1,23,0.03378098788985486,0.0
6,0.1,24,0.030191969088307936,0.0
6,0.1,25,0.03129111861671856,0.0
6,0.1,26,0.03334715535949986,0.0
6,0.1,27,0.037147873306124846,0.0
6,0.1,28,0.0374550279367076,0.0
6,0.1,29,0.034073496255322924,0.0
6,0.1,30,0.0330402726441072,0.0
6,0.1,31,0.03424038137913263,0.0
6,0.1,32,0.04371697821838239,0.0
6,0.1,33,0.044984283519009904,0.0
6,0.1,34,0.047157394215535116,0.0
6,0.1,35,0.05332421188774518,0.0
6,0.1,36,0.050587837525075695,0.0
6,0.1,37,0.0431574949062192,0.0
6,0.1,38,0.046023363782963386,0.0
6,0.1,39,0.04894197888245018,0.0
6,0.1,40,0.045446717682533964,0.0
6,0.1,41,0.043145545085463845,0.0
6,0.1,42,0.043658536532066174,0.0
6,0.1,43,0.04280606325820135,0.0
6,0.1,44,0.03900705419637855,0.0
6,0.1,45,0.03109735881589766,0.0
6,0.1,46,0.029330589622563213,0.0
6,0.1,47,0.029885910462326443,0.0
6,0.1,48,0.030441824727107467,0.0
6,0.1,49,0.031967068395979806,0.0
6,0.1,50,0.030144068992031734,0.0
6,0.1,51,0.026520344803309573,0.0
6,0.1,52,0.024764860444300395,0.0
6,0.1,53,0.02251133354706775,0.0
6,0.1,54,0.022876403015997582,0.0
6,0.1,55,0.022467032341084842,0.0
6,0.1,56,0.023394951029222188,0.0
6,0.1,57,0.022303601851605386,0.0
6,0.1,58,0.02306322115829671,0.0
6,0.1,59,0.025366900699759304,0.0
6,0.1,60,0.02148592992208609,0.0
6,0.1,61,0.02084944032669662,0.0
6,0.1,62,0.020782788584930153,0.0
6,0.1,63,0.025186548337752353,0.0
6,0.1,64,0.023418673669142232,0.0
6,0.1,65,0.02469302777574806,0.0
6,0.1,66,0.023587250908383647,0.0
6,0.1,67,0.02079243657499506,0.0
6,0.1,68,0.024263352724306658,0.0
6,0.1,69,0.02015590722800704,0.0
6,0.1,70,0.0198196659304505,0.0
6,0.1,71,0.02172610949260652,0.0
6,0.1,72,0.0209644058902675,0.0
6,0.1,73,0.024174122723659805,0.0
6,0.1,74,0.026703210885308897,0.0
6,0.1,75,0.02218549412243738,0.0
6,0.1,76,0.023157947908614796,0.0
6,0.1,77,0.023459953812085894,0.0
6,0.1,78,0.022388043189721922,0.0
6,0.1,79,0.027735706972882156,0.0
6,0.1,80,0.024925615388874185,0.0
6,0.1,81,0.02826968535689827,0.0
6,0.1,82,0.028131146415280504,0.0
6,0.1,83,0.025651785418315497,0.0
6,0.1,84,0.021621842831801193,0.0
6,0.1,85,0.02721261462103879,0.0
6,0.1,86,0.025363095533874856,0.0
6,0.1,87,0.01685843688140082,0.0
6,0.1,88,0.021184673505376356,0.0
6,0.1,89,0.02443511998265855,0.0
6,0.1,90,0.02183928409660154,0.0
6,0.1,91,0.022812653621691287,0.0
6,0.1,92,0.02669470972401068,0.0
6,0.1,93,0.03164794650749345,0.0
6,0.1,94,0.025990225548332368,0.0
6,0.1,95,0.02520032706173404,0.0
6,0.1,96,0.023610551465348073,0.0
6,0.1,97,0.026143393736848295,0.0
6,0.1,98,0.029977616375945135,0.0
6,0.1,99,0.031306201938948314,0.0
6,0.1,100,0.03655328720616813,0.0
6,0.1,101,0.03763116110397176,0.0
6,0.1,102,0.03383083113854053,0.0
6,0.1,103,0.02993828410166009,0.0
6,0.1,104,0.02418327154545005,0.0
6,0.1,105,0.02548499561116805,0.0
6,0.1,106,0.024118035810087774,0.0
6,0.1,107,0.020013042710399206,0.0
6,0.1,108,0.022861033996902407,0.0
6,0.1,109,0.018218939886985197,0.0
6,0.1,110,0.01558170472862972,0.0
6,0.1,111,0.02170351275362279,0.0
6,0.1,112,0.02165983502231378,0.0
6,0.1,113,0.017550186898959503,0.0
6,0.1,114,0.02113786720584067,0.0
6,0.1,115,0.02241912329213414,0.0
6,0.1,116,0.01775391002948999,0.0
6,0.1,117,0.015399592769723807,0.0
6,0.1,118,0.01727869835048198,0.0
6,0.1,119,0.01982039658147534,0.0
6,0.1,120,0.020411237465323317,0.0
6,0.1,121,0.021127623798070826,0.0
6,0.1,122,0.02244784249510698,0.0
6,0.1,123,0.027617636564581292,0.0
6,0.1,124,0.030948659396525486,0.0
6,0.1,125,0.01988201757002555,0.0
6,0.1,126,0.021666962849768122,0.0
6,0.1,127,0.021188753212746207,0.0
6,0.1,128,0.023613931345988926,0.0
6,0.1,129,0.02965038564611182,0.0
6,0.1,130,0.030163799713369153,0.0
6,0.1,131,0.03266524757328401,0.0
6,0.1,132,0.028473474099026688,0.0
6,0.1,133,0.031651606488940935,0.0
6,0.1,134,0.02536970362545427,0.0
6,0.1,135,0.02689187594622135,0.0
6,0.1,136,0.030076136271504402,0.0
6,0.1,137,0.024277511526164322,0.0
6,0.1,138,0.03148013457876923,0.0
6,0.1,139,0.023691125091930307,0.0
6,0.1,140,0.02337325166578527,0.0
6,0.1,141,0.026466339233279002,0.0
6,0.1,142,0.03016870826781424,0.0
6,0.1,143,0.02480225054134704,0.0
6,0.1,144,0.03313341129626296,0.0
6,0.1,145,0.03338029222082985,0.0
6,0.1,146,0.03104097576461703,0.0
6,0.1,147,0.02922620562737217,0.0
6,0.1,148,0.027737637423584052,0.0
6,0.1,149,0.025601010263752652,0.0
6,0.1,150,0.023496049068756453,0.0
6,0.1,151,0.024701221736853404,0.0
6,0.1,152,0.019888349505211938,0.0
6,0.1,153,0.019054083054714257,0.0
6,0.1,154,0.022983970864243496,0.0
6,0.1,155,0.0230829250704483,0.0
6,0.1,156,0.021125246272141643,0.0
6,0.1,157,0.022679980101156776,0.0
6,0.1,158,0.023898439208700023,0.0
6,0.1,159,0.023310145520926445,0.0
6,0.1,160,0.01972174538261602,0.0
6,0.1,161,0.016121749345087186,0.0
6,0.1,162,0.017578760127641167,0.0
6,0.1,163,0.014506118240272916,0.0
6,0.1,164,0.022711228464400518,0.0
6,0.1,165,0.02682783659088387,0.0
6,0.1,166,0.03522851773808852,0.0
6,0.1,167,0.02555106511000032,0.0
6,0.1,168,0.02602453562370011,0.0
6,0.1,169,0.026562871803282973,0.0
6,0.1,170,0.0282109251833028,0.0
6,0.1,171,0.025096712768401114,0.0
6,0.1,172,0.023709041656569608,0.0
6,0.1,173,0.02459428469558386,0.0
6,0.1,174,0.025810690490179936,0.0
6,0.1,175,0.024435738657939448,0.0
6,0.1,176,0.024523579341545174,0.0
6,0.1,177,0.02440491932028528,0.0
6,0.1,178,0.025155864898140864,0.0
6,0.1,179,0.027242362927576667,0.0
6,0.1,180,0.02896124576422897,0.0
6,0.1,181,0.027468875206637846,0.0
6,0.1,182,0.028352385670095962,0.0
6,0.1,183,0.02881006418182638,0.0
6,0.1,184,0.03398360870548242,0.0
6,0.1,185,0.034872337651986364,0.0
6,0.1,186,0.036649995106147235,0.0
6,0.1,187,0.03162829229107375,0.0
6,0.1,188,0.02615358925142029,0.0
6,0.1,189,0.029100111438142843,0.0
6,0.1,190,0.021919485946632084,0.0
6,0.1,191,0.02428244023669587,0.0
6,0.1,192,0.02829605068892707,0.0
6,0.1,193,0.02847493148897457,0.0
6,0.1,194,0.02549978116857954,0.0
6,0.1,195,0.0231516687801511,0.0
6,0.1,196,0.021522792529709647,0.0
6,0.1,197,0.020350964246080062,0.0
6,0.1,198,0.02323811877120003,0.0
6,0.1,199,0.021923514797517682,0.0
6,0.1,200,0.02315577659856112,0.0
6,0.1,201,0.024398951427015477,0.0
6,0.1,202,0.03030051552870924,0.0
6,0.1,203,0.03098469071545241,0.0
6,0.1,204,0.02565071162904327,0.0
6,0.1,205,0.02522914444994197,0.0
6,0.1,206,0.02444576474891957,0.0
6,0.1,207,0.024796434915670816,0.0
6,0.1,208,0.017612380540635464,0.0
6,0.1,209,0.022210980062325688,0.0
6,0.1,210,0.025074310323869246,0.0
6,0.1,211,0.020346765791955358,0.0
6,0.1,212,0.02326549512484859,0.0
6,0.1,213,0.02509173302585791,0.0
6,0.1,214,0.023077465471667623,0.0
6,0.1,215,0.030209294522078295,0.0
6,0.1,216,0.029559564252851053,0.0
6,0.1,217,0.03618400333948058,0.0
6,0.1,218,0.03460007562132929,0.0
6,0.1,219,0.030569468192111104,0.0
6,0.1,220,0.02850538120161132,0.0
6,0.1,221,0.03333329846556746,0.0
6,0.1,222,0.03883822353639641,0.0
6,0.1,223,0.030323353173457405,0.0
6,0.1,224,0.032926279481758705,0.0
6,0.1,225,0.0296625575974917,0.0
6,0.1,226,0.027557812735837076,0.0
6,0.1,227,0.02377724260574237,0.0
6,0.1,228,0.025068226470371754,0.0
6,0.1,229,0.02236317795036041,0.0
6,0.1,230,0.023918756608425386,0.0
6,0.1,231,0.025252749243146654,0.0
6,0.1,232,0.028007761413661573,0.0
6,0.1,233,0.026107696233029967,0.0
6,0.1,234,0.02955340784238379,0.0
6,0.1,235,0.021972886013912705,0.0
6,0.1,236,0.02598664349272029,0.0
6,0.1,237,0.029810259390474766,0.0
6,0.1,238,0.027627369053785388,0.0
6,0.1,239,0.028820991095345208,0.0
6,0.1,240,0.03295635009372556,0.0
6,0.1,241,0.03306967451331601,0.0
6,0.1,242,0.038248784544666896,0.0
6,0.1,243,0.03712386948255682,0.0
6,0.1,244,0.03476365859846692,0.0
6,0.1,245,0.035976381923422514,0.0
6,0.1,246,0.04013128012739248,0.0
6,0.1,247,0.03870925848467311,0.0
6,0.1,248,0.031591158592988,0.0
6,0.1,249,0.035974835337733956,0.0
6,0.1,250,0.033473234967759356,0.0
6,0.1,251,0.02986100416248716,0.0
6,0.1,252,0.024546897488310918,0.0
6,0.1,253,0.027298502863014062,0.0
6,0.1,254,0.028616576823299024,0.0
6,0.1,255,0.034469318543985064,0.0
6,0.1,256,0.03448717468492177,0.0
6,0.1,257,0.03506440292939166,0.0
6,0.1,258,0.03791834962162248,0.0
6,0.1,259,0.0409749462701699,0.0
6,0.1,260,0.03774826082155261,0.0
6,0.1,261,0.03914386644641988,0.0
6,0.1,262,0.031582850255147045,0.0
6,0.1,263,0.03841760212341452,0.0
6,0.1,264,0.041601466106176835,0.0
6,0.1,265,0.0408059230317245,0.0
6,0.1,266,0.03985595452851536,0.0
6,0.1,267,0.03429722608447285,0.0
6,0.1,268,0.038749967573556594,0.0
6,0.1,269,0.03793086241774295,0.0
6,0.1,270,0.03451630290110673,0.0
6,0.1,271,0.039258478468351676,0.0
6,0.1,272,0.03968145952673338,0.0
6,0.1,273,0.03452192366372654,0.0
6,0.1,274,0.036316512099402565,0.0
6,0.1,275,0.034145113996418563,0.0
6,0.1,276,0.03504435762934473,0.0
6,0.1,277,0.034043532385618726,0.0
6,0.1,278,0.04076334412254432,0.0
6,0.1,279,0.034947933489084544,0.0
6,0.1,280,0.034830916208483276,0.0
6,0.1,281,0.03915456248090279,0.0
6,0.1,282,0.044999699924527264,0.0
6,0.1,283,0.04251146712260919,0.0
6,0.1,284,0.03799126166435317,0.0
6,0.1,285,0.031128456829572323,0.0
6,0.1,286,0.032077643410583404,0.0
6,0.1,287,0.03716062300562925,0.0
6,0.1,288,0.03812507107869885,0.0
6,0.1,289,0.034916902499788634,0.0
6,0.1,290,0.02807523889181414,0.0
6,0.1,291,0.026299025883644772,0.0
6,0.1,292,0.023605297735525332,0.0
6,0.1,293,0.025850065799581302,0.0
6,0.1,294,0.023649284606620205,0.0
6,0.1,295,0.02558886888643308,0.0
6,0.1,296,0.02725668629511971,0.0
6,0.1,297,0.03133462552576513,0.0
6,0.1,298,0.03393100931437935,0.0
6,0.1,299,0.03495951867594114,0.0
6,0.1,300,0.02917714660196718,0.0
6,0.1,301,0.03041901355734574,0.0
6,0.1,302,0.02859846332361515,0.0
6,0.1,303,0.02254624530384619,0.0
6,0.1,304,0.027521822829402826,0.0
6,0.1,305,0.03287892069019709,0.0
6,0.1,306,0.036356829951984276,0.0
6,0.1,307,0.031136796435644744,0.0
6,0.1,308,0.026950286102456433,0.0
6,0.1,309,0.02691264031668139,0.0
6,0.1,310,0.02183420105953917,0.0
6,0.1,311,0.018804973559050985,0.0
6,0.1,312,0.019491553747164176,0.0
6,0.1,313,0.02369388654268951,0.0
6,0.1,314,0.028028980567815453,0.0
6,0.1,315,0.0268031699871954,0.0
6,0.1,316,0.026916731769112082,0.0
6,0.1,317,0.02540238193067315,0.0
6,0.1,318,0.020463478104828674,0.0
6,0.1,319,0.02213205242740643,0.0
6,0.1,320,0.01985518074339403,0.0
6,0.1,321,0.02255749129042517,0.0
6,0.1,322,0.022406469429551726,0.0
6,0.1,323,0.02224360173931937,0.0
6,0.1,324,0.027200126731607988,0.0
6,0.1,325,0.03189464891215146,0.0
6,0.1,326,0.03290646234704834,0.0
6,0.1,327,0.026619779627844967,0.0
6,0.1,328,0.024953435848340085,0.0
6,0.1,329,0.023196384134673717,0.0
6,0.1,330,0.022838244198097702,0.0
6,0.1,331,0.02450885947107054,0.0
6,0.1,332,0.02220832478560224,0.0
6,0.1,333,0.024610800932152635,0.0
6,0.1,334,0.031228727922141507,0.0
6,0.1,335,0.029080095802737488,0.0
6,0.1,336,0.03506267773047595,0.0
6,0.1,337,0.03451506912933241,0.0
6,0.1,338,0.032906244825557616,0.0
6,0.1,339,0.03047990847202957,0.0
6,0.1,340,0.03035325083714751,0.0
6,0.1,341,0.03600315986131646,0.0
6,0.1,342,0.038844385024582595,0.0
6,0.1,343,0.03848274869854785,0.0
6,0.1,344,0.03871094872820169,0.0
6,0.1,345,0.044391470442868106,0.0
6,0.1,346,0.0396209015511522,0.0
6,0.1,347,0.030126653910827698,0.0
6,0.1,348,0.03136601190915108,0.0
6,0.1,349,0.03070875814794828,0.0
6,0.1,350,0.03488185155411435,0.0
6,0.1,351,0.03327178194649632,0.0
6,0.1,352,0.03271497939596042,0.0
6,0.1,353,0.035186954339389516,0.0
6,0.1,354,0.04532082697155068,0.0
6,0.1,355,0.05443866800486856,0.0
6,0.1,356,0.03964928849810076,0.0
6,0.1,357,0.04421768090250801,0.0
6,0.1,358,0.04436959113522782,0.0
6,0.1,359,0.04797333696117735,0.0
6,0.1,360,0.04676915816995478,0.0
6,0.1,361,0.044142936210676866,0.0
6,0.1,362,0.042766339545558335,0.0
6,0.1,363,0.03985034509233045,0.0
6,0.1,364,0.045514769487146625,0.0
6,0.1,365,0.03514856815628281,0.0
6,0.1,366,0.03369016387729703,0.0
6,0.1,367,0.035828165832250826,0.0
6,0.1,368,0.03165462152179418,0.0
6,0.1,369,0.0332533808370408,0.0
6,0.1,370,0.027279210838652142,0.0
6,0.1,371,0.027896590610958106,0.0
6,0.1,372,0.03019382535707572,0.0
6,0.1,373,0.0354919371778785,0.0
6,0.1,374,0.04325392634408056,0.0
6,0.1,375,0.04328700393548483,0.0
6,0.1,376,0.048072988728932176,0.0
6,0.1,377,0.04841217946442288,0.0
6,0.1,378,0.04446886323881103,0.0
6,0.1,379,0.04226638039264127,0.0
6,0.1,380,0.03935196894477987,0.0
6,0.1,381,0.04088485212322937,0.0
6,0.1,382,0.03348162478190228,0.0
6,0.1,383,0.031286943640439054,0.0
6,0.1,384,0.0339547583475496,0.0
6,0.1,385,0.0295231751803536,0.0
6,0.1,386,0.03345457377254478,0.0
6,0.1,387,0.03264665319553351,0.0
6,0.1,388,0.03798317885792434,0.0
6,0.1,389,0.031489060244762695,0.0
6,0.1,390,0.028301517263285447,0.0
6,0.1,391,0.02448536696731749,0.0
6,0.1,392,0.02685812650345699,0.0
6,0.1,393,0.030051883495638875,0.0
6,0.1,394,0.026347084035204218,0.0
6,0.1,395,0.030048358100214292,0.0
6,0.1,396,0.026738564594545666,0.0
6,0.1,397,0.029561492998582378,0.0
6,0.1,398,0.03721073795735076,0.0
6,0.1,399,0.040339788657960014,0.0
6,0.1,400,0.03545541475572016,0.0
6,0.1,401,0.03386224215519793,0.0
6,0.1,402,0.03285252123966635,0.0
6,0.1,403,0.027377238666116334,0.0
6,0.1,404,0.02743158751764512,0.0
6,0.1,405,0.026672976538907323,0.0
6,0.1,406,0.023920057229938133,0.0
6,0.1,407,0.026825703012059273,0.0
6,0.1,408,0.02214658842194023,0.0
6,0.1,409,0.023058939418961696,0.0
6,0.1,410,0.027376188180700645,0.0
6,0.1,411,0.026752859114066482,0.0
6,0.1,412,0.026182986944152744,0.0
6,0.1,413,0.020355530666853715,0.0
6,0.1,414,0.022207413877030624,0.0
6,0.1,415,0.02466187466380145,0.0
6,0.1,416,0.024778443060468024,0.0
6,0.1,417,0.02291487092457523,0.0
6,0.1,418,0.02595084645234601,0.0
6,0.1,419,0.027709676214252573,0.0
6,0.1,420,0.02691483868020689,0.0
6,0.1,421,0.025578490099327292,0.0
6,0.1,422,0.02414340299980863,0.0
6,0.1,423,0.01979330861392904,0.0
6,0.1,424,0.019350008672965872,0.0
6,0.1,425,0.018951340350304834,0.0
6,0.1,426,0.02064807393625749,0.0
6,0.1,427,0.027902229527793424,0.0
6,0.1,428,0.027025843595662274,0.0
6,0.1,429,0.024231279121396526,0.0
6,0.1,430,0.0267651704941457,0.0
6,0.1,431,0.032333836992760746,0.0
6,0.1,432,0.03708730364948637,0.0
6,0.1,433,0.034229856907423875,0.0
6,0.1,434,0.037815188365819076,0.0
6,0.1,435,0.03771849043957121,0.0
6,0.1,436,0.036732390214616266,0.0
6,0.1,437,0.038934717289167,0.0
6,0.1,438,0.037590138127239894,0.0
6,0.1,439,0.03288898048956667,0.0
6,0.1,440,0.026801192032357105,0.0
6,0.1,441,0.021317614506983315,0.0
6,0.1,442,0.017477363232580447,0.0
6,0.1,443,0.01788996617643075,0.0
6,0.1,444,0.021594180528185673,0.0
6,0.1,445,0.02475618495161564,0.0
6,0.1,446,0.02461292203345811,0.0
6,0.1,447,0.02751949516691921,0.0
6,0.1,448,0.03054113218643423,0.0
6,0.1,449,0.03369292428962843,0.0
6,0.1,450,0.03099379951573289,0.0
6,0.1,451,0.03328234157360725,0.0
6,0.1,452,0.027849105819144925,0.0
6,0.1,453,0.02357984638023571,0.0
6,0.1,454,0.025254822187179445,0.0
6,0.1,455,0.03188680841858545,0.0
6,0.1,456,0.03393853777695276,0.0
6,0.1,457,0.028727468372268444,0.0
6,0.1,458,0.026571281598932163,0.0
6,0.1,459,0.025832001139199316,0.0
6,0.1,460,0.025084502066528066,0.0
6,0.1,461,0.01826573092903496,0.0
6,0.1,462,0.029621950525228962,0.0
6,0.1,463,0.03105723689094101,0.0
6,0.1,464,0.03307680322824013,0.0
6,0.1,465,0.028405792459059342,0.0
6,0.1,466,0.029259575010733604,0.0
6,0.1,467,0.039429237233947305,0.0
6,0.1,468,0.03919196582272267,0.0
6,0.1,469,0.03960098487437585,0.0
6,0.1,470,0.03959111487418125,0.0
6,0.1,471,0.03856293924685268,0.0
6,0.1,472,0.03749952533954995,0.0
6,0.1,473,0.033969060733834544,0.0
6,0.1,474,0.031822086225842094,0.0
6,0.1,475,0.03342233085987998,0.0
6,0.1,476,0.03531595585851868,0.0
6,0.1,477,0.034105189645731476,0.0
6,0.1,478,0.03531935254904536,0.0
6,0.1,479,0.040296253631706136,0.0
6,0.1,480,0.038145568949483726,0.0
6,0.1,481,0.04200346587057412,0.0
6,0.1,482,0.04227072679070407,0.0
6,0.1,483,0.03691685598952416,0.0
6,0.1,484,0.03518603871508857,0.0
6,0.1,485,0.037160673835370604,0.0
6,0.1,486,0.036893859904836485,0.0
6,0.1,487,0.03597029708664668,0.0
6,0.1,488,0.03666942766473194,0.0
6,0.1,489,0.032982394627412724,0.0
6,0.1,490,0.03457711737315436,0.0
6,0.1,491,0.031066531612951545,0.0
6,0.1,492,0.02617558158727761,0.0
6,0.1,493,0.026269223075240627,0.0
6,0.1,494,0.022317894117373567,0.0
6,0.1,495,0.02740389787276477,0.0
6,0.1,496,0.030115583576742707,0.0
6,0.1,497,0.025626694433448217,0.0
6,0.1,498,0.02715381294713991,0.0
6,0.1,499,0.027477744410663325,0.0
6,0.1,500,0.026260275521756984,0.0
6,0.2,0,0.08790177862921969,0.0
6,0.2,1,0.04160743057454865,0.0
6,0.2,2,0.02691302532988939,0.0
6,0.2,3,0.02916802040980799,0.0
6,0.2,4,0.031119355912300754,0.0
6,0.2,5,0.029388489164858016,0.0
6,0.2,6,0.03118497598637041,0.0
6,0.2,7,0.03104458921643478,0.0
6,0.2,8,0.0339534171607203,0.0
6,0.2,9,0.02619319151757593,0.0
6,0.2,10,0.027798013970466592,0.0
6,0.2,11,0.030743483504071554,0.0
6,0.2,12,0.02507735835993874,0.0
6,0.2,13,0.02498667027138834,0.0
6,0.2,14,0.026001443935286642,0.0
6,0.2,15,0.022939695263208718,0.0
6,0.2,16,0.021551718704912144,0.0
6,0.2,17,0.027255983256707004,0.0
6,0.2,18,0.025226487006724963,0.0
6,0.2,19,0.024455093874675128,0.0
6,0.2,20,0.03036784343822688,0.0
6,0.2,21,0.03390341202323413,0.0
6,0.2,22,0.03170034917205867,0.0
6,0.2,23,0.029000813242591836,0.0
6,0.2,24,0.025892568665464823,0.0
6,0.2,25,0.025343754775698734,0.0
6,0.2,26,0.025741664414778053,0.0
6,0.2,27,0.02340190401607374,0.0
6,0.2,28,0.02642325503703812,0.0
6,0.2,29,0.032057008110853456,0.0
6,0.2,30,0.030444716676082395,0.0
6,0.2,31,0.027903886761258438,0.0
6,0.2,32,0.02829985909821518,0.0
6,0.2,33,0.022527147181056587,0.0
6,0.2,34,0.024409551804977756,0.0
6,0.2,35,0.028981322210820736,0.0
6,0.2,36,0.023545012353372193,0.0
6,0.2,37,0.019809063185473576,0.0
6,0.2,38,0.026154424867795272,0.0
6,0.2,39,0.023578682260105906,0.0
6,0.2,40,0.023388228268355685,0.0
6,0.2,41,0.021679552796962126,0.0
6,0.2,42,0.023012967226479407,0.0
6,0.2,43,0.02104633396592592,0.0
6,0.2,44,0.025601722497947767,0.0
6,0.2,45,0.026017105627860256,0.0
6,0.2,46,0.031770754364240594,0.0
6,0.2,47,0.030589203647168755,0.0
6,0.2,48,0.032514769684856726,0.0
6,0.2,49,0.03011599007418527,0.0
6,0.2,50,0.025657476181506406,0.0
6,0.2,51,0.02295859938466176,0.0
6,0.2,52,0.026498814340181087,0.0
6,0.2,53,0.030083776932229425,0.0
6,0.2,54,0.02709918112206627,0.0
6,0.2,55,0.025498999849278635,0.0
6,0.2,56,0.024842039210469256,0.0
6,0.2,57,0.02271767306484575,0.0
6,0.2,58,0.024477075731408796,0.0
6,0.2,59,0.018777864455735985,0.0
6,0.2,60,0.020916516574147396,0.0
6,0.2,61,0.021256260417452637,0.0
6,0.2,62,0.018937387978501002,0.0
6,0.2,63,0.019542528840049353,0.0
6,0.2,64,0.02550975646843499,0.0
6,0.2,65,0.02531318169438037,0.0
6,0.2,66,0.020145688373653305,0.0
6,0.2,67,0.025480538096491964,0.0
6,0.2,68,0.020947016004980345,0.0
6,0.2,69,0.02548715394029393,0.0
6,0.2,70,0.022860847464415416,0.0
6,0.2,71,0.021055666945200172,0.0
6,0.2,72,0.023187374626103985,0.0
6,0.2,73,0.018921815130315257,0.0
6,0.2,74,0.01783175477350541,0.0
6,0.2,75,0.02053168489609245,0.0
6,0.2,76,0.01852007255889001,0.0
6,0.2,77,0.014799662315150059,0.0
6,0.2,78,0.014291439506290067,0.0
6,0.2,79,0.011188177726980567,0.0
6,0.2,80,0.017922776185402695,0.0
6,0.2,81,0.015574785219502481,0.0
6,0.2,82,0.018275608151400623,0.0
6,0.2,83,0.019426340977008377,0.0
6,0.2,84,0.016256770974347735,0.0
6,0.2,85,0.015577011888806964,0.0
6,0.2,86,0.01751451570799788,0.0
6,0.2,87,0.022303520884370074,0.0
6,0.2,88,0.023234146450921846,0.0
6,0.2,89,0.022367020283839873,0.0
6,0.2,90,0.020953328573160304,0.0
6,0.2,91,0.018610845579857493,0.0
6,0.2,92,0.020049965167919993,0.0
6,0.2,93,0.022455955441506845,0.0
6,0.2,94,0.024928650046405612,0.0
6,0.2,95,0.023589277412476944,0.0
6,0.2,96,0.02229769885191549,0.0
6,0.2,97,0.02168534339653274,0.0
6,0.2,98,0.028433010067440794,0.0
6,0.2,99,0.021501014172295076,0.0
6,0.2,100,0.022365380808119718,0.0
6,0.2,101,0.019424016645737865,0.0
6,0.2,102,0.01594076132215126,0.0
6,0.2,103,0.016634087082425506,0.0
6,0.2,104,0.015934507694360445,0.0
6,0.2,105,0.018366118219274433,0.0
6,0.2,106,0.01988676194227028,0.0
6,0.2,107,0.02005998710306884,0.0
6,0.2,108,0.019831894712793563,0.0
6,0.2,109,0.021663972903232326,0.0
6,0.2,110,0.021890328366182533,0.0
6,0.2,111,0.027844014036591324,0.0
6,0.2,112,0.02756189922625683,0.0
6,0.2,113,0.030624540418328027,0.0
6,0.2,114,0.021824197769322415,0.0
6,0.2,115,0.019555709097234353,0.0
6,0.2,116,0.02081661809315005,0.0
6,0.2,117,0.01960777656605662,0.0
6,0.2,118,0.02038952332376323,0.0
6,0.2,119,0.02106898782120649,0.0
6,0.2,120,0.022400615535339292,0.0
6,0.2,121,0.026945668775765506,0.0
6,0.2,122,0.025635963624396917,0.0
6,0.2,123,0.026726837038866514,0.0
6,0.2,124,0.028241495225614935,0.0
6,0.2,125,0.02444554781198019,0.0
6,0.2,126,0.02463090982793248,0.0
6,0.2,127,0.023083470326142313,0.0
6,0.2,128,0.022050538898502062,0.0
6,0.2,129,0.020198417099674848,0.0
6,0.2,130,0.020707946750130234,0.0
6,0.2,131,0.018152114784610845,0.0
6,0.2,132,0.02245312190181243,0.0
6,0.2,133,0.02792665243497423,0.0
6,0.2,134,0.025986120240008473,0.0
6,0.2,135,0.024604521447419717,0.0
6,0.2,136,0.025888822950449843,0.0
6,0.2,137,0.025443981836004693,0.0
6,0.2,138,0.02505665066028714,0.0
6,0.2,139,0.02764285526715261,0.0
6,0.2,140,0.020734019971196463,0.0
6,0.2,141,0.023383022366202395,0.0
6,0.2,142,0.028662882911523097,0.0
6,0.2,143,0.024186226405471887,0.0
6,0.2,144,0.030115909397904716,0.0
6,0.2,145,0.028323539580776425,0.0
6,0.2,146,0.02436977371462195,0.0
6,0.2,147,0.025501285680142174,0.0
6,0.2,148,0.026777768960251868,0.0
6,0.2,149,0.02484808877376238,0.0
6,0.2,150,0.023045485121730706,0.0
6,0.2,151,0.020452215147065297,0.0
6,0.2,152,0.022102194048356717,0.0
6,0.2,153,0.024643696062899793,0.0
6,0.2,154,0.024622904504015778,0.0
6,0.2,155,0.023715733035098028,0.0
6,0.2,156,0.02423835544343088,0.0
6,0.2,157,0.02600933758468238,0.0
6,0.2,158,0.031438290382594054,0.0
6,0.2,159,0.026537460424881205,0.0
6,0.2,160,0.021445465412650466,0.0
6,0.2,161,0.025261025038688534,0.0
6,0.2,162,0.02630301373040476,0.0
6,0.2,163,0.025879876660167812,0.0
6,0.2,164,0.025250011216365692,0.0
6,0.2,165,0.027658653011508785,0.0
6,0.2,166,0.02628024042070475,0.0
6,0.2,167,0.022634843131554616,0.0
6,0.2,168,0.023504945684073623,0.0
6,0.2,169,0.026684850956021234,0.0
6,0.2,170,0.02447383129095453,0.0
6,0.2,171,0.026802952575343326,0.0
6,0.2,172,0.024319379495228947,0.0
6,0.2,173,0.03150854521300584,0.0
6,0.2,174,0.030255123263568606,0.0
6,0.2,175,0.027378910493509635,0.0
6,0.2,176,0.03143241378977141,0.0
6,0.2,177,0.030462923934953392,0.0
6,0.2,178,0.033185921503615205,0.0
6,0.2,179,0.029363406117107013,0.0
6,0.2,180,0.03473354424989399,0.0
6,0.2,181,0.030401805744299893,0.0
6,0.2,182,0.02532725054507218,0.0
6,0.2,183,0.032490381687287045,0.0
6,0.2,184,0.029342662856950145,0.0
6,0.2,185,0.026118576328650254,0.0
6,0.2,186,0.02484576602823756,0.0
6,0.2,187,0.02771232784391918,0.0
6,0.2,188,0.02226057276752369,0.0
6,0.2,189,0.019636779571988644,0.0
6,0.2,190,0.01857996839799969,0.0
6,0.2,191,0.02040391406465249,0.0
6,0.2,192,0.01627629585282446,0.0
6,0.2,193,0.02001654585971822,0.0
6,0.2,194,0.020447940545601527,0.0
6,0.2,195,0.02837498912600866,0.0
6,0.2,196,0.020265897880119663,0.0
6,0.2,197,0.02043835439049845,0.0
6,0.2,198,0.02061587829532125,0.0
6,0.2,199,0.02073947821747306,0.0
6,0.2,200,0.02084220338493876,0.0
6,0.2,201,0.022253155908412706,0.0
6,0.2,202,0.022296708609514045,0.0
6,0.2,203,0.021576899891432938,0.0
6,0.2,204,0.0265789472293703,0.0
6,0.2,205,0.0217475638413218,0.0
6,0.2,206,0.01932562236545809,0.0
6,0.2,207,0.01995959043261236,0.0
6,0.2,208,0.024499242427707776,0.0
6,0.2,209,0.022076881995487248,0.0
6,0.2,210,0.024270177962831006,0.0
6,0.2,211,0.026002013956371705,0.0
6,0.2,212,0.026943564789424848,0.0
6,0.2,213,0.028576437176054795,0.0
6,0.2,214,0.02237973957809207,0.0
6,0.2,215,0.018206792495026384,0.0
6,0.2,216,0.02359184635218037,0.0
6,0.2,217,0.024004327735077415,0.0
6,0.2,218,0.01942304373422141,0.0
6,0.2,219,0.022087785095089102,0.0
6,0.2,220,0.026462547826562245,0.0
6,0.2,221,0.028989163163328238,0.0
6,0.2,222,0.028388612015048286,0.0
6,0.2,223,0.022523813071826725,0.0
6,0.2,224,0.020047472779477906,0.0
6,0.2,225,0.021713667675503815,0.0
6,0.2,226,0.02118253114437552,0.0
6,0.2,227,0.019498396121155066,0.0
6,0.2,228,0.02038150681431141,0.0
6,0.2,229,0.020868940837061128,0.0
6,0.2,230,0.02307107645802505,0.0
6,0.2,231,0.021459227865805768,0.0
6,0.2,232,0.020061853569034418,0.0
6,0.2,233,0.01800961869561957,0.0
6,0.2,234,0.020750703924299674,0.0
6,0.2,235,0.021127070445028987,0.0
6,0.2,236,0.029169844754804296,0.0
6,0.2,237,0.02687630090600998,0.0
6,0.2,238,0.01961935469062725,0.0
6,0.2,239,0.02481278937570927,0.0
6,0.2,240,0.02592569278663094,0.0
6,0.2,241,0.024076748775987665,0.0
6,0.2,242,0.026532530536125164,0.0
6,0.2,243,0.027376016210255538,0.0
6,0.2,244,0.02410183728527159,0.0
6,0.2,245,0.026381534316429773,0.0
6,0.2,246,0.022899336534265364,0.0
6,0.2,247,0.022722523549975483,0.0
6,0.2,248,0.027231852211502927,0.0
6,0.2,249,0.0259806553519492,0.0
6,0.2,250,0.023915639224246492,0.0
6,0.2,251,0.029496034001736008,0.0
6,0.2,252,0.028926656655348496,0.0
6,0.2,253,0.03185975943393051,0.0
6,0.2,254,0.021632407440918065,0.0
6,0.2,255,0.024520060897298433,0.0
6,0.2,256,0.02748538142479643,0.0
6,0.2,257,0.020857482772748265,0.0
6,0.2,258,0.02086280597404895,0.0
6,0.2,259,0.01755888061172175,0.0
6,0.2,260,0.018014619461579687,0.0
6,0.2,261,0.018663251523224303,0.0
6,0.2,262,0.02593170920067635,0.0
6,0.2,263,0.032293656805337634,0.0
6,0.2,264,0.03266207420427214,0.0
6,0.2,265,0.03003540979877417,0.0
6,0.2,266,0.030236697252867616,0.0
6,0.2,267,0.034815867109266194,0.0
6,0.2,268,0.03796381903070836,0.0
6,0.2,269,0.037515206673819364,0.0
6,0.2,270,0.03318263870509969,0.0
6,0.2,271,0.030403926005509847,0.0
6,0.2,272,0.026622874858946478,0.0
6,0.2,273,0.02648215576869627,0.0
6,0.2,274,0.024789977383556115,0.0
6,0.2,275,0.02182336982931838,0.0
6,0.2,276,0.023243897959064543,0.0
6,0.2,277,0.027811545551181312,0.0
6,0.2,278,0.02606782305699124,0.0
6,0.2,279,0.027854867150843843,0.0
6,0.2,280,0.03495007487274118,0.0
6,0.2,281,0.03913014772828483,0.0
6,0.2,282,0.045220190573659884,0.0
6,0.2,283,0.03721185158092838,0.0
6,0.2,284,0.033500362978581784,0.0
6,0.2,285,0.02986392584238249,0.0
6,0.2,286,0.02504120085490519,0.0
6,0.2,287,0.022315726097748772,0.0
6,0.2,288,0.02319607703643532,0.0
6,0.2,289,0.02224625345751037,0.0
6,0.2,290,0.022385730452679303,0.0
6,0.2,291,0.028343839683397567,0.0
6,0.2,292,0.03306936415816969,0.0
6,0.2,293,0.02984250652130704,0.0
6,0.2,294,0.03605990614390352,0.0
6,0.2,295,0.03154582396291105,0.0
6,0.2,296,0.02864864751150732,0.0
6,0.2,297,0.033227780676474784,0.0
6,0.2,298,0.028916575993065897,0.0
6,0.2,299,0.03521319779926436,0.0
6,0.2,300,0.03134033359102589,0.0
6,0.2,301,0.03205849946218344,0.0
6,0.2,302,0.03375720295678342,0.0
6,0.2,303,0.03295725356906186,0.0
6,0.2,304,0.024864120267911217,0.0
6,0.2,305,0.023761459057382785,0.0
6,0.2,306,0.023403831980120554,0.0
6,0.2,307,0.025177470810129696,0.0
6,0.2,308,0.021524016361019707,0.0
6,0.2,309,0.027161580743049037,0.0
6,0.2,310,0.02338192297264804,0.0
6,0.2,311,0.025219903791592346,0.0
6,0.2,312,0.02590959237781788,0.0
6,0.2,313,0.027253731095139167,0.0
6,0.2,314,0.022140602940808232,0.0
6,0.2,315,0.025639101775174186,0.0
6,0.2,316,0.023818376658616715,0.0
6,0.2,317,0.025317279940533365,0.0
6,0.2,318,0.025579617361443607,0.0
6,0.2,319,0.027819600532250098,0.0
6,0.2,320,0.03602447032844973,0.0
6,0.2,321,0.0365909042416731,0.0
6,0.2,322,0.02733908134860412,0.0
6,0.2,323,0.027747535386951322,0.0
6,0.2,324,0.02985894976870734,0.0
6,0.2,325,0.03227451139295968,0.0
6,0.2,326,0.03126777976430309,0.0
6,0.2,327,0.024782882385933493,0.0
6,0.2,328,0.027939271978248807,0.0
6,0.2,329,0.036222352929174716,0.0
6,0.2,330,0.03863409592489673,0.0
6,0.2,331,0.03954749499933127,0.0
6,0.2,332,0.04193033143472582,0.0
6,0.2,333,0.04396404283133179,0.0
6,0.2,334,0.03236948084444022,0.0
6,0.2,335,0.031190586614004524,0.0
6,0.2,336,0.033638767735992246,0.0
6,0.2,337,0.04174008247587326,0.0
6,0.2,338,0.032039200474346614,0.0
6,0.2,339,0.023715524066349834,0.0
6,0.2,340,0.026692229939800825,0.0
6,0.2,341,0.02877349339360964,0.0
6,0.2,342,0.036428137010531166,0.0
6,0.2,343,0.030888441941858642,0.0
6,0.2,344,0.03227252696301613,0.0
6,0.2,345,0.02574403913447032,0.0
6,0.2,346,0.02857428048917772,0.0
6,0.2,347,0.03041424096109166,0.0
6,0.2,348,0.027615022080035,0.0
6,0.2,349,0.029496464418938936,0.0
6,0.2,350,0.031718131599102216,0.0
6,0.2,351,0.02832563159045599,0.0
6,0.2,352,0.022917076417419954,0.0
6,0.2,353,0.026565459511477887,0.0
6,0.2,354,0.018548644072783546,0.0
6,0.2,355,0.01945115770745585,0.0
6,0.2,356,0.020297422114739738,0.0
6,0.2,357,0.019378929146919174,0.0
6,0.2,358,0.018880673926883407,0.0
6,0.2,359,0.019042331382071665,0.0
6,0.2,360,0.026388611385745636,0.0
6,0.2,361,0.02667746352448405,0.0
6,0.2,362,0.027554372208460683,0.0
6,0.2,363,0.028687815700270094,0.0
6,0.2,364,0.02911505342484206,0.0
6,0.2,365,0.02415854881245709,0.0
6,0.2,366,0.02457929988975712,0.0
6,0.2,367,0.025778258832489603,0.0
6,0.2,368,0.024849010912735826,0.0
6,0.2,369,0.0273316335446407,0.0
6,0.2,370,0.028329100245957615,0.0
6,0.2,371,0.02955116360610348,0.0
6,0.2,372,0.03252203624554437,0.0
6,0.2,373,0.032106767647683505,0.0
6,0.2,374,0.02800679171793936,0.0
6,0.2,375,0.03464137838762141,0.0
6,0.2,376,0.030553665211346615,0.0
6,0.2,377,0.027621798947643283,0.0
6,0.2,378,0.03373492214715562,0.0
6,0.2,379,0.02984240529848744,0.0
6,0.2,380,0.026568929086478628,0.0
6,0.2,381,0.029590924202407446,0.0
6,0.2,382,0.026391265882182373,0.0
6,0.2,383,0.024334550573046815,0.0
6,0.2,384,0.024708939451105368,0.0
6,0.2,385,0.022012187765749234,0.0
6,0.2,386,0.02894026881972322,0.0
6,0.2,387,0.03061372033303226,0.0
6,0.2,388,0.02631859956576884,0.0
6,0.2,389,0.030981579718510514,0.0
6,0.2,390,0.029725570594958853,0.0
6,0.2,391,0.033262000466528455,0.0
6,0.2,392,0.030552729124668,0.0
6,0.2,393,0.03365781131923208,0.0
6,0.2,394,0.02702520103233735,0.0
6,0.2,395,0.0290169632358691,0.0
6,0.2,396,0.024809155764407044,0.0
6,0.2,397,0.022586869004318798,0.0
6,0.2,398,0.026329859526122962,0.0
6,0.2,399,0.029607539363533757,0.0
6,0.2,400,0.028608668491961708,0.0
6,0.2,401,0.027024521529682516,0.0
6,0.2,402,0.031205643873272324,0.0
6,0.2,403,0.025071631821386303,0.0
6,0.2,404,0.03078630478202066,0.0
6,0.2,405,0.021725847244393335,0.0
6,0.2,406,0.021012009330474486,0.0
6,0.2,407,0.025717814904681405,0.0
6,0.2,408,0.024457378172544,0.0
6,0.2,409,0.0235243328562458,0.0
6,0.2,410,0.02176457608069937,0.0
6,0.2,411,0.024217930149250142,0.0
6,0.2,412,0.022875507892289718,0.0
6,0.2,413,0.02375583646167355,0.0
6,0.2,414,0.019055574859801635,0.0
6,0.2,415,0.026151886824483418,0.0
6,0.2,416,0.028297047595223227,0.0
6,0.2,417,0.02385245332149139,0.0
6,0.2,418,0.023809018095341493,0.0
6,0.2,419,0.022683883492335865,0.0
6,0.2,420,0.021177129630024497,0.0
6,0.2,421,0.027022228386703956,0.0
6,0.2,422,0.024541673056638777,0.0
6,0.2,423,0.02175188161805115,0.0
6,0.2,424,0.022263708939053984,0.0
6,0.2,425,0.016871035192932954,0.0
6,0.2,426,0.0166140614916485,0.0
6,0.2,427,0.01699067448052514,0.0
6,0.2,428,0.0217930993215673,0.0
6,0.2,429,0.022745212731023225,0.0
6,0.2,430,0.02976179253050696,0.0
6,0.2,431,0.025417658407899002,0.0
6,0.2,432,0.0257633332196695,0.0
6,0.2,433,0.02155561954457976,0.0
6,0.2,434,0.02282068224567678,0.0
6,0.2,435,0.01961573236521151,0.0
6,0.2,436,0.01871896635520496,0.0
6,0.2,437,0.022998508896218434,0.0
6,0.2,438,0.02342856089470172,0.0
6,0.2,439,0.026797711011468554,0.0
6,0.2,440,0.019462322318139248,0.0
6,0.2,441,0.021808503676940275,0.0
6,0.2,442,0.020907801985564363,0.0
6,0.2,443,0.018877165108127834,0.0
6,0.2,444,0.02186509665111366,0.0
6,0.2,445,0.02130586141733726,0.0
6,0.2,446,0.024442619991956925,0.0
6,0.2,447,0.02423711382489077,0.0
6,0.2,448,0.02597405959027839,0.0
6,0.2,449,0.021863998909936903,0.0
6,0.2,450,0.022065606325116432,0.0
6,0.2,451,0.027201938380476815,0.0
6,0.2,452,0.03076796555316126,0.0
6,0.2,453,0.03109942123150689,0.0
6,0.2,454,0.03149071457063193,0.0
6,0.2,455,0.030923734882262684,0.0
6,0.2,456,0.02728376930273434,0.0
6,0.2,457,0.023178325330231377,0.0
6,0.2,458,0.025316989708712635,0.0
6,0.2,459,0.019188281834261987,0.0
6,0.2,460,0.019798673211676623,0.0
6,0.2,461,0.01788745725278915,0.0
6,0.2,462,0.015366577653219022,0.0
6,0.2,463,0.01336054584568983,0.0
6,0.2,464,0.01501176160215905,0.0
6,0.2,465,0.019804726514101898,0.0
6,0.2,466,0.021826440162804803,0.0
6,0.2,467,0.025865087920127126,0.0
6,0.2,468,0.02801667087891718,0.0
6,0.2,469,0.02735805512026444,0.0
6,0.2,470,0.024037917839332925,0.0
6,0.2,471,0.025413779584296754,0.0
6,0.2,472,0.02896170827368243,0.0
6,0.2,473,0.030667839545698246,0.0
6,0.2,474,0.02911582859408165,0.0
6,0.2,475,0.023565433305783832,0.0
6,0.2,476,0.020646471636336917,0.0
6,0.2,477,0.024220381028687468,0.0
6,0.2,478,0.02099081767195021,0.0
6,0.2,479,0.018478343027175798,0.0
6,0.2,480,0.024077188130546105,0.0
6,0.2,481,0.021630287126888553,0.0
6,0.2,482,0.023563902140088154,0.0
6,0.2,483,0.021781209332157516,0.0
6,0.2,484,0.02145808718507934,0.0
6,0.2,485,0.016328588926045707,0.0
6,0.2,486,0.017105250265243566,0.0
6,0.2,487,0.017311626715213368,0.0
6,0.2,488,0.020810373525832027,0.0
6,0.2,489,0.020816680591434225,0.0
6,0.2,490,0.025064761088486605,0.0
6,0.2,491,0.027184667840378148,0.0
6,0.2,492,0.0276397367499041,0.0
6,0.2,493,0.02523422615162217,0.0
6,0.2,494,0.02429054833040558,0.0
6,0.2,495,0.021225838122928248,0.0
6,0.2,496,0.021243524358000004,0.0
6,0.2,497,0.019660606074293086,0.0
6,0.2,498,0.020285050074947943,0.0
6,0.2,499,0.02080979861426881,0.0
6,0.2,500,0.027350656557864207,0.0
6,0.4,0,0.08623553851191927,0.0
6,0.4,1,0.048646970356437766,0.0
6,0.4,2,0.04096142180631863,0.0
6,0.4,3,0.03469153974168581,0.0
6,0.4,4,0.02859600119987733,0.0
6,0.4,5,0.034014573918502856,0.0
6,0.4,6,0.027150242773609938,0.0
6,0.4,7,0.021237121020298528,0.0
6,0.4,8,0.024715186178149794,0.0
6,0.4,9,0.028173954597959027,0.0
6,0.4,10,0.026913947043928244,0.0
6,0.4,11,0.024314918263438266,0.0
6,0.4,12,0.023173061756255043,0.0
6,0.4,13,0.020658954634351034,0.0
6,0.4,14,0.027774619938165337,0.0
6,0.4,15,0.029410787550042138,0.0
6,0.4,16,0.029381500442005014,0.0
6,0.4,17,0.021569172106531188,0.0
6,0.4,18,0.030559743232233094,0.0
6,0.4,19,0.029785241784260688,0.0
6,0.4,20,0.028749291143512226,0.0
6,0.4,21,0.026854385772970314,0.0
6,0.4,22,0.027010580627114436,0.0
6,0.4,23,0.023348317749355075,0.0
6,0.4,24,0.02540461121264468,0.0
6,0.4,25,0.027845108519402507,0.0
6,0.4,26,0.027776221063107176,0.0
6,0.4,27,0.025232115014998592,0.0
6,0.4,28,0.024300282027089316,0.0
6,0.4,29,0.024227809266803107,0.0
6,0.4,30,0.023303152068526442,0.0
6,0.4,31,0.028473851776142322,0.0
6,0.4,32,0.028877937981858736,0.0
6,0.4,33,0.03508822530369331,0.0
6,0.4,34,0.02891378629479989,0.0
6,0.4,35,0.03076886980526911,0.0
6,0.4,36,0.02436016309033708,0.0
6,0.4,37,0.027125500459219017,0.0
6,0.4,38,0.026361328524652686,0.0
6,0.4,39,0.03095195251862865,0.0
6,0.4,40,0.019644271881957075,0.0
6,0.4,41,0.01777979991621107,0.0
6,0.4,42,0.01558644913726495,0.0
6,0.4,43,0.01935621787781634,0.0
6,0.4,44,0.019988173005248525,0.0
6,0.4,45,0.022458430968130546,0.0
6,0.4,46,0.02030799274141231,0.0
6,0.4,47,0.026031954106123467,0.0
6,0.4,48,0.023849016883601602,0.0
6,0.4,49,0.025754075919926844,0.0
6,0.4,50,0.01746648473816276,0.0
6,0.4,51,0.021455522201372174,0.0
6,0.4,52,0.023167963954390094,0.0
6,0.4,53,0.019653554061600326,0.0
6,0.4,54,0.020168876597437282,0.0
6,0.4,55,0.020232961177760075,0.0
6,0.4,56,0.02185564958468167,0.0
6,0.4,57,0.024688398024602737,0.0
6,0.4,58,0.028840416227967437,0.0
6,0.4,59,0.030216465659426813,0.0
6,0.4,60,0.04139231187352818,0.0
6,0.4,61,0.03265962703120384,0.0
6,0.4,62,0.0306009149140974,0.0
6,0.4,63,0.03131983901449562,0.0
6,0.4,64,0.03424431644514296,0.0
6,0.4,65,0.02892387713328505,0.0
6,0.4,66,0.02710531227887845,0.0
6,0.4,67,0.0308526603326488,0.0
6,0.4,68,0.02167583065452759,0.0
6,0.4,69,0.023246653200549333,0.0
6,0.4,70,0.022701794277200663,0.0
6,0.4,71,0.01842138210811557,0.0
6,0.4,72,0.01923902143499739,0.0
6,0.4,73,0.018201030837904704,0.0
6,0.4,74,0.01836034927130364,0.0
6,0.4,75,0.015977592965902884,0.0
6,0.4,76,0.019011975814031655,0.0
6,0.4,77,0.020172817150204844,0.0
6,0.4,78,0.019653786400327597,0.0
6,0.4,79,0.02191848509469938,0.0
6,0.4,80,0.021130537045396757,0.0
6,0.4,81,0.01845804463300389,0.0
6,0.4,82,0.0237339947313485,0.0
6,0.4,83,0.02130478455051343,0.0
6,0.4,84,0.018043961183001903,0.0
6,0.4,85,0.020793837148941705,0.0
6,0.4,86,0.021207021668615628,0.0
6,0.4,87,0.02249997572868369,0.0
6,0.4,88,0.02332150881014734,0.0
6,0.4,89,0.022888819553591556,0.0
6,0.4,90,0.02280836915770669,0.0
6,0.4,91,0.02006415066070979,0.0
6,0.4,92,0.021904205216747328,0.0
6,0.4,93,0.02108473042719012,0.0
6,0.4,94,0.022286821349851046,0.0
6,0.4,95,0.01817232933093688,0.0
6,0.4,96,0.021758542321356114,0.0
6,0.4,97,0.026014056466708138,0.0
6,0.4,98,0.025624792516867143,0.0
6,0.4,99,0.025280235192394116,0.0
6,0.4,100,0.02259961462568783,0.0
6,0.4,101,0.021757087185634252,0.0
6,0.4,102,0.026457834001412116,0.0
6,0.4,103,0.02649453224173248,0.0
6,0.4,104,0.03084462824392561,0.0
6,0.4,105,0.025260710384517784,0.0
6,0.4,106,0.02601700263890403,0.0
6,0.4,107,0.021025805597908006,0.0
6,0.4,108,0.022647218522707888,0.0
6,0.4,109,0.02605386410541269,0.0
6,0.4,110,0.02279295775346857,0.0
6,0.4,111,0.016703709831886113,0.0
6,0.4,112,0.02066790122462669,0.0
6,0.4,113,0.019649236422667915,0.0
6,0.4,114,0.016871657161804197,0.0
6,0.4,115,0.01788215140551584,0.0
6,0.4,116,0.020549105283950157,0.0
6,0.4,117,0.018368715403650242,0.0
6,0.4,118,0.020004211279428658,0.0
6,0.4,119,0.01805144841410299,0.0
6,0.4,120,0.015619391845433707,0.0
6,0.4,121,0.015249998087684902,0.0
6,0.4,122,0.015477946218095166,0.0
6,0.4,123,0.02481981190657736,0.0
6,0.4,124,0.03604947683910744,0.0
6,0.4,125,0.026416988637856176,0.0
6,0.4,126,0.02357381440540385,0.0
6,0.4,127,0.02868050970825872,0.0
6,0.4,128,0.023455151470632363,0.0
6,0.4,129,0.022347610211475674,0.0
6,0.4,130,0.024853192774975885,0.0
6,0.4,131,0.01796036570458739,0.0
6,0.4,132,0.024028007004543817,0.0
6,0.4,133,0.02432406784637144,0.0
6,0.4,134,0.022425895948125843,0.0
6,0.4,135,0.02695043214341477,0.0
6,0.4,136,0.02260245838983918,0.0
6,0.4,137,0.022732752214227304,0.0
6,0.4,138,0.028564882482446898,0.0
6,0.4,139,0.027686594678568554,0.0
6,0.4,140,0.022780171155680772,0.0
6,0.4,141,0.01875590007988079,0.0
6,0.4,142,0.017096188977230906,0.0
6,0.4,143,0.016861638417255548,0.0
6,0.4,144,0.020388907464641504,0.0
6,0.4,145,0.022953970544303114,0.0
6,0.4,146,0.021173913085224715,0.0
6,0.4,147,0.018677886886149485,0.0
6,0.4,148,0.021322999894201066,0.0
6,0.4,149,0.021916567464135953,0.0
6,0.4,150,0.02559628409717464,0.0
6,0.4,151,0.025690465522819922,0.0
6,0.4,152,0.02658413810496725,0.0
6,0.4,153,0.026685871040509263,0.0
6,0.4,154,0.028049976177349736,0.0
6,0.4,155,0.02496256729352642,0.0
6,0.4,156,0.028624562137202086,0.0
6,0.4,157,0.023552766304982837,0.0
6,0.4,158,0.02385706509921093,0.0
6,0.4,159,0.024718324114886878,0.0
6,0.4,160,0.028960558108487137,0.0
6,0.4,161,0.026178385012855118,0.0
6,0.4,162,0.023372101164874415,0.0
6,0.4,163,0.018390044186318098,0.0
6,0.4,164,0.0232058394152906,0.0
6,0.4,165,0.020307418687181566,0.0
6,0.4,166,0.02040259826281175,0.0
6,0.4,167,0.023366236160549295,0.0
6,0.4,168,0.019935761329176654,0.0
6,0.4,169,0.017991281410283787,0.0
6,0.4,170,0.01607105274989809,0.0
6,0.4,171,0.018630108650043675,0.0
6,0.4,172,0.02518816318296373,0.0
6,0.4,173,0.019231021420831954,0.0
6,0.4,174,0.019114998263688475,0.0
6,0.4,175,0.016893528679087444,0.0
6,0.4,176,0.01794819809574192,0.0
6,0.4,177,0.02404045411108751,0.0
6,0.4,178,0.02000670943616888,0.0
6,0.4,179,0.02102818606601429,0.0
6,0.4,180,0.02054855482725183,0.0
6,0.4,181,0.019112976583260225,0.0
6,0.4,182,0.022859677649858474,0.0
6,0.4,183,0.021849216455782604,0.0
6,0.4,184,0.025558892784662973,0.0
6,0.4,185,0.029842448270627916,0.0
6,0.4,186,0.024145223696433696,0.0
6,0.4,187,0.024672125430373164,0.0
6,0.4,188,0.024969809175171408,0.0
6,0.4,189,0.019873965513009805,0.0
6,0.4,190,0.01874238736960737,0.0
6,0.4,191,0.014431838535907331,0.0
6,0.4,192,0.01718435508678648,0.0
6,0.4,193,0.024985965510281177,0.0
6,0.4,194,0.02433430879479441,0.0
6,0.4,195,0.024790828658212277,0.0
6,0.4,196,0.02594429701454327,0.0
6,0.4,197,0.02455113808133727,0.0
6,0.4,198,0.023667339253392403,0.0
6,0.4,199,0.023375908423466606,0.0
6,0.4,200,0.022359269913176872,0.0
6,0.4,201,0.021691102075620177,0.0
6,0.4,202,0.02613802024999745,0.0
6,0.4,203,0.021863182060479134,0.0
6,0.4,204,0.022704545365713865,0.0
6,0.4,205,0.02047318690935705,0.0
6,0.4,206,0.02365115236335689,0.0
6,0.4,207,0.023666084089449823,0.0
6,0.4,208,0.030135714937192404,0.0
6,0.4,209,0.028072616794751783,0.0
6,0.4,210,0.026414676743269555,0.0
6,0.4,211,0.02972884515680794,0.0
6,0.4,212,0.027660699684630544,0.0
6,0.4,213,0.023684922839997572,0.0
6,0.4,214,0.020154513815901175,0.0
6,0.4,215,0.02013734834383959,0.0
6,0.4,216,0.024445561709678022,0.0
6,0.4,217,0.021561066812103062,0.0
6,0.4,218,0.02327055150305947,0.0
6,0.4,219,0.026511221379300447,0.0
6,0.4,220,0.021462324210544424,0.0
6,0.4,221,0.02092696585377099,0.0
6,0.4,222,0.02262487538022799,0.0
6,0.4,223,0.023482962902629446,0.0
6,0.4,224,0.025475858400159486,0.0
6,0.4,225,0.023079377259621545,0.0
6,0.4,226,0.016898046068514163,0.0
6,0.4,227,0.017435114758052896,0.0
6,0.4,228,0.019206719109313302,0.0
6,0.4,229,0.021844079732286498,0.0
6,0.4,230,0.027340469671786362,0.0
6,0.4,231,0.023617153331559643,0.0
6,0.4,232,0.01926011083683572,0.0
6,0.4,233,0.018570189035367893,0.0
6,0.4,234,0.020179498578157547,0.0
6,0.4,235,0.023242103101331776,0.0
6,0.4,236,0.023042350522602232,0.0
6,0.4,237,0.024293033212613474,0.0
6,0.4,238,0.02416267492572387,0.0
6,0.4,239,0.029958796344840916,0.0
6,0.4,240,0.023508290727244762,0.0
6,0.4,241,0.020693071139746957,0.0
6,0.4,242,0.023912242911548098,0.0
6,0.4,243,0.024312596767385068,0.0
6,0.4,244,0.02724555368658971,0.0
6,0.4,245,0.025472486065333703,0.0
6,0.4,246,0.024779575900575727,0.0
6,0.4,247,0.02478742575254974,0.0
6,0.4,248,0.03010755229863534,0.0
6,0.4,249,0.023873557613235348,0.0
6,0.4,250,0.02213204606557908,0.0
6,0.4,251,0.01571744611301946,0.0
6,0.4,252,0.017858750630548786,0.0
6,0.4,253,0.018326508997218875,0.0
6,0.4,254,0.028172447642386446,0.0
6,0.4,255,0.029848030344214044,0.0
6,0.4,256,0.027062177928759642,0.0
6,0.4,257,0.02608202240941955,0.0
6,0.4,258,0.022637230221975054,0.0
6,0.4,259,0.02226482107251889,0.0
6,0.4,260,0.027369426994512832,0.0
6,0.4,261,0.021609967340369005,0.0
6,0.4,262,0.02921197260487832,0.0
6,0.4,263,0.028738062769118278,0.0
6,0.4,264,0.02760092135161817,0.0
6,0.4,265,0.025676303586982804,0.0
6,0.4,266,0.025355323372382256,0.0
6,0.4,267,0.023066500699543458,0.0
6,0.4,268,0.022859462530961203,0.0
6,0.4,269,0.025294866512395413,0.0
6,0.4,270,0.02798887739449162,0.0
6,0.4,271,0.032113754082746866,0.0
6,0.4,272,0.027479536100701946,0.0
6,0.4,273,0.023226916347073877,0.0
6,0.4,274,0.026789222209250608,0.0
6,0.4,275,0.022083533817459422,0.0
6,0.4,276,0.0225713850066362,0.0
6,0.4,277,0.02336113742767067,0.0
6,0.4,278,0.02520811705894583,0.0
6,0.4,279,0.018282077841370748,0.0
6,0.4,280,0.02271501840397209,0.0
6,0.4,281,0.02285402473042126,0.0
6,0.4,282,0.024554050612509867,0.0
6,0.4,283,0.020262156994759032,0.0
6,0.4,284,0.018851521528699886,0.0
6,0.4,285,0.023650874429747303,0.0
6,0.4,286,0.027618522077287478,0.0
6,0.4,287,0.029032491550217795,0.0
6,0.4,288,0.02630716554548911,0.0
6,0.4,289,0.02593906660707698,0.0
6,0.4,290,0.02747933831453009,0.0
6,0.4,291,0.031572439151182435,0.0
6,0.4,292,0.024155856487267247,0.0
6,0.4,293,0.023936211181903762,0.0
6,0.4,294,0.024888072224639374,0.0
6,0.4,295,0.024004100739420723,0.0
6,0.4,296,0.023165436584379993,0.0
6,0.4,297,0.02818189857140897,0.0
6,0.4,298,0.026539622784723785,0.0
6,0.4,299,0.031324260724108745,0.0
6,0.4,300,0.022166740981957776,0.0
6,0.4,301,0.025737104571834677,0.0
6,0.4,302,0.019859891564138296,0.0
6,0.4,303,0.024221385195053232,0.0
6,0.4,304,0.036479596825866094,0.0
6,0.4,305,0.025083112810129902,0.0
6,0.4,306,0.02150266676407496,0.0
6,0.4,307,0.016746669673091262,0.0
6,0.4,308,0.017327194786588486,0.0
6,0.4,309,0.01991779686912488,0.0
6,0.4,310,0.02630051022614612,0.0
6,0.4,311,0.021366181982030524,0.0
6,0.4,312,0.018158204671566824,0.0
6,0.4,313,0.025197964908492104,0.0
6,0.4,314,0.02567389353669379,0.0
6,0.4,315,0.025728835449616995,0.0
6,0.4,316,0.02781465353349931,0.0
6,0.4,317,0.024705024960636805,0.0
6,0.4,318,0.026683425508702906,0.0
6,0.4,319,0.028763869378046435,0.0
6,0.4,320,0.025694896910040628,0.0
6,0.4,321,0.020976838410839124,0.0
6,0.4,322,0.01729080095882164,0.0
6,0.4,323,0.019104728884252513,0.0
6,0.4,324,0.019235740886528616,0.0
6,0.4,325,0.020426243243064537,0.0
6,0.4,326,0.019710897568310005,0.0
6,0.4,327,0.019101116912922305,0.0
6,0.4,328,0.024729450347453993,0.0
6,0.4,329,0.02198980360992374,0.0
6,0.4,330,0.01979779104666226,0.0
6,0.4,331,0.02157809557095026,0.0
6,0.4,332,0.018745191212785842,0.0
6,0.4,333,0.017955599612989703,0.0
6,0.4,334,0.01623989486160194,0.0
6,0.4,335,0.019174190013561982,0.0
6,0.4,336,0.017636093539862337,0.0
6,0.4,337,0.016471954626370973,0.0
6,0.4,338,0.017607567350077177,0.0
6,0.4,339,0.023853958801702782,0.0
6,0.4,340,0.022203108191045113,0.0
6,0.4,341,0.0240084961479078,0.0
6,0.4,342,0.027945576132367648,0.0
6,0.4,343,0.02502783832953874,0.0
6,0.4,344,0.028554098853889244,0.0
6,0.4,345,0.025314571825356177,0.0
6,0.4,346,0.022237002120945686,0.0
6,0.4,347,0.020929246928598443,0.0
6,0.4,348,0.024392768024724346,0.0
6,0.4,349,0.020806192256995416,0.0
6,0.4,350,0.022975432403151027,0.0
6,0.4,351,0.02423592352686131,0.0
6,0.4,352,0.01868910724286994,0.0
6,0.4,353,0.023974740922184448,0.0
6,0.4,354,0.023353129268308924,0.0
6,0.4,355,0.025431227976555327,0.0
6,0.4,356,0.02552367468905475,0.0
6,0.4,357,0.024633561753695247,0.0
6,0.4,358,0.02441391758139896,0.0
6,0.4,359,0.024371227744680767,0.0
6,0.4,360,0.02836978548083527,0.0
6,0.4,361,0.03248053919661435,0.0
6,0.4,362,0.03038728412154108,0.0
6,0.4,363,0.024353195152546397,0.0
6,0.4,364,0.026182300526494628,0.0
6,0.4,365,0.024114461690561292,0.0
6,0.4,366,0.022445644651769264,0.0
6,0.4,367,0.03397516156589736,0.0
6,0.4,368,0.029347741653499404,0.0
6,0.4,369,0.032381377610011294,0.0
6,0.4,370,0.02597937624339281,0.0
6,0.4,371,0.020010189135610847,0.0
6,0.4,372,0.01812919950102019,0.0
6,0.4,373,0.01971652934038692,0.0
6,0.4,374,0.01933433452986129,0.0
6,0.4,375,0.018261571239268103,0.0
6,0.4,376,0.018066754314743125,0.0
6,0.4,377,0.020500483811136148,0.0
6,0.4,378,0.01936890419236286,0.0
6,0.4,379,0.02019537830726494,0.0
6,0.4,380,0.025648674799178418,0.0
6,0.4,381,0.02202790955830105,0.0
6,0.4,382,0.023975503644816758,0.0
6,0.4,383,0.027374037833842402,0.0
6,0.4,384,0.023627192612297156,0.0
6,0.4,385,0.020378558426167065,0.0
6,0.4,386,0.021401100843405248,0.0
6,0.4,387,0.02777359798400962,0.0
6,0.4,388,0.023377665911062336,0.0
6,0.4,389,0.026950211077089326,0.0
6,0.4,390,0.029032644230727683,0.0
6,0.4,391,0.03110161669893923,0.0
6,0.4,392,0.024460855171395058,0.0
6,0.4,393,0.021219289604771277,0.0
6,0.4,394,0.021218208057255005,0.0
6,0.4,395,0.01907766243715964,0.0
6,0.4,396,0.01786236831025272,0.0
6,0.4,397,0.01587077453787555,0.0
6,0.4,398,0.01585781721547803,0.0
6,0.4,399,0.01326699797905863,0.0
6,0.4,400,0.019809783323527574,0.0
6,0.4,401,0.019252585116293554,0.0
6,0.4,402,0.023512897344977395,0.0
6,0.4,403,0.026830428122053114,0.0
6,0.4,404,0.02283880019470118,0.0
6,0.4,405,0.02335350164160918,0.0
6,0.4,406,0.019839741798511307,0.0
6,0.4,407,0.030284714100979455,0.0
6,0.4,408,0.023172589853146443,0.0
6,0.4,409,0.019912265502623695,0.0
6,0.4,410,0.01902558416110669,0.0
6,0.4,411,0.02210366557945553,0.0
6,0.4,412,0.01788192901014548,0.0
6,0.4,413,0.01825252914220288,0.0
6,0.4,414,0.016983469916694555,0.0
6,0.4,415,0.014800209098114178,0.0
6,0.4,416,0.02459592675632234,0.0
6,0.4,417,0.02363699335123356,0.0
6,0.4,418,0.02105840132538034,0.0
6,0.4,419,0.016404398190461168,0.0
6,0.4,420,0.022278029018207416,0.0
6,0.4,421,0.023097684846410484,0.0
6,0.4,422,0.027996365091192184,0.0
6,0.4,423,0.022822804506927294,0.0
6,0.4,424,0.02477705354682347,0.0
6,0.4,425,0.023265528204211655,0.0
6,0.4,426,0.023830401321779767,0.0
6,0.4,427,0.03069629087585571,0.0
6,0.4,428,0.03074327006146801,0.0
6,0.4,429,0.025270926427489505,0.0
6,0.4,430,0.023122220198299282,0.0
6,0.4,431,0.022296678871413976,0.0
6,0.4,432,0.021752966746299163,0.0
6,0.4,433,0.022773995071728118,0.0
6,0.4,434,0.02061829925317354,0.0
6,0.4,435,0.020630601889298737,0.0
6,0.4,436,0.016139797320947384,0.0
6,0.4,437,0.01600222083561205,0.0
6,0.4,438,0.019374160306748003,0.0
6,0.4,439,0.02109615018069787,0.0
6,0.4,440,0.022083762539897918,0.0
6,0.4,441,0.022518393150174724,0.0
6,0.4,442,0.018541445678099705,0.0
6,0.4,443,0.020717863898305638,0.0
6,0.4,444,0.021981165293979296,0.0
6,0.4,445,0.020721417888219764,0.0
6,0.4,446,0.020343849786231393,0.0
6,0.4,447,0.022568580375583548,0.0
6,0.4,448,0.022508819935892335,0.0
6,0.4,449,0.02025267352834295,0.0
6,0.4,450,0.02321558574977408,0.0
6,0.4,451,0.02116357339913271,0.0
6,0.4,452,0.017384066313714128,0.0
6,0.4,453,0.02121745591670396,0.0
6,0.4,454,0.018623665611846182,0.0
6,0.4,455,0.017277361644557586,0.0
6,0.4,456,0.019370668377224332,0.0
6,0.4,457,0.02152689603480349,0.0
6,0.4,458,0.02336898709629867,0.0
6,0.4,459,0.025656555548431843,0.0
6,0.4,460,0.026475668482897192,0.0
6,0.4,461,0.02049894416185159,0.0
6,0.4,462,0.016615017028104834,0.0
6,0.4,463,0.020741578367679866,0.0
6,0.4,464,0.022275853252440022,0.0
6,0.4,465,0.021152605411156423,0.0
6,0.4,466,0.02454099077275603,0.0
6,0.4,467,0.019394326766470692,0.0
6,0.4,468,0.016080198622993747,0.0
6,0.4,469,0.022362004739215843,0.0
6,0.4,470,0.03049816621492656,0.0
6,0.4,471,0.024836268828083572,0.0
6,0.4,472,0.026756833191290394,0.0
6,0.4,473,0.027186460090227654,0.0
6,0.4,474,0.03559623865847295,0.0
6,0.4,475,0.02852048911431144,0.0
6,0.4,476,0.017809831537528745,0.0
6,0.4,477,0.021810584763764095,0.0
6,0.4,478,0.023730333898018766,0.0
6,0.4,479,0.02184795997977586,0.0
6,0.4,480,0.022962415506436133,0.0
6,0.4,481,0.024598157318651656,0.0
6,0.4,482,0.019283962896383445,0.0
6,0.4,483,0.020583731179111327,0.0
6,0.4,484,0.025705564511320764,0.0
6,0.4,485,0.026398930647865852,0.0
6,0.4,486,0.0266900258086149,0.0
6,0.4,487,0.023090468920014085,0.0
6,0.4,488,0.025280210719652408,0.0
6,0.4,489,0.02140853933019975,0.0
6,0.4,490,0.020269315239605054,0.0
6,0.4,491,0.021765765546176725,0.0
6,0.4,492,0.018866643569021527,0.0
6,0.4,493,0.018444685305607323,0.0
6,0.4,494,0.01675965070250532,0.0
6,0.4,495,0.017433530619370863,0.0
6,0.4,496,0.021331064473605336,0.0
6,0.4,497,0.023019548156144667,0.0
6,0.4,498,0.023317832101003383,0.0
6,0.4,499,0.030769746504466775,0.0
6,0.4,500,0.026303979176975023,0.0
6,0.6,0,0.08087249384289848,0.0
6,0.6,1,0.046389767901350944,0.0
6,0.6,2,0.029881904746109328,0.0
6,0.6,3,0.021414023500101166,0.0
6,0.6,4,0.02421564432427319,0.0
6,0.6,5,0.028765182684082156,0.0
6,0.6,6,0.029268078915038784,0.0
6,0.6,7,0.027574378307630373,0.0
6,0.6,8,0.02400817888694387,0.0
6,0.6,9,0.017102285726388493,0.0
6,0.6,10,0.017065057282836884,0.0
6,0.6,11,0.017175380041266376,0.0
6,0.6,12,0.019641775839148834,0.0
6,0.6,13,0.019891889629206228,0.0
6,0.6,14,0.021312580926417368,0.0
6,0.6,15,0.024521314426781182,0.0
6,0.6,16,0.023573173138461474,0.0
6,0.6,17,0.02352246122141442,0.0
6,0.6,18,0.021032383174353284,0.0
6,0.6,19,0.019773104211673147,0.0
6,0.6,20,0.019424667424071826,0.0
6,0.6,21,0.023388032913508015,0.0
6,0.6,22,0.02058563237437497,0.0
6,0.6,23,0.015123559659451639,0.0
6,0.6,24,0.01831302743913773,0.0
6,0.6,25,0.021617227920636587,0.0
6,0.6,26,0.02255928692532516,0.0
6,0.6,27,0.018591477955963318,0.0
6,0.6,28,0.018261578652310026,0.0
6,0.6,29,0.014165926422038405,0.0
6,0.6,30,0.01701961913887085,0.0
6,0.6,31,0.02149839900147429,0.0
6,0.6,32,0.02003367222050117,0.0
6,0.6,33,0.02545722534748013,0.0
6,0.6,34,0.029407614899844843,0.0
6,0.6,35,0.026150373864792496,0.0
6,0.6,36,0.02699711492100604,0.0
6,0.6,37,0.025274664392480578,0.0
6,0.6,38,0.02014049054332202,0.0
6,0.6,39,0.018060433924867145,0.0
6,0.6,40,0.020946100402140906,0.0
6,0.6,41,0.020899971319741292,0.0
6,0.6,42,0.019330967271324436,0.0
6,0.6,43,0.020739269481543806,0.0
6,0.6,44,0.022961034649298266,0.0
6,0.6,45,0.02693434985094351,0.0
6,0.6,46,0.021265534055215234,0.0
6,0.6,47,0.016036956755844142,0.0
6,0.6,48,0.018031883328322684,0.0
6,0.6,49,0.022990488258424938,0.0
6,0.6,50,0.02617922262114463,0.0
6,0.6,51,0.0247247869113166,0.0
6,0.6,52,0.020104382048608708,0.0
6,0.6,53,0.024058271404343894,0.0
6,0.6,54,0.025373633340223654,0.0
6,0.6,55,0.02544626151725628,0.0
6,0.6,56,0.03279916104458887,0.0
6,0.6,57,0.03644862340770802,0.0
6,0.6,58,0.03058772924331286,0.0
6,0.6,59,0.03252978679652119,0.0
6,0.6,60,0.028483984159676724,0.0
6,0.6,61,0.030058497417285085,0.0
6,0.6,62,0.03351968119499862,0.0
6,0.6,63,0.0367164562497298,0.0
6,0.6,64,0.03133496784986855,0.0
6,0.6,65,0.03238088796041179,0.0
6,0.6,66,0.02878052399853487,0.0
6,0.6,67,0.027971743950504238,0.0
6,0.6,68,0.02033380686098207,0.0
6,0.6,69,0.021390123096545078,0.0
6,0.6,70,0.016603962529073642,0.0
6,0.6,71,0.0155553536380804,0.0
6,0.6,72,0.018537117379936623,0.0
6,0.6,73,0.022500246417620544,0.0
6,0.6,74,0.020660100080958484,0.0
6,0.6,75,0.024479412278777986,0.0
6,0.6,76,0.015131047978768413,0.0
6,0.6,77,0.017503503206649687,0.0
6,0.6,78,0.02046212010995557,0.0
6,0.6,79,0.025755533899555857,0.0
6,0.6,80,0.022256943931647868,0.0
6,0.6,81,0.030134142480674305,0.0
6,0.6,82,0.02964734076743733,0.0
6,0.6,83,0.02876370599398873,0.0
6,0.6,84,0.019644827432023906,0.0
6,0.6,85,0.023082380357612755,0.0
6,0.6,86,0.02053354261683826,0.0
6,0.6,87,0.020167621527096755,0.0
6,0.6,88,0.022200926840812926,0.0
6,0.6,89,0.022134853270446855,0.0
6,0.6,90,0.01890920262289656,0.0
6,0.6,91,0.016811307014278416,0.0
6,0.6,92,0.01595695844071863,0.0
6,0.6,93,0.020835162407325504,0.0
6,0.6,94,0.020759319804746892,0.0
6,0.6,95,0.017946337141239544,0.0
6,0.6,96,0.021209907001239387,0.0
6,0.6,97,0.021534890321995837,0.0
6,0.6,98,0.022799231837683537,0.0
6,0.6,99,0.024229641994237053,0.0
6,0.6,100,0.020902832078147308,0.0
6,0.6,101,0.0215041035358029,0.0
6,0.6,102,0.025407573746473542,0.0
6,0.6,103,0.027295548117527685,0.0
6,0.6,104,0.025251429230518197,0.0
6,0.6,105,0.02374194089536799,0.0
6,0.6,106,0.02634432339063017,0.0
6,0.6,107,0.02638224500215372,0.0
6,0.6,108,0.025420651642388783,0.0
6,0.6,109,0.02922092717842715,0.0
6,0.6,110,0.028726317459052804,0.0
6,0.6,111,0.02960643338395302,0.0
6,0.6,112,0.030950766701193108,0.0
6,0.6,113,0.026157319671346105,0.0
6,0.6,114,0.02454527294177167,0.0
6,0.6,115,0.024069901074493142,0.0
6,0.6,116,0.027634708505699098,0.0
6,0.6,117,0.02371357013700153,0.0
6,0.6,118,0.01694648353289704,0.0
6,0.6,119,0.016708360960265248,0.0
6,0.6,120,0.020942734815980645,0.0
6,0.6,121,0.020707715437419862,0.0
6,0.6,122,0.024469907139282022,0.0
6,0.6,123,0.020775686898867333,0.0
6,0.6,124,0.02199676899914654,0.0
6,0.6,125,0.017813816077597806,0.0
6,0.6,126,0.015036757280399294,0.0
6,0.6,127,0.015751025192720175,0.0
6,0.6,128,0.013126334383323342,0.0
6,0.6,129,0.02024367404413387,0.0
6,0.6,130,0.022220653843550608,0.0
6,0.6,131,0.02086081471791644,0.0
6,0.6,132,0.021501884318206575,0.0
6,0.6,133,0.02561600701256783,0.0
6,0.6,134,0.02255845134281762,0.0
6,0.6,135,0.022841315320448655,0.0
6,0.6,136,0.021024158116632063,0.0
6,0.6,137,0.024337798923556902,0.0
6,0.6,138,0.022929190652523846,0.0
6,0.6,139,0.017334138172701893,0.0
6,0.6,140,0.017615452234513686,0.0
6,0.6,141,0.020435466777185746,0.0
6,0.6,142,0.021741147304719603,0.0
6,0.6,143,0.02899384250653482,0.0
6,0.6,144,0.023744813947309425,0.0
6,0.6,145,0.02430636951256236,0.0
6,0.6,146,0.021957420649327025,0.0
6,0.6,147,0.021754874529282743,0.0
6,0.6,148,0.020477609110812797,0.0
6,0.6,149,0.02688896107562637,0.0
6,0.6,150,0.02669285494662814,0.0
6,0.6,151,0.022262510915515427,0.0
6,0.6,152,0.024539530592018202,0.0
6,0.6,153,0.022636447364547577,0.0
6,0.6,154,0.021905916142832466,0.0
6,0.6,155,0.022489937584462733,0.0
6,0.6,156,0.021568003230173004,0.0
6,0.6,157,0.02468007642758033,0.0
6,0.6,158,0.02408178368205863,0.0
6,0.6,159,0.024305913148949004,0.0
6,0.6,160,0.020729806879767602,0.0
6,0.6,161,0.01753030682769139,0.0
6,0.6,162,0.016259999766505086,0.0
6,0.6,163,0.013496985590042422,0.0
6,0.6,164,0.015260881910011737,0.0
6,0.6,165,0.022466415204636242,0.0
6,0.6,166,0.02153096662907961,0.0
6,0.6,167,0.02188766933581836,0.0
6,0.6,168,0.020945418380873687,0.0
6,0.6,169,0.02163681484082341,0.0
6,0.6,170,0.023323213441070117,0.0
6,0.6,171,0.022352104199350152,0.0
6,0.6,172,0.026575859533515486,0.0
6,0.6,173,0.02152698222143036,0.0
6,0.6,174,0.023862804864904143,0.0
6,0.6,175,0.026484863174942065,0.0
6,0.6,176,0.02328344436946093,0.0
6,0.6,177,0.024454636675998686,0.0
6,0.6,178,0.02650614764617568,0.0
6,0.6,179,0.02431410057667365,0.0
6,0.6,180,0.02385258395182034,0.0
6,0.6,181,0.028859136361144455,0.0
6,0.6,182,0.027733697295033236,0.0
6,0.6,183,0.024157359379945356,0.0
6,0.6,184,0.02412022926740566,0.0
6,0.6,185,0.024394698377135312,0.0
6,0.6,186,0.022802852849551875,0.0
6,0.6,187,0.025087416274519582,0.0
6,0.6,188,0.02878087761792163,0.0
6,0.6,189,0.02606298608630534,0.0
6,0.6,190,0.022807136066809886,0.0
6,0.6,191,0.027887095993061984,0.0
6,0.6,192,0.029903363691648668,0.0
6,0.6,193,0.02417318739073981,0.0
6,0.6,194,0.022040413176765,0.0
6,0.6,195,0.027532191483523163,0.0
6,0.6,196,0.023361668552551885,0.0
6,0.6,197,0.02036391398310198,0.0
6,0.6,198,0.02383084505082294,0.0
6,0.6,199,0.020220217157261074,0.0
6,0.6,200,0.019285944862820786,0.0
6,0.6,201,0.023225202636136096,0.0
6,0.6,202,0.024381896647215292,0.0
6,0.6,203,0.023462932916891055,0.0
6,0.6,204,0.02096070907824317,0.0
6,0.6,205,0.02381556442068876,0.0
6,0.6,206,0.02769338685700537,0.0
6,0.6,207,0.026595559845604768,0.0
6,0.6,208,0.02381362946920997,0.0
6,0.6,209,0.020948261792537573,0.0
6,0.6,210,0.016205077072371038,0.0
6,0.6,211,0.017511199916058276,0.0
6,0.6,212,0.02447353435310789,0.0
6,0.6,213,0.02757576455515235,0.0
6,0.6,214,0.022870934601029166,0.0
6,0.6,215,0.023098211101489644,0.0
6,0.6,216,0.015161743668668182,0.0
6,0.6,217,0.0199774863349077,0.0
6,0.6,218,0.02237207989648618,0.0
6,0.6,219,0.028986365711349195,0.0
6,0.6,220,0.034583536995116265,0.0
6,0.6,221,0.03464194056725349,0.0
6,0.6,222,0.026298159936488305,0.0
6,0.6,223,0.024432336021744553,0.0
6,0.6,224,0.02410740250283932,0.0
6,0.6,225,0.021640476158431468,0.0
6,0.6,226,0.01668457691550415,0.0
6,0.6,227,0.017736032107419655,0.0
6,0.6,228,0.027552670074805663,0.0
6,0.6,229,0.02134221801252735,0.0
6,0.6,230,0.025981843264497498,0.0
6,0.6,231,0.02845762341916721,0.0
6,0.6,232,0.025340946607180104,0.0
6,0.6,233,0.023848978450420263,0.0
6,0.6,234,0.02743866340842887,0.0
6,0.6,235,0.02380841885207878,0.0
6,0.6,236,0.02496932874307261,0.0
6,0.6,237,0.023426371414518133,0.0
6,0.6,238,0.019943429035114257,0.0
6,0.6,239,0.021321315985888063,0.0
6,0.6,240,0.021383573496311335,0.0
6,0.6,241,0.01891132228562878,0.0
6,0.6,242,0.019268157709116714,0.0
6,0.6,243,0.019126013692899915,0.0
6,0.6,244,0.021518567774864047,0.0
6,0.6,245,0.020737702960575487,0.0
6,0.6,246,0.019077641844918874,0.0
6,0.6,247,0.020339528202872395,0.0
6,0.6,248,0.022084243419315922,0.0
6,0.6,249,0.02114033579070668,0.0
6,0.6,250,0.021260950830555996,0.0
6,0.6,251,0.025308021020824512,0.0
6,0.6,252,0.02724836793745286,0.0
6,0.6,253,0.02445378514427007,0.0
6,0.6,254,0.018420078123425044,0.0
6,0.6,255,0.01573995897508467,0.0
6,0.6,256,0.016255274430151692,0.0
6,0.6,257,0.018912949520391815,0.0
6,0.6,258,0.018998222786150928,0.0
6,0.6,259,0.01785559727871117,0.0
6,0.6,260,0.013350429069579778,0.0
6,0.6,261,0.02000711766787332,0.0
6,0.6,262,0.01930472802856739,0.0
6,0.6,263,0.0255964847049629,0.0
6,0.6,264,0.030389665109339412,0.0
6,0.6,265,0.032557883413142114,0.0
6,0.6,266,0.031471924957685755,0.0
6,0.6,267,0.035460366406395646,0.0
6,0.6,268,0.03093707865602954,0.0
6,0.6,269,0.02751330543514964,0.0
6,0.6,270,0.027459380447714798,0.0
6,0.6,271,0.024054545516716704,0.0
6,0.6,272,0.023819701288841488,0.0
6,0.6,273,0.02266983056012937,0.0
6,0.6,274,0.02736981872923493,0.0
6,0.6,275,0.024212309308824294,0.0
6,0.6,276,0.022000903266513286,0.0
6,0.6,277,0.024091886841211125,0.0
6,0.6,278,0.025650362253500675,0.0
6,0.6,279,0.027470085955695812,0.0
6,0.6,280,0.021611857575262187,0.0
6,0.6,281,0.021453805676625234,0.0
6,0.6,282,0.02508685650592621,0.0
6,0.6,283,0.031002414550549834,0.0
6,0.6,284,0.02094030904050864,0.0
6,0.6,285,0.013208031598578744,0.0
6,0.6,286,0.019486604005169418,0.0
6,0.6,287,0.01538476493663586,0.0
6,0.6,288,0.023402251870706516,0.0
6,0.6,289,0.024502076131803916,0.0
6,0.6,290,0.023365705646113163,0.0
6,0.6,291,0.025061481538517002,0.0
6,0.6,292,0.031122376768311314,0.0
6,0.6,293,0.023351006057769262,0.0
6,0.6,294,0.017394476330466428,0.0
6,0.6,295,0.01967125737317274,0.0
6,0.6,296,0.019254328383934816,0.0
6,0.6,297,0.021588813548456497,0.0
6,0.6,298,0.025291672695901095,0.0
6,0.6,299,0.026069049043569346,0.0
6,0.6,300,0.024220382704309658,0.0
6,0.6,301,0.02084579892472358,0.0
6,0.6,302,0.021321465170432524,0.0
6,0.6,303,0.021821070560023168,0.0
6,0.6,304,0.017730635131146668,0.0
6,0.6,305,0.023393035218349113,0.0
6,0.6,306,0.02057971677266717,0.0
6,0.6,307,0.021694443168810175,0.0
6,0.6,308,0.020920783242892423,0.0
6,0.6,309,0.018410800191724835,0.0
6,0.6,310,0.01841992611325932,0.0
6,0.6,311,0.019492790511374546,0.0
6,0.6,312,0.01877065377143802,0.0
6,0.6,313,0.022709058129197948,0.0
6,0.6,314,0.024829086922190203,0.0
6,0.6,315,0.026793449639637666,0.0
6,0.6,316,0.023134406766757674,0.0
6,0.6,317,0.02119711016566579,0.0
6,0.6,318,0.01589261859265876,0.0
6,0.6,319,0.020323472525711192,0.0
6,0.6,320,0.019408696838721387,0.0
6,0.6,321,0.017734995892681057,0.0
6,0.6,322,0.018257995527152918,0.0
6,0.6,323,0.02176125025089697,0.0
6,0.6,324,0.020378050141516894,0.0
6,0.6,325,0.017677134776710696,0.0
6,0.6,326,0.02134559911966821,0.0
6,0.6,327,0.019826574331444115,0.0
6,0.6,328,0.01925625350703862,0.0
6,0.6,329,0.015816239036346845,0.0
6,0.6,330,0.012259469159350975,0.0
6,0.6,331,0.02007777400952106,0.0
6,0.6,332,0.015605086001783957,0.0
6,0.6,333,0.02109921871077972,0.0
6,0.6,334,0.02095066253188435,0.0
6,0.6,335,0.019891787861624818,0.0
6,0.6,336,0.01634585558176912,0.0
6,0.6,337,0.015503422560859069,0.0
6,0.6,338,0.01726231161753613,0.0
6,0.6,339,0.01759426858948532,0.0
6,0.6,340,0.017671802071526733,0.0
6,0.6,341,0.019404723534092796,0.0
6,0.6,342,0.01505214723241461,0.0
6,0.6,343,0.015886323483082974,0.0
6,0.6,344,0.020535229217858757,0.0
6,0.6,345,0.020054104532016663,0.0
6,0.6,346,0.02338180683060307,0.0
6,0.6,347,0.026524946033967517,0.0
6,0.6,348,0.028427265868645354,0.0
6,0.6,349,0.028138850424727704,0.0
6,0.6,350,0.026591779572644244,0.0
6,0.6,351,0.026800722673616523,0.0
6,0.6,352,0.0212515512322207,0.0
6,0.6,353,0.0192686987792269,0.0
6,0.6,354,0.01799309660404168,0.0
6,0.6,355,0.014668491595196445,0.0
6,0.6,356,0.02040210506086672,0.0
6,0.6,357,0.018392398707005535,0.0
6,0.6,358,0.022251309807182644,0.0
6,0.6,359,0.018844970617130703,0.0
6,0.6,360,0.019719210214791106,0.0
6,0.6,361,0.021165368698959384,0.0
6,0.6,362,0.023450894084598554,0.0
6,0.6,363,0.024914658923114414,0.0
6,0.6,364,0.022082472303993503,0.0
6,0.6,365,0.021839019554166134,0.0
6,0.6,366,0.028782523607132352,0.0
6,0.6,367,0.031366429814374014,0.0
6,0.6,368,0.031063219545998368,0.0
6,0.6,369,0.03269277034517097,0.0
6,0.6,370,0.028190722635034717,0.0
6,0.6,371,0.023158570286521695,0.0
6,0.6,372,0.024875235042867937,0.0
6,0.6,373,0.03230517405379493,0.0
6,0.6,374,0.033176898572693736,0.0
6,0.6,375,0.030249598848412877,0.0
6,0.6,376,0.029469234006754004,0.0
6,0.6,377,0.02733097072780169,0.0
6,0.6,378,0.027128587868456643,0.0
6,0.6,379,0.02383546623934838,0.0
6,0.6,380,0.024740165519464355,0.0
6,0.6,381,0.019272717603343287,0.0
6,0.6,382,0.02179291133491355,0.0
6,0.6,383,0.020456348490832596,0.0
6,0.6,384,0.01771003290187276,0.0
6,0.6,385,0.02005738721043101,0.0
6,0.6,386,0.022452880760188774,0.0
6,0.6,387,0.028327186950426925,0.0
6,0.6,388,0.023007892660371433,0.0
6,0.6,389,0.028165614175640234,0.0
6,0.6,390,0.024656557840846416,0.0
6,0.6,391,0.027707197698285235,0.0
6,0.6,392,0.028041983723242722,0.0
6,0.6,393,0.02527202213609641,0.0
6,0.6,394,0.02409024456805685,0.0
6,0.6,395,0.02647172766471303,0.0
6,0.6,396,0.020193757508734773,0.0
6,0.6,397,0.01744061173630934,0.0
6,0.6,398,0.020584672669027,0.0
6,0.6,399,0.020371568291706707,0.0
6,0.6,400,0.02141879711251966,0.0
6,0.6,401,0.026678697564564834,0.0
6,0.6,402,0.02229495498606601,0.0
6,0.6,403,0.022466919062672217,0.0
6,0.6,404,0.02496376927111292,0.0
6,0.6,405,0.026556781027886025,0.0
6,0.6,406,0.021179873959022454,0.0
6,0.6,407,0.020192157972963174,0.0
6,0.6,408,0.024465334899773504,0.0
6,0.6,409,0.02215380700768207,0.0
6,0.6,410,0.02512917413322842,0.0
6,0.6,411,0.02723462152331511,0.0
6,0.6,412,0.02220136127505845,0.0
6,0.6,413,0.01596848838365038,0.0
6,0.6,414,0.016608955148173874,0.0
6,0.6,415,0.018996044098666388,0.0
6,0.6,416,0.022301972000262325,0.0
6,0.6,417,0.02256748493303151,0.0
6,0.6,418,0.02261058710400822,0.0
6,0.6,419,0.019963142426249348,0.0
6,0.6,420,0.016000925350923696,0.0
6,0.6,421,0.01686407059337905,0.0
6,0.6,422,0.018106066561199202,0.0
6,0.6,423,0.020130188644660305,0.0
6,0.6,424,0.020628822620179493,0.0
6,0.6,425,0.022048434134333484,0.0
6,0.6,426,0.019816778619068044,0.0
6,0.6,427,0.025814979016405535,0.0
6,0.6,428,0.016648382764858395,0.0
6,0.6,429,0.019922724397467145,0.0
6,0.6,430,0.020243609377031582,0.0
6,0.6,431,0.021788888695747913,0.0
6,0.6,432,0.017111149288751314,0.0
6,0.6,433,0.016795733828621446,0.0
6,0.6,434,0.020361342876688195,0.0
6,0.6,435,0.022681161168087667,0.0
6,0.6,436,0.022731725465408536,0.0
6,0.6,437,0.025321397330025797,0.0
6,0.6,438,0.02251189816379687,0.0
6,0.6,439,0.02257415576408646,0.0
6,0.6,440,0.022972695100764624,0.0
6,0.6,441,0.02274495604747119,0.0
6,0.6,442,0.02677200693361514,0.0
6,0.6,443,0.02640336866542145,0.0
6,0.6,444,0.02185095179392895,0.0
6,0.6,445,0.01796884367409417,0.0
6,0.6,446,0.017594924986476024,0.0
6,0.6,447,0.018613910309132353,0.0
6,0.6,448,0.02571836797262543,0.0
6,0.6,449,0.022599318827344922,0.0
6,0.6,450,0.025192903311279616,0.0
6,0.6,451,0.026790193802057917,0.0
6,0.6,452,0.024098105476974333,0.0
6,0.6,453,0.02556015562212915,0.0
6,0.6,454,0.025246086311743153,0.0
6,0.6,455,0.02175875851627773,0.0
6,0.6,456,0.027106524676068697,0.0
6,0.6,457,0.023907008563002288,0.0
6,0.6,458,0.021719174363044,0.0
6,0.6,459,0.019910529886040997,0.0
6,0.6,460,0.016684165308024492,0.0
6,0.6,461,0.02264336993884414,0.0
6,0.6,462,0.02319659814999036,0.0
6,0.6,463,0.020779702690975663,0.0
6,0.6,464,0.02478838697842902,0.0
6,0.6,465,0.025842306473699908,0.0
6,0.6,466,0.021932771788646405,0.0
6,0.6,467,0.01913684372316451,0.0
6,0.6,468,0.02006461017270456,0.0
6,0.6,469,0.0230977047189878,0.0
6,0.6,470,0.020668519144377905,0.0
6,0.6,471,0.020529447459670825,0.0
6,0.6,472,0.017194825529115464,0.0
6,0.6,473,0.019943159072347644,0.0
6,0.6,474,0.018401104024975006,0.0
6,0.6,475,0.02054030396270548,0.0
6,0.6,476,0.023132114481567857,0.0
6,0.6,477,0.024469065287942914,0.0
6,0.6,478,0.029576785538625586,0.0
6,0.6,479,0.01785017981962224,0.0
6,0.6,480,0.023517629593886893,0.0
6,0.6,481,0.02459048598657338,0.0
6,0.6,482,0.02553835688997094,0.0
6,0.6,483,0.021663993800538708,0.0
6,0.6,484,0.018572573778475782,0.0
6,0.6,485,0.020897677810037037,0.0
6,0.6,486,0.02075661732524849,0.0
6,0.6,487,0.020913996903367038,0.0
6,0.6,488,0.021048627197528657,0.0
6,0.6,489,0.021815921555157075,0.0
6,0.6,490,0.018807166463555836,0.0
6,0.6,491,0.02525197035231081,0.0
6,0.6,492,0.02255497069330177,0.0
6,0.6,493,0.020337074268262912,0.0
6,0.6,494,0.017169662126894348,0.0
6,0.6,495,0.021489513937363945,0.0
6,0.6,496,0.022336808359212524,0.0
6,0.6,497,0.02438663553500107,0.0
6,0.6,498,0.02361512405106338,0.0
6,0.6,499,0.02650567484286218,0.0
6,0.6,500,0.02369026585927791,0.0
6,0.8,0,0.07983406435413505,0.0
6,0.8,1,0.0655864094037254,0.0
6,0.8,2,0.04426088334210409,0.0
6,0.8,3,0.0358357648709152,0.0
6,0.8,4,0.03217435729397063,0.0
6,0.8,5,0.030564855007529302,0.0
6,0.8,6,0.021731340307214787,0.0
6,0.8,7,0.020101656426514528,0.0
6,0.8,8,0.01803491529049833,0.0
6,0.8,9,0.017534498769717993,0.0
6,0.8,10,0.021686596765932254,0.0
6,0.8,11,0.020964629668759577,0.0
6,0.8,12,0.021908106819994368,0.0
6,0.8,13,0.022844582037706358,0.0
6,0.8,14,0.024594724811785505,0.0
6,0.8,15,0.023680958656762553,0.0
6,0.8,16,0.029254152304981455,0.0
6,0.8,17,0.02774923801690112,0.0
6,0.8,18,0.029080607290373813,0.0
6,0.8,19,0.020101759917883443,0.0
6,0.8,20,0.02024585754751321,0.0
6,0.8,21,0.025662795911202727,0.0
6,0.8,22,0.03277927235783507,0.0
6,0.8,23,0.027564162474468374,0.0
6,0.8,24,0.024331563099168858,0.0
6,0.8,25,0.017432294901125536,0.0
6,0.8,26,0.021709453988056043,0.0
6,0.8,27,0.017038460010476313,0.0
6,0.8,28,0.016032675204995527,0.0
6,0.8,29,0.02067629439768143,0.0
6,0.8,30,0.02268684004112125,0.0
6,0.8,31,0.02260265298778953,0.0
6,0.8,32,0.02359275069049915,0.0
6,0.8,33,0.02334133001327126,0.0
6,0.8,34,0.025647294405799534,0.0
6,0.8,35,0.020947352992970247,0.0
6,0.8,36,0.017488988589236566,0.0
6,0.8,37,0.020245094519076544,0.0
6,0.8,38,0.019243005342219552,0.0
6,0.8,39,0.01849388518081193,0.0
6,0.8,40,0.02054784013314255,0.0
6,0.8,41,0.0235164660621912,0.0
6,0.8,42,0.026429822657388122,0.0
6,0.8,43,0.027867957916957984,0.0
6,0.8,44,0.028564998750211238,0.0
6,0.8,45,0.030107707078601765,0.0
6,0.8,46,0.03487160365811292,0.0
6,0.8,47,0.028871698693011937,0.0
6,0.8,48,0.023137868185241488,0.0
6,0.8,49,0.02197480836623647,0.0
6,0.8,50,0.018934865944744216,0.0
6,0.8,51,0.026486889821103504,0.0
6,0.8,52,0.029600995898952577,0.0
6,0.8,53,0.021376962561879757,0.0
6,0.8,54,0.028089688924580254,0.0
6,0.8,55,0.02411442034943642,0.0
6,0.8,56,0.026055735700618303,0.0
6,0.8,57,0.0248695576638351,0.0
6,0.8,58,0.028527323826012026,0.0
6,0.8,59,0.03300436897628853,0.0
6,0.8,60,0.02495637012170616,0.0
6,0.8,61,0.023594257458192668,0.0
6,0.8,62,0.017784806410842353,0.0
6,0.8,63,0.02343199124963871,0.0
6,0.8,64,0.026889413573786047,0.0
6,0.8,65,0.02469597979963033,0.0
6,0.8,66,0.02675689367517223,0.0
6,0.8,67,0.02847579809592922,0.0
6,0.8,68,0.028119713573359306,0.0
6,0.8,69,0.021171597825873422,0.0
6,0.8,70,0.01885276081887861,0.0
6,0.8,71,0.01927151011687119,0.0
6,0.8,72,0.019998687820722106,0.0
6,0.8,73,0.0221358909835337,0.0
6,0.8,74,0.02311616832043415,0.0
6,0.8,75,0.02466964819139558,0.0
6,0.8,76,0.024423883722312495,0.0
6,0.8,77,0.028048579419410077,0.0
6,0.8,78,0.025407072200875375,0.0
6,0.8,79,0.025953578359491223,0.0
6,0.8,80,0.02767295358411664,0.0
6,0.8,81,0.022391603212152267,0.0
6,0.8,82,0.021079069760271886,0.0
6,0.8,83,0.021781076893184422,0.0
6,0.8,84,0.023553195641315527,0.0
6,0.8,85,0.02516772537852371,0.0
6,0.8,86,0.018759705640775212,0.0
6,0.8,87,0.024623418733880697,0.0
6,0.8,88,0.027445510386659475,0.0
6,0.8,89,0.027699738344919074,0.0
6,0.8,90,0.030577115650688092,0.0
6,0.8,91,0.024351702519466195,0.0
6,0.8,92,0.02297770989424102,0.0
6,0.8,93,0.021161125497313322,0.0
6,0.8,94,0.018900638877311388,0.0
6,0.8,95,0.02433004046838158,0.0
6,0.8,96,0.017699287038664302,0.0
6,0.8,97,0.018804589170934815,0.0
6,0.8,98,0.020376193950863285,0.0
6,0.8,99,0.019769182684710715,0.0
6,0.8,100,0.018675290863920314,0.0
6,0.8,101,0.021032272108314033,0.0
6,0.8,102,0.01953186510166088,0.0
6,0.8,103,0.01842849433548693,0.0
6,0.8,104,0.017167592889592676,0.0
6,0.8,105,0.017260172035470343,0.0
6,0.8,106,0.017861004497068473,0.0
6,0.8,107,0.021484546565854096,0.0
6,0.8,108,0.025093694381716346,0.0
6,0.8,109,0.02063831903904486,0.0
6,0.8,110,0.02460969941731773,0.0
6,0.8,111,0.02640090624897868,0.0
6,0.8,112,0.028188572023290094,0.0
6,0.8,113,0.022267110095946646,0.0
6,0.8,114,0.02078049381018981,0.0
6,0.8,115,0.02006406489721727,0.0
6,0.8,116,0.02307698910320225,0.0
6,0.8,117,0.019454673028263293,0.0
6,0.8,118,0.027398158613923113,0.0
6,0.8,119,0.024401224096141153,0.0
6,0.8,120,0.02202518460468919,0.0
6,0.8,121,0.025046978713097842,0.0
6,0.8,122,0.025013847524357632,0.0
6,0.8,123,0.024809412120735123,0.0
6,0.8,124,0.027922757549101663,0.0
6,0.8,125,0.026010974211764588,0.0
6,0.8,126,0.017915958736478756,0.0
6,0.8,127,0.019340983637289113,0.0
6,0.8,128,0.023946038875937017,0.0
6,0.8,129,0.02197933235258093,0.0
6,0.8,130,0.021188435105898885,0.0
6,0.8,131,0.022177924931654762,0.0
6,0.8,132,0.016042848676932234,0.0
6,0.8,133,0.020215591196731456,0.0
6,0.8,134,0.02133279766046644,0.0
6,0.8,135,0.021186678048010534,0.0
6,0.8,136,0.02345845273303964,0.0
6,0.8,137,0.024382113260839916,0.0
6,0.8,138,0.027114388459266583,0.0
6,0.8,139,0.021577376813233396,0.0
6,0.8,140,0.021032199590203794,0.0
6,0.8,141,0.01861304825368032,0.0
6,0.8,142,0.023011357561887536,0.0
6,0.8,143,0.020591597711810107,0.0
6,0.8,144,0.021768546833490963,0.0
6,0.8,145,0.020838289058433004,0.0
6,0.8,146,0.022997514164552722,0.0
6,0.8,147,0.022863993413041038,0.0
6,0.8,148,0.01907251831635853,0.0
6,0.8,149,0.017735229417342478,0.0
6,0.8,150,0.02436649654896115,0.0
6,0.8,151,0.022721915110409836,0.0
6,0.8,152,0.01773268453797922,0.0
6,0.8,153,0.01933346587802792,0.0
6,0.8,154,0.023887042550164113,0.0
6,0.8,155,0.026782714714773635,0.0
6,0.8,156,0.024338359153487206,0.0
6,0.8,157,0.020422934220637803,0.0
6,0.8,158,0.01877808246599407,0.0
6,0.8,159,0.01977957609454926,0.0
6,0.8,160,0.021284288349076048,0.0
6,0.8,161,0.022092953909964127,0.0
6,0.8,162,0.02445239483259755,0.0
6,0.8,163,0.023225409585902537,0.0
6,0.8,164,0.028780372741473523,0.0
6,0.8,165,0.024661588534912515,0.0
6,0.8,166,0.02541049482978159,0.0
6,0.8,167,0.023856478858289946,0.0
6,0.8,168,0.02528561706424099,0.0
6,0.8,169,0.023405422381788714,0.0
6,0.8,170,0.026818695715998944,0.0
6,0.8,171,0.021829844430007603,0.0
6,0.8,172,0.020415986681491,0.0
6,0.8,173,0.025001201093533244,0.0
6,0.8,174,0.0291878499284372,0.0
6,0.8,175,0.023410628069639033,0.0
6,0.8,176,0.025297713438100965,0.0
6,0.8,177,0.021321824147524572,0.0
6,0.8,178,0.023177963886264995,0.0
6,0.8,179,0.016704987672589756,0.0
6,0.8,180,0.019948812036642612,0.0
6,0.8,181,0.023451344710213283,0.0
6,0.8,182,0.024103170278090048,0.0
6,0.8,183,0.022537297614289766,0.0
6,0.8,184,0.02260122321972805,0.0
6,0.8,185,0.022573678160744196,0.0
6,0.8,186,0.024072762195147507,0.0
6,0.8,187,0.022297046598412473,0.0
6,0.8,188,0.02275562578248461,0.0
6,0.8,189,0.0197111051226045,0.0
6,0.8,190,0.026804800959448767,0.0
6,0.8,191,0.02789754279361366,0.0
6,0.8,192,0.02601049220731231,0.0
6,0.8,193,0.02563312911601981,0.0
6,0.8,194,0.024729685460668914,0.0
6,0.8,195,0.025573070362465224,0.0
6,0.8,196,0.02961695613616173,0.0
6,0.8,197,0.02728577821889273,0.0
6,0.8,198,0.028893344090373318,0.0
6,0.8,199,0.030216295936873565,0.0
6,0.8,200,0.025088413365187235,0.0
6,0.8,201,0.02371815793180846,0.0
6,0.8,202,0.029061673653472436,0.0
6,0.8,203,0.03055080133457564,0.0
6,0.8,204,0.026797639510328573,0.0
6,0.8,205,0.02709723534545827,0.0
6,0.8,206,0.025979161764839612,0.0
6,0.8,207,0.018305063185312317,0.0
6,0.8,208,0.01995566354566425,0.0
6,0.8,209,0.017348136334138356,0.0
6,0.8,210,0.018876055706429543,0.0
6,0.8,211,0.02245502815002745,0.0
6,0.8,212,0.02456129212490631,0.0
6,0.8,213,0.02762431729261594,0.0
6,0.8,214,0.021259699549840128,0.0
6,0.8,215,0.023920910265139456,0.0
6,0.8,216,0.018288090585027537,0.0
6,0.8,217,0.017887092419434415,0.0
6,0.8,218,0.022967781964194398,0.0
6,0.8,219,0.023574540903422824,0.0
6,0.8,220,0.02382530391752267,0.0
6,0.8,221,0.02266307306374731,0.0
6,0.8,222,0.02512655427804865,0.0
6,0.8,223,0.023474109604745035,0.0
6,0.8,224,0.02060609645965258,0.0
6,0.8,225,0.020183542517767595,0.0
6,0.8,226,0.019072324184129918,0.0
6,0.8,227,0.019314124766433138,0.0
6,0.8,228,0.025369379550838768,0.0
6,0.8,229,0.027402602615603594,0.0
6,0.8,230,0.020696314145897662,0.0
6,0.8,231,0.022782964799992565,0.0
6,0.8,232,0.023945690889958623,0.0
6,0.8,233,0.02949922195225798,0.0
6,0.8,234,0.03197025678900019,0.0
6,0.8,235,0.029273262761896648,0.0
6,0.8,236,0.030575754454257836,0.0
6,0.8,237,0.027956500987315103,0.0
6,0.8,238,0.026432167378689902,0.0
6,0.8,239,0.020264718760687937,0.0
6,0.8,240,0.019702507011104015,0.0
6,0.8,241,0.016621253080930317,0.0
6,0.8,242,0.01826659299958627,0.0
6,0.8,243,0.018891928102836183,0.0
6,0.8,244,0.017344780716113818,0.0
6,0.8,245,0.021372472472013297,0.0
6,0.8,246,0.021304270446550616,0.0
6,0.8,247,0.025283635964188794,0.0
6,0.8,248,0.033346885474595724,0.0
6,0.8,249,0.027313512707620117,0.0
6,0.8,250,0.02606277427568066,0.0
6,0.8,251,0.023161078811343692,0.0
6,0.8,252,0.015457582721720726,0.0
6,0.8,253,0.02112512641850767,0.0
6,0.8,254,0.016896633225563486,0.0
6,0.8,255,0.01674838403260477,0.0
6,0.8,256,0.02173504701228168,0.0
6,0.8,257,0.01832012635773027,0.0
6,0.8,258,0.022132273504410886,0.0
6,0.8,259,0.021448095146632845,0.0
6,0.8,260,0.027392903109380137,0.0
6,0.8,261,0.027025709130796098,0.0
6,0.8,262,0.02645077917082626,0.0
6,0.8,263,0.03057097577908681,0.0
6,0.8,264,0.029492400494837808,0.0
6,0.8,265,0.016173363975883967,0.0
6,0.8,266,0.01709432391411304,0.0
6,0.8,267,0.016593011960331184,0.0
6,0.8,268,0.0176565869310848,0.0
6,0.8,269,0.01861902938863546,0.0
6,0.8,270,0.016600384829832202,0.0
6,0.8,271,0.02331423358368599,0.0
6,0.8,272,0.021633623287397742,0.0
6,0.8,273,0.025467732979946076,0.0
6,0.8,274,0.01799632571858236,0.0
6,0.8,275,0.01777914026868312,0.0
6,0.8,276,0.019277657137501583,0.0
6,0.8,277,0.01924514821040553,0.0
6,0.8,278,0.023669530478055374,0.0
6,0.8,279,0.024016731610983943,0.0
6,0.8,280,0.022233254146557156,0.0
6,0.8,281,0.02130120184440494,0.0
6,0.8,282,0.019168034617099535,0.0
6,0.8,283,0.019853093037487758,0.0
6,0.8,284,0.023756998567006624,0.0
6,0.8,285,0.019052547767298283,0.0
6,0.8,286,0.02141043646414339,0.0
6,0.8,287,0.021708602657582315,0.0
6,0.8,288,0.022319624438129643,0.0
6,0.8,289,0.01771824043612478,0.0
6,0.8,290,0.017959893190063896,0.0
6,0.8,291,0.02252693244341756,0.0
6,0.8,292,0.01799774497318428,0.0
6,0.8,293,0.020837688919828238,0.0
6,0.8,294,0.01862129355862327,0.0
6,0.8,295,0.019758721386562147,0.0
6,0.8,296,0.022467354454728503,0.0
6,0.8,297,0.019603977917087505,0.0
6,0.8,298,0.021468753773947764,0.0
6,0.8,299,0.018427013577358153,0.0
6,0.8,300,0.023580813047579925,0.0
6,0.8,301,0.018421682259653977,0.0
6,0.8,302,0.01751927446059607,0.0
6,0.8,303,0.018255976768342966,0.0
6,0.8,304,0.020392910026917642,0.0
6,0.8,305,0.021702873403321186,0.0
6,0.8,306,0.023448559349098622,0.0
6,0.8,307,0.021172380967325276,0.0
6,0.8,308,0.0195279220872248,0.0
6,0.8,309,0.022027964400119466,0.0
6,0.8,310,0.02317284034565562,0.0
6,0.8,311,0.028560274081810368,0.0
6,0.8,312,0.02325116884453426,0.0
6,0.8,313,0.02244833583221211,0.0
6,0.8,314,0.01859780835959513,0.0
6,0.8,315,0.018561916470041323,0.0
6,0.8,316,0.025069502555957586,0.0
6,0.8,317,0.030318293387037298,0.0
6,0.8,318,0.03352523823344557,0.0
6,0.8,319,0.02647631748442839,0.0
6,0.8,320,0.03081876729982578,0.0
6,0.8,321,0.02260682246299736,0.0
6,0.8,322,0.02672825391216565,0.0
6,0.8,323,0.022942190202833928,0.0
6,0.8,324,0.019060713645584468,0.0
6,0.8,325,0.023895037108734165,0.0
6,0.8,326,0.017230905609162486,0.0
6,0.8,327,0.017505928785441698,0.0
6,0.8,328,0.019149598933089824,0.0
6,0.8,329,0.02191217797386884,0.0
6,0.8,330,0.016186311027928068,0.0
6,0.8,331,0.018334952604160938,0.0
6,0.8,332,0.020439752539769627,0.0
6,0.8,333,0.020737054915961593,0.0
6,0.8,334,0.01915694467431775,0.0
6,0.8,335,0.01810130170255455,0.0
6,0.8,336,0.021017792386566616,0.0
6,0.8,337,0.01782002572106798,0.0
6,0.8,338,0.019431335606981955,0.0
6,0.8,339,0.023083512106363734,0.0
6,0.8,340,0.020747445290311677,0.0
6,0.8,341,0.022128364899565968,0.0
6,0.8,342,0.020476776531603687,0.0
6,0.8,343,0.017459050912581445,0.0
6,0.8,344,0.01685358752320728,0.0
6,0.8,345,0.021810742626176157,0.0
6,0.8,346,0.021278464422601638,0.0
6,0.8,347,0.023553498014452723,0.0
6,0.8,348,0.028300601133078054,0.0
6,0.8,349,0.025450673979616856,0.0
6,0.8,350,0.024324566866224518,0.0
6,0.8,351,0.024901460847935805,0.0
6,0.8,352,0.025117465773213884,0.0
6,0.8,353,0.022573994064868406,0.0
6,0.8,354,0.022161787721600438,0.0
6,0.8,355,0.02387413750207363,0.0
6,0.8,356,0.026949233689135394,0.0
6,0.8,357,0.024513712831892694,0.0
6,0.8,358,0.02338743741790112,0.0
6,0.8,359,0.0321124626363018,0.0
6,0.8,360,0.027352108150302423,0.0
6,0.8,361,0.022344110691917895,0.0
6,0.8,362,0.019122679676304863,0.0
6,0.8,363,0.024992760115715794,0.0
6,0.8,364,0.029873694697136934,0.0
6,0.8,365,0.02821128863057107,0.0
6,0.8,366,0.027017024544642977,0.0
6,0.8,367,0.021122306580904516,0.0
6,0.8,368,0.025351179456748665,0.0
6,0.8,369,0.02155211821259487,0.0
6,0.8,370,0.02351237719665955,0.0
6,0.8,371,0.02451787124948224,0.0
6,0.8,372,0.023453371960685514,0.0
6,0.8,373,0.01953357566493865,0.0
6,0.8,374,0.01335476379405603,0.0
6,0.8,375,0.013960361632138181,0.0
6,0.8,376,0.012871510334512353,0.0
6,0.8,377,0.016151441616217163,0.0
6,0.8,378,0.01987346168430402,0.0
6,0.8,379,0.019304669968573492,0.0
6,0.8,380,0.02550259076473214,0.0
6,0.8,381,0.021835844400037982,0.0
6,0.8,382,0.025261147266539007,0.0
6,0.8,383,0.023664235071911777,0.0
6,0.8,384,0.01616546431925386,0.0
6,0.8,385,0.01955959128646256,0.0
6,0.8,386,0.019158216392391483,0.0
6,0.8,387,0.017791279058403844,0.0
6,0.8,388,0.019209621442915655,0.0
6,0.8,389,0.025015495109919433,0.0
6,0.8,390,0.023722393150099608,0.0
6,0.8,391,0.024653788818050824,0.0
6,0.8,392,0.02512000978672257,0.0
6,0.8,393,0.026714711545577106,0.0
6,0.8,394,0.021373169620310824,0.0
6,0.8,395,0.01935295357170428,0.0
6,0.8,396,0.025242164626719864,0.0
6,0.8,397,0.025389753272263293,0.0
6,0.8,398,0.019937132759692954,0.0
6,0.8,399,0.019724399680483787,0.0
6,0.8,400,0.018905491577530652,0.0
6,0.8,401,0.020610417117101865,0.0
6,0.8,402,0.017769278582368885,0.0
6,0.8,403,0.016416472680672985,0.0
6,0.8,404,0.019939209411989105,0.0
6,0.8,405,0.019304587644778923,0.0
6,0.8,406,0.022349342631287926,0.0
6,0.8,407,0.023095061920342892,0.0
6,0.8,408,0.0215412219430837,0.0
6,0.8,409,0.02088517024330689,0.0
6,0.8,410,0.01799709774095812,0.0
6,0.8,411,0.023047895470638315,0.0
6,0.8,412,0.017165589316722303,0.0
6,0.8,413,0.015410761137470171,0.0
6,0.8,414,0.018496361020426726,0.0
6,0.8,415,0.02029770829007536,0.0
6,0.8,416,0.024193318869642214,0.0
6,0.8,417,0.02263263159488033,0.0
6,0.8,418,0.02148603262475,0.0
6,0.8,419,0.021572582845290404,0.0
6,0.8,420,0.020089509035992367,0.0
6,0.8,421,0.020396564050077767,0.0
6,0.8,422,0.018427944925539556,0.0
6,0.8,423,0.021468752857440748,0.0
6,0.8,424,0.0238461602350304,0.0
6,0.8,425,0.01987715564251681,0.0
6,0.8,426,0.021679017579587484,0.0
6,0.8,427,0.017103534691239146,0.0
6,0.8,428,0.020101338588880416,0.0
6,0.8,429,0.019032957013007275,0.0
6,0.8,430,0.02012620704181469,0.0
6,0.8,431,0.022791271425701465,0.0
6,0.8,432,0.02979662598828676,0.0
6,0.8,433,0.026918823805869338,0.0
6,0.8,434,0.025957964321815314,0.0
6,0.8,435,0.02803940830807404,0.0
6,0.8,436,0.025782204705355437,0.0
6,0.8,437,0.02380904624201992,0.0
6,0.8,438,0.024240037378628863,0.0
6,0.8,439,0.019654165707075025,0.0
6,0.8,440,0.019276822193145953,0.0
6,0.8,441,0.023912703869773382,0.0
6,0.8,442,0.024165513204746452,0.0
6,0.8,443,0.023146174337256256,0.0
6,0.8,444,0.017417711733127415,0.0
6,0.8,445,0.0248837886605415,0.0
6,0.8,446,0.01928712976166371,0.0
6,0.8,447,0.017335361414474885,0.0
6,0.8,448,0.01933870391949901,0.0
6,0.8,449,0.022270524191747892,0.0
6,0.8,450,0.020718601304779077,0.0
6,0.8,451,0.019883187502591985,0.0
6,0.8,452,0.020809448386771522,0.0
6,0.8,453,0.021355935039641668,0.0
6,0.8,454,0.016329128987511203,0.0
6,0.8,455,0.016817065849984596,0.0
6,0.8,456,0.018345862760659217,0.0
6,0.8,457,0.02041261538479168,0.0
6,0.8,458,0.021742285206714652,0.0
6,0.8,459,0.023611333884643444,0.0
6,0.8,460,0.02994413431178383,0.0
6,0.8,461,0.02870400409585036,0.0
6,0.8,462,0.028714316289789245,0.0
6,0.8,463,0.032364274880530716,0.0
6,0.8,464,0.02424346090068616,0.0
6,0.8,465,0.02228120920659832,0.0
6,0.8,466,0.02071491813287788,0.0
6,0.8,467,0.017339362371978653,0.0
6,0.8,468,0.019516473258993968,0.0
6,0.8,469,0.019506313957102683,0.0
6,0.8,470,0.020472753146844613,0.0
6,0.8,471,0.023328557709506367,0.0
6,0.8,472,0.022765330573919437,0.0
6,0.8,473,0.02063532233958519,0.0
6,0.8,474,0.024746251516433705,0.0
6,0.8,475,0.02641931241692565,0.0
6,0.8,476,0.023383887022044393,0.0
6,0.8,477,0.0196794826690963,0.0
6,0.8,478,0.021207601538485332,0.0
6,0.8,479,0.020811464772854102,0.0
6,0.8,480,0.02547139611793917,0.0
6,0.8,481,0.01962161491890598,0.0
6,0.8,482,0.023032918602824144,0.0
6,0.8,483,0.02102282138726652,0.0
6,0.8,484,0.027936185394160616,0.0
6,0.8,485,0.03654798523022604,0.0
6,0.8,486,0.029828415905311014,0.0
6,0.8,487,0.029117699593864378,0.0
6,0.8,488,0.02378915787626912,0.0
6,0.8,489,0.027562959204502552,0.0
6,0.8,490,0.022379494409092485,0.0
6,0.8,491,0.022775947734069456,0.0
6,0.8,492,0.02740749014540971,0.0
6,0.8,493,0.026777144800278884,0.0
6,0.8,494,0.02283323332676261,0.0
6,0.8,495,0.017632144995436524,0.0
6,0.8,496,0.015475778591913469,0.0
6,0.8,497,0.017210154942208542,0.0
6,0.8,498,0.02069517113598837,0.0
6,0.8,499,0.01848260033065213,0.0
6,0.8,500,0.018426460836826853,0.0
6,1.0,0,0.0783569533978322,0.0
6,1.0,1,0.05925969446403199,0.0
6,1.0,2,0.048742860822931985,0.0
6,1.0,3,0.039565197928105936,0.0
6,1.0,4,0.040404552456698134,0.0
6,1.0,5,0.02777894832882236,0.0
6,1.0,6,0.026257732836211675,0.0
6,1.0,7,0.02293029048724777,0.0
6,1.0,8,0.023659497306295955,0.0
6,1.0,9,0.020379082200085153,0.0
6,1.0,10,0.022801108536926674,0.0
6,1.0,11,0.026057674654300013,0.0
6,1.0,12,0.026938590827076156,0.0
6,1.0,13,0.02139513046432267,0.0
6,1.0,14,0.022128224230588186,0.0
6,1.0,15,0.02131299917517057,0.0
6,1.0,16,0.01982292658475532,0.0
6,1.0,17,0.019323714402582074,0.0
6,1.0,18,0.019399502756864553,0.0
6,1.0,19,0.02603101162986544,0.0
6,1.0,20,0.02605694931613661,0.0
6,1.0,21,0.016766154552141196,0.0
6,1.0,22,0.016670585397326992,0.0
6,1.0,23,0.020916425181784572,0.0
6,1.0,24,0.018146653042317166,0.0
6,1.0,25,0.01629234352305239,0.0
6,1.0,26,0.018628292452912924,0.0
6,1.0,27,0.024053238229870953,0.0
6,1.0,28,0.0260094383936859,0.0
6,1.0,29,0.022362108180166186,0.0
6,1.0,30,0.021910282203117203,0.0
6,1.0,31,0.0257052398237581,0.0
6,1.0,32,0.021165499941564234,0.0
6,1.0,33,0.018725356964599947,0.0
6,1.0,34,0.017720569808275317,0.0
6,1.0,35,0.018036006141200434,0.0
6,1.0,36,0.024911771416839014,0.0
6,1.0,37,0.020180028449102713,0.0
6,1.0,38,0.022559559639598818,0.0
6,1.0,39,0.03000530807631814,0.0
6,1.0,40,0.022242636784833295,0.0
6,1.0,41,0.022657975348243497,0.0
6,1.0,42,0.020472471410277315,0.0
6,1.0,43,0.02029994221473613,0.0
6,1.0,44,0.020479375525875906,0.0
6,1.0,45,0.017806957184512976,0.0
6,1.0,46,0.013966751599690656,0.0
6,1.0,47,0.017572893879446785,0.0
6,1.0,48,0.016214117006102008,0.0
6,1.0,49,0.01800511655847931,0.0
6,1.0,50,0.020230435367682084,0.0
6,1.0,51,0.023087727360215568,0.0
6,1.0,52,0.025503558355990875,0.0
6,1.0,53,0.02224094309678096,0.0
6,1.0,54,0.022282691749440003,0.0
6,1.0,55,0.0210693298039545,0.0
6,1.0,56,0.024585772842335592,0.0
6,1.0,57,0.02631373123057399,0.0
6,1.0,58,0.022996790507124536,0.0
6,1.0,59,0.026322212500417042,0.0
6,1.0,60,0.020901885148215643,0.0
6,1.0,61,0.02248082601822434,0.0
6,1.0,62,0.02025267676870287,0.0
6,1.0,63,0.02030243657580154,0.0
6,1.0,64,0.025398475202052847,0.0
6,1.0,65,0.021911162387317072,0.0
6,1.0,66,0.019963122985128933,0.0
6,1.0,67,0.024860873080353695,0.0
6,1.0,68,0.02258926056903391,0.0
6,1.0,69,0.025612115607550577,0.0
6,1.0,70,0.01875262515288781,0.0
6,1.0,71,0.025523602860983714,0.0
6,1.0,72,0.024276988888912453,0.0
6,1.0,73,0.018259684372380788,0.0
6,1.0,74,0.016170371130360434,0.0
6,1.0,75,0.020868122272437954,0.0
6,1.0,76,0.02069978287975474,0.0
6,1.0,77,0.021217405116256565,0.0
6,1.0,78,0.024075899771539365,0.0
6,1.0,79,0.02676162614099423,0.0
6,1.0,80,0.023846874925761118,0.0
6,1.0,81,0.02390768568953126,0.0
6,1.0,82,0.016263919960280104,0.0
6,1.0,83,0.015282287686839107,0.0
6,1.0,84,0.016486950973773205,0.0
6,1.0,85,0.01520931508839476,0.0
6,1.0,86,0.017723102354680685,0.0
6,1.0,87,0.02355363910449516,0.0
6,1.0,88,0.022663538945070116,0.0
6,1.0,89,0.027837782636643004,0.0
6,1.0,90,0.027938732973619027,0.0
6,1.0,91,0.030769179413269395,0.0
6,1.0,92,0.03178550185766685,0.0
6,1.0,93,0.02547817821092551,0.0
6,1.0,94,0.022290246475720157,0.0
6,1.0,95,0.018616315855704807,0.0
6,1.0,96,0.021297549027106597,0.0
6,1.0,97,0.02486805404360963,0.0
6,1.0,98,0.02184028103107403,0.0
6,1.0,99,0.023996289168484074,0.0
6,1.0,100,0.022072824519411453,0.0
6,1.0,101,0.026499726790933334,0.0
6,1.0,102,0.0323724317119493,0.0
6,1.0,103,0.02998144434984774,0.0
6,1.0,104,0.02140391007906117,0.0
6,1.0,105,0.020985573788522997,0.0
6,1.0,106,0.019549541025148415,0.0
6,1.0,107,0.02614244715465203,0.0
6,1.0,108,0.029339354737588065,0.0
6,1.0,109,0.0298458593746568,0.0
6,1.0,110,0.027577991417605464,0.0
6,1.0,111,0.02451625341864318,0.0
6,1.0,112,0.024929166192481172,0.0
6,1.0,113,0.024001105192073352,0.0
6,1.0,114,0.02184510479819322,0.0
6,1.0,115,0.02414417319590393,0.0
6,1.0,116,0.02182692602226498,0.0
6,1.0,117,0.019278517815138105,0.0
6,1.0,118,0.022587869770442928,0.0
6,1.0,119,0.021962212731142575,0.0
6,1.0,120,0.020107403107493795,0.0
6,1.0,121,0.022511492773053022,0.0
6,1.0,122,0.021380376572254448,0.0
6,1.0,123,0.022753263880670848,0.0
6,1.0,124,0.019268553281823583,0.0
6,1.0,125,0.025097708670847846,0.0
6,1.0,126,0.024612647013540254,0.0
6,1.0,127,0.027336798791012088,0.0
6,1.0,128,0.02891673346211844,0.0
6,1.0,129,0.027077161789605633,0.0
6,1.0,130,0.027458406521848132,0.0
6,1.0,131,0.025813522590371285,0.0
6,1.0,132,0.020458768462331984,0.0
6,1.0,133,0.01783131041023028,0.0
6,1.0,134,0.017143228655422033,0.0
6,1.0,135,0.02309371620577175,0.0
6,1.0,136,0.0229984552041442,0.0
6,1.0,137,0.01966905385063785,0.0
6,1.0,138,0.02456378586762219,0.0
6,1.0,139,0.019025821843664435,0.0
6,1.0,140,0.01917485753189333,0.0
6,1.0,141,0.0183183248653547,0.0
6,1.0,142,0.016586761786672656,0.0
6,1.0,143,0.021038326608943093,0.0
6,1.0,144,0.01638850875525604,0.0
6,1.0,145,0.016607024653640355,0.0
6,1.0,146,0.02269857218276567,0.0
6,1.0,147,0.030683438970860236,0.0
6,1.0,148,0.02328836309243362,0.0
6,1.0,149,0.021287890912934634,0.0
6,1.0,150,0.02261779392478493,0.0
6,1.0,151,0.024728795113051434,0.0
6,1.0,152,0.021808053381875775,0.0
6,1.0,153,0.017066265055907456,0.0
6,1.0,154,0.021845107115875152,0.0
6,1.0,155,0.01777407492011017,0.0
6,1.0,156,0.018092907189948035,0.0
6,1.0,157,0.019491112079431064,0.0
6,1.0,158,0.019620777534562702,0.0
6,1.0,159,0.020023801381681184,0.0
6,1.0,160,0.021518586331115256,0.0
6,1.0,161,0.019394797183798246,0.0
6,1.0,162,0.02399088534354224,0.0
6,1.0,163,0.025139831638653604,0.0
6,1.0,164,0.02243568397943756,0.0
6,1.0,165,0.02279561373721907,0.0
6,1.0,166,0.021947462869666413,0.0
6,1.0,167,0.018642611104917984,0.0
6,1.0,168,0.022594715364810045,0.0
6,1.0,169,0.020507076897871557,0.0
6,1.0,170,0.018377902230194563,0.0
6,1.0,171,0.0158195967151587,0.0
6,1.0,172,0.020503685282986947,0.0
6,1.0,173,0.020325246649648642,0.0
6,1.0,174,0.01439027808044144,0.0
6,1.0,175,0.020949953917203196,0.0
6,1.0,176,0.020002944227573375,0.0
6,1.0,177,0.024775988346360345,0.0
6,1.0,178,0.019220425713324444,0.0
6,1.0,179,0.020688400941030263,0.0
6,1.0,180,0.019321278666719965,0.0
6,1.0,181,0.022074208237924484,0.0
6,1.0,182,0.021381572462413505,0.0
6,1.0,183,0.023623703330094097,0.0
6,1.0,184,0.021620721410857417,0.0
6,1.0,185,0.018315545747831487,0.0
6,1.0,186,0.013669204987330909,0.0
6,1.0,187,0.018972667478886297,0.0
6,1.0,188,0.02127851269958325,0.0
6,1.0,189,0.02483919516288956,0.0
6,1.0,190,0.02346832652861289,0.0
6,1.0,191,0.029326901149735823,0.0
6,1.0,192,0.026743635931445103,0.0
6,1.0,193,0.024726866601745594,0.0
6,1.0,194,0.018342260491023617,0.0
6,1.0,195,0.02210033535367391,0.0
6,1.0,196,0.022565590715659525,0.0
6,1.0,197,0.02132283752110299,0.0
6,1.0,198,0.021471782800474695,0.0
6,1.0,199,0.02152002870769941,0.0
6,1.0,200,0.020994834659895437,0.0
6,1.0,201,0.018497419934019738,0.0
6,1.0,202,0.019573136293840825,0.0
6,1.0,203,0.026917000809431445,0.0
6,1.0,204,0.02595151046016442,0.0
6,1.0,205,0.024028928411439,0.0
6,1.0,206,0.019348958023479537,0.0
6,1.0,207,0.02076710449203791,0.0
6,1.0,208,0.017697876964461567,0.0
6,1.0,209,0.020509613370829127,0.0
6,1.0,210,0.018476801721789823,0.0
6,1.0,211,0.021087745302249317,0.0
6,1.0,212,0.023210961591366434,0.0
6,1.0,213,0.02003391509146614,0.0
6,1.0,214,0.024056170276260475,0.0
6,1.0,215,0.027012977827166273,0.0
6,1.0,216,0.022862263049391908,0.0
6,1.0,217,0.021357513930920655,0.0
6,1.0,218,0.025285064978869048,0.0
6,1.0,219,0.026805472913817692,0.0
6,1.0,220,0.0288154237189292,0.0
6,1.0,221,0.025312182138282884,0.0
6,1.0,222,0.023616809090256714,0.0
6,1.0,223,0.026609892498473543,0.0
6,1.0,224,0.029438380757611925,0.0
6,1.0,225,0.027044600750694873,0.0
6,1.0,226,0.016712774868649388,0.0
6,1.0,227,0.0191760346049121,0.0
6,1.0,228,0.022743139433077597,0.0
6,1.0,229,0.02696569763263994,0.0
6,1.0,230,0.022978029742113767,0.0
6,1.0,231,0.024601230302441022,0.0
6,1.0,232,0.023465839731145487,0.0
6,1.0,233,0.02629754274695366,0.0
6,1.0,234,0.028751108436107033,0.0
6,1.0,235,0.027557670556191485,0.0
6,1.0,236,0.019478524893340666,0.0
6,1.0,237,0.019756331104158097,0.0
6,1.0,238,0.018566024180775284,0.0
6,1.0,239,0.02753195316890222,0.0
6,1.0,240,0.02490649129172145,0.0
6,1.0,241,0.020061925224005274,0.0
6,1.0,242,0.018870521987223884,0.0
6,1.0,243,0.019270220105914174,0.0
6,1.0,244,0.017712909471069363,0.0
6,1.0,245,0.01675238415121921,0.0
6,1.0,246,0.020918008405589186,0.0
6,1.0,247,0.0269294234898426,0.0
6,1.0,248,0.028758539859333843,0.0
6,1.0,249,0.019300480895205196,0.0
6,1.0,250,0.020451281585812192,0.0
6,1.0,251,0.01975448317502112,0.0
6,1.0,252,0.02329735264867657,0.0
6,1.0,253,0.02410303634431833,0.0
6,1.0,254,0.023697118129721848,0.0
6,1.0,255,0.024254314286141235,0.0
6,1.0,256,0.021538854714051214,0.0
6,1.0,257,0.02307791731969941,0.0
6,1.0,258,0.01844437201853637,0.0
6,1.0,259,0.02404025504198553,0.0
6,1.0,260,0.023359192925346814,0.0
6,1.0,261,0.02560033680798298,0.0
6,1.0,262,0.02402887461830305,0.0
6,1.0,263,0.02642733568433397,0.0
6,1.0,264,0.02461076678915744,0.0
6,1.0,265,0.02540330553101957,0.0
6,1.0,266,0.025475267972961912,0.0
6,1.0,267,0.02938298330244029,0.0
6,1.0,268,0.024822465574905667,0.0
6,1.0,269,0.027368662320957946,0.0
6,1.0,270,0.03337075031560554,0.0
6,1.0,271,0.026994863880039594,0.0
6,1.0,272,0.030150947413828958,0.0
6,1.0,273,0.03198518151913458,0.0
6,1.0,274,0.028632645162951508,0.0
6,1.0,275,0.02718308563366207,0.0
6,1.0,276,0.02181719824885772,0.0
6,1.0,277,0.02204986129287199,0.0
6,1.0,278,0.025231307607240697,0.0
6,1.0,279,0.02496932691236957,0.0
6,1.0,280,0.022921565790982906,0.0
6,1.0,281,0.017771041688196435,0.0
6,1.0,282,0.02561953358053339,0.0
6,1.0,283,0.024504942626341505,0.0
6,1.0,284,0.027055081657527305,0.0
6,1.0,285,0.02250796372167209,0.0
6,1.0,286,0.019764947423629352,0.0
6,1.0,287,0.029704358987124705,0.0
6,1.0,288,0.024048686970077657,0.0
6,1.0,289,0.02291874326120263,0.0
6,1.0,290,0.02241841874979412,0.0
6,1.0,291,0.024138996439679972,0.0
6,1.0,292,0.02332886604023446,0.0
6,1.0,293,0.02564082029845797,0.0
6,1.0,294,0.025277043811773904,0.0
6,1.0,295,0.022823037551166162,0.0
6,1.0,296,0.020188824885439986,0.0
6,1.0,297,0.016745823998417963,0.0
6,1.0,298,0.01960752783747668,0.0
6,1.0,299,0.021733417078965013,0.0
6,1.0,300,0.021924915165106716,0.0
6,1.0,301,0.023131635316219215,0.0
6,1.0,302,0.02341203445462233,0.0
6,1.0,303,0.019396564900534697,0.0
6,1.0,304,0.018423214418306612,0.0
6,1.0,305,0.022509294243520345,0.0
6,1.0,306,0.02067367708309579,0.0
6,1.0,307,0.01876141326602923,0.0
6,1.0,308,0.019198635466200934,0.0
6,1.0,309,0.02133065030234119,0.0
6,1.0,310,0.021181645064236122,0.0
6,1.0,311,0.019274578589460026,0.0
6,1.0,312,0.018493067844437598,0.0
6,1.0,313,0.022643476163871457,0.0
6,1.0,314,0.023129481186191625,0.0
6,1.0,315,0.017320193318713827,0.0
6,1.0,316,0.021485684061687736,0.0
6,1.0,317,0.018843764899891386,0.0
6,1.0,318,0.015719954267475123,0.0
6,1.0,319,0.017428586837064525,0.0
6,1.0,320,0.018544312312260263,0.0
6,1.0,321,0.02484397056829524,0.0
6,1.0,322,0.02023463999596054,0.0
6,1.0,323,0.015469206066389662,0.0
6,1.0,324,0.012668923631715045,0.0
6,1.0,325,0.021572731960006516,0.0
6,1.0,326,0.022894215253413782,0.0
6,1.0,327,0.022218251312022458,0.0
6,1.0,328,0.01828335482715533,0.0
6,1.0,329,0.02112894058897097,0.0
6,1.0,330,0.021175063842272163,0.0
6,1.0,331,0.019822605340955174,0.0
6,1.0,332,0.0169473058234111,0.0
6,1.0,333,0.02136765465579292,0.0
6,1.0,334,0.026736503009831467,0.0
6,1.0,335,0.02177623193492795,0.0
6,1.0,336,0.022611399943325155,0.0
6,1.0,337,0.019640189411402532,0.0
6,1.0,338,0.024203386057659874,0.0
6,1.0,339,0.0224229402234214,0.0
6,1.0,340,0.017905588762915817,0.0
6,1.0,341,0.022794788092274865,0.0
6,1.0,342,0.023468370278616466,0.0
6,1.0,343,0.01755519675043075,0.0
6,1.0,344,0.021191823158224748,0.0
6,1.0,345,0.022634707453461755,0.0
6,1.0,346,0.026442592826228416,0.0
6,1.0,347,0.025165042127415566,0.0
6,1.0,348,0.026241022287768142,0.0
6,1.0,349,0.019913284298577652,0.0
6,1.0,350,0.022567717917509163,0.0
6,1.0,351,0.02390803393425227,0.0
6,1.0,352,0.022420131772412918,0.0
6,1.0,353,0.02609010809427126,0.0
6,1.0,354,0.018626066645852722,0.0
6,1.0,355,0.02722425647872651,0.0
6,1.0,356,0.023332782313886958,0.0
6,1.0,357,0.022575758208041263,0.0
6,1.0,358,0.019947406913755277,0.0
6,1.0,359,0.020826054600138696,0.0
6,1.0,360,0.02220980690188103,0.0
6,1.0,361,0.021664961673781548,0.0
6,1.0,362,0.017424198078095202,0.0
6,1.0,363,0.02018772039562129,0.0
6,1.0,364,0.019267913986136757,0.0
6,1.0,365,0.016441153735429925,0.0
6,1.0,366,0.015850610204423684,0.0
6,1.0,367,0.01732329470835755,0.0
6,1.0,368,0.018976909995804682,0.0
6,1.0,369,0.026032663555049892,0.0
6,1.0,370,0.022561046727617516,0.0
6,1.0,371,0.021531044593168774,0.0
6,1.0,372,0.023621944654728538,0.0
6,1.0,373,0.024080245081236483,0.0
6,1.0,374,0.022375128156683015,0.0
6,1.0,375,0.024856438427358043,0.0
6,1.0,376,0.022623677092488238,0.0
6,1.0,377,0.024467623155400933,0.0
6,1.0,378,0.02620210719506676,0.0
6,1.0,379,0.030398641733477047,0.0
6,1.0,380,0.028003682020790024,0.0
6,1.0,381,0.024579822113899686,0.0
6,1.0,382,0.026828286928440918,0.0
6,1.0,383,0.023012127967221407,0.0
6,1.0,384,0.024343263859570818,0.0
6,1.0,385,0.01959358876062443,0.0
6,1.0,386,0.02415464544271551,0.0
6,1.0,387,0.026487806043619933,0.0
6,1.0,388,0.02187945562781218,0.0
6,1.0,389,0.022164860375891503,0.0
6,1.0,390,0.026044834017746123,0.0
6,1.0,391,0.023990498290662424,0.0
6,1.0,392,0.02480563969127986,0.0
6,1.0,393,0.02876955140920889,0.0
6,1.0,394,0.02315198176483167,0.0
6,1.0,395,0.022717187893273275,0.0
6,1.0,396,0.02422886108867396,0.0
6,1.0,397,0.021703276169587137,0.0
6,1.0,398,0.01952868326794002,0.0
6,1.0,399,0.02040975392225024,0.0
6,1.0,400,0.023877716488532732,0.0
6,1.0,401,0.02008920972078659,0.0
6,1.0,402,0.02189627019992075,0.0
6,1.0,403,0.01981048491862002,0.0
6,1.0,404,0.018918974665576346,0.0
6,1.0,405,0.023855110634157302,0.0
6,1.0,406,0.029236311852068337,0.0
6,1.0,407,0.024857799266198573,0.0
6,1.0,408,0.03166868778197195,0.0
6,1.0,409,0.03409474007774314,0.0
6,1.0,410,0.033233970841838975,0.0
6,1.0,411,0.03172057387933004,0.0
6,1.0,412,0.025922894630939664,0.0
6,1.0,413,0.025092836538357043,0.0
6,1.0,414,0.025522067293071805,0.0
6,1.0,415,0.030424795742393842,0.0
6,1.0,416,0.024122618082525204,0.0
6,1.0,417,0.02353526257485556,0.0
6,1.0,418,0.01836008175601583,0.0
6,1.0,419,0.016141677526706248,0.0
6,1.0,420,0.01696971017975726,0.0
6,1.0,421,0.02722271876280224,0.0
6,1.0,422,0.028914637855270223,0.0
6,1.0,423,0.026747310143722253,0.0
6,1.0,424,0.018950511538702378,0.0
6,1.0,425,0.02149263766354254,0.0
6,1.0,426,0.025848352664830928,0.0
6,1.0,427,0.025287189706785965,0.0
6,1.0,428,0.023697176584633724,0.0
6,1.0,429,0.02197512153657071,0.0
6,1.0,430,0.029825484579665214,0.0
6,1.0,431,0.02279127006250191,0.0
6,1.0,432,0.018804917809042043,0.0
6,1.0,433,0.01928188115267669,0.0
6,1.0,434,0.023921457790834166,0.0
6,1.0,435,0.024196345833572854,0.0
6,1.0,436,0.01882084688617426,0.0
6,1.0,437,0.021898779296752404,0.0
6,1.0,438,0.02329234355603141,0.0
6,1.0,439,0.02222338283680433,0.0
6,1.0,440,0.022774762192521898,0.0
6,1.0,441,0.01773005287184665,0.0
6,1.0,442,0.016302596257174968,0.0
6,1.0,443,0.017568942200532876,0.0
6,1.0,444,0.01286918572510023,0.0
6,1.0,445,0.01477135870913611,0.0
6,1.0,446,0.015153752953075679,0.0
6,1.0,447,0.016034806609895466,0.0
6,1.0,448,0.01782195625157325,0.0
6,1.0,449,0.020244920032528434,0.0
6,1.0,450,0.01719926674203714,0.0
6,1.0,451,0.022051613826249417,0.0
6,1.0,452,0.025662929230566983,0.0
6,1.0,453,0.021088427072315227,0.0
6,1.0,454,0.017379210868444867,0.0
6,1.0,455,0.018618024261967937,0.0
6,1.0,456,0.02361637278677754,0.0
6,1.0,457,0.024671699171389096,0.0
6,1.0,458,0.019110125512305506,0.0
6,1.0,459,0.02245572639573482,0.0
6,1.0,460,0.018737986704969466,0.0
6,1.0,461,0.020375077486561647,0.0
6,1.0,462,0.01659123435654988,0.0
6,1.0,463,0.017431362722425,0.0
6,1.0,464,0.018020357094718865,0.0
6,1.0,465,0.01531839799018676,0.0
6,1.0,466,0.015964190181222547,0.0
6,1.0,467,0.020103313433162226,0.0
6,1.0,468,0.019276231433149917,0.0
6,1.0,469,0.02359478833003685,0.0
6,1.0,470,0.024520334879199315,0.0
6,1.0,471,0.024603219145306242,0.0
6,1.0,472,0.020746383657921454,0.0
6,1.0,473,0.018064530231063414,0.0
6,1.0,474,0.026977293736015037,0.0
6,1.0,475,0.019899278402557605,0.0
6,1.0,476,0.021122810994065815,0.0
6,1.0,477,0.024292782773914404,0.0
6,1.0,478,0.022664102544000225,0.0
6,1.0,479,0.020728094212021975,0.0
6,1.0,480,0.019740369571576714,0.0
6,1.0,481,0.02353008827507587,0.0
6,1.0,482,0.02604808424847352,0.0
6,1.0,483,0.018263502125392298,0.0
6,1.0,484,0.01975217012138887,0.0
6,1.0,485,0.023200885164904938,0.0
6,1.0,486,0.022789941610705335,0.0
6,1.0,487,0.024118916374741076,0.0
6,1.0,488,0.02246201940798699,0.0
6,1.0,489,0.028576801158156594,0.0
6,1.0,490,0.02807964183511459,0.0
6,1.0,491,0.027575680686615932,0.0
6,1.0,492,0.027660811359434313,0.0
6,1.0,493,0.021404659755290534,0.0
6,1.0,494,0.022311795709570644,0.0
6,1.0,495,0.020918247635290536,0.0
6,1.0,496,0.022990133464954092,0.0
6,1.0,497,0.021448775459627357,0.0
6,1.0,498,0.01575086262938459,0.0
6,1.0,499,0.022166194449953963,0.0
6,1.0,500,0.01918712155774534,0.0
8,0.0,0,0.07804631318505835,0.0
8,0.0,1,0.0480587212389168,0.0
8,0.0,2,0.04093994356997988,0.0
8,0.0,3,0.046886121222148525,0.0
8,0.0,4,0.023869940353890753,0.0
8,0.0,5,0.025574046669797474,0.0
8,0.0,6,0.02841581702390182,0.0
8,0.0,7,0.030842908585181864,0.0
8,0.0,8,0.030143467462830392,0.0
8,0.0,9,0.03136614310721279,0.0
8,0.0,10,0.02431033198227955,0.0
8,0.0,11,0.026582014727069517,0.0
8,0.0,12,0.024925178837574728,0.0
8,0.0,13,0.023148636894218245,0.0
8,0.0,14,0.023575253070767556,0.0
8,0.0,15,0.022869959771495578,0.0
8,0.0,16,0.033085391330063794,0.0
8,0.0,17,0.0392959326714675,0.0
8,0.0,18,0.04234950132892708,0.0
8,0.0,19,0.03981510887368767,0.0
8,0.0,20,0.03708749792717415,0.0
8,0.0,21,0.039632484988882125,0.0
8,0.0,22,0.037859686349768946,0.0
8,0.0,23,0.033388727580962396,0.0
8,0.0,24,0.03570166815411885,0.0
8,0.0,25,0.03835758527144353,0.0
8,0.0,26,0.03579674529727881,0.0
8,0.0,27,0.030660866529010736,0.0
8,0.0,28,0.033017114614674596,0.0
8,0.0,29,0.026982457303049694,0.0
8,0.0,30,0.028573171334337365,0.0
8,0.0,31,0.029235263904035736,0.0
8,0.0,32,0.02886073024299792,0.0
8,0.0,33,0.03245580332608989,0.0
8,0.0,34,0.02928542887269401,0.0
8,0.0,35,0.028359988619125573,0.0
8,0.0,36,0.02880210503546337,0.0
8,0.0,37,0.034581858424413574,0.0
8,0.0,38,0.03527856223371255,0.0
8,0.0,39,0.034932577305635704,0.0
8,0.0,40,0.03322923880420716,0.0
8,0.0,41,0.033745244877385186,0.0
8,0.0,42,0.030374877732636914,0.0
8,0.0,43,0.021486507117061744,0.0
8,0.0,44,0.019923816431998965,0.0
8,0.0,45,0.01758319258073166,0.0
8,0.0,46,0.02519190270061866,0.0
8,0.0,47,0.03137344848748536,0.0
8,0.0,48,0.027359177378660206,0.0
8,0.0,49,0.025783608472382483,0.0
8,0.0,50,0.0325796122217887,0.0
8,0.0,51,0.031054862727493207,0.0
8,0.0,52,0.025512482925006175,0.0
8,0.0,53,0.033433530323766045,0.0
8,0.0,54,0.034067983351016226,0.0
8,0.0,55,0.033329987122844386,0.0
8,0.0,56,0.026525771628555246,0.0
8,0.0,57,0.028054817229722896,0.0
8,0.0,58,0.030133563115278067,0.0
8,0.0,59,0.0392157463859985,0.0
8,0.0,60,0.04106289646220472,0.0
8,0.0,61,0.0370758979060231,0.0
8,0.0,62,0.036347243915722686,0.0
8,0.0,63,0.03838021124838104,0.0
8,0.0,64,0.03580846972780457,0.0
8,0.0,65,0.036023790021824896,0.0
8,0.0,66,0.0357503893439783,0.0
8,0.0,67,0.03608794747868616,0.0
8,0.0,68,0.04493019809694139,0.0
8,0.0,69,0.039336823278620606,0.0
8,0.0,70,0.03707416665105257,0.0
8,0.0,71,0.03884719293969865,0.0
8,0.0,72,0.033704339296073665,0.0
8,0.0,73,0.03407725209433448,0.0
8,0.0,74,0.03780819900461914,0.0
8,0.0,75,0.034552981603614356,0.0
8,0.0,76,0.031184529109503048,0.0
8,0.0,77,0.034654267374434264,0.0
8,0.0,78,0.03138419396789685,0.0
8,0.0,79,0.032470080634674325,0.0
8,0.0,80,0.03187228003727732,0.0
8,0.0,81,0.03400483320068823,0.0
8,0.0,82,0.029484942504767856,0.0
8,0.0,83,0.029780414430777277,0.0
8,0.0,84,0.02772056826917107,0.0
8,0.0,85,0.030021708954257112,0.0
8,0.0,86,0.0327941421554427,0.0
8,0.0,87,0.03648254500658766,0.0
8,0.0,88,0.037094896098154855,0.0
8,0.0,89,0.035051010029234934,0.0
8,0.0,90,0.034112578587662,0.0
8,0.0,91,0.03331754027099775,0.0
8,0.0,92,0.028783509482035417,0.0
8,0.0,93,0.03984205559000308,0.0
8,0.0,94,0.03741667987050965,0.0
8,0.0,95,0.03216780268543169,0.0
8,0.0,96,0.028827468937061628,0.0
8,0.0,97,0.03377142953085693,0.0
8,0.0,98,0.030064062540339793,0.0
8,0.0,99,0.02805099883895888,0.0
8,0.0,100,0.026728464341677315,0.0
8,0.0,101,0.026441372796628296,0.0
8,0.0,102,0.0222976855656643,0.0
8,0.0,103,0.02662235068808377,0.0
8,0.0,104,0.027930562172020435,0.0
8,0.0,105,0.026823489664710307,0.0
8,0.0,106,0.023382633847431597,0.0
8,0.0,107,0.028194712588038063,0.0
8,0.0,108,0.02912198092116,0.0
8,0.0,109,0.030043145544627697,0.0
8,0.0,110,0.029551266159750497,0.0
8,0.0,111,0.029474065945653032,0.0
8,0.0,112,0.033102299968099644,0.0
8,0.0,113,0.02625360113129387,0.0
8,0.0,114,0.027710464922479514,0.0
8,0.0,115,0.027431605198060666,0.0
8,0.0,116,0.02379272953755207,0.0
8,0.0,117,0.027734336411969745,0.0
8,0.0,118,0.030883700587641356,0.0
8,0.0,119,0.03141217957388354,0.0
8,0.0,120,0.035768023649286926,0.0
8,0.0,121,0.02890591700489607,0.0
8,0.0,122,0.030911364157640616,0.0
8,0.0,123,0.03609056414608814,0.0
8,0.0,124,0.039975962246077044,0.0
8,0.0,125,0.031125755695220077,0.0
8,0.0,126,0.03196472157959031,0.0
8,0.0,127,0.028435874984290753,0.0
8,0.0,128,0.03511533466133179,0.0
8,0.0,129,0.0342119398333691,0.0
8,0.0,130,0.03708801465962877,0.0
8,0.0,131,0.040909862518165176,0.0
8,0.0,132,0.0394655068279489,0.0
8,0.0,133,0.04382970902746537,0.0
8,0.0,134,0.03725068866451102,0.0
8,0.0,135,0.04528208909687233,0.0
8,0.0,136,0.049119140467173306,0.0
8,0.0,137,0.05069809307055507,0.0
8,0.0,138,0.050448187840848854,0.0
8,0.0,139,0.04619673347187607,0.0
8,0.0,140,0.05380804345891181,0.0
8,0.0,141,0.04837981104668426,0.0
8,0.0,142,0.05257782067239286,0.0
8,0.0,143,0.050886502515135205,0.0
8,0.0,144,0.043198283815319295,0.0
8,0.0,145,0.042500198308703566,0.0
8,0.0,146,0.04571990147275015,0.0
8,0.0,147,0.039848173830879526,0.0
8,0.0,148,0.040748963997914105,0.0
8,0.0,149,0.04198954098214256,0.0
8,0.0,150,0.04171882643395284,0.0
8,0.0,151,0.037426168964225674,0.0
8,0.0,152,0.03888099937605709,0.0
8,0.0,153,0.038867160515915454,0.0
8,0.0,154,0.042632346587116954,0.0
8,0.0,155,0.03557924814548493,0.0
8,0.0,156,0.03321370851544447,0.0
8,0.0,157,0.03288976380373515,0.0
8,0.0,158,0.03387829093835616,0.0
8,0.0,159,0.03327089407611819,0.0
8,0.0,160,0.033270065464569586,0.0
8,0.0,161,0.03517881951758062,0.0
8,0.0,162,0.03624782952383308,0.0
8,0.0,163,0.031382025745515255,0.0
8,0.0,164,0.028775600189982882,0.0
8,0.0,165,0.028479702875996004,0.0
8,0.0,166,0.023008922184237435,0.0
8,0.0,167,0.025672852039308126,0.0
8,0.0,168,0.025443991268170776,0.0
8,0.0,169,0.017718180653204307,0.0
8,0.0,170,0.01976950539567569,0.0
8,0.0,171,0.0218873801383792,0.0
8,0.0,172,0.021413645759630017,0.0
8,0.0,173,0.0219979578230141,0.0
8,0.0,174,0.02028487600503087,0.0
8,0.0,175,0.018513563515590484,0.0
8,0.0,176,0.01869083564142772,0.0
8,0.0,177,0.023487268857919588,0.0
8,0.0,178,0.02000972271214577,0.0
8,0.0,179,0.025630081359029163,0.0
8,0.0,180,0.019032886041928564,0.0
8,0.0,181,0.01635676615195799,0.0
8,0.0,182,0.019347803801460686,0.0
8,0.0,183,0.016130797964379908,0.0
8,0.0,184,0.0263154218331035,0.0
8,0.0,185,0.026512224396212605,0.0
8,0.0,186,0.02572151167624876,0.0
8,0.0,187,0.021411274567980764,0.0
8,0.0,188,0.020152575598607406,0.0
8,0.0,189,0.020596032226186615,0.0
8,0.0,190,0.0252268279971046,0.0
8,0.0,191,0.026916154230423674,0.0
8,0.0,192,0.02643686929584529,0.0
8,0.0,193,0.024603598160790024,0.0
8,0.0,194,0.02396385272381194,0.0
8,0.0,195,0.022819955154409308,0.0
8,0.0,196,0.02086564932673432,0.0
8,0.0,197,0.025471776741034582,0.0
8,0.0,198,0.026690400051030447,0.0
8,0.0,199,0.02898043611439996,0.0
8,0.0,200,0.029269909115008038,0.0
8,0.0,201,0.029834620075516374,0.0
8,0.0,202,0.02876416188347673,0.0
8,0.0,203,0.027531921896714405,0.0
8,0.0,204,0.022584060980595684,0.0
8,0.0,205,0.02802386270892379,0.0
8,0.0,206,0.03430337298833309,0.0
8,0.0,207,0.031355929181169556,0.0
8,0.0,208,0.02885464742574834,0.0
8,0.0,209,0.0313375540324953,0.0
8,0.0,210,0.03672073156522532,0.0
8,0.0,211,0.028068225170602853,0.0
8,0.0,212,0.03590180180526779,0.0
8,0.0,213,0.040214461535700706,0.0
8,0.0,214,0.038073856396181355,0.0
8,0.0,215,0.04472425908317554,0.0
8,0.0,216,0.04586768855184364,0.0
8,0.0,217,0.04755053850410995,0.0
8,0.0,218,0.0452906465274833,0.0
8,0.0,219,0.049377966464123874,0.0
8,0.0,220,0.05054789824808795,0.0
8,0.0,221,0.055600691194693554,0.0
8,0.0,222,0.0533626853890464,0.0
8,0.0,223,0.05398954357159733,0.0
8,0.0,224,0.049852858041065116,0.0
8,0.0,225,0.0480173931289532,0.0
8,0.0,226,0.05192110545213865,0.0
8,0.0,227,0.05831652186914232,0.0
8,0.0,228,0.06194440541506662,0.0
8,0.0,229,0.05866543996905859,0.0
8,0.0,230,0.05322899745279206,0.0
8,0.0,231,0.05571451560126392,0.0
8,0.0,232,0.06766799811882204,0.0
8,0.0,233,0.057222788172025876,0.0
8,0.0,234,0.057794105586498994,0.0
8,0.0,235,0.05653888708575374,0.0
8,0.0,236,0.05553789091919617,0.0
8,0.0,237,0.0514387999563342,0.0
8,0.0,238,0.0451668303680288,0.0
8,0.0,239,0.05093373572528513,0.0
8,0.0,240,0.05656169773252735,0.0
8,0.0,241,0.05926806199438099,0.0
8,0.0,242,0.05600846617509808,0.0
8,0.0,243,0.050653178082143126,0.0
8,0.0,244,0.05152375795442122,0.0
8,0.0,245,0.058184817463349095,0.0
8,0.0,246,0.06186058525851957,0.0
8,0.0,247,0.06895362153121122,0.0
8,0.0,248,0.06575220146922407,0.0
8,0.0,249,0.06248251904736036,0.0
8,0.0,250,0.051072023428381644,0.0
8,0.0,251,0.05124258299741445,0.0
8,0.0,252,0.05081929740531961,0.0
8,0.0,253,0.04619098487141153,0.0
8,0.0,254,0.05054759415009033,0.0
8,0.0,255,0.045060645406398515,0.0
8,0.0,256,0.038733646896380945,0.0
8,0.0,257,0.03855423776688155,0.0
8,0.0,258,0.03940086175447744,0.0
8,0.0,259,0.039284525303437706,0.0
8,0.0,260,0.0388600133546708,0.0
8,0.0,261,0.03590852584905195,0.0
8,0.0,262,0.030745622625894368,0.0
8,0.0,263,0.03186659506638403,0.0
8,0.0,264,0.0305317622227041,0.0
8,0.0,265,0.03556978477079145,0.0
8,0.0,266,0.041403382004675755,0.0
8,0.0,267,0.042529829772637875,0.0
8,0.0,268,0.044774976791707485,0.0
8,0.0,269,0.044878179209954634,0.0
8,0.0,270,0.03896756128447086,0.0
8,0.0,271,0.03969917746191283,0.0
8,0.0,272,0.035408437304490205,0.0
8,0.0,273,0.03064386228011176,0.0
8,0.0,274,0.028982080037987527,0.0
8,0.0,275,0.023779309801595167,0.0
8,0.0,276,0.022793806033469127,0.0
8,0.0,277,0.021786829780064555,0.0
8,0.0,278,0.02105917667877215,0.0
8,0.0,279,0.021448870086767293,0.0
8,0.0,280,0.022166475524536544,0.0
8,0.0,281,0.02649553683112761,0.0
8,0.0,282,0.030612568456223108,0.0
8,0.0,283,0.03351424854418252,0.0
8,0.0,284,0.034396991886638736,0.0
8,0.0,285,0.029546415832028706,0.0
8,0.0,286,0.02963779469455844,0.0
8,0.0,287,0.026813454342915318,0.0
8,0.0,288,0.026516984954075336,0.0
8,0.0,289,0.03162599408758573,0.0
8,0.0,290,0.02228404856841406,0.0
8,0.0,291,0.024742195952485977,0.0
8,0.0,292,0.026824601282929916,0.0
8,0.0,293,0.022837739095995502,0.0
8,0.0,294,0.021805548640093878,0.0
8,0.0,295,0.01996064933784459,0.0
8,0.0,296,0.019368077844117843,0.0
8,0.0,297,0.026521632200021412,0.0
8,0.0,298,0.020574060649398485,0.0
8,0.0,299,0.023677478363223422,0.0
8,0.0,300,0.030052805603069114,0.0
8,0.0,301,0.025555840553298556,0.0
8,0.0,302,0.02109632959159244,0.0
8,0.0,303,0.022001791442082284,0.0
8,0.0,304,0.024613518520894394,0.0
8,0.0,305,0.02742575373261294,0.0
8,0.0,306,0.02537741901110702,0.0
8,0.0,307,0.027530774417252983,0.0
8,0.0,308,0.03634509996529711,0.0
8,0.0,309,0.02965246425600714,0.0
8,0.0,310,0.03766187209903196,0.0
8,0.0,311,0.029633675153093817,0.0
8,0.0,312,0.026876554347478997,0.0
8,0.0,313,0.027314983025676157,0.0
8,0.0,314,0.028282029021012255,0.0
8,0.0,315,0.027893166979451375,0.0
8,0.0,316,0.02657550587693238,0.0
8,0.0,317,0.03806662274786523,0.0
8,0.0,318,0.030980528616658266,0.0
8,0.0,319,0.03033957476441383,0.0
8,0.0,320,0.028049252648700663,0.0
8,0.0,321,0.03530425636675565,0.0
8,0.0,322,0.03494776777901778,0.0
8,0.0,323,0.03759536411665466,0.0
8,0.0,324,0.034965891459545324,0.0
8,0.0,325,0.03337884487634921,0.0
8,0.0,326,0.02567754199473479,0.0
8,0.0,327,0.02914935411107425,0.0
8,0.0,328,0.030057580633553925,0.0
8,0.0,329,0.03232565531248179,0.0
8,0.0,330,0.03186825713015185,0.0
8,0.0,331,0.033620400834277184,0.0
8,0.0,332,0.03157592009217589,0.0
8,0.0,333,0.03092849060426017,0.0
8,0.0,334,0.02693164412182809,0.0
8,0.0,335,0.032183536861243874,0.0
8,0.0,336,0.030023340791063197,0.0
8,0.0,337,0.03334727926760034,0.0
8,0.0,338,0.0323470834920913,0.0
8,0.0,339,0.02956810673903376,0.0
8,0.0,340,0.032885401524536964,0.0
8,0.0,341,0.035138280771350214,0.0
8,0.0,342,0.03291712176978549,0.0
8,0.0,343,0.03793843056276376,0.0
8,0.0,344,0.04997982075422735,0.0
8,0.0,345,0.04257710598973237,0.0
8,0.0,346,0.03861617119545249,0.0
8,0.0,347,0.044426833066034045,0.0
8,0.0,348,0.04646964198107836,0.0
8,0.0,349,0.04343681355625492,0.0
8,0.0,350,0.042414904178540526,0.0
8,0.0,351,0.04148589708647535,0.0
8,0.0,352,0.038724417923990166,0.0
8,0.0,353,0.03521926622038187,0.0
8,0.0,354,0.03917181679392701,0.0
8,0.0,355,0.029100235487415572,0.0
8,0.0,356,0.03207315651097754,0.0
8,0.0,357,0.03493911335325595,0.0
8,0.0,358,0.034522323046461675,0.0
8,0.0,359,0.03635969230357415,0.0
8,0.0,360,0.03614191733258806,0.0
8,0.0,361,0.04161951858624482,0.0
8,0.0,362,0.046138441331921146,0.0
8,0.0,363,0.0484001900078539,0.0
8,0.0,364,0.05215323261263493,0.0
8,0.0,365,0.04626345824328072,0.0
8,0.0,366,0.048782282273774354,0.0
8,0.0,367,0.049703642694475025,0.0
8,0.0,368,0.046862521575697993,0.0
8,0.0,369,0.05131296649859842,0.0
8,0.0,370,0.04310566085147323,0.0
8,0.0,371,0.043000204100311905,0.0
8,0.0,372,0.044400927824806175,0.0
8,0.0,373,0.040809663672155175,0.0
8,0.0,374,0.042771697378540086,0.0
8,0.0,375,0.047018698106628926,0.0
8,0.0,376,0.05205875731269872,0.0
8,0.0,377,0.04533463352459061,0.0
8,0.0,378,0.03696941852211527,0.0
8,0.0,379,0.03888538717879685,0.0
8,0.0,380,0.03669820472761207,0.0
8,0.0,381,0.04361924989488216,0.0
8,0.0,382,0.04776255293878982,0.0
8,0.0,383,0.04651510452932801,0.0
8,0.0,384,0.042842280818299994,0.0
8,0.0,385,0.03911132584808182,0.0
8,0.0,386,0.033035973311432675,0.0
8,0.0,387,0.0356718260230532,0.0
8,0.0,388,0.03365977290051601,0.0
8,0.0,389,0.03809607357892926,0.0
8,0.0,390,0.03791091713679394,0.0
8,0.0,391,0.04075040600678534,0.0
8,0.0,392,0.03784349353767008,0.0
8,0.0,393,0.035182608563509375,0.0
8,0.0,394,0.036355565441920305,0.0
8,0.0,395,0.0402510893919035,0.0
8,0.0,396,0.03266468140019394,0.0
8,0.0,397,0.04026082065878565,0.0
8,0.0,398,0.042713879269131574,0.0
8,0.0,399,0.03936516316650138,0.0
8,0.0,400,0.03197171996610851,0.0
8,0.0,401,0.04047440247679553,0.0
8,0.0,402,0.04507098266224758,0.0
8,0.0,403,0.04577610175190197,0.0
8,0.0,404,0.041981685499682835,0.0
8,0.0,405,0.04263631183681734,0.0
8,0.0,406,0.04583500200361029,0.0
8,0.0,407,0.040828041210437115,0.0
8,0.0,408,0.04379466790262498,0.0
8,0.0,409,0.04265596654552239,0.0
8,0.0,410,0.04534272772498515,0.0
8,0.0,411,0.044705510368563725,0.0
8,0.0,412,0.0486193382015797,0.0
8,0.0,413,0.047466256359904334,0.0
8,0.0,414,0.05100988968490079,0.0
8,0.0,415,0.043796695355281134,0.0
8,0.0,416,0.04078316893435002,0.0
8,0.0,417,0.047417980124015414,0.0
8,0.0,418,0.04731622826979125,0.0
8,0.0,419,0.041073471509695265,0.0
8,0.0,420,0.053747413341236686,0.0
8,0.0,421,0.060891284036236615,0.0
8,0.0,422,0.05567736720815929,0.0
8,0.0,423,0.05365739398432654,0.0
8,0.0,424,0.05505333125626432,0.0
8,0.0,425,0.045984161740177665,0.0
8,0.0,426,0.042142780671231936,0.0
8,0.0,427,0.04214831728171342,0.0
8,0.0,428,0.04431779077362374,0.0
8,0.0,429,0.046845633302914476,0.0
8,0.0,430,0.05909440605614412,0.0
8,0.0,431,0.06692311528399375,0.0
8,0.0,432,0.05761676736862115,0.0
8,0.0,433,0.06064097971699945,0.0
8,0.0,434,0.052667697076715786,0.0
8,0.0,435,0.046092761452866206,0.0
8,0.0,436,0.04714947577054202,0.0
8,0.0,437,0.05194363878372878,0.0
8,0.0,438,0.048975773864405985,0.0
8,0.0,439,0.04097089461146428,0.0
8,0.0,440,0.042366963548302626,0.0
8,0.0,441,0.03441919204580345,0.0
8,0.0,442,0.030891139311409455,0.0
8,0.0,443,0.023464066133211406,0.0
8,0.0,444,0.026386253889178438,0.0
8,0.0,445,0.03351146273224578,0.0
8,0.0,446,0.038077605657182115,0.0
8,0.0,447,0.035782414316688445,0.0
8,0.0,448,0.03743084975089378,0.0
8,0.0,449,0.03049392303756198,0.0
8,0.0,450,0.030589180377807473,0.0
8,0.0,451,0.03646338424547332,0.0
8,0.0,452,0.0315681464065766,0.0
8,0.0,453,0.028896794327589435,0.0
8,0.0,454,0.029228651981381523,0.0
8,0.0,455,0.032377635692977774,0.0
8,0.0,456,0.02634663549413371,0.0
8,0.0,457,0.031471309144977186,0.0
8,0.0,458,0.031659994009368385,0.0
8,0.0,459,0.02905936702236018,0.0
8,0.0,460,0.028128800324042875,0.0
8,0.0,461,0.028722364886208405,0.0
8,0.0,462,0.029535277342884955,0.0
8,0.0,463,0.027215447684041175,0.0
8,0.0,464,0.024446944397226642,0.0
8,0.0,465,0.02003311058508457,0.0
8,0.0,466,0.024842120911694254,0.0
8,0.0,467,0.023640502836895026,0.0
8,0.0,468,0.01808811064268137,0.0
8,0.0,469,0.023702581646357773,0.0
8,0.0,470,0.0174899276512595,0.0
8,0.0,471,0.019930905621264202,0.0
8,0.0,472,0.017238984306043675,0.0
8,0.0,473,0.023759805801779978,0.0
8,0.0,474,0.02230086159463176,0.0
8,0.0,475,0.02823661499233562,0.0
8,0.0,476,0.023474516567033584,0.0
8,0.0,477,0.025837450445218825,0.0
8,0.0,478,0.02259796308229321,0.0
8,0.0,479,0.025580385071838442,0.0
8,0.0,480,0.02923476786634168,0.0
8,0.0,481,0.029795519097487917,0.0
8,0.0,482,0.02682711439689478,0.0
8,0.0,483,0.02422262636398763,0.0
8,0.0,484,0.02629338807208384,0.0
8,0.0,485,0.030696491906873208,0.0
8,0.0,486,0.031559423201698106,0.0
8,0.0,487,0.025851616174221506,0.0
8,0.0,488,0.020358002080138108,0.0
8,0.0,489,0.023456921988225146,0.0
8,0.0,490,0.025388262147924695,0.0
8,0.0,491,0.02651295826297614,0.0
8,0.0,492,0.03556007812949985,0.0
8,0.0,493,0.03704173056889016,0.0
8,0.0,494,0.03539374829578351,0.0
8,0.0,495,0.0375006907358308,0.0
8,0.0,496,0.03141776149215434,0.0
8,0.0,497,0.02797654308911987,0.0
8,0.0,498,0.029543802257278054,0.0
8,0.0,499,0.035736179656256306,0.0
8,0.0,500,0.03824285009105581,0.0
8,0.01,0,0.0908180134284763,0.0
8,0.01,1,0.04661136778212145,0.0
8,0.01,2,0.04641407800489887,0.0
8,0.01,3,0.04551270326919044,0.0
8,0.01,4,0.04877222328501968,0.0
8,0.01,5,0.042195511156112066,0.0
8,0.01,6,0.05231632881255338,0.0
8,0.01,7,0.05052157088153626,0.0
8,0.01,8,0.040944518702833804,0.0
8,0.01,9,0.0447583816274363,0.0
8,0.01,10,0.045743678338257855,0.0
8,0.01,11,0.04932762644462147,0.0
8,0.01,12,0.04617393711179224,0.0
8,0.01,13,0.057699037121471085,0.0
8,0.01,14,0.05660722520291585,0.0
8,0.01,15,0.053147655603885714,0.0
8,0.01,16,0.05738413307419507,0.0
8,0.01,17,0.05602499654907372,0.0
8,0.01,18,0.06190572850033489,0.0
8,0.01,19,0.0704872229620446,0.0
8,0.01,20,0.0706171204564659,0.0
8,0.01,21,0.05953121072074439,0.0
8,0.01,22,0.06342691563848313,0.0
8,0.01,23,0.06276675240545551,0.0
8,0.01,24,0.06971722930450074,0.0
8,0.01,25,0.07656638667213939,0.0
8,0.01,26,0.06099125232267413,0.0
8,0.01,27,0.06116415160663747,0.0
8,0.01,28,0.05622749177314509,0.0
8,0.01,29,0.05614741990009403,0.0
8,0.01,30,0.050656580725217164,0.0
8,0.01,31,0.048104780162918255,0.0
8,0.01,32,0.049546685814973006,0.0
8,0.01,33,0.0531640186349065,0.0
8,0.01,34,0.05905661129002925,0.0
8,0.01,35,0.056414984437894417,0.0
8,0.01,36,0.05930272256001075,0.0
8,0.01,37,0.05512125311319463,0.0
8,0.01,38,0.05406295303978843,0.0
8,0.01,39,0.05051054701531121,0.0
8,0.01,40,0.06193380730493667,0.0
8,0.01,41,0.06394561230964385,0.0
8,0.01,42,0.06326835624688298,0.0
8,0.01,43,0.06532446644740161,0.0
8,0.01,44,0.05495726036140752,0.0
8,0.01,45,0.04739257748869729,0.0
8,0.01,46,0.04870806446227123,0.0
8,0.01,47,0.058424923444759906,0.0
8,0.01,48,0.052445403983762635,0.0
8,0.01,49,0.05082391909425674,0.0
8,0.01,50,0.04679473183310056,0.0
8,0.01,51,0.044032143045993205,0.0
8,0.01,52,0.04990637770507342,0.0
8,0.01,53,0.04701273246556353,0.0
8,0.01,54,0.04439015299311035,0.0
8,0.01,55,0.04191303338921428,0.0
8,0.01,56,0.038920791811600124,0.0
8,0.01,57,0.03441543491544443,0.0
8,0.01,58,0.03950603536813854,0.0
8,0.01,59,0.040886371101179625,0.0
8,0.01,60,0.04461790101006815,0.0
8,0.01,61,0.04539895916166827,0.0
8,0.01,62,0.041843128102186294,0.0
8,0.01,63,0.049960564828106825,0.0
8,0.01,64,0.04505103841222808,0.0
8,0.01,65,0.040999599094899954,0.0
8,0.01,66,0.042106428356618694,0.0
8,0.01,67,0.0376706483650428,0.0
8,0.01,68,0.041271704130539225,0.0
8,0.01,69,0.04733437068289184,0.0
8,0.01,70,0.050482996938277305,0.0
8,0.01,71,0.05514075422435502,0.0
8,0.01,72,0.060041744055805306,0.0
8,0.01,73,0.06150677654165754,0.0
8,0.01,74,0.06263953743697306,0.0
8,0.01,75,0.06109063296037582,0.0
8,0.01,76,0.056590460085801216,0.0
8,0.01,77,0.06183770515258056,0.0
8,0.01,78,0.0556101642791992,0.0
8,0.01,79,0.04954988588821905,0.0
8,0.01,80,0.047641877270297,0.0
8,0.01,81,0.04993306156766219,0.0
8,0.01,82,0.047761507827157,0.0
8,0.01,83,0.05420262579934526,0.0
8,0.01,84,0.0569420306010272,0.0
8,0.01,85,0.049582347309425165,0.0
8,0.01,86,0.049455743352711794,0.0
8,0.01,87,0.0510122020902168,0.0
8,0.01,88,0.06161738540656984,0.0
8,0.01,89,0.05698383499741845,0.0
8,0.01,90,0.04818430326503113,0.0
8,0.01,91,0.0501930942974208,0.0
8,0.01,92,0.04973791993159631,0.0
8,0.01,93,0.050329154385825185,0.0
8,0.01,94,0.04302643001672459,0.0
8,0.01,95,0.03980587361867188,0.0
8,0.01,96,0.04753467748303212,0.0
8,0.01,97,0.052467873381919675,0.0
8,0.01,98,0.05923390121463088,0.0
8,0.01,99,0.06537818608124711,0.0
8,0.01,100,0.06898655620742114,0.0
8,0.01,101,0.06307449698719166,0.0
8,0.01,102,0.0652770431329793,0.0
8,0.01,103,0.0693897104544126,0.0
8,0.01,104,0.06810892818906063,0.0
8,0.01,105,0.06604112459959144,0.0
8,0.01,106,0.06062352594806306,0.0
8,0.01,107,0.06645100236348357,0.0
8,0.01,108,0.06918540216441404,0.0
8,0.01,109,0.06644442668535454,0.0
8,0.01,110,0.05946887270751879,0.0
8,0.01,111,0.060963987375029706,0.0
8,0.01,112,0.05554557181758264,0.0
8,0.01,113,0.05337677552759944,0.0
8,0.01,114,0.05285620081141295,0.0
8,0.01,115,0.049620825110179095,0.0
8,0.01,116,0.05599746937023566,0.0
8,0.01,117,0.06193417132150522,0.0
8,0.01,118,0.0641983729975535,0.0
8,0.01,119,0.06976851767166894,0.0
8,0.01,120,0.06473793260436256,0.0
8,0.01,121,0.06607835839912479,0.0
8,0.01,122,0.06009689277791403,0.0
8,0.01,123,0.05503776137871061,0.0
8,0.01,124,0.05715230040976821,0.0
8,0.01,125,0.049645340416088146,0.0
8,0.01,126,0.051979952167097554,0.0
8,0.01,127,0.041680085905747434,0.0
8,0.01,128,0.04361352213320257,0.0
8,0.01,129,0.0398632363411605,0.0
8,0.01,130,0.03579168509302267,0.0
8,0.01,131,0.03340524408873675,0.0
8,0.01,132,0.034484757428184895,0.0
8,0.01,133,0.03253186507904667,0.0
8,0.01,134,0.028166298868797814,0.0
8,0.01,135,0.024995320532174504,0.0
8,0.01,136,0.021545572437924373,0.0
8,0.01,137,0.02459964412961399,0.0
8,0.01,138,0.02376584429964704,0.0
8,0.01,139,0.02109983903464479,0.0
8,0.01,140,0.019957584078378908,0.0
8,0.01,141,0.02165546971304506,0.0
8,0.01,142,0.026564155795514584,0.0
8,0.01,143,0.02659450621465801,0.0
8,0.01,144,0.025415736854336547,0.0
8,0.01,145,0.020808906596927093,0.0
8,0.01,146,0.02222395191156179,0.0
8,0.01,147,0.018353228246955587,0.0
8,0.01,148,0.018062397158494236,0.0
8,0.01,149,0.019643019095888004,0.0
8,0.01,150,0.019682258135082877,0.0
8,0.01,151,0.021474353445503032,0.0
8,0.01,152,0.020848978328899963,0.0
8,0.01,153,0.02230753642758022,0.0
8,0.01,154,0.024829657786871087,0.0
8,0.01,155,0.029260318203565082,0.0
8,0.01,156,0.026396295563487212,0.0
8,0.01,157,0.028471940479453117,0.0
8,0.01,158,0.029246028926234197,0.0
8,0.01,159,0.03109181131484383,0.0
8,0.01,160,0.024506056440467393,0.0
8,0.01,161,0.029581286619914104,0.0
8,0.01,162,0.030110752057083724,0.0
8,0.01,163,0.036078712267287816,0.0
8,0.01,164,0.034264289350946456,0.0
8,0.01,165,0.028794639680552857,0.0
8,0.01,166,0.034901367460904345,0.0
8,0.01,167,0.033395918331558964,0.0
8,0.01,168,0.032744037778194866,0.0
8,0.01,169,0.036055916655621266,0.0
8,0.01,170,0.030949807365669556,0.0
8,0.01,171,0.030171636123023586,0.0
8,0.01,172,0.034263020778204076,0.0
8,0.01,173,0.04266207312341309,0.0
8,0.01,174,0.03876357543653748,0.0
8,0.01,175,0.046570936819643236,0.0
8,0.01,176,0.052554601749525434,0.0
8,0.01,177,0.04954910518952211,0.0
8,0.01,178,0.05053572469216357,0.0
8,0.01,179,0.05322767921038604,0.0
8,0.01,180,0.05275421558418971,0.0
8,0.01,181,0.04065225963932897,0.0
8,0.01,182,0.04667430344013672,0.0
8,0.01,183,0.037017952153670264,0.0
8,0.01,184,0.03670609651614125,0.0
8,0.01,185,0.0376086983836365,0.0
8,0.01,186,0.03522786922790013,0.0
8,0.01,187,0.03642709267826161,0.0
8,0.01,188,0.031162373775090377,0.0
8,0.01,189,0.03125801572899634,0.0
8,0.01,190,0.02968849525491154,0.0
8,0.01,191,0.03173610554602858,0.0
8,0.01,192,0.031424541577689966,0.0
8,0.01,193,0.02938189741796901,0.0
8,0.01,194,0.02690404475690538,0.0
8,0.01,195,0.02549156969279482,0.0
8,0.01,196,0.023020678005926422,0.0
8,0.01,197,0.02548584939938319,0.0
8,0.01,198,0.023517451464968545,0.0
8,0.01,199,0.031021932931629234,0.0
8,0.01,200,0.03240619395475938,0.0
8,0.01,201,0.04202074950719813,0.0
8,0.01,202,0.041224288119388365,0.0
8,0.01,203,0.04018632173467531,0.0
8,0.01,204,0.03787795357599167,0.0
8,0.01,205,0.041002038876234985,0.0
8,0.01,206,0.04025646451861987,0.0
8,0.01,207,0.038842143016889576,0.0
8,0.01,208,0.030502452647576516,0.0
8,0.01,209,0.03736009228001462,0.0
8,0.01,210,0.037679366577866184,0.0
8,0.01,211,0.04224767415288953,0.0
8,0.01,212,0.04277508928223664,0.0
8,0.01,213,0.041777853903651824,0.0
8,0.01,214,0.03839797858566993,0.0
8,0.01,215,0.03917714164125038,0.0
8,0.01,216,0.0370015495003432,0.0
8,0.01,217,0.03708357082420447,0.0
8,0.01,218,0.035605064635184654,0.0
8,0.01,219,0.030561717476265196,0.0
8,0.01,220,0.025066462250076936,0.0
8,0.01,221,0.028909839397840992,0.0
8,0.01,222,0.025426508199290244,0.0
8,0.01,223,0.026597615613353196,0.0
8,0.01,224,0.027508627851247434,0.0
8,0.01,225,0.03261234757014655,0.0
8,0.01,226,0.027505934132643624,0.0
8,0.01,227,0.02771512415166487,0.0
8,0.01,228,0.026640619557413706,0.0
8,0.01,229,0.023777772566558802,0.0
8,0.01,230,0.032175616733937006,0.0
8,0.01,231,0.029759950518528103,0.0
8,0.01,232,0.03873595688198546,0.0
8,0.01,233,0.03959684454010155,0.0
8,0.01,234,0.03838966295474309,0.0
8,0.01,235,0.03974339803025574,0.0
8,0.01,236,0.03714273526644922,0.0
8,0.01,237,0.03635557538970116,0.0
8,0.01,238,0.04406913361463466,0.0
8,0.01,239,0.03838812013913721,0.0
8,0.01,240,0.043485014338822896,0.0
8,0.01,241,0.03015097208434411,0.0
8,0.01,242,0.033216119467842524,0.0
8,0.01,243,0.03919046811800707,0.0
8,0.01,244,0.040275115953943556,0.0
8,0.01,245,0.02849251146767654,0.0
8,0.01,246,0.030111831521860366,0.0
8,0.01,247,0.03146844045622886,0.0
8,0.01,248,0.030843617602303953,0.0
8,0.01,249,0.03546499607337883,0.0
8,0.01,250,0.03689889886424745,0.0
8,0.01,251,0.03670778891025345,0.0
8,0.01,252,0.0302503322934677,0.0
8,0.01,253,0.03138615619245766,0.0
8,0.01,254,0.03236772042361721,0.0
8,0.01,255,0.02688103072740394,0.0
8,0.01,256,0.027407869636318128,0.0
8,0.01,257,0.026550261143144013,0.0
8,0.01,258,0.02121739682549389,0.0
8,0.01,259,0.021987739965854076,0.0
8,0.01,260,0.020935675059926093,0.0
8,0.01,261,0.022529934221398575,0.0
8,0.01,262,0.02316020815595773,0.0
8,0.01,263,0.020797460393663612,0.0
8,0.01,264,0.022516389459838148,0.0
8,0.01,265,0.020300513137901613,0.0
8,0.01,266,0.020699426877662085,0.0
8,0.01,267,0.018826913419527268,0.0
8,0.01,268,0.023658705751047403,0.0
8,0.01,269,0.02790253398275648,0.0
8,0.01,270,0.024343059953061366,0.0
8,0.01,271,0.028782347505219148,0.0
8,0.01,272,0.023583417593281558,0.0
8,0.01,273,0.019990790765616308,0.0
8,0.01,274,0.017580303345680365,0.0
8,0.01,275,0.021304330193069654,0.0
8,0.01,276,0.027275784877420516,0.0
8,0.01,277,0.029037075311229087,0.0
8,0.01,278,0.032769618633462706,0.0
8,0.01,279,0.037290294929883096,0.0
8,0.01,280,0.03303267427935754,0.0
8,0.01,281,0.03452544114982349,0.0
8,0.01,282,0.026587478731305708,0.0
8,0.01,283,0.02278616579644772,0.0
8,0.01,284,0.026896364144231164,0.0
8,0.01,285,0.028593770340057726,0.0
8,0.01,286,0.0277064728812807,0.0
8,0.01,287,0.027625687093193702,0.0
8,0.01,288,0.031462787753737675,0.0
8,0.01,289,0.026885735022084606,0.0
8,0.01,290,0.024670187076254416,0.0
8,0.01,291,0.02984421571710187,0.0
8,0.01,292,0.021137010705742445,0.0
8,0.01,293,0.02190050473090283,0.0
8,0.01,294,0.02005550308784448,0.0
8,0.01,295,0.020788158302860876,0.0
8,0.01,296,0.02126676742075666,0.0
8,0.01,297,0.016054730095781514,0.0
8,0.01,298,0.01859848036702832,0.0
8,0.01,299,0.020581249794390435,0.0
8,0.01,300,0.02369204273197501,0.0
8,0.01,301,0.025930066561392972,0.0
8,0.01,302,0.027767577299785958,0.0
8,0.01,303,0.025049675629727184,0.0
8,0.01,304,0.02650211546254111,0.0
8,0.01,305,0.0257592420327518,0.0
8,0.01,306,0.02780763665326563,0.0
8,0.01,307,0.022497601627366706,0.0
8,0.01,308,0.0201536811391368,0.0
8,0.01,309,0.024030268042129856,0.0
8,0.01,310,0.029598189888121094,0.0
8,0.01,311,0.023730329159129183,0.0
8,0.01,312,0.026164519691474063,0.0
8,0.01,313,0.02802579607673831,0.0
8,0.01,314,0.03565482952548804,0.0
8,0.01,315,0.03461726258774349,0.0
8,0.01,316,0.029034062731371307,0.0
8,0.01,317,0.03324932135498868,0.0
8,0.01,318,0.030648165275189824,0.0
8,0.01,319,0.02936104989284757,0.0
8,0.01,320,0.029432640986675876,0.0
8,0.01,321,0.03232103108336993,0.0
8,0.01,322,0.027658876665859027,0.0
8,0.01,323,0.027296331201179545,0.0
8,0.01,324,0.0277511125685761,0.0
8,0.01,325,0.026776957362191142,0.0
8,0.01,326,0.027028251876691115,0.0
8,0.01,327,0.03047502536363512,0.0
8,0.01,328,0.027195307661723907,0.0
8,0.01,329,0.030935220959552038,0.0
8,0.01,330,0.03280823548497271,0.0
8,0.01,331,0.033573793355427026,0.0
8,0.01,332,0.029651876585019856,0.0
8,0.01,333,0.028174700930487604,0.0
8,0.01,334,0.027454864360344833,0.0
8,0.01,335,0.03019933736986068,0.0
8,0.01,336,0.02129557278687828,0.0
8,0.01,337,0.019601785476207747,0.0
8,0.01,338,0.020745293277081814,0.0
8,0.01,339,0.024805884687571843,0.0
8,0.01,340,0.02656357780316494,0.0
8,0.01,341,0.0255524300237597,0.0
8,0.01,342,0.02360835202906626,0.0
8,0.01,343,0.029797355557041782,0.0
8,0.01,344,0.02988844428340165,0.0
8,0.01,345,0.03166611342463086,0.0
8,0.01,346,0.029529560250975893,0.0
8,0.01,347,0.02799723377380692,0.0
8,0.01,348,0.03303228849108698,0.0
8,0.01,349,0.03050843995089327,0.0
8,0.01,350,0.03271251405866611,0.0
8,0.01,351,0.030921696918071277,0.0
8,0.01,352,0.03573501131071574,0.0
8,0.01,353,0.03126650812337793,0.0
8,0.01,354,0.02762158011849435,0.0
8,0.01,355,0.036388447329092174,0.0
8,0.01,356,0.037792085248723746,0.0
8,0.01,357,0.047595450671272396,0.0
8,0.01,358,0.044481662455366354,0.0
8,0.01,359,0.04253717906170647,0.0
8,0.01,360,0.04481536553019238,0.0
8,0.01,361,0.04002120999669469,0.0
8,0.01,362,0.03817078524636839,0.0
8,0.01,363,0.037926083616248885,0.0
8,0.01,364,0.036116545397095814,0.0
8,0.01,365,0.04017715886332843,0.0
8,0.01,366,0.042353321529875664,0.0
8,0.01,367,0.03862003694479778,0.0
8,0.01,368,0.04080798454073456,0.0
8,0.01,369,0.04000433917296062,0.0
8,0.01,370,0.031289903451806114,0.0
8,0.01,371,0.03283691069841452,0.0
8,0.01,372,0.035923682259847975,0.0
8,0.01,373,0.03328519486958362,0.0
8,0.01,374,0.028098879090071343,0.0
8,0.01,375,0.026394972447855686,0.0
8,0.01,376,0.029404693944770542,0.0
8,0.01,377,0.027342336532725504,0.0
8,0.01,378,0.030360162189427085,0.0
8,0.01,379,0.024196857929004688,0.0
8,0.01,380,0.02572065458893808,0.0
8,0.01,381,0.029641128499371373,0.0
8,0.01,382,0.0272439461270671,0.0
8,0.01,383,0.026582957354494438,0.0
8,0.01,384,0.020422308112860773,0.0
8,0.01,385,0.02366388756307747,0.0
8,0.01,386,0.021195787295156126,0.0
8,0.01,387,0.022821293091190756,0.0
8,0.01,388,0.026706992508243457,0.0
8,0.01,389,0.022388590788669088,0.0
8,0.01,390,0.027628983701659324,0.0
8,0.01,391,0.028944517383966827,0.0
8,0.01,392,0.03305722648356685,0.0
8,0.01,393,0.028114276198679903,0.0
8,0.01,394,0.02702389117251454,0.0
8,0.01,395,0.030141576734309762,0.0
8,0.01,396,0.03068364487386551,0.0
8,0.01,397,0.02897245626996399,0.0
8,0.01,398,0.027351733513109114,0.0
8,0.01,399,0.02633409173469923,0.0
8,0.01,400,0.025395646080425372,0.0
8,0.01,401,0.02447188760831581,0.0
8,0.01,402,0.020081700481788863,0.0
8,0.01,403,0.016628942619615537,0.0
8,0.01,404,0.018751417949165204,0.0
8,0.01,405,0.018887102796022567,0.0
8,0.01,406,0.02657108756315152,0.0
8,0.01,407,0.025891228156080116,0.0
8,0.01,408,0.02836108664602209,0.0
8,0.01,409,0.030966169282024385,0.0
8,0.01,410,0.024991560049128968,0.0
8,0.01,411,0.024631484297398296,0.0
8,0.01,412,0.01689191099665712,0.0
8,0.01,413,0.018491200849037534,0.0
8,0.01,414,0.022567425069520877,0.0
8,0.01,415,0.02338689867647529,0.0
8,0.01,416,0.023801655007570616,0.0
8,0.01,417,0.024756026888199664,0.0
8,0.01,418,0.0242622982388939,0.0
8,0.01,419,0.026625135284174647,0.0
8,0.01,420,0.026349513568954194,0.0
8,0.01,421,0.02785693586400114,0.0
8,0.01,422,0.02904687485123485,0.0
8,0.01,423,0.02886761333273297,0.0
8,0.01,424,0.02772503310137777,0.0
8,0.01,425,0.028057930869781776,0.0
8,0.01,426,0.026907117309075034,0.0
8,0.01,427,0.027339382535523368,0.0
8,0.01,428,0.027609090601240803,0.0
8,0.01,429,0.02896947491644229,0.0
8,0.01,430,0.0290214236795865,0.0
8,0.01,431,0.027478615863795127,0.0
8,0.01,432,0.026604369570109657,0.0
8,0.01,433,0.029852379296288558,0.0
8,0.01,434,0.02673737602983611,0.0
8,0.01,435,0.033079141282631765,0.0
8,0.01,436,0.0314980067092466,0.0
8,0.01,437,0.029666231208890562,0.0
8,0.01,438,0.03151356365198695,0.0
8,0.01,439,0.027037624382092545,0.0
8,0.01,440,0.037074324282199145,0.0
8,0.01,441,0.03996928646421786,0.0
8,0.01,442,0.042987535424785034,0.0
8,0.01,443,0.04117266829260934,0.0
8,0.01,444,0.04001611419976055,0.0
8,0.01,445,0.030434895816060566,0.0
8,0.01,446,0.02614329707369856,0.0
8,0.01,447,0.02532210103490847,0.0
8,0.01,448,0.025342809075545737,0.0
8,0.01,449,0.029449363352146714,0.0
8,0.01,450,0.03155781615365872,0.0
8,0.01,451,0.02436206728489503,0.0
8,0.01,452,0.02135611568691112,0.0
8,0.01,453,0.023213657218012784,0.0
8,0.01,454,0.019636556619081685,0.0
8,0.01,455,0.029038867390408084,0.0
8,0.01,456,0.02904916749052469,0.0
8,0.01,457,0.02808324880638091,0.0
8,0.01,458,0.030350901692896243,0.0
8,0.01,459,0.03136062824257282,0.0
8,0.01,460,0.034369828636343774,0.0
8,0.01,461,0.03411512712196088,0.0
8,0.01,462,0.030269509374745103,0.0
8,0.01,463,0.033808980926355654,0.0
8,0.01,464,0.03588895795106786,0.0
8,0.01,465,0.03553496849291196,0.0
8,0.01,466,0.035071665329168555,0.0
8,0.01,467,0.03040913590278711,0.0
8,0.01,468,0.028749785018266215,0.0
8,0.01,469,0.028799418358184413,0.0
8,0.01,470,0.02984179806911039,0.0
8,0.01,471,0.026708512345356608,0.0
8,0.01,472,0.0278323919616165,0.0
8,0.01,473,0.028515539789982,0.0
8,0.01,474,0.02653689862733146,0.0
8,0.01,475,0.023996007056639103,0.0
8,0.01,476,0.02550040622650091,0.0
8,0.01,477,0.028370106064271264,0.0
8,0.01,478,0.028930003073816053,0.0
8,0.01,479,0.028419216178944436,0.0
8,0.01,480,0.031809551390719455,0.0
8,0.01,481,0.027925377605248762,0.0
8,0.01,482,0.031008907948063436,0.0
8,0.01,483,0.02769673384602143,0.0
8,0.01,484,0.024120517299311372,0.0
8,0.01,485,0.024589687717967598,0.0
8,0.01,486,0.02992776553750484,0.0
8,0.01,487,0.02522736606916254,0.0
8,0.01,488,0.02477159375537812,0.0
8,0.01,489,0.028671138145272942,0.0
8,0.01,490,0.030791275423285348,0.0
8,0.01,491,0.028994102196715926,0.0
8,0.01,492,0.03703246060307029,0.0
8,0.01,493,0.03966730794019135,0.0
8,0.01,494,0.039681537066276654,0.0
8,0.01,495,0.03485794130977134,0.0
8,0.01,496,0.0367593695246263,0.0
8,0.01,497,0.031388220774247674,0.0
8,0.01,498,0.03206930265338069,0.0
8,0.01,499,0.03465018745416762,0.0
8,0.01,500,0.03536700898800305,0.0
8,0.03,0,0.0839086410396598,0.0
8,0.03,1,0.0587325792026474,0.0
8,0.03,2,0.04409595814511895,0.0
8,0.03,3,0.03998250226548496,0.0
8,0.03,4,0.03509364714111348,0.0
8,0.03,5,0.03943725409220205,0.0
8,0.03,6,0.04086903719508646,0.0
8,0.03,7,0.04573542445000056,0.0
8,0.03,8,0.047134700642180435,0.0
8,0.03,9,0.04702091948282639,0.0
8,0.03,10,0.04580985780164219,0.0
8,0.03,11,0.04629512524497757,0.0
8,0.03,12,0.04485310478889654,0.0
8,0.03,13,0.03658049865832058,0.0
8,0.03,14,0.03896872439582887,0.0
8,0.03,15,0.04432440589223587,0.0
8,0.03,16,0.03821019554012712,0.0
8,0.03,17,0.04762981502077128,0.0
8,0.03,18,0.04210575447793126,0.0
8,0.03,19,0.04527117276584387,0.0
8,0.03,20,0.04572495811624553,0.0
8,0.03,21,0.038545426334983084,0.0
8,0.03,22,0.04308352367687465,0.0
8,0.03,23,0.039677455661048994,0.0
8,0.03,24,0.05076164000712484,0.0
8,0.03,25,0.039394284727301165,0.0
8,0.03,26,0.04828794632792557,0.0
8,0.03,27,0.04433148571621468,0.0
8,0.03,28,0.04242697194072248,0.0
8,0.03,29,0.04372583403328595,0.0
8,0.03,30,0.04507727509141803,0.0
8,0.03,31,0.04280239363998186,0.0
8,0.03,32,0.03226713974913232,0.0
8,0.03,33,0.029818530813087288,0.0
8,0.03,34,0.02599831499943704,0.0
8,0.03,35,0.031342140981754245,0.0
8,0.03,36,0.02673968931864997,0.0
8,0.03,37,0.026753498054780472,0.0
8,0.03,38,0.02636800392140675,0.0
8,0.03,39,0.030094847524504198,0.0
8,0.03,40,0.02759406334060273,0.0
8,0.03,41,0.027825577380509933,0.0
8,0.03,42,0.023102071456830454,0.0
8,0.03,43,0.02319768242186587,0.0
8,0.03,44,0.02283509876304264,0.0
8,0.03,45,0.025607309877066366,0.0
8,0.03,46,0.02699293427102497,0.0
8,0.03,47,0.027726528200035898,0.0
8,0.03,48,0.028158689068058088,0.0
8,0.03,49,0.033812846676503416,0.0
8,0.03,50,0.033629351787403665,0.0
8,0.03,51,0.03658194545386801,0.0
8,0.03,52,0.027879503447115955,0.0
8,0.03,53,0.028742232645166586,0.0
8,0.03,54,0.027984221416353008,0.0
8,0.03,55,0.02737573964218791,0.0
8,0.03,56,0.03510840559424572,0.0
8,0.03,57,0.036689804772880884,0.0
8,0.03,58,0.038039405059682785,0.0
8,0.03,59,0.029610350447464608,0.0
8,0.03,60,0.026243566838856494,0.0
8,0.03,61,0.029200663560077337,0.0
8,0.03,62,0.02864565416016267,0.0
8,0.03,63,0.02705911989640849,0.0
8,0.03,64,0.023132401879237777,0.0
8,0.03,65,0.023944063790073744,0.0
8,0.03,66,0.03162215368177483,0.0
8,0.03,67,0.03778789994530731,0.0
8,0.03,68,0.03256990131979496,0.0
8,0.03,69,0.030904140260823987,0.0
8,0.03,70,0.035991305877813635,0.0
8,0.03,71,0.03638944233341969,0.0
8,0.03,72,0.04144260215004618,0.0
8,0.03,73,0.04905007819366774,0.0
8,0.03,74,0.05186939677695926,0.0
8,0.03,75,0.04454391354263258,0.0
8,0.03,76,0.04963435715078287,0.0
8,0.03,77,0.039761294996234084,0.0
8,0.03,78,0.039666779200445174,0.0
8,0.03,79,0.04536028175037517,0.0
8,0.03,80,0.04104116129959746,0.0
8,0.03,81,0.03292454960934982,0.0
8,0.03,82,0.02602353440870023,0.0
8,0.03,83,0.025113261769712087,0.0
8,0.03,84,0.025229180372253177,0.0
8,0.03,85,0.024369614153525704,0.0
8,0.03,86,0.03048136199975188,0.0
8,0.03,87,0.02698203393567081,0.0
8,0.03,88,0.021547215035800676,0.0
8,0.03,89,0.023866272788820253,0.0
8,0.03,90,0.026902065379783072,0.0
8,0.03,91,0.030018025288083717,0.0
8,0.03,92,0.02912928431477115,0.0
8,0.03,93,0.032832791193337034,0.0
8,0.03,94,0.03543000594451931,0.0
8,0.03,95,0.03528964769042571,0.0
8,0.03,96,0.03372920183322074,0.0
8,0.03,97,0.03699004606987232,0.0
8,0.03,98,0.03269020859716775,0.0
8,0.03,99,0.03655536454984192,0.0
8,0.03,100,0.03927392949062859,0.0
8,0.03,101,0.03998678322839134,0.0
8,0.03,102,0.033829671753706256,0.0
8,0.03,103,0.03905911151726268,0.0
8,0.03,104,0.03273282772293672,0.0
8,0.03,105,0.03799966689163756,0.0
8,0.03,106,0.039471734968274046,0.0
8,0.03,107,0.030554158331605116,0.0
8,0.03,108,0.033913800184415144,0.0
8,0.03,109,0.03037362618760201,0.0
8,0.03,110,0.024430001496391074,0.0
8,0.03,111,0.028054931068841115,0.0
8,0.03,112,0.019242292946813365,0.0
8,0.03,113,0.021734246952666774,0.0
8,0.03,114,0.025777152367549582,0.0
8,0.03,115,0.019163033712071086,0.0
8,0.03,116,0.018646724195567052,0.0
8,0.03,117,0.02024482525950913,0.0
8,0.03,118,0.023761385276277563,0.0
8,0.03,119,0.021573525214578972,0.0
8,0.03,120,0.022288215030980843,0.0
8,0.03,121,0.02646687764081168,0.0
8,0.03,122,0.027417329692415445,0.0
8,0.03,123,0.029528992364878492,0.0
8,0.03,124,0.032224646184223826,0.0
8,0.03,125,0.0307870819446916,0.0
8,0.03,126,0.028706511173315668,0.0
8,0.03,127,0.033584894153263684,0.0
8,0.03,128,0.03536347187961844,0.0
8,0.03,129,0.038086746050553705,0.0
8,0.03,130,0.03765397313587199,0.0
8,0.03,131,0.02971274270507199,0.0
8,0.03,132,0.02712921746558941,0.0
8,0.03,133,0.02224282484383692,0.0
8,0.03,134,0.02867451748041307,0.0
8,0.03,135,0.02948053122512934,0.0
8,0.03,136,0.033383221882605355,0.0
8,0.03,137,0.02852086968325313,0.0
8,0.03,138,0.025006268590906554,0.0
8,0.03,139,0.025172468872513995,0.0
8,0.03,140,0.023414172909463918,0.0
8,0.03,141,0.02946401990403423,0.0
8,0.03,142,0.032491038226798136,0.0
8,0.03,143,0.0318928930287218,0.0
8,0.03,144,0.03446866164580371,0.0
8,0.03,145,0.034463478168761115,0.0
8,0.03,146,0.03229441330040555,0.0
8,0.03,147,0.03493305957759254,0.0
8,0.03,148,0.03279895038785784,0.0
8,0.03,149,0.03443729120518364,0.0
8,0.03,150,0.03365172278704734,0.0
8,0.03,151,0.030112273542111483,0.0
8,0.03,152,0.042569526171604755,0.0
8,0.03,153,0.04137408171730168,0.0
8,0.03,154,0.03604550355051231,0.0
8,0.03,155,0.0369458087470352,0.0
8,0.03,156,0.03438068790612825,0.0
8,0.03,157,0.036830848437322115,0.0
8,0.03,158,0.038994439553806826,0.0
8,0.03,159,0.04078515308145188,0.0
8,0.03,160,0.040989012526439605,0.0
8,0.03,161,0.031283603931950094,0.0
8,0.03,162,0.034616543492444675,0.0
8,0.03,163,0.03429514853163784,0.0
8,0.03,164,0.032613811044255134,0.0
8,0.03,165,0.033613082949285625,0.0
8,0.03,166,0.03377779341165463,0.0
8,0.03,167,0.030960588901749606,0.0
8,0.03,168,0.0296551633550262,0.0
8,0.03,169,0.0285223609222758,0.0
8,0.03,170,0.027458818245089823,0.0
8,0.03,171,0.03011956183012673,0.0
8,0.03,172,0.02507556526080003,0.0
8,0.03,173,0.031869427713755644,0.0
8,0.03,174,0.04009450252064624,0.0
8,0.03,175,0.045146094612146304,0.0
8,0.03,176,0.03893333589483998,0.0
8,0.03,177,0.0375621387980223,0.0
8,0.03,178,0.03424593452936232,0.0
8,0.03,179,0.03147479587834124,0.0
8,0.03,180,0.03134269888954553,0.0
8,0.03,181,0.026778749914032375,0.0
8,0.03,182,0.02185389248693136,0.0
8,0.03,183,0.017031340890752394,0.0
8,0.03,184,0.01738068118541656,0.0
8,0.03,185,0.021537752872564972,0.0
8,0.03,186,0.017282300457600208,0.0
8,0.03,187,0.021192042794005137,0.0
8,0.03,188,0.02454786110635039,0.0
8,0.03,189,0.026014055897394153,0.0
8,0.03,190,0.027570959869678856,0.0
8,0.03,191,0.0309016825529638,0.0
8,0.03,192,0.02653003286465355,0.0
8,0.03,193,0.02902726983694086,0.0
8,0.03,194,0.026536320147972855,0.0
8,0.03,195,0.025739175695124815,0.0
8,0.03,196,0.026968445453141577,0.0
8,0.03,197,0.025560797384222157,0.0
8,0.03,198,0.024632547964610736,0.0
8,0.03,199,0.02683739167630279,0.0
8,0.03,200,0.01761869490099064,0.0
8,0.03,201,0.02200760944825864,0.0
8,0.03,202,0.023033405092910793,0.0
8,0.03,203,0.022201406165784462,0.0
8,0.03,204,0.02215409236460004,0.0
8,0.03,205,0.025859756644441546,0.0
8,0.03,206,0.02444499730911183,0.0
8,0.03,207,0.02288443350297741,0.0
8,0.03,208,0.021477505059554782,0.0
8,0.03,209,0.02548960455734357,0.0
8,0.03,210,0.024627329226627425,0.0
8,0.03,211,0.028684137839870307,0.0
8,0.03,212,0.025252364243652202,0.0
8,0.03,213,0.022404992917061023,0.0
8,0.03,214,0.025108305177590388,0.0
8,0.03,215,0.026184437236969938,0.0
8,0.03,216,0.03547553623491343,0.0
8,0.03,217,0.037301607547688354,0.0
8,0.03,218,0.041317019999525646,0.0
8,0.03,219,0.03678659936121205,0.0
8,0.03,220,0.03574609673502304,0.0
8,0.03,221,0.04009035407504958,0.0
8,0.03,222,0.035655176065596,0.0
8,0.03,223,0.04133976730628133,0.0
8,0.03,224,0.03932892550003228,0.0
8,0.03,225,0.040431624825776134,0.0
8,0.03,226,0.03835826369521152,0.0
8,0.03,227,0.04405014167731713,0.0
8,0.03,228,0.048636054631247046,0.0
8,0.03,229,0.04889701966482866,0.0
8,0.03,230,0.05344648087413075,0.0
8,0.03,231,0.06343673423417086,0.0
8,0.03,232,0.06047494853767091,0.0
8,0.03,233,0.053436323952191646,0.0
8,0.03,234,0.056910734585144986,0.0
8,0.03,235,0.05790895349375729,0.0
8,0.03,236,0.059763938315300864,0.0
8,0.03,237,0.05504230848713052,0.0
8,0.03,238,0.0661994711002704,0.0
8,0.03,239,0.0637524670574623,0.0
8,0.03,240,0.06964816217061977,0.0
8,0.03,241,0.07777374307200267,0.0
8,0.03,242,0.07603291843793197,0.0
8,0.03,243,0.06366023218817486,0.0
8,0.03,244,0.06433159234156056,0.0
8,0.03,245,0.06064446181547117,0.0
8,0.03,246,0.05874164205332591,0.0
8,0.03,247,0.06101696825855473,0.0
8,0.03,248,0.05536685804902462,0.0
8,0.03,249,0.057091676571101556,0.0
8,0.03,250,0.05165859016811201,0.0
8,0.03,251,0.044426321605518515,0.0
8,0.03,252,0.052169366014672945,0.0
8,0.03,253,0.05682396382814793,0.0
8,0.03,254,0.054124805416009746,0.0
8,0.03,255,0.04889832598194654,0.0
8,0.03,256,0.04776603916305835,0.0
8,0.03,257,0.04623037212280735,0.0
8,0.03,258,0.04324804213130034,0.0
8,0.03,259,0.039921827479521166,0.0
8,0.03,260,0.03723058908227504,0.0
8,0.03,261,0.0385507808332171,0.0
8,0.03,262,0.039357251507891385,0.0
8,0.03,263,0.037721201304429325,0.0
8,0.03,264,0.046446394787994436,0.0
8,0.03,265,0.04375368528090096,0.0
8,0.03,266,0.042966207101612267,0.0
8,0.03,267,0.03707185529212959,0.0
8,0.03,268,0.03807745010866757,0.0
8,0.03,269,0.04393588776914879,0.0
8,0.03,270,0.043753226580857216,0.0
8,0.03,271,0.03539164015653326,0.0
8,0.03,272,0.03758914414210447,0.0
8,0.03,273,0.02825918171139795,0.0
8,0.03,274,0.02650299512905831,0.0
8,0.03,275,0.026975776874144784,0.0
8,0.03,276,0.02367844828926603,0.0
8,0.03,277,0.023231588253458457,0.0
8,0.03,278,0.02700577617546767,0.0
8,0.03,279,0.02274974087479379,0.0
8,0.03,280,0.030211789942206017,0.0
8,0.03,281,0.031084061876639608,0.0
8,0.03,282,0.029218669919568577,0.0
8,0.03,283,0.025367681689331928,0.0
8,0.03,284,0.02386649434506206,0.0
8,0.03,285,0.020939769004314854,0.0
8,0.03,286,0.021326301380430852,0.0
8,0.03,287,0.022909782945539314,0.0
8,0.03,288,0.017192822286022105,0.0
8,0.03,289,0.020595705012237654,0.0
8,0.03,290,0.019385673323802963,0.0
8,0.03,291,0.01942761643650653,0.0
8,0.03,292,0.02193206562958672,0.0
8,0.03,293,0.025592226054543032,0.0
8,0.03,294,0.020640485337798165,0.0
8,0.03,295,0.02010402104391571,0.0
8,0.03,296,0.022436940410192823,0.0
8,0.03,297,0.02479258992469112,0.0
8,0.03,298,0.023290352101847153,0.0
8,0.03,299,0.023652861118204846,0.0
8,0.03,300,0.020331056580557276,0.0
8,0.03,301,0.016751967136586398,0.0
8,0.03,302,0.016947798024685413,0.0
8,0.03,303,0.016856391434843677,0.0
8,0.03,304,0.02379760706446611,0.0
8,0.03,305,0.016630546172054547,0.0
8,0.03,306,0.01891965540421015,0.0
8,0.03,307,0.023454174131995565,0.0
8,0.03,308,0.026739103704409482,0.0
8,0.03,309,0.020794367796777194,0.0
8,0.03,310,0.02318989111796987,0.0
8,0.03,311,0.02378195118504437,0.0
8,0.03,312,0.021219734966596092,0.0
8,0.03,313,0.021522078747195875,0.0
8,0.03,314,0.022290778054652422,0.0
8,0.03,315,0.02462553106460306,0.0
8,0.03,316,0.027102275817027767,0.0
8,0.03,317,0.026086970247927842,0.0
8,0.03,318,0.02016225649191272,0.0
8,0.03,319,0.02358921246474933,0.0
8,0.03,320,0.02286008500320302,0.0
8,0.03,321,0.01833676315175966,0.0
8,0.03,322,0.021518135255336735,0.0
8,0.03,323,0.020864778556846816,0.0
8,0.03,324,0.02211545551290374,0.0
8,0.03,325,0.02447486955546119,0.0
8,0.03,326,0.024452429584263177,0.0
8,0.03,327,0.02560400463754542,0.0
8,0.03,328,0.021161235164070768,0.0
8,0.03,329,0.01985844399956022,0.0
8,0.03,330,0.020626899294519316,0.0
8,0.03,331,0.019576609462354545,0.0
8,0.03,332,0.014454542552255612,0.0
8,0.03,333,0.015392285631758934,0.0
8,0.03,334,0.015644801770836478,0.0
8,0.03,335,0.01581648094192316,0.0
8,0.03,336,0.019417288923144344,0.0
8,0.03,337,0.02680816724740049,0.0
8,0.03,338,0.023802521233863762,0.0
8,0.03,339,0.02100247051464814,0.0
8,0.03,340,0.026452086428838076,0.0
8,0.03,341,0.022172151189806703,0.0
8,0.03,342,0.021723752591568293,0.0
8,0.03,343,0.026675778110193824,0.0
8,0.03,344,0.022078490992051048,0.0
8,0.03,345,0.022742631048313408,0.0
8,0.03,346,0.03070979552091978,0.0
8,0.03,347,0.03284823988037142,0.0
8,0.03,348,0.03282313603050227,0.0
8,0.03,349,0.03290750094270236,0.0
8,0.03,350,0.03246990501166544,0.0
8,0.03,351,0.031750341086868736,0.0
8,0.03,352,0.022936839605884267,0.0
8,0.03,353,0.02190991906817434,0.0
8,0.03,354,0.01607590315993945,0.0
8,0.03,355,0.01853565179796839,0.0
8,0.03,356,0.02079797769635678,0.0
8,0.03,357,0.020732638593932623,0.0
8,0.03,358,0.027212707627801428,0.0
8,0.03,359,0.03456026777437168,0.0
8,0.03,360,0.036493918670510314,0.0
8,0.03,361,0.03818631892164396,0.0
8,0.03,362,0.036026621078032756,0.0
8,0.03,363,0.04051249432473224,0.0
8,0.03,364,0.03964076580896164,0.0
8,0.03,365,0.04342278115093261,0.0
8,0.03,366,0.03506806122819451,0.0
8,0.03,367,0.03397045522885647,0.0
8,0.03,368,0.033793170422060335,0.0
8,0.03,369,0.035542815607299064,0.0
8,0.03,370,0.03253239138077282,0.0
8,0.03,371,0.030785504791528563,0.0
8,0.03,372,0.0271808809283298,0.0
8,0.03,373,0.03357373957696512,0.0
8,0.03,374,0.04095263530557005,0.0
8,0.03,375,0.03959372900106377,0.0
8,0.03,376,0.03226627649817792,0.0
8,0.03,377,0.034391926847542026,0.0
8,0.03,378,0.035457479451120114,0.0
8,0.03,379,0.03280616090217172,0.0
8,0.03,380,0.027700905131192367,0.0
8,0.03,381,0.026793772230448258,0.0
8,0.03,382,0.03064606999102158,0.0
8,0.03,383,0.025799665360532655,0.0
8,0.03,384,0.022776481380717358,0.0
8,0.03,385,0.022601717854005176,0.0
8,0.03,386,0.021270268527263353,0.0
8,0.03,387,0.022174408247331828,0.0
8,0.03,388,0.021146297379850215,0.0
8,0.03,389,0.021751261691422146,0.0
8,0.03,390,0.021214661563750608,0.0
8,0.03,391,0.023160676042706562,0.0
8,0.03,392,0.020746401510695532,0.0
8,0.03,393,0.022021744686849365,0.0
8,0.03,394,0.022254754452718014,0.0
8,0.03,395,0.021572666796277257,0.0
8,0.03,396,0.02345994958293493,0.0
8,0.03,397,0.027907585901231036,0.0
8,0.03,398,0.025984191453074745,0.0
8,0.03,399,0.02245805247651369,0.0
8,0.03,400,0.022697466698912473,0.0
8,0.03,401,0.025521057062367042,0.0
8,0.03,402,0.026015572813120436,0.0
8,0.03,403,0.028214375129913965,0.0
8,0.03,404,0.026262987298912396,0.0
8,0.03,405,0.02522267157614714,0.0
8,0.03,406,0.032280558042661,0.0
8,0.03,407,0.023036955630482206,0.0
8,0.03,408,0.025316706743792695,0.0
8,0.03,409,0.02718329497487055,0.0
8,0.03,410,0.030667874896587982,0.0
8,0.03,411,0.03094131938242993,0.0
8,0.03,412,0.030339303703955222,0.0
8,0.03,413,0.029161742460201406,0.0
8,0.03,414,0.030305098092367075,0.0
8,0.03,415,0.03107885493061635,0.0
8,0.03,416,0.03293181827534463,0.0
8,0.03,417,0.027561488574180868,0.0
8,0.03,418,0.02749212134131139,0.0
8,0.03,419,0.028508222631683067,0.0
8,0.03,420,0.030028917859060512,0.0
8,0.03,421,0.03668162136362936,0.0
8,0.03,422,0.03214420705176923,0.0
8,0.03,423,0.030089993913402075,0.0
8,0.03,424,0.02706633021894757,0.0
8,0.03,425,0.028224832710157636,0.0
8,0.03,426,0.026287698584893215,0.0
8,0.03,427,0.022137360227669437,0.0
8,0.03,428,0.02494318217614404,0.0
8,0.03,429,0.03037308267685658,0.0
8,0.03,430,0.02784363945358024,0.0
8,0.03,431,0.024733428548174143,0.0
8,0.03,432,0.025627763176490532,0.0
8,0.03,433,0.023199943752812317,0.0
8,0.03,434,0.027948433202146527,0.0
8,0.03,435,0.028309526491316076,0.0
8,0.03,436,0.03416750361181043,0.0
8,0.03,437,0.03548239302028992,0.0
8,0.03,438,0.034062177055624004,0.0
8,0.03,439,0.03034007833932963,0.0
8,0.03,440,0.023137746929231647,0.0
8,0.03,441,0.025443584609838744,0.0
8,0.03,442,0.028801120997432796,0.0
8,0.03,443,0.02605436039283421,0.0
8,0.03,444,0.026370337418295534,0.0
8,0.03,445,0.029044162232038907,0.0
8,0.03,446,0.03873764405038587,0.0
8,0.03,447,0.036654625420069496,0.0
8,0.03,448,0.035139308366457754,0.0
8,0.03,449,0.03290978785913291,0.0
8,0.03,450,0.027340308483222622,0.0
8,0.03,451,0.031254330423670484,0.0
8,0.03,452,0.038500631805841866,0.0
8,0.03,453,0.04326305495037526,0.0
8,0.03,454,0.042132237606868725,0.0
8,0.03,455,0.04158797831412699,0.0
8,0.03,456,0.037803948192521,0.0
8,0.03,457,0.038966772511099326,0.0
8,0.03,458,0.03931585242161132,0.0
8,0.03,459,0.03939228702926384,0.0
8,0.03,460,0.03442714545801674,0.0
8,0.03,461,0.04016055413066787,0.0
8,0.03,462,0.03974019255333519,0.0
8,0.03,463,0.038639256762451106,0.0
8,0.03,464,0.038061220464740766,0.0
8,0.03,465,0.03904616765743127,0.0
8,0.03,466,0.03995270828304262,0.0
8,0.03,467,0.04217424223733571,0.0
8,0.03,468,0.04094740748511001,0.0
8,0.03,469,0.04388450970839869,0.0
8,0.03,470,0.04939005701604333,0.0
8,0.03,471,0.05304653884222137,0.0
8,0.03,472,0.05456636800011059,0.0
8,0.03,473,0.05397439229022084,0.0
8,0.03,474,0.045487897462045145,0.0
8,0.03,475,0.046813793701519696,0.0
8,0.03,476,0.05552881114170667,0.0
8,0.03,477,0.05430295890545149,0.0
8,0.03,478,0.0501249816831381,0.0
8,0.03,479,0.039354741237886556,0.0
8,0.03,480,0.034549276052281176,0.0
8,0.03,481,0.024808437037042146,0.0
8,0.03,482,0.03278307000893732,0.0
8,0.03,483,0.03437126223779855,0.0
8,0.03,484,0.03331769691019668,0.0
8,0.03,485,0.039059481019667636,0.0
8,0.03,486,0.03971706401771262,0.0
8,0.03,487,0.041471281544688654,0.0
8,0.03,488,0.04851945760185752,0.0
8,0.03,489,0.04809593455848364,0.0
8,0.03,490,0.04437735050518064,0.0
8,0.03,491,0.033784912360598704,0.0
8,0.03,492,0.034027961512773965,0.0
8,0.03,493,0.03517175903848789,0.0
8,0.03,494,0.03440366047565288,0.0
8,0.03,495,0.03868756171599042,0.0
8,0.03,496,0.039434011024216266,0.0
8,0.03,497,0.036733727186772064,0.0
8,0.03,498,0.03023784254534577,0.0
8,0.03,499,0.037669237344902226,0.0
8,0.03,500,0.035195754793073145,0.0
8,0.05,0,0.07975857415848016,0.0
8,0.05,1,0.042882257919730084,0.0
8,0.05,2,0.034179690220352145,0.0
8,0.05,3,0.03220383703105014,0.0
8,0.05,4,0.02502079355595098,0.0
8,0.05,5,0.02671065821636671,0.0
8,0.05,6,0.024592682637801285,0.0
8,0.05,7,0.025953303721598302,0.0
8,0.05,8,0.027885766495466546,0.0
8,0.05,9,0.029125149323043425,0.0
8,0.05,10,0.02786212887943267,0.0
8,0.05,11,0.027694292728673086,0.0
8,0.05,12,0.03156023763664607,0.0
8,0.05,13,0.031115602954221264,0.0
8,0.05,14,0.026589058789411465,0.0
8,0.05,15,0.025087979742596814,0.0
8,0.05,16,0.021005558228863488,0.0
8,0.05,17,0.019991604857962787,0.0
8,0.05,18,0.024063392069903506,0.0
8,0.05,19,0.02280694231833531,0.0
8,0.05,20,0.024632649958391647,0.0
8,0.05,21,0.01810750605790062,0.0
8,0.05,22,0.019409202247257593,0.0
8,0.05,23,0.015927556694858052,0.0
8,0.05,24,0.01736772880768038,0.0
8,0.05,25,0.015658343027128006,0.0
8,0.05,26,0.01880136774249315,0.0
8,0.05,27,0.019730072881750323,0.0
8,0.05,28,0.019396305104772006,0.0
8,0.05,29,0.022688042219639236,0.0
8,0.05,30,0.01730815777529084,0.0
8,0.05,31,0.02213208790115844,0.0
8,0.05,32,0.02102917214075473,0.0
8,0.05,33,0.022487680575351533,0.0
8,0.05,34,0.026817990077648353,0.0
8,0.05,35,0.027061512539223603,0.0
8,0.05,36,0.023971989051215684,0.0
8,0.05,37,0.026338399007912808,0.0
8,0.05,38,0.031397685754413616,0.0
8,0.05,39,0.02525291576405595,0.0
8,0.05,40,0.025998771179425385,0.0
8,0.05,41,0.03499931320140846,0.0
8,0.05,42,0.034987379500164215,0.0
8,0.05,43,0.03221671992593011,0.0
8,0.05,44,0.02347712131002653,0.0
8,0.05,45,0.02546427644874632,0.0
8,0.05,46,0.023066521009641763,0.0
8,0.05,47,0.024749827771203096,0.0
8,0.05,48,0.02572106550072847,0.0
8,0.05,49,0.02189234147760953,0.0
8,0.05,50,0.025607669712414904,0.0
8,0.05,51,0.025084365094952706,0.0
8,0.05,52,0.029946828326946374,0.0
8,0.05,53,0.026156808665071883,0.0
8,0.05,54,0.0301387991492508,0.0
8,0.05,55,0.02668431474313038,0.0
8,0.05,56,0.02017495703356027,0.0
8,0.05,57,0.01681957539122938,0.0
8,0.05,58,0.026848867999818216,0.0
8,0.05,59,0.024913299761471722,0.0
8,0.05,60,0.023825764996736512,0.0
8,0.05,61,0.026472566684325686,0.0
8,0.05,62,0.026995926294107457,0.0
8,0.05,63,0.029005694124519366,0.0
8,0.05,64,0.031680968494710866,0.0
8,0.05,65,0.029042312859439718,0.0
8,0.05,66,0.027071263105850053,0.0
8,0.05,67,0.03434413356613922,0.0
8,0.05,68,0.03217310730332288,0.0
8,0.05,69,0.025155975364727426,0.0
8,0.05,70,0.024117146936652123,0.0
8,0.05,71,0.024741235486680238,0.0
8,0.05,72,0.027025945821020483,0.0
8,0.05,73,0.022160373743356786,0.0
8,0.05,74,0.019729918250312794,0.0
8,0.05,75,0.01962411900344876,0.0
8,0.05,76,0.01762870125017088,0.0
8,0.05,77,0.022500308788259503,0.0
8,0.05,78,0.02485224377370312,0.0
8,0.05,79,0.025823558794556174,0.0
8,0.05,80,0.024666169806886407,0.0
8,0.05,81,0.024707948372472054,0.0
8,0.05,82,0.023278016133918156,0.0
8,0.05,83,0.02227338029689539,0.0
8,0.05,84,0.027870525550276613,0.0
8,0.05,85,0.021726279285802046,0.0
8,0.05,86,0.01722554659785985,0.0
8,0.05,87,0.01953074061722636,0.0
8,0.05,88,0.02676293925416016,0.0
8,0.05,89,0.029520408262207195,0.0
8,0.05,90,0.023709518728681867,0.0
8,0.05,91,0.021299177915760324,0.0
8,0.05,92,0.024469874155416148,0.0
8,0.05,93,0.020382178084026772,0.0
8,0.05,94,0.022123430354859242,0.0
8,0.05,95,0.024825742363143374,0.0
8,0.05,96,0.019926064004433496,0.0
8,0.05,97,0.020324988723570712,0.0
8,0.05,98,0.025642789082611937,0.0
8,0.05,99,0.020785441963999243,0.0
8,0.05,100,0.02322499558348899,0.0
8,0.05,101,0.02715306097159696,0.0
8,0.05,102,0.03131157201523953,0.0
8,0.05,103,0.02335000885962199,0.0
8,0.05,104,0.0305335568876656,0.0
8,0.05,105,0.02760241631733293,0.0
8,0.05,106,0.02973684779863087,0.0
8,0.05,107,0.03442668036284584,0.0
8,0.05,108,0.035516064572987095,0.0
8,0.05,109,0.03687328226276699,0.0
8,0.05,110,0.03923080050654563,0.0
8,0.05,111,0.03567558647558535,0.0
8,0.05,112,0.047503903046648394,0.0
8,0.05,113,0.03543607013004202,0.0
8,0.05,114,0.02830938623739667,0.0
8,0.05,115,0.03399952881131212,0.0
8,0.05,116,0.0354284519317379,0.0
8,0.05,117,0.028429198412333805,0.0
8,0.05,118,0.025042101616334023,0.0
8,0.05,119,0.022146795257317754,0.0
8,0.05,120,0.019446663225401204,0.0
8,0.05,121,0.022726068339643843,0.0
8,0.05,122,0.022282921588626277,0.0
8,0.05,123,0.023981538166429516,0.0
8,0.05,124,0.02644924924813809,0.0
8,0.05,125,0.025365793038426298,0.0
8,0.05,126,0.028647152882142944,0.0
8,0.05,127,0.023144562751206507,0.0
8,0.05,128,0.021323948439750648,0.0
8,0.05,129,0.021891710328813513,0.0
8,0.05,130,0.02196456148875018,0.0
8,0.05,131,0.02095116843926337,0.0
8,0.05,132,0.024116354276207022,0.0
8,0.05,133,0.022417286649462805,0.0
8,0.05,134,0.022729741561553097,0.0
8,0.05,135,0.026468590417243303,0.0
8,0.05,136,0.025305296098571226,0.0
8,0.05,137,0.02738420384712767,0.0
8,0.05,138,0.03140926805785576,0.0
8,0.05,139,0.030806332450935465,0.0
8,0.05,140,0.026425776957226966,0.0
8,0.05,141,0.03472055369975184,0.0
8,0.05,142,0.036827086944805895,0.0
8,0.05,143,0.039042613036478685,0.0
8,0.05,144,0.03238526776612145,0.0
8,0.05,145,0.03162342813539173,0.0
8,0.05,146,0.031232234243291322,0.0
8,0.05,147,0.03041452313874991,0.0
8,0.05,148,0.03264943435718422,0.0
8,0.05,149,0.03301045839339216,0.0
8,0.05,150,0.02096820215673068,0.0
8,0.05,151,0.01976513783292086,0.0
8,0.05,152,0.019323565932392206,0.0
8,0.05,153,0.01926283369910639,0.0
8,0.05,154,0.02129061826462085,0.0
8,0.05,155,0.02186999361361916,0.0
8,0.05,156,0.017905316359616695,0.0
8,0.05,157,0.01908368439722882,0.0
8,0.05,158,0.021659097763203912,0.0
8,0.05,159,0.022126050187765648,0.0
8,0.05,160,0.021512278937639375,0.0
8,0.05,161,0.029399432453062303,0.0
8,0.05,162,0.02993888418861094,0.0
8,0.05,163,0.029031295449030985,0.0
8,0.05,164,0.02803678273156389,0.0
8,0.05,165,0.0262043967100466,0.0
8,0.05,166,0.0333634743688045,0.0
8,0.05,167,0.03302378878829798,0.0
8,0.05,168,0.032351892364378104,0.0
8,0.05,169,0.03055539936942233,0.0
8,0.05,170,0.027810240653549728,0.0
8,0.05,171,0.022459329221403358,0.0
8,0.05,172,0.020092237352997144,0.0
8,0.05,173,0.017721668828658065,0.0
8,0.05,174,0.017206787927143082,0.0
8,0.05,175,0.02199561226809741,0.0
8,0.05,176,0.0212029384522519,0.0
8,0.05,177,0.019831942749776288,0.0
8,0.05,178,0.022998399397397163,0.0
8,0.05,179,0.02016583604317116,0.0
8,0.05,180,0.02166255717050936,0.0
8,0.05,181,0.01588164824469738,0.0
8,0.05,182,0.022242120475907016,0.0
8,0.05,183,0.024156630333244607,0.0
8,0.05,184,0.02103803951589798,0.0
8,0.05,185,0.02337787693465028,0.0
8,0.05,186,0.0210886918420749,0.0
8,0.05,187,0.0220189944115037,0.0
8,0.05,188,0.020780690134476386,0.0
8,0.05,189,0.026551624207875796,0.0
8,0.05,190,0.024440425394930188,0.0
8,0.05,191,0.02835493074465198,0.0
8,0.05,192,0.02623665409775413,0.0
8,0.05,193,0.018826473459606613,0.0
8,0.05,194,0.020026905249125516,0.0
8,0.05,195,0.022830292876682964,0.0
8,0.05,196,0.028295741933846253,0.0
8,0.05,197,0.030197809870806194,0.0
8,0.05,198,0.030936844872121873,0.0
8,0.05,199,0.03512259292753452,0.0
8,0.05,200,0.036954199664346266,0.0
8,0.05,201,0.0346122927017021,0.0
8,0.05,202,0.028634649434161684,0.0
8,0.05,203,0.025349238391037622,0.0
8,0.05,204,0.025590904999972613,0.0
8,0.05,205,0.027210405554606933,0.0
8,0.05,206,0.031791660343945705,0.0
8,0.05,207,0.03187401125330283,0.0
8,0.05,208,0.030738465506773595,0.0
8,0.05,209,0.030641946059363614,0.0
8,0.05,210,0.032981206745026775,0.0
8,0.05,211,0.033653144142799546,0.0
8,0.05,212,0.032941366935898025,0.0
8,0.05,213,0.032533457369997826,0.0
8,0.05,214,0.03283642186065741,0.0
8,0.05,215,0.03107725534772664,0.0
8,0.05,216,0.031058542719497182,0.0
8,0.05,217,0.029946289403266723,0.0
8,0.05,218,0.03136264518687215,0.0
8,0.05,219,0.02534240911500743,0.0
8,0.05,220,0.027293369010960668,0.0
8,0.05,221,0.03506477275541917,0.0
8,0.05,222,0.03429148113636905,0.0
8,0.05,223,0.030096798809176498,0.0
8,0.05,224,0.03472108387897841,0.0
8,0.05,225,0.03246417972879904,0.0
8,0.05,226,0.030964911828038878,0.0
8,0.05,227,0.033683380530578455,0.0
8,0.05,228,0.031350036091435544,0.0
8,0.05,229,0.03453002467255283,0.0
8,0.05,230,0.03686748197194996,0.0
8,0.05,231,0.024874753023464168,0.0
8,0.05,232,0.03171181382339296,0.0
8,0.05,233,0.031679037112087326,0.0
8,0.05,234,0.03374409033842388,0.0
8,0.05,235,0.03390364080729199,0.0
8,0.05,236,0.0359916890499086,0.0
8,0.05,237,0.03638013070550516,0.0
8,0.05,238,0.039786830845550264,0.0
8,0.05,239,0.041797748438199535,0.0
8,0.05,240,0.03113205732242368,0.0
8,0.05,241,0.027601308906228205,0.0
8,0.05,242,0.02658015798996275,0.0
8,0.05,243,0.02466968442849611,0.0
8,0.05,244,0.024177880636815027,0.0
8,0.05,245,0.022746749868704796,0.0
8,0.05,246,0.022738590929588548,0.0
8,0.05,247,0.021795854043924014,0.0
8,0.05,248,0.022947148960000982,0.0
8,0.05,249,0.022027410722878785,0.0
8,0.05,250,0.022974556175212442,0.0
8,0.05,251,0.029852639143891104,0.0
8,0.05,252,0.03026839709259408,0.0
8,0.05,253,0.03438226080682017,0.0
8,0.05,254,0.03148607010615309,0.0
8,0.05,255,0.02846562933807795,0.0
8,0.05,256,0.03098632674757535,0.0
8,0.05,257,0.030875382046994665,0.0
8,0.05,258,0.0287895713720845,0.0
8,0.05,259,0.028141796912166738,0.0
8,0.05,260,0.027713143601982022,0.0
8,0.05,261,0.032063958132298585,0.0
8,0.05,262,0.03471008291069072,0.0
8,0.05,263,0.029401966218411638,0.0
8,0.05,264,0.03182516544279881,0.0
8,0.05,265,0.031445918791821736,0.0
8,0.05,266,0.03041070191209954,0.0
8,0.05,267,0.026265957761237392,0.0
8,0.05,268,0.021461216984673313,0.0
8,0.05,269,0.023255966622108656,0.0
8,0.05,270,0.01893909695865035,0.0
8,0.05,271,0.025260803806377102,0.0
8,0.05,272,0.02735640675940547,0.0
8,0.05,273,0.02705241384126421,0.0
8,0.05,274,0.022303281885107547,0.0
8,0.05,275,0.025176497314216686,0.0
8,0.05,276,0.027446625256621882,0.0
8,0.05,277,0.027986132424080264,0.0
8,0.05,278,0.027086933175663453,0.0
8,0.05,279,0.029716703318613355,0.0
8,0.05,280,0.026540482173176932,0.0
8,0.05,281,0.024431190406415396,0.0
8,0.05,282,0.02406500378738217,0.0
8,0.05,283,0.019054389700645703,0.0
8,0.05,284,0.025175129051202675,0.0
8,0.05,285,0.018135950318959832,0.0
8,0.05,286,0.018655248923924887,0.0
8,0.05,287,0.029534292007676814,0.0
8,0.05,288,0.031119767976868426,0.0
8,0.05,289,0.034143671866193055,0.0
8,0.05,290,0.035667632063561834,0.0
8,0.05,291,0.03248533743010211,0.0
8,0.05,292,0.029804861473389163,0.0
8,0.05,293,0.029786425637673447,0.0
8,0.05,294,0.03731927354573587,0.0
8,0.05,295,0.033907020113752864,0.0
8,0.05,296,0.03300624802020975,0.0
8,0.05,297,0.02546940506374656,0.0
8,0.05,298,0.02770296792444438,0.0
8,0.05,299,0.030232283038131403,0.0
8,0.05,300,0.03047007506031967,0.0
8,0.05,301,0.031006746696454254,0.0
8,0.05,302,0.030068793301069686,0.0
8,0.05,303,0.034176545376613826,0.0
8,0.05,304,0.02970454836472551,0.0
8,0.05,305,0.027827229472953102,0.0
8,0.05,306,0.03121085753203896,0.0
8,0.05,307,0.029164998128814457,0.0
8,0.05,308,0.03143413325692219,0.0
8,0.05,309,0.02876898814295305,0.0
8,0.05,310,0.02723865161765501,0.0
8,0.05,311,0.031522973885528036,0.0
8,0.05,312,0.03636742194020409,0.0
8,0.05,313,0.0409004986194092,0.0
8,0.05,314,0.0345667683954286,0.0
8,0.05,315,0.030887350254159736,0.0
8,0.05,316,0.034153160305235034,0.0
8,0.05,317,0.03416806062294787,0.0
8,0.05,318,0.03172800758244716,0.0
8,0.05,319,0.02819176601136687,0.0
8,0.05,320,0.039347893235460035,0.0
8,0.05,321,0.030169529672970305,0.0
8,0.05,322,0.03137554182296848,0.0
8,0.05,323,0.02935194920204673,0.0
8,0.05,324,0.03157253493921505,0.0
8,0.05,325,0.026746548101450003,0.0
8,0.05,326,0.03204207051714951,0.0
8,0.05,327,0.031186126532183635,0.0
8,0.05,328,0.02252628132555531,0.0
8,0.05,329,0.02098786638857572,0.0
8,0.05,330,0.018614778426889123,0.0
8,0.05,331,0.023738830037367972,0.0
8,0.05,332,0.02763743274078425,0.0
8,0.05,333,0.020545245435534484,0.0
8,0.05,334,0.018837034126725178,0.0
8,0.05,335,0.02570221399690287,0.0
8,0.05,336,0.02413047813589748,0.0
8,0.05,337,0.026422456000961513,0.0
8,0.05,338,0.02024577082391875,0.0
8,0.05,339,0.026151726948013404,0.0
8,0.05,340,0.028872774933505138,0.0
8,0.05,341,0.029645943970876054,0.0
8,0.05,342,0.028082492440402444,0.0
8,0.05,343,0.025107512966453943,0.0
8,0.05,344,0.020142847020560285,0.0
8,0.05,345,0.0195572442719262,0.0
8,0.05,346,0.025604022370158096,0.0
8,0.05,347,0.019477144721256223,0.0
8,0.05,348,0.01913297499124412,0.0
8,0.05,349,0.02019787727747459,0.0
8,0.05,350,0.02076390247241254,0.0
8,0.05,351,0.0182029006708414,0.0
8,0.05,352,0.019805280270987387,0.0
8,0.05,353,0.018718570829554807,0.0
8,0.05,354,0.016293689569266138,0.0
8,0.05,355,0.02105352083379338,0.0
8,0.05,356,0.018328137925655796,0.0
8,0.05,357,0.020819371456759987,0.0
8,0.05,358,0.019022805267959908,0.0
8,0.05,359,0.022402075954902935,0.0
8,0.05,360,0.017757076831339532,0.0
8,0.05,361,0.019581474715414514,0.0
8,0.05,362,0.016990456619768918,0.0
8,0.05,363,0.022963923909407644,0.0
8,0.05,364,0.021790699027010557,0.0
8,0.05,365,0.018057161231384063,0.0
8,0.05,366,0.018896351119952037,0.0
8,0.05,367,0.01959887063277876,0.0
8,0.05,368,0.024488872020483332,0.0
8,0.05,369,0.025572864284513556,0.0
8,0.05,370,0.024239200514763706,0.0
8,0.05,371,0.024805163022059058,0.0
8,0.05,372,0.02076347993949711,0.0
8,0.05,373,0.023930350717082872,0.0
8,0.05,374,0.02478592040574737,0.0
8,0.05,375,0.02662825059713482,0.0
8,0.05,376,0.0249112462102286,0.0
8,0.05,377,0.0265149332550088,0.0
8,0.05,378,0.027852024575844257,0.0
8,0.05,379,0.027048020524366792,0.0
8,0.05,380,0.027315072205724905,0.0
8,0.05,381,0.024432384756711577,0.0
8,0.05,382,0.02364423469010613,0.0
8,0.05,383,0.02309433955992436,0.0
8,0.05,384,0.025675768393595116,0.0
8,0.05,385,0.030829392257076833,0.0
8,0.05,386,0.022511606866624016,0.0
8,0.05,387,0.02159805252204891,0.0
8,0.05,388,0.02659340478337044,0.0
8,0.05,389,0.023046731296883706,0.0
8,0.05,390,0.024069190407215175,0.0
8,0.05,391,0.023023286216610872,0.0
8,0.05,392,0.016514822677028976,0.0
8,0.05,393,0.02331636619035978,0.0
8,0.05,394,0.029981058288258703,0.0
8,0.05,395,0.026084791562725446,0.0
8,0.05,396,0.02824467153008492,0.0
8,0.05,397,0.02506192663364748,0.0
8,0.05,398,0.02802697071347576,0.0
8,0.05,399,0.02942869279975234,0.0
8,0.05,400,0.03157383735881251,0.0
8,0.05,401,0.030730384178397276,0.0
8,0.05,402,0.026340270577397774,0.0
8,0.05,403,0.02397202250354053,0.0
8,0.05,404,0.01945015017116615,0.0
8,0.05,405,0.024962123975571425,0.0
8,0.05,406,0.025645454361087543,0.0
8,0.05,407,0.021156253210909023,0.0
8,0.05,408,0.026552429257339784,0.0
8,0.05,409,0.026472732015241,0.0
8,0.05,410,0.025604899752228665,0.0
8,0.05,411,0.02237318425779742,0.0
8,0.05,412,0.0194170848331199,0.0
8,0.05,413,0.020379012713296972,0.0
8,0.05,414,0.0191067785800623,0.0
8,0.05,415,0.026161941611881078,0.0
8,0.05,416,0.021905225990669023,0.0
8,0.05,417,0.02599162868058975,0.0
8,0.05,418,0.016119049896523345,0.0
8,0.05,419,0.018749772057230076,0.0
8,0.05,420,0.018150549505581596,0.0
8,0.05,421,0.020960264471516846,0.0
8,0.05,422,0.019005388744488833,0.0
8,0.05,423,0.022126307442191635,0.0
8,0.05,424,0.022618984262336307,0.0
8,0.05,425,0.025002563665872998,0.0
8,0.05,426,0.027121083751797115,0.0
8,0.05,427,0.021613054084159745,0.0
8,0.05,428,0.028243230717703755,0.0
8,0.05,429,0.02659345959514567,0.0
8,0.05,430,0.023438375743736785,0.0
8,0.05,431,0.019821782514060474,0.0
8,0.05,432,0.018789651555142076,0.0
8,0.05,433,0.02124466056337072,0.0
8,0.05,434,0.026328236568247173,0.0
8,0.05,435,0.023041016815846596,0.0
8,0.05,436,0.027469629229609147,0.0
8,0.05,437,0.033328720780778795,0.0
8,0.05,438,0.04257336863239011,0.0
8,0.05,439,0.03758028538392372,0.0
8,0.05,440,0.04005517542453767,0.0
8,0.05,441,0.03436561427265238,0.0
8,0.05,442,0.03775169646575404,0.0
8,0.05,443,0.03762992580733697,0.0
8,0.05,444,0.041702102945216535,0.0
8,0.05,445,0.038025390496559584,0.0
8,0.05,446,0.032432558053108886,0.0
8,0.05,447,0.030130466872259107,0.0
8,0.05,448,0.03052080220195048,0.0
8,0.05,449,0.030127289867183212,0.0
8,0.05,450,0.029428734341164168,0.0
8,0.05,451,0.028015648664693697,0.0
8,0.05,452,0.03551555267801661,0.0
8,0.05,453,0.03408484367156848,0.0
8,0.05,454,0.022308483619336607,0.0
8,0.05,455,0.023771371719681494,0.0
8,0.05,456,0.02589344133186187,0.0
8,0.05,457,0.026253153346664903,0.0
8,0.05,458,0.024813437547262996,0.0
8,0.05,459,0.027292449597204994,0.0
8,0.05,460,0.023602816551103523,0.0
8,0.05,461,0.02255307072398284,0.0
8,0.05,462,0.01838700811394458,0.0
8,0.05,463,0.022219125059431105,0.0
8,0.05,464,0.021039034070718245,0.0
8,0.05,465,0.024327541974206876,0.0
8,0.05,466,0.027047548282934465,0.0
8,0.05,467,0.02803794440478042,0.0
8,0.05,468,0.02654181827760469,0.0
8,0.05,469,0.027342793214714126,0.0
8,0.05,470,0.02619882893207684,0.0
8,0.05,471,0.0259974589356489,0.0
8,0.05,472,0.02718937142771283,0.0
8,0.05,473,0.026574286276304333,0.0
8,0.05,474,0.027365839949176664,0.0
8,0.05,475,0.02875227588622401,0.0
8,0.05,476,0.03134736544222409,0.0
8,0.05,477,0.028450980555148876,0.0
8,0.05,478,0.023957125131084726,0.0
8,0.05,479,0.02726647515012642,0.0
8,0.05,480,0.02443973361043072,0.0
8,0.05,481,0.02612255788957726,0.0
8,0.05,482,0.02878511231525974,0.0
8,0.05,483,0.028233938822699898,0.0
8,0.05,484,0.026934490838719228,0.0
8,0.05,485,0.02950424282231564,0.0
8,0.05,486,0.028033179137596155,0.0
8,0.05,487,0.022162247387380547,0.0
8,0.05,488,0.022478984377339296,0.0
8,0.05,489,0.024541969984857758,0.0
8,0.05,490,0.021413163737902852,0.0
8,0.05,491,0.02840713074179879,0.0
8,0.05,492,0.027293230540225814,0.0
8,0.05,493,0.027343395926379938,0.0
8,0.05,494,0.02445829075605055,0.0
8,0.05,495,0.022989811225926755,0.0
8,0.05,496,0.021863311960473922,0.0
8,0.05,497,0.023749942684152456,0.0
8,0.05,498,0.028959257566947255,0.0
8,0.05,499,0.02778742158050377,0.0
8,0.05,500,0.028826908146946006,0.0
8,0.1,0,0.08633895593325773,0.0
8,0.1,1,0.05908592256460426,0.0
8,0.1,2,0.03844134382067174,0.0
8,0.1,3,0.029550378368282993,0.0
8,0.1,4,0.0305947255602048,0.0
8,0.1,5,0.027690178871607834,0.0
8,0.1,6,0.025052316182946264,0.0
8,0.1,7,0.02665875729951959,0.0
8,0.1,8,0.02915108557164666,0.0
8,0.1,9,0.02224416218639272,0.0
8,0.1,10,0.025521984756784594,0.0
8,0.1,11,0.030225531755739398,0.0
8,0.1,12,0.03452246069078057,0.0
8,0.1,13,0.03381834941198583,0.0
8,0.1,14,0.03290470057364014,0.0
8,0.1,15,0.03463587350585205,0.0
8,0.1,16,0.04114689504388875,0.0
8,0.1,17,0.04640054986434086,0.0
8,0.1,18,0.043839872606179366,0.0
8,0.1,19,0.038470452104024486,0.0
8,0.1,20,0.03163469972363847,0.0
8,0.1,21,0.034184496054069646,0.0
8,0.1,22,0.03461433044055401,0.0
8,0.1,23,0.041612820358730325,0.0
8,0.1,24,0.04440722236551122,0.0
8,0.1,25,0.043715808970343176,0.0
8,0.1,26,0.041948077107798874,0.0
8,0.1,27,0.0392863017252664,0.0
8,0.1,28,0.039933918380918525,0.0
8,0.1,29,0.03174235818864348,0.0
8,0.1,30,0.028705725038319904,0.0
8,0.1,31,0.024842747800570827,0.0
8,0.1,32,0.027607055591186046,0.0
8,0.1,33,0.031209295096793557,0.0
8,0.1,34,0.02640964311339301,0.0
8,0.1,35,0.03372029399800835,0.0
8,0.1,36,0.03697067881994829,0.0
8,0.1,37,0.04221190024600007,0.0
8,0.1,38,0.0418682157538991,0.0
8,0.1,39,0.03420892925199651,0.0
8,0.1,40,0.03768118038502442,0.0
8,0.1,41,0.04044121694965109,0.0
8,0.1,42,0.04003212314080085,0.0
8,0.1,43,0.04224028487236164,0.0
8,0.1,44,0.04983833538994606,0.0
8,0.1,45,0.042932000372390006,0.0
8,0.1,46,0.04238917092962568,0.0
8,0.1,47,0.038296659800460923,0.0
8,0.1,48,0.03481785485138169,0.0
8,0.1,49,0.03527976250424559,0.0
8,0.1,50,0.03770570642432771,0.0
8,0.1,51,0.03898147126210724,0.0
8,0.1,52,0.03189082182944236,0.0
8,0.1,53,0.03414559770560131,0.0
8,0.1,54,0.03174852089682579,0.0
8,0.1,55,0.03353444702721324,0.0
8,0.1,56,0.03646738599566564,0.0
8,0.1,57,0.03552417356355912,0.0
8,0.1,58,0.038230188435027075,0.0
8,0.1,59,0.03521036946103561,0.0
8,0.1,60,0.030312463596471086,0.0
8,0.1,61,0.03011567983570305,0.0
8,0.1,62,0.03876858209109174,0.0
8,0.1,63,0.029142325407428844,0.0
8,0.1,64,0.026499636938557617,0.0
8,0.1,65,0.018227614346518966,0.0
8,0.1,66,0.018343619838319725,0.0
8,0.1,67,0.020050939817681645,0.0
8,0.1,68,0.015691814775863087,0.0
8,0.1,69,0.02001391949342267,0.0
8,0.1,70,0.026846066193622068,0.0
8,0.1,71,0.03296884197552855,0.0
8,0.1,72,0.030883544145621545,0.0
8,0.1,73,0.037769947004473954,0.0
8,0.1,74,0.0349711699219766,0.0
8,0.1,75,0.030500436339389522,0.0
8,0.1,76,0.028688786050580842,0.0
8,0.1,77,0.02803473769329207,0.0
8,0.1,78,0.023031477519397645,0.0
8,0.1,79,0.027695292516810414,0.0
8,0.1,80,0.019385529165597506,0.0
8,0.1,81,0.02369931255711927,0.0
8,0.1,82,0.0207410772787407,0.0
8,0.1,83,0.025677562666032792,0.0
8,0.1,84,0.02402563331921999,0.0
8,0.1,85,0.022572797032229343,0.0
8,0.1,86,0.020550516035372158,0.0
8,0.1,87,0.020366800425639174,0.0
8,0.1,88,0.022037047460313448,0.0
8,0.1,89,0.02022992150013282,0.0
8,0.1,90,0.023603914434686134,0.0
8,0.1,91,0.021281018938601206,0.0
8,0.1,92,0.020405562993514308,0.0
8,0.1,93,0.02284959740209874,0.0
8,0.1,94,0.022024659368176203,0.0
8,0.1,95,0.02055537014724048,0.0
8,0.1,96,0.024113715002076087,0.0
8,0.1,97,0.03092701599295655,0.0
8,0.1,98,0.018951454963433857,0.0
8,0.1,99,0.029059384536162653,0.0
8,0.1,100,0.03310349377298893,0.0
8,0.1,101,0.02850117592483543,0.0
8,0.1,102,0.023528620184485493,0.0
8,0.1,103,0.029586946630878175,0.0
8,0.1,104,0.023610411335957437,0.0
8,0.1,105,0.02707803032853681,0.0
8,0.1,106,0.02263057416312329,0.0
8,0.1,107,0.020652352596848264,0.0
8,0.1,108,0.019347946480193542,0.0
8,0.1,109,0.015584684118138781,0.0
8,0.1,110,0.016455797968427218,0.0
8,0.1,111,0.01644556502530134,0.0
8,0.1,112,0.0159169375625162,0.0
8,0.1,113,0.016660314282419025,0.0
8,0.1,114,0.01791221558720428,0.0
8,0.1,115,0.020128502799924966,0.0
8,0.1,116,0.014888173479721253,0.0
8,0.1,117,0.017568887199014973,0.0
8,0.1,118,0.020468459630671784,0.0
8,0.1,119,0.01841434324820052,0.0
8,0.1,120,0.018329762861072293,0.0
8,0.1,121,0.024765213499717893,0.0
8,0.1,122,0.023987300035135054,0.0
8,0.1,123,0.018887911488922344,0.0
8,0.1,124,0.02317328654542129,0.0
8,0.1,125,0.024668391522612635,0.0
8,0.1,126,0.025567957953374347,0.0
8,0.1,127,0.03016471707488982,0.0
8,0.1,128,0.032829281124173666,0.0
8,0.1,129,0.030376072728122084,0.0
8,0.1,130,0.02687851056496284,0.0
8,0.1,131,0.029739686331373652,0.0
8,0.1,132,0.02526930472053237,0.0
8,0.1,133,0.02421686846481106,0.0
8,0.1,134,0.023197889553565318,0.0
8,0.1,135,0.026771915449954123,0.0
8,0.1,136,0.02200918429505939,0.0
8,0.1,137,0.018740371352004404,0.0
8,0.1,138,0.024354197566194776,0.0
8,0.1,139,0.02469970981734064,0.0
8,0.1,140,0.021614269334075,0.0
8,0.1,141,0.020439595233087263,0.0
8,0.1,142,0.02478245650978057,0.0
8,0.1,143,0.027197507274322644,0.0
8,0.1,144,0.020597820453542484,0.0
8,0.1,145,0.02221692682384699,0.0
8,0.1,146,0.02058528350095938,0.0
8,0.1,147,0.02506708364035746,0.0
8,0.1,148,0.021509457252763663,0.0
8,0.1,149,0.021501573005744894,0.0
8,0.1,150,0.020829166400559967,0.0
8,0.1,151,0.017594340756211028,0.0
8,0.1,152,0.023728297231140477,0.0
8,0.1,153,0.02479402965268378,0.0
8,0.1,154,0.024223156721675614,0.0
8,0.1,155,0.019513612566819123,0.0
8,0.1,156,0.021227806900630367,0.0
8,0.1,157,0.0211576819225226,0.0
8,0.1,158,0.019036840085223584,0.0
8,0.1,159,0.015999101622173197,0.0
8,0.1,160,0.021305598170110268,0.0
8,0.1,161,0.017265659968358632,0.0
8,0.1,162,0.020583507333371096,0.0
8,0.1,163,0.023656720677236957,0.0
8,0.1,164,0.017104121888457485,0.0
8,0.1,165,0.019784227544084425,0.0
8,0.1,166,0.019956640474384554,0.0
8,0.1,167,0.022820623669136154,0.0
8,0.1,168,0.023435713104131162,0.0
8,0.1,169,0.022310102052850146,0.0
8,0.1,170,0.021038184613314366,0.0
8,0.1,171,0.022173215409566353,0.0
8,0.1,172,0.022138432785246555,0.0
8,0.1,173,0.02244425783183762,0.0
8,0.1,174,0.031183065175692647,0.0
8,0.1,175,0.027964385368547076,0.0
8,0.1,176,0.02814159519560417,0.0
8,0.1,177,0.033926087198714726,0.0
8,0.1,178,0.031203403635414226,0.0
8,0.1,179,0.03329438259261247,0.0
8,0.1,180,0.0329270801094423,0.0
8,0.1,181,0.03240737165510929,0.0
8,0.1,182,0.02720188071929962,0.0
8,0.1,183,0.027107636072396465,0.0
8,0.1,184,0.024319750575164084,0.0
8,0.1,185,0.026380050372022047,0.0
8,0.1,186,0.02323366674169525,0.0
8,0.1,187,0.021889410991501154,0.0
8,0.1,188,0.022770627755154652,0.0
8,0.1,189,0.02424766584757698,0.0
8,0.1,190,0.02747064764338925,0.0
8,0.1,191,0.022892775657669385,0.0
8,0.1,192,0.024432520214279174,0.0
8,0.1,193,0.024301970751526566,0.0
8,0.1,194,0.0304257135353447,0.0
8,0.1,195,0.02598967970375126,0.0
8,0.1,196,0.02009029883150079,0.0
8,0.1,197,0.0174284018807393,0.0
8,0.1,198,0.017404326953016067,0.0
8,0.1,199,0.023702634482949684,0.0
8,0.1,200,0.025796119309469668,0.0
8,0.1,201,0.02415068622111119,0.0
8,0.1,202,0.026494652067642236,0.0
8,0.1,203,0.027608392733984955,0.0
8,0.1,204,0.02904518716089883,0.0
8,0.1,205,0.023575841733039737,0.0
8,0.1,206,0.026058985148721563,0.0
8,0.1,207,0.021236810683205185,0.0
8,0.1,208,0.020733186386334094,0.0
8,0.1,209,0.02016454581413893,0.0
8,0.1,210,0.019517902354747183,0.0
8,0.1,211,0.023371607964968823,0.0
8,0.1,212,0.026374389007780837,0.0
8,0.1,213,0.029085663340767495,0.0
8,0.1,214,0.02626928767131353,0.0
8,0.1,215,0.0289770639566306,0.0
8,0.1,216,0.030475065465493088,0.0
8,0.1,217,0.03151913255823521,0.0
8,0.1,218,0.03381017422398829,0.0
8,0.1,219,0.03695401175956943,0.0
8,0.1,220,0.03938792006856609,0.0
8,0.1,221,0.041538281758766435,0.0
8,0.1,222,0.03748054145761636,0.0
8,0.1,223,0.03921561676436833,0.0
8,0.1,224,0.038597048145004885,0.0
8,0.1,225,0.03360128384311421,0.0
8,0.1,226,0.029307720671913038,0.0
8,0.1,227,0.03176336467977467,0.0
8,0.1,228,0.0306536407037211,0.0
8,0.1,229,0.026265482336961535,0.0
8,0.1,230,0.02381011958828692,0.0
8,0.1,231,0.02747852049558198,0.0
8,0.1,232,0.025080381464282722,0.0
8,0.1,233,0.031541846633947594,0.0
8,0.1,234,0.026764829966074384,0.0
8,0.1,235,0.0239624085356987,0.0
8,0.1,236,0.0274782726916,0.0
8,0.1,237,0.02331970459354489,0.0
8,0.1,238,0.02091763852017428,0.0
8,0.1,239,0.022458324525624192,0.0
8,0.1,240,0.016457561152962426,0.0
8,0.1,241,0.02044025288199339,0.0
8,0.1,242,0.021015003988680742,0.0
8,0.1,243,0.020760813429868262,0.0
8,0.1,244,0.021420848947360197,0.0
8,0.1,245,0.016172987565892968,0.0
8,0.1,246,0.018054256461573916,0.0
8,0.1,247,0.01995089143456002,0.0
8,0.1,248,0.024832164872693817,0.0
8,0.1,249,0.024943635243511505,0.0
8,0.1,250,0.02861604444434422,0.0
8,0.1,251,0.02423088090679619,0.0
8,0.1,252,0.030477549198866426,0.0
8,0.1,253,0.02928966048179888,0.0
8,0.1,254,0.03088643251926704,0.0
8,0.1,255,0.02848672022727458,0.0
8,0.1,256,0.027125930359096415,0.0
8,0.1,257,0.02368971685338992,0.0
8,0.1,258,0.0272459019219573,0.0
8,0.1,259,0.028193603177903183,0.0
8,0.1,260,0.024904705457528303,0.0
8,0.1,261,0.028438915992869886,0.0
8,0.1,262,0.026585086560691112,0.0
8,0.1,263,0.028865827186618728,0.0
8,0.1,264,0.025024744712731972,0.0
8,0.1,265,0.0246351768544178,0.0
8,0.1,266,0.024442303673693516,0.0
8,0.1,267,0.02418692707344085,0.0
8,0.1,268,0.026357778316532198,0.0
8,0.1,269,0.02529855671487037,0.0
8,0.1,270,0.03088804283508127,0.0
8,0.1,271,0.03173838730524816,0.0
8,0.1,272,0.031343288116018185,0.0
8,0.1,273,0.030014292458830905,0.0
8,0.1,274,0.023685742801507176,0.0
8,0.1,275,0.022506771153914803,0.0
8,0.1,276,0.025708819575881912,0.0
8,0.1,277,0.028188974407666812,0.0
8,0.1,278,0.02974950544219644,0.0
8,0.1,279,0.026646078928028095,0.0
8,0.1,280,0.030373867960181225,0.0
8,0.1,281,0.02726648462469452,0.0
8,0.1,282,0.023342181231489317,0.0
8,0.1,283,0.031002438104145703,0.0
8,0.1,284,0.032325049098650714,0.0
8,0.1,285,0.029952378418844648,0.0
8,0.1,286,0.027013432022015893,0.0
8,0.1,287,0.022205615830602835,0.0
8,0.1,288,0.022058096530986972,0.0
8,0.1,289,0.026055232401020752,0.0
8,0.1,290,0.023710260897385257,0.0
8,0.1,291,0.022616408632473654,0.0
8,0.1,292,0.022371133678352594,0.0
8,0.1,293,0.019644396563500602,0.0
8,0.1,294,0.019105428266768587,0.0
8,0.1,295,0.022676867776479835,0.0
8,0.1,296,0.02165666545262932,0.0
8,0.1,297,0.019646520684082635,0.0
8,0.1,298,0.018890023448066014,0.0
8,0.1,299,0.023711403536266818,0.0
8,0.1,300,0.024907216629035882,0.0
8,0.1,301,0.023553455107899173,0.0
8,0.1,302,0.022480894241704692,0.0
8,0.1,303,0.019382352138566875,0.0
8,0.1,304,0.02133053247262513,0.0
8,0.1,305,0.016703900575166804,0.0
8,0.1,306,0.01849430336404204,0.0
8,0.1,307,0.019725083028782994,0.0
8,0.1,308,0.018615269236849016,0.0
8,0.1,309,0.01874819876157303,0.0
8,0.1,310,0.02347731466870857,0.0
8,0.1,311,0.019267491164498333,0.0
8,0.1,312,0.024059624510807374,0.0
8,0.1,313,0.02319007788482319,0.0
8,0.1,314,0.023054473116485227,0.0
8,0.1,315,0.023722182941059634,0.0
8,0.1,316,0.026167181483538356,0.0
8,0.1,317,0.02421199785966743,0.0
8,0.1,318,0.022065744086565836,0.0
8,0.1,319,0.024149784942644765,0.0
8,0.1,320,0.03192515633201837,0.0
8,0.1,321,0.029488839558471064,0.0
8,0.1,322,0.029681545297920105,0.0
8,0.1,323,0.028698074463305908,0.0
8,0.1,324,0.0248104485250602,0.0
8,0.1,325,0.022916913534406676,0.0
8,0.1,326,0.027767619612003257,0.0
8,0.1,327,0.03217477826328663,0.0
8,0.1,328,0.028031603772562794,0.0
8,0.1,329,0.03421229871045033,0.0
8,0.1,330,0.029198447061810205,0.0
8,0.1,331,0.03037763218070974,0.0
8,0.1,332,0.02995987095369597,0.0
8,0.1,333,0.03463781195723193,0.0
8,0.1,334,0.046208314263856985,0.0
8,0.1,335,0.039256691760510366,0.0
8,0.1,336,0.0344329221421726,0.0
8,0.1,337,0.03464099037953359,0.0
8,0.1,338,0.03592150346461327,0.0
8,0.1,339,0.03509600105917113,0.0
8,0.1,340,0.03642870835197705,0.0
8,0.1,341,0.03210107638782275,0.0
8,0.1,342,0.02687473510405253,0.0
8,0.1,343,0.028351790509957942,0.0
8,0.1,344,0.029124920714441158,0.0
8,0.1,345,0.030437245079947637,0.0
8,0.1,346,0.030112899212449296,0.0
8,0.1,347,0.022470546152858956,0.0
8,0.1,348,0.02371276900260498,0.0
8,0.1,349,0.022873652289490433,0.0
8,0.1,350,0.02143227947133265,0.0
8,0.1,351,0.02900742869300128,0.0
8,0.1,352,0.030194256678399096,0.0
8,0.1,353,0.023174541170289265,0.0
8,0.1,354,0.020842032426409463,0.0
8,0.1,355,0.022071753449545203,0.0
8,0.1,356,0.025988914002617557,0.0
8,0.1,357,0.024086165115773554,0.0
8,0.1,358,0.025640844282253994,0.0
8,0.1,359,0.02315352862275824,0.0
8,0.1,360,0.026790535989437883,0.0
8,0.1,361,0.024987811387593872,0.0
8,0.1,362,0.02115645591822628,0.0
8,0.1,363,0.026452328641669645,0.0
8,0.1,364,0.023132107825085367,0.0
8,0.1,365,0.024707251153330157,0.0
8,0.1,366,0.024598714070316455,0.0
8,0.1,367,0.030369896241260044,0.0
8,0.1,368,0.02661914732482881,0.0
8,0.1,369,0.02420707603246773,0.0
8,0.1,370,0.022771756279367606,0.0
8,0.1,371,0.022283390763936373,0.0
8,0.1,372,0.02094170160767982,0.0
8,0.1,373,0.023461703013063193,0.0
8,0.1,374,0.028649999726352182,0.0
8,0.1,375,0.028791588530073325,0.0
8,0.1,376,0.03019232194312704,0.0
8,0.1,377,0.03381433047508611,0.0
8,0.1,378,0.023898557519158026,0.0
8,0.1,379,0.026816731974666167,0.0
8,0.1,380,0.022725308507455955,0.0
8,0.1,381,0.01863400758719918,0.0
8,0.1,382,0.025322209312232172,0.0
8,0.1,383,0.023491771048204296,0.0
8,0.1,384,0.01820650762012751,0.0
8,0.1,385,0.017606479412735,0.0
8,0.1,386,0.018396468654196186,0.0
8,0.1,387,0.02267510712766647,0.0
8,0.1,388,0.026292533135969676,0.0
8,0.1,389,0.030241454889055094,0.0
8,0.1,390,0.025427009452317108,0.0
8,0.1,391,0.020055109277075104,0.0
8,0.1,392,0.01654620276978255,0.0
8,0.1,393,0.017665430484319223,0.0
8,0.1,394,0.0157131458525997,0.0
8,0.1,395,0.02049324333418329,0.0
8,0.1,396,0.020060540119551894,0.0
8,0.1,397,0.020766766507652138,0.0
8,0.1,398,0.016857584560582187,0.0
8,0.1,399,0.0212760011498218,0.0
8,0.1,400,0.020942276649580694,0.0
8,0.1,401,0.023350085263482936,0.0
8,0.1,402,0.02903810300755707,0.0
8,0.1,403,0.024783822346788713,0.0
8,0.1,404,0.023101804083671462,0.0
8,0.1,405,0.022820705600257795,0.0
8,0.1,406,0.021688693899201583,0.0
8,0.1,407,0.021807627921048248,0.0
8,0.1,408,0.01717746266344973,0.0
8,0.1,409,0.01987236066812239,0.0
8,0.1,410,0.02030379617283029,0.0
8,0.1,411,0.02099348548321782,0.0
8,0.1,412,0.02524497116695255,0.0
8,0.1,413,0.020816538537698936,0.0
8,0.1,414,0.020970656992987755,0.0
8,0.1,415,0.01837562448189731,0.0
8,0.1,416,0.01839828034842376,0.0
8,0.1,417,0.01796306332296147,0.0
8,0.1,418,0.01693713011740049,0.0
8,0.1,419,0.01566953584077312,0.0
8,0.1,420,0.02437443996993558,0.0
8,0.1,421,0.022597893794818438,0.0
8,0.1,422,0.028772301786847646,0.0
8,0.1,423,0.025830965384582814,0.0
8,0.1,424,0.028216517453825293,0.0
8,0.1,425,0.034695266408068,0.0
8,0.1,426,0.029564777257511565,0.0
8,0.1,427,0.02266877155353784,0.0
8,0.1,428,0.026360448174899475,0.0
8,0.1,429,0.02575966017993243,0.0
8,0.1,430,0.03473093315593405,0.0
8,0.1,431,0.030955053346873655,0.0
8,0.1,432,0.02915169666053592,0.0
8,0.1,433,0.02822288115369553,0.0
8,0.1,434,0.025201440125874334,0.0
8,0.1,435,0.02083224226359011,0.0
8,0.1,436,0.025469446410445497,0.0
8,0.1,437,0.025237483203819338,0.0
8,0.1,438,0.02729791236768679,0.0
8,0.1,439,0.02681771216133057,0.0
8,0.1,440,0.03487218138542732,0.0
8,0.1,441,0.033391339687456514,0.0
8,0.1,442,0.02838484423963629,0.0
8,0.1,443,0.039200596267844966,0.0
8,0.1,444,0.03203210212514585,0.0
8,0.1,445,0.027650452025338668,0.0
8,0.1,446,0.029009715179314235,0.0
8,0.1,447,0.02821362579438685,0.0
8,0.1,448,0.034595155796812514,0.0
8,0.1,449,0.03385022904078694,0.0
8,0.1,450,0.033546552304111195,0.0
8,0.1,451,0.029093554609522104,0.0
8,0.1,452,0.027875714589363366,0.0
8,0.1,453,0.023944828689892447,0.0
8,0.1,454,0.021672374904097215,0.0
8,0.1,455,0.020561618699983065,0.0
8,0.1,456,0.02092640205541905,0.0
8,0.1,457,0.020227813177260977,0.0
8,0.1,458,0.025229323485181764,0.0
8,0.1,459,0.020456654739564706,0.0
8,0.1,460,0.02116306329431026,0.0
8,0.1,461,0.02087138932893525,0.0
8,0.1,462,0.025721235188816,0.0
8,0.1,463,0.02204067834555312,0.0
8,0.1,464,0.01989785263661501,0.0
8,0.1,465,0.023634001297420597,0.0
8,0.1,466,0.02398165735866995,0.0
8,0.1,467,0.024737604517290134,0.0
8,0.1,468,0.023299472999242492,0.0
8,0.1,469,0.029381869894060764,0.0
8,0.1,470,0.02432818171243959,0.0
8,0.1,471,0.02735045070997915,0.0
8,0.1,472,0.024685618633418588,0.0
8,0.1,473,0.02064222534691209,0.0
8,0.1,474,0.02176825623720518,0.0
8,0.1,475,0.024030455806616998,0.0
8,0.1,476,0.024656864191794678,0.0
8,0.1,477,0.018945057182799287,0.0
8,0.1,478,0.01832745642934702,0.0
8,0.1,479,0.020593157249784853,0.0
8,0.1,480,0.022745098416231523,0.0
8,0.1,481,0.02204565864001108,0.0
8,0.1,482,0.019847426952883038,0.0
8,0.1,483,0.0225446072431595,0.0
8,0.1,484,0.01708171111368673,0.0
8,0.1,485,0.018450180970858775,0.0
8,0.1,486,0.021116463295349507,0.0
8,0.1,487,0.019035827843912955,0.0
8,0.1,488,0.01859602109812885,0.0
8,0.1,489,0.020328713006726735,0.0
8,0.1,490,0.021756886369943346,0.0
8,0.1,491,0.023735525675457562,0.0
8,0.1,492,0.024672313646486442,0.0
8,0.1,493,0.019724933113486692,0.0
8,0.1,494,0.022889344580015063,0.0
8,0.1,495,0.021489297984846823,0.0
8,0.1,496,0.017718035838627376,0.0
8,0.1,497,0.02599523697304938,0.0
8,0.1,498,0.026779714801862312,0.0
8,0.1,499,0.026375848048057066,0.0
8,0.1,500,0.026363881260264677,0.0
8,0.2,0,0.08264144357292753,0.0
8,0.2,1,0.05344556585086647,0.0
8,0.2,2,0.032545799630367876,0.0
8,0.2,3,0.023612070360763838,0.0
8,0.2,4,0.023625339197447047,0.0
8,0.2,5,0.02459821424333707,0.0
8,0.2,6,0.02479480064567885,0.0
8,0.2,7,0.02652409973448654,0.0
8,0.2,8,0.03021583302295867,0.0
8,0.2,9,0.024512733224519172,0.0
8,0.2,10,0.01934192051784725,0.0
8,0.2,11,0.017358519111075645,0.0
8,0.2,12,0.025010079399050124,0.0
8,0.2,13,0.02022580291611817,0.0
8,0.2,14,0.0244091040717531,0.0
8,0.2,15,0.023668295881234636,0.0
8,0.2,16,0.018805587055353356,0.0
8,0.2,17,0.01633984578672191,0.0
8,0.2,18,0.022786242228563403,0.0
8,0.2,19,0.01719725856222328,0.0
8,0.2,20,0.025259326997147467,0.0
8,0.2,21,0.025048773976114533,0.0
8,0.2,22,0.024173342242490937,0.0
8,0.2,23,0.028120764869788015,0.0
8,0.2,24,0.01991108539149297,0.0
8,0.2,25,0.021251941642174185,0.0
8,0.2,26,0.023517269995841108,0.0
8,0.2,27,0.016604474458685264,0.0
8,0.2,28,0.017765959178999077,0.0
8,0.2,29,0.025279314104383915,0.0
8,0.2,30,0.030044870346707598,0.0
8,0.2,31,0.03352982039379992,0.0
8,0.2,32,0.029460637698249928,0.0
8,0.2,33,0.026890828815761467,0.0
8,0.2,34,0.02943777588764643,0.0
8,0.2,35,0.02698333503239014,0.0
8,0.2,36,0.025377807738606113,0.0
8,0.2,37,0.025130342437373453,0.0
8,0.2,38,0.031126147879425147,0.0
8,0.2,39,0.024663417036584433,0.0
8,0.2,40,0.023892880252203316,0.0
8,0.2,41,0.0240972289698688,0.0
8,0.2,42,0.01888246628229349,0.0
8,0.2,43,0.020166800824175355,0.0
8,0.2,44,0.02661091359877066,0.0
8,0.2,45,0.01843098119368806,0.0
8,0.2,46,0.01979669751274487,0.0
8,0.2,47,0.02408325487640252,0.0
8,0.2,48,0.02460061527220431,0.0
8,0.2,49,0.029543287217362702,0.0
8,0.2,50,0.027630281014035488,0.0
8,0.2,51,0.02669116512769774,0.0
8,0.2,52,0.02659464257817845,0.0
8,0.2,53,0.027706646335168242,0.0
8,0.2,54,0.028355813200652915,0.0
8,0.2,55,0.02849635718218018,0.0
8,0.2,56,0.027151322901129225,0.0
8,0.2,57,0.03181651904949536,0.0
8,0.2,58,0.032840937342590984,0.0
8,0.2,59,0.026359173789852725,0.0
8,0.2,60,0.023243432160835506,0.0
8,0.2,61,0.028462546008285697,0.0
8,0.2,62,0.024813975598298333,0.0
8,0.2,63,0.02089262801679746,0.0
8,0.2,64,0.021554719807625477,0.0
8,0.2,65,0.021297357169602002,0.0
8,0.2,66,0.026530805515036886,0.0
8,0.2,67,0.02796889168709916,0.0
8,0.2,68,0.030179069251217494,0.0
8,0.2,69,0.026528213256721552,0.0
8,0.2,70,0.02944012012104407,0.0
8,0.2,71,0.027420486570745348,0.0
8,0.2,72,0.029520593646878802,0.0
8,0.2,73,0.025920877878096646,0.0
8,0.2,74,0.026709954244131605,0.0
8,0.2,75,0.02470909417473244,0.0
8,0.2,76,0.027351713583357508,0.0
8,0.2,77,0.02505843314602265,0.0
8,0.2,78,0.020386345755940866,0.0
8,0.2,79,0.026968842827679737,0.0
8,0.2,80,0.02375307085091003,0.0
8,0.2,81,0.02613999974073657,0.0
8,0.2,82,0.02201096626383378,0.0
8,0.2,83,0.027168691581487006,0.0
8,0.2,84,0.027499006247880244,0.0
8,0.2,85,0.020348800408728253,0.0
8,0.2,86,0.02584824758425451,0.0
8,0.2,87,0.02337269690641679,0.0
8,0.2,88,0.01987803865922588,0.0
8,0.2,89,0.022087791763514525,0.0
8,0.2,90,0.017689518452121477,0.0
8,0.2,91,0.021244009157917285,0.0
8,0.2,92,0.016264413014426694,0.0
8,0.2,93,0.013132848280453205,0.0
8,0.2,94,0.016782823428446364,0.0
8,0.2,95,0.018027235601935646,0.0
8,0.2,96,0.01950904794388235,0.0
8,0.2,97,0.025458610088092182,0.0
8,0.2,98,0.025621149427582555,0.0
8,0.2,99,0.029953270334489114,0.0
8,0.2,100,0.022111048131921832,0.0
8,0.2,101,0.02285702065427139,0.0
8,0.2,102,0.027332707481300386,0.0
8,0.2,103,0.02455201502037061,0.0
8,0.2,104,0.016662387613697694,0.0
8,0.2,105,0.017454365668232528,0.0
8,0.2,106,0.017226634955517503,0.0
8,0.2,107,0.016141999067821558,0.0
8,0.2,108,0.01784752160960068,0.0
8,0.2,109,0.020316651300434856,0.0
8,0.2,110,0.02717594409007866,0.0
8,0.2,111,0.026879952234517345,0.0
8,0.2,112,0.02840916666727183,0.0
8,0.2,113,0.03085589015524359,0.0
8,0.2,114,0.03135279678395746,0.0
8,0.2,115,0.03224087532798563,0.0
8,0.2,116,0.02881968311544014,0.0
8,0.2,117,0.031127604620073752,0.0
8,0.2,118,0.02429264828017165,0.0
8,0.2,119,0.025323384319247518,0.0
8,0.2,120,0.020464642990701592,0.0
8,0.2,121,0.016225401032226562,0.0
8,0.2,122,0.012530340424209599,0.0
8,0.2,123,0.013209149482385727,0.0
8,0.2,124,0.018324813203328426,0.0
8,0.2,125,0.01727562958279008,0.0
8,0.2,126,0.018309463219046748,0.0
8,0.2,127,0.021760660041253686,0.0
8,0.2,128,0.022457562151904358,0.0
8,0.2,129,0.025042849898490923,0.0
8,0.2,130,0.02226517575364527,0.0
8,0.2,131,0.025720753247422817,0.0
8,0.2,132,0.02436064896652289,0.0
8,0.2,133,0.024808198795463813,0.0
8,0.2,134,0.02192582684977333,0.0
8,0.2,135,0.020274338523619467,0.0
8,0.2,136,0.026463236677495144,0.0
8,0.2,137,0.023117555176362964,0.0
8,0.2,138,0.021005253420836964,0.0
8,0.2,139,0.020172011563231645,0.0
8,0.2,140,0.0175945988685057,0.0
8,0.2,141,0.01742353582142352,0.0
8,0.2,142,0.01970392878786352,0.0
8,0.2,143,0.01877624724008324,0.0
8,0.2,144,0.021802412809208516,0.0
8,0.2,145,0.018424125155629575,0.0
8,0.2,146,0.017273333747142915,0.0
8,0.2,147,0.015006536508394357,0.0
8,0.2,148,0.01618992242962748,0.0
8,0.2,149,0.01685663871305998,0.0
8,0.2,150,0.020295735580330865,0.0
8,0.2,151,0.021910504927734095,0.0
8,0.2,152,0.019894948959241387,0.0
8,0.2,153,0.023609965697159216,0.0
8,0.2,154,0.02001136191639874,0.0
8,0.2,155,0.01883316965489715,0.0
8,0.2,156,0.02098343433128782,0.0
8,0.2,157,0.027141182904641434,0.0
8,0.2,158,0.02470019216661894,0.0
8,0.2,159,0.026580255149022864,0.0
8,0.2,160,0.02650212741016074,0.0
8,0.2,161,0.023807168034667193,0.0
8,0.2,162,0.027288924134102787,0.0
8,0.2,163,0.024146325879265563,0.0
8,0.2,164,0.024251889257137293,0.0
8,0.2,165,0.028125251371815253,0.0
8,0.2,166,0.030265952505758534,0.0
8,0.2,167,0.027127757760096,0.0
8,0.2,168,0.03176708658418405,0.0
8,0.2,169,0.025217963065708098,0.0
8,0.2,170,0.025230353098077418,0.0
8,0.2,171,0.024491358036557602,0.0
8,0.2,172,0.02303877011890075,0.0
8,0.2,173,0.024350150433046776,0.0
8,0.2,174,0.018303830349965654,0.0
8,0.2,175,0.02087461105986268,0.0
8,0.2,176,0.016596715103246153,0.0
8,0.2,177,0.019962783705265656,0.0
8,0.2,178,0.01998716875038437,0.0
8,0.2,179,0.02224382993246459,0.0
8,0.2,180,0.02035218775180333,0.0
8,0.2,181,0.01744512430307675,0.0
8,0.2,182,0.02217259754126526,0.0
8,0.2,183,0.0227153238642789,0.0
8,0.2,184,0.022551866308244364,0.0
8,0.2,185,0.020388452745837216,0.0
8,0.2,186,0.02134624360230237,0.0
8,0.2,187,0.020747475164767028,0.0
8,0.2,188,0.019681510872498302,0.0
8,0.2,189,0.022065718310539162,0.0
8,0.2,190,0.018894713540837927,0.0
8,0.2,191,0.017636274590038022,0.0
8,0.2,192,0.015247539089637488,0.0
8,0.2,193,0.01995161834092263,0.0
8,0.2,194,0.021764008758580564,0.0
8,0.2,195,0.0234375261488473,0.0
8,0.2,196,0.026034914543250492,0.0
8,0.2,197,0.01855575565649676,0.0
8,0.2,198,0.021954690147337957,0.0
8,0.2,199,0.027199904736377366,0.0
8,0.2,200,0.028892520223375337,0.0
8,0.2,201,0.030581031063650732,0.0
8,0.2,202,0.035258515368535644,0.0
8,0.2,203,0.02473620723175677,0.0
8,0.2,204,0.026281303128358656,0.0
8,0.2,205,0.02796897283588376,0.0
8,0.2,206,0.024887585860175462,0.0
8,0.2,207,0.02100149949188473,0.0
8,0.2,208,0.02229652554516126,0.0
8,0.2,209,0.02189137779383461,0.0
8,0.2,210,0.017306500754844082,0.0
8,0.2,211,0.01576616496797453,0.0
8,0.2,212,0.020048300848028177,0.0
8,0.2,213,0.021720701103805477,0.0
8,0.2,214,0.022758687352820033,0.0
8,0.2,215,0.023530392948599793,0.0
8,0.2,216,0.023807519028393172,0.0
8,0.2,217,0.02435885407529236,0.0
8,0.2,218,0.016984426157627224,0.0
8,0.2,219,0.015860482143528216,0.0
8,0.2,220,0.015927938508869758,0.0
8,0.2,221,0.019288955409149003,0.0
8,0.2,222,0.02052689451373846,0.0
8,0.2,223,0.02011044436390527,0.0
8,0.2,224,0.02498796279004895,0.0
8,0.2,225,0.029322716727744447,0.0
8,0.2,226,0.029304056091622597,0.0
8,0.2,227,0.02228074948898322,0.0
8,0.2,228,0.02300469981703071,0.0
8,0.2,229,0.01828171928202513,0.0
8,0.2,230,0.0144853477161006,0.0
8,0.2,231,0.018594431600687022,0.0
8,0.2,232,0.022035399068516717,0.0
8,0.2,233,0.023155690859059056,0.0
8,0.2,234,0.02367874296323146,0.0
8,0.2,235,0.022836569278313998,0.0
8,0.2,236,0.03228089000171745,0.0
8,0.2,237,0.025501794109631038,0.0
8,0.2,238,0.026779838652570526,0.0
8,0.2,239,0.027946309886810124,0.0
8,0.2,240,0.033152051400453054,0.0
8,0.2,241,0.02548827170100579,0.0
8,0.2,242,0.02558906769718922,0.0
8,0.2,243,0.02438630256603978,0.0
8,0.2,244,0.026578326023096618,0.0
8,0.2,245,0.029188515865059397,0.0
8,0.2,246,0.03435821323370034,0.0
8,0.2,247,0.030058287214201992,0.0
8,0.2,248,0.024170244394461714,0.0
8,0.2,249,0.03279619529575557,0.0
8,0.2,250,0.03359527132264964,0.0
8,0.2,251,0.0250539980369631,0.0
8,0.2,252,0.01765587799461977,0.0
8,0.2,253,0.019489541683773627,0.0
8,0.2,254,0.024143950324167,0.0
8,0.2,255,0.018663289184660096,0.0
8,0.2,256,0.01992256052225126,0.0
8,0.2,257,0.020273648751663577,0.0
8,0.2,258,0.02491938177610133,0.0
8,0.2,259,0.02111451034231607,0.0
8,0.2,260,0.020483919980777684,0.0
8,0.2,261,0.025747889968537357,0.0
8,0.2,262,0.024609184438036325,0.0
8,0.2,263,0.020935192136467103,0.0
8,0.2,264,0.01766402254760454,0.0
8,0.2,265,0.02058207770866516,0.0
8,0.2,266,0.025419073663163174,0.0
8,0.2,267,0.024220541542525793,0.0
8,0.2,268,0.026879296866960202,0.0
8,0.2,269,0.0280833917594984,0.0
8,0.2,270,0.03074752972453222,0.0
8,0.2,271,0.027178358119262683,0.0
8,0.2,272,0.02768903481722552,0.0
8,0.2,273,0.023335939275440677,0.0
8,0.2,274,0.026335452321080925,0.0
8,0.2,275,0.025105986504314913,0.0
8,0.2,276,0.0268710208819782,0.0
8,0.2,277,0.02258559580339929,0.0
8,0.2,278,0.024989167630045196,0.0
8,0.2,279,0.02597768344327924,0.0
8,0.2,280,0.020868571123142176,0.0
8,0.2,281,0.026777684467587107,0.0
8,0.2,282,0.02088935679378379,0.0
8,0.2,283,0.022575391491203117,0.0
8,0.2,284,0.019403630172438534,0.0
8,0.2,285,0.01921199089523528,0.0
8,0.2,286,0.020322500712184836,0.0
8,0.2,287,0.01942734930108159,0.0
8,0.2,288,0.022601553689861914,0.0
8,0.2,289,0.01933185403163893,0.0
8,0.2,290,0.02593182060997185,0.0
8,0.2,291,0.030569217279468895,0.0
8,0.2,292,0.024816198387299326,0.0
8,0.2,293,0.022509485974387348,0.0
8,0.2,294,0.025752083826651725,0.0
8,0.2,295,0.022382884477095924,0.0
8,0.2,296,0.021741846743333862,0.0
8,0.2,297,0.024743398767465185,0.0
8,0.2,298,0.028056916512212794,0.0
8,0.2,299,0.027569813260466876,0.0
8,0.2,300,0.029481539914409396,0.0
8,0.2,301,0.030727973439807862,0.0
8,0.2,302,0.03196335496678407,0.0
8,0.2,303,0.028902517217911473,0.0
8,0.2,304,0.027751033305806635,0.0
8,0.2,305,0.023288709404735868,0.0
8,0.2,306,0.024500628189754212,0.0
8,0.2,307,0.02393195533309651,0.0
8,0.2,308,0.026628889757987547,0.0
8,0.2,309,0.02444155249708488,0.0
8,0.2,310,0.02100958775656138,0.0
8,0.2,311,0.022174812559169775,0.0
8,0.2,312,0.021872823117169572,0.0
8,0.2,313,0.027211110688270403,0.0
8,0.2,314,0.02290032987271677,0.0
8,0.2,315,0.02878234573567164,0.0
8,0.2,316,0.026412871310815694,0.0
8,0.2,317,0.02228800307249422,0.0
8,0.2,318,0.025906800577104105,0.0
8,0.2,319,0.027755007574173565,0.0
8,0.2,320,0.022890708229817106,0.0
8,0.2,321,0.02276671006982795,0.0
8,0.2,322,0.02523586317225692,0.0
8,0.2,323,0.027681694290270013,0.0
8,0.2,324,0.02911317026131139,0.0
8,0.2,325,0.028987619229012516,0.0
8,0.2,326,0.02758250732110544,0.0
8,0.2,327,0.02376648185381802,0.0
8,0.2,328,0.024607096794772812,0.0
8,0.2,329,0.028416259561065277,0.0
8,0.2,330,0.025644663061166764,0.0
8,0.2,331,0.027855490166226335,0.0
8,0.2,332,0.02220986404438701,0.0
8,0.2,333,0.022031511888157905,0.0
8,0.2,334,0.0223865407721926,0.0
8,0.2,335,0.02536342308669029,0.0
8,0.2,336,0.01862417679290039,0.0
8,0.2,337,0.0241942697132196,0.0
8,0.2,338,0.020966138650728314,0.0
8,0.2,339,0.018580491098917237,0.0
8,0.2,340,0.02024553453019662,0.0
8,0.2,341,0.023915107364968217,0.0
8,0.2,342,0.022273416493999387,0.0
8,0.2,343,0.019018430317358642,0.0
8,0.2,344,0.022647906905075878,0.0
8,0.2,345,0.019674650517893754,0.0
8,0.2,346,0.023005574730788486,0.0
8,0.2,347,0.022705153558613803,0.0
8,0.2,348,0.02006375907762857,0.0
8,0.2,349,0.026199452762500054,0.0
8,0.2,350,0.027676417444557958,0.0
8,0.2,351,0.02461418413666358,0.0
8,0.2,352,0.02804086421984697,0.0
8,0.2,353,0.019812046031940703,0.0
8,0.2,354,0.01890358683562199,0.0
8,0.2,355,0.02124888639073547,0.0
8,0.2,356,0.02551273011181447,0.0
8,0.2,357,0.02815020703924255,0.0
8,0.2,358,0.027686206034388827,0.0
8,0.2,359,0.02418933671933927,0.0
8,0.2,360,0.026028611939559684,0.0
8,0.2,361,0.020779322045970116,0.0
8,0.2,362,0.02015323651537019,0.0
8,0.2,363,0.026173692345399357,0.0
8,0.2,364,0.026737760807019076,0.0
8,0.2,365,0.026809990432016526,0.0
8,0.2,366,0.026841363245595256,0.0
8,0.2,367,0.02705415702265696,0.0
8,0.2,368,0.024346081178183133,0.0
8,0.2,369,0.02829844403457565,0.0
8,0.2,370,0.02953822780229384,0.0
8,0.2,371,0.02977926888356205,0.0
8,0.2,372,0.03225246708607962,0.0
8,0.2,373,0.029151115609445402,0.0
8,0.2,374,0.025218950270758586,0.0
8,0.2,375,0.027668136273978603,0.0
8,0.2,376,0.03230220926968838,0.0
8,0.2,377,0.030323717187775535,0.0
8,0.2,378,0.03176906690429972,0.0
8,0.2,379,0.025776632364680762,0.0
8,0.2,380,0.028192351418172574,0.0
8,0.2,381,0.025549529376555052,0.0
8,0.2,382,0.02451222360714901,0.0
8,0.2,383,0.029271459049394318,0.0
8,0.2,384,0.030946401711530423,0.0
8,0.2,385,0.03129184538872491,0.0
8,0.2,386,0.031511963579470066,0.0
8,0.2,387,0.025623837205568444,0.0
8,0.2,388,0.02365890230943562,0.0
8,0.2,389,0.029061910199051657,0.0
8,0.2,390,0.02478910685325124,0.0
8,0.2,391,0.026043843839057064,0.0
8,0.2,392,0.027684567219488105,0.0
8,0.2,393,0.02003056401637396,0.0
8,0.2,394,0.019021662214253957,0.0
8,0.2,395,0.017844205351401635,0.0
8,0.2,396,0.01858696134069056,0.0
8,0.2,397,0.025074355452185518,0.0
8,0.2,398,0.031395232295410594,0.0
8,0.2,399,0.026820835294234343,0.0
8,0.2,400,0.025017081003689014,0.0
8,0.2,401,0.027175141590951274,0.0
8,0.2,402,0.027300764724613992,0.0
8,0.2,403,0.026760891754706095,0.0
8,0.2,404,0.026547538848330613,0.0
8,0.2,405,0.028569708928200824,0.0
8,0.2,406,0.026540835360514704,0.0
8,0.2,407,0.031439881887694386,0.0
8,0.2,408,0.02860275037334703,0.0
8,0.2,409,0.025071521564740178,0.0
8,0.2,410,0.027374178763609865,0.0
8,0.2,411,0.024812961760206368,0.0
8,0.2,412,0.025765238561922234,0.0
8,0.2,413,0.03147740774775129,0.0
8,0.2,414,0.03605297345006871,0.0
8,0.2,415,0.034397367084327474,0.0
8,0.2,416,0.028440430144489225,0.0
8,0.2,417,0.027561818325769667,0.0
8,0.2,418,0.022677849749494005,0.0
8,0.2,419,0.02310909137339726,0.0
8,0.2,420,0.029222013840780364,0.0
8,0.2,421,0.030994100186418478,0.0
8,0.2,422,0.02800128302528333,0.0
8,0.2,423,0.029967848593723624,0.0
8,0.2,424,0.025968832891405582,0.0
8,0.2,425,0.023627944919731504,0.0
8,0.2,426,0.020366705071140388,0.0
8,0.2,427,0.022499446866573417,0.0
8,0.2,428,0.0222528848623371,0.0
8,0.2,429,0.019739411398191263,0.0
8,0.2,430,0.024644621476424846,0.0
8,0.2,431,0.029046499993079483,0.0
8,0.2,432,0.030904552917522206,0.0
8,0.2,433,0.026177937916192114,0.0
8,0.2,434,0.022719328024355473,0.0
8,0.2,435,0.023178836277011783,0.0
8,0.2,436,0.025345856883959357,0.0
8,0.2,437,0.02904319575820496,0.0
8,0.2,438,0.026765278318922982,0.0
8,0.2,439,0.02393688324970187,0.0
8,0.2,440,0.024647012793684208,0.0
8,0.2,441,0.029845911805067682,0.0
8,0.2,442,0.02669544212696372,0.0
8,0.2,443,0.028328105360090658,0.0
8,0.2,444,0.02465749558438467,0.0
8,0.2,445,0.021478561971238496,0.0
8,0.2,446,0.02324388972177773,0.0
8,0.2,447,0.01738781085861667,0.0
8,0.2,448,0.01815251586571773,0.0
8,0.2,449,0.027251926797073858,0.0
8,0.2,450,0.030562990856568724,0.0
8,0.2,451,0.023469066323146312,0.0
8,0.2,452,0.01972261836774121,0.0
8,0.2,453,0.02207078357288196,0.0
8,0.2,454,0.023637334724928447,0.0
8,0.2,455,0.02182954095556626,0.0
8,0.2,456,0.02242053170559835,0.0
8,0.2,457,0.02322639154599042,0.0
8,0.2,458,0.02150201317592686,0.0
8,0.2,459,0.022399423469043715,0.0
8,0.2,460,0.025069774288661608,0.0
8,0.2,461,0.030577497507550785,0.0
8,0.2,462,0.026772061859118308,0.0
8,0.2,463,0.0313984491260877,0.0
8,0.2,464,0.031055979615865384,0.0
8,0.2,465,0.028884753345936588,0.0
8,0.2,466,0.024509354765521678,0.0
8,0.2,467,0.025465688853937588,0.0
8,0.2,468,0.022315750082712055,0.0
8,0.2,469,0.025004351996661844,0.0
8,0.2,470,0.021630984692783378,0.0
8,0.2,471,0.025926417323960938,0.0
8,0.2,472,0.025523544708629487,0.0
8,0.2,473,0.025352880877944024,0.0
8,0.2,474,0.02704062700867588,0.0
8,0.2,475,0.025652176404580267,0.0
8,0.2,476,0.02805051040913304,0.0
8,0.2,477,0.028380381233447757,0.0
8,0.2,478,0.02516265098368501,0.0
8,0.2,479,0.021962706927829135,0.0
8,0.2,480,0.020142419417065075,0.0
8,0.2,481,0.023733088694532105,0.0
8,0.2,482,0.02258389178899269,0.0
8,0.2,483,0.021621108542263224,0.0
8,0.2,484,0.02145061712647296,0.0
8,0.2,485,0.02021396089067541,0.0
8,0.2,486,0.014053873974260112,0.0
8,0.2,487,0.015652604703019782,0.0
8,0.2,488,0.02041282610275641,0.0
8,0.2,489,0.01772699879564079,0.0
8,0.2,490,0.018772968904627155,0.0
8,0.2,491,0.01920828026490681,0.0
8,0.2,492,0.018149804859909656,0.0
8,0.2,493,0.020191471264850148,0.0
8,0.2,494,0.019406810950518202,0.0
8,0.2,495,0.021846073041646732,0.0
8,0.2,496,0.023953793546136956,0.0
8,0.2,497,0.018239610025235824,0.0
8,0.2,498,0.019155064637791003,0.0
8,0.2,499,0.017756098384856204,0.0
8,0.2,500,0.01550801888862291,0.0
8,0.4,0,0.06981091320950276,0.0
8,0.4,1,0.04116970573287253,0.0
8,0.4,2,0.03136983656796305,0.0
8,0.4,3,0.027270714838988287,0.0
8,0.4,4,0.03070638716769693,0.0
8,0.4,5,0.027090288710800166,0.0
8,0.4,6,0.03022444177419352,0.0
8,0.4,7,0.022802316791291345,0.0
8,0.4,8,0.02341477441038227,0.0
8,0.4,9,0.018939905868883153,0.0
8,0.4,10,0.024328684531537116,0.0
8,0.4,11,0.027857560057044553,0.0
8,0.4,12,0.026889373295105615,0.0
8,0.4,13,0.02432196653687567,0.0
8,0.4,14,0.022558039194332333,0.0
8,0.4,15,0.023866749793813317,0.0
8,0.4,16,0.022089816038805075,0.0
8,0.4,17,0.017927468531815434,0.0
8,0.4,18,0.01707243846910015,0.0
8,0.4,19,0.022422991498708,0.0
8,0.4,20,0.020685327557199797,0.0
8,0.4,21,0.02557105031550982,0.0
8,0.4,22,0.026035862992995915,0.0
8,0.4,23,0.02493261249485165,0.0
8,0.4,24,0.02808621373346098,0.0
8,0.4,25,0.03323512484789632,0.0
8,0.4,26,0.02335627869663351,0.0
8,0.4,27,0.02994894183313514,0.0
8,0.4,28,0.018590434425096142,0.0
8,0.4,29,0.02162526711470715,0.0
8,0.4,30,0.025122778614213002,0.0
8,0.4,31,0.023986522154595756,0.0
8,0.4,32,0.022839000544053478,0.0
8,0.4,33,0.029001779889268504,0.0
8,0.4,34,0.023767791489764073,0.0
8,0.4,35,0.023986482941897105,0.0
8,0.4,36,0.027157270403140178,0.0
8,0.4,37,0.02393995705776997,0.0
8,0.4,38,0.020043164476730064,0.0
8,0.4,39,0.02242549546285487,0.0
8,0.4,40,0.025470575168636548,0.0
8,0.4,41,0.024096643872585987,0.0
8,0.4,42,0.022297580566526323,0.0
8,0.4,43,0.021944225928007276,0.0
8,0.4,44,0.015742705166288805,0.0
8,0.4,45,0.018489783062541214,0.0
8,0.4,46,0.0247309678583246,0.0
8,0.4,47,0.023122290290440516,0.0
8,0.4,48,0.01971995518535351,0.0
8,0.4,49,0.022843189491075687,0.0
8,0.4,50,0.018023752030731498,0.0
8,0.4,51,0.019716787292895766,0.0
8,0.4,52,0.017894186463869307,0.0
8,0.4,53,0.018690654864986504,0.0
8,0.4,54,0.022306270887311696,0.0
8,0.4,55,0.024414329897820494,0.0
8,0.4,56,0.020824637614022198,0.0
8,0.4,57,0.021844151461715717,0.0
8,0.4,58,0.02552731512139843,0.0
8,0.4,59,0.019353897032910437,0.0
8,0.4,60,0.01816899704898002,0.0
8,0.4,61,0.016747319511133535,0.0
8,0.4,62,0.016726018713834456,0.0
8,0.4,63,0.015117835277170985,0.0
8,0.4,64,0.014629264247557373,0.0
8,0.4,65,0.019271589524824606,0.0
8,0.4,66,0.020270451052302234,0.0
8,0.4,67,0.020955224876691433,0.0
8,0.4,68,0.021854421282867666,0.0
8,0.4,69,0.024814367068998647,0.0
8,0.4,70,0.022657470526223168,0.0
8,0.4,71,0.01769340838395055,0.0
8,0.4,72,0.022066127118882995,0.0
8,0.4,73,0.025277717042346985,0.0
8,0.4,74,0.02552340599671661,0.0
8,0.4,75,0.02751865575513566,0.0
8,0.4,76,0.02784191763805904,0.0
8,0.4,77,0.020624578716443485,0.0
8,0.4,78,0.024460219569863124,0.0
8,0.4,79,0.025141695804442473,0.0
8,0.4,80,0.0246631291938879,0.0
8,0.4,81,0.022370728262105167,0.0
8,0.4,82,0.024106504915621788,0.0
8,0.4,83,0.020340631418404715,0.0
8,0.4,84,0.018514311929066066,0.0
8,0.4,85,0.019978617790414523,0.0
8,0.4,86,0.02788246048915835,0.0
8,0.4,87,0.023898825561826594,0.0
8,0.4,88,0.025891276430936073,0.0
8,0.4,89,0.02316501188183457,0.0
8,0.4,90,0.019030351771543563,0.0
8,0.4,91,0.024108680449291243,0.0
8,0.4,92,0.02355794336926712,0.0
8,0.4,93,0.020433385509745952,0.0
8,0.4,94,0.02010471435505357,0.0
8,0.4,95,0.02372887056324305,0.0
8,0.4,96,0.024309969923426263,0.0
8,0.4,97,0.02506497883779019,0.0
8,0.4,98,0.02370139824706967,0.0
8,0.4,99,0.020578839364656466,0.0
8,0.4,100,0.020164606016553673,0.0
8,0.4,101,0.018528504158557727,0.0
8,0.4,102,0.022805996468521814,0.0
8,0.4,103,0.023862084822139334,0.0
8,0.4,104,0.01873960523232157,0.0
8,0.4,105,0.02329106156474956,0.0
8,0.4,106,0.026780174703474015,0.0
8,0.4,107,0.027220919337884408,0.0
8,0.4,108,0.020776219138671722,0.0
8,0.4,109,0.019281582566538703,0.0
8,0.4,110,0.021037634482380777,0.0
8,0.4,111,0.018586011602913864,0.0
8,0.4,112,0.021778675487341283,0.0
8,0.4,113,0.02451544299718713,0.0
8,0.4,114,0.0250344712877107,0.0
8,0.4,115,0.022731194204135146,0.0
8,0.4,116,0.02274288816825501,0.0
8,0.4,117,0.020376062487169076,0.0
8,0.4,118,0.014363837774530739,0.0
8,0.4,119,0.0201806515107564,0.0
8,0.4,120,0.02358268728232544,0.0
8,0.4,121,0.025237264509754782,0.0
8,0.4,122,0.021336308666323366,0.0
8,0.4,123,0.025552045239995574,0.0
8,0.4,124,0.026232713344516486,0.0
8,0.4,125,0.03118884902420651,0.0
8,0.4,126,0.02779459167035099,0.0
8,0.4,127,0.02232353018368887,0.0
8,0.4,128,0.028015431382699664,0.0
8,0.4,129,0.023184159835122915,0.0
8,0.4,130,0.024003532913956252,0.0
8,0.4,131,0.020442579156171557,0.0
8,0.4,132,0.021593912935047713,0.0
8,0.4,133,0.027642133483271415,0.0
8,0.4,134,0.02439814608837247,0.0
8,0.4,135,0.028604182185790167,0.0
8,0.4,136,0.019647877645577957,0.0
8,0.4,137,0.01778395074812417,0.0
8,0.4,138,0.015130355897340438,0.0
8,0.4,139,0.019034777682544947,0.0
8,0.4,140,0.02193264797295486,0.0
8,0.4,141,0.026925686889333823,0.0
8,0.4,142,0.029162460373265198,0.0
8,0.4,143,0.035869206569141616,0.0
8,0.4,144,0.03307313670422569,0.0
8,0.4,145,0.02498556988090214,0.0
8,0.4,146,0.030281233413510994,0.0
8,0.4,147,0.02518825923730766,0.0
8,0.4,148,0.024323205871636912,0.0
8,0.4,149,0.020879525505938815,0.0
8,0.4,150,0.018411129581186216,0.0
8,0.4,151,0.019211451177792507,0.0
8,0.4,152,0.02664617154566787,0.0
8,0.4,153,0.022768749570574776,0.0
8,0.4,154,0.022880569760795364,0.0
8,0.4,155,0.020375863341084294,0.0
8,0.4,156,0.017145631197621563,0.0
8,0.4,157,0.018086112399634504,0.0
8,0.4,158,0.024366347438795687,0.0
8,0.4,159,0.027701869877176325,0.0
8,0.4,160,0.023105941903162792,0.0
8,0.4,161,0.018545828652181448,0.0
8,0.4,162,0.026087262582804374,0.0
8,0.4,163,0.02527989094316966,0.0
8,0.4,164,0.025490437613160083,0.0
8,0.4,165,0.02555114340132809,0.0
8,0.4,166,0.02112563036468336,0.0
8,0.4,167,0.023756562038312456,0.0
8,0.4,168,0.02669644818993537,0.0
8,0.4,169,0.02842478927627188,0.0
8,0.4,170,0.026885260071992576,0.0
8,0.4,171,0.025944480293618778,0.0
8,0.4,172,0.022287133079842435,0.0
8,0.4,173,0.022452929191681646,0.0
8,0.4,174,0.02350083936579161,0.0
8,0.4,175,0.029911122085602596,0.0
8,0.4,176,0.02856128104023222,0.0
8,0.4,177,0.027972093534445006,0.0
8,0.4,178,0.024667867994778037,0.0
8,0.4,179,0.02296183797111582,0.0
8,0.4,180,0.020389415134473027,0.0
8,0.4,181,0.018975230546302967,0.0
8,0.4,182,0.021835552984023048,0.0
8,0.4,183,0.02008351344307018,0.0
8,0.4,184,0.02295171273484266,0.0
8,0.4,185,0.02465613168731896,0.0
8,0.4,186,0.02476349925252329,0.0
8,0.4,187,0.023790386442482766,0.0
8,0.4,188,0.01883757223063223,0.0
8,0.4,189,0.023240977095596325,0.0
8,0.4,190,0.02198739908440244,0.0
8,0.4,191,0.023454430045619427,0.0
8,0.4,192,0.01935701128078717,0.0
8,0.4,193,0.023604664942335023,0.0
8,0.4,194,0.02455073507248687,0.0
8,0.4,195,0.026270716847449572,0.0
8,0.4,196,0.027438279757412812,0.0
8,0.4,197,0.024656643830263576,0.0
8,0.4,198,0.027944469368568505,0.0
8,0.4,199,0.020971630923878742,0.0
8,0.4,200,0.02153396673041027,0.0
8,0.4,201,0.02483225215122501,0.0
8,0.4,202,0.02583305273244817,0.0
8,0.4,203,0.022617172225061856,0.0
8,0.4,204,0.01872387031681756,0.0
8,0.4,205,0.020666378343809164,0.0
8,0.4,206,0.019684272570157636,0.0
8,0.4,207,0.017267480193986166,0.0
8,0.4,208,0.016949767073496227,0.0
8,0.4,209,0.020460525341344234,0.0
8,0.4,210,0.023564508079134322,0.0
8,0.4,211,0.028994898059967533,0.0
8,0.4,212,0.02668401976846237,0.0
8,0.4,213,0.026403727654890533,0.0
8,0.4,214,0.026797855323491167,0.0
8,0.4,215,0.022849897679070117,0.0
8,0.4,216,0.018029029030641006,0.0
8,0.4,217,0.01644472319309944,0.0
8,0.4,218,0.023339666984187876,0.0
8,0.4,219,0.028091482949297034,0.0
8,0.4,220,0.02576847625062818,0.0
8,0.4,221,0.022826220664145715,0.0
8,0.4,222,0.019904541030104504,0.0
8,0.4,223,0.018099817659349725,0.0
8,0.4,224,0.01570307317636607,0.0
8,0.4,225,0.01566575736818025,0.0
8,0.4,226,0.016264145332911692,0.0
8,0.4,227,0.017738612313886484,0.0
8,0.4,228,0.01820258298283028,0.0
8,0.4,229,0.019246025258689403,0.0
8,0.4,230,0.020278471415947314,0.0
8,0.4,231,0.019476584445822776,0.0
8,0.4,232,0.02287992743921009,0.0
8,0.4,233,0.02111996617985933,0.0
8,0.4,234,0.020969861338067573,0.0
8,0.4,235,0.01826009215848936,0.0
8,0.4,236,0.018150349006739157,0.0
8,0.4,237,0.02049169424358681,0.0
8,0.4,238,0.02083929750263185,0.0
8,0.4,239,0.015767162424959166,0.0
8,0.4,240,0.017686037307406408,0.0
8,0.4,241,0.01943968892167476,0.0
8,0.4,242,0.0221637679574196,0.0
8,0.4,243,0.01950744295061204,0.0
8,0.4,244,0.01896270959880225,0.0
8,0.4,245,0.016279718411853668,0.0
8,0.4,246,0.017296453686709158,0.0
8,0.4,247,0.01768965518827623,0.0
8,0.4,248,0.017726988646598982,0.0
8,0.4,249,0.019311249970084883,0.0
8,0.4,250,0.017622537336028306,0.0
8,0.4,251,0.015340015810902954,0.0
8,0.4,252,0.02219063252892953,0.0
8,0.4,253,0.01882342623026948,0.0
8,0.4,254,0.025687150448722666,0.0
8,0.4,255,0.020846142666017503,0.0
8,0.4,256,0.023478037419824935,0.0
8,0.4,257,0.021926742645420615,0.0
8,0.4,258,0.02173209291366436,0.0
8,0.4,259,0.023120704671967827,0.0
8,0.4,260,0.0205852901068757,0.0
8,0.4,261,0.024675309837714172,0.0
8,0.4,262,0.028285439489993357,0.0
8,0.4,263,0.022400105907643724,0.0
8,0.4,264,0.020457003629959853,0.0
8,0.4,265,0.01935488404566441,0.0
8,0.4,266,0.022594809801032727,0.0
8,0.4,267,0.019372330584733765,0.0
8,0.4,268,0.021901540785152475,0.0
8,0.4,269,0.022162933287251826,0.0
8,0.4,270,0.024878322460950814,0.0
8,0.4,271,0.024276325500382296,0.0
8,0.4,272,0.028601442498263813,0.0
8,0.4,273,0.022885914419736992,0.0
8,0.4,274,0.021333392726665762,0.0
8,0.4,275,0.02331196077396057,0.0
8,0.4,276,0.02008538239216554,0.0
8,0.4,277,0.020307501131653142,0.0
8,0.4,278,0.011180320721990827,0.0
8,0.4,279,0.01899262714913507,0.0
8,0.4,280,0.019552865586500885,0.0
8,0.4,281,0.01927011687185526,0.0
8,0.4,282,0.01798670152106322,0.0
8,0.4,283,0.018260538695813355,0.0
8,0.4,284,0.025165229814695753,0.0
8,0.4,285,0.01975472358097513,0.0
8,0.4,286,0.017689867088563585,0.0
8,0.4,287,0.020067449229280335,0.0
8,0.4,288,0.01785179223951532,0.0
8,0.4,289,0.017509275996727424,0.0
8,0.4,290,0.023484427654565786,0.0
8,0.4,291,0.023238064629228013,0.0
8,0.4,292,0.02304348132950315,0.0
8,0.4,293,0.02482904103243427,0.0
8,0.4,294,0.025680369685940035,0.0
8,0.4,295,0.024569345758771333,0.0
8,0.4,296,0.022958267984942066,0.0
8,0.4,297,0.02656279606484222,0.0
8,0.4,298,0.027363859603543796,0.0
8,0.4,299,0.022187652462354567,0.0
8,0.4,300,0.01925876028776338,0.0
8,0.4,301,0.014144716836384033,0.0
8,0.4,302,0.020553511371309938,0.0
8,0.4,303,0.016507923024780904,0.0
8,0.4,304,0.02283878847603742,0.0
8,0.4,305,0.023622782272774902,0.0
8,0.4,306,0.017373290092673677,0.0
8,0.4,307,0.01904551674104785,0.0
8,0.4,308,0.024670230891568865,0.0
8,0.4,309,0.024958708972950078,0.0
8,0.4,310,0.020043238534733665,0.0
8,0.4,311,0.020250123755637586,0.0
8,0.4,312,0.02304180808956952,0.0
8,0.4,313,0.02443340095412646,0.0
8,0.4,314,0.024109574992390387,0.0
8,0.4,315,0.023592267822312954,0.0
8,0.4,316,0.022494739663999362,0.0
8,0.4,317,0.022107890668098727,0.0
8,0.4,318,0.024587405529040943,0.0
8,0.4,319,0.021986979973328196,0.0
8,0.4,320,0.01538261092355912,0.0
8,0.4,321,0.013863411382552752,0.0
8,0.4,322,0.019786358672194148,0.0
8,0.4,323,0.018267385190440178,0.0
8,0.4,324,0.016373120360820403,0.0
8,0.4,325,0.02017572388329607,0.0
8,0.4,326,0.023600676835566194,0.0
8,0.4,327,0.02025279556900331,0.0
8,0.4,328,0.01995814703506308,0.0
8,0.4,329,0.022856332836906624,0.0
8,0.4,330,0.016146019492520272,0.0
8,0.4,331,0.01706469150524155,0.0
8,0.4,332,0.014099054415850562,0.0
8,0.4,333,0.015791557365154373,0.0
8,0.4,334,0.0212246417539192,0.0
8,0.4,335,0.0198198724906263,0.0
8,0.4,336,0.02190328724981136,0.0
8,0.4,337,0.02067384533627516,0.0
8,0.4,338,0.023518396119697967,0.0
8,0.4,339,0.019361374529223718,0.0
8,0.4,340,0.01860124320432883,0.0
8,0.4,341,0.022103461120766176,0.0
8,0.4,342,0.027131702831799824,0.0
8,0.4,343,0.023481982257503628,0.0
8,0.4,344,0.0255039399630331,0.0
8,0.4,345,0.02520739650227452,0.0
8,0.4,346,0.02502751746424868,0.0
8,0.4,347,0.02341470714092031,0.0
8,0.4,348,0.022400142773113463,0.0
8,0.4,349,0.022635818382715812,0.0
8,0.4,350,0.022382520244682305,0.0
8,0.4,351,0.0208905481203029,0.0
8,0.4,352,0.024591526842419865,0.0
8,0.4,353,0.021547951269498267,0.0
8,0.4,354,0.019465131113638623,0.0
8,0.4,355,0.02097140776287355,0.0
8,0.4,356,0.01855804287104831,0.0
8,0.4,357,0.016144655555990147,0.0
8,0.4,358,0.015579846167422653,0.0
8,0.4,359,0.018057724082548875,0.0
8,0.4,360,0.021537311966067663,0.0
8,0.4,361,0.018854528012593973,0.0
8,0.4,362,0.021530885886364193,0.0
8,0.4,363,0.024733344391513347,0.0
8,0.4,364,0.024494623571508032,0.0
8,0.4,365,0.02481361697595448,0.0
8,0.4,366,0.01609938385288406,0.0
8,0.4,367,0.021735004823197,0.0
8,0.4,368,0.023580364939689527,0.0
8,0.4,369,0.018876480993809217,0.0
8,0.4,370,0.0234452519769928,0.0
8,0.4,371,0.02139541383347998,0.0
8,0.4,372,0.02147147488932744,0.0
8,0.4,373,0.02237368811225254,0.0
8,0.4,374,0.015319423579699221,0.0
8,0.4,375,0.019362416565366088,0.0
8,0.4,376,0.021315163795378976,0.0
8,0.4,377,0.023575265132768176,0.0
8,0.4,378,0.026260626346983118,0.0
8,0.4,379,0.023962665401853708,0.0
8,0.4,380,0.021260401049216563,0.0
8,0.4,381,0.021381270005744298,0.0
8,0.4,382,0.023850498984574416,0.0
8,0.4,383,0.02444340770247858,0.0
8,0.4,384,0.016850129230643256,0.0
8,0.4,385,0.01695256325274457,0.0
8,0.4,386,0.0165254692899492,0.0
8,0.4,387,0.014782464414925638,0.0
8,0.4,388,0.017381559492987638,0.0
8,0.4,389,0.014830837398164187,0.0
8,0.4,390,0.016313856867181155,0.0
8,0.4,391,0.023219178366210347,0.0
8,0.4,392,0.024470146831525978,0.0
8,0.4,393,0.028460085875029354,0.0
8,0.4,394,0.02163050277917782,0.0
8,0.4,395,0.023208526841947696,0.0
8,0.4,396,0.020082091694755014,0.0
8,0.4,397,0.022334916740689496,0.0
8,0.4,398,0.01960002443018288,0.0
8,0.4,399,0.016093349830476486,0.0
8,0.4,400,0.014253336418029276,0.0
8,0.4,401,0.01706793063613378,0.0
8,0.4,402,0.0170915988106461,0.0
8,0.4,403,0.023217728341778644,0.0
8,0.4,404,0.019124905254664724,0.0
8,0.4,405,0.025193243424316444,0.0
8,0.4,406,0.026459885056674074,0.0
8,0.4,407,0.019013587280471388,0.0
8,0.4,408,0.021316133169336907,0.0
8,0.4,409,0.018260679038592707,0.0
8,0.4,410,0.020130384362446633,0.0
8,0.4,411,0.020235297091710996,0.0
8,0.4,412,0.021648560876248942,0.0
8,0.4,413,0.025462027543861555,0.0
8,0.4,414,0.025190944084474944,0.0
8,0.4,415,0.019923279391663492,0.0
8,0.4,416,0.020232583873137623,0.0
8,0.4,417,0.016004515472564387,0.0
8,0.4,418,0.01681094631015715,0.0
8,0.4,419,0.019933730214725717,0.0
8,0.4,420,0.02094474276958143,0.0
8,0.4,421,0.015727646245826527,0.0
8,0.4,422,0.018874807100682067,0.0
8,0.4,423,0.01715221444657036,0.0
8,0.4,424,0.018741507207696514,0.0
8,0.4,425,0.0166402692010867,0.0
8,0.4,426,0.019199184145697084,0.0
8,0.4,427,0.021630167306605205,0.0
8,0.4,428,0.025420879502643226,0.0
8,0.4,429,0.026319400357370654,0.0
8,0.4,430,0.02434241783820197,0.0
8,0.4,431,0.027104745573993817,0.0
8,0.4,432,0.029677952066609784,0.0
8,0.4,433,0.02924936110461018,0.0
8,0.4,434,0.023545730628945986,0.0
8,0.4,435,0.018084404095089844,0.0
8,0.4,436,0.015827156758957576,0.0
8,0.4,437,0.01790201822935223,0.0
8,0.4,438,0.015605559112192658,0.0
8,0.4,439,0.011382046824743334,0.0
8,0.4,440,0.017431493837781392,0.0
8,0.4,441,0.019584909722805632,0.0
8,0.4,442,0.022134945706690213,0.0
8,0.4,443,0.019622048494845775,0.0
8,0.4,444,0.01843772079385987,0.0
8,0.4,445,0.02072850712788278,0.0
8,0.4,446,0.02102555844245892,0.0
8,0.4,447,0.022553237912199497,0.0
8,0.4,448,0.01947557837642844,0.0
8,0.4,449,0.021746085034122783,0.0
8,0.4,450,0.017585771018417018,0.0
8,0.4,451,0.017651332228881846,0.0
8,0.4,452,0.018875300995703302,0.0
8,0.4,453,0.01692439594426586,0.0
8,0.4,454,0.01742524790211701,0.0
8,0.4,455,0.015050179154574229,0.0
8,0.4,456,0.015530203689362074,0.0
8,0.4,457,0.01884491393614596,0.0
8,0.4,458,0.02214023856315757,0.0
8,0.4,459,0.023479981259037785,0.0
8,0.4,460,0.03021712931242088,0.0
8,0.4,461,0.03253144940040091,0.0
8,0.4,462,0.03155949855157702,0.0
8,0.4,463,0.029510794943014878,0.0
8,0.4,464,0.021886837819428878,0.0
8,0.4,465,0.024702540801737217,0.0
8,0.4,466,0.02066637916151217,0.0
8,0.4,467,0.018539007914987006,0.0
8,0.4,468,0.021288483871783666,0.0
8,0.4,469,0.022032139476760953,0.0
8,0.4,470,0.022146861580639124,0.0
8,0.4,471,0.01857893512571748,0.0
8,0.4,472,0.023373658120127646,0.0
8,0.4,473,0.01792563481215078,0.0
8,0.4,474,0.020085519348732195,0.0
8,0.4,475,0.02210325892680373,0.0
8,0.4,476,0.024852084564112028,0.0
8,0.4,477,0.02647165898419905,0.0
8,0.4,478,0.0234003276623236,0.0
8,0.4,479,0.01812615240800361,0.0
8,0.4,480,0.018386609363397262,0.0
8,0.4,481,0.02066980130193468,0.0
8,0.4,482,0.023557417624698148,0.0
8,0.4,483,0.026966076061137326,0.0
8,0.4,484,0.02263965639856015,0.0
8,0.4,485,0.025135738152224935,0.0
8,0.4,486,0.02490027629608619,0.0
8,0.4,487,0.021440832534290587,0.0
8,0.4,488,0.021255083335907834,0.0
8,0.4,489,0.020781987942552406,0.0
8,0.4,490,0.026363879811319185,0.0
8,0.4,491,0.027385355864797966,0.0
8,0.4,492,0.01698228304889264,0.0
8,0.4,493,0.019402815010582254,0.0
8,0.4,494,0.018439390799733592,0.0
8,0.4,495,0.01822067845256946,0.0
8,0.4,496,0.01522621188735467,0.0
8,0.4,497,0.015376457112161908,0.0
8,0.4,498,0.019163806754282545,0.0
8,0.4,499,0.02227678717848058,0.0
8,0.4,500,0.02760378722002927,0.0
8,0.6,0,0.08977349290158246,0.0
8,0.6,1,0.05926978742774537,0.0
8,0.6,2,0.039891546760677424,0.0
8,0.6,3,0.0335701701183224,0.0
8,0.6,4,0.026311780024994937,0.0
8,0.6,5,0.022841169584191707,0.0
8,0.6,6,0.018517018705209408,0.0
8,0.6,7,0.01615729463919645,0.0
8,0.6,8,0.015124302202594109,0.0
8,0.6,9,0.022685483020712525,0.0
8,0.6,10,0.02689039496123113,0.0
8,0.6,11,0.0269784176351365,0.0
8,0.6,12,0.026081808224907573,0.0
8,0.6,13,0.02273567966156177,0.0
8,0.6,14,0.02174048458668135,0.0
8,0.6,15,0.0220431907748523,0.0
8,0.6,16,0.026381378958015816,0.0
8,0.6,17,0.019265003937672037,0.0
8,0.6,18,0.015217450476814401,0.0
8,0.6,19,0.024433942151778198,0.0
8,0.6,20,0.02377372104597216,0.0
8,0.6,21,0.027486716520211528,0.0
8,0.6,22,0.02977777522087406,0.0
8,0.6,23,0.026782250516449172,0.0
8,0.6,24,0.01976658614653592,0.0
8,0.6,25,0.02260911133850255,0.0
8,0.6,26,0.024459745320551694,0.0
8,0.6,27,0.025700114159210093,0.0
8,0.6,28,0.027945262693145442,0.0
8,0.6,29,0.023064740892295706,0.0
8,0.6,30,0.023676144906428012,0.0
8,0.6,31,0.018695379040661805,0.0
8,0.6,32,0.018065792581931594,0.0
8,0.6,33,0.02193109054990028,0.0
8,0.6,34,0.025160958008379756,0.0
8,0.6,35,0.02517027915720528,0.0
8,0.6,36,0.02165819054620026,0.0
8,0.6,37,0.02347632387239901,0.0
8,0.6,38,0.02412746266719266,0.0
8,0.6,39,0.028658059621333144,0.0
8,0.6,40,0.027674390044247085,0.0
8,0.6,41,0.025120120375232445,0.0
8,0.6,42,0.027583242486440146,0.0
8,0.6,43,0.027902932096564737,0.0
8,0.6,44,0.022695632254641853,0.0
8,0.6,45,0.021691485795903725,0.0
8,0.6,46,0.02193495749742072,0.0
8,0.6,47,0.025776837236442692,0.0
8,0.6,48,0.02695031983127445,0.0
8,0.6,49,0.025362540808431578,0.0
8,0.6,50,0.02476883991913591,0.0
8,0.6,51,0.02623552590044222,0.0
8,0.6,52,0.024261523035430773,0.0
8,0.6,53,0.019032540259522737,0.0
8,0.6,54,0.02011139043996334,0.0
8,0.6,55,0.02501048472849217,0.0
8,0.6,56,0.024137404578824396,0.0
8,0.6,57,0.02199807715218391,0.0
8,0.6,58,0.02215689049119055,0.0
8,0.6,59,0.02298751103078013,0.0
8,0.6,60,0.021415049612139594,0.0
8,0.6,61,0.022396282966496876,0.0
8,0.6,62,0.029819235218182253,0.0
8,0.6,63,0.02660117597880514,0.0
8,0.6,64,0.023380689961206427,0.0
8,0.6,65,0.029927342151104323,0.0
8,0.6,66,0.020266909839723096,0.0
8,0.6,67,0.01996150253442436,0.0
8,0.6,68,0.02114725689009717,0.0
8,0.6,69,0.019291286813596927,0.0
8,0.6,70,0.022259362841726013,0.0
8,0.6,71,0.022730790029549707,0.0
8,0.6,72,0.025676633124588046,0.0
8,0.6,73,0.03213170168927255,0.0
8,0.6,74,0.032339927618333,0.0
8,0.6,75,0.03227703388345779,0.0
8,0.6,76,0.03251032644304396,0.0
8,0.6,77,0.025358183506747074,0.0
8,0.6,78,0.02761055441479431,0.0
8,0.6,79,0.02755017567012764,0.0
8,0.6,80,0.01895141233718054,0.0
8,0.6,81,0.023331626043873368,0.0
8,0.6,82,0.02407697643587887,0.0
8,0.6,83,0.025922270468656267,0.0
8,0.6,84,0.024623763855109462,0.0
8,0.6,85,0.018435385982625438,0.0
8,0.6,86,0.024595346288690232,0.0
8,0.6,87,0.02900127348475823,0.0
8,0.6,88,0.028061964891391265,0.0
8,0.6,89,0.02682353448526365,0.0
8,0.6,90,0.027415268961956486,0.0
8,0.6,91,0.029320852825356538,0.0
8,0.6,92,0.02590181568363652,0.0
8,0.6,93,0.023592954634501836,0.0
8,0.6,94,0.01620066315152939,0.0
8,0.6,95,0.017558865799590994,0.0
8,0.6,96,0.0179857308111198,0.0
8,0.6,97,0.01863489445315656,0.0
8,0.6,98,0.022507594109211347,0.0
8,0.6,99,0.01983649185081254,0.0
8,0.6,100,0.01783903624118843,0.0
8,0.6,101,0.01873633947323647,0.0
8,0.6,102,0.01804195082112361,0.0
8,0.6,103,0.022493861995000565,0.0
8,0.6,104,0.021445571532268767,0.0
8,0.6,105,0.01925647236703077,0.0
8,0.6,106,0.020658145781357936,0.0
8,0.6,107,0.0206783474441041,0.0
8,0.6,108,0.019026813154088034,0.0
8,0.6,109,0.019906240557986,0.0
8,0.6,110,0.01991484404049992,0.0
8,0.6,111,0.021668295903115264,0.0
8,0.6,112,0.02231031422906908,0.0
8,0.6,113,0.020041904395676644,0.0
8,0.6,114,0.018473453820932247,0.0
8,0.6,115,0.02152209141668832,0.0
8,0.6,116,0.020171079499597188,0.0
8,0.6,117,0.01971245286264657,0.0
8,0.6,118,0.01961826835519132,0.0
8,0.6,119,0.01858766742595447,0.0
8,0.6,120,0.01734753315653865,0.0
8,0.6,121,0.020203407093769842,0.0
8,0.6,122,0.021567383264576256,0.0
8,0.6,123,0.020739150947440384,0.0
8,0.6,124,0.01737816368371257,0.0
8,0.6,125,0.023792669607449773,0.0
8,0.6,126,0.02173102544257762,0.0
8,0.6,127,0.025058091278956016,0.0
8,0.6,128,0.02582152634174295,0.0
8,0.6,129,0.02739728421270257,0.0
8,0.6,130,0.022932578378391102,0.0
8,0.6,131,0.01760578802112573,0.0
8,0.6,132,0.022537048229069025,0.0
8,0.6,133,0.017649429974389588,0.0
8,0.6,134,0.022373376762598478,0.0
8,0.6,135,0.03275560825956415,0.0
8,0.6,136,0.0288826234721648,0.0
8,0.6,137,0.026845890883600596,0.0
8,0.6,138,0.02003058502124576,0.0
8,0.6,139,0.020206990268496802,0.0
8,0.6,140,0.01828710511978481,0.0
8,0.6,141,0.02171889928149703,0.0
8,0.6,142,0.025336765133541547,0.0
8,0.6,143,0.02276285617034715,0.0
8,0.6,144,0.020011045016710118,0.0
8,0.6,145,0.025046362490352494,0.0
8,0.6,146,0.02362585611807465,0.0
8,0.6,147,0.019886273144432087,0.0
8,0.6,148,0.02135015623111032,0.0
8,0.6,149,0.018756271320907646,0.0
8,0.6,150,0.02018524646489428,0.0
8,0.6,151,0.01753079518071261,0.0
8,0.6,152,0.020779133330711904,0.0
8,0.6,153,0.024159460997172543,0.0
8,0.6,154,0.02246873220739979,0.0
8,0.6,155,0.019042605646110173,0.0
8,0.6,156,0.01859962788104762,0.0
8,0.6,157,0.018666973803669665,0.0
8,0.6,158,0.020434082546372422,0.0
8,0.6,159,0.020833750350212194,0.0
8,0.6,160,0.022431820944445922,0.0
8,0.6,161,0.019505943271400608,0.0
8,0.6,162,0.022758017038322826,0.0
8,0.6,163,0.025152300844235382,0.0
8,0.6,164,0.027382351304824824,0.0
8,0.6,165,0.020532996051004972,0.0
8,0.6,166,0.021695723458255056,0.0
8,0.6,167,0.021660469687101013,0.0
8,0.6,168,0.020102470761523928,0.0
8,0.6,169,0.024057461013320288,0.0
8,0.6,170,0.023700527176266962,0.0
8,0.6,171,0.021253778652177847,0.0
8,0.6,172,0.017310798309102312,0.0
8,0.6,173,0.0214877484839939,0.0
8,0.6,174,0.018179245030450254,0.0
8,0.6,175,0.017020189525347187,0.0
8,0.6,176,0.016672241201277176,0.0
8,0.6,177,0.016387436730139593,0.0
8,0.6,178,0.018652039455486796,0.0
8,0.6,179,0.020522014107043372,0.0
8,0.6,180,0.023011436029685126,0.0
8,0.6,181,0.024765448692127295,0.0
8,0.6,182,0.01720956061310637,0.0
8,0.6,183,0.01710245007641863,0.0
8,0.6,184,0.02206267366929228,0.0
8,0.6,185,0.02284728044080091,0.0
8,0.6,186,0.016921910849501908,0.0
8,0.6,187,0.01778871442879409,0.0
8,0.6,188,0.02325330572749978,0.0
8,0.6,189,0.021853007893893536,0.0
8,0.6,190,0.02064489429504155,0.0
8,0.6,191,0.019512387202484712,0.0
8,0.6,192,0.017365845437827862,0.0
8,0.6,193,0.021956628008642655,0.0
8,0.6,194,0.019840770903922868,0.0
8,0.6,195,0.018224526772286746,0.0
8,0.6,196,0.019710669029167703,0.0
8,0.6,197,0.02478916973089047,0.0
8,0.6,198,0.023717349267029075,0.0
8,0.6,199,0.024382437104372365,0.0
8,0.6,200,0.022387139795891242,0.0
8,0.6,201,0.024075473979914896,0.0
8,0.6,202,0.01958996719497598,0.0
8,0.6,203,0.01667968311503087,0.0
8,0.6,204,0.014682308769625953,0.0
8,0.6,205,0.017495221662539168,0.0
8,0.6,206,0.014368110331064934,0.0
8,0.6,207,0.017485437553581392,0.0
8,0.6,208,0.018132945091765315,0.0
8,0.6,209,0.020585730742248495,0.0
8,0.6,210,0.022439929300754627,0.0
8,0.6,211,0.02732357214037352,0.0
8,0.6,212,0.021484576573365676,0.0
8,0.6,213,0.020362791917624305,0.0
8,0.6,214,0.024687513193291214,0.0
8,0.6,215,0.01819177286817963,0.0
8,0.6,216,0.018973493914579437,0.0
8,0.6,217,0.01930361145263593,0.0
8,0.6,218,0.019551524003554234,0.0
8,0.6,219,0.022053270584666593,0.0
8,0.6,220,0.01632335168449364,0.0
8,0.6,221,0.015435881498538877,0.0
8,0.6,222,0.017987671003345064,0.0
8,0.6,223,0.024181913903121993,0.0
8,0.6,224,0.026283236192740915,0.0
8,0.6,225,0.02148609333396654,0.0
8,0.6,226,0.020745644651099134,0.0
8,0.6,227,0.01931082997660192,0.0
8,0.6,228,0.02220596233580555,0.0
8,0.6,229,0.0217876895887655,0.0
8,0.6,230,0.022420471317516285,0.0
8,0.6,231,0.021372593549453502,0.0
8,0.6,232,0.02435185971186677,0.0
8,0.6,233,0.024738035476601087,0.0
8,0.6,234,0.021014874944367566,0.0
8,0.6,235,0.022537258111837884,0.0
8,0.6,236,0.03001914657488971,0.0
8,0.6,237,0.030597141785346674,0.0
8,0.6,238,0.019999870147693798,0.0
8,0.6,239,0.020179042393773286,0.0
8,0.6,240,0.02077645295814931,0.0
8,0.6,241,0.019803066702587326,0.0
8,0.6,242,0.020753975103409733,0.0
8,0.6,243,0.025843339547780668,0.0
8,0.6,244,0.02163217874530817,0.0
8,0.6,245,0.023742675357197388,0.0
8,0.6,246,0.022960481853346607,0.0
8,0.6,247,0.02267137372028908,0.0
8,0.6,248,0.025232575717450283,0.0
8,0.6,249,0.018782732626314344,0.0
8,0.6,250,0.017053149283963332,0.0
8,0.6,251,0.01868112360665158,0.0
8,0.6,252,0.017886547874395455,0.0
8,0.6,253,0.019481357759628917,0.0
8,0.6,254,0.019832686182972792,0.0
8,0.6,255,0.02355731352403876,0.0
8,0.6,256,0.027075966365233337,0.0
8,0.6,257,0.026389046737905847,0.0
8,0.6,258,0.0251186945380743,0.0
8,0.6,259,0.02363075639765212,0.0
8,0.6,260,0.02238617332775383,0.0
8,0.6,261,0.019725333866194933,0.0
8,0.6,262,0.020671526003063483,0.0
8,0.6,263,0.01978571739255733,0.0
8,0.6,264,0.01937230824982057,0.0
8,0.6,265,0.023013639167180494,0.0
8,0.6,266,0.01878439442916384,0.0
8,0.6,267,0.017172678316037252,0.0
8,0.6,268,0.018192640975392343,0.0
8,0.6,269,0.02076849105603518,0.0
8,0.6,270,0.016383747746104436,0.0
8,0.6,271,0.01909253197907856,0.0
8,0.6,272,0.020094815486612662,0.0
8,0.6,273,0.01503308803391563,0.0
8,0.6,274,0.02179623081421381,0.0
8,0.6,275,0.01949821576075812,0.0
8,0.6,276,0.019321954734219462,0.0
8,0.6,277,0.01936248864344487,0.0
8,0.6,278,0.02339548730003029,0.0
8,0.6,279,0.022433563223810227,0.0
8,0.6,280,0.026103411931459458,0.0
8,0.6,281,0.02126392665630371,0.0
8,0.6,282,0.017307548907168662,0.0
8,0.6,283,0.022026164516352996,0.0
8,0.6,284,0.018913129285779456,0.0
8,0.6,285,0.020439940729541816,0.0
8,0.6,286,0.01960991791525883,0.0
8,0.6,287,0.01933933705835552,0.0
8,0.6,288,0.01833320859423182,0.0
8,0.6,289,0.021684524036570646,0.0
8,0.6,290,0.020094169147606818,0.0
8,0.6,291,0.01780783822914138,0.0
8,0.6,292,0.017430347548843147,0.0
8,0.6,293,0.01597663645204913,0.0
8,0.6,294,0.024276448305585653,0.0
8,0.6,295,0.02740327081219269,0.0
8,0.6,296,0.026461123232790297,0.0
8,0.6,297,0.027367691691222173,0.0
8,0.6,298,0.027940399704503027,0.0
8,0.6,299,0.026285486670600548,0.0
8,0.6,300,0.024247391911976696,0.0
8,0.6,301,0.017381698554985846,0.0
8,0.6,302,0.019619103325658187,0.0
8,0.6,303,0.019523787730608373,0.0
8,0.6,304,0.01754668464544034,0.0
8,0.6,305,0.016817535129418297,0.0
8,0.6,306,0.017198654948296716,0.0
8,0.6,307,0.01713163572000353,0.0
8,0.6,308,0.018367000864527316,0.0
8,0.6,309,0.01971045726670925,0.0
8,0.6,310,0.019798391455431618,0.0
8,0.6,311,0.019578615966677433,0.0
8,0.6,312,0.01879594817960443,0.0
8,0.6,313,0.02207745489389168,0.0
8,0.6,314,0.019861852924442324,0.0
8,0.6,315,0.018704885296137116,0.0
8,0.6,316,0.018873188029366897,0.0
8,0.6,317,0.019151847288020246,0.0
8,0.6,318,0.024108499091933164,0.0
8,0.6,319,0.02794360786520513,0.0
8,0.6,320,0.027250834534490617,0.0
8,0.6,321,0.03303264984519098,0.0
8,0.6,322,0.029633469939116534,0.0
8,0.6,323,0.022170231012272446,0.0
8,0.6,324,0.020189784459037977,0.0
8,0.6,325,0.020552260942103908,0.0
8,0.6,326,0.020637414380280408,0.0
8,0.6,327,0.026318674626679885,0.0
8,0.6,328,0.02250947920796511,0.0
8,0.6,329,0.022823380641504368,0.0
8,0.6,330,0.024818375910020424,0.0
8,0.6,331,0.029940628642215018,0.0
8,0.6,332,0.025590804432670942,0.0
8,0.6,333,0.02535728875257283,0.0
8,0.6,334,0.026361321288950506,0.0
8,0.6,335,0.02055501141620568,0.0
8,0.6,336,0.019049454559686044,0.0
8,0.6,337,0.01908320489742656,0.0
8,0.6,338,0.019180138264896528,0.0
8,0.6,339,0.019318969225591516,0.0
8,0.6,340,0.01477381757012501,0.0
8,0.6,341,0.019273367037038927,0.0
8,0.6,342,0.025476310458596333,0.0
8,0.6,343,0.025122561945674686,0.0
8,0.6,344,0.021297462851588258,0.0
8,0.6,345,0.02003370931293459,0.0
8,0.6,346,0.01920744644198783,0.0
8,0.6,347,0.02247134184937402,0.0
8,0.6,348,0.019034784183846406,0.0
8,0.6,349,0.02438372480857378,0.0
8,0.6,350,0.01891370077089276,0.0
8,0.6,351,0.01944999108233728,0.0
8,0.6,352,0.015301344518063104,0.0
8,0.6,353,0.015338851875815853,0.0
8,0.6,354,0.022315625394939906,0.0
8,0.6,355,0.021750264981584545,0.0
8,0.6,356,0.02449469734778733,0.0
8,0.6,357,0.026540659708323894,0.0
8,0.6,358,0.01952566264395884,0.0
8,0.6,359,0.01848631348267034,0.0
8,0.6,360,0.0187685490125588,0.0
8,0.6,361,0.020788166360756616,0.0
8,0.6,362,0.024332475591136674,0.0
8,0.6,363,0.025122124643504398,0.0
8,0.6,364,0.026250544315837076,0.0
8,0.6,365,0.03029666940879494,0.0
8,0.6,366,0.02279644781934262,0.0
8,0.6,367,0.025971729173373488,0.0
8,0.6,368,0.020684943297448993,0.0
8,0.6,369,0.018946660018459127,0.0
8,0.6,370,0.022917801462474272,0.0
8,0.6,371,0.024972785511296208,0.0
8,0.6,372,0.02197054028566221,0.0
8,0.6,373,0.019492224761027195,0.0
8,0.6,374,0.017384787649981,0.0
8,0.6,375,0.021059308972620698,0.0
8,0.6,376,0.01670630560021368,0.0
8,0.6,377,0.020518434650990347,0.0
8,0.6,378,0.019608299224315874,0.0
8,0.6,379,0.022320533473977774,0.0
8,0.6,380,0.021460665503956342,0.0
8,0.6,381,0.01925052582990228,0.0
8,0.6,382,0.017957130533000753,0.0
8,0.6,383,0.026516409966140974,0.0
8,0.6,384,0.023024453320015823,0.0
8,0.6,385,0.020483559558337153,0.0
8,0.6,386,0.020353744287132564,0.0
8,0.6,387,0.021570905491390225,0.0
8,0.6,388,0.019177109132571656,0.0
8,0.6,389,0.020139881892054873,0.0
8,0.6,390,0.017134673679915016,0.0
8,0.6,391,0.020626831079416316,0.0
8,0.6,392,0.019566588402531063,0.0
8,0.6,393,0.02165252100411197,0.0
8,0.6,394,0.0236705591858805,0.0
8,0.6,395,0.020752243711900164,0.0
8,0.6,396,0.019013590700069534,0.0
8,0.6,397,0.025749679046391222,0.0
8,0.6,398,0.02801215447696583,0.0
8,0.6,399,0.032344721044254586,0.0
8,0.6,400,0.027783754722574567,0.0
8,0.6,401,0.022643702885764797,0.0
8,0.6,402,0.028069994811247417,0.0
8,0.6,403,0.0224756099277116,0.0
8,0.6,404,0.02626744627901996,0.0
8,0.6,405,0.028278454114082523,0.0
8,0.6,406,0.03294071969047255,0.0
8,0.6,407,0.027229223180814176,0.0
8,0.6,408,0.0273078399931196,0.0
8,0.6,409,0.0367309010026999,0.0
8,0.6,410,0.03694991623694724,0.0
8,0.6,411,0.03230649935535535,0.0
8,0.6,412,0.033963129331944494,0.0
8,0.6,413,0.027452689932688314,0.0
8,0.6,414,0.020999210194482042,0.0
8,0.6,415,0.017811635845801758,0.0
8,0.6,416,0.01633311008268345,0.0
8,0.6,417,0.01818459885160966,0.0
8,0.6,418,0.017023763035506824,0.0
8,0.6,419,0.016765369765648984,0.0
8,0.6,420,0.020838398232928962,0.0
8,0.6,421,0.016992369275763426,0.0
8,0.6,422,0.017611240371541236,0.0
8,0.6,423,0.02271337094075667,0.0
8,0.6,424,0.022853844141720436,0.0
8,0.6,425,0.024048894774339646,0.0
8,0.6,426,0.024632566656151097,0.0
8,0.6,427,0.02324608866704224,0.0
8,0.6,428,0.022455347679337177,0.0
8,0.6,429,0.022105961256622675,0.0
8,0.6,430,0.01993937588475711,0.0
8,0.6,431,0.021336195693200888,0.0
8,0.6,432,0.01917363721801086,0.0
8,0.6,433,0.018497746905303453,0.0
8,0.6,434,0.020735181420854974,0.0
8,0.6,435,0.01928849194916655,0.0
8,0.6,436,0.024319861985710563,0.0
8,0.6,437,0.0301673677058415,0.0
8,0.6,438,0.025584520489897372,0.0
8,0.6,439,0.025929007587789737,0.0
8,0.6,440,0.023413078730019413,0.0
8,0.6,441,0.017396558641595773,0.0
8,0.6,442,0.021608956663822006,0.0
8,0.6,443,0.021287120936816773,0.0
8,0.6,444,0.02147489014099035,0.0
8,0.6,445,0.02323490418383234,0.0
8,0.6,446,0.02316719769904482,0.0
8,0.6,447,0.02079991470748561,0.0
8,0.6,448,0.023487071611620704,0.0
8,0.6,449,0.022586107034893263,0.0
8,0.6,450,0.018638114140324395,0.0
8,0.6,451,0.024241616466852696,0.0
8,0.6,452,0.023013729059533534,0.0
8,0.6,453,0.02269965261354558,0.0
8,0.6,454,0.02089974864163525,0.0
8,0.6,455,0.018795927917772282,0.0
8,0.6,456,0.0209995027263043,0.0
8,0.6,457,0.019484646501628483,0.0
8,0.6,458,0.0208203676819352,0.0
8,0.6,459,0.020091579546441217,0.0
8,0.6,460,0.02154598697659572,0.0
8,0.6,461,0.020830268729744885,0.0
8,0.6,462,0.016996920144438,0.0
8,0.6,463,0.019978258951187555,0.0
8,0.6,464,0.01953826848399151,0.0
8,0.6,465,0.015973804212634668,0.0
8,0.6,466,0.019622340778247836,0.0
8,0.6,467,0.021906980259960997,0.0
8,0.6,468,0.01914029175572041,0.0
8,0.6,469,0.018469761507543588,0.0
8,0.6,470,0.018236436122692837,0.0
8,0.6,471,0.02037398329089458,0.0
8,0.6,472,0.019147424233098776,0.0
8,0.6,473,0.021681020242106164,0.0
8,0.6,474,0.02487308986482381,0.0
8,0.6,475,0.01472535313692413,0.0
8,0.6,476,0.019002579743942875,0.0
8,0.6,477,0.020051677660997004,0.0
8,0.6,478,0.019367193089472032,0.0
8,0.6,479,0.020510782976686685,0.0
8,0.6,480,0.020495495804040482,0.0
8,0.6,481,0.023142752341746432,0.0
8,0.6,482,0.022797497331108692,0.0
8,0.6,483,0.023920785223629736,0.0
8,0.6,484,0.024130189332975158,0.0
8,0.6,485,0.017806792223397493,0.0
8,0.6,486,0.016730813358879187,0.0
8,0.6,487,0.019576884905707016,0.0
8,0.6,488,0.02253191288065527,0.0
8,0.6,489,0.021489631608632074,0.0
8,0.6,490,0.02356693424265477,0.0
8,0.6,491,0.023113159557576545,0.0
8,0.6,492,0.02467174766466024,0.0
8,0.6,493,0.018725822220340284,0.0
8,0.6,494,0.019243311437869993,0.0
8,0.6,495,0.018952207045824124,0.0
8,0.6,496,0.024477807822774835,0.0
8,0.6,497,0.02105463052895139,0.0
8,0.6,498,0.02045477674666342,0.0
8,0.6,499,0.017740870589122285,0.0
8,0.6,500,0.01917369161683086,0.0
8,0.8,0,0.09119033223678188,0.0
8,0.8,1,0.050310839049672366,0.0
8,0.8,2,0.03962388745332963,0.0
8,0.8,3,0.033939717471785896,0.0
8,0.8,4,0.02744214401167151,0.0
8,0.8,5,0.02804846652366833,0.0
8,0.8,6,0.02400162642399219,0.0
8,0.8,7,0.025023226047386785,0.0
8,0.8,8,0.028009818798205566,0.0
8,0.8,9,0.019792269590484926,0.0
8,0.8,10,0.01856280011029933,0.0
8,0.8,11,0.018289803263813856,0.0
8,0.8,12,0.024606343818723574,0.0
8,0.8,13,0.018694416310941056,0.0
8,0.8,14,0.020670279569210172,0.0
8,0.8,15,0.019452722054650318,0.0
8,0.8,16,0.0201416039299353,0.0
8,0.8,17,0.023089652183028265,0.0
8,0.8,18,0.019454166665314614,0.0
8,0.8,19,0.022922953167582475,0.0
8,0.8,20,0.024049212199097635,0.0
8,0.8,21,0.01874835308598365,0.0
8,0.8,22,0.02295616713885248,0.0
8,0.8,23,0.02007591570468962,0.0
8,0.8,24,0.02228597491991702,0.0
8,0.8,25,0.020708984037648634,0.0
8,0.8,26,0.019365533831611662,0.0
8,0.8,27,0.020866017228791243,0.0
8,0.8,28,0.020134247452660573,0.0
8,0.8,29,0.021572913425551215,0.0
8,0.8,30,0.026436710090678935,0.0
8,0.8,31,0.02552581015741687,0.0
8,0.8,32,0.01941860481180924,0.0
8,0.8,33,0.01783799065897868,0.0
8,0.8,34,0.020085784657115927,0.0
8,0.8,35,0.01975270622645493,0.0
8,0.8,36,0.022450078080865757,0.0
8,0.8,37,0.020077732867930548,0.0
8,0.8,38,0.02379275024992969,0.0
8,0.8,39,0.020279154613475753,0.0
8,0.8,40,0.018560859455245046,0.0
8,0.8,41,0.018463804998713272,0.0
8,0.8,42,0.019309801759979893,0.0
8,0.8,43,0.0170439022547849,0.0
8,0.8,44,0.01648513850611874,0.0
8,0.8,45,0.02336614721072936,0.0
8,0.8,46,0.0203345633814007,0.0
8,0.8,47,0.01883900605601857,0.0
8,0.8,48,0.0172098297324456,0.0
8,0.8,49,0.019587999119105994,0.0
8,0.8,50,0.021058985678715204,0.0
8,0.8,51,0.019691529146850063,0.0
8,0.8,52,0.02470365197440397,0.0
8,0.8,53,0.030081218908155388,0.0
8,0.8,54,0.028944447998707212,0.0
8,0.8,55,0.024203043608884478,0.0
8,0.8,56,0.019880199772126055,0.0
8,0.8,57,0.01786442364731479,0.0
8,0.8,58,0.017850092819569518,0.0
8,0.8,59,0.015087883265299655,0.0
8,0.8,60,0.016643422938510323,0.0
8,0.8,61,0.020233815345169468,0.0
8,0.8,62,0.017711747227038298,0.0
8,0.8,63,0.023097937572570316,0.0
8,0.8,64,0.022575551560107297,0.0
8,0.8,65,0.023107618359834974,0.0
8,0.8,66,0.018364402770085147,0.0
8,0.8,67,0.0190024015311551,0.0
8,0.8,68,0.016814305411936327,0.0
8,0.8,69,0.019693313302484847,0.0
8,0.8,70,0.016581834071584284,0.0
8,0.8,71,0.02216743759272098,0.0
8,0.8,72,0.02178196536542115,0.0
8,0.8,73,0.01828512528590331,0.0
8,0.8,74,0.0190293393287495,0.0
8,0.8,75,0.017900097909430156,0.0
8,0.8,76,0.019124749008061534,0.0
8,0.8,77,0.020967280443867784,0.0
8,0.8,78,0.01785848914748529,0.0
8,0.8,79,0.015360956616478499,0.0
8,0.8,80,0.014597212256830376,0.0
8,0.8,81,0.02252790187786726,0.0
8,0.8,82,0.02453610650150979,0.0
8,0.8,83,0.025874956667210843,0.0
8,0.8,84,0.020682311847128557,0.0
8,0.8,85,0.022553123521177464,0.0
8,0.8,86,0.02656344513091053,0.0
8,0.8,87,0.02859066995415326,0.0
8,0.8,88,0.024646477697805126,0.0
8,0.8,89,0.019255223197651564,0.0
8,0.8,90,0.023532207274174342,0.0
8,0.8,91,0.021614183670376902,0.0
8,0.8,92,0.021422207208608247,0.0
8,0.8,93,0.02093228791140132,0.0
8,0.8,94,0.0195400865274162,0.0
8,0.8,95,0.016541383262011277,0.0
8,0.8,96,0.015853479756216756,0.0
8,0.8,97,0.020810913199938122,0.0
8,0.8,98,0.021844959424159677,0.0
8,0.8,99,0.019398682308954657,0.0
8,0.8,100,0.018667217669084482,0.0
8,0.8,101,0.021958067132424843,0.0
8,0.8,102,0.023384177040010643,0.0
8,0.8,103,0.024937303282862814,0.0
8,0.8,104,0.025817966499275896,0.0
8,0.8,105,0.020974461116487552,0.0
8,0.8,106,0.02000410680898098,0.0
8,0.8,107,0.01752502616801574,0.0
8,0.8,108,0.021301647497067408,0.0
8,0.8,109,0.022782423573643844,0.0
8,0.8,110,0.02256038431532947,0.0
8,0.8,111,0.01811762780608912,0.0
8,0.8,112,0.018546633331114153,0.0
8,0.8,113,0.01966861644640421,0.0
8,0.8,114,0.018016980019039442,0.0
8,0.8,115,0.021845313078648315,0.0
8,0.8,116,0.022609282491373315,0.0
8,0.8,117,0.026401956762850315,0.0
8,0.8,118,0.024199678397287587,0.0
8,0.8,119,0.025523243570988726,0.0
8,0.8,120,0.02062776803538863,0.0
8,0.8,121,0.023434036908811032,0.0
8,0.8,122,0.022664382967515658,0.0
8,0.8,123,0.02057303830244549,0.0
8,0.8,124,0.018645786476178497,0.0
8,0.8,125,0.02378886626792584,0.0
8,0.8,126,0.024567239599344627,0.0
8,0.8,127,0.018622895250417198,0.0
8,0.8,128,0.02035072906324623,0.0
8,0.8,129,0.021525147171828712,0.0
8,0.8,130,0.020714047393578204,0.0
8,0.8,131,0.023998236079037744,0.0
8,0.8,132,0.026732352961058168,0.0
8,0.8,133,0.02134811644745195,0.0
8,0.8,134,0.023913833317751182,0.0
8,0.8,135,0.02333671557214776,0.0
8,0.8,136,0.01637669697962299,0.0
8,0.8,137,0.015689166638494744,0.0
8,0.8,138,0.012888865961520652,0.0
8,0.8,139,0.018149636792152975,0.0
8,0.8,140,0.014786057216514803,0.0
8,0.8,141,0.0173668026190152,0.0
8,0.8,142,0.021961204505386456,0.0
8,0.8,143,0.01616145284679652,0.0
8,0.8,144,0.018058989925192625,0.0
8,0.8,145,0.01710139781067998,0.0
8,0.8,146,0.019013273958493556,0.0
8,0.8,147,0.025394738748335876,0.0
8,0.8,148,0.025587137488941883,0.0
8,0.8,149,0.024962289422310508,0.0
8,0.8,150,0.025948522334966948,0.0
8,0.8,151,0.023781771708842703,0.0
8,0.8,152,0.017466058779315546,0.0
8,0.8,153,0.01809337508717129,0.0
8,0.8,154,0.02096997495886088,0.0
8,0.8,155,0.023246390899130123,0.0
8,0.8,156,0.02457563134224601,0.0
8,0.8,157,0.021574776363316152,0.0
8,0.8,158,0.027358467506455854,0.0
8,0.8,159,0.017599488474646728,0.0
8,0.8,160,0.017636334096296905,0.0
8,0.8,161,0.023206905553555587,0.0
8,0.8,162,0.026980370000066655,0.0
8,0.8,163,0.02044375677540676,0.0
8,0.8,164,0.028437721984741468,0.0
8,0.8,165,0.02155810256365617,0.0
8,0.8,166,0.026625156806451007,0.0
8,0.8,167,0.021502674657551565,0.0
8,0.8,168,0.02029452665920891,0.0
8,0.8,169,0.02164146822299042,0.0
8,0.8,170,0.02310080170073206,0.0
8,0.8,171,0.02276403483605451,0.0
8,0.8,172,0.023823106401450973,0.0
8,0.8,173,0.017980312219661482,0.0
8,0.8,174,0.01597827108922822,0.0
8,0.8,175,0.01712651377941169,0.0
8,0.8,176,0.017618122565581807,0.0
8,0.8,177,0.021441041196672495,0.0
8,0.8,178,0.021171798893754836,0.0
8,0.8,179,0.023413125746759262,0.0
8,0.8,180,0.019074417892305268,0.0
8,0.8,181,0.019603535150338552,0.0
8,0.8,182,0.021525582448944886,0.0
8,0.8,183,0.02302524154193863,0.0
8,0.8,184,0.018637951817871895,0.0
8,0.8,185,0.01749991113261179,0.0
8,0.8,186,0.019007262686534344,0.0
8,0.8,187,0.019414070461372047,0.0
8,0.8,188,0.01818842715536209,0.0
8,0.8,189,0.022349627683660774,0.0
8,0.8,190,0.01799844414195238,0.0
8,0.8,191,0.02042456910192514,0.0
8,0.8,192,0.02477041104887092,0.0
8,0.8,193,0.021343264441632714,0.0
8,0.8,194,0.017891851897126842,0.0
8,0.8,195,0.022143859283379867,0.0
8,0.8,196,0.0212421047777418,0.0
8,0.8,197,0.02745510006707145,0.0
8,0.8,198,0.02761886125850475,0.0
8,0.8,199,0.029190005657685637,0.0
8,0.8,200,0.02648049653927508,0.0
8,0.8,201,0.030578615530659877,0.0
8,0.8,202,0.024444202589226714,0.0
8,0.8,203,0.018375357612643927,0.0
8,0.8,204,0.020629542533609872,0.0
8,0.8,205,0.018777081430641992,0.0
8,0.8,206,0.019580501188749867,0.0
8,0.8,207,0.02321756546818861,0.0
8,0.8,208,0.019796812866028312,0.0
8,0.8,209,0.017321087468641305,0.0
8,0.8,210,0.018588641717349738,0.0
8,0.8,211,0.018789575350887155,0.0
8,0.8,212,0.01784579560441264,0.0
8,0.8,213,0.018676663356896054,0.0
8,0.8,214,0.02033957313605127,0.0
8,0.8,215,0.02204822552326034,0.0
8,0.8,216,0.018706257446757187,0.0
8,0.8,217,0.021996958712356504,0.0
8,0.8,218,0.026365554056745677,0.0
8,0.8,219,0.030681681277705427,0.0
8,0.8,220,0.028500555836665328,0.0
8,0.8,221,0.026868551367065074,0.0
8,0.8,222,0.02741385866417795,0.0
8,0.8,223,0.028494052935030934,0.0
8,0.8,224,0.018773349842111518,0.0
8,0.8,225,0.016901364846389225,0.0
8,0.8,226,0.020869798306001983,0.0
8,0.8,227,0.018271542902854234,0.0
8,0.8,228,0.021520816962259635,0.0
8,0.8,229,0.02214939740060565,0.0
8,0.8,230,0.020599735794358004,0.0
8,0.8,231,0.016219852926069374,0.0
8,0.8,232,0.020375146097750305,0.0
8,0.8,233,0.01486656863285998,0.0
8,0.8,234,0.015624987293767817,0.0
8,0.8,235,0.02325265275794618,0.0
8,0.8,236,0.021570172068291576,0.0
8,0.8,237,0.01703716853810229,0.0
8,0.8,238,0.023998666026322283,0.0
8,0.8,239,0.020372493239315555,0.0
8,0.8,240,0.02262888339033031,0.0
8,0.8,241,0.020111743568267088,0.0
8,0.8,242,0.024373355281032946,0.0
8,0.8,243,0.020449752884519133,0.0
8,0.8,244,0.024263887838419866,0.0
8,0.8,245,0.022317590389067825,0.0
8,0.8,246,0.021272953168227627,0.0
8,0.8,247,0.024943182705836526,0.0
8,0.8,248,0.029474750311897297,0.0
8,0.8,249,0.024214988101196752,0.0
8,0.8,250,0.024621004882798267,0.0
8,0.8,251,0.028435316266355645,0.0
8,0.8,252,0.025152761772613243,0.0
8,0.8,253,0.022115140355155903,0.0
8,0.8,254,0.02967887867190848,0.0
8,0.8,255,0.023033403870263855,0.0
8,0.8,256,0.023418523751996337,0.0
8,0.8,257,0.019021543425064805,0.0
8,0.8,258,0.019590551288359487,0.0
8,0.8,259,0.02434529812049637,0.0
8,0.8,260,0.02247225862406925,0.0
8,0.8,261,0.01900382152040357,0.0
8,0.8,262,0.024698131147123385,0.0
8,0.8,263,0.020973317366551773,0.0
8,0.8,264,0.020862625721258493,0.0
8,0.8,265,0.019726227889300972,0.0
8,0.8,266,0.022162221216519274,0.0
8,0.8,267,0.019991697643834194,0.0
8,0.8,268,0.02624458091384785,0.0
8,0.8,269,0.024472303692025524,0.0
8,0.8,270,0.025032784202447315,0.0
8,0.8,271,0.021239426447383143,0.0
8,0.8,272,0.02101461020883853,0.0
8,0.8,273,0.019019977068125894,0.0
8,0.8,274,0.021501914917213517,0.0
8,0.8,275,0.024774668516047905,0.0
8,0.8,276,0.027007116586828778,0.0
8,0.8,277,0.023193982790972862,0.0
8,0.8,278,0.022175405495240143,0.0
8,0.8,279,0.02112471974698561,0.0
8,0.8,280,0.019940077997836148,0.0
8,0.8,281,0.02304161355617708,0.0
8,0.8,282,0.022789971956193224,0.0
8,0.8,283,0.018589413229510538,0.0
8,0.8,284,0.021157412904814033,0.0
8,0.8,285,0.019385196884856425,0.0
8,0.8,286,0.017174757702901812,0.0
8,0.8,287,0.01921402890185834,0.0
8,0.8,288,0.021106849801267636,0.0
8,0.8,289,0.022122053035424458,0.0
8,0.8,290,0.024524988666802316,0.0
8,0.8,291,0.02055992707484968,0.0
8,0.8,292,0.01924109859529262,0.0
8,0.8,293,0.013547486272824212,0.0
8,0.8,294,0.013990124753411366,0.0
8,0.8,295,0.013738687996884078,0.0
8,0.8,296,0.021104563083555846,0.0
8,0.8,297,0.020719314050893313,0.0
8,0.8,298,0.01897276284401846,0.0
8,0.8,299,0.01944521511609208,0.0
8,0.8,300,0.01830700953343411,0.0
8,0.8,301,0.020968924707365836,0.0
8,0.8,302,0.024745279553133152,0.0
8,0.8,303,0.016671641242962897,0.0
8,0.8,304,0.019609576173342105,0.0
8,0.8,305,0.019834230085498054,0.0
8,0.8,306,0.022881973614323144,0.0
8,0.8,307,0.016329593447931535,0.0
8,0.8,308,0.016131902104482718,0.0
8,0.8,309,0.020951921555459427,0.0
8,0.8,310,0.019655353598544468,0.0
8,0.8,311,0.02376979873509916,0.0
8,0.8,312,0.017370182723368995,0.0
8,0.8,313,0.016093970643740366,0.0
8,0.8,314,0.018498136441403263,0.0
8,0.8,315,0.020195527310305595,0.0
8,0.8,316,0.026846719073716913,0.0
8,0.8,317,0.027760253551152934,0.0
8,0.8,318,0.02538803648500118,0.0
8,0.8,319,0.026230675522660802,0.0
8,0.8,320,0.030111008930328323,0.0
8,0.8,321,0.02868593008068313,0.0
8,0.8,322,0.023368036875846064,0.0
8,0.8,323,0.020649648332012084,0.0
8,0.8,324,0.023692224681616015,0.0
8,0.8,325,0.02062005963593053,0.0
8,0.8,326,0.01797639029125114,0.0
8,0.8,327,0.01788296072619086,0.0
8,0.8,328,0.023042985216493454,0.0
8,0.8,329,0.017822404021240825,0.0
8,0.8,330,0.025862091842012075,0.0
8,0.8,331,0.0255649334288226,0.0
8,0.8,332,0.024142406823826165,0.0
8,0.8,333,0.019015803071896657,0.0
8,0.8,334,0.0202085802035727,0.0
8,0.8,335,0.01399161605077529,0.0
8,0.8,336,0.010810798433918007,0.0
8,0.8,337,0.016810396656835227,0.0
8,0.8,338,0.014288113809405575,0.0
8,0.8,339,0.019353878876107785,0.0
8,0.8,340,0.01800123660442943,0.0
8,0.8,341,0.022209524734740412,0.0
8,0.8,342,0.024852801404208754,0.0
8,0.8,343,0.02538352604275343,0.0
8,0.8,344,0.020619268378137087,0.0
8,0.8,345,0.0176867351407844,0.0
8,0.8,346,0.02116691680717987,0.0
8,0.8,347,0.018051726300812934,0.0
8,0.8,348,0.019980841072614233,0.0
8,0.8,349,0.016587150415474004,0.0
8,0.8,350,0.016279087236211683,0.0
8,0.8,351,0.01936997834690273,0.0
8,0.8,352,0.017821651262591543,0.0
8,0.8,353,0.017355003558211898,0.0
8,0.8,354,0.019497286889666135,0.0
8,0.8,355,0.01849554533571733,0.0
8,0.8,356,0.015665117255578894,0.0
8,0.8,357,0.01728360565921229,0.0
8,0.8,358,0.022585180689486128,0.0
8,0.8,359,0.020743987220913453,0.0
8,0.8,360,0.017047389228565173,0.0
8,0.8,361,0.018026579160522048,0.0
8,0.8,362,0.01698587678205916,0.0
8,0.8,363,0.0185526362915323,0.0
8,0.8,364,0.023086442941858656,0.0
8,0.8,365,0.020280723995007528,0.0
8,0.8,366,0.020568047602158024,0.0
8,0.8,367,0.020584013988068414,0.0
8,0.8,368,0.02122440345435096,0.0
8,0.8,369,0.01963867500461707,0.0
8,0.8,370,0.024560690503316013,0.0
8,0.8,371,0.020730346811942222,0.0
8,0.8,372,0.02475576477709037,0.0
8,0.8,373,0.02021550851310375,0.0
8,0.8,374,0.019781107624205346,0.0
8,0.8,375,0.016653434668645745,0.0
8,0.8,376,0.018125735371003485,0.0
8,0.8,377,0.020804631310339508,0.0
8,0.8,378,0.01936782013690243,0.0
8,0.8,379,0.023598759112321264,0.0
8,0.8,380,0.02096711958970603,0.0
8,0.8,381,0.023038475369623935,0.0
8,0.8,382,0.022095618503461662,0.0
8,0.8,383,0.022082381900442268,0.0
8,0.8,384,0.029837454741726898,0.0
8,0.8,385,0.02354630303893261,0.0
8,0.8,386,0.02352353944398975,0.0
8,0.8,387,0.023311660193742995,0.0
8,0.8,388,0.015537158644645443,0.0
8,0.8,389,0.018840866070576487,0.0
8,0.8,390,0.018121699473741013,0.0
8,0.8,391,0.022270522273911332,0.0
8,0.8,392,0.027002751379923685,0.0
8,0.8,393,0.024034882276917576,0.0
8,0.8,394,0.02388985451448145,0.0
8,0.8,395,0.020529679259531843,0.0
8,0.8,396,0.019270303615451696,0.0
8,0.8,397,0.018670069553425837,0.0
8,0.8,398,0.01862269366112077,0.0
8,0.8,399,0.015171054264581436,0.0
8,0.8,400,0.017934227308012553,0.0
8,0.8,401,0.02058038128228166,0.0
8,0.8,402,0.02728078482914082,0.0
8,0.8,403,0.02350044271730305,0.0
8,0.8,404,0.022177765907218663,0.0
8,0.8,405,0.020091357901485852,0.0
8,0.8,406,0.022415241307284672,0.0
8,0.8,407,0.03176634035237677,0.0
8,0.8,408,0.03357716212740715,0.0
8,0.8,409,0.02906698078598776,0.0
8,0.8,410,0.02636454833623318,0.0
8,0.8,411,0.025645205713490014,0.0
8,0.8,412,0.024686225038790418,0.0
8,0.8,413,0.020481248189363428,0.0
8,0.8,414,0.018686587368660416,0.0
8,0.8,415,0.01722312760526391,0.0
8,0.8,416,0.02124623221841311,0.0
8,0.8,417,0.017805349464986815,0.0
8,0.8,418,0.01938258415272458,0.0
8,0.8,419,0.02692612682504369,0.0
8,0.8,420,0.02132795905866457,0.0
8,0.8,421,0.01721508282535196,0.0
8,0.8,422,0.01629456447187837,0.0
8,0.8,423,0.01909222056705805,0.0
8,0.8,424,0.02070550481067265,0.0
8,0.8,425,0.02011980109689844,0.0
8,0.8,426,0.02062148557430524,0.0
8,0.8,427,0.02318534575997774,0.0
8,0.8,428,0.019010330417554823,0.0
8,0.8,429,0.0181334708725042,0.0
8,0.8,430,0.017041929151765677,0.0
8,0.8,431,0.018679704138532788,0.0
8,0.8,432,0.019203600783557394,0.0
8,0.8,433,0.01923854747345014,0.0
8,0.8,434,0.017942746671535625,0.0
8,0.8,435,0.026283071557361187,0.0
8,0.8,436,0.021778640269794237,0.0
8,0.8,437,0.021533112014314525,0.0
8,0.8,438,0.025008190154161586,0.0
8,0.8,439,0.018574228372675326,0.0
8,0.8,440,0.017732237068194493,0.0
8,0.8,441,0.01870130517436808,0.0
8,0.8,442,0.01563258876158534,0.0
8,0.8,443,0.016658076740464142,0.0
8,0.8,444,0.0172488441203732,0.0
8,0.8,445,0.019943894598159043,0.0
8,0.8,446,0.019058804735763712,0.0
8,0.8,447,0.020642007629416405,0.0
8,0.8,448,0.019255698449932482,0.0
8,0.8,449,0.01613760514211527,0.0
8,0.8,450,0.019518487107802705,0.0
8,0.8,451,0.015815812290208266,0.0
8,0.8,452,0.020234780680200005,0.0
8,0.8,453,0.023355910869971908,0.0
8,0.8,454,0.027120020857201683,0.0
8,0.8,455,0.017427403678853547,0.0
8,0.8,456,0.019077674900031774,0.0
8,0.8,457,0.02510733063018486,0.0
8,0.8,458,0.02758095685171123,0.0
8,0.8,459,0.024001542561089398,0.0
8,0.8,460,0.021528483105241327,0.0
8,0.8,461,0.021088922586677147,0.0
8,0.8,462,0.024044940314452617,0.0
8,0.8,463,0.020961036564969424,0.0
8,0.8,464,0.02232918597652143,0.0
8,0.8,465,0.02392820746044552,0.0
8,0.8,466,0.023655276844731617,0.0
8,0.8,467,0.024360306338620467,0.0
8,0.8,468,0.02437879874516274,0.0
8,0.8,469,0.023216400664539557,0.0
8,0.8,470,0.019169298773306035,0.0
8,0.8,471,0.024226980376826846,0.0
8,0.8,472,0.025398501675780318,0.0
8,0.8,473,0.021977448634019604,0.0
8,0.8,474,0.020533236448190634,0.0
8,0.8,475,0.02441514462497298,0.0
8,0.8,476,0.025997027361073597,0.0
8,0.8,477,0.026689494364158267,0.0
8,0.8,478,0.030017977240213344,0.0
8,0.8,479,0.024368531295405105,0.0
8,0.8,480,0.025730598071650457,0.0
8,0.8,481,0.021883749884938682,0.0
8,0.8,482,0.017187743839303878,0.0
8,0.8,483,0.02033491051444121,0.0
8,0.8,484,0.015197954446074347,0.0
8,0.8,485,0.020742647546662017,0.0
8,0.8,486,0.020565265071525743,0.0
8,0.8,487,0.027855422573415844,0.0
8,0.8,488,0.024088709609643516,0.0
8,0.8,489,0.021482450921366532,0.0
8,0.8,490,0.02244486915700361,0.0
8,0.8,491,0.02882916213759028,0.0
8,0.8,492,0.03063934511390174,0.0
8,0.8,493,0.025751910833741173,0.0
8,0.8,494,0.028505402320755713,0.0
8,0.8,495,0.024765776554085527,0.0
8,0.8,496,0.021760744211233463,0.0
8,0.8,497,0.023725518711904113,0.0
8,0.8,498,0.026047854252969866,0.0
8,0.8,499,0.031220692642159084,0.0
8,0.8,500,0.02677812445263748,0.0
8,1.0,0,0.09260294223174646,0.0
8,1.0,1,0.05607955608083537,0.0
8,1.0,2,0.04797798705420639,0.0
8,1.0,3,0.03941175270700801,0.0
8,1.0,4,0.024365990920635457,0.0
8,1.0,5,0.023947259625897374,0.0
8,1.0,6,0.02414711708920384,0.0
8,1.0,7,0.02018366908535264,0.0
8,1.0,8,0.021838203760287916,0.0
8,1.0,9,0.017624036909774436,0.0
8,1.0,10,0.014576421553552878,0.0
8,1.0,11,0.018353874611983675,0.0
8,1.0,12,0.018194643550114627,0.0
8,1.0,13,0.022854045311754848,0.0
8,1.0,14,0.019917744859688634,0.0
8,1.0,15,0.01590247558767881,0.0
8,1.0,16,0.0188091025854851,0.0
8,1.0,17,0.020483375442727176,0.0
8,1.0,18,0.018411111340413473,0.0
8,1.0,19,0.023378195353520606,0.0
8,1.0,20,0.01872437379764132,0.0
8,1.0,21,0.017981925191167453,0.0
8,1.0,22,0.02146113642953755,0.0
8,1.0,23,0.02292325898807746,0.0
8,1.0,24,0.02114908968545547,0.0
8,1.0,25,0.021229244670845398,0.0
8,1.0,26,0.021582186187082887,0.0
8,1.0,27,0.018240992436355737,0.0
8,1.0,28,0.017446917367502347,0.0
8,1.0,29,0.017977319139932783,0.0
8,1.0,30,0.019778058421757668,0.0
8,1.0,31,0.020048382443515853,0.0
8,1.0,32,0.01866620822438465,0.0
8,1.0,33,0.015169776900742369,0.0
8,1.0,34,0.017408692364657724,0.0
8,1.0,35,0.016339560151429174,0.0
8,1.0,36,0.021738664353512883,0.0
8,1.0,37,0.021329701915943584,0.0
8,1.0,38,0.021293625518606123,0.0
8,1.0,39,0.02125948202270073,0.0
8,1.0,40,0.025624913949889475,0.0
8,1.0,41,0.024548862504025246,0.0
8,1.0,42,0.024935612862771607,0.0
8,1.0,43,0.024533880222377537,0.0
8,1.0,44,0.021106309808358478,0.0
8,1.0,45,0.023160290145121526,0.0
8,1.0,46,0.022194863751809586,0.0
8,1.0,47,0.022738529542085537,0.0
8,1.0,48,0.02769124875348061,0.0
8,1.0,49,0.02515514223916209,0.0
8,1.0,50,0.025351308959940613,0.0
8,1.0,51,0.02243871228311801,0.0
8,1.0,52,0.024347449407541747,0.0
8,1.0,53,0.030933610919342054,0.0
8,1.0,54,0.02324829818658435,0.0
8,1.0,55,0.02071442565590403,0.0
8,1.0,56,0.024993535818622584,0.0
8,1.0,57,0.02458262529305417,0.0
8,1.0,58,0.023666336776296527,0.0
8,1.0,59,0.030384653636307456,0.0
8,1.0,60,0.019698545043732453,0.0
8,1.0,61,0.0191419999836837,0.0
8,1.0,62,0.01797364597716852,0.0
8,1.0,63,0.02322910241638341,0.0
8,1.0,64,0.02163776217117287,0.0
8,1.0,65,0.019740608920645043,0.0
8,1.0,66,0.01928652711577991,0.0
8,1.0,67,0.020941528961108805,0.0
8,1.0,68,0.018223610469645327,0.0
8,1.0,69,0.02004809932689692,0.0
8,1.0,70,0.021883304728349418,0.0
8,1.0,71,0.025107501381848724,0.0
8,1.0,72,0.023563839634198436,0.0
8,1.0,73,0.025006899036384832,0.0
8,1.0,74,0.02022142407974012,0.0
8,1.0,75,0.020878304163066873,0.0
8,1.0,76,0.024487251297814802,0.0
8,1.0,77,0.025431487106043135,0.0
8,1.0,78,0.020901936622311306,0.0
8,1.0,79,0.021578274877689464,0.0
8,1.0,80,0.01759901916558371,0.0
8,1.0,81,0.017356760318752343,0.0
8,1.0,82,0.022498549494772896,0.0
8,1.0,83,0.026734403842992735,0.0
8,1.0,84,0.023541933896381907,0.0
8,1.0,85,0.02396757187882802,0.0
8,1.0,86,0.022309550460121143,0.0
8,1.0,87,0.02209482485762077,0.0
8,1.0,88,0.02133308986901468,0.0
8,1.0,89,0.018460661630720056,0.0
8,1.0,90,0.020381699498200567,0.0
8,1.0,91,0.01563868606707408,0.0
8,1.0,92,0.019047697383927156,0.0
8,1.0,93,0.024115431348585212,0.0
8,1.0,94,0.016986898703397712,0.0
8,1.0,95,0.018129054514115655,0.0
8,1.0,96,0.016022486418190218,0.0
8,1.0,97,0.015831126367548746,0.0
8,1.0,98,0.018000011355415464,0.0
8,1.0,99,0.018973218042986337,0.0
8,1.0,100,0.021800912033687895,0.0
8,1.0,101,0.023189462811429303,0.0
8,1.0,102,0.023232928111283736,0.0
8,1.0,103,0.02243963981256759,0.0
8,1.0,104,0.01782942257616673,0.0
8,1.0,105,0.015087095780492873,0.0
8,1.0,106,0.016036662542941175,0.0
8,1.0,107,0.014045174432485511,0.0
8,1.0,108,0.01701662378674427,0.0
8,1.0,109,0.015721121579699404,0.0
8,1.0,110,0.020358975923688512,0.0
8,1.0,111,0.02250407233790824,0.0
8,1.0,112,0.02165059984453084,0.0
8,1.0,113,0.019665453847121976,0.0
8,1.0,114,0.01832895127027777,0.0
8,1.0,115,0.016945620614197535,0.0
8,1.0,116,0.020810301068370198,0.0
8,1.0,117,0.019870855357693614,0.0
8,1.0,118,0.018782069293453316,0.0
8,1.0,119,0.02537698828050358,0.0
8,1.0,120,0.02907981623603709,0.0
8,1.0,121,0.02043879979989335,0.0
8,1.0,122,0.018022647638848744,0.0
8,1.0,123,0.021439299571018432,0.0
8,1.0,124,0.02168331663793699,0.0
8,1.0,125,0.02624898259951515,0.0
8,1.0,126,0.026329592837083426,0.0
8,1.0,127,0.024269181946933366,0.0
8,1.0,128,0.02298251714004167,0.0
8,1.0,129,0.022695268969775008,0.0
8,1.0,130,0.022401131678177602,0.0
8,1.0,131,0.02081077578525957,0.0
8,1.0,132,0.02640333614133875,0.0
8,1.0,133,0.02141103785215125,0.0
8,1.0,134,0.025277647484864024,0.0
8,1.0,135,0.024216989522212913,0.0
8,1.0,136,0.022814791125952624,0.0
8,1.0,137,0.017278680812689642,0.0
8,1.0,138,0.017433213067748227,0.0
8,1.0,139,0.017428443830647677,0.0
8,1.0,140,0.017646522812207095,0.0
8,1.0,141,0.01838666686051049,0.0
8,1.0,142,0.021456108337520253,0.0
8,1.0,143,0.020727880435727562,0.0
8,1.0,144,0.02249823691496351,0.0
8,1.0,145,0.020518756657492726,0.0
8,1.0,146,0.01649135459441602,0.0
8,1.0,147,0.016106535389082185,0.0
8,1.0,148,0.015129367360502625,0.0
8,1.0,149,0.017227851366791794,0.0
8,1.0,150,0.017815181666608216,0.0
8,1.0,151,0.019112515126015882,0.0
8,1.0,152,0.021793505495882996,0.0
8,1.0,153,0.020956354398364914,0.0
8,1.0,154,0.021970088328628557,0.0
8,1.0,155,0.025720694197890727,0.0
8,1.0,156,0.023563047079365372,0.0
8,1.0,157,0.022502690139293288,0.0
8,1.0,158,0.024393056212257416,0.0
8,1.0,159,0.01834731982258012,0.0
8,1.0,160,0.024892137038706994,0.0
8,1.0,161,0.024743636797304812,0.0
8,1.0,162,0.016836061195028507,0.0
8,1.0,163,0.01532912355216317,0.0
8,1.0,164,0.019801521088781887,0.0
8,1.0,165,0.024406447145077448,0.0
8,1.0,166,0.019684626054483394,0.0
8,1.0,167,0.02143666753031146,0.0
8,1.0,168,0.020235225363621195,0.0
8,1.0,169,0.018887672805075185,0.0
8,1.0,170,0.01735277912120567,0.0
8,1.0,171,0.02262257677922909,0.0
8,1.0,172,0.02417763048953515,0.0
8,1.0,173,0.022857088592940573,0.0
8,1.0,174,0.022290065757682963,0.0
8,1.0,175,0.018314420454155857,0.0
8,1.0,176,0.021454562200564853,0.0
8,1.0,177,0.018063188924410424,0.0
8,1.0,178,0.01827064523898802,0.0
8,1.0,179,0.024376642717787368,0.0
8,1.0,180,0.023486905124532886,0.0
8,1.0,181,0.02403674336731134,0.0
8,1.0,182,0.022895021407176003,0.0
8,1.0,183,0.02538968664231586,0.0
8,1.0,184,0.02198938495077831,0.0
8,1.0,185,0.022090333266699756,0.0
8,1.0,186,0.025860850766964805,0.0
8,1.0,187,0.02046389422654033,0.0
8,1.0,188,0.02077602206361966,0.0
8,1.0,189,0.018927245338694516,0.0
8,1.0,190,0.019365041231264358,0.0
8,1.0,191,0.01678140637041821,0.0
8,1.0,192,0.01934210705822017,0.0
8,1.0,193,0.0162913762844893,0.0
8,1.0,194,0.016251379428143854,0.0
8,1.0,195,0.016776956067007277,0.0
8,1.0,196,0.020176745434551308,0.0
8,1.0,197,0.018919726010394062,0.0
8,1.0,198,0.02045858460976995,0.0
8,1.0,199,0.02061499514092634,0.0
8,1.0,200,0.022402375574743418,0.0
8,1.0,201,0.027888105828363336,0.0
8,1.0,202,0.02894705986513073,0.0
8,1.0,203,0.02429564839287893,0.0
8,1.0,204,0.019720580351969694,0.0
8,1.0,205,0.016990263277465806,0.0
8,1.0,206,0.02044609259542685,0.0
8,1.0,207,0.02068920932436905,0.0
8,1.0,208,0.016503421351830985,0.0
8,1.0,209,0.017044151952816885,0.0
8,1.0,210,0.022819058228983193,0.0
8,1.0,211,0.019528530016185926,0.0
8,1.0,212,0.02054660585347006,0.0
8,1.0,213,0.01963800510214285,0.0
8,1.0,214,0.02202099888942399,0.0
8,1.0,215,0.021190119641218946,0.0
8,1.0,216,0.023145321066217694,0.0
8,1.0,217,0.0189698591417363,0.0
8,1.0,218,0.018310843407282416,0.0
8,1.0,219,0.017769643754243326,0.0
8,1.0,220,0.020619597390440596,0.0
8,1.0,221,0.02993503230243739,0.0
8,1.0,222,0.022233787248111637,0.0
8,1.0,223,0.02210989387189155,0.0
8,1.0,224,0.01969682164814047,0.0
8,1.0,225,0.01604844453284889,0.0
8,1.0,226,0.01585681219987493,0.0
8,1.0,227,0.01604771509323784,0.0
8,1.0,228,0.01640216029066379,0.0
8,1.0,229,0.016009379381575123,0.0
8,1.0,230,0.019334864943515367,0.0
8,1.0,231,0.021343819009179154,0.0
8,1.0,232,0.022234860436153442,0.0
8,1.0,233,0.026471723948835568,0.0
8,1.0,234,0.019631802949984525,0.0
8,1.0,235,0.01922562178939665,0.0
8,1.0,236,0.019252269558465564,0.0
8,1.0,237,0.014649995310022604,0.0
8,1.0,238,0.015794966417412667,0.0
8,1.0,239,0.021390722811697748,0.0
8,1.0,240,0.022208330067349947,0.0
8,1.0,241,0.02082585258582194,0.0
8,1.0,242,0.017073514322877275,0.0
8,1.0,243,0.01769369001589878,0.0
8,1.0,244,0.01660083287720656,0.0
8,1.0,245,0.014577371405064644,0.0
8,1.0,246,0.017824871684145614,0.0
8,1.0,247,0.021930630130617138,0.0
8,1.0,248,0.02700013526960208,0.0
8,1.0,249,0.02289476213236035,0.0
8,1.0,250,0.022121796905687142,0.0
8,1.0,251,0.02131167464131841,0.0
8,1.0,252,0.025402525493029727,0.0
8,1.0,253,0.02154398822447398,0.0
8,1.0,254,0.019625520885281963,0.0
8,1.0,255,0.01976652826669913,0.0
8,1.0,256,0.027359902478255923,0.0
8,1.0,257,0.02229168604674769,0.0
8,1.0,258,0.02418633129867671,0.0
8,1.0,259,0.023417800356238038,0.0
8,1.0,260,0.02580114225421326,0.0
8,1.0,261,0.020689272840689058,0.0
8,1.0,262,0.021031132547106365,0.0
8,1.0,263,0.024545091732543392,0.0
8,1.0,264,0.0225319448616467,0.0
8,1.0,265,0.022467885142503547,0.0
8,1.0,266,0.022419865133526763,0.0
8,1.0,267,0.027309847138210875,0.0
8,1.0,268,0.02366104664856647,0.0
8,1.0,269,0.023127563287963265,0.0
8,1.0,270,0.018663137680779228,0.0
8,1.0,271,0.016702616461854104,0.0
8,1.0,272,0.018548473592965232,0.0
8,1.0,273,0.01867963089970858,0.0
8,1.0,274,0.022250802542223943,0.0
8,1.0,275,0.019747491388290395,0.0
8,1.0,276,0.019117507543906988,0.0
8,1.0,277,0.021819486885893653,0.0
8,1.0,278,0.023074467834467503,0.0
8,1.0,279,0.020905232223291256,0.0
8,1.0,280,0.02329443160360377,0.0
8,1.0,281,0.022157225160230613,0.0
8,1.0,282,0.027649612013042238,0.0
8,1.0,283,0.02351885086210368,0.0
8,1.0,284,0.018515556610601048,0.0
8,1.0,285,0.021620713527231925,0.0
8,1.0,286,0.024349712820966415,0.0
8,1.0,287,0.023160732177621792,0.0
8,1.0,288,0.027400283181106065,0.0
8,1.0,289,0.027124125013961397,0.0
8,1.0,290,0.03126435261222051,0.0
8,1.0,291,0.0313338070195722,0.0
8,1.0,292,0.027783534639639007,0.0
8,1.0,293,0.02286120249512896,0.0
8,1.0,294,0.02846793871009924,0.0
8,1.0,295,0.021769185183040385,0.0
8,1.0,296,0.026665287205556644,0.0
8,1.0,297,0.021943948131826048,0.0
8,1.0,298,0.02391195214511685,0.0
8,1.0,299,0.02158129829915367,0.0
8,1.0,300,0.026666021827623298,0.0
8,1.0,301,0.026673245436401132,0.0
8,1.0,302,0.02717461088320377,0.0
8,1.0,303,0.024143468357893102,0.0
8,1.0,304,0.02280914061665917,0.0
8,1.0,305,0.023507854100506126,0.0
8,1.0,306,0.028924530042689373,0.0
8,1.0,307,0.029378445087008823,0.0
8,1.0,308,0.029613958153941744,0.0
8,1.0,309,0.0271793682608947,0.0
8,1.0,310,0.020173375228688527,0.0
8,1.0,311,0.01939338781355009,0.0
8,1.0,312,0.023344379385337136,0.0
8,1.0,313,0.01850993932529611,0.0
8,1.0,314,0.019050925951803438,0.0
8,1.0,315,0.019207885554937777,0.0
8,1.0,316,0.01947679976577098,0.0
8,1.0,317,0.017432613571183756,0.0
8,1.0,318,0.018147901578265017,0.0
8,1.0,319,0.02538395568982994,0.0
8,1.0,320,0.024516014282512443,0.0
8,1.0,321,0.024763831447685226,0.0
8,1.0,322,0.02134043376677998,0.0
8,1.0,323,0.02182673589991229,0.0
8,1.0,324,0.02383749390165159,0.0
8,1.0,325,0.019623609428676428,0.0
8,1.0,326,0.01817086114266044,0.0
8,1.0,327,0.01759064612833648,0.0
8,1.0,328,0.018780383089156024,0.0
8,1.0,329,0.026098731129734643,0.0
8,1.0,330,0.025747205322441014,0.0
8,1.0,331,0.02488979570930955,0.0
8,1.0,332,0.023337464739467073,0.0
8,1.0,333,0.016960657927434626,0.0
8,1.0,334,0.018415227490914326,0.0
8,1.0,335,0.01707195003360783,0.0
8,1.0,336,0.0163837185565665,0.0
8,1.0,337,0.01487195073496369,0.0
8,1.0,338,0.016865471034264095,0.0
8,1.0,339,0.02145134870776018,0.0
8,1.0,340,0.022082439486857192,0.0
8,1.0,341,0.01703494506489588,0.0
8,1.0,342,0.0229349816769019,0.0
8,1.0,343,0.022071390329168415,0.0
8,1.0,344,0.017690896874065623,0.0
8,1.0,345,0.02273969796312787,0.0
8,1.0,346,0.021533590078553447,0.0
8,1.0,347,0.022554453291245016,0.0
8,1.0,348,0.022822540286215318,0.0
8,1.0,349,0.024476367974377508,0.0
8,1.0,350,0.0255603731185914,0.0
8,1.0,351,0.022376694697234925,0.0
8,1.0,352,0.021552659071453463,0.0
8,1.0,353,0.0218910500416566,0.0
8,1.0,354,0.01940249066921236,0.0
8,1.0,355,0.019021878486155663,0.0
8,1.0,356,0.018029927055812474,0.0
8,1.0,357,0.024362953412824958,0.0
8,1.0,358,0.02606422784882359,0.0
8,1.0,359,0.02201653087181201,0.0
8,1.0,360,0.021490605349131452,0.0
8,1.0,361,0.02098729258010282,0.0
8,1.0,362,0.021452665107588084,0.0
8,1.0,363,0.016097480720212345,0.0
8,1.0,364,0.020656175402708442,0.0
8,1.0,365,0.025355959176057544,0.0
8,1.0,366,0.024613628632158973,0.0
8,1.0,367,0.026152520663127586,0.0
8,1.0,368,0.020975033212015753,0.0
8,1.0,369,0.021787277176315425,0.0
8,1.0,370,0.024148184961163274,0.0
8,1.0,371,0.022373663896987122,0.0
8,1.0,372,0.025802859922022844,0.0
8,1.0,373,0.02226763491157873,0.0
8,1.0,374,0.020777766497516063,0.0
8,1.0,375,0.01734436003896438,0.0
8,1.0,376,0.016257669876321216,0.0
8,1.0,377,0.019704665439482075,0.0
8,1.0,378,0.018548620105158217,0.0
8,1.0,379,0.01782144045630403,0.0
8,1.0,380,0.017281686425512147,0.0
8,1.0,381,0.020586463121888346,0.0
8,1.0,382,0.02530476411683818,0.0
8,1.0,383,0.020386836714064785,0.0
8,1.0,384,0.02155803450407533,0.0
8,1.0,385,0.022684689205491958,0.0
8,1.0,386,0.022029644414240702,0.0
8,1.0,387,0.02159738389691802,0.0
8,1.0,388,0.0209474182882544,0.0
8,1.0,389,0.01667329448485513,0.0
8,1.0,390,0.02039232919126164,0.0
8,1.0,391,0.013375170624490984,0.0
8,1.0,392,0.016575294015986005,0.0
8,1.0,393,0.018769995951846183,0.0
8,1.0,394,0.020768063608060414,0.0
8,1.0,395,0.019150636617674587,0.0
8,1.0,396,0.01782949081373046,0.0
8,1.0,397,0.0233044624456444,0.0
8,1.0,398,0.023195619249007034,0.0
8,1.0,399,0.0228443487660943,0.0
8,1.0,400,0.02590739616346141,0.0
8,1.0,401,0.02247087441105717,0.0
8,1.0,402,0.02112236630324419,0.0
8,1.0,403,0.0199172364348498,0.0
8,1.0,404,0.02602859556354912,0.0
8,1.0,405,0.025773713188186873,0.0
8,1.0,406,0.020219756894960823,0.0
8,1.0,407,0.02123322423207614,0.0
8,1.0,408,0.02375223240267132,0.0
8,1.0,409,0.023862633262725835,0.0
8,1.0,410,0.02047330904629346,0.0
8,1.0,411,0.02076678551679179,0.0
8,1.0,412,0.022205100096556407,0.0
8,1.0,413,0.02303015031363392,0.0
8,1.0,414,0.020569075011204082,0.0
8,1.0,415,0.024043591327091565,0.0
8,1.0,416,0.023120920482575472,0.0
8,1.0,417,0.026229971492374795,0.0
8,1.0,418,0.027073509654053095,0.0
8,1.0,419,0.025296722067330274,0.0
8,1.0,420,0.03054246909482133,0.0
8,1.0,421,0.026133743164343585,0.0
8,1.0,422,0.027928215720066506,0.0
8,1.0,423,0.026550449725651414,0.0
8,1.0,424,0.022139892166447694,0.0
8,1.0,425,0.029798402204356235,0.0
8,1.0,426,0.03096401294220566,0.0
8,1.0,427,0.02480177905901526,0.0
8,1.0,428,0.027270575477337626,0.0
8,1.0,429,0.022181088221539663,0.0
8,1.0,430,0.021652326941273285,0.0
8,1.0,431,0.027100007902772255,0.0
8,1.0,432,0.021272754304067797,0.0
8,1.0,433,0.025660832250331493,0.0
8,1.0,434,0.02320592601316422,0.0
8,1.0,435,0.023726229301532703,0.0
8,1.0,436,0.023419426248974067,0.0
8,1.0,437,0.021751994947040606,0.0
8,1.0,438,0.01976674787320627,0.0
8,1.0,439,0.01983094113393621,0.0
8,1.0,440,0.019404827796364633,0.0
8,1.0,441,0.016193068945863406,0.0
8,1.0,442,0.01670065430047194,0.0
8,1.0,443,0.020314784989598343,0.0
8,1.0,444,0.019443957502379018,0.0
8,1.0,445,0.018314241943442323,0.0
8,1.0,446,0.020990327990996125,0.0
8,1.0,447,0.01924877967874975,0.0
8,1.0,448,0.022208353290835373,0.0
8,1.0,449,0.02239287535385216,0.0
8,1.0,450,0.019332850671106214,0.0
8,1.0,451,0.023350451451077312,0.0
8,1.0,452,0.025606509186448433,0.0
8,1.0,453,0.015948059979155643,0.0
8,1.0,454,0.01641996699909359,0.0
8,1.0,455,0.02252325546905063,0.0
8,1.0,456,0.021040317941817707,0.0
8,1.0,457,0.019580423538883653,0.0
8,1.0,458,0.01717553073920873,0.0
8,1.0,459,0.017075323379791774,0.0
8,1.0,460,0.013453882868622058,0.0
8,1.0,461,0.018598889951280114,0.0
8,1.0,462,0.018019873644814315,0.0
8,1.0,463,0.0185687174836032,0.0
8,1.0,464,0.020472169785529504,0.0
8,1.0,465,0.018779711353902218,0.0
8,1.0,466,0.018834591752881963,0.0
8,1.0,467,0.01820697403277123,0.0
8,1.0,468,0.022422947669573312,0.0
8,1.0,469,0.02199543787504364,0.0
8,1.0,470,0.021483002666920038,0.0
8,1.0,471,0.023059774809055075,0.0
8,1.0,472,0.017660076646632904,0.0
8,1.0,473,0.02029027812864116,0.0
8,1.0,474,0.0223269404864977,0.0
8,1.0,475,0.02115319343135003,0.0
8,1.0,476,0.01732871093787985,0.0
8,1.0,477,0.015406776079874422,0.0
8,1.0,478,0.014811723225528711,0.0
8,1.0,479,0.01631029194982867,0.0
8,1.0,480,0.019188947649288163,0.0
8,1.0,481,0.018254862505185595,0.0
8,1.0,482,0.016563285712336312,0.0
8,1.0,483,0.021054775507693774,0.0
8,1.0,484,0.022060035794645005,0.0
8,1.0,485,0.022609898650781498,0.0
8,1.0,486,0.02051949349800681,0.0
8,1.0,487,0.020054690982560058,0.0
8,1.0,488,0.019937406673429855,0.0
8,1.0,489,0.020097073583532406,0.0
8,1.0,490,0.021682991681030522,0.0
8,1.0,491,0.020703019206071455,0.0
8,1.0,492,0.02056219291891232,0.0
8,1.0,493,0.020082401721336133,0.0
8,1.0,494,0.019701532584747213,0.0
8,1.0,495,0.020834233954784422,0.0
8,1.0,496,0.02254291929686124,0.0
8,1.0,497,0.022335164190052163,0.0
8,1.0,498,0.025759548376443404,0.0
8,1.0,499,0.019695318742679224,0.0
8,1.0,500,0.018767459523213223,0.0
10,0.0,0,0.09734074685994776,0.0
10,0.0,1,0.062397207875202,0.0
10,0.0,2,0.05060833671521632,0.0
10,0.0,3,0.04078967229417621,0.0
10,0.0,4,0.038101260500055446,0.0
10,0.0,5,0.03150990379754715,0.0
10,0.0,6,0.02879326758590096,0.0
10,0.0,7,0.027045012412159872,0.0
10,0.0,8,0.03277648317600773,0.0
10,0.0,9,0.03343838109102197,0.0
10,0.0,10,0.029802799916985964,0.0
10,0.0,11,0.024061090191359043,0.0
10,0.0,12,0.03047982863089598,0.0
10,0.0,13,0.028681339252344694,0.0
10,0.0,14,0.03725539538378714,0.0
10,0.0,15,0.04277129362071031,0.0
10,0.0,16,0.03704740415959837,0.0
10,0.0,17,0.03349664500377791,0.0
10,0.0,18,0.033524541878916736,0.0
10,0.0,19,0.03299584386048124,0.0
10,0.0,20,0.03322888757746298,0.0
10,0.0,21,0.03425666409747529,0.0
10,0.0,22,0.036087385652311954,0.0
10,0.0,23,0.04754095715353168,0.0
10,0.0,24,0.047785137798567814,0.0
10,0.0,25,0.03716978746146367,0.0
10,0.0,26,0.03919989967513954,0.0
10,0.0,27,0.041029861177094354,0.0
10,0.0,28,0.05009548786405719,0.0
10,0.0,29,0.049003979364675966,0.0
10,0.0,30,0.047699349287627806,0.0
10,0.0,31,0.05019855958565917,0.0
10,0.0,32,0.05759857851366402,0.0
10,0.0,33,0.058933565663586124,0.0
10,0.0,34,0.05819036244281093,0.0
10,0.0,35,0.05780254406071034,0.0
10,0.0,36,0.054301369035448646,0.0
10,0.0,37,0.049489128992384314,0.0
10,0.0,38,0.051279332945577766,0.0
10,0.0,39,0.053748392169723484,0.0
10,0.0,40,0.05429784096957066,0.0
10,0.0,41,0.05332483029302941,0.0
10,0.0,42,0.05463837630097571,0.0
10,0.0,43,0.05481101661033296,0.0
10,0.0,44,0.057922330189074965,0.0
10,0.0,45,0.05436468263679806,0.0
10,0.0,46,0.051606966125571654,0.0
10,0.0,47,0.04528335075777012,0.0
10,0.0,48,0.04619835984628372,0.0
10,0.0,49,0.044191412920947144,0.0
10,0.0,50,0.04157584820085988,0.0
10,0.0,51,0.04364574635794431,0.0
10,0.0,52,0.05184413534144782,0.0
10,0.0,53,0.05615922975970624,0.0
10,0.0,54,0.06747327723854869,0.0
10,0.0,55,0.06687339440549765,0.0
10,0.0,56,0.06349151139788903,0.0
10,0.0,57,0.07142471841549598,0.0
10,0.0,58,0.06748132619486709,0.0
10,0.0,59,0.07314968507387422,0.0
10,0.0,60,0.07192507618403358,0.0
10,0.0,61,0.07574596711785646,0.0
10,0.0,62,0.0759636201589489,0.0
10,0.0,63,0.07068023663875629,0.0
10,0.0,64,0.07407774243455709,0.0
10,0.0,65,0.07837514221882493,0.0
10,0.0,66,0.07504298699175861,0.0
10,0.0,67,0.07159737423436248,0.0
10,0.0,68,0.09117350344238413,0.0
10,0.0,69,0.09514692720251801,0.0
10,0.0,70,0.0731863891852911,0.0
10,0.0,71,0.07506790772764121,0.0
10,0.0,72,0.07763941182514307,0.0
10,0.0,73,0.07650183444565889,0.0
10,0.0,74,0.07175408562155912,0.0
10,0.0,75,0.06789516620527122,0.0
10,0.0,76,0.07255827572411168,0.0
10,0.0,77,0.06140173996844586,0.0
10,0.0,78,0.0653660482532295,0.0
10,0.0,79,0.07037566531951212,0.0
10,0.0,80,0.0659691922153415,0.0
10,0.0,81,0.07777785674902765,0.0
10,0.0,82,0.07549078742646888,0.0
10,0.0,83,0.07701042064533019,0.0
10,0.0,84,0.07383342462474267,0.0
10,0.0,85,0.0792451026890583,0.0
10,0.0,86,0.06707943864713997,0.0
10,0.0,87,0.06857952714906194,0.0
10,0.0,88,0.06795240465715267,0.0
10,0.0,89,0.080927080980765,0.0
10,0.0,90,0.08505432034369954,0.0
10,0.0,91,0.07642516151384887,0.0
10,0.0,92,0.08380607043905433,0.0
10,0.0,93,0.09349123896458489,0.0
10,0.0,94,0.09206532061300955,0.0
10,0.0,95,0.08467387024266429,0.0
10,0.0,96,0.08041280378606878,0.0
10,0.0,97,0.08069032272268284,0.0
10,0.0,98,0.06970845308949224,0.0
10,0.0,99,0.07080275991414058,0.0
10,0.0,100,0.0728205153056762,0.0
10,0.0,101,0.08042727179023014,0.0
10,0.0,102,0.08620320535654781,0.0
10,0.0,103,0.09459269120459197,0.0
10,0.0,104,0.07759297584890748,0.0
10,0.0,105,0.0769197040424518,0.0
10,0.0,106,0.08614712377891444,0.0
10,0.0,107,0.07610626871739216,0.0
10,0.0,108,0.09176091796970445,0.0
10,0.0,109,0.09699559459789726,0.0
10,0.0,110,0.09310461734618639,0.0
10,0.0,111,0.09840098950156737,0.0
10,0.0,112,0.09117073810302351,0.0
10,0.0,113,0.08847884423958384,0.0
10,0.0,114,0.08904791643099769,0.0
10,0.0,115,0.07584576387640798,0.0
10,0.0,116,0.08330371068082157,0.0
10,0.0,117,0.08314000119280784,0.0
10,0.0,118,0.065880458742316,0.0
10,0.0,119,0.05852760519414574,0.0
10,0.0,120,0.05210398830528506,0.0
10,0.0,121,0.054266412777481385,0.0
10,0.0,122,0.045632406165538375,0.0
10,0.0,123,0.04831721152027306,0.0
10,0.0,124,0.04589534765462695,0.0
10,0.0,125,0.04152312751771225,0.0
10,0.0,126,0.037826901022155274,0.0
10,0.0,127,0.04106112302829321,0.0
10,0.0,128,0.04844764812696064,0.0
10,0.0,129,0.04783230699018971,0.0
10,0.0,130,0.05909551865596195,0.0
10,0.0,131,0.053322109469456355,0.0
10,0.0,132,0.04582353845214172,0.0
10,0.0,133,0.04239483319538388,0.0
10,0.0,134,0.04616040798086471,0.0
10,0.0,135,0.05427860747180638,0.0
10,0.0,136,0.052647592711288646,0.0
10,0.0,137,0.04663123168121028,0.0
10,0.0,138,0.04348659267945658,0.0
10,0.0,139,0.03880397695615758,0.0
10,0.0,140,0.041142290141945786,0.0
10,0.0,141,0.041136226363080855,0.0
10,0.0,142,0.03598592381478403,0.0
10,0.0,143,0.04247825975150127,0.0
10,0.0,144,0.03862580244798634,0.0
10,0.0,145,0.03865270652077661,0.0
10,0.0,146,0.03793011421746015,0.0
10,0.0,147,0.04692862894915323,0.0
10,0.0,148,0.04582711732839919,0.0
10,0.0,149,0.05340185826797805,0.0
10,0.0,150,0.04930862529748136,0.0
10,0.0,151,0.04963273565666169,0.0
10,0.0,152,0.042756622874312894,0.0
10,0.0,153,0.05270414622503188,0.0
10,0.0,154,0.05687294734754426,0.0
10,0.0,155,0.059334291981266586,0.0
10,0.0,156,0.06470677854552546,0.0
10,0.0,157,0.057405470666524655,0.0
10,0.0,158,0.06154790633992709,0.0
10,0.0,159,0.05360060379050525,0.0
10,0.0,160,0.051181809659767784,0.0
10,0.0,161,0.05185371730620116,0.0
10,0.0,162,0.04972707888037733,0.0
10,0.0,163,0.047498675858850675,0.0
10,0.0,164,0.047735771479024525,0.0
10,0.0,165,0.05049911505199495,0.0
10,0.0,166,0.04062617153948325,0.0
10,0.0,167,0.045477308135617574,0.0
10,0.0,168,0.04134855143680663,0.0
10,0.0,169,0.04598161570760461,0.0
10,0.0,170,0.04460100199573537,0.0
10,0.0,171,0.040403611479154396,0.0
10,0.0,172,0.0423986780914776,0.0
10,0.0,173,0.04830790293733896,0.0
10,0.0,174,0.04656571732489368,0.0
10,0.0,175,0.045692853768814906,0.0
10,0.0,176,0.05172096118585737,0.0
10,0.0,177,0.05385985101087327,0.0
10,0.0,178,0.047934388003452046,0.0
10,0.0,179,0.04837912006650475,0.0
10,0.0,180,0.053256441573612305,0.0
10,0.0,181,0.04775342447859398,0.0
10,0.0,182,0.041191726609718045,0.0
10,0.0,183,0.04138244799993573,0.0
10,0.0,184,0.042415724061688066,0.0
10,0.0,185,0.03871498957343314,0.0
10,0.0,186,0.03339794181582214,0.0
10,0.0,187,0.03600125405739954,0.0
10,0.0,188,0.03384425030109142,0.0
10,0.0,189,0.03556546279022211,0.0
10,0.0,190,0.03379329753540402,0.0
10,0.0,191,0.030223950727303314,0.0
10,0.0,192,0.028491935982157882,0.0
10,0.0,193,0.027562512875667907,0.0
10,0.0,194,0.030486363255875473,0.0
10,0.0,195,0.028707370934759294,0.0
10,0.0,196,0.029629979798506675,0.0
10,0.0,197,0.03297350182856126,0.0
10,0.0,198,0.03869950034424491,0.0
10,0.0,199,0.04639873457701785,0.0
10,0.0,200,0.05079543700976426,0.0
10,0.0,201,0.05196085729027593,0.0
10,0.0,202,0.04937520669129351,0.0
10,0.0,203,0.05258368493148842,0.0
10,0.0,204,0.04097388339506563,0.0
10,0.0,205,0.05242047454277396,0.0
10,0.0,206,0.06149679929489935,0.0
10,0.0,207,0.05648110568343008,0.0
10,0.0,208,0.06370747296333745,0.0
10,0.0,209,0.05698286865108206,0.0
10,0.0,210,0.05172640968031828,0.0
10,0.0,211,0.06045713174112903,0.0
10,0.0,212,0.06525781611891401,0.0
10,0.0,213,0.06568577770855172,0.0
10,0.0,214,0.06661903237567629,0.0
10,0.0,215,0.06262576351669163,0.0
10,0.0,216,0.0514240391546149,0.0
10,0.0,217,0.05180064029344832,0.0
10,0.0,218,0.05041642246761458,0.0
10,0.0,219,0.04513834575384463,0.0
10,0.0,220,0.04340957411887345,0.0
10,0.0,221,0.041997328421652276,0.0
10,0.0,222,0.039805805754048504,0.0
10,0.0,223,0.036755680857601586,0.0
10,0.0,224,0.03824099012092665,0.0
10,0.0,225,0.03655565393298325,0.0
10,0.0,226,0.03268193894656739,0.0
10,0.0,227,0.032487189939958486,0.0
10,0.0,228,0.027097107555722425,0.0
10,0.0,229,0.02221876856240064,0.0
10,0.0,230,0.02773245920797872,0.0
10,0.0,231,0.02741787051222551,0.0
10,0.0,232,0.023494794306713498,0.0
10,0.0,233,0.02223702944452613,0.0
10,0.0,234,0.019665021935290915,0.0
10,0.0,235,0.022485306476991474,0.0
10,0.0,236,0.023044641763826784,0.0
10,0.0,237,0.02265805251363652,0.0
10,0.0,238,0.023379570073043685,0.0
10,0.0,239,0.02163508233591822,0.0
10,0.0,240,0.02148032496892211,0.0
10,0.0,241,0.024883660980987217,0.0
10,0.0,242,0.0301414264525635,0.0
10,0.0,243,0.025366473304522977,0.0
10,0.0,244,0.025405957222910853,0.0
10,0.0,245,0.03203772365260199,0.0
10,0.0,246,0.03350690413995893,0.0
10,0.0,247,0.033848497396993825,0.0
10,0.0,248,0.03545334714891041,0.0
10,0.0,249,0.040378296848235316,0.0
10,0.0,250,0.043459394660742126,0.0
10,0.0,251,0.04278346568515045,0.0
10,0.0,252,0.041228925769613844,0.0
10,0.0,253,0.03518492715551814,0.0
10,0.0,254,0.03453220617588295,0.0
10,0.0,255,0.027369606082928773,0.0
10,0.0,256,0.026562291126443614,0.0
10,0.0,257,0.0248351872458917,0.0
10,0.0,258,0.024548113398314805,0.0
10,0.0,259,0.027120876149493937,0.0
10,0.0,260,0.02446166583852061,0.0
10,0.0,261,0.02398418736115314,0.0
10,0.0,262,0.024901999202483028,0.0
10,0.0,263,0.03355355843685329,0.0
10,0.0,264,0.03387259331352551,0.0
10,0.0,265,0.03132558862866632,0.0
10,0.0,266,0.029236357698514626,0.0
10,0.0,267,0.029455157682801835,0.0
10,0.0,268,0.02562278576211845,0.0
10,0.0,269,0.03324132468324146,0.0
10,0.0,270,0.03847337124177465,0.0
10,0.0,271,0.04143866990767365,0.0
10,0.0,272,0.029599311776391583,0.0
10,0.0,273,0.02923078840600347,0.0
10,0.0,274,0.025462044766594714,0.0
10,0.0,275,0.031793308891359964,0.0
10,0.0,276,0.02747314671920572,0.0
10,0.0,277,0.0284209766011098,0.0
10,0.0,278,0.02653170636371254,0.0
10,0.0,279,0.024349158893940605,0.0
10,0.0,280,0.024816492725760638,0.0
10,0.0,281,0.026982150005318714,0.0
10,0.0,282,0.02582839985485002,0.0
10,0.0,283,0.03221389553265637,0.0
10,0.0,284,0.028012744010282472,0.0
10,0.0,285,0.022536664928034963,0.0
10,0.0,286,0.028091595620584768,0.0
10,0.0,287,0.030385605869951073,0.0
10,0.0,288,0.027483444945987427,0.0
10,0.0,289,0.0230076194028391,0.0
10,0.0,290,0.020465765129049348,0.0
10,0.0,291,0.02441413786534106,0.0
10,0.0,292,0.025414260481768872,0.0
10,0.0,293,0.023972580929122623,0.0
10,0.0,294,0.022689449356537862,0.0
10,0.0,295,0.02231283258429955,0.0
10,0.0,296,0.022988760827483367,0.0
10,0.0,297,0.027997778293114322,0.0
10,0.0,298,0.03393667470624718,0.0
10,0.0,299,0.03739062076659433,0.0
10,0.0,300,0.03792651964772396,0.0
10,0.0,301,0.03517106855298403,0.0
10,0.0,302,0.03668564447902833,0.0
10,0.0,303,0.03305213421866229,0.0
10,0.0,304,0.03438119072497867,0.0
10,0.0,305,0.027040693066763113,0.0
10,0.0,306,0.02824766103161347,0.0
10,0.0,307,0.031081962108356277,0.0
10,0.0,308,0.02972381017529184,0.0
10,0.0,309,0.03290771180763617,0.0
10,0.0,310,0.026218185016022716,0.0
10,0.0,311,0.028365865357953535,0.0
10,0.0,312,0.028351596503916308,0.0
10,0.0,313,0.027265942070556548,0.0
10,0.0,314,0.028804065221216812,0.0
10,0.0,315,0.02942009849533107,0.0
10,0.0,316,0.024395700311934308,0.0
10,0.0,317,0.022238905598393695,0.0
10,0.0,318,0.02832551473842442,0.0
10,0.0,319,0.02850785103658991,0.0
10,0.0,320,0.02877580591114545,0.0
10,0.0,321,0.027457114174498393,0.0
10,0.0,322,0.025861518730771815,0.0
10,0.0,323,0.027271579790231443,0.0
10,0.0,324,0.02562632980267666,0.0
10,0.0,325,0.020295568253288165,0.0
10,0.0,326,0.02644370302059354,0.0
10,0.0,327,0.02693395512765064,0.0
10,0.0,328,0.03136667833289314,0.0
10,0.0,329,0.02805174366748023,0.0
10,0.0,330,0.0343702244218561,0.0
10,0.0,331,0.03535896768889496,0.0
10,0.0,332,0.036585723319543184,0.0
10,0.0,333,0.0253200209037646,0.0
10,0.0,334,0.023306773500754444,0.0
10,0.0,335,0.02455513521842261,0.0
10,0.0,336,0.025727869158795273,0.0
10,0.0,337,0.027801608377040387,0.0
10,0.0,338,0.02640444372452436,0.0
10,0.0,339,0.02854221920327422,0.0
10,0.0,340,0.028102757957744428,0.0
10,0.0,341,0.03008697994097104,0.0
10,0.0,342,0.02413521071362217,0.0
10,0.0,343,0.025472528505172946,0.0
10,0.0,344,0.029919439564988513,0.0
10,0.0,345,0.02608824899690859,0.0
10,0.0,346,0.03141721276188773,0.0
10,0.0,347,0.03659626628982374,0.0
10,0.0,348,0.034019540904121535,0.0
10,0.0,349,0.03592638679412694,0.0
10,0.0,350,0.03417066465730464,0.0
10,0.0,351,0.03489989102008107,0.0
10,0.0,352,0.035647548901563714,0.0
10,0.0,353,0.03676946892166821,0.0
10,0.0,354,0.028921141991623475,0.0
10,0.0,355,0.026378852219728383,0.0
10,0.0,356,0.031201459804588782,0.0
10,0.0,357,0.027105804981525067,0.0
10,0.0,358,0.0297539490103851,0.0
10,0.0,359,0.03181849324098099,0.0
10,0.0,360,0.040294437461163846,0.0
10,0.0,361,0.04191805099076434,0.0
10,0.0,362,0.0337666604524956,0.0
10,0.0,363,0.04144593447099147,0.0
10,0.0,364,0.032397808087343265,0.0
10,0.0,365,0.02947666119952015,0.0
10,0.0,366,0.03707109713178452,0.0
10,0.0,367,0.03797515082929308,0.0
10,0.0,368,0.036665573995668,0.0
10,0.0,369,0.03288902180423052,0.0
10,0.0,370,0.04107427764215157,0.0
10,0.0,371,0.037990720227992096,0.0
10,0.0,372,0.03107526870407572,0.0
10,0.0,373,0.027452411305076158,0.0
10,0.0,374,0.03285986184161926,0.0
10,0.0,375,0.03224074721139937,0.0
10,0.0,376,0.0334073249565154,0.0
10,0.0,377,0.035232363604696205,0.0
10,0.0,378,0.03710000243373472,0.0
10,0.0,379,0.03625429657795429,0.0
10,0.0,380,0.04069066907765821,0.0
10,0.0,381,0.039892794226531296,0.0
10,0.0,382,0.04474357438907139,0.0
10,0.0,383,0.03688132654997656,0.0
10,0.0,384,0.04002532786053591,0.0
10,0.0,385,0.03401598683639926,0.0
10,0.0,386,0.03649782386613895,0.0
10,0.0,387,0.036950622958639705,0.0
10,0.0,388,0.03945926822972397,0.0
10,0.0,389,0.03654723065959499,0.0
10,0.0,390,0.027058912288877007,0.0
10,0.0,391,0.026487743556402314,0.0
10,0.0,392,0.02666554994600725,0.0
10,0.0,393,0.029630916861996464,0.0
10,0.0,394,0.022500956868799032,0.0
10,0.0,395,0.0217582421429221,0.0
10,0.0,396,0.02407282572701404,0.0
10,0.0,397,0.024039023881281034,0.0
10,0.0,398,0.02343919915752854,0.0
10,0.0,399,0.019024034750621543,0.0
10,0.0,400,0.02243872643985125,0.0
10,0.0,401,0.020202697303020947,0.0
10,0.0,402,0.01841079117404723,0.0
10,0.0,403,0.020126225387528014,0.0
10,0.0,404,0.020757131190053114,0.0
10,0.0,405,0.01719095963022972,0.0
10,0.0,406,0.021372421350498407,0.0
10,0.0,407,0.020150064687238737,0.0
10,0.0,408,0.02059882656646829,0.0
10,0.0,409,0.01928452462390257,0.0
10,0.0,410,0.018901494549710428,0.0
10,0.0,411,0.016325737667334195,0.0
10,0.0,412,0.02212279514587214,0.0
10,0.0,413,0.025557792452963322,0.0
10,0.0,414,0.019420740577719597,0.0
10,0.0,415,0.021973784662303642,0.0
10,0.0,416,0.024503195007936487,0.0
10,0.0,417,0.026454149199596832,0.0
10,0.0,418,0.020896660278963662,0.0
10,0.0,419,0.0232899411747355,0.0
10,0.0,420,0.030583766106405726,0.0
10,0.0,421,0.03129024259290513,0.0
10,0.0,422,0.02796783589057271,0.0
10,0.0,423,0.02394447907895082,0.0
10,0.0,424,0.020812925619074586,0.0
10,0.0,425,0.028267293769565695,0.0
10,0.0,426,0.030937460379932166,0.0
10,0.0,427,0.034033505659206195,0.0
10,0.0,428,0.02601898818490038,0.0
10,0.0,429,0.024890478335811896,0.0
10,0.0,430,0.025255073166438692,0.0
10,0.0,431,0.021656215519999113,0.0
10,0.0,432,0.024035577367185222,0.0
10,0.0,433,0.03353086433866795,0.0
10,0.0,434,0.027707980316797106,0.0
10,0.0,435,0.029830834013187136,0.0
10,0.0,436,0.037605051662810286,0.0
10,0.0,437,0.039899663063397164,0.0
10,0.0,438,0.03466420618848929,0.0
10,0.0,439,0.02939797894206275,0.0
10,0.0,440,0.030042981576801266,0.0
10,0.0,441,0.03528618676965327,0.0
10,0.0,442,0.03500927126489581,0.0
10,0.0,443,0.03579178341284097,0.0
10,0.0,444,0.03389893627380366,0.0
10,0.0,445,0.03923653625930796,0.0
10,0.0,446,0.03530831310700721,0.0
10,0.0,447,0.03294245371847186,0.0
10,0.0,448,0.03602800233943391,0.0
10,0.0,449,0.03943989072354254,0.0
10,0.0,450,0.03761231982342852,0.0
10,0.0,451,0.036092800258167045,0.0
10,0.0,452,0.037601500410447325,0.0
10,0.0,453,0.04149981227942668,0.0
10,0.0,454,0.043842004261878724,0.0
10,0.0,455,0.04034729740508694,0.0
10,0.0,456,0.04418574184206839,0.0
10,0.0,457,0.0484482752146003,0.0
10,0.0,458,0.044398229893643955,0.0
10,0.0,459,0.04403944275531296,0.0
10,0.0,460,0.04500454291452579,0.0
10,0.0,461,0.039643188879898685,0.0
10,0.0,462,0.03322906375900306,0.0
10,0.0,463,0.030965591298453488,0.0
10,0.0,464,0.033317538212532936,0.0
10,0.0,465,0.03573732861540399,0.0
10,0.0,466,0.04046253756276719,0.0
10,0.0,467,0.04314378285310661,0.0
10,0.0,468,0.048428291784876044,0.0
10,0.0,469,0.04161842139725077,0.0
10,0.0,470,0.046881843572936024,0.0
10,0.0,471,0.04879406856760992,0.0
10,0.0,472,0.05642588754488886,0.0
10,0.0,473,0.058772148434930956,0.0
10,0.0,474,0.05434082602532346,0.0
10,0.0,475,0.0647649788449357,0.0
10,0.0,476,0.06179406053534836,0.0
10,0.0,477,0.06850988135329686,0.0
10,0.0,478,0.06242116200883264,0.0
10,0.0,479,0.05262900550824717,0.0
10,0.0,480,0.05548274096996347,0.0
10,0.0,481,0.06319438698504685,0.0
10,0.0,482,0.0642972935495271,0.0
10,0.0,483,0.06749962253936224,0.0
10,0.0,484,0.05948725799371259,0.0
10,0.0,485,0.056791940644592497,0.0
10,0.0,486,0.062014008796773545,0.0
10,0.0,487,0.06254916830903076,0.0
10,0.0,488,0.0610235880100677,0.0
10,0.0,489,0.052177809561707394,0.0
10,0.0,490,0.051883757428793226,0.0
10,0.0,491,0.05083261915297456,0.0
10,0.0,492,0.045334896185874135,0.0
10,0.0,493,0.04519156650360538,0.0
10,0.0,494,0.04446499267358614,0.0
10,0.0,495,0.039971190317907926,0.0
10,0.0,496,0.04628949870012627,0.0
10,0.0,497,0.04152910972976537,0.0
10,0.0,498,0.04454999537572656,0.0
10,0.0,499,0.042128447070044234,0.0
10,0.0,500,0.042931389657055806,0.0
10,0.01,0,0.06772093674615311,0.0
10,0.01,1,0.039277581871443555,0.0
10,0.01,2,0.024215377053618318,0.0
10,0.01,3,0.0234610611990645,0.0
10,0.01,4,0.022265718659976,0.0
10,0.01,5,0.01971356735158489,0.0
10,0.01,6,0.017909100553455244,0.0
10,0.01,7,0.02352608709377329,0.0
10,0.01,8,0.025542158523607483,0.0
10,0.01,9,0.022003180040020217,0.0
10,0.01,10,0.023816990425123377,0.0
10,0.01,11,0.022419980333267114,0.0
10,0.01,12,0.027108732470587663,0.0
10,0.01,13,0.022248248694973608,0.0
10,0.01,14,0.02507313617216923,0.0
10,0.01,15,0.03363233083180483,0.0
10,0.01,16,0.03557101268448688,0.0
10,0.01,17,0.03895476793565911,0.0
10,0.01,18,0.03665616652253363,0.0
10,0.01,19,0.037564042927117305,0.0
10,0.01,20,0.0393092827385719,0.0
10,0.01,21,0.03098647281809841,0.0
10,0.01,22,0.03752954722276933,0.0
10,0.01,23,0.0425139443092949,0.0
10,0.01,24,0.04263055706143616,0.0
10,0.01,25,0.04328495041548663,0.0
10,0.01,26,0.042612818134019646,0.0
10,0.01,27,0.04050157139476206,0.0
10,0.01,28,0.036678891113532376,0.0
10,0.01,29,0.035817714932367115,0.0
10,0.01,30,0.03719702386217911,0.0
10,0.01,31,0.03639996552458712,0.0
10,0.01,32,0.041244292940517485,0.0
10,0.01,33,0.035477549867817204,0.0
10,0.01,34,0.03525202761540847,0.0
10,0.01,35,0.04047687410169692,0.0
10,0.01,36,0.03892313845498174,0.0
10,0.01,37,0.04506830296577039,0.0
10,0.01,38,0.05083838094865078,0.0
10,0.01,39,0.043941648075252554,0.0
10,0.01,40,0.04109847389924051,0.0
10,0.01,41,0.041477021316530686,0.0
10,0.01,42,0.03944117150800109,0.0
10,0.01,43,0.040714035468195145,0.0
10,0.01,44,0.04134797551223003,0.0
10,0.01,45,0.036945957817276345,0.0
10,0.01,46,0.03780601074651262,0.0
10,0.01,47,0.0432975962396899,0.0
10,0.01,48,0.041947252924022876,0.0
10,0.01,49,0.04508121762914869,0.0
10,0.01,50,0.04653330062994522,0.0
10,0.01,51,0.0485204066934011,0.0
10,0.01,52,0.05775946879405819,0.0
10,0.01,53,0.05184456365154293,0.0
10,0.01,54,0.049821258495317,0.0
10,0.01,55,0.048004167915494965,0.0
10,0.01,56,0.04663784894204206,0.0
10,0.01,57,0.04336707349990612,0.0
10,0.01,58,0.04345684152551537,0.0
10,0.01,59,0.040639169924658304,0.0
10,0.01,60,0.033950582365022824,0.0
10,0.01,61,0.03321694997783741,0.0
10,0.01,62,0.028703004465558873,0.0
10,0.01,63,0.030191786076234437,0.0
10,0.01,64,0.034590339769099,0.0
10,0.01,65,0.028829554431180786,0.0
10,0.01,66,0.03177827148079168,0.0
10,0.01,67,0.0310752941647345,0.0
10,0.01,68,0.03318589182866352,0.0
10,0.01,69,0.030235038142228974,0.0
10,0.01,70,0.03243830634638877,0.0
10,0.01,71,0.035072255353026716,0.0
10,0.01,72,0.03494559028087554,0.0
10,0.01,73,0.03320844784616627,0.0
10,0.01,74,0.03800655983986522,0.0
10,0.01,75,0.034037870807031176,0.0
10,0.01,76,0.028369337679014332,0.0
10,0.01,77,0.032167753836223334,0.0
10,0.01,78,0.027297440907766708,0.0
10,0.01,79,0.03434422066404506,0.0
10,0.01,80,0.02329983718950649,0.0
10,0.01,81,0.02918722348564392,0.0
10,0.01,82,0.029862080000594985,0.0
10,0.01,83,0.030138393459851812,0.0
10,0.01,84,0.02529723130762991,0.0
10,0.01,85,0.0274410702787295,0.0
10,0.01,86,0.028287696575023818,0.0
10,0.01,87,0.026561284850610597,0.0
10,0.01,88,0.026181739852438272,0.0
10,0.01,89,0.03180500857738547,0.0
10,0.01,90,0.033792431334374734,0.0
10,0.01,91,0.02638880877985106,0.0
10,0.01,92,0.03504587974303942,0.0
10,0.01,93,0.03114011451671199,0.0
10,0.01,94,0.03511120113628085,0.0
10,0.01,95,0.03896157162842861,0.0
10,0.01,96,0.03423650714690285,0.0
10,0.01,97,0.024013073711623693,0.0
10,0.01,98,0.02372469403791939,0.0
10,0.01,99,0.024263216715431506,0.0
10,0.01,100,0.020841399739062346,0.0
10,0.01,101,0.022204525628823916,0.0
10,0.01,102,0.027965441307584903,0.0
10,0.01,103,0.03209407752094287,0.0
10,0.01,104,0.031839755657994406,0.0
10,0.01,105,0.026132250733890815,0.0
10,0.01,106,0.031766320788945784,0.0
10,0.01,107,0.023498515952249895,0.0
10,0.01,108,0.025971726873147763,0.0
10,0.01,109,0.030528168777212827,0.0
10,0.01,110,0.03453829852224151,0.0
10,0.01,111,0.035706600453297724,0.0
10,0.01,112,0.03465769704111743,0.0
10,0.01,113,0.039982619839523184,0.0
10,0.01,114,0.03467819164724348,0.0
10,0.01,115,0.0456812967258083,0.0
10,0.01,116,0.045918590214534684,0.0
10,0.01,117,0.046461517645407235,0.0
10,0.01,118,0.0540940163834994,0.0
10,0.01,119,0.04847026111175757,0.0
10,0.01,120,0.05096072589880416,0.0
10,0.01,121,0.05397240729801507,0.0
10,0.01,122,0.03974856601296975,0.0
10,0.01,123,0.04935487422076197,0.0
10,0.01,124,0.044335540930783186,0.0
10,0.01,125,0.038285191288905264,0.0
10,0.01,126,0.03282360312664081,0.0
10,0.01,127,0.03795007905031939,0.0
10,0.01,128,0.04306513953709677,0.0
10,0.01,129,0.04444447946756616,0.0
10,0.01,130,0.04748411326157675,0.0
10,0.01,131,0.040176608152666556,0.0
10,0.01,132,0.03104014739862172,0.0
10,0.01,133,0.029786885708990116,0.0
10,0.01,134,0.029178366255505267,0.0
10,0.01,135,0.025207529237088192,0.0
10,0.01,136,0.0172444944199839,0.0
10,0.01,137,0.01952818438542843,0.0
10,0.01,138,0.02020765126629388,0.0
10,0.01,139,0.01822568746297178,0.0
10,0.01,140,0.015219840398114042,0.0
10,0.01,141,0.018259036924013705,0.0
10,0.01,142,0.022209416396733402,0.0
10,0.01,143,0.01583749438671456,0.0
10,0.01,144,0.018195396422981618,0.0
10,0.01,145,0.017565360938213093,0.0
10,0.01,146,0.016155266113310727,0.0
10,0.01,147,0.018473561242968662,0.0
10,0.01,148,0.021578801688123806,0.0
10,0.01,149,0.021343052475441004,0.0
10,0.01,150,0.021172965102522534,0.0
10,0.01,151,0.024987014676082712,0.0
10,0.01,152,0.02225624875331567,0.0
10,0.01,153,0.025667609959160356,0.0
10,0.01,154,0.024038987760992406,0.0
10,0.01,155,0.024551266502597358,0.0
10,0.01,156,0.030958997423192705,0.0
10,0.01,157,0.02910179919981502,0.0
10,0.01,158,0.03368757241441349,0.0
10,0.01,159,0.03487185305084683,0.0
10,0.01,160,0.03223530231624007,0.0
10,0.01,161,0.029797101185468362,0.0
10,0.01,162,0.03702330611710835,0.0
10,0.01,163,0.037544781741871126,0.0
10,0.01,164,0.0373846351143338,0.0
10,0.01,165,0.03842070340713268,0.0
10,0.01,166,0.0371736375529417,0.0
10,0.01,167,0.03427757865607248,0.0
10,0.01,168,0.040480838392159164,0.0
10,0.01,169,0.03959603084775077,0.0
10,0.01,170,0.029123849487092113,0.0
10,0.01,171,0.027385748675321158,0.0
10,0.01,172,0.03324119736662615,0.0
10,0.01,173,0.029064253227330025,0.0
10,0.01,174,0.02274271014719999,0.0
10,0.01,175,0.022570712593221205,0.0
10,0.01,176,0.022887332049636222,0.0
10,0.01,177,0.024201864088622137,0.0
10,0.01,178,0.021005662908163966,0.0
10,0.01,179,0.02483350975478257,0.0
10,0.01,180,0.024054698656836487,0.0
10,0.01,181,0.02679505669286025,0.0
10,0.01,182,0.025760300897197577,0.0
10,0.01,183,0.028838224129879016,0.0
10,0.01,184,0.024213560189801683,0.0
10,0.01,185,0.018481073660832313,0.0
10,0.01,186,0.02271181542335369,0.0
10,0.01,187,0.024673444350059536,0.0
10,0.01,188,0.02643711524721005,0.0
10,0.01,189,0.025372819331024504,0.0
10,0.01,190,0.021904518594836612,0.0
10,0.01,191,0.01845930149349133,0.0
10,0.01,192,0.024316303857312496,0.0
10,0.01,193,0.023113546106666227,0.0
10,0.01,194,0.017445781901776272,0.0
10,0.01,195,0.017765942300170055,0.0
10,0.01,196,0.01608788600324978,0.0
10,0.01,197,0.01656346719468703,0.0
10,0.01,198,0.021351508156686766,0.0
10,0.01,199,0.02143302655964469,0.0
10,0.01,200,0.027905379071374713,0.0
10,0.01,201,0.0275609532715579,0.0
10,0.01,202,0.02152237545816871,0.0
10,0.01,203,0.021483927063145152,0.0
10,0.01,204,0.021914312243823866,0.0
10,0.01,205,0.022653971598896306,0.0
10,0.01,206,0.021779873592257363,0.0
10,0.01,207,0.02058238153560085,0.0
10,0.01,208,0.018279343224144415,0.0
10,0.01,209,0.01984683434815514,0.0
10,0.01,210,0.027006475563560978,0.0
10,0.01,211,0.02648678515178836,0.0
10,0.01,212,0.023115992753889106,0.0
10,0.01,213,0.02747976322824609,0.0
10,0.01,214,0.025031602992679227,0.0
10,0.01,215,0.0226797369357123,0.0
10,0.01,216,0.026525967207011236,0.0
10,0.01,217,0.02864369296243511,0.0
10,0.01,218,0.026961431168218985,0.0
10,0.01,219,0.03385227763596155,0.0
10,0.01,220,0.03154510478763183,0.0
10,0.01,221,0.030009313511768866,0.0
10,0.01,222,0.02260028204802187,0.0
10,0.01,223,0.01936093556808888,0.0
10,0.01,224,0.017995029375772718,0.0
10,0.01,225,0.02043782700355017,0.0
10,0.01,226,0.023688838649453994,0.0
10,0.01,227,0.025472719771753836,0.0
10,0.01,228,0.021605460929140164,0.0
10,0.01,229,0.019392561028334487,0.0
10,0.01,230,0.01931678275105842,0.0
10,0.01,231,0.023457984223512102,0.0
10,0.01,232,0.016350816778599994,0.0
10,0.01,233,0.019564660145360027,0.0
10,0.01,234,0.02171310400531561,0.0
10,0.01,235,0.024155155851827467,0.0
10,0.01,236,0.025618937931386417,0.0
10,0.01,237,0.026404464649931972,0.0
10,0.01,238,0.025187033078271838,0.0
10,0.01,239,0.026383749641583007,0.0
10,0.01,240,0.02581985238143899,0.0
10,0.01,241,0.02408088546685263,0.0
10,0.01,242,0.026248120792520452,0.0
10,0.01,243,0.027756862328207125,0.0
10,0.01,244,0.02812257067349202,0.0
10,0.01,245,0.031128404176583167,0.0
10,0.01,246,0.03768528767812176,0.0
10,0.01,247,0.03554935543521113,0.0
10,0.01,248,0.031118031988162577,0.0
10,0.01,249,0.022640364553651007,0.0
10,0.01,250,0.02484130684342611,0.0
10,0.01,251,0.029134607495688566,0.0
10,0.01,252,0.027503302846702174,0.0
10,0.01,253,0.028845718141859423,0.0
10,0.01,254,0.028824890149253442,0.0
10,0.01,255,0.02613952770687615,0.0
10,0.01,256,0.026681713266637194,0.0
10,0.01,257,0.020327052244661095,0.0
10,0.01,258,0.02103326649035088,0.0
10,0.01,259,0.022436726034647542,0.0
10,0.01,260,0.01684370207991519,0.0
10,0.01,261,0.01960583584142728,0.0
10,0.01,262,0.021661246949909955,0.0
10,0.01,263,0.023447835156335056,0.0
10,0.01,264,0.02433237653668211,0.0
10,0.01,265,0.026436905831376416,0.0
10,0.01,266,0.028437807845405113,0.0
10,0.01,267,0.020152925604900392,0.0
10,0.01,268,0.028798648106832858,0.0
10,0.01,269,0.027498719761377875,0.0
10,0.01,270,0.024903728534177584,0.0
10,0.01,271,0.024558850953422653,0.0
10,0.01,272,0.02234948945512337,0.0
10,0.01,273,0.01740174624669678,0.0
10,0.01,274,0.024707900401081208,0.0
10,0.01,275,0.026523084371309916,0.0
10,0.01,276,0.02639759125872863,0.0
10,0.01,277,0.029570462696540387,0.0
10,0.01,278,0.028439459870773967,0.0
10,0.01,279,0.028114467658664,0.0
10,0.01,280,0.026156734036839602,0.0
10,0.01,281,0.019072615794092626,0.0
10,0.01,282,0.023426688902249193,0.0
10,0.01,283,0.02177336769498945,0.0
10,0.01,284,0.028489628971937922,0.0
10,0.01,285,0.027972331519849108,0.0
10,0.01,286,0.030507693466521154,0.0
10,0.01,287,0.024080179479396266,0.0
10,0.01,288,0.023865492161810834,0.0
10,0.01,289,0.01854323963503408,0.0
10,0.01,290,0.02132949823887016,0.0
10,0.01,291,0.021998533633441637,0.0
10,0.01,292,0.021813002678896368,0.0
10,0.01,293,0.025952704437274914,0.0
10,0.01,294,0.02506438456199294,0.0
10,0.01,295,0.027115560962279617,0.0
10,0.01,296,0.03035326687886581,0.0
10,0.01,297,0.031826738714095575,0.0
10,0.01,298,0.026550214449722453,0.0
10,0.01,299,0.023613945490162828,0.0
10,0.01,300,0.022014178766383362,0.0
10,0.01,301,0.029078060671289263,0.0
10,0.01,302,0.03098210123260936,0.0
10,0.01,303,0.02821721295398578,0.0
10,0.01,304,0.025012990531089855,0.0
10,0.01,305,0.022946599931024977,0.0
10,0.01,306,0.027993629189666226,0.0
10,0.01,307,0.03152609224245783,0.0
10,0.01,308,0.029963340914017728,0.0
10,0.01,309,0.03275985034853441,0.0
10,0.01,310,0.03837056819049055,0.0
10,0.01,311,0.041093701080179706,0.0
10,0.01,312,0.04283992057974187,0.0
10,0.01,313,0.04068037222884129,0.0
10,0.01,314,0.03971834958311758,0.0
10,0.01,315,0.04675536986386633,0.0
10,0.01,316,0.04580845697042157,0.0
10,0.01,317,0.05001605472294989,0.0
10,0.01,318,0.04354505350306562,0.0
10,0.01,319,0.04753371386218543,0.0
10,0.01,320,0.053461515994171656,0.0
10,0.01,321,0.05917572132324726,0.0
10,0.01,322,0.061615940667962305,0.0
10,0.01,323,0.0663855159527516,0.0
10,0.01,324,0.07396123133198883,0.0
10,0.01,325,0.07364614149828902,0.0
10,0.01,326,0.06793121511990839,0.0
10,0.01,327,0.06546751431960057,0.0
10,0.01,328,0.058917438637279246,0.0
10,0.01,329,0.05069418599934595,0.0
10,0.01,330,0.05394326214113229,0.0
10,0.01,331,0.053548020121815754,0.0
10,0.01,332,0.05780009229657864,0.0
10,0.01,333,0.04898040558267483,0.0
10,0.01,334,0.05092852822099766,0.0
10,0.01,335,0.042348971024595915,0.0
10,0.01,336,0.04704187653879497,0.0
10,0.01,337,0.042043211030075786,0.0
10,0.01,338,0.04503726341402061,0.0
10,0.01,339,0.047582440492972014,0.0
10,0.01,340,0.04163907274095727,0.0
10,0.01,341,0.03645571688148348,0.0
10,0.01,342,0.042124807023360855,0.0
10,0.01,343,0.04381131373240839,0.0
10,0.01,344,0.03900669525057617,0.0
10,0.01,345,0.03999778463954172,0.0
10,0.01,346,0.05203557656568927,0.0
10,0.01,347,0.05376531914254668,0.0
10,0.01,348,0.061999703179027345,0.0
10,0.01,349,0.05735610890523197,0.0
10,0.01,350,0.05408134397077233,0.0
10,0.01,351,0.0601782578630468,0.0
10,0.01,352,0.0632802556267427,0.0
10,0.01,353,0.06264546952489711,0.0
10,0.01,354,0.061686915831769065,0.0
10,0.01,355,0.059429108530029404,0.0
10,0.01,356,0.05676221554645204,0.0
10,0.01,357,0.04839868673698505,0.0
10,0.01,358,0.06184859457607957,0.0
10,0.01,359,0.060870301206897064,0.0
10,0.01,360,0.059374112512561535,0.0
10,0.01,361,0.05547582172125352,0.0
10,0.01,362,0.05697605150379434,0.0
10,0.01,363,0.06376847740693808,0.0
10,0.01,364,0.05515555439791304,0.0
10,0.01,365,0.04606979689172073,0.0
10,0.01,366,0.05239242956257766,0.0
10,0.01,367,0.05712538900767622,0.0
10,0.01,368,0.048905752100557996,0.0
10,0.01,369,0.04551106321208619,0.0
10,0.01,370,0.0408163813048941,0.0
10,0.01,371,0.043392687657581315,0.0
10,0.01,372,0.04136919924732362,0.0
10,0.01,373,0.037198331922544486,0.0
10,0.01,374,0.035313117080914246,0.0
10,0.01,375,0.048261832388459165,0.0
10,0.01,376,0.042020236049574944,0.0
10,0.01,377,0.049121524242623386,0.0
10,0.01,378,0.045094087493993726,0.0
10,0.01,379,0.04100906093562264,0.0
10,0.01,380,0.045823928529275894,0.0
10,0.01,381,0.04915094858750699,0.0
10,0.01,382,0.05593002529986333,0.0
10,0.01,383,0.05202285336877876,0.0
10,0.01,384,0.043746553837059166,0.0
10,0.01,385,0.0424717141640343,0.0
10,0.01,386,0.044451180568557076,0.0
10,0.01,387,0.04064901774322255,0.0
10,0.01,388,0.040504707064274344,0.0
10,0.01,389,0.04500320296828022,0.0
10,0.01,390,0.05195212651904468,0.0
10,0.01,391,0.057235972434796833,0.0
10,0.01,392,0.05650636056039696,0.0
10,0.01,393,0.049972340365267265,0.0
10,0.01,394,0.04398066855059404,0.0
10,0.01,395,0.04444032511151517,0.0
10,0.01,396,0.045044533770434866,0.0
10,0.01,397,0.045517255933317485,0.0
10,0.01,398,0.03870792068467281,0.0
10,0.01,399,0.04143895420155811,0.0
10,0.01,400,0.04134777810320831,0.0
10,0.01,401,0.04620348500050192,0.0
10,0.01,402,0.04125534875834988,0.0
10,0.01,403,0.04081085985870203,0.0
10,0.01,404,0.04163933008418827,0.0
10,0.01,405,0.036487339077400434,0.0
10,0.01,406,0.034261602785142016,0.0
10,0.01,407,0.037579046252388164,0.0
10,0.01,408,0.0297824839401637,0.0
10,0.01,409,0.02960182217579434,0.0
10,0.01,410,0.026928009788930205,0.0
10,0.01,411,0.03619595997645176,0.0
10,0.01,412,0.02891089569071791,0.0
10,0.01,413,0.02552509533750079,0.0
10,0.01,414,0.026691438660149235,0.0
10,0.01,415,0.026111427815354093,0.0
10,0.01,416,0.02902460617030812,0.0
10,0.01,417,0.030466177706341226,0.0
10,0.01,418,0.02497632674917367,0.0
10,0.01,419,0.024579761791440904,0.0
10,0.01,420,0.027636726567076296,0.0
10,0.01,421,0.02475468544107529,0.0
10,0.01,422,0.02636900524848412,0.0
10,0.01,423,0.027027358366098674,0.0
10,0.01,424,0.023350291253527132,0.0
10,0.01,425,0.027689059677306185,0.0
10,0.01,426,0.025921817524854313,0.0
10,0.01,427,0.026517873860876305,0.0
10,0.01,428,0.032077429189557166,0.0
10,0.01,429,0.029264881863497624,0.0
10,0.01,430,0.02573938591337941,0.0
10,0.01,431,0.025059297992112626,0.0
10,0.01,432,0.02469599631382924,0.0
10,0.01,433,0.022836294619818134,0.0
10,0.01,434,0.023359305780642842,0.0
10,0.01,435,0.024379552084830287,0.0
10,0.01,436,0.028928283763947245,0.0
10,0.01,437,0.03416413452452509,0.0
10,0.01,438,0.03155873397278648,0.0
10,0.01,439,0.02941484340024568,0.0
10,0.01,440,0.025009580101031124,0.0
10,0.01,441,0.03206458475720361,0.0
10,0.01,442,0.031644923044929885,0.0
10,0.01,443,0.029336279108438928,0.0
10,0.01,444,0.02969036345947995,0.0
10,0.01,445,0.03139906328680345,0.0
10,0.01,446,0.031129799516867455,0.0
10,0.01,447,0.0319566473435256,0.0
10,0.01,448,0.029216340909634812,0.0
10,0.01,449,0.03356164511940828,0.0
10,0.01,450,0.03598339243545756,0.0
10,0.01,451,0.02917605736881498,0.0
10,0.01,452,0.022553188169939644,0.0
10,0.01,453,0.02344006911625892,0.0
10,0.01,454,0.02588392027187529,0.0
10,0.01,455,0.01989539096845795,0.0
10,0.01,456,0.022643848817896065,0.0
10,0.01,457,0.02200668912670213,0.0
10,0.01,458,0.021984033924514656,0.0
10,0.01,459,0.021953566499164797,0.0
10,0.01,460,0.021586913742043867,0.0
10,0.01,461,0.020767003721387775,0.0
10,0.01,462,0.03266817587903931,0.0
10,0.01,463,0.02874740683942488,0.0
10,0.01,464,0.029935387053989414,0.0
10,0.01,465,0.028716056236659737,0.0
10,0.01,466,0.0340918605298731,0.0
10,0.01,467,0.033728165474004236,0.0
10,0.01,468,0.028772675980891557,0.0
10,0.01,469,0.037447920854959134,0.0
10,0.01,470,0.04307684271176118,0.0
10,0.01,471,0.052639188207479835,0.0
10,0.01,472,0.04395472152123185,0.0
10,0.01,473,0.03844623957307081,0.0
10,0.01,474,0.042421520661010695,0.0
10,0.01,475,0.03155474649577464,0.0
10,0.01,476,0.036739809455583104,0.0
10,0.01,477,0.03887572144047192,0.0
10,0.01,478,0.03771593548175079,0.0
10,0.01,479,0.04357512976523759,0.0
10,0.01,480,0.04439320337220483,0.0
10,0.01,481,0.03852467995666185,0.0
10,0.01,482,0.03335330823067258,0.0
10,0.01,483,0.039151904771327586,0.0
10,0.01,484,0.03433636115134678,0.0
10,0.01,485,0.03634666752917087,0.0
10,0.01,486,0.04794073270347536,0.0
10,0.01,487,0.05620101842876163,0.0
10,0.01,488,0.046635875210332384,0.0
10,0.01,489,0.04561289468816554,0.0
10,0.01,490,0.04201762521921707,0.0
10,0.01,491,0.03538309000872446,0.0
10,0.01,492,0.03717724395483509,0.0
10,0.01,493,0.03985465382909922,0.0
10,0.01,494,0.03919509698945479,0.0
10,0.01,495,0.04427737015842732,0.0
10,0.01,496,0.04880240085699608,0.0
10,0.01,497,0.044588920967549725,0.0
10,0.01,498,0.03916554331400484,0.0
10,0.01,499,0.03458821639856934,0.0
10,0.01,500,0.03229009249230815,0.0
10,0.03,0,0.091261777104859,0.0
10,0.03,1,0.06399423429794489,0.0
10,0.03,2,0.04851156063229801,0.0
10,0.03,3,0.03200174614523633,0.0
10,0.03,4,0.03140581766885658,0.0
10,0.03,5,0.023897477141680362,0.0
10,0.03,6,0.020280920588893223,0.0
10,0.03,7,0.01857174778025666,0.0
10,0.03,8,0.022481261819471028,0.0
10,0.03,9,0.02021597316505344,0.0
10,0.03,10,0.022227430557404046,0.0
10,0.03,11,0.026559080515955458,0.0
10,0.03,12,0.03167539106685876,0.0
10,0.03,13,0.027153069716406953,0.0
10,0.03,14,0.028744978973714596,0.0
10,0.03,15,0.02920320335301956,0.0
10,0.03,16,0.027666048532135813,0.0
10,0.03,17,0.023663928498358997,0.0
10,0.03,18,0.02548117917269066,0.0
10,0.03,19,0.023133981810834023,0.0
10,0.03,20,0.021574007444201283,0.0
10,0.03,21,0.02335620802638092,0.0
10,0.03,22,0.020525003383374513,0.0
10,0.03,23,0.021128479381729126,0.0
10,0.03,24,0.02182203605032071,0.0
10,0.03,25,0.025433895706924056,0.0
10,0.03,26,0.02334167392140632,0.0
10,0.03,27,0.022815142364307997,0.0
10,0.03,28,0.02629407095489345,0.0
10,0.03,29,0.02542454703371685,0.0
10,0.03,30,0.02656209673229539,0.0
10,0.03,31,0.024924433835148484,0.0
10,0.03,32,0.024235275846683172,0.0
10,0.03,33,0.0254240001718467,0.0
10,0.03,34,0.028832541771322013,0.0
10,0.03,35,0.024782185038264015,0.0
10,0.03,36,0.02754835963719016,0.0
10,0.03,37,0.026203086964030824,0.0
10,0.03,38,0.023974014917044806,0.0
10,0.03,39,0.026753631789385682,0.0
10,0.03,40,0.024681321232830858,0.0
10,0.03,41,0.028706509823602105,0.0
10,0.03,42,0.03144974360958366,0.0
10,0.03,43,0.028160634109960125,0.0
10,0.03,44,0.027206712404712084,0.0
10,0.03,45,0.03199694412036086,0.0
10,0.03,46,0.040013148274507596,0.0
10,0.03,47,0.03766305812513951,0.0
10,0.03,48,0.03555467331876463,0.0
10,0.03,49,0.035777349262372235,0.0
10,0.03,50,0.040929904198452306,0.0
10,0.03,51,0.041020000908979164,0.0
10,0.03,52,0.041720686359609925,0.0
10,0.03,53,0.03790305881903897,0.0
10,0.03,54,0.03808235788140764,0.0
10,0.03,55,0.042072812235478825,0.0
10,0.03,56,0.03426273036047728,0.0
10,0.03,57,0.04176206577350535,0.0
10,0.03,58,0.03737168731132665,0.0
10,0.03,59,0.04400321208814063,0.0
10,0.03,60,0.053931397601413196,0.0
10,0.03,61,0.04454080389053096,0.0
10,0.03,62,0.05380405103278175,0.0
10,0.03,63,0.04581794960448304,0.0
10,0.03,64,0.04229051316354091,0.0
10,0.03,65,0.03350126460765705,0.0
10,0.03,66,0.02896770503945806,0.0
10,0.03,67,0.026593777107503123,0.0
10,0.03,68,0.02524236079069106,0.0
10,0.03,69,0.025641064725112902,0.0
10,0.03,70,0.025074437973829765,0.0
10,0.03,71,0.02953163125257665,0.0
10,0.03,72,0.03053480204230566,0.0
10,0.03,73,0.02976739501290057,0.0
10,0.03,74,0.031229729208286677,0.0
10,0.03,75,0.029050075325522343,0.0
10,0.03,76,0.024593104046289865,0.0
10,0.03,77,0.025449688372024614,0.0
10,0.03,78,0.02426889068954611,0.0
10,0.03,79,0.025549737100132145,0.0
10,0.03,80,0.027480307890920704,0.0
10,0.03,81,0.03114943544523377,0.0
10,0.03,82,0.025115775229186576,0.0
10,0.03,83,0.025100167032716763,0.0
10,0.03,84,0.030967544040368465,0.0
10,0.03,85,0.02592879317001907,0.0
10,0.03,86,0.024928184172884754,0.0
10,0.03,87,0.026454140956860134,0.0
10,0.03,88,0.029205278171818564,0.0
10,0.03,89,0.029151483321128664,0.0
10,0.03,90,0.026625860707106926,0.0
10,0.03,91,0.02886627183438283,0.0
10,0.03,92,0.037726007299634864,0.0
10,0.03,93,0.039615169638634144,0.0
10,0.03,94,0.03574417202578177,0.0
10,0.03,95,0.026171900956953414,0.0
10,0.03,96,0.027376740725700968,0.0
10,0.03,97,0.03173866826357805,0.0
10,0.03,98,0.03312795625086014,0.0
10,0.03,99,0.024561185816910622,0.0
10,0.03,100,0.028276107794997868,0.0
10,0.03,101,0.02884150128281457,0.0
10,0.03,102,0.026706964799527447,0.0
10,0.03,103,0.0286179718210052,0.0
10,0.03,104,0.022765878043928222,0.0
10,0.03,105,0.024220413439987216,0.0
10,0.03,106,0.021685014831378736,0.0
10,0.03,107,0.019920253356859638,0.0
10,0.03,108,0.022908573697400323,0.0
10,0.03,109,0.023467119814796197,0.0
10,0.03,110,0.021489517777469894,0.0
10,0.03,111,0.01983767311658897,0.0
10,0.03,112,0.02659906112072197,0.0
10,0.03,113,0.02365087274968978,0.0
10,0.03,114,0.019349799607399357,0.0
10,0.03,115,0.021908679468930107,0.0
10,0.03,116,0.015473270211566808,0.0
10,0.03,117,0.016893346673541677,0.0
10,0.03,118,0.02098047807460015,0.0
10,0.03,119,0.02215593060718781,0.0
10,0.03,120,0.02727170575013493,0.0
10,0.03,121,0.025831679888916294,0.0
10,0.03,122,0.022913612812729633,0.0
10,0.03,123,0.028444052532003015,0.0
10,0.03,124,0.027690729006448877,0.0
10,0.03,125,0.02590644968270043,0.0
10,0.03,126,0.028387019929498426,0.0
10,0.03,127,0.030785148011477758,0.0
10,0.03,128,0.02646435736354039,0.0
10,0.03,129,0.028878063672030337,0.0
10,0.03,130,0.019770619595345793,0.0
10,0.03,131,0.023380224927785215,0.0
10,0.03,132,0.028327366405918222,0.0
10,0.03,133,0.026805392497836884,0.0
10,0.03,134,0.023048870283603046,0.0
10,0.03,135,0.025095339991216624,0.0
10,0.03,136,0.023106692468809857,0.0
10,0.03,137,0.017739571866573822,0.0
10,0.03,138,0.019534810665551402,0.0
10,0.03,139,0.019617180058788732,0.0
10,0.03,140,0.027444931408461038,0.0
10,0.03,141,0.023178609491700138,0.0
10,0.03,142,0.025261290688882772,0.0
10,0.03,143,0.03261684460828843,0.0
10,0.03,144,0.03038185489670383,0.0
10,0.03,145,0.026047354872303145,0.0
10,0.03,146,0.0314755334416552,0.0
10,0.03,147,0.02715159014135037,0.0
10,0.03,148,0.02392273211485276,0.0
10,0.03,149,0.021973247456299395,0.0
10,0.03,150,0.020543740651081846,0.0
10,0.03,151,0.02134075558063964,0.0
10,0.03,152,0.024328007293278938,0.0
10,0.03,153,0.023843164625442025,0.0
10,0.03,154,0.02597837571442468,0.0
10,0.03,155,0.024082111213457567,0.0
10,0.03,156,0.025698231679770204,0.0
10,0.03,157,0.023352326382698838,0.0
10,0.03,158,0.023250903106152365,0.0
10,0.03,159,0.0240587437763458,0.0
10,0.03,160,0.02335501348271341,0.0
10,0.03,161,0.019618524680103677,0.0
10,0.03,162,0.02155532953776372,0.0
10,0.03,163,0.020737635306561124,0.0
10,0.03,164,0.0186617198608278,0.0
10,0.03,165,0.020517875267958622,0.0
10,0.03,166,0.021856035955602846,0.0
10,0.03,167,0.022615782883647358,0.0
10,0.03,168,0.014415251534923719,0.0
10,0.03,169,0.02063378429572691,0.0
10,0.03,170,0.0248854356944415,0.0
10,0.03,171,0.025068635099250017,0.0
10,0.03,172,0.025572202397266996,0.0
10,0.03,173,0.02052965531546856,0.0
10,0.03,174,0.019423896982899848,0.0
10,0.03,175,0.021004897034215167,0.0
10,0.03,176,0.023455479359475527,0.0
10,0.03,177,0.02417300275606641,0.0
10,0.03,178,0.022421840564574434,0.0
10,0.03,179,0.027299733195332035,0.0
10,0.03,180,0.02787725641834403,0.0
10,0.03,181,0.02910295437839299,0.0
10,0.03,182,0.02696780785009069,0.0
10,0.03,183,0.026492584615594762,0.0
10,0.03,184,0.02720457817181183,0.0
10,0.03,185,0.03219403315646799,0.0
10,0.03,186,0.03378329901002751,0.0
10,0.03,187,0.03179400008280175,0.0
10,0.03,188,0.031195010159361533,0.0
10,0.03,189,0.031046285902583636,0.0
10,0.03,190,0.035188976423040835,0.0
10,0.03,191,0.037652560438721554,0.0
10,0.03,192,0.04020032836667951,0.0
10,0.03,193,0.04263651324412277,0.0
10,0.03,194,0.04101781294070077,0.0
10,0.03,195,0.03787810007141618,0.0
10,0.03,196,0.042861278627784744,0.0
10,0.03,197,0.03243615698065147,0.0
10,0.03,198,0.03203965065665053,0.0
10,0.03,199,0.03316962222085808,0.0
10,0.03,200,0.033134201257834374,0.0
10,0.03,201,0.03223193769794599,0.0
10,0.03,202,0.0332153342050891,0.0
10,0.03,203,0.027388127958434177,0.0
10,0.03,204,0.024336529181557043,0.0
10,0.03,205,0.02881828785832054,0.0
10,0.03,206,0.03566356255224182,0.0
10,0.03,207,0.03405696679712761,0.0
10,0.03,208,0.031182645802629826,0.0
10,0.03,209,0.025200145102719576,0.0
10,0.03,210,0.030312263140971435,0.0
10,0.03,211,0.029197309097473357,0.0
10,0.03,212,0.02731701679191968,0.0
10,0.03,213,0.02978653245924926,0.0
10,0.03,214,0.02933693894599246,0.0
10,0.03,215,0.02663456818919173,0.0
10,0.03,216,0.017370351409563053,0.0
10,0.03,217,0.0217800533737215,0.0
10,0.03,218,0.0204583863701974,0.0
10,0.03,219,0.0178442129062727,0.0
10,0.03,220,0.024616292370519835,0.0
10,0.03,221,0.023113018938929385,0.0
10,0.03,222,0.021082938388651697,0.0
10,0.03,223,0.019880483050133752,0.0
10,0.03,224,0.02555749307328275,0.0
10,0.03,225,0.022426449033041255,0.0
10,0.03,226,0.022214843157408327,0.0
10,0.03,227,0.027915159326724205,0.0
10,0.03,228,0.022174742630894785,0.0
10,0.03,229,0.027924726412403632,0.0
10,0.03,230,0.024354420481308977,0.0
10,0.03,231,0.02187075735704171,0.0
10,0.03,232,0.018790663920774168,0.0
10,0.03,233,0.01596385679972503,0.0
10,0.03,234,0.019289348994993596,0.0
10,0.03,235,0.019540652332924326,0.0
10,0.03,236,0.02441656986298944,0.0
10,0.03,237,0.02242672781971961,0.0
10,0.03,238,0.0247292569497198,0.0
10,0.03,239,0.021126922522224117,0.0
10,0.03,240,0.02173175791007152,0.0
10,0.03,241,0.016106568206576962,0.0
10,0.03,242,0.018103208803234783,0.0
10,0.03,243,0.016223343161548255,0.0
10,0.03,244,0.022430156188690552,0.0
10,0.03,245,0.024617165304190378,0.0
10,0.03,246,0.024064284949514878,0.0
10,0.03,247,0.022933513707254747,0.0
10,0.03,248,0.021015611183875946,0.0
10,0.03,249,0.023027724530192178,0.0
10,0.03,250,0.025450946500137985,0.0
10,0.03,251,0.01802887483506992,0.0
10,0.03,252,0.019622217572660604,0.0
10,0.03,253,0.018401780131478616,0.0
10,0.03,254,0.019872875899908132,0.0
10,0.03,255,0.022484999197148667,0.0
10,0.03,256,0.022815843476801698,0.0
10,0.03,257,0.02408911765579695,0.0
10,0.03,258,0.025193136100609484,0.0
10,0.03,259,0.019999734909796903,0.0
10,0.03,260,0.022792930187498377,0.0
10,0.03,261,0.020319582008008805,0.0
10,0.03,262,0.020721169634412378,0.0
10,0.03,263,0.017977937803731435,0.0
10,0.03,264,0.01615769357098988,0.0
10,0.03,265,0.019284010659653048,0.0
10,0.03,266,0.01960136116910842,0.0
10,0.03,267,0.016087373631739423,0.0
10,0.03,268,0.018620035776834916,0.0
10,0.03,269,0.02219824200668048,0.0
10,0.03,270,0.02410922098203843,0.0
10,0.03,271,0.021455980576802633,0.0
10,0.03,272,0.026613021511800734,0.0
10,0.03,273,0.030376770222962587,0.0
10,0.03,274,0.028494752397085904,0.0
10,0.03,275,0.026912350962899803,0.0
10,0.03,276,0.024115159254125388,0.0
10,0.03,277,0.02293176765895977,0.0
10,0.03,278,0.019365989996249378,0.0
10,0.03,279,0.01787054162719573,0.0
10,0.03,280,0.01965594750998788,0.0
10,0.03,281,0.021254149319631828,0.0
10,0.03,282,0.019744537333701337,0.0
10,0.03,283,0.01712679142527189,0.0
10,0.03,284,0.021285399876420717,0.0
10,0.03,285,0.025092189028678796,0.0
10,0.03,286,0.019550025294202286,0.0
10,0.03,287,0.019549020454810394,0.0
10,0.03,288,0.01933547395730737,0.0
10,0.03,289,0.021655387550925876,0.0
10,0.03,290,0.024686695049650282,0.0
10,0.03,291,0.01928038762357783,0.0
10,0.03,292,0.024779993784030268,0.0
10,0.03,293,0.027872679021181717,0.0
10,0.03,294,0.0330552916111531,0.0
10,0.03,295,0.036135792179604095,0.0
10,0.03,296,0.029993488429763727,0.0
10,0.03,297,0.034995351783236456,0.0
10,0.03,298,0.03934737257744115,0.0
10,0.03,299,0.03664134361365887,0.0
10,0.03,300,0.034449114153542286,0.0
10,0.03,301,0.03770840239361824,0.0
10,0.03,302,0.03753110244159487,0.0
10,0.03,303,0.03361812794707627,0.0
10,0.03,304,0.03879609472859102,0.0
10,0.03,305,0.03930160250752142,0.0
10,0.03,306,0.040071958857576535,0.0
10,0.03,307,0.03467936128847252,0.0
10,0.03,308,0.04137323288603859,0.0
10,0.03,309,0.03662183765140869,0.0
10,0.03,310,0.02872292385870374,0.0
10,0.03,311,0.03575534612525085,0.0
10,0.03,312,0.03411579452102275,0.0
10,0.03,313,0.034139813104495216,0.0
10,0.03,314,0.030384296168340284,0.0
10,0.03,315,0.031783898016007284,0.0
10,0.03,316,0.028351442906832683,0.0
10,0.03,317,0.03105576437647829,0.0
10,0.03,318,0.027581915053904105,0.0
10,0.03,319,0.023750605494355804,0.0
10,0.03,320,0.0236636647125955,0.0
10,0.03,321,0.02681903881838321,0.0
10,0.03,322,0.02693544559535767,0.0
10,0.03,323,0.026031613401686998,0.0
10,0.03,324,0.030280529953179182,0.0
10,0.03,325,0.03228393847021951,0.0
10,0.03,326,0.03220994980896688,0.0
10,0.03,327,0.03609354915555318,0.0
10,0.03,328,0.03324117532177795,0.0
10,0.03,329,0.03924689756080079,0.0
10,0.03,330,0.035613199242370226,0.0
10,0.03,331,0.026786135598203874,0.0
10,0.03,332,0.024590831339337257,0.0
10,0.03,333,0.027082519303544186,0.0
10,0.03,334,0.0243209529809314,0.0
10,0.03,335,0.02344068937560024,0.0
10,0.03,336,0.02457857516150781,0.0
10,0.03,337,0.028127369102133645,0.0
10,0.03,338,0.028973717960249664,0.0
10,0.03,339,0.03367058599589118,0.0
10,0.03,340,0.03637214606407617,0.0
10,0.03,341,0.028204104209895085,0.0
10,0.03,342,0.03173719055700521,0.0
10,0.03,343,0.027389017659120767,0.0
10,0.03,344,0.028848670944336022,0.0
10,0.03,345,0.025670316600740706,0.0
10,0.03,346,0.02371026671068563,0.0
10,0.03,347,0.024374495424446266,0.0
10,0.03,348,0.019721104713206258,0.0
10,0.03,349,0.02040944024616729,0.0
10,0.03,350,0.027886997904208424,0.0
10,0.03,351,0.030009593649775065,0.0
10,0.03,352,0.0328795066194789,0.0
10,0.03,353,0.03292593903644562,0.0
10,0.03,354,0.03239685453329245,0.0
10,0.03,355,0.02548207797142635,0.0
10,0.03,356,0.025615877977805374,0.0
10,0.03,357,0.022527378748774793,0.0
10,0.03,358,0.021570869084822638,0.0
10,0.03,359,0.028383746627532628,0.0
10,0.03,360,0.02912790316270624,0.0
10,0.03,361,0.02869752513943938,0.0
10,0.03,362,0.030373802657504244,0.0
10,0.03,363,0.031006842395469594,0.0
10,0.03,364,0.029078882731110416,0.0
10,0.03,365,0.03470921097448778,0.0
10,0.03,366,0.0355987853763424,0.0
10,0.03,367,0.034224648512114327,0.0
10,0.03,368,0.03463323196055655,0.0
10,0.03,369,0.039394321396595156,0.0
10,0.03,370,0.03901813534106808,0.0
10,0.03,371,0.032366333249548254,0.0
10,0.03,372,0.03652341398676432,0.0
10,0.03,373,0.032965875965933256,0.0
10,0.03,374,0.03618547247366374,0.0
10,0.03,375,0.03089485321321879,0.0
10,0.03,376,0.03419435985989734,0.0
10,0.03,377,0.03635053214554001,0.0
10,0.03,378,0.04258453189751032,0.0
10,0.03,379,0.050577109986566116,0.0
10,0.03,380,0.043455021139530946,0.0
10,0.03,381,0.03996401271984281,0.0
10,0.03,382,0.038376145897661244,0.0
10,0.03,383,0.03360943606981932,0.0
10,0.03,384,0.03597721603933994,0.0
10,0.03,385,0.04152520561098859,0.0
10,0.03,386,0.03623808773064099,0.0
10,0.03,387,0.0338224093454154,0.0
10,0.03,388,0.034752985181908926,0.0
10,0.03,389,0.03380896933155467,0.0
10,0.03,390,0.0358861027849833,0.0
10,0.03,391,0.03780582435719579,0.0
10,0.03,392,0.03710097755198012,0.0
10,0.03,393,0.04494196434906268,0.0
10,0.03,394,0.053505684362415575,0.0
10,0.03,395,0.05952601753746988,0.0
10,0.03,396,0.055158869598539384,0.0
10,0.03,397,0.044951736902006954,0.0
10,0.03,398,0.0394153765870075,0.0
10,0.03,399,0.035144276529564054,0.0
10,0.03,400,0.03515959341358613,0.0
10,0.03,401,0.03833072669274977,0.0
10,0.03,402,0.03600300268803122,0.0
10,0.03,403,0.040860690452997554,0.0
10,0.03,404,0.04309744738928781,0.0
10,0.03,405,0.039164756461812826,0.0
10,0.03,406,0.04122153986683078,0.0
10,0.03,407,0.040580064228484716,0.0
10,0.03,408,0.030143111426128064,0.0
10,0.03,409,0.03375558832858826,0.0
10,0.03,410,0.03605525622402328,0.0
10,0.03,411,0.04153507581257358,0.0
10,0.03,412,0.042120953659714126,0.0
10,0.03,413,0.03773855034841878,0.0
10,0.03,414,0.050747794397573036,0.0
10,0.03,415,0.04687653211521168,0.0
10,0.03,416,0.05491567001865233,0.0
10,0.03,417,0.046639170143474136,0.0
10,0.03,418,0.036725158343628446,0.0
10,0.03,419,0.03460484484967586,0.0
10,0.03,420,0.029899681733321793,0.0
10,0.03,421,0.034954444398269106,0.0
10,0.03,422,0.027453923578173486,0.0
10,0.03,423,0.026987776888901253,0.0
10,0.03,424,0.029062054998239047,0.0
10,0.03,425,0.0294224976329546,0.0
10,0.03,426,0.03326842516250385,0.0
10,0.03,427,0.042211025698474416,0.0
10,0.03,428,0.03930443397976708,0.0
10,0.03,429,0.03946616010632871,0.0
10,0.03,430,0.037034689052006235,0.0
10,0.03,431,0.039108163196966556,0.0
10,0.03,432,0.03848816908108038,0.0
10,0.03,433,0.04128362282443441,0.0
10,0.03,434,0.041381334088070876,0.0
10,0.03,435,0.042353948326198605,0.0
10,0.03,436,0.0396554429298212,0.0
10,0.03,437,0.03799086992942918,0.0
10,0.03,438,0.02836330343624457,0.0
10,0.03,439,0.030565635534365407,0.0
10,0.03,440,0.03264039174474885,0.0
10,0.03,441,0.03403248849312178,0.0
10,0.03,442,0.0330175535959813,0.0
10,0.03,443,0.04189061886980923,0.0
10,0.03,444,0.045187476039749666,0.0
10,0.03,445,0.04054963376391339,0.0
10,0.03,446,0.041964748273292524,0.0
10,0.03,447,0.039658948541809486,0.0
10,0.03,448,0.04156107230805261,0.0
10,0.03,449,0.04499223511667377,0.0
10,0.03,450,0.04143231826481879,0.0
10,0.03,451,0.04635839971629075,0.0
10,0.03,452,0.04731246423538816,0.0
10,0.03,453,0.05105953747903866,0.0
10,0.03,454,0.044943808517949276,0.0
10,0.03,455,0.05015178810378786,0.0
10,0.03,456,0.053658411075850655,0.0
10,0.03,457,0.050637660584763156,0.0
10,0.03,458,0.05023393571627231,0.0
10,0.03,459,0.05330100097025786,0.0
10,0.03,460,0.046126860615370135,0.0
10,0.03,461,0.048796418432542676,0.0
10,0.03,462,0.03717436955328863,0.0
10,0.03,463,0.032271724844299736,0.0
10,0.03,464,0.022673745518068018,0.0
10,0.03,465,0.0217942568153994,0.0
10,0.03,466,0.02596078296512715,0.0
10,0.03,467,0.027901897263016603,0.0
10,0.03,468,0.02535183091501687,0.0
10,0.03,469,0.0302343425736972,0.0
10,0.03,470,0.03225010250336484,0.0
10,0.03,471,0.03155354566087209,0.0
10,0.03,472,0.02689414442640473,0.0
10,0.03,473,0.02966901559481424,0.0
10,0.03,474,0.030596340043639977,0.0
10,0.03,475,0.02884739782517523,0.0
10,0.03,476,0.03160063994533548,0.0
10,0.03,477,0.032685095286012406,0.0
10,0.03,478,0.02949250732745624,0.0
10,0.03,479,0.03069257860030815,0.0
10,0.03,480,0.02892429459264731,0.0
10,0.03,481,0.02467082187705089,0.0
10,0.03,482,0.025868676555649242,0.0
10,0.03,483,0.01858238982958524,0.0
10,0.03,484,0.021044531732637588,0.0
10,0.03,485,0.02525650116413847,0.0
10,0.03,486,0.020991690873644574,0.0
10,0.03,487,0.024885347958083382,0.0
10,0.03,488,0.02405619435684977,0.0
10,0.03,489,0.02267909238473925,0.0
10,0.03,490,0.022299874059903635,0.0
10,0.03,491,0.021946741822113484,0.0
10,0.03,492,0.02388517294522685,0.0
10,0.03,493,0.021620878757909336,0.0
10,0.03,494,0.021126390700260723,0.0
10,0.03,495,0.019316502735515606,0.0
10,0.03,496,0.022536142023287263,0.0
10,0.03,497,0.025618970434580043,0.0
10,0.03,498,0.024570350057981548,0.0
10,0.03,499,0.02884406671934701,0.0
10,0.03,500,0.03080408223462004,0.0
10,0.05,0,0.08137262492649742,0.0
10,0.05,1,0.0436363541242111,0.0
10,0.05,2,0.03642278433243481,0.0
10,0.05,3,0.031840948829525755,0.0
10,0.05,4,0.027814857732585862,0.0
10,0.05,5,0.026197622547883808,0.0
10,0.05,6,0.025783292851675514,0.0
10,0.05,7,0.025403776704119526,0.0
10,0.05,8,0.023117293467195443,0.0
10,0.05,9,0.02162374835778229,0.0
10,0.05,10,0.021316110303776056,0.0
10,0.05,11,0.017758570098489895,0.0
10,0.05,12,0.01867155931134245,0.0
10,0.05,13,0.020371764355240712,0.0
10,0.05,14,0.02698536646055849,0.0
10,0.05,15,0.02407321052002596,0.0
10,0.05,16,0.024568302284231857,0.0
10,0.05,17,0.022310397605882493,0.0
10,0.05,18,0.020528516663370598,0.0
10,0.05,19,0.019868964883266994,0.0
10,0.05,20,0.02415565622591804,0.0
10,0.05,21,0.02821748210039854,0.0
10,0.05,22,0.02358165572214751,0.0
10,0.05,23,0.02075513834995,0.0
10,0.05,24,0.024863535870125523,0.0
10,0.05,25,0.0209422927372933,0.0
10,0.05,26,0.020372032208433387,0.0
10,0.05,27,0.017013738607700803,0.0
10,0.05,28,0.022624040568719663,0.0
10,0.05,29,0.019346090345198894,0.0
10,0.05,30,0.02241553966042572,0.0
10,0.05,31,0.015653234386755872,0.0
10,0.05,32,0.017386863545217245,0.0
10,0.05,33,0.013035674745097162,0.0
10,0.05,34,0.015345471112425768,0.0
10,0.05,35,0.01789111613904818,0.0
10,0.05,36,0.01791606297917745,0.0
10,0.05,37,0.01645166146878333,0.0
10,0.05,38,0.020407619249247406,0.0
10,0.05,39,0.01688967004595508,0.0
10,0.05,40,0.020979291319719883,0.0
10,0.05,41,0.02531242747015072,0.0
10,0.05,42,0.02231885949610017,0.0
10,0.05,43,0.020300931604597703,0.0
10,0.05,44,0.018222394483481782,0.0
10,0.05,45,0.021291997437290166,0.0
10,0.05,46,0.0211275158935612,0.0
10,0.05,47,0.020695250918768792,0.0
10,0.05,48,0.014169008510501957,0.0
10,0.05,49,0.02180010521443735,0.0
10,0.05,50,0.02103177494427098,0.0
10,0.05,51,0.018293874839811472,0.0
10,0.05,52,0.01904597466487671,0.0
10,0.05,53,0.019934089892002054,0.0
10,0.05,54,0.020869796578112196,0.0
10,0.05,55,0.01828480642930642,0.0
10,0.05,56,0.0188229845219352,0.0
10,0.05,57,0.017814384764229273,0.0
10,0.05,58,0.01885121164714678,0.0
10,0.05,59,0.0227285958934779,0.0
10,0.05,60,0.03177123730541854,0.0
10,0.05,61,0.023540411274414818,0.0
10,0.05,62,0.023474317702682553,0.0
10,0.05,63,0.02654914207109298,0.0
10,0.05,64,0.02833651629587112,0.0
10,0.05,65,0.027513771174080572,0.0
10,0.05,66,0.02136142342675045,0.0
10,0.05,67,0.026342703059832585,0.0
10,0.05,68,0.024602129838270176,0.0
10,0.05,69,0.02318539312856698,0.0
10,0.05,70,0.018876097336337373,0.0
10,0.05,71,0.019881578253801536,0.0
10,0.05,72,0.021900580104059833,0.0
10,0.05,73,0.021253603930620275,0.0
10,0.05,74,0.01951789489630645,0.0
10,0.05,75,0.01687056668216403,0.0
10,0.05,76,0.019743003228298327,0.0
10,0.05,77,0.019892546656533852,0.0
10,0.05,78,0.019096306941677032,0.0
10,0.05,79,0.022803045033925655,0.0
10,0.05,80,0.020677196739863374,0.0
10,0.05,81,0.01827961895497714,0.0
10,0.05,82,0.022347561369033445,0.0
10,0.05,83,0.02508650004896862,0.0
10,0.05,84,0.0213950549325212,0.0
10,0.05,85,0.023576470040769702,0.0
10,0.05,86,0.019817822607653194,0.0
10,0.05,87,0.0222286872467655,0.0
10,0.05,88,0.020958190060233087,0.0
10,0.05,89,0.02822533589916238,0.0
10,0.05,90,0.026758995019535076,0.0
10,0.05,91,0.030855575916541395,0.0
10,0.05,92,0.031380228822996584,0.0
10,0.05,93,0.03184687210049571,0.0
10,0.05,94,0.030854142739065102,0.0
10,0.05,95,0.03572314975491914,0.0
10,0.05,96,0.03284620261393855,0.0
10,0.05,97,0.033738293253064204,0.0
10,0.05,98,0.02972046087910864,0.0
10,0.05,99,0.03701631809708303,0.0
10,0.05,100,0.03243675705694622,0.0
10,0.05,101,0.031313938643457995,0.0
10,0.05,102,0.03041581000217316,0.0
10,0.05,103,0.035204553152580476,0.0
10,0.05,104,0.0329563237919486,0.0
10,0.05,105,0.029819297514438573,0.0
10,0.05,106,0.02371751818603158,0.0
10,0.05,107,0.026419525956026854,0.0
10,0.05,108,0.03411406114849939,0.0
10,0.05,109,0.03389305181654841,0.0
10,0.05,110,0.029195691319485646,0.0
10,0.05,111,0.030966882619989852,0.0
10,0.05,112,0.024517133298836216,0.0
10,0.05,113,0.02480641709202769,0.0
10,0.05,114,0.02839043760513761,0.0
10,0.05,115,0.0311585938939593,0.0
10,0.05,116,0.02760172537442483,0.0
10,0.05,117,0.026456064181509,0.0
10,0.05,118,0.03340856969080558,0.0
10,0.05,119,0.03422042237737396,0.0
10,0.05,120,0.02919700288842175,0.0
10,0.05,121,0.02516234441025552,0.0
10,0.05,122,0.02825323836163733,0.0
10,0.05,123,0.03123066298128947,0.0
10,0.05,124,0.028320236873624744,0.0
10,0.05,125,0.027522217828767008,0.0
10,0.05,126,0.03240328502510906,0.0
10,0.05,127,0.02932024305686515,0.0
10,0.05,128,0.031089141609910734,0.0
10,0.05,129,0.028354528038067213,0.0
10,0.05,130,0.02411553597009169,0.0
10,0.05,131,0.02463658528204119,0.0
10,0.05,132,0.02399340112981352,0.0
10,0.05,133,0.023649913205377137,0.0
10,0.05,134,0.02449710470064992,0.0
10,0.05,135,0.03370315521865508,0.0
10,0.05,136,0.031991487533082764,0.0
10,0.05,137,0.030795934329568304,0.0
10,0.05,138,0.03534772851033432,0.0
10,0.05,139,0.030934566298461717,0.0
10,0.05,140,0.03186242261381752,0.0
10,0.05,141,0.027961077636693997,0.0
10,0.05,142,0.02856867705726215,0.0
10,0.05,143,0.02385305672543593,0.0
10,0.05,144,0.02692142178137006,0.0
10,0.05,145,0.023706447628425026,0.0
10,0.05,146,0.028781912990628645,0.0
10,0.05,147,0.029243275634029873,0.0
10,0.05,148,0.024837132924073347,0.0
10,0.05,149,0.0282369776769236,0.0
10,0.05,150,0.030307557503119774,0.0
10,0.05,151,0.022827793113457045,0.0
10,0.05,152,0.020077941276780455,0.0
10,0.05,153,0.021154009099069632,0.0
10,0.05,154,0.020899629250015185,0.0
10,0.05,155,0.02132263401965318,0.0
10,0.05,156,0.016888937449936456,0.0
10,0.05,157,0.018676831142113576,0.0
10,0.05,158,0.025126409792586152,0.0
10,0.05,159,0.026652103828298798,0.0
10,0.05,160,0.02426423434881908,0.0
10,0.05,161,0.022352607357004232,0.0
10,0.05,162,0.02683485216855316,0.0
10,0.05,163,0.024977005318034724,0.0
10,0.05,164,0.025301987062012407,0.0
10,0.05,165,0.026814611260721172,0.0
10,0.05,166,0.027582897522460605,0.0
10,0.05,167,0.028321543853782164,0.0
10,0.05,168,0.025195141112578704,0.0
10,0.05,169,0.020967043785703295,0.0
10,0.05,170,0.022126832829966084,0.0
10,0.05,171,0.024871616754327773,0.0
10,0.05,172,0.024864009434870344,0.0
10,0.05,173,0.024772681576695207,0.0
10,0.05,174,0.019824708386886367,0.0
10,0.05,175,0.024950165042375995,0.0
10,0.05,176,0.02281222045152374,0.0
10,0.05,177,0.025426840105046665,0.0
10,0.05,178,0.022230782123390993,0.0
10,0.05,179,0.021532426618179574,0.0
10,0.05,180,0.019441767185260056,0.0
10,0.05,181,0.019674009198573095,0.0
10,0.05,182,0.017409132299543235,0.0
10,0.05,183,0.01577550324770278,0.0
10,0.05,184,0.019449171119745767,0.0
10,0.05,185,0.018935248209912645,0.0
10,0.05,186,0.021696103535671238,0.0
10,0.05,187,0.022162233049100543,0.0
10,0.05,188,0.020228177624578892,0.0
10,0.05,189,0.021029645344424374,0.0
10,0.05,190,0.02305686719895041,0.0
10,0.05,191,0.018904379867285305,0.0
10,0.05,192,0.018560951044112945,0.0
10,0.05,193,0.02232654071878179,0.0
10,0.05,194,0.023937949824204652,0.0
10,0.05,195,0.0212895465834613,0.0
10,0.05,196,0.018292126260998687,0.0
10,0.05,197,0.02121588665286628,0.0
10,0.05,198,0.018043882177710194,0.0
10,0.05,199,0.022909876320936585,0.0
10,0.05,200,0.027081263901204387,0.0
10,0.05,201,0.023330603091005753,0.0
10,0.05,202,0.028736105566251068,0.0
10,0.05,203,0.026845595951001888,0.0
10,0.05,204,0.0320586396683709,0.0
10,0.05,205,0.028260111029142495,0.0
10,0.05,206,0.0255793346024533,0.0
10,0.05,207,0.035447461125286225,0.0
10,0.05,208,0.02796429466562237,0.0
10,0.05,209,0.025723972001392675,0.0
10,0.05,210,0.025775698478053357,0.0
10,0.05,211,0.0206989829979779,0.0
10,0.05,212,0.02153153757612317,0.0
10,0.05,213,0.02733911745924126,0.0
10,0.05,214,0.0315596620726107,0.0
10,0.05,215,0.031074182074616107,0.0
10,0.05,216,0.02892102493591521,0.0
10,0.05,217,0.025775975598896744,0.0
10,0.05,218,0.017640739112829124,0.0
10,0.05,219,0.016881498754872427,0.0
10,0.05,220,0.019729695048712737,0.0
10,0.05,221,0.022508362684202685,0.0
10,0.05,222,0.023730393179629293,0.0
10,0.05,223,0.020584113910222062,0.0
10,0.05,224,0.023041892402387618,0.0
10,0.05,225,0.020730969459518567,0.0
10,0.05,226,0.01409635278316506,0.0
10,0.05,227,0.015806836731213737,0.0
10,0.05,228,0.017033655252539272,0.0
10,0.05,229,0.016027886691049154,0.0
10,0.05,230,0.021465275141371275,0.0
10,0.05,231,0.021132280221169097,0.0
10,0.05,232,0.023684487266406803,0.0
10,0.05,233,0.029140970374491943,0.0
10,0.05,234,0.018316451178854415,0.0
10,0.05,235,0.021776785896237768,0.0
10,0.05,236,0.022263918452860534,0.0
10,0.05,237,0.022637035745497025,0.0
10,0.05,238,0.01779552091132184,0.0
10,0.05,239,0.02000416603068887,0.0
10,0.05,240,0.024013381383350945,0.0
10,0.05,241,0.019369583740731566,0.0
10,0.05,242,0.022020741128315445,0.0
10,0.05,243,0.018052120750112956,0.0
10,0.05,244,0.01992937494174621,0.0
10,0.05,245,0.019900588271239916,0.0
10,0.05,246,0.021981290970420148,0.0
10,0.05,247,0.023367782002590397,0.0
10,0.05,248,0.025728823797267753,0.0
10,0.05,249,0.026445546634091842,0.0
10,0.05,250,0.025664246314834105,0.0
10,0.05,251,0.024873783278932665,0.0
10,0.05,252,0.024846788635901517,0.0
10,0.05,253,0.019281135260026325,0.0
10,0.05,254,0.021292735864763962,0.0
10,0.05,255,0.029229016510225518,0.0
10,0.05,256,0.02442949062229638,0.0
10,0.05,257,0.022770750650409725,0.0
10,0.05,258,0.029437869137211994,0.0
10,0.05,259,0.02522048418288646,0.0
10,0.05,260,0.024035511320470215,0.0
10,0.05,261,0.02319220714317706,0.0
10,0.05,262,0.021235348003678448,0.0
10,0.05,263,0.019797930357336884,0.0
10,0.05,264,0.022599044115274313,0.0
10,0.05,265,0.023820505884762002,0.0
10,0.05,266,0.0204329931032394,0.0
10,0.05,267,0.01723587362801829,0.0
10,0.05,268,0.013099012384265292,0.0
10,0.05,269,0.016125726677489165,0.0
10,0.05,270,0.017948376104481023,0.0
10,0.05,271,0.02047192072260835,0.0
10,0.05,272,0.018681937424989387,0.0
10,0.05,273,0.018610634099123332,0.0
10,0.05,274,0.02012424265963234,0.0
10,0.05,275,0.021394660417769426,0.0
10,0.05,276,0.022696741892595983,0.0
10,0.05,277,0.021008072745877036,0.0
10,0.05,278,0.02184323403998564,0.0
10,0.05,279,0.021551167880022253,0.0
10,0.05,280,0.023254363109658498,0.0
10,0.05,281,0.024236343074142307,0.0
10,0.05,282,0.027503290091958704,0.0
10,0.05,283,0.023242916085508377,0.0
10,0.05,284,0.01641995738768756,0.0
10,0.05,285,0.01902440793224611,0.0
10,0.05,286,0.020061546714681716,0.0
10,0.05,287,0.02597039117723375,0.0
10,0.05,288,0.027520481941090975,0.0
10,0.05,289,0.03403093624077743,0.0
10,0.05,290,0.026094657613746897,0.0
10,0.05,291,0.023909900599222975,0.0
10,0.05,292,0.02392881690686891,0.0
10,0.05,293,0.027534146634331066,0.0
10,0.05,294,0.020511241569326245,0.0
10,0.05,295,0.017940237671446133,0.0
10,0.05,296,0.018442012419129402,0.0
10,0.05,297,0.021912513450495608,0.0
10,0.05,298,0.02504803897662244,0.0
10,0.05,299,0.024032658473999925,0.0
10,0.05,300,0.02230756772107342,0.0
10,0.05,301,0.019911070084965295,0.0
10,0.05,302,0.01674805441213355,0.0
10,0.05,303,0.015804759752406874,0.0
10,0.05,304,0.014827145506063984,0.0
10,0.05,305,0.018515544468347717,0.0
10,0.05,306,0.015769908574003007,0.0
10,0.05,307,0.015666580392676634,0.0
10,0.05,308,0.016785890651881002,0.0
10,0.05,309,0.017944172918881066,0.0
10,0.05,310,0.018478389002821418,0.0
10,0.05,311,0.018046042575270628,0.0
10,0.05,312,0.018558540409512703,0.0
10,0.05,313,0.01889775872518552,0.0
10,0.05,314,0.02084110210570207,0.0
10,0.05,315,0.02007823452493622,0.0
10,0.05,316,0.022937684515764025,0.0
10,0.05,317,0.022765430353812743,0.0
10,0.05,318,0.02012942040412664,0.0
10,0.05,319,0.020341862536075207,0.0
10,0.05,320,0.019532677559962672,0.0
10,0.05,321,0.02065316793129264,0.0
10,0.05,322,0.020676988832576272,0.0
10,0.05,323,0.025389446662409686,0.0
10,0.05,324,0.025600567818200054,0.0
10,0.05,325,0.025054804010715845,0.0
10,0.05,326,0.028702352219924596,0.0
10,0.05,327,0.031913362086735134,0.0
10,0.05,328,0.028205293324313128,0.0
10,0.05,329,0.024068130733634736,0.0
10,0.05,330,0.022206942310554253,0.0
10,0.05,331,0.026208505794874718,0.0
10,0.05,332,0.028176884988342046,0.0
10,0.05,333,0.032214123644784445,0.0
10,0.05,334,0.0337845205484728,0.0
10,0.05,335,0.02744682347509078,0.0
10,0.05,336,0.025107096041735787,0.0
10,0.05,337,0.018925457537153446,0.0
10,0.05,338,0.01959811495538484,0.0
10,0.05,339,0.01750766946559108,0.0
10,0.05,340,0.02314742673902622,0.0
10,0.05,341,0.023255747878669714,0.0
10,0.05,342,0.019199067028812616,0.0
10,0.05,343,0.021750905336926852,0.0
10,0.05,344,0.023087249349767327,0.0
10,0.05,345,0.01983577466775628,0.0
10,0.05,346,0.019738612374148125,0.0
10,0.05,347,0.019808506334378983,0.0
10,0.05,348,0.022334942887784287,0.0
10,0.05,349,0.021159248845850395,0.0
10,0.05,350,0.025788447107098524,0.0
10,0.05,351,0.027015135737518597,0.0
10,0.05,352,0.024181569574725365,0.0
10,0.05,353,0.0286756341993026,0.0
10,0.05,354,0.026471116822617533,0.0
10,0.05,355,0.024205202928939466,0.0
10,0.05,356,0.01851512758347649,0.0
10,0.05,357,0.022176833619947076,0.0
10,0.05,358,0.026214487291020563,0.0
10,0.05,359,0.01819904966742392,0.0
10,0.05,360,0.015060156587423329,0.0
10,0.05,361,0.018468080632059066,0.0
10,0.05,362,0.021027945364973787,0.0
10,0.05,363,0.020668885990628497,0.0
10,0.05,364,0.028649813830324233,0.0
10,0.05,365,0.02982307087895358,0.0
10,0.05,366,0.025884450974696556,0.0
10,0.05,367,0.03172209078423087,0.0
10,0.05,368,0.02855736626515826,0.0
10,0.05,369,0.03113530754705601,0.0
10,0.05,370,0.025691179325307144,0.0
10,0.05,371,0.02421605453475355,0.0
10,0.05,372,0.018656054146884385,0.0
10,0.05,373,0.015605921462540853,0.0
10,0.05,374,0.021083429264017156,0.0
10,0.05,375,0.02173888561790965,0.0
10,0.05,376,0.02265868681812687,0.0
10,0.05,377,0.02047835909846066,0.0
10,0.05,378,0.023580117629808942,0.0
10,0.05,379,0.02607083764633581,0.0
10,0.05,380,0.02720684317645365,0.0
10,0.05,381,0.01854044760360965,0.0
10,0.05,382,0.021125660000895555,0.0
10,0.05,383,0.024327780046837225,0.0
10,0.05,384,0.028079329212116037,0.0
10,0.05,385,0.022987422189155372,0.0
10,0.05,386,0.0275312861257189,0.0
10,0.05,387,0.025596251837307956,0.0
10,0.05,388,0.022565127018046516,0.0
10,0.05,389,0.022679020328556305,0.0
10,0.05,390,0.025851197863970495,0.0
10,0.05,391,0.02625734901705381,0.0
10,0.05,392,0.028131736558917816,0.0
10,0.05,393,0.032562380931652014,0.0
10,0.05,394,0.034216395705212316,0.0
10,0.05,395,0.02861065172479914,0.0
10,0.05,396,0.025752850065147527,0.0
10,0.05,397,0.025469520672705553,0.0
10,0.05,398,0.0303579895015412,0.0
10,0.05,399,0.023125461934485184,0.0
10,0.05,400,0.022721053343857146,0.0
10,0.05,401,0.025653481744020396,0.0
10,0.05,402,0.02489030065202025,0.0
10,0.05,403,0.022795567792153446,0.0
10,0.05,404,0.021102828659853076,0.0
10,0.05,405,0.02020850677269209,0.0
10,0.05,406,0.019960670415758296,0.0
10,0.05,407,0.025469155390328277,0.0
10,0.05,408,0.028399440827363273,0.0
10,0.05,409,0.027983982670007755,0.0
10,0.05,410,0.03153699622445366,0.0
10,0.05,411,0.027920424767810696,0.0
10,0.05,412,0.026074190293850736,0.0
10,0.05,413,0.02578007875180383,0.0
10,0.05,414,0.025957765302620405,0.0
10,0.05,415,0.026947514971870697,0.0
10,0.05,416,0.027316849972978355,0.0
10,0.05,417,0.02908536059402609,0.0
10,0.05,418,0.026869069432342053,0.0
10,0.05,419,0.020845596089957535,0.0
10,0.05,420,0.020775018838841062,0.0
10,0.05,421,0.020443197310450842,0.0
10,0.05,422,0.018938729333624917,0.0
10,0.05,423,0.019068699201106945,0.0
10,0.05,424,0.01859456485356535,0.0
10,0.05,425,0.02414820763001606,0.0
10,0.05,426,0.027613386505795905,0.0
10,0.05,427,0.022927247857053152,0.0
10,0.05,428,0.026114801833672822,0.0
10,0.05,429,0.025526485971625608,0.0
10,0.05,430,0.021479819782817444,0.0
10,0.05,431,0.02430850332874952,0.0
10,0.05,432,0.024111592455993522,0.0
10,0.05,433,0.02363826361375463,0.0
10,0.05,434,0.016454039074814776,0.0
10,0.05,435,0.019013567817790292,0.0
10,0.05,436,0.023464746785182747,0.0
10,0.05,437,0.022727206426199055,0.0
10,0.05,438,0.021748749841073337,0.0
10,0.05,439,0.018314000326911536,0.0
10,0.05,440,0.017103132498131078,0.0
10,0.05,441,0.016925598187570338,0.0
10,0.05,442,0.019427717190333905,0.0
10,0.05,443,0.01982043229707225,0.0
10,0.05,444,0.02584421945616944,0.0
10,0.05,445,0.02495976597239554,0.0
10,0.05,446,0.02889431882621421,0.0
10,0.05,447,0.023856176079483215,0.0
10,0.05,448,0.0196662889996614,0.0
10,0.05,449,0.016680460185403635,0.0
10,0.05,450,0.01659973398753392,0.0
10,0.05,451,0.02001493362107378,0.0
10,0.05,452,0.020499366265790357,0.0
10,0.05,453,0.020090556102711096,0.0
10,0.05,454,0.016383433991014242,0.0
10,0.05,455,0.0204833843288575,0.0
10,0.05,456,0.02081120576685734,0.0
10,0.05,457,0.0196110993733015,0.0
10,0.05,458,0.022286728563647946,0.0
10,0.05,459,0.02432346084916843,0.0
10,0.05,460,0.03175194650727915,0.0
10,0.05,461,0.03170967845337445,0.0
10,0.05,462,0.02835656933770395,0.0
10,0.05,463,0.025445244407891407,0.0
10,0.05,464,0.020662456409059168,0.0
10,0.05,465,0.020529640490826336,0.0
10,0.05,466,0.02575952577376424,0.0
10,0.05,467,0.021769895170101288,0.0
10,0.05,468,0.028154571622960648,0.0
10,0.05,469,0.024186873250857,0.0
10,0.05,470,0.025329598997636024,0.0
10,0.05,471,0.021883543283750112,0.0
10,0.05,472,0.02243692379594866,0.0
10,0.05,473,0.017504376205665806,0.0
10,0.05,474,0.01713319126164003,0.0
10,0.05,475,0.018062861754635836,0.0
10,0.05,476,0.019377765565582974,0.0
10,0.05,477,0.01915535215866517,0.0
10,0.05,478,0.02295067055022847,0.0
10,0.05,479,0.023078799279855722,0.0
10,0.05,480,0.027637054184820858,0.0
10,0.05,481,0.023850100598360898,0.0
10,0.05,482,0.03193981181592391,0.0
10,0.05,483,0.029134169701202244,0.0
10,0.05,484,0.030191181659078345,0.0
10,0.05,485,0.032790427364523936,0.0
10,0.05,486,0.03206934104918453,0.0
10,0.05,487,0.033882472719535275,0.0
10,0.05,488,0.031865799554907176,0.0
10,0.05,489,0.032458755866028845,0.0
10,0.05,490,0.04354946309809285,0.0
10,0.05,491,0.039912833343486616,0.0
10,0.05,492,0.04102702179367536,0.0
10,0.05,493,0.031152596919205685,0.0
10,0.05,494,0.029272725224192556,0.0
10,0.05,495,0.029687600646336486,0.0
10,0.05,496,0.03261442758811631,0.0
10,0.05,497,0.03427263828640878,0.0
10,0.05,498,0.02613044294807186,0.0
10,0.05,499,0.029134968678406974,0.0
10,0.05,500,0.02898938001830696,0.0
10,0.1,0,0.08685464322806957,0.0
10,0.1,1,0.04756939287147971,0.0
10,0.1,2,0.034613173342865,0.0
10,0.1,3,0.025023052341525617,0.0
10,0.1,4,0.029938105303310043,0.0
10,0.1,5,0.020554655553745537,0.0
10,0.1,6,0.017756861123227947,0.0
10,0.1,7,0.023721466428912853,0.0
10,0.1,8,0.020529795454161066,0.0
10,0.1,9,0.01758542608112859,0.0
10,0.1,10,0.017016828982077164,0.0
10,0.1,11,0.016776163912805706,0.0
10,0.1,12,0.020467340100123237,0.0
10,0.1,13,0.01725680406385332,0.0
10,0.1,14,0.019799273753998873,0.0
10,0.1,15,0.02321816030827164,0.0
10,0.1,16,0.02317762183655861,0.0
10,0.1,17,0.020924950245917263,0.0
10,0.1,18,0.021993550098305965,0.0
10,0.1,19,0.021098629156987965,0.0
10,0.1,20,0.016922261781913372,0.0
10,0.1,21,0.020203208607509432,0.0
10,0.1,22,0.021452917887409693,0.0
10,0.1,23,0.01937441051444828,0.0
10,0.1,24,0.019513368757630864,0.0
10,0.1,25,0.017510072445556964,0.0
10,0.1,26,0.015860539878355565,0.0
10,0.1,27,0.01887318786041819,0.0
10,0.1,28,0.01904879937528646,0.0
10,0.1,29,0.019699267376699546,0.0
10,0.1,30,0.02244582187937515,0.0
10,0.1,31,0.02074847418997431,0.0
10,0.1,32,0.016958975733777523,0.0
10,0.1,33,0.019520585122112286,0.0
10,0.1,34,0.020363536255134665,0.0
10,0.1,35,0.018733152272636996,0.0
10,0.1,36,0.01918738306376311,0.0
10,0.1,37,0.022332110718150274,0.0
10,0.1,38,0.027118780788305142,0.0
10,0.1,39,0.029492049481648974,0.0
10,0.1,40,0.02973691648582875,0.0
10,0.1,41,0.028166932962811825,0.0
10,0.1,42,0.021418145607473137,0.0
10,0.1,43,0.02014155025831672,0.0
10,0.1,44,0.01856280401643519,0.0
10,0.1,45,0.018681086477048404,0.0
10,0.1,46,0.017429387953596717,0.0
10,0.1,47,0.0202086681514522,0.0
10,0.1,48,0.02115408381769375,0.0
10,0.1,49,0.018843367664130452,0.0
10,0.1,50,0.019164215575913225,0.0
10,0.1,51,0.025498874219026538,0.0
10,0.1,52,0.026476305313451198,0.0
10,0.1,53,0.026498162916304083,0.0
10,0.1,54,0.021919777748871428,0.0
10,0.1,55,0.02528540730982671,0.0
10,0.1,56,0.024141573311234107,0.0
10,0.1,57,0.024754514687252017,0.0
10,0.1,58,0.026202239287501764,0.0
10,0.1,59,0.033987781193213204,0.0
10,0.1,60,0.03713741707405794,0.0
10,0.1,61,0.03559426509432911,0.0
10,0.1,62,0.03327086797774284,0.0
10,0.1,63,0.02968523922486531,0.0
10,0.1,64,0.02500200855082249,0.0
10,0.1,65,0.022996051896831446,0.0
10,0.1,66,0.023847805406961107,0.0
10,0.1,67,0.022683674664901936,0.0
10,0.1,68,0.022819559688707018,0.0
10,0.1,69,0.022349497196877857,0.0
10,0.1,70,0.018847890881581522,0.0
10,0.1,71,0.02103649210217365,0.0
10,0.1,72,0.02169136816009785,0.0
10,0.1,73,0.024288660953250087,0.0
10,0.1,74,0.026439593085876928,0.0
10,0.1,75,0.028887052573639393,0.0
10,0.1,76,0.03256902997348115,0.0
10,0.1,77,0.03525581799630297,0.0
10,0.1,78,0.035650483460260264,0.0
10,0.1,79,0.036061316376291036,0.0
10,0.1,80,0.030460857708700887,0.0
10,0.1,81,0.029267205088502054,0.0
10,0.1,82,0.027667469088458296,0.0
10,0.1,83,0.032241898316489506,0.0
10,0.1,84,0.030460902029426813,0.0
10,0.1,85,0.03423988361370594,0.0
10,0.1,86,0.03261259382067368,0.0
10,0.1,87,0.03579474151235739,0.0
10,0.1,88,0.035110688649656115,0.0
10,0.1,89,0.03383621447446539,0.0
10,0.1,90,0.037225436670015315,0.0
10,0.1,91,0.038380283651318584,0.0
10,0.1,92,0.036282659473193514,0.0
10,0.1,93,0.036057009347045345,0.0
10,0.1,94,0.03353495404768164,0.0
10,0.1,95,0.026478551082600915,0.0
10,0.1,96,0.020487176061259972,0.0
10,0.1,97,0.023627356697957538,0.0
10,0.1,98,0.021184059318733368,0.0
10,0.1,99,0.022335607438468505,0.0
10,0.1,100,0.021816618024556148,0.0
10,0.1,101,0.02336225939928186,0.0
10,0.1,102,0.024378451112052252,0.0
10,0.1,103,0.022971029185336694,0.0
10,0.1,104,0.02242726100400068,0.0
10,0.1,105,0.02904100840875168,0.0
10,0.1,106,0.02960499001020576,0.0
10,0.1,107,0.034367548813265925,0.0
10,0.1,108,0.029860383566482206,0.0
10,0.1,109,0.02812915373677998,0.0
10,0.1,110,0.026038874568107245,0.0
10,0.1,111,0.024213753332129294,0.0
10,0.1,112,0.021646775399276685,0.0
10,0.1,113,0.023396814601542523,0.0
10,0.1,114,0.02123135979609653,0.0
10,0.1,115,0.020820977362590656,0.0
10,0.1,116,0.019852766007706673,0.0
10,0.1,117,0.017666082248204696,0.0
10,0.1,118,0.017830973750239044,0.0
10,0.1,119,0.022633786725836092,0.0
10,0.1,120,0.02279853014799514,0.0
10,0.1,121,0.024612791509857353,0.0
10,0.1,122,0.025686406980320594,0.0
10,0.1,123,0.028476438452557137,0.0
10,0.1,124,0.026715410387843953,0.0
10,0.1,125,0.029647260381731013,0.0
10,0.1,126,0.034778130532692436,0.0
10,0.1,127,0.023381470536047597,0.0
10,0.1,128,0.02620115337056133,0.0
10,0.1,129,0.02123904632452993,0.0
10,0.1,130,0.027671134273320273,0.0
10,0.1,131,0.026092663138569748,0.0
10,0.1,132,0.028974123736339567,0.0
10,0.1,133,0.03318378569076673,0.0
10,0.1,134,0.03252381734970619,0.0
10,0.1,135,0.023449684320350973,0.0
10,0.1,136,0.020426771618745506,0.0
10,0.1,137,0.018243439689597837,0.0
10,0.1,138,0.021262917935899215,0.0
10,0.1,139,0.026016043070012488,0.0
10,0.1,140,0.027083320079862347,0.0
10,0.1,141,0.019887170176620266,0.0
10,0.1,142,0.02717235909153061,0.0
10,0.1,143,0.025092761393989627,0.0
10,0.1,144,0.022522450589437977,0.0
10,0.1,145,0.021593608118844726,0.0
10,0.1,146,0.024036777295538228,0.0
10,0.1,147,0.026824522911723027,0.0
10,0.1,148,0.032846214695339535,0.0
10,0.1,149,0.03389491408414906,0.0
10,0.1,150,0.03400007646384408,0.0
10,0.1,151,0.030686791551409524,0.0
10,0.1,152,0.02347382168227535,0.0
10,0.1,153,0.02476474725596415,0.0
10,0.1,154,0.032714426325030486,0.0
10,0.1,155,0.03386941828997709,0.0
10,0.1,156,0.03581454600864677,0.0
10,0.1,157,0.02365323663834933,0.0
10,0.1,158,0.022679816235250377,0.0
10,0.1,159,0.024637871876060417,0.0
10,0.1,160,0.02980993050139423,0.0
10,0.1,161,0.028716677925448998,0.0
10,0.1,162,0.028188953233809422,0.0
10,0.1,163,0.0348842545424588,0.0
10,0.1,164,0.03475424792931951,0.0
10,0.1,165,0.031510549309398714,0.0
10,0.1,166,0.027746585764324774,0.0
10,0.1,167,0.028020882162963973,0.0
10,0.1,168,0.028642724904815328,0.0
10,0.1,169,0.025884014427382893,0.0
10,0.1,170,0.027917223248923217,0.0
10,0.1,171,0.031057283842813286,0.0
10,0.1,172,0.03354706365213047,0.0
10,0.1,173,0.029273502726216698,0.0
10,0.1,174,0.02919013907790965,0.0
10,0.1,175,0.029009583865851986,0.0
10,0.1,176,0.028549153368614518,0.0
10,0.1,177,0.022246569758415786,0.0
10,0.1,178,0.02556844219545763,0.0
10,0.1,179,0.02172339981795762,0.0
10,0.1,180,0.023818418201826504,0.0
10,0.1,181,0.021257971260599057,0.0
10,0.1,182,0.024755157865309164,0.0
10,0.1,183,0.02530369343932369,0.0
10,0.1,184,0.021957501100603363,0.0
10,0.1,185,0.023380595964708394,0.0
10,0.1,186,0.019815625324891603,0.0
10,0.1,187,0.021193028575416637,0.0
10,0.1,188,0.02144392277370228,0.0
10,0.1,189,0.025630272600494584,0.0
10,0.1,190,0.024360250806173385,0.0
10,0.1,191,0.02366165459666546,0.0
10,0.1,192,0.022597015630583202,0.0
10,0.1,193,0.027307393453777175,0.0
10,0.1,194,0.02365931572002002,0.0
10,0.1,195,0.02011961432272445,0.0
10,0.1,196,0.025466946135775322,0.0
10,0.1,197,0.022182653680647334,0.0
10,0.1,198,0.022205836346169936,0.0
10,0.1,199,0.021323397958369746,0.0
10,0.1,200,0.020822328553800992,0.0
10,0.1,201,0.022168268015504276,0.0
10,0.1,202,0.022619921961888195,0.0
10,0.1,203,0.020486006297728086,0.0
10,0.1,204,0.021452445014048544,0.0
10,0.1,205,0.020833467213012397,0.0
10,0.1,206,0.02446629603941694,0.0
10,0.1,207,0.022655263215186308,0.0
10,0.1,208,0.023385622446190836,0.0
10,0.1,209,0.023905078239966838,0.0
10,0.1,210,0.022279867482091383,0.0
10,0.1,211,0.022938372087592526,0.0
10,0.1,212,0.027480467191397507,0.0
10,0.1,213,0.022643324697802936,0.0
10,0.1,214,0.020101167558115956,0.0
10,0.1,215,0.022303976073846325,0.0
10,0.1,216,0.019546609549203606,0.0
10,0.1,217,0.01812602953397428,0.0
10,0.1,218,0.019851034796864113,0.0
10,0.1,219,0.019434685496138956,0.0
10,0.1,220,0.019578672850202726,0.0
10,0.1,221,0.018980689506388624,0.0
10,0.1,222,0.021811022938557512,0.0
10,0.1,223,0.02234375251346636,0.0
10,0.1,224,0.024085666126832373,0.0
10,0.1,225,0.018970072835233626,0.0
10,0.1,226,0.01918007111399173,0.0
10,0.1,227,0.019972795834878435,0.0
10,0.1,228,0.01941845447909992,0.0
10,0.1,229,0.023648718503568627,0.0
10,0.1,230,0.025449054748546907,0.0
10,0.1,231,0.02510101127207898,0.0
10,0.1,232,0.023192184484004362,0.0
10,0.1,233,0.02337204005361011,0.0
10,0.1,234,0.025046501493248982,0.0
10,0.1,235,0.023889752575459337,0.0
10,0.1,236,0.030227899910057456,0.0
10,0.1,237,0.0254704663484542,0.0
10,0.1,238,0.028844087305732718,0.0
10,0.1,239,0.02586858326675046,0.0
10,0.1,240,0.029466482037452897,0.0
10,0.1,241,0.023473229843062528,0.0
10,0.1,242,0.024724868323393694,0.0
10,0.1,243,0.02185319260470015,0.0
10,0.1,244,0.024178568095053577,0.0
10,0.1,245,0.021662823183436864,0.0
10,0.1,246,0.023779374033271985,0.0
10,0.1,247,0.026335267322986,0.0
10,0.1,248,0.02143432017157763,0.0
10,0.1,249,0.0209809556484325,0.0
10,0.1,250,0.02407426091195494,0.0
10,0.1,251,0.02413680077251067,0.0
10,0.1,252,0.026334180732528828,0.0
10,0.1,253,0.025597665176543924,0.0
10,0.1,254,0.02565417717437306,0.0
10,0.1,255,0.024210568988607063,0.0
10,0.1,256,0.02357223425162701,0.0
10,0.1,257,0.020890269939888125,0.0
10,0.1,258,0.020731315130682673,0.0
10,0.1,259,0.02396970251861133,0.0
10,0.1,260,0.020452365648245506,0.0
10,0.1,261,0.026507738786722492,0.0
10,0.1,262,0.02910145162919175,0.0
10,0.1,263,0.035695546292900775,0.0
10,0.1,264,0.029037406934114406,0.0
10,0.1,265,0.030917063933728384,0.0
10,0.1,266,0.02735367817909101,0.0
10,0.1,267,0.029177123441422516,0.0
10,0.1,268,0.029261599206918745,0.0
10,0.1,269,0.02375210569173577,0.0
10,0.1,270,0.024032439948394727,0.0
10,0.1,271,0.02336892324492734,0.0
10,0.1,272,0.02629545878476687,0.0
10,0.1,273,0.026976790354414776,0.0
10,0.1,274,0.021658140736691114,0.0
10,0.1,275,0.0211108268265363,0.0
10,0.1,276,0.026795960329203273,0.0
10,0.1,277,0.02789987939889995,0.0
10,0.1,278,0.03018417656811435,0.0
10,0.1,279,0.030833876002199546,0.0
10,0.1,280,0.02479308683033237,0.0
10,0.1,281,0.02880004789492027,0.0
10,0.1,282,0.02410507416569567,0.0
10,0.1,283,0.02055228294949864,0.0
10,0.1,284,0.020508209131442353,0.0
10,0.1,285,0.018146649708937604,0.0
10,0.1,286,0.015816341076554715,0.0
10,0.1,287,0.014530061403817067,0.0
10,0.1,288,0.017486068709763353,0.0
10,0.1,289,0.014602594885012768,0.0
10,0.1,290,0.015008003994925039,0.0
10,0.1,291,0.01791821438186243,0.0
10,0.1,292,0.023059991804008893,0.0
10,0.1,293,0.030852103351227598,0.0
10,0.1,294,0.023770688770508003,0.0
10,0.1,295,0.023142277767318455,0.0
10,0.1,296,0.021285388364372514,0.0
10,0.1,297,0.02863072298157909,0.0
10,0.1,298,0.02767975201953071,0.0
10,0.1,299,0.024174657845744126,0.0
10,0.1,300,0.02312884370614146,0.0
10,0.1,301,0.024169234695911337,0.0
10,0.1,302,0.02855015660930541,0.0
10,0.1,303,0.030701668720569418,0.0
10,0.1,304,0.0264953873493792,0.0
10,0.1,305,0.02334988107822651,0.0
10,0.1,306,0.026389607369258855,0.0
10,0.1,307,0.02649284611792332,0.0
10,0.1,308,0.028912580019625506,0.0
10,0.1,309,0.03139813900924226,0.0
10,0.1,310,0.029516057886129175,0.0
10,0.1,311,0.02970547838286948,0.0
10,0.1,312,0.02599779844965377,0.0
10,0.1,313,0.021647041911853425,0.0
10,0.1,314,0.025324206635056162,0.0
10,0.1,315,0.021982883788133997,0.0
10,0.1,316,0.026610194559536265,0.0
10,0.1,317,0.026167184158744236,0.0
10,0.1,318,0.02616583416244998,0.0
10,0.1,319,0.02430365728858721,0.0
10,0.1,320,0.022536778643390886,0.0
10,0.1,321,0.018998722513045928,0.0
10,0.1,322,0.016435278165011977,0.0
10,0.1,323,0.019037456599375342,0.0
10,0.1,324,0.02285625827034151,0.0
10,0.1,325,0.026239834155769786,0.0
10,0.1,326,0.02076998400230409,0.0
10,0.1,327,0.022574131260724304,0.0
10,0.1,328,0.01985561373310957,0.0
10,0.1,329,0.021747231998792624,0.0
10,0.1,330,0.02688190813130801,0.0
10,0.1,331,0.018962794793021733,0.0
10,0.1,332,0.0185602098164133,0.0
10,0.1,333,0.01943351228045323,0.0
10,0.1,334,0.019695086974625773,0.0
10,0.1,335,0.025571962581868418,0.0
10,0.1,336,0.026205031651374094,0.0
10,0.1,337,0.03006422540729164,0.0
10,0.1,338,0.02243356067850863,0.0
10,0.1,339,0.02406217924546829,0.0
10,0.1,340,0.03298157166090775,0.0
10,0.1,341,0.02868732544751998,0.0
10,0.1,342,0.02651534575421512,0.0
10,0.1,343,0.024138202004497056,0.0
10,0.1,344,0.024914663038753674,0.0
10,0.1,345,0.021526222286098618,0.0
10,0.1,346,0.02044260866204644,0.0
10,0.1,347,0.019878938084465152,0.0
10,0.1,348,0.017352528126843857,0.0
10,0.1,349,0.02065385234028036,0.0
10,0.1,350,0.01854610483634612,0.0
10,0.1,351,0.02096555121661571,0.0
10,0.1,352,0.018211949758176,0.0
10,0.1,353,0.019497165539825008,0.0
10,0.1,354,0.020425304777354946,0.0
10,0.1,355,0.021654277163298527,0.0
10,0.1,356,0.022719678266863844,0.0
10,0.1,357,0.021046933318696844,0.0
10,0.1,358,0.024035818707754997,0.0
10,0.1,359,0.026079004818080644,0.0
10,0.1,360,0.023584495052297236,0.0
10,0.1,361,0.02953013544074901,0.0
10,0.1,362,0.026444973481510255,0.0
10,0.1,363,0.027228036867109687,0.0
10,0.1,364,0.023232462026053873,0.0
10,0.1,365,0.028256348744025817,0.0
10,0.1,366,0.02421392350296011,0.0
10,0.1,367,0.031071707544932724,0.0
10,0.1,368,0.03127924778471951,0.0
10,0.1,369,0.029093566486181017,0.0
10,0.1,370,0.02768139537616854,0.0
10,0.1,371,0.02444069049470275,0.0
10,0.1,372,0.027053444958237652,0.0
10,0.1,373,0.028622111326146834,0.0
10,0.1,374,0.03189896840924932,0.0
10,0.1,375,0.03323563643624138,0.0
10,0.1,376,0.026938409491700357,0.0
10,0.1,377,0.02522743805070809,0.0
10,0.1,378,0.021886811994376344,0.0
10,0.1,379,0.024975556120599096,0.0
10,0.1,380,0.029187434990360965,0.0
10,0.1,381,0.025630325959266603,0.0
10,0.1,382,0.026606786436936116,0.0
10,0.1,383,0.020487002556327436,0.0
10,0.1,384,0.02399437957684771,0.0
10,0.1,385,0.028301001581378365,0.0
10,0.1,386,0.029292536883372865,0.0
10,0.1,387,0.03056478398095029,0.0
10,0.1,388,0.032137434638341934,0.0
10,0.1,389,0.031329656168519925,0.0
10,0.1,390,0.032421250040396546,0.0
10,0.1,391,0.03167620013102396,0.0
10,0.1,392,0.023861970653855077,0.0
10,0.1,393,0.022286071587442394,0.0
10,0.1,394,0.0265109797057681,0.0
10,0.1,395,0.030176311186932776,0.0
10,0.1,396,0.028741817014283532,0.0
10,0.1,397,0.03081887891123109,0.0
10,0.1,398,0.03192572709773139,0.0
10,0.1,399,0.029799760849184516,0.0
10,0.1,400,0.027577000120836304,0.0
10,0.1,401,0.024629650573450013,0.0
10,0.1,402,0.02431090638424119,0.0
10,0.1,403,0.02476511465976989,0.0
10,0.1,404,0.023691163854249166,0.0
10,0.1,405,0.023457268613687198,0.0
10,0.1,406,0.027182900091631493,0.0
10,0.1,407,0.029309875823505433,0.0
10,0.1,408,0.02283373573935248,0.0
10,0.1,409,0.02661365279141156,0.0
10,0.1,410,0.024652781580034408,0.0
10,0.1,411,0.02463343084833204,0.0
10,0.1,412,0.0276468682717785,0.0
10,0.1,413,0.028021292543096224,0.0
10,0.1,414,0.026089555725187775,0.0
10,0.1,415,0.02509555579019957,0.0
10,0.1,416,0.022560727574714386,0.0
10,0.1,417,0.023484829101266952,0.0
10,0.1,418,0.021123500183896887,0.0
10,0.1,419,0.020908135492701735,0.0
10,0.1,420,0.01873345728548194,0.0
10,0.1,421,0.016737524919431965,0.0
10,0.1,422,0.02505276673666553,0.0
10,0.1,423,0.02358421843845948,0.0
10,0.1,424,0.02180704162353235,0.0
10,0.1,425,0.02285883142447647,0.0
10,0.1,426,0.023201264289482118,0.0
10,0.1,427,0.019831506222701786,0.0
10,0.1,428,0.020431368749995526,0.0
10,0.1,429,0.024712701932405,0.0
10,0.1,430,0.02249264111957106,0.0
10,0.1,431,0.024905632291788368,0.0
10,0.1,432,0.025605530852934447,0.0
10,0.1,433,0.024709836025770645,0.0
10,0.1,434,0.020732144426984993,0.0
10,0.1,435,0.020391294393081995,0.0
10,0.1,436,0.019925177440991128,0.0
10,0.1,437,0.022889477030290747,0.0
10,0.1,438,0.023203510846347645,0.0
10,0.1,439,0.02263145934437457,0.0
10,0.1,440,0.024713451134219553,0.0
10,0.1,441,0.023550492723510185,0.0
10,0.1,442,0.024404540627313624,0.0
10,0.1,443,0.026041579078504552,0.0
10,0.1,444,0.024780495956223197,0.0
10,0.1,445,0.026472016111658173,0.0
10,0.1,446,0.022393880487400975,0.0
10,0.1,447,0.020686854551680352,0.0
10,0.1,448,0.022330041255536504,0.0
10,0.1,449,0.020999691383215516,0.0
10,0.1,450,0.030525302969048804,0.0
10,0.1,451,0.03440940506307362,0.0
10,0.1,452,0.025084669560796347,0.0
10,0.1,453,0.030052570767227636,0.0
10,0.1,454,0.023394840236934167,0.0
10,0.1,455,0.024165525343087163,0.0
10,0.1,456,0.024882669723410092,0.0
10,0.1,457,0.023036097985757786,0.0
10,0.1,458,0.020232726409275214,0.0
10,0.1,459,0.01947474539117512,0.0
10,0.1,460,0.029762237678087156,0.0
10,0.1,461,0.028542612488059498,0.0
10,0.1,462,0.03420950788505174,0.0
10,0.1,463,0.030842921669482628,0.0
10,0.1,464,0.035887390308996625,0.0
10,0.1,465,0.030195823005970276,0.0
10,0.1,466,0.02542439161791392,0.0
10,0.1,467,0.024692319855970157,0.0
10,0.1,468,0.026500505161625002,0.0
10,0.1,469,0.0236257326154273,0.0
10,0.1,470,0.02465086385039688,0.0
10,0.1,471,0.019718482347972483,0.0
10,0.1,472,0.0237199862904606,0.0
10,0.1,473,0.02592235562424583,0.0
10,0.1,474,0.026467626768942806,0.0
10,0.1,475,0.026128492842632026,0.0
10,0.1,476,0.021004338205597918,0.0
10,0.1,477,0.02294196290831417,0.0
10,0.1,478,0.019744652690644723,0.0
10,0.1,479,0.02742378360918295,0.0
10,0.1,480,0.02671171469403371,0.0
10,0.1,481,0.02532715471943705,0.0
10,0.1,482,0.02543851276726118,0.0
10,0.1,483,0.02585031746798688,0.0
10,0.1,484,0.025423609797667775,0.0
10,0.1,485,0.02614292389115919,0.0
10,0.1,486,0.02733521787905378,0.0
10,0.1,487,0.026558039870456854,0.0
10,0.1,488,0.02636352555427441,0.0
10,0.1,489,0.028591859688104165,0.0
10,0.1,490,0.024022013398429697,0.0
10,0.1,491,0.02794088207104679,0.0
10,0.1,492,0.024915629094407938,0.0
10,0.1,493,0.02039243179509441,0.0
10,0.1,494,0.0236365899111445,0.0
10,0.1,495,0.023898929813471165,0.0
10,0.1,496,0.019772238299451687,0.0
10,0.1,497,0.02004713835961192,0.0
10,0.1,498,0.02096083712417448,0.0
10,0.1,499,0.021427716565858655,0.0
10,0.1,500,0.02072189981248594,0.0
10,0.2,0,0.0663841360498456,0.0
10,0.2,1,0.04633422932858981,0.0
10,0.2,2,0.040084410783013995,0.0
10,0.2,3,0.03404098238718411,0.0
10,0.2,4,0.02470825878558418,0.0
10,0.2,5,0.01846956993409982,0.0
10,0.2,6,0.02440588926938389,0.0
10,0.2,7,0.023847730362497956,0.0
10,0.2,8,0.026787273284861062,0.0
10,0.2,9,0.023080381331585537,0.0
10,0.2,10,0.02088834358774807,0.0
10,0.2,11,0.018303409380400995,0.0
10,0.2,12,0.02255460426086677,0.0
10,0.2,13,0.02028820296940817,0.0
10,0.2,14,0.02063697758852017,0.0
10,0.2,15,0.018977766912786364,0.0
10,0.2,16,0.01739921349311824,0.0
10,0.2,17,0.015205885806860234,0.0
10,0.2,18,0.019684625305666028,0.0
10,0.2,19,0.018068099549302184,0.0
10,0.2,20,0.01935357653409642,0.0
10,0.2,21,0.022775213560553686,0.0
10,0.2,22,0.02184110350238482,0.0
10,0.2,23,0.026141141233617278,0.0
10,0.2,24,0.025779875209151256,0.0
10,0.2,25,0.02528127235406094,0.0
10,0.2,26,0.02589607637690537,0.0
10,0.2,27,0.02373676840073677,0.0
10,0.2,28,0.019574110451778603,0.0
10,0.2,29,0.023211858690105225,0.0
10,0.2,30,0.02347328554462964,0.0
10,0.2,31,0.017426072527237022,0.0
10,0.2,32,0.019670991933623795,0.0
10,0.2,33,0.02151402506423682,0.0
10,0.2,34,0.02154726131441433,0.0
10,0.2,35,0.02177812260225212,0.0
10,0.2,36,0.024264867187986493,0.0
10,0.2,37,0.022829887296593836,0.0
10,0.2,38,0.019586677247044448,0.0
10,0.2,39,0.01944088923259251,0.0
10,0.2,40,0.029308977990607273,0.0
10,0.2,41,0.025373302697232557,0.0
10,0.2,42,0.021742946017631347,0.0
10,0.2,43,0.0223954259494426,0.0
10,0.2,44,0.02437062395866981,0.0
10,0.2,45,0.02822146020471237,0.0
10,0.2,46,0.0277776440227285,0.0
10,0.2,47,0.02411899625245397,0.0
10,0.2,48,0.023388883347814873,0.0
10,0.2,49,0.026186764920142717,0.0
10,0.2,50,0.016375898546337152,0.0
10,0.2,51,0.020113795867187312,0.0
10,0.2,52,0.02374316513565727,0.0
10,0.2,53,0.018102954193918504,0.0
10,0.2,54,0.02051585406164388,0.0
10,0.2,55,0.014826212973864779,0.0
10,0.2,56,0.016258729391338548,0.0
10,0.2,57,0.016047275175733268,0.0
10,0.2,58,0.01769243775814606,0.0
10,0.2,59,0.017933643717365014,0.0
10,0.2,60,0.023091867164028314,0.0
10,0.2,61,0.014620254642147728,0.0
10,0.2,62,0.014522131182716638,0.0
10,0.2,63,0.017264413765208275,0.0
10,0.2,64,0.018497575548005442,0.0
10,0.2,65,0.023677426133619995,0.0
10,0.2,66,0.021626160723755925,0.0
10,0.2,67,0.021499116321940334,0.0
10,0.2,68,0.019723936756255896,0.0
10,0.2,69,0.020657103967215873,0.0
10,0.2,70,0.018135837908812805,0.0
10,0.2,71,0.016263486379119545,0.0
10,0.2,72,0.021566341166196986,0.0
10,0.2,73,0.019357458868033302,0.0
10,0.2,74,0.022044918972853846,0.0
10,0.2,75,0.021411379914176056,0.0
10,0.2,76,0.020601746827843447,0.0
10,0.2,77,0.021279873419522085,0.0
10,0.2,78,0.0168707999488692,0.0
10,0.2,79,0.020276473086115004,0.0
10,0.2,80,0.021746127513032145,0.0
10,0.2,81,0.02025789053451593,0.0
10,0.2,82,0.02429044257977298,0.0
10,0.2,83,0.03061586206996534,0.0
10,0.2,84,0.027946285026441486,0.0
10,0.2,85,0.03162206118295158,0.0
10,0.2,86,0.019213136493121383,0.0
10,0.2,87,0.018203277680758953,0.0
10,0.2,88,0.018800089381774365,0.0
10,0.2,89,0.018439964621231562,0.0
10,0.2,90,0.015858610577409327,0.0
10,0.2,91,0.019091157625360507,0.0
10,0.2,92,0.01990727150276307,0.0
10,0.2,93,0.023388437765447457,0.0
10,0.2,94,0.022146523632568988,0.0
10,0.2,95,0.01869566815450383,0.0
10,0.2,96,0.019579826473140095,0.0
10,0.2,97,0.01831874238093743,0.0
10,0.2,98,0.01885780617802182,0.0
10,0.2,99,0.021495187611883484,0.0
10,0.2,100,0.022104232390129475,0.0
10,0.2,101,0.02270088172731117,0.0
10,0.2,102,0.02564156082999472,0.0
10,0.2,103,0.02160595644795855,0.0
10,0.2,104,0.021920577592132905,0.0
10,0.2,105,0.02157179973825271,0.0
10,0.2,106,0.024766820951346493,0.0
10,0.2,107,0.017507505540646437,0.0
10,0.2,108,0.020884763981124058,0.0
10,0.2,109,0.022024233024494758,0.0
10,0.2,110,0.02463749883480383,0.0
10,0.2,111,0.024591325963056302,0.0
10,0.2,112,0.023924518953006856,0.0
10,0.2,113,0.016975358223346795,0.0
10,0.2,114,0.01887799097935395,0.0
10,0.2,115,0.017577370452094575,0.0
10,0.2,116,0.019760181146762142,0.0
10,0.2,117,0.018062312111739746,0.0
10,0.2,118,0.020736387655908236,0.0
10,0.2,119,0.019724910709867573,0.0
10,0.2,120,0.019526364673272123,0.0
10,0.2,121,0.026606948157546596,0.0
10,0.2,122,0.021050220636375797,0.0
10,0.2,123,0.016066614303413454,0.0
10,0.2,124,0.0212407284892247,0.0
10,0.2,125,0.022720224721519435,0.0
10,0.2,126,0.025741145767247793,0.0
10,0.2,127,0.0231906035869069,0.0
10,0.2,128,0.028772077927552448,0.0
10,0.2,129,0.023594090703951135,0.0
10,0.2,130,0.018049080972481292,0.0
10,0.2,131,0.021117831480813108,0.0
10,0.2,132,0.01789329217210966,0.0
10,0.2,133,0.019173329379496295,0.0
10,0.2,134,0.018866109659310668,0.0
10,0.2,135,0.02346606355395003,0.0
10,0.2,136,0.026460593682561102,0.0
10,0.2,137,0.023626811415071572,0.0
10,0.2,138,0.02555121218856816,0.0
10,0.2,139,0.021737839339170745,0.0
10,0.2,140,0.01900074297483857,0.0
10,0.2,141,0.01751685534258067,0.0
10,0.2,142,0.01796104095170411,0.0
10,0.2,143,0.017511833737675408,0.0
10,0.2,144,0.017538595604573375,0.0
10,0.2,145,0.020115837499751498,0.0
10,0.2,146,0.026989372709806978,0.0
10,0.2,147,0.02412414581702896,0.0
10,0.2,148,0.025133785002122613,0.0
10,0.2,149,0.02249423568061309,0.0
10,0.2,150,0.019870187607169295,0.0
10,0.2,151,0.020344950064465364,0.0
10,0.2,152,0.02014184256005747,0.0
10,0.2,153,0.02163014644707041,0.0
10,0.2,154,0.01640437202161417,0.0
10,0.2,155,0.01616731242672617,0.0
10,0.2,156,0.01909327204555465,0.0
10,0.2,157,0.017515483235529414,0.0
10,0.2,158,0.018716902582635933,0.0
10,0.2,159,0.018418743219324723,0.0
10,0.2,160,0.018860348962629437,0.0
10,0.2,161,0.018693990120069844,0.0
10,0.2,162,0.025606784701925487,0.0
10,0.2,163,0.02325102447434251,0.0
10,0.2,164,0.020690620387148702,0.0
10,0.2,165,0.02303203203708005,0.0
10,0.2,166,0.027178765033940063,0.0
10,0.2,167,0.02474917300643522,0.0
10,0.2,168,0.024505319824492264,0.0
10,0.2,169,0.026186014157070267,0.0
10,0.2,170,0.024686687406734634,0.0
10,0.2,171,0.021371683205090454,0.0
10,0.2,172,0.016131165130074253,0.0
10,0.2,173,0.022606641542079295,0.0
10,0.2,174,0.02443304274840801,0.0
10,0.2,175,0.02331056205753631,0.0
10,0.2,176,0.02747431408971823,0.0
10,0.2,177,0.01957448127368152,0.0
10,0.2,178,0.02017716495445605,0.0
10,0.2,179,0.022777191141035755,0.0
10,0.2,180,0.021380717094547207,0.0
10,0.2,181,0.02717047467685098,0.0
10,0.2,182,0.024639932139183474,0.0
10,0.2,183,0.025246825193541423,0.0
10,0.2,184,0.02501963684625451,0.0
10,0.2,185,0.018983997966007984,0.0
10,0.2,186,0.020003914646056883,0.0
10,0.2,187,0.01799208202558616,0.0
10,0.2,188,0.016253808795803584,0.0
10,0.2,189,0.019625575124038775,0.0
10,0.2,190,0.023714672411301985,0.0
10,0.2,191,0.021890097315910406,0.0
10,0.2,192,0.018714717281962934,0.0
10,0.2,193,0.02020566428385481,0.0
10,0.2,194,0.02237139988982169,0.0
10,0.2,195,0.024410360857962422,0.0
10,0.2,196,0.020029747393333103,0.0
10,0.2,197,0.01970532590719968,0.0
10,0.2,198,0.017140283563589973,0.0
10,0.2,199,0.017599162275208767,0.0
10,0.2,200,0.017435306703449158,0.0
10,0.2,201,0.019300731711210634,0.0
10,0.2,202,0.020896171302896772,0.0
10,0.2,203,0.018425099617880657,0.0
10,0.2,204,0.018965287274848627,0.0
10,0.2,205,0.02182160416416889,0.0
10,0.2,206,0.01772635232430249,0.0
10,0.2,207,0.015393715636404261,0.0
10,0.2,208,0.019752850031071977,0.0
10,0.2,209,0.017014679564392506,0.0
10,0.2,210,0.02276422842463706,0.0
10,0.2,211,0.022623908773397292,0.0
10,0.2,212,0.021083045491513918,0.0
10,0.2,213,0.020753318203357785,0.0
10,0.2,214,0.021550027778364594,0.0
10,0.2,215,0.023336937339649658,0.0
10,0.2,216,0.02008035655723881,0.0
10,0.2,217,0.017903206104004102,0.0
10,0.2,218,0.01658378450435334,0.0
10,0.2,219,0.019166981290366685,0.0
10,0.2,220,0.016434975210115225,0.0
10,0.2,221,0.019500704897159306,0.0
10,0.2,222,0.015516828891591514,0.0
10,0.2,223,0.015275976838702547,0.0
10,0.2,224,0.019021278859134457,0.0
10,0.2,225,0.014078482908249867,0.0
10,0.2,226,0.016379048539773913,0.0
10,0.2,227,0.02067802974451663,0.0
10,0.2,228,0.020755854430332264,0.0
10,0.2,229,0.02044177181207149,0.0
10,0.2,230,0.018529731628669086,0.0
10,0.2,231,0.015139055456236217,0.0
10,0.2,232,0.021260702773928986,0.0
10,0.2,233,0.018456510564213494,0.0
10,0.2,234,0.024513980111757122,0.0
10,0.2,235,0.02482593709526995,0.0
10,0.2,236,0.022355056817532443,0.0
10,0.2,237,0.02171766672469913,0.0
10,0.2,238,0.019185773033102142,0.0
10,0.2,239,0.02143951345184687,0.0
10,0.2,240,0.023533903483222166,0.0
10,0.2,241,0.028395552738329787,0.0
10,0.2,242,0.02700936167798481,0.0
10,0.2,243,0.028722575152005488,0.0
10,0.2,244,0.024543654864941013,0.0
10,0.2,245,0.021836907605563713,0.0
10,0.2,246,0.02050271390834862,0.0
10,0.2,247,0.020254672638253392,0.0
10,0.2,248,0.021715746852648196,0.0
10,0.2,249,0.022958135655299246,0.0
10,0.2,250,0.020069802011589744,0.0
10,0.2,251,0.020637909031019523,0.0
10,0.2,252,0.022773668612215033,0.0
10,0.2,253,0.0248438987165243,0.0
10,0.2,254,0.029178256613119503,0.0
10,0.2,255,0.027288950067313435,0.0
10,0.2,256,0.026237816305543515,0.0
10,0.2,257,0.022286582970473704,0.0
10,0.2,258,0.022909298637301533,0.0
10,0.2,259,0.029134738882810075,0.0
10,0.2,260,0.019893699642670255,0.0
10,0.2,261,0.016754127226710006,0.0
10,0.2,262,0.017992239908276784,0.0
10,0.2,263,0.021954684527291535,0.0
10,0.2,264,0.021990821754389368,0.0
10,0.2,265,0.01885480497851826,0.0
10,0.2,266,0.020616050411274674,0.0
10,0.2,267,0.020059501204230824,0.0
10,0.2,268,0.02151240603403913,0.0
10,0.2,269,0.016552873480659147,0.0
10,0.2,270,0.018195047692953378,0.0
10,0.2,271,0.023423537347356038,0.0
10,0.2,272,0.0240033654287249,0.0
10,0.2,273,0.022263927041954287,0.0
10,0.2,274,0.025681478997529938,0.0
10,0.2,275,0.02309550516375588,0.0
10,0.2,276,0.022836524454796926,0.0
10,0.2,277,0.028377816678154567,0.0
10,0.2,278,0.032120138997142854,0.0
10,0.2,279,0.030725156788709254,0.0
10,0.2,280,0.029181697040977384,0.0
10,0.2,281,0.0224802174689005,0.0
10,0.2,282,0.03091285707587794,0.0
10,0.2,283,0.024966415696939703,0.0
10,0.2,284,0.02728859535658496,0.0
10,0.2,285,0.026012926144925612,0.0
10,0.2,286,0.01970661670013558,0.0
10,0.2,287,0.02054058357478101,0.0
10,0.2,288,0.020727530868563594,0.0
10,0.2,289,0.019356500066085604,0.0
10,0.2,290,0.01600746700499912,0.0
10,0.2,291,0.020024750145547814,0.0
10,0.2,292,0.023757929683323038,0.0
10,0.2,293,0.026330904763730612,0.0
10,0.2,294,0.030516046041706532,0.0
10,0.2,295,0.02693588690771932,0.0
10,0.2,296,0.02579643441711589,0.0
10,0.2,297,0.027184927232285806,0.0
10,0.2,298,0.02274077014563309,0.0
10,0.2,299,0.018582549688949245,0.0
10,0.2,300,0.019804047291709304,0.0
10,0.2,301,0.018210160093764242,0.0
10,0.2,302,0.018099400195940696,0.0
10,0.2,303,0.02085981497250249,0.0
10,0.2,304,0.019012042165583876,0.0
10,0.2,305,0.022053922245624615,0.0
10,0.2,306,0.0190217889882383,0.0
10,0.2,307,0.015763948891434038,0.0
10,0.2,308,0.017529260782591635,0.0
10,0.2,309,0.014714257311107908,0.0
10,0.2,310,0.02385840900322537,0.0
10,0.2,311,0.019214832585081564,0.0
10,0.2,312,0.022799340700444034,0.0
10,0.2,313,0.022691406930215333,0.0
10,0.2,314,0.0223096744736148,0.0
10,0.2,315,0.020866432399491028,0.0
10,0.2,316,0.019738021692681358,0.0
10,0.2,317,0.019973868749339204,0.0
10,0.2,318,0.016947940751377778,0.0
10,0.2,319,0.022630055674833244,0.0
10,0.2,320,0.02497824569393443,0.0
10,0.2,321,0.02268227057418659,0.0
10,0.2,322,0.02324810898023327,0.0
10,0.2,323,0.026266646064013587,0.0
10,0.2,324,0.02484554400474031,0.0
10,0.2,325,0.023435816898394458,0.0
10,0.2,326,0.022388406416298853,0.0
10,0.2,327,0.01861442598593236,0.0
10,0.2,328,0.01865834923977592,0.0
10,0.2,329,0.016086455742694062,0.0
10,0.2,330,0.01823298198118761,0.0
10,0.2,331,0.01613414649120775,0.0
10,0.2,332,0.0202711849505484,0.0
10,0.2,333,0.019764454375507806,0.0
10,0.2,334,0.016315428240553587,0.0
10,0.2,335,0.019650511752298327,0.0
10,0.2,336,0.02441611890742354,0.0
10,0.2,337,0.02210653245057652,0.0
10,0.2,338,0.025114902229020245,0.0
10,0.2,339,0.0179369693079482,0.0
10,0.2,340,0.017248473995878914,0.0
10,0.2,341,0.01746583309848662,0.0
10,0.2,342,0.018017145446996764,0.0
10,0.2,343,0.021442507279441515,0.0
10,0.2,344,0.018427432705628192,0.0
10,0.2,345,0.01901902951816118,0.0
10,0.2,346,0.019246584211351534,0.0
10,0.2,347,0.01927223209389273,0.0
10,0.2,348,0.02226793140222216,0.0
10,0.2,349,0.024884946112327097,0.0
10,0.2,350,0.023986710640399703,0.0
10,0.2,351,0.020193600977164862,0.0
10,0.2,352,0.01683359784322091,0.0
10,0.2,353,0.01777437478175874,0.0
10,0.2,354,0.01864236056557412,0.0
10,0.2,355,0.019145492360859412,0.0
10,0.2,356,0.01698981912784967,0.0
10,0.2,357,0.01756809253210065,0.0
10,0.2,358,0.018708983426612456,0.0
10,0.2,359,0.024406570534663097,0.0
10,0.2,360,0.015172661205359492,0.0
10,0.2,361,0.01789244579125549,0.0
10,0.2,362,0.02066095146892242,0.0
10,0.2,363,0.022767363414028782,0.0
10,0.2,364,0.021045401606768696,0.0
10,0.2,365,0.02487247101127721,0.0
10,0.2,366,0.023723982765175435,0.0
10,0.2,367,0.027409044364101635,0.0
10,0.2,368,0.02566828223903112,0.0
10,0.2,369,0.023195968757372745,0.0
10,0.2,370,0.023009864185702236,0.0
10,0.2,371,0.02124385027683078,0.0
10,0.2,372,0.021965488863019172,0.0
10,0.2,373,0.017582966332674144,0.0
10,0.2,374,0.022202252886204192,0.0
10,0.2,375,0.02633921770468197,0.0
10,0.2,376,0.021097776699575445,0.0
10,0.2,377,0.020320341777626018,0.0
10,0.2,378,0.024850820947315964,0.0
10,0.2,379,0.02699894837060527,0.0
10,0.2,380,0.030158336388010958,0.0
10,0.2,381,0.027707151924865423,0.0
10,0.2,382,0.02621660125003295,0.0
10,0.2,383,0.025854183084008598,0.0
10,0.2,384,0.02361764699515526,0.0
10,0.2,385,0.01944326032922908,0.0
10,0.2,386,0.02179797372870109,0.0
10,0.2,387,0.018465274004349816,0.0
10,0.2,388,0.023383628321628568,0.0
10,0.2,389,0.016720128081293514,0.0
10,0.2,390,0.023111771610681946,0.0
10,0.2,391,0.019584876214160267,0.0
10,0.2,392,0.02571712733949402,0.0
10,0.2,393,0.024672949068932967,0.0
10,0.2,394,0.026650342890175583,0.0
10,0.2,395,0.025385557879158065,0.0
10,0.2,396,0.022336329310248,0.0
10,0.2,397,0.023817142661356882,0.0
10,0.2,398,0.02304837040676419,0.0
10,0.2,399,0.021309308572145733,0.0
10,0.2,400,0.018333209183684255,0.0
10,0.2,401,0.018176843250195873,0.0
10,0.2,402,0.021408907339015418,0.0
10,0.2,403,0.018647635743093083,0.0
10,0.2,404,0.01938684744226455,0.0
10,0.2,405,0.017375263059087463,0.0
10,0.2,406,0.016497483289492645,0.0
10,0.2,407,0.022123850112266755,0.0
10,0.2,408,0.026970914240451963,0.0
10,0.2,409,0.026102017670031133,0.0
10,0.2,410,0.0175373109358633,0.0
10,0.2,411,0.01971862185299678,0.0
10,0.2,412,0.025980102807002928,0.0
10,0.2,413,0.02613257297791581,0.0
10,0.2,414,0.024111590637335114,0.0
10,0.2,415,0.021073802040162726,0.0
10,0.2,416,0.027505045566514393,0.0
10,0.2,417,0.02791073098366553,0.0
10,0.2,418,0.02505343342748133,0.0
10,0.2,419,0.027259902588616387,0.0
10,0.2,420,0.028046354743574677,0.0
10,0.2,421,0.027414082240827867,0.0
10,0.2,422,0.026055882123631566,0.0
10,0.2,423,0.02650744306383179,0.0
10,0.2,424,0.025843702336803616,0.0
10,0.2,425,0.02161166737034899,0.0
10,0.2,426,0.02518877567684115,0.0
10,0.2,427,0.02047048822774246,0.0
10,0.2,428,0.017657544645675313,0.0
10,0.2,429,0.015007743303847512,0.0
10,0.2,430,0.016096451381252538,0.0
10,0.2,431,0.01988842696751865,0.0
10,0.2,432,0.026154696718518736,0.0
10,0.2,433,0.02512416652778969,0.0
10,0.2,434,0.02160038256544031,0.0
10,0.2,435,0.021778456634703992,0.0
10,0.2,436,0.01716702205974788,0.0
10,0.2,437,0.01799697025195891,0.0
10,0.2,438,0.018479508483238278,0.0
10,0.2,439,0.01627943588529742,0.0
10,0.2,440,0.01837377460196143,0.0
10,0.2,441,0.019321607741878227,0.0
10,0.2,442,0.022593474937783478,0.0
10,0.2,443,0.019257118298138285,0.0
10,0.2,444,0.019997250071333125,0.0
10,0.2,445,0.01785486447067634,0.0
10,0.2,446,0.01630372477002575,0.0
10,0.2,447,0.016071875030531965,0.0
10,0.2,448,0.022965427313453052,0.0
10,0.2,449,0.02524474890445903,0.0
10,0.2,450,0.022678968944316282,0.0
10,0.2,451,0.018117961812955902,0.0
10,0.2,452,0.01913665216340472,0.0
10,0.2,453,0.01724513043271983,0.0
10,0.2,454,0.01896261171167519,0.0
10,0.2,455,0.016084757751868125,0.0
10,0.2,456,0.016641141298190887,0.0
10,0.2,457,0.02250846485700099,0.0
10,0.2,458,0.024621926741854008,0.0
10,0.2,459,0.025021227522681922,0.0
10,0.2,460,0.02771079234242524,0.0
10,0.2,461,0.025122086964948633,0.0
10,0.2,462,0.023975035537541194,0.0
10,0.2,463,0.028609995793189565,0.0
10,0.2,464,0.026810691444124325,0.0
10,0.2,465,0.02758955127294274,0.0
10,0.2,466,0.02591708390119468,0.0
10,0.2,467,0.02196522492816087,0.0
10,0.2,468,0.021132778429241817,0.0
10,0.2,469,0.020383660316414233,0.0
10,0.2,470,0.023432891703924742,0.0
10,0.2,471,0.02601430566786521,0.0
10,0.2,472,0.023839483954958864,0.0
10,0.2,473,0.02991879213725159,0.0
10,0.2,474,0.022428873603111365,0.0
10,0.2,475,0.01966559674487007,0.0
10,0.2,476,0.020174326227868078,0.0
10,0.2,477,0.024367600970523005,0.0
10,0.2,478,0.02451389179036648,0.0
10,0.2,479,0.019768090514729518,0.0
10,0.2,480,0.01735661920427599,0.0
10,0.2,481,0.019844949550627385,0.0
10,0.2,482,0.021971065862294595,0.0
10,0.2,483,0.02057136823529035,0.0
10,0.2,484,0.02353969340082285,0.0
10,0.2,485,0.01934315842580334,0.0
10,0.2,486,0.020182300197296242,0.0
10,0.2,487,0.01956640908570452,0.0
10,0.2,488,0.016679532552818434,0.0
10,0.2,489,0.023165822633823486,0.0
10,0.2,490,0.023707824686789173,0.0
10,0.2,491,0.024333372084544686,0.0
10,0.2,492,0.018340707591167286,0.0
10,0.2,493,0.01991870842690039,0.0
10,0.2,494,0.021641027364150335,0.0
10,0.2,495,0.020936057846961193,0.0
10,0.2,496,0.025010308989252387,0.0
10,0.2,497,0.02415556936475709,0.0
10,0.2,498,0.022686779561185696,0.0
10,0.2,499,0.02293156239006968,0.0
10,0.2,500,0.024961878391937434,0.0
10,0.4,0,0.09885909268585599,0.0
10,0.4,1,0.049828954980108794,0.0
10,0.4,2,0.04213102939179754,0.0
10,0.4,3,0.02183357542949331,0.0
10,0.4,4,0.021382988244835817,0.0
10,0.4,5,0.021174555655452357,0.0
10,0.4,6,0.021737695839236834,0.0
10,0.4,7,0.018004212598949184,0.0
10,0.4,8,0.018707803506572546,0.0
10,0.4,9,0.01773459252800964,0.0
10,0.4,10,0.014743672322260688,0.0
10,0.4,11,0.013890066356194249,0.0
10,0.4,12,0.016826431417753227,0.0
10,0.4,13,0.016390877618745553,0.0
10,0.4,14,0.015423103042710688,0.0
10,0.4,15,0.018762805239485286,0.0
10,0.4,16,0.024059871182083394,0.0
10,0.4,17,0.024322211451316637,0.0
10,0.4,18,0.015681277692842138,0.0
10,0.4,19,0.018336091950529328,0.0
10,0.4,20,0.018023877957884727,0.0
10,0.4,21,0.018913099779177718,0.0
10,0.4,22,0.018033936894363098,0.0
10,0.4,23,0.02104877801438151,0.0
10,0.4,24,0.020084449182484775,0.0
10,0.4,25,0.017132091469891555,0.0
10,0.4,26,0.019372808146078935,0.0
10,0.4,27,0.020090014737142746,0.0
10,0.4,28,0.02200151337563992,0.0
10,0.4,29,0.021858407811028185,0.0
10,0.4,30,0.021189401257704788,0.0
10,0.4,31,0.01940747710340749,0.0
10,0.4,32,0.02016018144539632,0.0
10,0.4,33,0.021794024288747268,0.0
10,0.4,34,0.022812364385479355,0.0
10,0.4,35,0.027311842128145213,0.0
10,0.4,36,0.026792142660022954,0.0
10,0.4,37,0.022172635259685047,0.0
10,0.4,38,0.01859852765971047,0.0
10,0.4,39,0.02098353005464699,0.0
10,0.4,40,0.015949023105039897,0.0
10,0.4,41,0.015781425270540588,0.0
10,0.4,42,0.01857347477751213,0.0
10,0.4,43,0.018326101393195356,0.0
10,0.4,44,0.016920936114080132,0.0
10,0.4,45,0.02046451096949641,0.0
10,0.4,46,0.02187003879985201,0.0
10,0.4,47,0.01610142143221328,0.0
10,0.4,48,0.0184166952409988,0.0
10,0.4,49,0.015915376903279602,0.0
10,0.4,50,0.018360732875086386,0.0
10,0.4,51,0.021066805557055295,0.0
10,0.4,52,0.021796347064170635,0.0
10,0.4,53,0.022792061771667923,0.0
10,0.4,54,0.026609495191251123,0.0
10,0.4,55,0.015225688080095348,0.0
10,0.4,56,0.019907645754746923,0.0
10,0.4,57,0.021889420062106826,0.0
10,0.4,58,0.018610613292005355,0.0
10,0.4,59,0.01972440771947427,0.0
10,0.4,60,0.01725367264010539,0.0
10,0.4,61,0.021061368130983946,0.0
10,0.4,62,0.021357391224125798,0.0
10,0.4,63,0.026731634102730637,0.0
10,0.4,64,0.024340974548991038,0.0
10,0.4,65,0.022377277838051324,0.0
10,0.4,66,0.016771033951488122,0.0
10,0.4,67,0.018635354086357043,0.0
10,0.4,68,0.02012088990561867,0.0
10,0.4,69,0.02013962331363541,0.0
10,0.4,70,0.01690116131550782,0.0
10,0.4,71,0.0185427501231636,0.0
10,0.4,72,0.017334390773669734,0.0
10,0.4,73,0.024513172336618035,0.0
10,0.4,74,0.01801508031283443,0.0
10,0.4,75,0.024600330082029644,0.0
10,0.4,76,0.026790844479920722,0.0
10,0.4,77,0.02303818946014048,0.0
10,0.4,78,0.022204340384311537,0.0
10,0.4,79,0.026612228923787794,0.0
10,0.4,80,0.02639751430474032,0.0
10,0.4,81,0.023913630951776704,0.0
10,0.4,82,0.024898432909158767,0.0
10,0.4,83,0.022297846591462823,0.0
10,0.4,84,0.02748061333921058,0.0
10,0.4,85,0.023442023731977246,0.0
10,0.4,86,0.014589158077968204,0.0
10,0.4,87,0.02228078829183355,0.0
10,0.4,88,0.024693965713260657,0.0
10,0.4,89,0.024601056744450043,0.0
10,0.4,90,0.030750632094145688,0.0
10,0.4,91,0.0296710647223991,0.0
10,0.4,92,0.031028595149168878,0.0
10,0.4,93,0.026051104921548687,0.0
10,0.4,94,0.023075323755281433,0.0
10,0.4,95,0.025995389092261862,0.0
10,0.4,96,0.025006603617849472,0.0
10,0.4,97,0.024844041274117098,0.0
10,0.4,98,0.022319572328940693,0.0
10,0.4,99,0.021618063910513068,0.0
10,0.4,100,0.020910177864720998,0.0
10,0.4,101,0.018039809730538262,0.0
10,0.4,102,0.02189331421617956,0.0
10,0.4,103,0.028505443432345002,0.0
10,0.4,104,0.021650608015414744,0.0
10,0.4,105,0.021650920910623598,0.0
10,0.4,106,0.024988282490098036,0.0
10,0.4,107,0.025986667953292627,0.0
10,0.4,108,0.02333988758979018,0.0
10,0.4,109,0.0220011124221153,0.0
10,0.4,110,0.02349922284696284,0.0
10,0.4,111,0.01583055957653037,0.0
10,0.4,112,0.017739724072688617,0.0
10,0.4,113,0.018167588031601657,0.0
10,0.4,114,0.01780546533169744,0.0
10,0.4,115,0.023747575317517863,0.0
10,0.4,116,0.02750057391798324,0.0
10,0.4,117,0.02351807435136779,0.0
10,0.4,118,0.021736886437237965,0.0
10,0.4,119,0.017314791504437096,0.0
10,0.4,120,0.017319532959815805,0.0
10,0.4,121,0.02061866618085614,0.0
10,0.4,122,0.020679620388319785,0.0
10,0.4,123,0.022176390025540293,0.0
10,0.4,124,0.020324390278169315,0.0
10,0.4,125,0.01779321506240312,0.0
10,0.4,126,0.02164574258509446,0.0
10,0.4,127,0.017688817910719978,0.0
10,0.4,128,0.013610741389080225,0.0
10,0.4,129,0.016487671655943534,0.0
10,0.4,130,0.022412989361153452,0.0
10,0.4,131,0.01787302485629216,0.0
10,0.4,132,0.02015637975640519,0.0
10,0.4,133,0.01770810712050985,0.0
10,0.4,134,0.01955491440505466,0.0
10,0.4,135,0.017339281637424403,0.0
10,0.4,136,0.01845348260891299,0.0
10,0.4,137,0.019168305426764877,0.0
10,0.4,138,0.01688630661657091,0.0
10,0.4,139,0.0219686809501861,0.0
10,0.4,140,0.028149384832696907,0.0
10,0.4,141,0.031071632189552577,0.0
10,0.4,142,0.025074369131739917,0.0
10,0.4,143,0.025434958197215106,0.0
10,0.4,144,0.028501181056675567,0.0
10,0.4,145,0.02943228294884548,0.0
10,0.4,146,0.02645057333255471,0.0
10,0.4,147,0.022612248513362836,0.0
10,0.4,148,0.025339138556471536,0.0
10,0.4,149,0.027485074127091516,0.0
10,0.4,150,0.024837236129352482,0.0
10,0.4,151,0.027568664444430832,0.0
10,0.4,152,0.024428591167223856,0.0
10,0.4,153,0.01934115951903022,0.0
10,0.4,154,0.022932228742042593,0.0
10,0.4,155,0.020601282710741197,0.0
10,0.4,156,0.01720821114985467,0.0
10,0.4,157,0.018678460628623883,0.0
10,0.4,158,0.017279429462328025,0.0
10,0.4,159,0.016908015152474632,0.0
10,0.4,160,0.022882271416879565,0.0
10,0.4,161,0.026695493241637877,0.0
10,0.4,162,0.023766236852416876,0.0
10,0.4,163,0.018880873546531257,0.0
10,0.4,164,0.02317782006185788,0.0
10,0.4,165,0.017835684709372007,0.0
10,0.4,166,0.021035962979604236,0.0
10,0.4,167,0.029481433578226867,0.0
10,0.4,168,0.032744268261462664,0.0
10,0.4,169,0.028100851930052136,0.0
10,0.4,170,0.029659799309479488,0.0
10,0.4,171,0.02486657735341001,0.0
10,0.4,172,0.02391555304996976,0.0
10,0.4,173,0.02278771357795503,0.0
10,0.4,174,0.021859296444739544,0.0
10,0.4,175,0.025845567823760657,0.0
10,0.4,176,0.016631952728279723,0.0
10,0.4,177,0.015376621703010922,0.0
10,0.4,178,0.021411884885560437,0.0
10,0.4,179,0.018138554479101586,0.0
10,0.4,180,0.01755202754319426,0.0
10,0.4,181,0.019488044710364416,0.0
10,0.4,182,0.019714593608232994,0.0
10,0.4,183,0.01907110132334423,0.0
10,0.4,184,0.01585532592315197,0.0
10,0.4,185,0.016676269016813173,0.0
10,0.4,186,0.017837265509306373,0.0
10,0.4,187,0.018163596630045693,0.0
10,0.4,188,0.019546929771359692,0.0
10,0.4,189,0.019313919462730603,0.0
10,0.4,190,0.018007053205647116,0.0
10,0.4,191,0.02443024879808512,0.0
10,0.4,192,0.019953511969768557,0.0
10,0.4,193,0.02209173705449786,0.0
10,0.4,194,0.02163208698565693,0.0
10,0.4,195,0.020552655500721478,0.0
10,0.4,196,0.020683444165665893,0.0
10,0.4,197,0.01875390400291057,0.0
10,0.4,198,0.019505359549436562,0.0
10,0.4,199,0.017899078058990575,0.0
10,0.4,200,0.01704651100048879,0.0
10,0.4,201,0.019872268878728384,0.0
10,0.4,202,0.019448627946723914,0.0
10,0.4,203,0.02005418830719354,0.0
10,0.4,204,0.02188208442680917,0.0
10,0.4,205,0.023187385133822902,0.0
10,0.4,206,0.023733093319503306,0.0
10,0.4,207,0.02041955382024536,0.0
10,0.4,208,0.023103078168644983,0.0
10,0.4,209,0.01695562591232422,0.0
10,0.4,210,0.01622498628181726,0.0
10,0.4,211,0.019251330592899466,0.0
10,0.4,212,0.02583067846775962,0.0
10,0.4,213,0.026401832316251747,0.0
10,0.4,214,0.02404363228353181,0.0
10,0.4,215,0.022621798432922252,0.0
10,0.4,216,0.021271632507085907,0.0
10,0.4,217,0.02581730759639091,0.0
10,0.4,218,0.019197162592591813,0.0
10,0.4,219,0.020835005122306717,0.0
10,0.4,220,0.02005417820656638,0.0
10,0.4,221,0.019974238950831155,0.0
10,0.4,222,0.01814713074409174,0.0
10,0.4,223,0.01733364259221815,0.0
10,0.4,224,0.01910627382651141,0.0
10,0.4,225,0.02409735710920532,0.0
10,0.4,226,0.018625872597713956,0.0
10,0.4,227,0.01991088936691067,0.0
10,0.4,228,0.02154002798159514,0.0
10,0.4,229,0.017784121265719346,0.0
10,0.4,230,0.017323637352430366,0.0
10,0.4,231,0.023768330457805246,0.0
10,0.4,232,0.02132348355509303,0.0
10,0.4,233,0.02413385633579653,0.0
10,0.4,234,0.024547667495923374,0.0
10,0.4,235,0.027759612091382627,0.0
10,0.4,236,0.029708974510062613,0.0
10,0.4,237,0.027301362299450394,0.0
10,0.4,238,0.028624015735059762,0.0
10,0.4,239,0.027498650433124622,0.0
10,0.4,240,0.028365742503194756,0.0
10,0.4,241,0.029539444423967044,0.0
10,0.4,242,0.029114063907206406,0.0
10,0.4,243,0.02720243002369421,0.0
10,0.4,244,0.02461292710179082,0.0
10,0.4,245,0.029149221782644473,0.0
10,0.4,246,0.023602064374251844,0.0
10,0.4,247,0.020448999010484994,0.0
10,0.4,248,0.018931235013467156,0.0
10,0.4,249,0.022640716305670452,0.0
10,0.4,250,0.0185512617482698,0.0
10,0.4,251,0.016159693447807825,0.0
10,0.4,252,0.018099620514950114,0.0
10,0.4,253,0.017998416812321723,0.0
10,0.4,254,0.016696713278719296,0.0
10,0.4,255,0.017308752400601618,0.0
10,0.4,256,0.020951148954400693,0.0
10,0.4,257,0.016817717736913304,0.0
10,0.4,258,0.018529658765525217,0.0
10,0.4,259,0.02055385808081368,0.0
10,0.4,260,0.018767877266422792,0.0
10,0.4,261,0.02163632635300564,0.0
10,0.4,262,0.02114957324236594,0.0
10,0.4,263,0.019127405117363317,0.0
10,0.4,264,0.021312630951916343,0.0
10,0.4,265,0.024122699725268978,0.0
10,0.4,266,0.024217783557682778,0.0
10,0.4,267,0.023380508675543567,0.0
10,0.4,268,0.023831934354721862,0.0
10,0.4,269,0.02937867199913048,0.0
10,0.4,270,0.02584619661927639,0.0
10,0.4,271,0.024811817381046493,0.0
10,0.4,272,0.024059437856804783,0.0
10,0.4,273,0.025262933013412568,0.0
10,0.4,274,0.026184192858976284,0.0
10,0.4,275,0.023860530884160444,0.0
10,0.4,276,0.0226390620295265,0.0
10,0.4,277,0.02525126197012473,0.0
10,0.4,278,0.02122885926357464,0.0
10,0.4,279,0.019560180787944966,0.0
10,0.4,280,0.02305089824107138,0.0
10,0.4,281,0.02267486686255249,0.0
10,0.4,282,0.020816545325612883,0.0
10,0.4,283,0.02044208759840807,0.0
10,0.4,284,0.02515468605370409,0.0
10,0.4,285,0.027211109353783507,0.0
10,0.4,286,0.029559285695741996,0.0
10,0.4,287,0.022211243988225413,0.0
10,0.4,288,0.017296383448553727,0.0
10,0.4,289,0.015593690309105488,0.0
10,0.4,290,0.018336011700342183,0.0
10,0.4,291,0.020160611307787346,0.0
10,0.4,292,0.022994075539156108,0.0
10,0.4,293,0.020327456536060173,0.0
10,0.4,294,0.021887382464856223,0.0
10,0.4,295,0.019799205565262525,0.0
10,0.4,296,0.02501849994925271,0.0
10,0.4,297,0.022850388788458572,0.0
10,0.4,298,0.021441070553502542,0.0
10,0.4,299,0.021323862173795064,0.0
10,0.4,300,0.023139173198881983,0.0
10,0.4,301,0.02313163603943742,0.0
10,0.4,302,0.022618641615116782,0.0
10,0.4,303,0.022284122680274,0.0
10,0.4,304,0.02652541068074409,0.0
10,0.4,305,0.022418697632890606,0.0
10,0.4,306,0.019410428533712158,0.0
10,0.4,307,0.017638527426392405,0.0
10,0.4,308,0.015952146074133314,0.0
10,0.4,309,0.014191228346326547,0.0
10,0.4,310,0.017506251753420937,0.0
10,0.4,311,0.012524198917544103,0.0
10,0.4,312,0.016167874685148197,0.0
10,0.4,313,0.017386816640286223,0.0
10,0.4,314,0.019735948869995593,0.0
10,0.4,315,0.024054549299596828,0.0
10,0.4,316,0.018998968403519768,0.0
10,0.4,317,0.02699922365160067,0.0
10,0.4,318,0.026582558184538713,0.0
10,0.4,319,0.030633171066702016,0.0
10,0.4,320,0.0314498727619339,0.0
10,0.4,321,0.029807124569196417,0.0
10,0.4,322,0.027659502658258214,0.0
10,0.4,323,0.02080024151020341,0.0
10,0.4,324,0.023153891767512227,0.0
10,0.4,325,0.02444771148379855,0.0
10,0.4,326,0.020535388565857727,0.0
10,0.4,327,0.022499198221158947,0.0
10,0.4,328,0.021514405231562672,0.0
10,0.4,329,0.02637781152120995,0.0
10,0.4,330,0.027400451058360625,0.0
10,0.4,331,0.03926092745371948,0.0
10,0.4,332,0.030830434754640302,0.0
10,0.4,333,0.024017590116031474,0.0
10,0.4,334,0.023008968887842686,0.0
10,0.4,335,0.021923836096265963,0.0
10,0.4,336,0.028049457787241158,0.0
10,0.4,337,0.024042838631555746,0.0
10,0.4,338,0.036219338025683605,0.0
10,0.4,339,0.028171851269745942,0.0
10,0.4,340,0.023031158375048412,0.0
10,0.4,341,0.017730968592419055,0.0
10,0.4,342,0.023339350741389375,0.0
10,0.4,343,0.022811298353888284,0.0
10,0.4,344,0.01977834327490803,0.0
10,0.4,345,0.024783004534218046,0.0
10,0.4,346,0.02437722972757766,0.0
10,0.4,347,0.02177005511833661,0.0
10,0.4,348,0.029715957365737403,0.0
10,0.4,349,0.02410751626488157,0.0
10,0.4,350,0.0249193987608887,0.0
10,0.4,351,0.018118759096467197,0.0
10,0.4,352,0.022137267867113012,0.0
10,0.4,353,0.019396900256951483,0.0
10,0.4,354,0.024743298737195815,0.0
10,0.4,355,0.02179627468891963,0.0
10,0.4,356,0.02551975021597817,0.0
10,0.4,357,0.026439781887987287,0.0
10,0.4,358,0.025323581701101352,0.0
10,0.4,359,0.02703153533484527,0.0
10,0.4,360,0.02641888197841559,0.0
10,0.4,361,0.021565424904188005,0.0
10,0.4,362,0.019848988619502166,0.0
10,0.4,363,0.017782926986858676,0.0
10,0.4,364,0.02002835719605732,0.0
10,0.4,365,0.018354012366768573,0.0
10,0.4,366,0.024996405261922885,0.0
10,0.4,367,0.03045806562852949,0.0
10,0.4,368,0.030037890108652935,0.0
10,0.4,369,0.02310923021970428,0.0
10,0.4,370,0.020649554037862027,0.0
10,0.4,371,0.021996244906200602,0.0
10,0.4,372,0.016839786403749,0.0
10,0.4,373,0.018563864144671868,0.0
10,0.4,374,0.021383833103136976,0.0
10,0.4,375,0.02581402309622284,0.0
10,0.4,376,0.023463312737664114,0.0
10,0.4,377,0.02301126632069337,0.0
10,0.4,378,0.020575233071515257,0.0
10,0.4,379,0.02179828580091725,0.0
10,0.4,380,0.019670979826036866,0.0
10,0.4,381,0.01994168873568748,0.0
10,0.4,382,0.02419113132477003,0.0
10,0.4,383,0.023838381690256635,0.0
10,0.4,384,0.025423076112364072,0.0
10,0.4,385,0.02465559370715358,0.0
10,0.4,386,0.02770606973725299,0.0
10,0.4,387,0.02797088448708364,0.0
10,0.4,388,0.024622792029033166,0.0
10,0.4,389,0.028350831197093564,0.0
10,0.4,390,0.024104586548683214,0.0
10,0.4,391,0.024054742394410713,0.0
10,0.4,392,0.017900757649835952,0.0
10,0.4,393,0.019160966367331295,0.0
10,0.4,394,0.018353838965660826,0.0
10,0.4,395,0.023695241778519907,0.0
10,0.4,396,0.024230326274795724,0.0
10,0.4,397,0.020853364155830535,0.0
10,0.4,398,0.026954839342307434,0.0
10,0.4,399,0.03108803853928867,0.0
10,0.4,400,0.02570859030117707,0.0
10,0.4,401,0.018240590290900582,0.0
10,0.4,402,0.02108825849258533,0.0
10,0.4,403,0.018345605923984026,0.0
10,0.4,404,0.01691097825003847,0.0
10,0.4,405,0.014925881783574546,0.0
10,0.4,406,0.01851524861432015,0.0
10,0.4,407,0.020905180080984045,0.0
10,0.4,408,0.017587031063409392,0.0
10,0.4,409,0.0167497174464324,0.0
10,0.4,410,0.02220323104232624,0.0
10,0.4,411,0.02366714881337624,0.0
10,0.4,412,0.02773104021558275,0.0
10,0.4,413,0.02378293270768062,0.0
10,0.4,414,0.022157499595061712,0.0
10,0.4,415,0.02219385388575154,0.0
10,0.4,416,0.02544797664534316,0.0
10,0.4,417,0.029750032674633196,0.0
10,0.4,418,0.028111303821930514,0.0
10,0.4,419,0.02269146684901857,0.0
10,0.4,420,0.021684380121897173,0.0
10,0.4,421,0.020355009995593826,0.0
10,0.4,422,0.02173478961632877,0.0
10,0.4,423,0.0206966890008944,0.0
10,0.4,424,0.01591542680306289,0.0
10,0.4,425,0.020090013310832308,0.0
10,0.4,426,0.018055746544908338,0.0
10,0.4,427,0.01979694964055116,0.0
10,0.4,428,0.02188828007133076,0.0
10,0.4,429,0.01942437615947395,0.0
10,0.4,430,0.01726946854887793,0.0
10,0.4,431,0.014860324499538146,0.0
10,0.4,432,0.018311967822978992,0.0
10,0.4,433,0.01941125945746583,0.0
10,0.4,434,0.020019345368782342,0.0
10,0.4,435,0.018944761839866663,0.0
10,0.4,436,0.016100275326505615,0.0
10,0.4,437,0.016940856861812414,0.0
10,0.4,438,0.020956001488025275,0.0
10,0.4,439,0.026949289226902793,0.0
10,0.4,440,0.027660244069649075,0.0
10,0.4,441,0.02373188727252437,0.0
10,0.4,442,0.022759071927091687,0.0
10,0.4,443,0.01934293440329457,0.0
10,0.4,444,0.01917456587428203,0.0
10,0.4,445,0.02066768339076027,0.0
10,0.4,446,0.016516746053725596,0.0
10,0.4,447,0.0208381873852868,0.0
10,0.4,448,0.02394813534969945,0.0
10,0.4,449,0.021918685216321006,0.0
10,0.4,450,0.025275420286289093,0.0
10,0.4,451,0.024835187399459193,0.0
10,0.4,452,0.019779125293134497,0.0
10,0.4,453,0.02444600443186594,0.0
10,0.4,454,0.027645014057168155,0.0
10,0.4,455,0.032367303918193355,0.0
10,0.4,456,0.029665708933028858,0.0
10,0.4,457,0.02392010041893834,0.0
10,0.4,458,0.02151503983901199,0.0
10,0.4,459,0.022625407668314397,0.0
10,0.4,460,0.023026941172063768,0.0
10,0.4,461,0.020020757653968456,0.0
10,0.4,462,0.016329721120887986,0.0
10,0.4,463,0.014132914250815714,0.0
10,0.4,464,0.014924507556261879,0.0
10,0.4,465,0.01751127940010354,0.0
10,0.4,466,0.019604843031222473,0.0
10,0.4,467,0.022135917190003046,0.0
10,0.4,468,0.022776856432789937,0.0
10,0.4,469,0.021413276226435612,0.0
10,0.4,470,0.02157348006762629,0.0
10,0.4,471,0.021970271793164086,0.0
10,0.4,472,0.02139517967579014,0.0
10,0.4,473,0.018352607372787683,0.0
10,0.4,474,0.019278524869756876,0.0
10,0.4,475,0.02036707822295978,0.0
10,0.4,476,0.0162865748090585,0.0
10,0.4,477,0.0172299474638977,0.0
10,0.4,478,0.020074317291091836,0.0
10,0.4,479,0.019588645121396183,0.0
10,0.4,480,0.02640600104919438,0.0
10,0.4,481,0.021234050314095632,0.0
10,0.4,482,0.024309342952540093,0.0
10,0.4,483,0.02168372709587421,0.0
10,0.4,484,0.0209544095453952,0.0
10,0.4,485,0.01985570143814722,0.0
10,0.4,486,0.020761221740651155,0.0
10,0.4,487,0.02587230321786501,0.0
10,0.4,488,0.023583910613899174,0.0
10,0.4,489,0.02320979007966481,0.0
10,0.4,490,0.027632194751632318,0.0
10,0.4,491,0.02644464043298268,0.0
10,0.4,492,0.022769719012006324,0.0
10,0.4,493,0.02503777540777542,0.0
10,0.4,494,0.0227837654202756,0.0
10,0.4,495,0.02380424888751301,0.0
10,0.4,496,0.026085019916249116,0.0
10,0.4,497,0.02484785688078771,0.0
10,0.4,498,0.026293983335184352,0.0
10,0.4,499,0.0231791072615639,0.0
10,0.4,500,0.021738164885953138,0.0
10,0.6,0,0.08492092136252655,0.0
10,0.6,1,0.05255419498971624,0.0
10,0.6,2,0.033074522017941616,0.0
10,0.6,3,0.03089252545386499,0.0
10,0.6,4,0.026591521597061286,0.0
10,0.6,5,0.025145143323389227,0.0
10,0.6,6,0.02403214843355702,0.0
10,0.6,7,0.02083989157731248,0.0
10,0.6,8,0.017954412231527633,0.0
10,0.6,9,0.01658467326484919,0.0
10,0.6,10,0.019272170866472975,0.0
10,0.6,11,0.018289418754194642,0.0
10,0.6,12,0.010378490561769397,0.0
10,0.6,13,0.015287746503365325,0.0
10,0.6,14,0.018162154411900926,0.0
10,0.6,15,0.02226338469769786,0.0
10,0.6,16,0.02455702356876201,0.0
10,0.6,17,0.024952730391780416,0.0
10,0.6,18,0.02077602326105348,0.0
10,0.6,19,0.023559534935492073,0.0
10,0.6,20,0.020826772097662295,0.0
10,0.6,21,0.025316529514799676,0.0
10,0.6,22,0.02285167807056836,0.0
10,0.6,23,0.021865581849130632,0.0
10,0.6,24,0.020265704256014788,0.0
10,0.6,25,0.019376929690900286,0.0
10,0.6,26,0.019825783405168152,0.0
10,0.6,27,0.018776163010506698,0.0
10,0.6,28,0.025202774224026277,0.0
10,0.6,29,0.0216313421678075,0.0
10,0.6,30,0.02033935529447735,0.0
10,0.6,31,0.028424668914469077,0.0
10,0.6,32,0.026129577715543292,0.0
10,0.6,33,0.026739918480266335,0.0
10,0.6,34,0.033739646138678685,0.0
10,0.6,35,0.02522271791936029,0.0
10,0.6,36,0.020078932160971553,0.0
10,0.6,37,0.021565081422973864,0.0
10,0.6,38,0.019098764132772266,0.0
10,0.6,39,0.022617831080628585,0.0
10,0.6,40,0.020468512149537793,0.0
10,0.6,41,0.022536697041558775,0.0
10,0.6,42,0.027275569775416227,0.0
10,0.6,43,0.024460135773880155,0.0
10,0.6,44,0.02225431150830669,0.0
10,0.6,45,0.02053747292482676,0.0
10,0.6,46,0.019583425941942602,0.0
10,0.6,47,0.021900059135759355,0.0
10,0.6,48,0.018097759563510223,0.0
10,0.6,49,0.02121728660607384,0.0
10,0.6,50,0.022665791341031555,0.0
10,0.6,51,0.022450024269609653,0.0
10,0.6,52,0.016433250118808883,0.0
10,0.6,53,0.01937511403672371,0.0
10,0.6,54,0.017490386004742314,0.0
10,0.6,55,0.017444595526343337,0.0
10,0.6,56,0.01632205933982321,0.0
10,0.6,57,0.016383908319805036,0.0
10,0.6,58,0.018538368136068194,0.0
10,0.6,59,0.0176397690069012,0.0
10,0.6,60,0.021913814795598556,0.0
10,0.6,61,0.021215480226777803,0.0
10,0.6,62,0.019097354614447958,0.0
10,0.6,63,0.01470237874130555,0.0
10,0.6,64,0.0140313635153596,0.0
10,0.6,65,0.014309512609988742,0.0
10,0.6,66,0.018760659950740045,0.0
10,0.6,67,0.019829447407016528,0.0
10,0.6,68,0.019514230043499455,0.0
10,0.6,69,0.016801385145481358,0.0
10,0.6,70,0.014852321484154399,0.0
10,0.6,71,0.013137784906042308,0.0
10,0.6,72,0.015530891586449755,0.0
10,0.6,73,0.013514848262127543,0.0
10,0.6,74,0.017640577132129985,0.0
10,0.6,75,0.019716252669142644,0.0
10,0.6,76,0.021214936844554656,0.0
10,0.6,77,0.015848539127606868,0.0
10,0.6,78,0.01991918387571348,0.0
10,0.6,79,0.01944727527130202,0.0
10,0.6,80,0.017014846738704018,0.0
10,0.6,81,0.018114668004500643,0.0
10,0.6,82,0.01913401143849591,0.0
10,0.6,83,0.02396083315466697,0.0
10,0.6,84,0.022078290218397027,0.0
10,0.6,85,0.021097360852980026,0.0
10,0.6,86,0.019578501028450265,0.0
10,0.6,87,0.016108665893806804,0.0
10,0.6,88,0.017255994618319538,0.0
10,0.6,89,0.017935250995834307,0.0
10,0.6,90,0.02058200125819927,0.0
10,0.6,91,0.026206062443310738,0.0
10,0.6,92,0.027377676786544913,0.0
10,0.6,93,0.023207850975278995,0.0
10,0.6,94,0.024216975822662235,0.0
10,0.6,95,0.02343155128178179,0.0
10,0.6,96,0.023754176708798327,0.0
10,0.6,97,0.025310301604196662,0.0
10,0.6,98,0.02391028412326492,0.0
10,0.6,99,0.028405847913431544,0.0
10,0.6,100,0.023905143894927407,0.0
10,0.6,101,0.02764380989383468,0.0
10,0.6,102,0.017769574567625974,0.0
10,0.6,103,0.016642512011360085,0.0
10,0.6,104,0.0209544617682229,0.0
10,0.6,105,0.027832383956853484,0.0
10,0.6,106,0.02214219461875425,0.0
10,0.6,107,0.022614092749428015,0.0
10,0.6,108,0.020544281210339407,0.0
10,0.6,109,0.01960059900130111,0.0
10,0.6,110,0.021737641279429853,0.0
10,0.6,111,0.021774731479088434,0.0
10,0.6,112,0.019440483396248605,0.0
10,0.6,113,0.019938576935539118,0.0
10,0.6,114,0.02177100271258409,0.0
10,0.6,115,0.02197878524640691,0.0
10,0.6,116,0.018799124741980346,0.0
10,0.6,117,0.021191988993084342,0.0
10,0.6,118,0.01743225546021985,0.0
10,0.6,119,0.01616827837692978,0.0
10,0.6,120,0.018144939198062714,0.0
10,0.6,121,0.015420514417031857,0.0
10,0.6,122,0.015982483694924696,0.0
10,0.6,123,0.019306891647809223,0.0
10,0.6,124,0.021093513038490518,0.0
10,0.6,125,0.01623693618826702,0.0
10,0.6,126,0.025078697236042616,0.0
10,0.6,127,0.02439704344481628,0.0
10,0.6,128,0.02230903209655467,0.0
10,0.6,129,0.02450730056851251,0.0
10,0.6,130,0.021837202824705228,0.0
10,0.6,131,0.019991230615565753,0.0
10,0.6,132,0.028241776075318005,0.0
10,0.6,133,0.028862478752350353,0.0
10,0.6,134,0.024342031789963553,0.0
10,0.6,135,0.02496008859018653,0.0
10,0.6,136,0.018020475113162293,0.0
10,0.6,137,0.020967789135594918,0.0
10,0.6,138,0.020153126944734718,0.0
10,0.6,139,0.021783131959949104,0.0
10,0.6,140,0.020510978747035537,0.0
10,0.6,141,0.02025653090186621,0.0
10,0.6,142,0.014683233298147276,0.0
10,0.6,143,0.01880767596952079,0.0
10,0.6,144,0.022613311908711617,0.0
10,0.6,145,0.021686542709514374,0.0
10,0.6,146,0.021858378257931767,0.0
10,0.6,147,0.02052157088472068,0.0
10,0.6,148,0.020331794089130967,0.0
10,0.6,149,0.020666584646449316,0.0
10,0.6,150,0.01914460671667803,0.0
10,0.6,151,0.018905718529192518,0.0
10,0.6,152,0.014619445238230529,0.0
10,0.6,153,0.01749563354543916,0.0
10,0.6,154,0.016731836663974285,0.0
10,0.6,155,0.020035961047235182,0.0
10,0.6,156,0.022554851455714137,0.0
10,0.6,157,0.020583235045938217,0.0
10,0.6,158,0.01662326289926856,0.0
10,0.6,159,0.018939031285064727,0.0
10,0.6,160,0.015987592194627614,0.0
10,0.6,161,0.01910865018736307,0.0
10,0.6,162,0.021639166269817454,0.0
10,0.6,163,0.017794403502568598,0.0
10,0.6,164,0.020723790928995376,0.0
10,0.6,165,0.018322200231832588,0.0
10,0.6,166,0.02549153959278476,0.0
10,0.6,167,0.02305789871295012,0.0
10,0.6,168,0.024144595366541656,0.0
10,0.6,169,0.02371562573448287,0.0
10,0.6,170,0.02579684488757696,0.0
10,0.6,171,0.020382072378064876,0.0
10,0.6,172,0.023767289504396116,0.0
10,0.6,173,0.017876734467280397,0.0
10,0.6,174,0.014328122419959446,0.0
10,0.6,175,0.017614533746907964,0.0
10,0.6,176,0.018739061878975168,0.0
10,0.6,177,0.018294413858003327,0.0
10,0.6,178,0.02094018733151217,0.0
10,0.6,179,0.019272461477988945,0.0
10,0.6,180,0.022899503461557797,0.0
10,0.6,181,0.01945230316896317,0.0
10,0.6,182,0.020447336976676615,0.0
10,0.6,183,0.020470139448120536,0.0
10,0.6,184,0.02153300034694526,0.0
10,0.6,185,0.01776791764587948,0.0
10,0.6,186,0.019699845011859538,0.0
10,0.6,187,0.018609183414521214,0.0
10,0.6,188,0.017641518969307202,0.0
10,0.6,189,0.02171988352888994,0.0
10,0.6,190,0.018826448296793682,0.0
10,0.6,191,0.01748041998241981,0.0
10,0.6,192,0.027914250294364683,0.0
10,0.6,193,0.022925951489428477,0.0
10,0.6,194,0.01962498619369143,0.0
10,0.6,195,0.02093609220920886,0.0
10,0.6,196,0.018898144811366348,0.0
10,0.6,197,0.0214953449608879,0.0
10,0.6,198,0.017844705550468944,0.0
10,0.6,199,0.023772092756766446,0.0
10,0.6,200,0.020526959538503434,0.0
10,0.6,201,0.021849854221126525,0.0
10,0.6,202,0.02232618514083408,0.0
10,0.6,203,0.02312210098258276,0.0
10,0.6,204,0.01727580340819328,0.0
10,0.6,205,0.019340095078085203,0.0
10,0.6,206,0.01770176186900587,0.0
10,0.6,207,0.017840519444321037,0.0
10,0.6,208,0.013507918287490227,0.0
10,0.6,209,0.017258333244030144,0.0
10,0.6,210,0.018803838301480996,0.0
10,0.6,211,0.01666296356913583,0.0
10,0.6,212,0.017693770229421805,0.0
10,0.6,213,0.017418750242788498,0.0
10,0.6,214,0.028122975732612993,0.0
10,0.6,215,0.024639640802870358,0.0
10,0.6,216,0.021743153877769702,0.0
10,0.6,217,0.021761256309126,0.0
10,0.6,218,0.02149352296924721,0.0
10,0.6,219,0.015921985051907974,0.0
10,0.6,220,0.0181516605821897,0.0
10,0.6,221,0.01808116531851147,0.0
10,0.6,222,0.01620568614499385,0.0
10,0.6,223,0.015616758467132175,0.0
10,0.6,224,0.01595430545303471,0.0
10,0.6,225,0.020679075477536765,0.0
10,0.6,226,0.025099071160253922,0.0
10,0.6,227,0.025462456451400554,0.0
10,0.6,228,0.021803050310296914,0.0
10,0.6,229,0.02429832790996787,0.0
10,0.6,230,0.025283346488462918,0.0
10,0.6,231,0.022357239281807585,0.0
10,0.6,232,0.027873231676098148,0.0
10,0.6,233,0.0270693900028972,0.0
10,0.6,234,0.021426825735551543,0.0
10,0.6,235,0.022003446390029328,0.0
10,0.6,236,0.017670447124721916,0.0
10,0.6,237,0.021090027208349585,0.0
10,0.6,238,0.018592924881220503,0.0
10,0.6,239,0.019970689533402468,0.0
10,0.6,240,0.023842434817964088,0.0
10,0.6,241,0.023944233357839417,0.0
10,0.6,242,0.01971977022736622,0.0
10,0.6,243,0.027296176424331405,0.0
10,0.6,244,0.02696735957081989,0.0
10,0.6,245,0.021198574550717216,0.0
10,0.6,246,0.022277927432229137,0.0
10,0.6,247,0.029407930734709504,0.0
10,0.6,248,0.030367008278495436,0.0
10,0.6,249,0.019044459366822614,0.0
10,0.6,250,0.020639505941170325,0.0
10,0.6,251,0.02568991191550553,0.0
10,0.6,252,0.024622173253543274,0.0
10,0.6,253,0.01835531459751768,0.0
10,0.6,254,0.016628651943957306,0.0
10,0.6,255,0.019218100500601805,0.0
10,0.6,256,0.02251566024036195,0.0
10,0.6,257,0.024334488253493592,0.0
10,0.6,258,0.022439498181839587,0.0
10,0.6,259,0.020447967188903342,0.0
10,0.6,260,0.02064104872140499,0.0
10,0.6,261,0.019315473487889857,0.0
10,0.6,262,0.02179070837013985,0.0
10,0.6,263,0.02628436364061918,0.0
10,0.6,264,0.01814159325089079,0.0
10,0.6,265,0.023418347948815355,0.0
10,0.6,266,0.025772989739961304,0.0
10,0.6,267,0.022437443391581092,0.0
10,0.6,268,0.022039440374009532,0.0
10,0.6,269,0.021560174485491274,0.0
10,0.6,270,0.01636677685946654,0.0
10,0.6,271,0.017643593942128836,0.0
10,0.6,272,0.02050651566437132,0.0
10,0.6,273,0.01770089427866537,0.0
10,0.6,274,0.019546979687247546,0.0
10,0.6,275,0.018833483091569205,0.0
10,0.6,276,0.021913038252959652,0.0
10,0.6,277,0.024273166205278543,0.0
10,0.6,278,0.02584359697357002,0.0
10,0.6,279,0.018078616035953343,0.0
10,0.6,280,0.015862753805129443,0.0
10,0.6,281,0.019792446531847186,0.0
10,0.6,282,0.023725524741141375,0.0
10,0.6,283,0.02996463454505283,0.0
10,0.6,284,0.024493003418113512,0.0
10,0.6,285,0.02288118869421643,0.0
10,0.6,286,0.02001720991967038,0.0
10,0.6,287,0.02491536014943127,0.0
10,0.6,288,0.023953913637602638,0.0
10,0.6,289,0.02052830158161551,0.0
10,0.6,290,0.02475905712313752,0.0
10,0.6,291,0.01957250158576109,0.0
10,0.6,292,0.022941352046235274,0.0
10,0.6,293,0.023223689248545933,0.0
10,0.6,294,0.02032440048315781,0.0
10,0.6,295,0.02149819333903288,0.0
10,0.6,296,0.01978254960105907,0.0
10,0.6,297,0.01905124394046396,0.0
10,0.6,298,0.021599521833555832,0.0
10,0.6,299,0.016250787072849247,0.0
10,0.6,300,0.018155909217026974,0.0
10,0.6,301,0.019638336728731966,0.0
10,0.6,302,0.017701463231654776,0.0
10,0.6,303,0.02111415924026546,0.0
10,0.6,304,0.01816956946851311,0.0
10,0.6,305,0.016754120410463303,0.0
10,0.6,306,0.020301852693027995,0.0
10,0.6,307,0.02113265006072476,0.0
10,0.6,308,0.0238642257309986,0.0
10,0.6,309,0.019762854377407726,0.0
10,0.6,310,0.017417022500951722,0.0
10,0.6,311,0.021072567857381735,0.0
10,0.6,312,0.01822644379138485,0.0
10,0.6,313,0.017139077133260544,0.0
10,0.6,314,0.02003540586931571,0.0
10,0.6,315,0.01587239906411898,0.0
10,0.6,316,0.018106293093154133,0.0
10,0.6,317,0.019329769304838457,0.0
10,0.6,318,0.01731313673497168,0.0
10,0.6,319,0.021526737842880478,0.0
10,0.6,320,0.019641056469517894,0.0
10,0.6,321,0.019766279596410904,0.0
10,0.6,322,0.01934679493688506,0.0
10,0.6,323,0.02648761336768585,0.0
10,0.6,324,0.02503607455559913,0.0
10,0.6,325,0.018044170712506694,0.0
10,0.6,326,0.02259543208623362,0.0
10,0.6,327,0.022823245996205332,0.0
10,0.6,328,0.024416011406944202,0.0
10,0.6,329,0.02100997936328002,0.0
10,0.6,330,0.02024886506215162,0.0
10,0.6,331,0.022706085673527873,0.0
10,0.6,332,0.019422452119653714,0.0
10,0.6,333,0.025008874311132877,0.0
10,0.6,334,0.025231581709820414,0.0
10,0.6,335,0.01879135123260745,0.0
10,0.6,336,0.023597438746261964,0.0
10,0.6,337,0.01815535245329588,0.0
10,0.6,338,0.015122569980901028,0.0
10,0.6,339,0.019998324445008455,0.0
10,0.6,340,0.020927337741056897,0.0
10,0.6,341,0.01807453494708709,0.0
10,0.6,342,0.023782808037619035,0.0
10,0.6,343,0.01896557833010103,0.0
10,0.6,344,0.01750325505432552,0.0
10,0.6,345,0.01701354064912736,0.0
10,0.6,346,0.019682119309062208,0.0
10,0.6,347,0.020378124346670815,0.0
10,0.6,348,0.020784112774474513,0.0
10,0.6,349,0.016712352689571754,0.0
10,0.6,350,0.019815803163967548,0.0
10,0.6,351,0.018332054990328143,0.0
10,0.6,352,0.0265268764850475,0.0
10,0.6,353,0.027954615189302486,0.0
10,0.6,354,0.024541124820445605,0.0
10,0.6,355,0.026598717249746728,0.0
10,0.6,356,0.01547870565316368,0.0
10,0.6,357,0.019143262664601864,0.0
10,0.6,358,0.017833338551209242,0.0
10,0.6,359,0.017647483281299524,0.0
10,0.6,360,0.014277295800226606,0.0
10,0.6,361,0.015025163106865904,0.0
10,0.6,362,0.014020397689301151,0.0
10,0.6,363,0.012909120931382799,0.0
10,0.6,364,0.020063600010615308,0.0
10,0.6,365,0.022175466919015122,0.0
10,0.6,366,0.022620461359256553,0.0
10,0.6,367,0.019921509192725097,0.0
10,0.6,368,0.01742973487376343,0.0
10,0.6,369,0.017752172119855792,0.0
10,0.6,370,0.01856091181922599,0.0
10,0.6,371,0.020283441419603757,0.0
10,0.6,372,0.020152581319972378,0.0
10,0.6,373,0.019051361834314728,0.0
10,0.6,374,0.020622608842676925,0.0
10,0.6,375,0.020375499673352754,0.0
10,0.6,376,0.02373529997541489,0.0
10,0.6,377,0.026527545555254384,0.0
10,0.6,378,0.023548662633745762,0.0
10,0.6,379,0.01883540092230079,0.0
10,0.6,380,0.020279675825937735,0.0
10,0.6,381,0.01773552910468005,0.0
10,0.6,382,0.020419393207105542,0.0
10,0.6,383,0.019561586800569068,0.0
10,0.6,384,0.018643161970756553,0.0
10,0.6,385,0.0209562251390741,0.0
10,0.6,386,0.022783389875383975,0.0
10,0.6,387,0.021403212457285003,0.0
10,0.6,388,0.01895130384533555,0.0
10,0.6,389,0.025122567707386287,0.0
10,0.6,390,0.02018954287424995,0.0
10,0.6,391,0.023980253542269694,0.0
10,0.6,392,0.02473158787492727,0.0
10,0.6,393,0.02159493999553533,0.0
10,0.6,394,0.02055873745250879,0.0
10,0.6,395,0.020264554686562825,0.0
10,0.6,396,0.019460547628328738,0.0
10,0.6,397,0.021775158101377343,0.0
10,0.6,398,0.02644953450530656,0.0
10,0.6,399,0.026099287918172544,0.0
10,0.6,400,0.023948114793423778,0.0
10,0.6,401,0.027216111290167752,0.0
10,0.6,402,0.026896784407606594,0.0
10,0.6,403,0.02833278296698922,0.0
10,0.6,404,0.02728840257389439,0.0
10,0.6,405,0.02252609270112238,0.0
10,0.6,406,0.024227498899558685,0.0
10,0.6,407,0.024464511587976006,0.0
10,0.6,408,0.0276608324174308,0.0
10,0.6,409,0.024386518798083685,0.0
10,0.6,410,0.02394337358109649,0.0
10,0.6,411,0.022967271417680162,0.0
10,0.6,412,0.025400032444554636,0.0
10,0.6,413,0.020168070416454346,0.0
10,0.6,414,0.019241818356678667,0.0
10,0.6,415,0.02283698043223714,0.0
10,0.6,416,0.02366987044665366,0.0
10,0.6,417,0.020876626588527163,0.0
10,0.6,418,0.019888932699511596,0.0
10,0.6,419,0.023751590904386232,0.0
10,0.6,420,0.021951978020239304,0.0
10,0.6,421,0.023731328492384022,0.0
10,0.6,422,0.024244953239991138,0.0
10,0.6,423,0.021656908229807714,0.0
10,0.6,424,0.02234203810891075,0.0
10,0.6,425,0.030165466802880708,0.0
10,0.6,426,0.02526213785556373,0.0
10,0.6,427,0.02550357165048297,0.0
10,0.6,428,0.030076995228304416,0.0
10,0.6,429,0.02871679484044011,0.0
10,0.6,430,0.021925735075623412,0.0
10,0.6,431,0.02259742565693601,0.0
10,0.6,432,0.01697819899677267,0.0
10,0.6,433,0.0205708406424377,0.0
10,0.6,434,0.021118392588538724,0.0
10,0.6,435,0.023880562142993424,0.0
10,0.6,436,0.02202646856734523,0.0
10,0.6,437,0.015253095353655472,0.0
10,0.6,438,0.017589339692164196,0.0
10,0.6,439,0.0190459830575707,0.0
10,0.6,440,0.017237527741428095,0.0
10,0.6,441,0.019947089364150624,0.0
10,0.6,442,0.02283598918467603,0.0
10,0.6,443,0.026375474691017378,0.0
10,0.6,444,0.026036820462771327,0.0
10,0.6,445,0.02004540601172121,0.0
10,0.6,446,0.022200230208447417,0.0
10,0.6,447,0.020875879192605754,0.0
10,0.6,448,0.026446077327456487,0.0
10,0.6,449,0.02817051025555974,0.0
10,0.6,450,0.021821940486197556,0.0
10,0.6,451,0.020296781795074957,0.0
10,0.6,452,0.023374732480304524,0.0
10,0.6,453,0.02422080661567676,0.0
10,0.6,454,0.021631301792871795,0.0
10,0.6,455,0.021052953829059907,0.0
10,0.6,456,0.021331483056146027,0.0
10,0.6,457,0.021570190506843553,0.0
10,0.6,458,0.029808243647901387,0.0
10,0.6,459,0.02186604091842551,0.0
10,0.6,460,0.023787126763709514,0.0
10,0.6,461,0.02583974184080867,0.0
10,0.6,462,0.018393229743125294,0.0
10,0.6,463,0.020346210355101618,0.0
10,0.6,464,0.017621320493096282,0.0
10,0.6,465,0.01725849200611322,0.0
10,0.6,466,0.01621278819232204,0.0
10,0.6,467,0.01902164965674509,0.0
10,0.6,468,0.017883639558265555,0.0
10,0.6,469,0.01781482242738362,0.0
10,0.6,470,0.021087098751486056,0.0
10,0.6,471,0.027029155421302402,0.0
10,0.6,472,0.02434457831696075,0.0
10,0.6,473,0.02492537412631597,0.0
10,0.6,474,0.02233040518646208,0.0
10,0.6,475,0.026458334812540753,0.0
10,0.6,476,0.024583207076028644,0.0
10,0.6,477,0.022918865985215107,0.0
10,0.6,478,0.02471944198886125,0.0
10,0.6,479,0.019645357076506123,0.0
10,0.6,480,0.01899903109740323,0.0
10,0.6,481,0.01895214195442855,0.0
10,0.6,482,0.024487250698268473,0.0
10,0.6,483,0.024879471848113233,0.0
10,0.6,484,0.018447852824857627,0.0
10,0.6,485,0.016401901290688966,0.0
10,0.6,486,0.017583923876331044,0.0
10,0.6,487,0.02163484789792495,0.0
10,0.6,488,0.019269866939680688,0.0
10,0.6,489,0.018634455060540102,0.0
10,0.6,490,0.02037068637765601,0.0
10,0.6,491,0.023221764279271792,0.0
10,0.6,492,0.0284228941871662,0.0
10,0.6,493,0.02277293989618183,0.0
10,0.6,494,0.022174958391146457,0.0
10,0.6,495,0.019436272644042348,0.0
10,0.6,496,0.015445955332743424,0.0
10,0.6,497,0.013786155585113796,0.0
10,0.6,498,0.015442804735563666,0.0
10,0.6,499,0.014171310700951423,0.0
10,0.6,500,0.015326655843401206,0.0
10,0.8,0,0.08212714179332772,0.0
10,0.8,1,0.0382006739408247,0.0
10,0.8,2,0.03467738187827556,0.0
10,0.8,3,0.028040812348971652,0.0
10,0.8,4,0.02472494235960681,0.0
10,0.8,5,0.019276869200861645,0.0
10,0.8,6,0.024682017999576734,0.0
10,0.8,7,0.02109197793567207,0.0
10,0.8,8,0.01969826441138794,0.0
10,0.8,9,0.016872291817166846,0.0
10,0.8,10,0.016594890765003104,0.0
10,0.8,11,0.020008271926158446,0.0
10,0.8,12,0.02270945675266904,0.0
10,0.8,13,0.02437971262432652,0.0
10,0.8,14,0.022450040245275686,0.0
10,0.8,15,0.020884773284241553,0.0
10,0.8,16,0.018804920965138222,0.0
10,0.8,17,0.020498028760023712,0.0
10,0.8,18,0.02251648553925894,0.0
10,0.8,19,0.02723704881783775,0.0
10,0.8,20,0.03145925009858938,0.0
10,0.8,21,0.027804030817358664,0.0
10,0.8,22,0.025048852844586734,0.0
10,0.8,23,0.030789387320188516,0.0
10,0.8,24,0.031952352530892916,0.0
10,0.8,25,0.03403822180175779,0.0
10,0.8,26,0.026697846576467264,0.0
10,0.8,27,0.022230171321113573,0.0
10,0.8,28,0.01992301431376705,0.0
10,0.8,29,0.01828929213866377,0.0
10,0.8,30,0.021401972627950173,0.0
10,0.8,31,0.020896547869355707,0.0
10,0.8,32,0.02074070406880549,0.0
10,0.8,33,0.017097366853925294,0.0
10,0.8,34,0.01939869965807044,0.0
10,0.8,35,0.01843279514775078,0.0
10,0.8,36,0.018414573016252947,0.0
10,0.8,37,0.018953076516618584,0.0
10,0.8,38,0.02150567456891988,0.0
10,0.8,39,0.024831704555778055,0.0
10,0.8,40,0.021071023265258667,0.0
10,0.8,41,0.020251159184452642,0.0
10,0.8,42,0.017726835419317747,0.0
10,0.8,43,0.023000762546759708,0.0
10,0.8,44,0.022454693480680764,0.0
10,0.8,45,0.02180786497917118,0.0
10,0.8,46,0.022704434298100616,0.0
10,0.8,47,0.022809706261161897,0.0
10,0.8,48,0.024037899886146068,0.0
10,0.8,49,0.022253764325876432,0.0
10,0.8,50,0.022769996020470744,0.0
10,0.8,51,0.020615766789918933,0.0
10,0.8,52,0.02260602863900214,0.0
10,0.8,53,0.025368758631043112,0.0
10,0.8,54,0.027972203575225528,0.0
10,0.8,55,0.022131081013052185,0.0
10,0.8,56,0.023196738174666304,0.0
10,0.8,57,0.02432061245787934,0.0
10,0.8,58,0.018170746759376105,0.0
10,0.8,59,0.018340665943719536,0.0
10,0.8,60,0.018498458819490044,0.0
10,0.8,61,0.019529496267827347,0.0
10,0.8,62,0.01880027629538378,0.0
10,0.8,63,0.020334339992206955,0.0
10,0.8,64,0.017919034704355952,0.0
10,0.8,65,0.0207664391440018,0.0
10,0.8,66,0.020828498190194295,0.0
10,0.8,67,0.021238727905938865,0.0
10,0.8,68,0.021267075125213707,0.0
10,0.8,69,0.021550007785638217,0.0
10,0.8,70,0.017037208841663966,0.0
10,0.8,71,0.016667551449734336,0.0
10,0.8,72,0.01715920172075032,0.0
10,0.8,73,0.017254133799107774,0.0
10,0.8,74,0.01980130031528478,0.0
10,0.8,75,0.024611870137384605,0.0
10,0.8,76,0.020464278272091387,0.0
10,0.8,77,0.018726220527065362,0.0
10,0.8,78,0.016163711525433135,0.0
10,0.8,79,0.018039666573067256,0.0
10,0.8,80,0.022877275035316266,0.0
10,0.8,81,0.02503606557078477,0.0
10,0.8,82,0.02696029855730513,0.0
10,0.8,83,0.027993021900469848,0.0
10,0.8,84,0.0246412155826499,0.0
10,0.8,85,0.019865245315251155,0.0
10,0.8,86,0.02069740291054325,0.0
10,0.8,87,0.016563507406004395,0.0
10,0.8,88,0.019334919375248606,0.0
10,0.8,89,0.020831788009801077,0.0
10,0.8,90,0.023799900038705718,0.0
10,0.8,91,0.020005484540635946,0.0
10,0.8,92,0.02046934488636807,0.0
10,0.8,93,0.024084211895235727,0.0
10,0.8,94,0.02162441094612893,0.0
10,0.8,95,0.021107990904134254,0.0
10,0.8,96,0.015922284451777326,0.0
10,0.8,97,0.017909888683317943,0.0
10,0.8,98,0.017312428998012035,0.0
10,0.8,99,0.013832129008022154,0.0
10,0.8,100,0.017621530056190608,0.0
10,0.8,101,0.01837691130729554,0.0
10,0.8,102,0.018105754411748876,0.0
10,0.8,103,0.017310916633416842,0.0
10,0.8,104,0.019167429907225225,0.0
10,0.8,105,0.01852214951060108,0.0
10,0.8,106,0.024616621778794024,0.0
10,0.8,107,0.022678360586123554,0.0
10,0.8,108,0.01990601930427659,0.0
10,0.8,109,0.020192442125216023,0.0
10,0.8,110,0.02161002801923413,0.0
10,0.8,111,0.02054395408374412,0.0
10,0.8,112,0.01646509356233381,0.0
10,0.8,113,0.02257504447826399,0.0
10,0.8,114,0.024241691714921666,0.0
10,0.8,115,0.023503295690291127,0.0
10,0.8,116,0.022582804177224535,0.0
10,0.8,117,0.023018819640789428,0.0
10,0.8,118,0.019438778342342245,0.0
10,0.8,119,0.019756985199035168,0.0
10,0.8,120,0.022495389704862947,0.0
10,0.8,121,0.029094428188575123,0.0
10,0.8,122,0.024371036518583265,0.0
10,0.8,123,0.02312341306684389,0.0
10,0.8,124,0.021404822077199192,0.0
10,0.8,125,0.021969631242664222,0.0
10,0.8,126,0.023119204013097562,0.0
10,0.8,127,0.022329085761922073,0.0
10,0.8,128,0.01695068854108013,0.0
10,0.8,129,0.018186858170219363,0.0
10,0.8,130,0.021714352093607836,0.0
10,0.8,131,0.024297048200921215,0.0
10,0.8,132,0.03098777826945516,0.0
10,0.8,133,0.02513572665377527,0.0
10,0.8,134,0.030821710201972788,0.0
10,0.8,135,0.03400503034350856,0.0
10,0.8,136,0.029866000193797676,0.0
10,0.8,137,0.02161913745080545,0.0
10,0.8,138,0.02222729642252137,0.0
10,0.8,139,0.02091414349313286,0.0
10,0.8,140,0.01923109883986182,0.0
10,0.8,141,0.016256802625367467,0.0
10,0.8,142,0.018227306376111963,0.0
10,0.8,143,0.020324446410468697,0.0
10,0.8,144,0.02073501412732908,0.0
10,0.8,145,0.017821295806257954,0.0
10,0.8,146,0.019636790322075045,0.0
10,0.8,147,0.017220661146311957,0.0
10,0.8,148,0.016757214077213506,0.0
10,0.8,149,0.02054886455211574,0.0
10,0.8,150,0.01762787831059041,0.0
10,0.8,151,0.021026452669326137,0.0
10,0.8,152,0.02375944890301751,0.0
10,0.8,153,0.02283561900034874,0.0
10,0.8,154,0.023674227149800692,0.0
10,0.8,155,0.020694319097783728,0.0
10,0.8,156,0.024320255034631262,0.0
10,0.8,157,0.022039872195324592,0.0
10,0.8,158,0.027414095960771843,0.0
10,0.8,159,0.027612651492195064,0.0
10,0.8,160,0.028581229132653197,0.0
10,0.8,161,0.02857974806824337,0.0
10,0.8,162,0.03484076676488054,0.0
10,0.8,163,0.02625630413787676,0.0
10,0.8,164,0.023907822640445595,0.0
10,0.8,165,0.026062182854306327,0.0
10,0.8,166,0.025139281507121948,0.0
10,0.8,167,0.01984063204336757,0.0
10,0.8,168,0.020397454377038958,0.0
10,0.8,169,0.019206755768206022,0.0
10,0.8,170,0.023507681248845957,0.0
10,0.8,171,0.020643122320937943,0.0
10,0.8,172,0.017076357674296522,0.0
10,0.8,173,0.019334194478269562,0.0
10,0.8,174,0.022835399825093142,0.0
10,0.8,175,0.017807302696042786,0.0
10,0.8,176,0.01978749880217921,0.0
10,0.8,177,0.020316220777013057,0.0
10,0.8,178,0.01807299737781563,0.0
10,0.8,179,0.01975462663511332,0.0
10,0.8,180,0.01878791394163616,0.0
10,0.8,181,0.01858728670498763,0.0
10,0.8,182,0.014225234643491654,0.0
10,0.8,183,0.015338565875274912,0.0
10,0.8,184,0.015258627943653253,0.0
10,0.8,185,0.01733150346452679,0.0
10,0.8,186,0.023200656586057168,0.0
10,0.8,187,0.020931609883513624,0.0
10,0.8,188,0.024023088397800194,0.0
10,0.8,189,0.02340315649625943,0.0
10,0.8,190,0.023176872881256,0.0
10,0.8,191,0.016538301660535045,0.0
10,0.8,192,0.016678664859011323,0.0
10,0.8,193,0.018815779863780073,0.0
10,0.8,194,0.02198059732526371,0.0
10,0.8,195,0.020612581967579327,0.0
10,0.8,196,0.017054196431546806,0.0
10,0.8,197,0.020379567386358936,0.0
10,0.8,198,0.022030160109697064,0.0
10,0.8,199,0.02506852302878019,0.0
10,0.8,200,0.025655554943254614,0.0
10,0.8,201,0.027535146218062162,0.0
10,0.8,202,0.025675723889022707,0.0
10,0.8,203,0.025018804776799405,0.0
10,0.8,204,0.022024721804289372,0.0
10,0.8,205,0.014174950305190321,0.0
10,0.8,206,0.01969013495788925,0.0
10,0.8,207,0.023834095681812207,0.0
10,0.8,208,0.020941859938606044,0.0
10,0.8,209,0.019876007526250544,0.0
10,0.8,210,0.020085591631640524,0.0
10,0.8,211,0.018212559905734966,0.0
10,0.8,212,0.0176966852890788,0.0
10,0.8,213,0.021862997667306542,0.0
10,0.8,214,0.023555850259631774,0.0
10,0.8,215,0.01889865670337118,0.0
10,0.8,216,0.014751686025508859,0.0
10,0.8,217,0.01670088521496456,0.0
10,0.8,218,0.02019898251631412,0.0
10,0.8,219,0.018875513847734424,0.0
10,0.8,220,0.015010619176004287,0.0
10,0.8,221,0.01621564527481662,0.0
10,0.8,222,0.016769986719176656,0.0
10,0.8,223,0.021965436128022046,0.0
10,0.8,224,0.02295897012218939,0.0
10,0.8,225,0.022190898901502106,0.0
10,0.8,226,0.019430642932539963,0.0
10,0.8,227,0.022583625084346907,0.0
10,0.8,228,0.02295415827632955,0.0
10,0.8,229,0.02096650854611982,0.0
10,0.8,230,0.02205816596140321,0.0
10,0.8,231,0.018873376749344594,0.0
10,0.8,232,0.017642230602759615,0.0
10,0.8,233,0.019586834102528723,0.0
10,0.8,234,0.015980762440848305,0.0
10,0.8,235,0.018841958125689538,0.0
10,0.8,236,0.014220621279577891,0.0
10,0.8,237,0.016572962635085408,0.0
10,0.8,238,0.018267454396911596,0.0
10,0.8,239,0.021388645409039394,0.0
10,0.8,240,0.021611282172587266,0.0
10,0.8,241,0.02282508315218374,0.0
10,0.8,242,0.022566720103987557,0.0
10,0.8,243,0.023180627464444756,0.0
10,0.8,244,0.02500166830733987,0.0
10,0.8,245,0.021262367632723874,0.0
10,0.8,246,0.019600124261973967,0.0
10,0.8,247,0.016289196645137255,0.0
10,0.8,248,0.016306389814856895,0.0
10,0.8,249,0.019684713482826233,0.0
10,0.8,250,0.01654312579130084,0.0
10,0.8,251,0.017442292007224643,0.0
10,0.8,252,0.02154696643354254,0.0
10,0.8,253,0.022926587478227445,0.0
10,0.8,254,0.022383467635043116,0.0
10,0.8,255,0.020102708461479178,0.0
10,0.8,256,0.02293419990819026,0.0
10,0.8,257,0.025797671125102794,0.0
10,0.8,258,0.02198867603528514,0.0
10,0.8,259,0.019871943273242633,0.0
10,0.8,260,0.022794656706235344,0.0
10,0.8,261,0.024002758480949456,0.0
10,0.8,262,0.02235896019435682,0.0
10,0.8,263,0.021942219658751153,0.0
10,0.8,264,0.018158264595665403,0.0
10,0.8,265,0.01858393991445747,0.0
10,0.8,266,0.018222091205299353,0.0
10,0.8,267,0.02112649783157152,0.0
10,0.8,268,0.02218108045270434,0.0
10,0.8,269,0.023120051892263543,0.0
10,0.8,270,0.02106953633212552,0.0
10,0.8,271,0.021909018415015424,0.0
10,0.8,272,0.019520405436483906,0.0
10,0.8,273,0.021832830524771602,0.0
10,0.8,274,0.02408627487066779,0.0
10,0.8,275,0.02185395114256659,0.0
10,0.8,276,0.02327408926283563,0.0
10,0.8,277,0.02076624236796889,0.0
10,0.8,278,0.020780948898265775,0.0
10,0.8,279,0.01958919993069444,0.0
10,0.8,280,0.022759545586553565,0.0
10,0.8,281,0.017473549506052698,0.0
10,0.8,282,0.017509551207520384,0.0
10,0.8,283,0.017367318641705706,0.0
10,0.8,284,0.019614554976824013,0.0
10,0.8,285,0.022951900738607586,0.0
10,0.8,286,0.030945216230496824,0.0
10,0.8,287,0.02282408464124939,0.0
10,0.8,288,0.020724791320536035,0.0
10,0.8,289,0.021780405465978824,0.0
10,0.8,290,0.01959655329405271,0.0
10,0.8,291,0.020155023970888496,0.0
10,0.8,292,0.021756932296566046,0.0
10,0.8,293,0.02542020315804922,0.0
10,0.8,294,0.03052620663339212,0.0
10,0.8,295,0.02204072039686555,0.0
10,0.8,296,0.02140839320232789,0.0
10,0.8,297,0.022939537256224347,0.0
10,0.8,298,0.020642744878592034,0.0
10,0.8,299,0.021060087199963398,0.0
10,0.8,300,0.01799925310599329,0.0
10,0.8,301,0.018320557680591838,0.0
10,0.8,302,0.01821992896839959,0.0
10,0.8,303,0.020318570071138985,0.0
10,0.8,304,0.018685410087591347,0.0
10,0.8,305,0.020859274941858495,0.0
10,0.8,306,0.018953509419682376,0.0
10,0.8,307,0.01776433947845272,0.0
10,0.8,308,0.016607144912208736,0.0
10,0.8,309,0.022677388847188666,0.0
10,0.8,310,0.021922971147635265,0.0
10,0.8,311,0.0204933432011471,0.0
10,0.8,312,0.020865393721305053,0.0
10,0.8,313,0.021745071916730408,0.0
10,0.8,314,0.017397906390106393,0.0
10,0.8,315,0.017874853288544715,0.0
10,0.8,316,0.017144634884045277,0.0
10,0.8,317,0.019794237501532665,0.0
10,0.8,318,0.0224410915884134,0.0
10,0.8,319,0.02169669774685003,0.0
10,0.8,320,0.019825626656364836,0.0
10,0.8,321,0.018693628113686734,0.0
10,0.8,322,0.018673544741756268,0.0
10,0.8,323,0.01850035773656788,0.0
10,0.8,324,0.016028333325839292,0.0
10,0.8,325,0.013379650601009603,0.0
10,0.8,326,0.016060309783320726,0.0
10,0.8,327,0.018753071671182796,0.0
10,0.8,328,0.020825219091257608,0.0
10,0.8,329,0.018181275801482558,0.0
10,0.8,330,0.020757263763803893,0.0
10,0.8,331,0.020024457043541687,0.0
10,0.8,332,0.02421625028834618,0.0
10,0.8,333,0.019192186243340403,0.0
10,0.8,334,0.02485614391856471,0.0
10,0.8,335,0.025049631967890198,0.0
10,0.8,336,0.024819057517692505,0.0
10,0.8,337,0.024002421373903075,0.0
10,0.8,338,0.021103471676326938,0.0
10,0.8,339,0.023363350078748315,0.0
10,0.8,340,0.02416827520969196,0.0
10,0.8,341,0.021070187278819357,0.0
10,0.8,342,0.021066536112665925,0.0
10,0.8,343,0.01862791516150147,0.0
10,0.8,344,0.02326805866986065,0.0
10,0.8,345,0.01752512313199828,0.0
10,0.8,346,0.023490021260251827,0.0
10,0.8,347,0.02088813445950621,0.0
10,0.8,348,0.019225126595083915,0.0
10,0.8,349,0.019096906359532453,0.0
10,0.8,350,0.016781691732178,0.0
10,0.8,351,0.017191861572847297,0.0
10,0.8,352,0.01948988686255608,0.0
10,0.8,353,0.02022620084427294,0.0
10,0.8,354,0.024698126854044183,0.0
10,0.8,355,0.024124060387860812,0.0
10,0.8,356,0.021337233338914737,0.0
10,0.8,357,0.019637584245032626,0.0
10,0.8,358,0.02260416619120566,0.0
10,0.8,359,0.022152303309165164,0.0
10,0.8,360,0.030344417847747236,0.0
10,0.8,361,0.025780588609685927,0.0
10,0.8,362,0.025561227136909205,0.0
10,0.8,363,0.024322768235573253,0.0
10,0.8,364,0.019863088117713413,0.0
10,0.8,365,0.018653604128112986,0.0
10,0.8,366,0.016633963584982737,0.0
10,0.8,367,0.011949754807983506,0.0
10,0.8,368,0.014551460964143635,0.0
10,0.8,369,0.017910342597588464,0.0
10,0.8,370,0.018738568132421262,0.0
10,0.8,371,0.01707613398896689,0.0
10,0.8,372,0.017035850818876114,0.0
10,0.8,373,0.01848434724227266,0.0
10,0.8,374,0.021004511233334026,0.0
10,0.8,375,0.024481925295550263,0.0
10,0.8,376,0.028527081055525524,0.0
10,0.8,377,0.028606102940755225,0.0
10,0.8,378,0.031230763532471166,0.0
10,0.8,379,0.03251751571241719,0.0
10,0.8,380,0.021869375883514012,0.0
10,0.8,381,0.020469744443029,0.0
10,0.8,382,0.021244388739579904,0.0
10,0.8,383,0.02552984786511696,0.0
10,0.8,384,0.021387603988495863,0.0
10,0.8,385,0.02839302699792073,0.0
10,0.8,386,0.023167504737494002,0.0
10,0.8,387,0.030654196239290173,0.0
10,0.8,388,0.03172733939371169,0.0
10,0.8,389,0.025874833528718312,0.0
10,0.8,390,0.02348663978000061,0.0
10,0.8,391,0.018977026098057875,0.0
10,0.8,392,0.021430843255182006,0.0
10,0.8,393,0.014551621526717287,0.0
10,0.8,394,0.017771784267907077,0.0
10,0.8,395,0.01718948317416505,0.0
10,0.8,396,0.01687286614784409,0.0
10,0.8,397,0.018474349351201628,0.0
10,0.8,398,0.01771823161531884,0.0
10,0.8,399,0.019029561096747635,0.0
10,0.8,400,0.022097031064840247,0.0
10,0.8,401,0.02472083652536456,0.0
10,0.8,402,0.021505730255447206,0.0
10,0.8,403,0.020250042493306607,0.0
10,0.8,404,0.02208657758337153,0.0
10,0.8,405,0.02487599739551658,0.0
10,0.8,406,0.028199023358918995,0.0
10,0.8,407,0.025388969731899608,0.0
10,0.8,408,0.022370904509244668,0.0
10,0.8,409,0.02388822503568395,0.0
10,0.8,410,0.02596039143723244,0.0
10,0.8,411,0.023992166490062545,0.0
10,0.8,412,0.028687629603882655,0.0
10,0.8,413,0.031124044878748508,0.0
10,0.8,414,0.02538140012481782,0.0
10,0.8,415,0.021018881373639147,0.0
10,0.8,416,0.024324492078821935,0.0
10,0.8,417,0.01724352010561282,0.0
10,0.8,418,0.02165580780209756,0.0
10,0.8,419,0.01608399398946249,0.0
10,0.8,420,0.017731060252232273,0.0
10,0.8,421,0.01914091008578573,0.0
10,0.8,422,0.020860937859615385,0.0
10,0.8,423,0.025124365925510494,0.0
10,0.8,424,0.02962474690370938,0.0
10,0.8,425,0.023043646398150347,0.0
10,0.8,426,0.01614545790974976,0.0
10,0.8,427,0.01936493595296681,0.0
10,0.8,428,0.015533165668264091,0.0
10,0.8,429,0.01590525251013312,0.0
10,0.8,430,0.012150158509660981,0.0
10,0.8,431,0.01625002725942616,0.0
10,0.8,432,0.01645820772619686,0.0
10,0.8,433,0.02024106817430367,0.0
10,0.8,434,0.020878108661604597,0.0
10,0.8,435,0.016006882451669667,0.0
10,0.8,436,0.01756850380284104,0.0
10,0.8,437,0.018062339940690186,0.0
10,0.8,438,0.023620920672028044,0.0
10,0.8,439,0.02678667608928633,0.0
10,0.8,440,0.022902487086428443,0.0
10,0.8,441,0.019424497480271537,0.0
10,0.8,442,0.016592613255055684,0.0
10,0.8,443,0.018871374538645416,0.0
10,0.8,444,0.020419006178291524,0.0
10,0.8,445,0.01962421460350412,0.0
10,0.8,446,0.01970596328772507,0.0
10,0.8,447,0.025760117723838207,0.0
10,0.8,448,0.016945878007082225,0.0
10,0.8,449,0.021668384555254248,0.0
10,0.8,450,0.022404383762042936,0.0
10,0.8,451,0.016418408474621626,0.0
10,0.8,452,0.019089618195048178,0.0
10,0.8,453,0.023594495661039137,0.0
10,0.8,454,0.02231052061532641,0.0
10,0.8,455,0.024453732387323717,0.0
10,0.8,456,0.02749114863659675,0.0
10,0.8,457,0.025552961566918928,0.0
10,0.8,458,0.022739770129927717,0.0
10,0.8,459,0.022426017218169857,0.0
10,0.8,460,0.025710720294235507,0.0
10,0.8,461,0.019772767497991724,0.0
10,0.8,462,0.02524366799647432,0.0
10,0.8,463,0.020688197408643156,0.0
10,0.8,464,0.029646072667968877,0.0
10,0.8,465,0.029183124934196055,0.0
10,0.8,466,0.023026518735767817,0.0
10,0.8,467,0.017024319097015236,0.0
10,0.8,468,0.01838203320315442,0.0
10,0.8,469,0.01840296493278099,0.0
10,0.8,470,0.020288868078276293,0.0
10,0.8,471,0.017810706635170204,0.0
10,0.8,472,0.01497222998659725,0.0
10,0.8,473,0.019354619462081418,0.0
10,0.8,474,0.0178107154684701,0.0
10,0.8,475,0.01905333822077648,0.0
10,0.8,476,0.01979726554444812,0.0
10,0.8,477,0.01860405496454741,0.0
10,0.8,478,0.013413733622132487,0.0
10,0.8,479,0.014871224550198287,0.0
10,0.8,480,0.019095834660763797,0.0
10,0.8,481,0.01586400739124412,0.0
10,0.8,482,0.016901143476596613,0.0
10,0.8,483,0.019038205076761624,0.0
10,0.8,484,0.022817123116042337,0.0
10,0.8,485,0.022671867788656496,0.0
10,0.8,486,0.027517318466623232,0.0
10,0.8,487,0.029522487272382734,0.0
10,0.8,488,0.02686098520418766,0.0
10,0.8,489,0.02491081974281081,0.0
10,0.8,490,0.02743980045629234,0.0
10,0.8,491,0.025442380960414783,0.0
10,0.8,492,0.02227480273494705,0.0
10,0.8,493,0.021951413117472778,0.0
10,0.8,494,0.02710743281582202,0.0
10,0.8,495,0.021876156530744865,0.0
10,0.8,496,0.023319529672203246,0.0
10,0.8,497,0.020572227069558226,0.0
10,0.8,498,0.01971974119609486,0.0
10,0.8,499,0.020503082346672582,0.0
10,0.8,500,0.021825961896390703,0.0
10,1.0,0,0.08403467905219396,0.0
10,1.0,1,0.060638423532688154,0.0
10,1.0,2,0.03872259389367225,0.0
10,1.0,3,0.034810101412878144,0.0
10,1.0,4,0.029008844374074992,0.0
10,1.0,5,0.02955886127631102,0.0
10,1.0,6,0.02879786197209572,0.0
10,1.0,7,0.026342728310069754,0.0
10,1.0,8,0.020797899084314796,0.0
10,1.0,9,0.01959262573282934,0.0
10,1.0,10,0.01746919455503252,0.0
10,1.0,11,0.016988953290849946,0.0
10,1.0,12,0.02150070730261392,0.0
10,1.0,13,0.025710331878228763,0.0
10,1.0,14,0.02278363658592818,0.0
10,1.0,15,0.01980589121739035,0.0
10,1.0,16,0.01797274923918382,0.0
10,1.0,17,0.02143191467594063,0.0
10,1.0,18,0.022346767233118774,0.0
10,1.0,19,0.019673041124951544,0.0
10,1.0,20,0.024213330260882696,0.0
10,1.0,21,0.026371204633587268,0.0
10,1.0,22,0.01918460389081206,0.0
10,1.0,23,0.019739548268117458,0.0
10,1.0,24,0.01526916413043794,0.0
10,1.0,25,0.01507171131829875,0.0
10,1.0,26,0.015687968796708723,0.0
10,1.0,27,0.018754371049876203,0.0
10,1.0,28,0.01815991588358087,0.0
10,1.0,29,0.016510590563018294,0.0
10,1.0,30,0.01654339771785164,0.0
10,1.0,31,0.02034262840858649,0.0
10,1.0,32,0.022336667831397827,0.0
10,1.0,33,0.02338845875186899,0.0
10,1.0,34,0.02182806962913393,0.0
10,1.0,35,0.022696870011174774,0.0
10,1.0,36,0.02027780914771285,0.0
10,1.0,37,0.022444666359965802,0.0
10,1.0,38,0.020972142294908406,0.0
10,1.0,39,0.0196065005547682,0.0
10,1.0,40,0.016820163217534226,0.0
10,1.0,41,0.017732923622670524,0.0
10,1.0,42,0.014104949484014964,0.0
10,1.0,43,0.016515147367108608,0.0
10,1.0,44,0.01907472165592047,0.0
10,1.0,45,0.01687599110404646,0.0
10,1.0,46,0.01799542293179176,0.0
10,1.0,47,0.01347262032389192,0.0
10,1.0,48,0.01519442733032015,0.0
10,1.0,49,0.018397790080853193,0.0
10,1.0,50,0.020174151436683538,0.0
10,1.0,51,0.01710882962125048,0.0
10,1.0,52,0.017943613767035637,0.0
10,1.0,53,0.022705570974613773,0.0
10,1.0,54,0.023980559680552925,0.0
10,1.0,55,0.022797849860554824,0.0
10,1.0,56,0.022411660981312104,0.0
10,1.0,57,0.027085498014342832,0.0
10,1.0,58,0.02699727470800866,0.0
10,1.0,59,0.024727767922724755,0.0
10,1.0,60,0.02437915750118685,0.0
10,1.0,61,0.022408841520833084,0.0
10,1.0,62,0.02678617544096121,0.0
10,1.0,63,0.024387239923657166,0.0
10,1.0,64,0.018335069359492997,0.0
10,1.0,65,0.024795687652804897,0.0
10,1.0,66,0.020568290326137148,0.0
10,1.0,67,0.022087367212271426,0.0
10,1.0,68,0.020335105613193672,0.0
10,1.0,69,0.020597552360112834,0.0
10,1.0,70,0.022782911356115324,0.0
10,1.0,71,0.027149725850816306,0.0
10,1.0,72,0.02647474768200131,0.0
10,1.0,73,0.02062463520947627,0.0
10,1.0,74,0.020115162145704243,0.0
10,1.0,75,0.021888212347350756,0.0
10,1.0,76,0.023154850553466222,0.0
10,1.0,77,0.01990136918856754,0.0
10,1.0,78,0.021445627982182164,0.0
10,1.0,79,0.020937453619970445,0.0
10,1.0,80,0.01878807774984674,0.0
10,1.0,81,0.015366118667252402,0.0
10,1.0,82,0.01977196155366451,0.0
10,1.0,83,0.025080327855808576,0.0
10,1.0,84,0.0271100147536208,0.0
10,1.0,85,0.025293099061844918,0.0
10,1.0,86,0.020684540542285284,0.0
10,1.0,87,0.025776117026871076,0.0
10,1.0,88,0.025806437361506895,0.0
10,1.0,89,0.026741534841004687,0.0
10,1.0,90,0.02311542849831969,0.0
10,1.0,91,0.025087267017868283,0.0
10,1.0,92,0.021198776684852497,0.0
10,1.0,93,0.01786534408714303,0.0
10,1.0,94,0.016688777478332813,0.0
10,1.0,95,0.019517982026829056,0.0
10,1.0,96,0.019875325218847665,0.0
10,1.0,97,0.020366630579597443,0.0
10,1.0,98,0.021126117699511327,0.0
10,1.0,99,0.021295035645343054,0.0
10,1.0,100,0.024620403790430144,0.0
10,1.0,101,0.01551642611812905,0.0
10,1.0,102,0.019789527870845577,0.0
10,1.0,103,0.020030399120052552,0.0
10,1.0,104,0.022804015304484074,0.0
10,1.0,105,0.026312235318818687,0.0
10,1.0,106,0.027885272513936167,0.0
10,1.0,107,0.024265168382865073,0.0
10,1.0,108,0.023931257663416493,0.0
10,1.0,109,0.024771914200683597,0.0
10,1.0,110,0.022905764924418856,0.0
10,1.0,111,0.022393854509071446,0.0
10,1.0,112,0.02056860578529123,0.0
10,1.0,113,0.01836780517000442,0.0
10,1.0,114,0.024407791697651574,0.0
10,1.0,115,0.023911302333371975,0.0
10,1.0,116,0.019509335850121944,0.0
10,1.0,117,0.02002672736581293,0.0
10,1.0,118,0.024728290355194117,0.0
10,1.0,119,0.023262195138047094,0.0
10,1.0,120,0.025084110671922604,0.0
10,1.0,121,0.019802723306113865,0.0
10,1.0,122,0.019077475330233712,0.0
10,1.0,123,0.020463331381592505,0.0
10,1.0,124,0.020260017568214064,0.0
10,1.0,125,0.020299660034608317,0.0
10,1.0,126,0.02152133109324537,0.0
10,1.0,127,0.021862023755559856,0.0
10,1.0,128,0.02839377030556438,0.0
10,1.0,129,0.023894450834882345,0.0
10,1.0,130,0.020711781199705372,0.0
10,1.0,131,0.017332350112993902,0.0
10,1.0,132,0.019969931628062678,0.0
10,1.0,133,0.018786708790794623,0.0
10,1.0,134,0.022414478761337134,0.0
10,1.0,135,0.01974716226225213,0.0
10,1.0,136,0.02345113185195738,0.0
10,1.0,137,0.02061686030115184,0.0
10,1.0,138,0.019577621501266605,0.0
10,1.0,139,0.020103902298454414,0.0
10,1.0,140,0.016432459549947057,0.0
10,1.0,141,0.016923476983694175,0.0
10,1.0,142,0.017727213310297304,0.0
10,1.0,143,0.02139547596610433,0.0
10,1.0,144,0.022176063620993326,0.0
10,1.0,145,0.02210415731133246,0.0
10,1.0,146,0.02017955254257025,0.0
10,1.0,147,0.02305889637110794,0.0
10,1.0,148,0.02348813131982963,0.0
10,1.0,149,0.02192561592592026,0.0
10,1.0,150,0.015806082682250384,0.0
10,1.0,151,0.022964674471255338,0.0
10,1.0,152,0.024940690552635307,0.0
10,1.0,153,0.024093841589048436,0.0
10,1.0,154,0.01891941108015592,0.0
10,1.0,155,0.019062727943053547,0.0
10,1.0,156,0.017256532794494316,0.0
10,1.0,157,0.01665492428751527,0.0
10,1.0,158,0.020421063107959346,0.0
10,1.0,159,0.023779467914739352,0.0
10,1.0,160,0.021370678923471078,0.0
10,1.0,161,0.020717385805010195,0.0
10,1.0,162,0.01963047901878596,0.0
10,1.0,163,0.02052917817868697,0.0
10,1.0,164,0.02362448286322524,0.0
10,1.0,165,0.025846268487442828,0.0
10,1.0,166,0.02509526186366513,0.0
10,1.0,167,0.030696537240761348,0.0
10,1.0,168,0.024571553056566026,0.0
10,1.0,169,0.022083415812229265,0.0
10,1.0,170,0.026738979905448025,0.0
10,1.0,171,0.018594567599130484,0.0
10,1.0,172,0.01786631996448146,0.0
10,1.0,173,0.01886363306151654,0.0
10,1.0,174,0.020836638721008605,0.0
10,1.0,175,0.023518900626968816,0.0
10,1.0,176,0.022243324132759673,0.0
10,1.0,177,0.022875844253704467,0.0
10,1.0,178,0.02493527624634252,0.0
10,1.0,179,0.019641833904283024,0.0
10,1.0,180,0.020162170362992504,0.0
10,1.0,181,0.018127472861858937,0.0
10,1.0,182,0.02204130135042661,0.0
10,1.0,183,0.021497784773245033,0.0
10,1.0,184,0.019930890966718726,0.0
10,1.0,185,0.020067820978880137,0.0
10,1.0,186,0.014776248986074372,0.0
10,1.0,187,0.018260619272111086,0.0
10,1.0,188,0.017379413998897204,0.0
10,1.0,189,0.013533475702475005,0.0
10,1.0,190,0.01734266332793241,0.0
10,1.0,191,0.019395580198039532,0.0
10,1.0,192,0.018060331178157033,0.0
10,1.0,193,0.01856068938666238,0.0
10,1.0,194,0.019073124988872786,0.0
10,1.0,195,0.017817621147193773,0.0
10,1.0,196,0.019367866097217683,0.0
10,1.0,197,0.01747138462464696,0.0
10,1.0,198,0.01912980441865991,0.0
10,1.0,199,0.022862071145182915,0.0
10,1.0,200,0.016018524644680735,0.0
10,1.0,201,0.020493725776076457,0.0
10,1.0,202,0.02202203479418227,0.0
10,1.0,203,0.023784487045363605,0.0
10,1.0,204,0.020282512185692478,0.0
10,1.0,205,0.02104013400234596,0.0
10,1.0,206,0.0250506277366548,0.0
10,1.0,207,0.022349689492318404,0.0
10,1.0,208,0.02357693536863123,0.0
10,1.0,209,0.021528440948731867,0.0
10,1.0,210,0.022152154394171352,0.0
10,1.0,211,0.028508623944988334,0.0
10,1.0,212,0.019707930146479744,0.0
10,1.0,213,0.017250263281558317,0.0
10,1.0,214,0.01633463189254303,0.0
10,1.0,215,0.020495157490991442,0.0
10,1.0,216,0.023259241630721066,0.0
10,1.0,217,0.02178435972147733,0.0
10,1.0,218,0.01714157219030167,0.0
10,1.0,219,0.018571708544681577,0.0
10,1.0,220,0.020543427154768926,0.0
10,1.0,221,0.016376500336907757,0.0
10,1.0,222,0.016456759006521333,0.0
10,1.0,223,0.02085646360870448,0.0
10,1.0,224,0.0199077947770532,0.0
10,1.0,225,0.022532048510483866,0.0
10,1.0,226,0.020581853788451693,0.0
10,1.0,227,0.017456620155162982,0.0
10,1.0,228,0.024560504773631614,0.0
10,1.0,229,0.02664882734337405,0.0
10,1.0,230,0.02490360287311942,0.0
10,1.0,231,0.02724609159323309,0.0
10,1.0,232,0.02686022027605541,0.0
10,1.0,233,0.021368029322601047,0.0
10,1.0,234,0.021300247250098412,0.0
10,1.0,235,0.020812200349445312,0.0
10,1.0,236,0.02321527309086805,0.0
10,1.0,237,0.025045500073299608,0.0
10,1.0,238,0.02181454968650515,0.0
10,1.0,239,0.02673484514244568,0.0
10,1.0,240,0.021217810514383092,0.0
10,1.0,241,0.018583514867919607,0.0
10,1.0,242,0.02173147273606764,0.0
10,1.0,243,0.019482851502803832,0.0
10,1.0,244,0.023361619960975154,0.0
10,1.0,245,0.02287901911965151,0.0
10,1.0,246,0.02962359500052305,0.0
10,1.0,247,0.02223956373112842,0.0
10,1.0,248,0.020683219274152197,0.0
10,1.0,249,0.02475983513542815,0.0
10,1.0,250,0.018294796091280253,0.0
10,1.0,251,0.014607861959033727,0.0
10,1.0,252,0.016487661359277473,0.0
10,1.0,253,0.02023558746407421,0.0
10,1.0,254,0.021492668970967344,0.0
10,1.0,255,0.021956209834607093,0.0
10,1.0,256,0.02168410654111917,0.0
10,1.0,257,0.019890655390595723,0.0
10,1.0,258,0.017472446460973266,0.0
10,1.0,259,0.020078993879551903,0.0
10,1.0,260,0.025714819946065535,0.0
10,1.0,261,0.025506692565283443,0.0
10,1.0,262,0.019687185746812656,0.0
10,1.0,263,0.019132371770446154,0.0
10,1.0,264,0.018306414488330966,0.0
10,1.0,265,0.017674328503213405,0.0
10,1.0,266,0.021249744572205027,0.0
10,1.0,267,0.0238529967548275,0.0
10,1.0,268,0.0250987950149737,0.0
10,1.0,269,0.021717165434826904,0.0
10,1.0,270,0.01870474115151978,0.0
10,1.0,271,0.017824927186055165,0.0
10,1.0,272,0.024006303381104543,0.0
10,1.0,273,0.018977043074850843,0.0
10,1.0,274,0.019249652032554618,0.0
10,1.0,275,0.018608236162598605,0.0
10,1.0,276,0.019035224420830037,0.0
10,1.0,277,0.02018167543476203,0.0
10,1.0,278,0.020642387211288818,0.0
10,1.0,279,0.019958627022280795,0.0
10,1.0,280,0.022901470541118452,0.0
10,1.0,281,0.021798280256574442,0.0
10,1.0,282,0.01744899783152694,0.0
10,1.0,283,0.014871060667810281,0.0
10,1.0,284,0.018730242176054374,0.0
10,1.0,285,0.020412738549248178,0.0
10,1.0,286,0.02128453830830924,0.0
10,1.0,287,0.02305528255694349,0.0
10,1.0,288,0.0240553417711012,0.0
10,1.0,289,0.024687662494527123,0.0
10,1.0,290,0.02386503181594254,0.0
10,1.0,291,0.024614502514508963,0.0
10,1.0,292,0.0247361989382743,0.0
10,1.0,293,0.025900957127639367,0.0
10,1.0,294,0.02737407909992519,0.0
10,1.0,295,0.021644294714953504,0.0
10,1.0,296,0.0271987743362639,0.0
10,1.0,297,0.02208972995292704,0.0
10,1.0,298,0.02482469416319036,0.0
10,1.0,299,0.024835220547727785,0.0
10,1.0,300,0.02779961595576251,0.0
10,1.0,301,0.020686826110530198,0.0
10,1.0,302,0.022169312814348772,0.0
10,1.0,303,0.016970527192276673,0.0
10,1.0,304,0.017915425570474385,0.0
10,1.0,305,0.014848969784465087,0.0
10,1.0,306,0.016241050274457762,0.0
10,1.0,307,0.01911572623197012,0.0
10,1.0,308,0.020623702120561194,0.0
10,1.0,309,0.02402071472891746,0.0
10,1.0,310,0.031545461682851966,0.0
10,1.0,311,0.03232202665460274,0.0
10,1.0,312,0.026934411291739176,0.0
10,1.0,313,0.022886184984816232,0.0
10,1.0,314,0.02024622154452964,0.0
10,1.0,315,0.017879913917638726,0.0
10,1.0,316,0.016191658364442214,0.0
10,1.0,317,0.016184205068282363,0.0
10,1.0,318,0.019246410930770407,0.0
10,1.0,319,0.020096778973767302,0.0
10,1.0,320,0.017290436095977225,0.0
10,1.0,321,0.018606122192132413,0.0
10,1.0,322,0.01905070677956031,0.0
10,1.0,323,0.016988192070663835,0.0
10,1.0,324,0.014960482753987238,0.0
10,1.0,325,0.01990516783158893,0.0
10,1.0,326,0.019724074216017184,0.0
10,1.0,327,0.0169945325658881,0.0
10,1.0,328,0.017388409635984745,0.0
10,1.0,329,0.02063269722362209,0.0
10,1.0,330,0.019175782100691777,0.0
10,1.0,331,0.018097804251827544,0.0
10,1.0,332,0.018082167296217803,0.0
10,1.0,333,0.01979989961513104,0.0
10,1.0,334,0.019148988983820215,0.0
10,1.0,335,0.02027784856452526,0.0
10,1.0,336,0.017381895893504418,0.0
10,1.0,337,0.014072740266647999,0.0
10,1.0,338,0.011788967539518615,0.0
10,1.0,339,0.0153124750736584,0.0
10,1.0,340,0.014535569448819929,0.0
10,1.0,341,0.014437410687264465,0.0
10,1.0,342,0.01649860746365157,0.0
10,1.0,343,0.014131034767134277,0.0
10,1.0,344,0.02091100725645187,0.0
10,1.0,345,0.021084477109276842,0.0
10,1.0,346,0.022341799042296585,0.0
10,1.0,347,0.019903481700853865,0.0
10,1.0,348,0.028548416582451015,0.0
10,1.0,349,0.03137883661542321,0.0
10,1.0,350,0.031017433230553625,0.0
10,1.0,351,0.021528554392132134,0.0
10,1.0,352,0.02475952557188515,0.0
10,1.0,353,0.02347041529864385,0.0
10,1.0,354,0.02003480280556738,0.0
10,1.0,355,0.020947715220558747,0.0
10,1.0,356,0.018972414765899517,0.0
10,1.0,357,0.019396280504872333,0.0
10,1.0,358,0.018655175417553807,0.0
10,1.0,359,0.01927386330922768,0.0
10,1.0,360,0.017887075336004463,0.0
10,1.0,361,0.019487962062768496,0.0
10,1.0,362,0.01995394187695329,0.0
10,1.0,363,0.019714236543227258,0.0
10,1.0,364,0.01974029748694116,0.0
10,1.0,365,0.01924760310961322,0.0
10,1.0,366,0.016221780769395164,0.0
10,1.0,367,0.015774274717201428,0.0
10,1.0,368,0.018055792539978813,0.0
10,1.0,369,0.01722297641008409,0.0
10,1.0,370,0.018442127080907963,0.0
10,1.0,371,0.021124852613540922,0.0
10,1.0,372,0.01717265361526996,0.0
10,1.0,373,0.01883056501998438,0.0
10,1.0,374,0.017123364452619194,0.0
10,1.0,375,0.019951514486063054,0.0
10,1.0,376,0.024195191232726003,0.0
10,1.0,377,0.018713739064237265,0.0
10,1.0,378,0.021428967830348786,0.0
10,1.0,379,0.01495673125069449,0.0
10,1.0,380,0.018813004437437754,0.0
10,1.0,381,0.02407175691210869,0.0
10,1.0,382,0.023860660355948436,0.0
10,1.0,383,0.023373216773028963,0.0
10,1.0,384,0.01976917827537141,0.0
10,1.0,385,0.022265210331663107,0.0
10,1.0,386,0.016965861043524023,0.0
10,1.0,387,0.019135978022220092,0.0
10,1.0,388,0.019174882162351782,0.0
10,1.0,389,0.01909862371314233,0.0
10,1.0,390,0.015709751919879274,0.0
10,1.0,391,0.019107960996551977,0.0
10,1.0,392,0.014998150742115902,0.0
10,1.0,393,0.01907280640236735,0.0
10,1.0,394,0.022592045650036564,0.0
10,1.0,395,0.02456663931505891,0.0
10,1.0,396,0.020900282400760216,0.0
10,1.0,397,0.022515682940110908,0.0
10,1.0,398,0.01697451831832944,0.0
10,1.0,399,0.018425709147401614,0.0
10,1.0,400,0.02196648813457476,0.0
10,1.0,401,0.02487419159620853,0.0
10,1.0,402,0.019606158779460495,0.0
10,1.0,403,0.024832568033651463,0.0
10,1.0,404,0.019917406434449014,0.0
10,1.0,405,0.018801307668879406,0.0
10,1.0,406,0.022245167553246757,0.0
10,1.0,407,0.016964933266440007,0.0
10,1.0,408,0.02239527822099062,0.0
10,1.0,409,0.02362100649749157,0.0
10,1.0,410,0.023002246367864007,0.0
10,1.0,411,0.02256670471734188,0.0
10,1.0,412,0.020202694797012644,0.0
10,1.0,413,0.019164231796773658,0.0
10,1.0,414,0.01875468890956662,0.0
10,1.0,415,0.016323766630830416,0.0
10,1.0,416,0.0241775959111393,0.0
10,1.0,417,0.018682974258827978,0.0
10,1.0,418,0.015529897808771327,0.0
10,1.0,419,0.01754410994647543,0.0
10,1.0,420,0.024077072666973818,0.0
10,1.0,421,0.024679294277310925,0.0
10,1.0,422,0.02002569103353979,0.0
10,1.0,423,0.0185060992695172,0.0
10,1.0,424,0.02257893512229872,0.0
10,1.0,425,0.018569023581181267,0.0
10,1.0,426,0.01846535340282072,0.0
10,1.0,427,0.015342616906895003,0.0
10,1.0,428,0.01872726817682086,0.0
10,1.0,429,0.017502603372259194,0.0
10,1.0,430,0.020853291339167575,0.0
10,1.0,431,0.02151333693783062,0.0
10,1.0,432,0.02167846609627337,0.0
10,1.0,433,0.022119061615630174,0.0
10,1.0,434,0.01940614058682726,0.0
10,1.0,435,0.017767051073472043,0.0
10,1.0,436,0.021662192629556484,0.0
10,1.0,437,0.018572058998025137,0.0
10,1.0,438,0.021391034524403357,0.0
10,1.0,439,0.018650017379330378,0.0
10,1.0,440,0.018268618306750445,0.0
10,1.0,441,0.021412547453790017,0.0
10,1.0,442,0.021074363795605768,0.0
10,1.0,443,0.019220466446007584,0.0
10,1.0,444,0.017305577690754068,0.0
10,1.0,445,0.017563336225793817,0.0
10,1.0,446,0.02239558652522796,0.0
10,1.0,447,0.020606418428222386,0.0
10,1.0,448,0.024740460081500822,0.0
10,1.0,449,0.02505560622672436,0.0
10,1.0,450,0.026027787276373556,0.0
10,1.0,451,0.021443572881033615,0.0
10,1.0,452,0.018804593761229033,0.0
10,1.0,453,0.019149593679026033,0.0
10,1.0,454,0.019825132938729274,0.0
10,1.0,455,0.022858228662389596,0.0
10,1.0,456,0.030307036273692533,0.0
10,1.0,457,0.027457526582942305,0.0
10,1.0,458,0.027077510367041834,0.0
10,1.0,459,0.024299162696634288,0.0
10,1.0,460,0.023905745163111534,0.0
10,1.0,461,0.022840545535626543,0.0
10,1.0,462,0.028448903312878072,0.0
10,1.0,463,0.027501656246699476,0.0
10,1.0,464,0.023349705959520625,0.0
10,1.0,465,0.023408737324799655,0.0
10,1.0,466,0.02407561143571206,0.0
10,1.0,467,0.0241753926020109,0.0
10,1.0,468,0.028546284395438572,0.0
10,1.0,469,0.026030173800019606,0.0
10,1.0,470,0.02211983677366335,0.0
10,1.0,471,0.023315566603979626,0.0
10,1.0,472,0.016472184511832647,0.0
10,1.0,473,0.01549713199025216,0.0
10,1.0,474,0.021735749272467363,0.0
10,1.0,475,0.027110522796622506,0.0
10,1.0,476,0.02594099732922249,0.0
10,1.0,477,0.022872708031333566,0.0
10,1.0,478,0.017741115911258362,0.0
10,1.0,479,0.017173010917009176,0.0
10,1.0,480,0.01622947513891618,0.0
10,1.0,481,0.019127336668169664,0.0
10,1.0,482,0.017950489503248946,0.0
10,1.0,483,0.019997674599936944,0.0
10,1.0,484,0.021624145241582408,0.0
10,1.0,485,0.019694692574132977,0.0
10,1.0,486,0.023410207916524244,0.0
10,1.0,487,0.01990786090112169,0.0
10,1.0,488,0.020596742234769053,0.0
10,1.0,489,0.020062548684338797,0.0
10,1.0,490,0.01831621810436981,0.0
10,1.0,491,0.01981897572557552,0.0
10,1.0,492,0.018710029887814603,0.0
10,1.0,493,0.020031869590247626,0.0
10,1.0,494,0.017872887022065857,0.0
10,1.0,495,0.018020732217654076,0.0
10,1.0,496,0.016205863869501225,0.0
10,1.0,497,0.017533336654544505,0.0
10,1.0,498,0.022689989982164604,0.0
10,1.0,499,0.021811913280243022,0.0
10,1.0,500,0.021291254352373466,0.0
12,0.0,0,0.08880917264189807,0.0
12,0.0,1,0.05588737593471742,0.0
12,0.0,2,0.05133378107716083,0.0
12,0.0,3,0.0418439019066934,0.0
12,0.0,4,0.04191060565130129,0.0
12,0.0,5,0.04087490722135456,0.0
12,0.0,6,0.03142993372425798,0.0
12,0.0,7,0.02928803436918951,0.0
12,0.0,8,0.0384780814073071,0.0
12,0.0,9,0.043305338870386706,0.0
12,0.0,10,0.045147609649425414,0.0
12,0.0,11,0.04256816044494654,0.0
12,0.0,12,0.04738654466961876,0.0
12,0.0,13,0.04767791639426386,0.0
12,0.0,14,0.0530848528455772,0.0
12,0.0,15,0.05205389152577822,0.0
12,0.0,16,0.05299636208932995,0.0
12,0.0,17,0.043791337983208625,0.0
12,0.0,18,0.040889493738695847,0.0
12,0.0,19,0.048419675060811844,0.0
12,0.0,20,0.045878633995826625,0.0
12,0.0,21,0.03698630794613111,0.0
12,0.0,22,0.04307525765468252,0.0
12,0.0,23,0.04475081517455334,0.0
12,0.0,24,0.03783403069636785,0.0
12,0.0,25,0.03337406906757133,0.0
12,0.0,26,0.03610830852716655,0.0
12,0.0,27,0.03961020751022532,0.0
12,0.0,28,0.04055836721183902,0.0
12,0.0,29,0.03725191697380874,0.0
12,0.0,30,0.04169362663161054,0.0
12,0.0,31,0.03625919071701963,0.0
12,0.0,32,0.03744390872133946,0.0
12,0.0,33,0.04586516651817092,0.0
12,0.0,34,0.04422843167421387,0.0
12,0.0,35,0.04211073899420974,0.0
12,0.0,36,0.04185753272318604,0.0
12,0.0,37,0.041546151899719795,0.0
12,0.0,38,0.041032944858986786,0.0
12,0.0,39,0.041072856870482205,0.0
12,0.0,40,0.03442701155406438,0.0
12,0.0,41,0.03610172351687999,0.0
12,0.0,42,0.030467022445294333,0.0
12,0.0,43,0.029007944355452207,0.0
12,0.0,44,0.03862641115517585,0.0
12,0.0,45,0.03757734283577252,0.0
12,0.0,46,0.04062824718160873,0.0
12,0.0,47,0.035610789603118705,0.0
12,0.0,48,0.03394577455781908,0.0
12,0.0,49,0.034318907030894366,0.0
12,0.0,50,0.03385609531060795,0.0
12,0.0,51,0.03365506882219786,0.0
12,0.0,52,0.02594592901214794,0.0
12,0.0,53,0.029853413528895357,0.0
12,0.0,54,0.03195784552410012,0.0
12,0.0,55,0.027835217874577992,0.0
12,0.0,56,0.02982705613954644,0.0
12,0.0,57,0.03063592795902466,0.0
12,0.0,58,0.02358087009838318,0.0
12,0.0,59,0.02646206563961846,0.0
12,0.0,60,0.02790372153347683,0.0
12,0.0,61,0.028626693472121004,0.0
12,0.0,62,0.027838166914545846,0.0
12,0.0,63,0.022476043953937066,0.0
12,0.0,64,0.020607062951544054,0.0
12,0.0,65,0.018595467213304937,0.0
12,0.0,66,0.02425365756157293,0.0
12,0.0,67,0.024561859848172968,0.0
12,0.0,68,0.02035891623856659,0.0
12,0.0,69,0.019072297070928973,0.0
12,0.0,70,0.017516663545510916,0.0
12,0.0,71,0.024452997580092003,0.0
12,0.0,72,0.028943780870662537,0.0
12,0.0,73,0.026328830293548173,0.0
12,0.0,74,0.03083252290058553,0.0
12,0.0,75,0.029107976081152554,0.0
12,0.0,76,0.02757898180986848,0.0
12,0.0,77,0.027414358512891743,0.0
12,0.0,78,0.03262235609645543,0.0
12,0.0,79,0.03112008103211042,0.0
12,0.0,80,0.03290279555436615,0.0
12,0.0,81,0.03016357637112605,0.0
12,0.0,82,0.03688689513166842,0.0
12,0.0,83,0.028882422200304233,0.0
12,0.0,84,0.030689619407321754,0.0
12,0.0,85,0.03084832259929192,0.0
12,0.0,86,0.029748584754093498,0.0
12,0.0,87,0.02577262531734748,0.0
12,0.0,88,0.026473509989189025,0.0
12,0.0,89,0.025604890172586117,0.0
12,0.0,90,0.028814427726501793,0.0
12,0.0,91,0.03278688528038156,0.0
12,0.0,92,0.03680626989951147,0.0
12,0.0,93,0.03635960226595735,0.0
12,0.0,94,0.039036539595536185,0.0
12,0.0,95,0.035051150163458666,0.0
12,0.0,96,0.03336358979906975,0.0
12,0.0,97,0.03422318853318885,0.0
12,0.0,98,0.030882429046609337,0.0
12,0.0,99,0.03504460976185304,0.0
12,0.0,100,0.02874985476747954,0.0
12,0.0,101,0.02824979455665355,0.0
12,0.0,102,0.03182470058685536,0.0
12,0.0,103,0.02527051327382617,0.0
12,0.0,104,0.027718692357084743,0.0
12,0.0,105,0.02700946896274532,0.0
12,0.0,106,0.028208054845432328,0.0
12,0.0,107,0.022750400848723706,0.0
12,0.0,108,0.020990421611625284,0.0
12,0.0,109,0.021874637554132343,0.0
12,0.0,110,0.02446132711329615,0.0
12,0.0,111,0.025808422704245472,0.0
12,0.0,112,0.021776286281879144,0.0
12,0.0,113,0.02115868092528385,0.0
12,0.0,114,0.02243719952110286,0.0
12,0.0,115,0.02394292952475445,0.0
12,0.0,116,0.025901656153021434,0.0
12,0.0,117,0.021827138685130483,0.0
12,0.0,118,0.020560562277241633,0.0
12,0.0,119,0.02241436097461075,0.0
12,0.0,120,0.020014351406030816,0.0
12,0.0,121,0.01917940405558145,0.0
12,0.0,122,0.019908087750246044,0.0
12,0.0,123,0.02094940206450611,0.0
12,0.0,124,0.02134724029515897,0.0
12,0.0,125,0.018383401486792864,0.0
12,0.0,126,0.02277822308728838,0.0
12,0.0,127,0.02118557201851742,0.0
12,0.0,128,0.020087175678578144,0.0
12,0.0,129,0.023344502036281353,0.0
12,0.0,130,0.021357556704052646,0.0
12,0.0,131,0.024971210885185086,0.0
12,0.0,132,0.017785867232653612,0.0
12,0.0,133,0.018676597805076054,0.0
12,0.0,134,0.021834457288179482,0.0
12,0.0,135,0.024724396662881398,0.0
12,0.0,136,0.02815127883567379,0.0
12,0.0,137,0.03231407017281346,0.0
12,0.0,138,0.030132445185614188,0.0
12,0.0,139,0.029012801509334506,0.0
12,0.0,140,0.03188370684575637,0.0
12,0.0,141,0.023168177780897935,0.0
12,0.0,142,0.02411466790774057,0.0
12,0.0,143,0.02293384079929417,0.0
12,0.0,144,0.02797756599604824,0.0
12,0.0,145,0.026697221380121646,0.0
12,0.0,146,0.03338389285194261,0.0
12,0.0,147,0.03343978558058324,0.0
12,0.0,148,0.03301021442795687,0.0
12,0.0,149,0.03139549108276237,0.0
12,0.0,150,0.02954346422563408,0.0
12,0.0,151,0.031190305968019482,0.0
12,0.0,152,0.029998034248735782,0.0
12,0.0,153,0.0301329447474069,0.0
12,0.0,154,0.041776766785667344,0.0
12,0.0,155,0.03755452431664339,0.0
12,0.0,156,0.034362469587920684,0.0
12,0.0,157,0.035550167355656546,0.0
12,0.0,158,0.04004673204007912,0.0
12,0.0,159,0.04000320615812724,0.0
12,0.0,160,0.03999478492909865,0.0
12,0.0,161,0.04080667522710927,0.0
12,0.0,162,0.04084315425216371,0.0
12,0.0,163,0.04274355430275043,0.0
12,0.0,164,0.05034920835574548,0.0
12,0.0,165,0.0570194157458879,0.0
12,0.0,166,0.058813274959443794,0.0
12,0.0,167,0.05004286520389476,0.0
12,0.0,168,0.04595314360784835,0.0
12,0.0,169,0.04437404999548275,0.0
12,0.0,170,0.04417545950040579,0.0
12,0.0,171,0.044837850114472264,0.0
12,0.0,172,0.04510528324577333,0.0
12,0.0,173,0.0404517201339432,0.0
12,0.0,174,0.04240346308687015,0.0
12,0.0,175,0.02849988264122589,0.0
12,0.0,176,0.03274635849913322,0.0
12,0.0,177,0.02823144380030755,0.0
12,0.0,178,0.024823542312044436,0.0
12,0.0,179,0.02347389512440544,0.0
12,0.0,180,0.032261881502930884,0.0
12,0.0,181,0.026930019833981488,0.0
12,0.0,182,0.023270005999160244,0.0
12,0.0,183,0.022968958051024745,0.0
12,0.0,184,0.02721213738884477,0.0
12,0.0,185,0.028621236138290124,0.0
12,0.0,186,0.03830852104538377,0.0
12,0.0,187,0.03923222282131563,0.0
12,0.0,188,0.039765300202292554,0.0
12,0.0,189,0.03957239408378991,0.0
12,0.0,190,0.038664797949605145,0.0
12,0.0,191,0.03663726361598656,0.0
12,0.0,192,0.03606308005325694,0.0
12,0.0,193,0.042890603164683364,0.0
12,0.0,194,0.04815118025015188,0.0
12,0.0,195,0.04467012094239535,0.0
12,0.0,196,0.04330978373431631,0.0
12,0.0,197,0.0352946200514743,0.0
12,0.0,198,0.028040266136078552,0.0
12,0.0,199,0.033897369414812896,0.0
12,0.0,200,0.027823181376033713,0.0
12,0.0,201,0.030569545319306782,0.0
12,0.0,202,0.026146889007622902,0.0
12,0.0,203,0.024567133382973404,0.0
12,0.0,204,0.019587145855686067,0.0
12,0.0,205,0.025571603010098008,0.0
12,0.0,206,0.022199600901842583,0.0
12,0.0,207,0.023018793762113333,0.0
12,0.0,208,0.023403569912402392,0.0
12,0.0,209,0.020542670414086063,0.0
12,0.0,210,0.023020822860135372,0.0
12,0.0,211,0.02449169216055663,0.0
12,0.0,212,0.02471348733378753,0.0
12,0.0,213,0.02175215745522784,0.0
12,0.0,214,0.024951691597221694,0.0
12,0.0,215,0.026416640720682383,0.0
12,0.0,216,0.022980094459544863,0.0
12,0.0,217,0.027405259184546015,0.0
12,0.0,218,0.02967051869814574,0.0
12,0.0,219,0.023871442962746153,0.0
12,0.0,220,0.02803736420526107,0.0
12,0.0,221,0.023926747507373114,0.0
12,0.0,222,0.02540744270212404,0.0
12,0.0,223,0.02825085194304895,0.0
12,0.0,224,0.029455600979070528,0.0
12,0.0,225,0.028964566349685174,0.0
12,0.0,226,0.029541630172647146,0.0
12,0.0,227,0.03061767061362611,0.0
12,0.0,228,0.02822824341573577,0.0
12,0.0,229,0.029900176435053844,0.0
12,0.0,230,0.03020508559630561,0.0
12,0.0,231,0.03291755452480063,0.0
12,0.0,232,0.030112887482676563,0.0
12,0.0,233,0.0278510524814133,0.0
12,0.0,234,0.026110265467191907,0.0
12,0.0,235,0.029265836722628707,0.0
12,0.0,236,0.02144507491638424,0.0
12,0.0,237,0.017193844982936034,0.0
12,0.0,238,0.017494720496002526,0.0
12,0.0,239,0.019677134197674917,0.0
12,0.0,240,0.01788838224144419,0.0
12,0.0,241,0.019420069121562186,0.0
12,0.0,242,0.01842988722170363,0.0
12,0.0,243,0.023309590452786248,0.0
12,0.0,244,0.018944638308915084,0.0
12,0.0,245,0.0207490242737433,0.0
12,0.0,246,0.02136540572675015,0.0
12,0.0,247,0.022062621146975932,0.0
12,0.0,248,0.023159974929507256,0.0
12,0.0,249,0.017602493732947463,0.0
12,0.0,250,0.015457558766820827,0.0
12,0.0,251,0.018598614498463856,0.0
12,0.0,252,0.026334919325121327,0.0
12,0.0,253,0.02211691837623694,0.0
12,0.0,254,0.023734171544912325,0.0
12,0.0,255,0.023727984983753704,0.0
12,0.0,256,0.022813038222423893,0.0
12,0.0,257,0.022822724661828723,0.0
12,0.0,258,0.023368520564499704,0.0
12,0.0,259,0.02491144597052784,0.0
12,0.0,260,0.021879014529545823,0.0
12,0.0,261,0.017514123281682174,0.0
12,0.0,262,0.01505045700588568,0.0
12,0.0,263,0.019115290329172717,0.0
12,0.0,264,0.020481031538788816,0.0
12,0.0,265,0.01982719664010891,0.0
12,0.0,266,0.02415979607838086,0.0
12,0.0,267,0.023753951823784546,0.0
12,0.0,268,0.02900727303346632,0.0
12,0.0,269,0.03670668182321358,0.0
12,0.0,270,0.028209739746380972,0.0
12,0.0,271,0.026437030923010287,0.0
12,0.0,272,0.026213525009019766,0.0
12,0.0,273,0.03212455174136858,0.0
12,0.0,274,0.03155003601243804,0.0
12,0.0,275,0.030552399881456607,0.0
12,0.0,276,0.028396519302697185,0.0
12,0.0,277,0.02653635595977204,0.0
12,0.0,278,0.033172194815498074,0.0
12,0.0,279,0.0344484673647587,0.0
12,0.0,280,0.038243765494365,0.0
12,0.0,281,0.03847265831306708,0.0
12,0.0,282,0.034942998609626116,0.0
12,0.0,283,0.028260178384884482,0.0
12,0.0,284,0.03215589336393815,0.0
12,0.0,285,0.02670277641519102,0.0
12,0.0,286,0.028336484718087477,0.0
12,0.0,287,0.03169874757926188,0.0
12,0.0,288,0.030762425356663816,0.0
12,0.0,289,0.024732727655488635,0.0
12,0.0,290,0.024401465756963125,0.0
12,0.0,291,0.026110855667497893,0.0
12,0.0,292,0.026200649270796725,0.0
12,0.0,293,0.026022201227054488,0.0
12,0.0,294,0.026637944696903962,0.0
12,0.0,295,0.02438588555417728,0.0
12,0.0,296,0.022150433634449174,0.0
12,0.0,297,0.02745987964692682,0.0
12,0.0,298,0.030964333858486882,0.0
12,0.0,299,0.030998576258240974,0.0
12,0.0,300,0.029611507822363173,0.0
12,0.0,301,0.030772981630456938,0.0
12,0.0,302,0.03108805703922776,0.0
12,0.0,303,0.02578593787630758,0.0
12,0.0,304,0.026901250177716954,0.0
12,0.0,305,0.031793652906797795,0.0
12,0.0,306,0.035923721014007245,0.0
12,0.0,307,0.02939734572280725,0.0
12,0.0,308,0.02930845109392579,0.0
12,0.0,309,0.031264833967092745,0.0
12,0.0,310,0.030090769817801895,0.0
12,0.0,311,0.026528074033545006,0.0
12,0.0,312,0.03128529912110078,0.0
12,0.0,313,0.029856877651670454,0.0
12,0.0,314,0.032812564184083896,0.0
12,0.0,315,0.026040162837074138,0.0
12,0.0,316,0.0385669455831858,0.0
12,0.0,317,0.04964802169177696,0.0
12,0.0,318,0.05399082022989492,0.0
12,0.0,319,0.0513015316077614,0.0
12,0.0,320,0.05013003544314393,0.0
12,0.0,321,0.039383952911972234,0.0
12,0.0,322,0.028189746390917245,0.0
12,0.0,323,0.02995687255778956,0.0
12,0.0,324,0.03200228577195887,0.0
12,0.0,325,0.03921472375429723,0.0
12,0.0,326,0.037671807217962414,0.0
12,0.0,327,0.03967999043144292,0.0
12,0.0,328,0.03834372499710373,0.0
12,0.0,329,0.042186524679044816,0.0
12,0.0,330,0.04447814299796913,0.0
12,0.0,331,0.04719643560473136,0.0
12,0.0,332,0.046802731043531345,0.0
12,0.0,333,0.04379537109347353,0.0
12,0.0,334,0.039553274013432206,0.0
12,0.0,335,0.04104386575956021,0.0
12,0.0,336,0.047638458544114,0.0
12,0.0,337,0.04180380928953009,0.0
12,0.0,338,0.04333413441098346,0.0
12,0.0,339,0.04574321212931179,0.0
12,0.0,340,0.05556035573001242,0.0
12,0.0,341,0.052968320169140916,0.0
12,0.0,342,0.05691009097504874,0.0
12,0.0,343,0.05418302667489486,0.0
12,0.0,344,0.05691586416126862,0.0
12,0.0,345,0.06150548185198421,0.0
12,0.0,346,0.06446699712234807,0.0
12,0.0,347,0.054394234297708025,0.0
12,0.0,348,0.04376350551738378,0.0
12,0.0,349,0.04080025723596764,0.0
12,0.0,350,0.04536708959508469,0.0
12,0.0,351,0.046287460687598994,0.0
12,0.0,352,0.04379593380520309,0.0
12,0.0,353,0.04702970733621752,0.0
12,0.0,354,0.0467757092807811,0.0
12,0.0,355,0.04873012907549126,0.0
12,0.0,356,0.04555140297829466,0.0
12,0.0,357,0.04455334259451706,0.0
12,0.0,358,0.04494713080872704,0.0
12,0.0,359,0.04699054794290212,0.0
12,0.0,360,0.048307889630068865,0.0
12,0.0,361,0.051763095872172905,0.0
12,0.0,362,0.06157521151049881,0.0
12,0.0,363,0.06053618893533645,0.0
12,0.0,364,0.0602404743986489,0.0
12,0.0,365,0.05725026756724124,0.0
12,0.0,366,0.056929790617389585,0.0
12,0.0,367,0.0470836367444759,0.0
12,0.0,368,0.03722408544316604,0.0
12,0.0,369,0.03644817420441532,0.0
12,0.0,370,0.03726813903220607,0.0
12,0.0,371,0.03610276712148203,0.0
12,0.0,372,0.03755530800838704,0.0
12,0.0,373,0.04175734461512663,0.0
12,0.0,374,0.04141704459421478,0.0
12,0.0,375,0.037102812055709776,0.0
12,0.0,376,0.035725350859128306,0.0
12,0.0,377,0.03344800317876445,0.0
12,0.0,378,0.03506384039502601,0.0
12,0.0,379,0.03232932290005558,0.0
12,0.0,380,0.030454980270622056,0.0
12,0.0,381,0.04180803724608267,0.0
12,0.0,382,0.03470427564613168,0.0
12,0.0,383,0.033761656826723566,0.0
12,0.0,384,0.03259992291616695,0.0
12,0.0,385,0.030276863493292918,0.0
12,0.0,386,0.03243432099657902,0.0
12,0.0,387,0.03414730677455525,0.0
12,0.0,388,0.02764727070374765,0.0
12,0.0,389,0.031363806442505665,0.0
12,0.0,390,0.032376570415803226,0.0
12,0.0,391,0.03571212964727448,0.0
12,0.0,392,0.03410888430821283,0.0
12,0.0,393,0.039637409810829485,0.0
12,0.0,394,0.03659451179814888,0.0
12,0.0,395,0.0345722573972993,0.0
12,0.0,396,0.038377984383112955,0.0
12,0.0,397,0.03843604227089544,0.0
12,0.0,398,0.04127745077951774,0.0
12,0.0,399,0.039219521411098995,0.0
12,0.0,400,0.042959047867528966,0.0
12,0.0,401,0.041758859640050855,0.0
12,0.0,402,0.03777856582476773,0.0
12,0.0,403,0.03832872350377713,0.0
12,0.0,404,0.03815245455586842,0.0
12,0.0,405,0.04174200779185849,0.0
12,0.0,406,0.04583977002159312,0.0
12,0.0,407,0.039311396237403,0.0
12,0.0,408,0.03674292926270307,0.0
12,0.0,409,0.030104505027032165,0.0
12,0.0,410,0.027680059309691654,0.0
12,0.0,411,0.03303993382894651,0.0
12,0.0,412,0.039979973948697525,0.0
12,0.0,413,0.03890035154889013,0.0
12,0.0,414,0.030558699414315292,0.0
12,0.0,415,0.032901086061892584,0.0
12,0.0,416,0.0322960277627908,0.0
12,0.0,417,0.03548705098412909,0.0
12,0.0,418,0.041571308370513024,0.0
12,0.0,419,0.040013980923903514,0.0
12,0.0,420,0.040287679997975084,0.0
12,0.0,421,0.03529044707967597,0.0
12,0.0,422,0.032164929440863674,0.0
12,0.0,423,0.030625920814829996,0.0
12,0.0,424,0.03642431346019827,0.0
12,0.0,425,0.038006784355475894,0.0
12,0.0,426,0.03822362564619298,0.0
12,0.0,427,0.044073121681017374,0.0
12,0.0,428,0.04750446173402741,0.0
12,0.0,429,0.03896517065471834,0.0
12,0.0,430,0.04201621503344796,0.0
12,0.0,431,0.03961181683985537,0.0
12,0.0,432,0.047632504396698375,0.0
12,0.0,433,0.04778846155204854,0.0
12,0.0,434,0.042253410611019414,0.0
12,0.0,435,0.042620962282427996,0.0
12,0.0,436,0.043137945323379216,0.0
12,0.0,437,0.04430348477198802,0.0
12,0.0,438,0.04625532932552878,0.0
12,0.0,439,0.04486327896081582,0.0
12,0.0,440,0.04073118268392311,0.0
12,0.0,441,0.0352415033953845,0.0
12,0.0,442,0.03716178934908468,0.0
12,0.0,443,0.029093512669960367,0.0
12,0.0,444,0.030914598256284904,0.0
12,0.0,445,0.03335172107214881,0.0
12,0.0,446,0.030771877997800665,0.0
12,0.0,447,0.032525813293596884,0.0
12,0.0,448,0.034216118326502246,0.0
12,0.0,449,0.03471804328563303,0.0
12,0.0,450,0.03215770698127747,0.0
12,0.0,451,0.03859307467958825,0.0
12,0.0,452,0.033828119245190774,0.0
12,0.0,453,0.03283162961236415,0.0
12,0.0,454,0.034458629001146705,0.0
12,0.0,455,0.03485438961108263,0.0
12,0.0,456,0.031799111540573875,0.0
12,0.0,457,0.024808032865730332,0.0
12,0.0,458,0.028588667466155057,0.0
12,0.0,459,0.0262590591510561,0.0
12,0.0,460,0.03235345107379084,0.0
12,0.0,461,0.034588727800617745,0.0
12,0.0,462,0.03643612541417435,0.0
12,0.0,463,0.028731269041703054,0.0
12,0.0,464,0.033149566379871674,0.0
12,0.0,465,0.03133687391870246,0.0
12,0.0,466,0.031230353972437574,0.0
12,0.0,467,0.030440724406040055,0.0
12,0.0,468,0.029748030814654235,0.0
12,0.0,469,0.025288841040204613,0.0
12,0.0,470,0.028362026548713556,0.0
12,0.0,471,0.02852290695572033,0.0
12,0.0,472,0.02645792591737155,0.0
12,0.0,473,0.034395972804394666,0.0
12,0.0,474,0.03482684156104089,0.0
12,0.0,475,0.033061950162044176,0.0
12,0.0,476,0.031092102338702295,0.0
12,0.0,477,0.03954139843491645,0.0
12,0.0,478,0.030210776125406714,0.0
12,0.0,479,0.02836161198828015,0.0
12,0.0,480,0.01928600698080231,0.0
12,0.0,481,0.025336498692879385,0.0
12,0.0,482,0.0273803337821653,0.0
12,0.0,483,0.020471284039064216,0.0
12,0.0,484,0.02201342923737731,0.0
12,0.0,485,0.01911687317891994,0.0
12,0.0,486,0.019941774245613747,0.0
12,0.0,487,0.014069439393477198,0.0
12,0.0,488,0.019772658942777733,0.0
12,0.0,489,0.022904832623759037,0.0
12,0.0,490,0.019800232615368302,0.0
12,0.0,491,0.020059577054927273,0.0
12,0.0,492,0.01994944834160153,0.0
12,0.0,493,0.023602773467766354,0.0
12,0.0,494,0.03019435880694799,0.0
12,0.0,495,0.03973263610928144,0.0
12,0.0,496,0.03888601975083554,0.0
12,0.0,497,0.03765041154227691,0.0
12,0.0,498,0.03445297748432531,0.0
12,0.0,499,0.03157951330922442,0.0
12,0.0,500,0.02785712223475922,0.0
12,0.01,0,0.08196893924002492,0.0
12,0.01,1,0.048946573655624166,0.0
12,0.01,2,0.03151007441813107,0.0
12,0.01,3,0.025635572652398807,0.0
12,0.01,4,0.02413098047919039,0.0
12,0.01,5,0.023107847707589585,0.0
12,0.01,6,0.02183775775981173,0.0
12,0.01,7,0.018729246711254373,0.0
12,0.01,8,0.02821870722272011,0.0
12,0.01,9,0.030147327852073302,0.0
12,0.01,10,0.023911823429201576,0.0
12,0.01,11,0.02821921969900742,0.0
12,0.01,12,0.029787269928211724,0.0
12,0.01,13,0.026188993022559486,0.0
12,0.01,14,0.024753211133942535,0.0
12,0.01,15,0.018746189167131,0.0
12,0.01,16,0.021471401087972745,0.0
12,0.01,17,0.03025645340928547,0.0
12,0.01,18,0.02815260092541845,0.0
12,0.01,19,0.03518175871027985,0.0
12,0.01,20,0.03243144429961691,0.0
12,0.01,21,0.04014611962579512,0.0
12,0.01,22,0.036192870995873705,0.0
12,0.01,23,0.03527728450901197,0.0
12,0.01,24,0.04109325397884836,0.0
12,0.01,25,0.03808629139211786,0.0
12,0.01,26,0.04069472175716968,0.0
12,0.01,27,0.040396563184624146,0.0
12,0.01,28,0.04295860452385307,0.0
12,0.01,29,0.03972498336736549,0.0
12,0.01,30,0.040734534657001456,0.0
12,0.01,31,0.04037253236917742,0.0
12,0.01,32,0.03203583306667706,0.0
12,0.01,33,0.03778423124715304,0.0
12,0.01,34,0.03638519209492366,0.0
12,0.01,35,0.0338938214495868,0.0
12,0.01,36,0.033400550731491195,0.0
12,0.01,37,0.036371172364938434,0.0
12,0.01,38,0.036483601915738385,0.0
12,0.01,39,0.034231247591223965,0.0
12,0.01,40,0.03529665049320102,0.0
12,0.01,41,0.03155745778532557,0.0
12,0.01,42,0.030077967803666544,0.0
12,0.01,43,0.034502576879934244,0.0
12,0.01,44,0.02578316250555531,0.0
12,0.01,45,0.025686855944223385,0.0
12,0.01,46,0.03581660227216665,0.0
12,0.01,47,0.024976074317487527,0.0
12,0.01,48,0.024497644562214343,0.0
12,0.01,49,0.029020556705553452,0.0
12,0.01,50,0.027674166340481234,0.0
12,0.01,51,0.03386729885972077,0.0
12,0.01,52,0.043746888945941545,0.0
12,0.01,53,0.045647331472022525,0.0
12,0.01,54,0.038435106591642884,0.0
12,0.01,55,0.033881258630545315,0.0
12,0.01,56,0.025090418109991797,0.0
12,0.01,57,0.029005047256865465,0.0
12,0.01,58,0.03149412003994214,0.0
12,0.01,59,0.034934988792488665,0.0
12,0.01,60,0.03555045736928276,0.0
12,0.01,61,0.03727941858945534,0.0
12,0.01,62,0.03602572907235336,0.0
12,0.01,63,0.04073764780011116,0.0
12,0.01,64,0.030727886014472773,0.0
12,0.01,65,0.03182985926126521,0.0
12,0.01,66,0.032985730756781406,0.0
12,0.01,67,0.03711122028044679,0.0
12,0.01,68,0.03897900971967981,0.0
12,0.01,69,0.033423160840084586,0.0
12,0.01,70,0.03553249978442271,0.0
12,0.01,71,0.03474843949955228,0.0
12,0.01,72,0.02960674592973406,0.0
12,0.01,73,0.030239789001862354,0.0
12,0.01,74,0.03221215497643379,0.0
12,0.01,75,0.033814217615398774,0.0
12,0.01,76,0.03226852321993683,0.0
12,0.01,77,0.037486050893194324,0.0
12,0.01,78,0.039436144038188056,0.0
12,0.01,79,0.03982814610148461,0.0
12,0.01,80,0.046000549610386375,0.0
12,0.01,81,0.047977969463322945,0.0
12,0.01,82,0.04422706847135661,0.0
12,0.01,83,0.040355230957868,0.0
12,0.01,84,0.04214892996757914,0.0
12,0.01,85,0.034701208482400374,0.0
12,0.01,86,0.03839198644137555,0.0
12,0.01,87,0.04326074679323555,0.0
12,0.01,88,0.04165876992778478,0.0
12,0.01,89,0.029401994310410066,0.0
12,0.01,90,0.03119590057174793,0.0
12,0.01,91,0.0323992466001991,0.0
12,0.01,92,0.03097034912014166,0.0
12,0.01,93,0.029606622856950513,0.0
12,0.01,94,0.0231589359865752,0.0
12,0.01,95,0.023075312522417395,0.0
12,0.01,96,0.031384046945493974,0.0
12,0.01,97,0.03182999447950428,0.0
12,0.01,98,0.03568370907756111,0.0
12,0.01,99,0.034802545879930535,0.0
12,0.01,100,0.041452115009972014,0.0
12,0.01,101,0.03837945746119398,0.0
12,0.01,102,0.038935205933846084,0.0
12,0.01,103,0.03469999302578173,0.0
12,0.01,104,0.034729860461446396,0.0
12,0.01,105,0.030578164302469058,0.0
12,0.01,106,0.028345220080721725,0.0
12,0.01,107,0.026877184321292567,0.0
12,0.01,108,0.02721414485947931,0.0
12,0.01,109,0.024189887913119146,0.0
12,0.01,110,0.019352059477364517,0.0
12,0.01,111,0.020974263707037987,0.0
12,0.01,112,0.024513237067705605,0.0
12,0.01,113,0.020846542292869558,0.0
12,0.01,114,0.028952518534836682,0.0
12,0.01,115,0.027464286093195556,0.0
12,0.01,116,0.033240317735788685,0.0
12,0.01,117,0.03721627314768475,0.0
12,0.01,118,0.03734303877492528,0.0
12,0.01,119,0.029867932053389796,0.0
12,0.01,120,0.029398326150644142,0.0
12,0.01,121,0.02462134014295672,0.0
12,0.01,122,0.03246152722706217,0.0
12,0.01,123,0.03861599140024409,0.0
12,0.01,124,0.03944388597545589,0.0
12,0.01,125,0.037363563842993636,0.0
12,0.01,126,0.027317959958995202,0.0
12,0.01,127,0.030448564710974343,0.0
12,0.01,128,0.03197414446080456,0.0
12,0.01,129,0.03658161181376261,0.0
12,0.01,130,0.030732842400596608,0.0
12,0.01,131,0.03347162788844295,0.0
12,0.01,132,0.03579950347517809,0.0
12,0.01,133,0.03506841099652548,0.0
12,0.01,134,0.03278599327692144,0.0
12,0.01,135,0.031116200994346536,0.0
12,0.01,136,0.032814857653754234,0.0
12,0.01,137,0.026069226034313487,0.0
12,0.01,138,0.026843765174240686,0.0
12,0.01,139,0.024809043431211562,0.0
12,0.01,140,0.026189827803541163,0.0
12,0.01,141,0.024203460523837057,0.0
12,0.01,142,0.023076740084276817,0.0
12,0.01,143,0.019648741089405748,0.0
12,0.01,144,0.02099739801125763,0.0
12,0.01,145,0.020311297128294957,0.0
12,0.01,146,0.0207301147575448,0.0
12,0.01,147,0.022312917892471272,0.0
12,0.01,148,0.02370772070782574,0.0
12,0.01,149,0.02394177035666102,0.0
12,0.01,150,0.027536876374001075,0.0
12,0.01,151,0.0261389695644566,0.0
12,0.01,152,0.028118836422109498,0.0
12,0.01,153,0.030530074082668314,0.0
12,0.01,154,0.03544639738197652,0.0
12,0.01,155,0.03717907611061834,0.0
12,0.01,156,0.032174481506613686,0.0
12,0.01,157,0.03786148778054595,0.0
12,0.01,158,0.035401197754699604,0.0
12,0.01,159,0.03493361795610464,0.0
12,0.01,160,0.03321357364035929,0.0
12,0.01,161,0.033053233537250135,0.0
12,0.01,162,0.02728121999484609,0.0
12,0.01,163,0.022881116440231764,0.0
12,0.01,164,0.023505574424106734,0.0
12,0.01,165,0.021667840940002608,0.0
12,0.01,166,0.024387397130567853,0.0
12,0.01,167,0.032452878057030045,0.0
12,0.01,168,0.026431007028010437,0.0
12,0.01,169,0.024668195762137687,0.0
12,0.01,170,0.02299878654264193,0.0
12,0.01,171,0.026589856540824686,0.0
12,0.01,172,0.022077358296866766,0.0
12,0.01,173,0.01812260147637105,0.0
12,0.01,174,0.021158305989639574,0.0
12,0.01,175,0.023300180921044685,0.0
12,0.01,176,0.021624350242265465,0.0
12,0.01,177,0.02636818293872318,0.0
12,0.01,178,0.01997286600308769,0.0
12,0.01,179,0.020945975288335084,0.0
12,0.01,180,0.021854082718808763,0.0
12,0.01,181,0.021151332015863597,0.0
12,0.01,182,0.022488916578570137,0.0
12,0.01,183,0.020784193481233088,0.0
12,0.01,184,0.022907680720787305,0.0
12,0.01,185,0.026461706556788082,0.0
12,0.01,186,0.026808810473560114,0.0
12,0.01,187,0.026471717011054028,0.0
12,0.01,188,0.028518327898964312,0.0
12,0.01,189,0.026894565439690214,0.0
12,0.01,190,0.021914768363002768,0.0
12,0.01,191,0.028583188594542265,0.0
12,0.01,192,0.02575861879048223,0.0
12,0.01,193,0.024670390372701405,0.0
12,0.01,194,0.024599733499575956,0.0
12,0.01,195,0.02684884714416697,0.0
12,0.01,196,0.024197343174202506,0.0
12,0.01,197,0.026835180336731667,0.0
12,0.01,198,0.03213214935087355,0.0
12,0.01,199,0.03298902060431958,0.0
12,0.01,200,0.03628211618969252,0.0
12,0.01,201,0.02736442025717556,0.0
12,0.01,202,0.028553132036339527,0.0
12,0.01,203,0.02957447613018343,0.0
12,0.01,204,0.028441583081940617,0.0
12,0.01,205,0.032879417606189155,0.0
12,0.01,206,0.036148764739433764,0.0
12,0.01,207,0.039619685017365756,0.0
12,0.01,208,0.032105677334262436,0.0
12,0.01,209,0.042915575206931046,0.0
12,0.01,210,0.037371600534170026,0.0
12,0.01,211,0.036593145083947454,0.0
12,0.01,212,0.027092084278298484,0.0
12,0.01,213,0.03254356755197317,0.0
12,0.01,214,0.0314612819730522,0.0
12,0.01,215,0.03701666785221824,0.0
12,0.01,216,0.031922202229375335,0.0
12,0.01,217,0.03733922716909906,0.0
12,0.01,218,0.03556397589065882,0.0
12,0.01,219,0.034821703154042725,0.0
12,0.01,220,0.03475906008976346,0.0
12,0.01,221,0.042127274657211486,0.0
12,0.01,222,0.046209220057916146,0.0
12,0.01,223,0.040221545497471346,0.0
12,0.01,224,0.037120900735898826,0.0
12,0.01,225,0.03189455667018018,0.0
12,0.01,226,0.02916311394415522,0.0
12,0.01,227,0.03844077510108407,0.0
12,0.01,228,0.03990089245794461,0.0
12,0.01,229,0.03573300943553939,0.0
12,0.01,230,0.03543356046665997,0.0
12,0.01,231,0.03658607962095871,0.0
12,0.01,232,0.0408765221710276,0.0
12,0.01,233,0.04685457835671571,0.0
12,0.01,234,0.04390795667888896,0.0
12,0.01,235,0.04342478777998251,0.0
12,0.01,236,0.039410811079583066,0.0
12,0.01,237,0.03729049169746652,0.0
12,0.01,238,0.031885610155461395,0.0
12,0.01,239,0.033113007368948955,0.0
12,0.01,240,0.03298792681736035,0.0
12,0.01,241,0.04011788566252045,0.0
12,0.01,242,0.037020092363660224,0.0
12,0.01,243,0.0400594556493332,0.0
12,0.01,244,0.04541253436206836,0.0
12,0.01,245,0.04391033037748393,0.0
12,0.01,246,0.038943342848677114,0.0
12,0.01,247,0.037057972596898726,0.0
12,0.01,248,0.033435700430373874,0.0
12,0.01,249,0.03605733904494217,0.0
12,0.01,250,0.035359937441597544,0.0
12,0.01,251,0.03655454502236172,0.0
12,0.01,252,0.040075660499030975,0.0
12,0.01,253,0.03616504078324155,0.0
12,0.01,254,0.038270697026870956,0.0
12,0.01,255,0.033579092920423624,0.0
12,0.01,256,0.034575083825073835,0.0
12,0.01,257,0.034024852564013774,0.0
12,0.01,258,0.03573509891558981,0.0
12,0.01,259,0.036361629049779555,0.0
12,0.01,260,0.03520219546981271,0.0
12,0.01,261,0.03700439740219625,0.0
12,0.01,262,0.03172250207014922,0.0
12,0.01,263,0.03310417853634693,0.0
12,0.01,264,0.035850193204796675,0.0
12,0.01,265,0.03195890862404229,0.0
12,0.01,266,0.03632013046638282,0.0
12,0.01,267,0.02996269899262281,0.0
12,0.01,268,0.0383812883247136,0.0
12,0.01,269,0.037605376167000146,0.0
12,0.01,270,0.03634231190998952,0.0
12,0.01,271,0.03129317382380077,0.0
12,0.01,272,0.0358866316340916,0.0
12,0.01,273,0.03525733673525635,0.0
12,0.01,274,0.0376702498097534,0.0
12,0.01,275,0.030452610052507177,0.0
12,0.01,276,0.030979619937316537,0.0
12,0.01,277,0.028193028587154313,0.0
12,0.01,278,0.030901180551680407,0.0
12,0.01,279,0.026811366666028034,0.0
12,0.01,280,0.0279549534485046,0.0
12,0.01,281,0.031069942440739316,0.0
12,0.01,282,0.03620814685938066,0.0
12,0.01,283,0.03301585026312932,0.0
12,0.01,284,0.03268471340316364,0.0
12,0.01,285,0.02161579279992443,0.0
12,0.01,286,0.021468693917059162,0.0
12,0.01,287,0.021668601530073314,0.0
12,0.01,288,0.02095175614689897,0.0
12,0.01,289,0.02328956345458667,0.0
12,0.01,290,0.022707261212895246,0.0
12,0.01,291,0.019202716051820442,0.0
12,0.01,292,0.026397299786667303,0.0
12,0.01,293,0.020745274010971357,0.0
12,0.01,294,0.02209555474393088,0.0
12,0.01,295,0.02314692998767793,0.0
12,0.01,296,0.02446113570306009,0.0
12,0.01,297,0.02983716278573474,0.0
12,0.01,298,0.026797162857203956,0.0
12,0.01,299,0.020563594512738922,0.0
12,0.01,300,0.018195938934613493,0.0
12,0.01,301,0.019288774649586473,0.0
12,0.01,302,0.020072452028571938,0.0
12,0.01,303,0.0179232009526972,0.0
12,0.01,304,0.019693299854272605,0.0
12,0.01,305,0.028985945352631663,0.0
12,0.01,306,0.03341185371519589,0.0
12,0.01,307,0.03413947714040431,0.0
12,0.01,308,0.03264209610934305,0.0
12,0.01,309,0.0287298826335802,0.0
12,0.01,310,0.02399119140327731,0.0
12,0.01,311,0.02679659617872139,0.0
12,0.01,312,0.02299103154791897,0.0
12,0.01,313,0.01814491476032377,0.0
12,0.01,314,0.02101319204718375,0.0
12,0.01,315,0.020709213341080876,0.0
12,0.01,316,0.019442754660406094,0.0
12,0.01,317,0.0219721458362508,0.0
12,0.01,318,0.02068016458845111,0.0
12,0.01,319,0.01973830313165985,0.0
12,0.01,320,0.021931131951167474,0.0
12,0.01,321,0.025528609061387306,0.0
12,0.01,322,0.023812643904174854,0.0
12,0.01,323,0.029091417167107045,0.0
12,0.01,324,0.02531876313594466,0.0
12,0.01,325,0.02454710354897562,0.0
12,0.01,326,0.02761256290707989,0.0
12,0.01,327,0.021415405055944206,0.0
12,0.01,328,0.021193544294553435,0.0
12,0.01,329,0.017153487096637204,0.0
12,0.01,330,0.023077958232831704,0.0
12,0.01,331,0.021950014045472713,0.0
12,0.01,332,0.021458789820108657,0.0
12,0.01,333,0.019172760175794813,0.0
12,0.01,334,0.02406006646288257,0.0
12,0.01,335,0.015635598722323233,0.0
12,0.01,336,0.019191295394566425,0.0
12,0.01,337,0.01928386702556464,0.0
12,0.01,338,0.02180305426593973,0.0
12,0.01,339,0.02316833973674433,0.0
12,0.01,340,0.021743971881534506,0.0
12,0.01,341,0.02145791515859699,0.0
12,0.01,342,0.02402947739637971,0.0
12,0.01,343,0.0249755288964392,0.0
12,0.01,344,0.0266698325744164,0.0
12,0.01,345,0.029313659727934246,0.0
12,0.01,346,0.029074182357976493,0.0
12,0.01,347,0.028692839888442498,0.0
12,0.01,348,0.029840231917538117,0.0
12,0.01,349,0.02777338651938312,0.0
12,0.01,350,0.026435621235702433,0.0
12,0.01,351,0.024142152116063985,0.0
12,0.01,352,0.02386870274167714,0.0
12,0.01,353,0.024751915348863802,0.0
12,0.01,354,0.02598027140261859,0.0
12,0.01,355,0.02502211791367767,0.0
12,0.01,356,0.029994209067587794,0.0
12,0.01,357,0.03435125750238587,0.0
12,0.01,358,0.03733818417390497,0.0
12,0.01,359,0.036384767542798326,0.0
12,0.01,360,0.03939475014908726,0.0
12,0.01,361,0.03252824672711295,0.0
12,0.01,362,0.03963231477531246,0.0
12,0.01,363,0.032123973711121724,0.0
12,0.01,364,0.03171298449087536,0.0
12,0.01,365,0.02799046175759963,0.0
12,0.01,366,0.025640111938570333,0.0
12,0.01,367,0.022040391454258484,0.0
12,0.01,368,0.023590004579563263,0.0
12,0.01,369,0.02498977409578782,0.0
12,0.01,370,0.02336130018656954,0.0
12,0.01,371,0.02598531567617578,0.0
12,0.01,372,0.025150973327340932,0.0
12,0.01,373,0.03069276280344254,0.0
12,0.01,374,0.02498476798865931,0.0
12,0.01,375,0.02894825635972417,0.0
12,0.01,376,0.02523906521619925,0.0
12,0.01,377,0.027125700460220954,0.0
12,0.01,378,0.03058930337453675,0.0
12,0.01,379,0.02215230281114632,0.0
12,0.01,380,0.024957246153439763,0.0
12,0.01,381,0.021925564943738457,0.0
12,0.01,382,0.029717141854352404,0.0
12,0.01,383,0.02281140681467819,0.0
12,0.01,384,0.024641463022632957,0.0
12,0.01,385,0.025160727880842733,0.0
12,0.01,386,0.016829433663981267,0.0
12,0.01,387,0.022221502291403343,0.0
12,0.01,388,0.029289389693685663,0.0
12,0.01,389,0.029013833275899993,0.0
12,0.01,390,0.02497925671642384,0.0
12,0.01,391,0.02336997294469718,0.0
12,0.01,392,0.027093456975955374,0.0
12,0.01,393,0.03027994168573575,0.0
12,0.01,394,0.037708692631087525,0.0
12,0.01,395,0.03835856965473984,0.0
12,0.01,396,0.029105135088566554,0.0
12,0.01,397,0.02423641187659786,0.0
12,0.01,398,0.024673758659164234,0.0
12,0.01,399,0.01987638895110935,0.0
12,0.01,400,0.0225236189261252,0.0
12,0.01,401,0.018383351778819158,0.0
12,0.01,402,0.021408360443815333,0.0
12,0.01,403,0.021384134706347764,0.0
12,0.01,404,0.02068076208943887,0.0
12,0.01,405,0.02345512283374727,0.0
12,0.01,406,0.025257766502285575,0.0
12,0.01,407,0.02401887900212331,0.0
12,0.01,408,0.02631708102509155,0.0
12,0.01,409,0.02889447683768616,0.0
12,0.01,410,0.027661823967464763,0.0
12,0.01,411,0.028527480705026836,0.0
12,0.01,412,0.02730295237396219,0.0
12,0.01,413,0.02442543455711916,0.0
12,0.01,414,0.027014594130862313,0.0
12,0.01,415,0.026568251298106,0.0
12,0.01,416,0.02502213869244686,0.0
12,0.01,417,0.02477189868532935,0.0
12,0.01,418,0.024633782509695244,0.0
12,0.01,419,0.023066978541610036,0.0
12,0.01,420,0.024028310012439283,0.0
12,0.01,421,0.025001808487763514,0.0
12,0.01,422,0.02330593545243649,0.0
12,0.01,423,0.021602236733629515,0.0
12,0.01,424,0.014469849225147588,0.0
12,0.01,425,0.014774725760988833,0.0
12,0.01,426,0.01662318182127833,0.0
12,0.01,427,0.020866037975310572,0.0
12,0.01,428,0.01782769525897733,0.0
12,0.01,429,0.02239692685296353,0.0
12,0.01,430,0.02990884105866788,0.0
12,0.01,431,0.02323861592428127,0.0
12,0.01,432,0.01881963557170843,0.0
12,0.01,433,0.024631880085225762,0.0
12,0.01,434,0.021119999064511563,0.0
12,0.01,435,0.021903931402417795,0.0
12,0.01,436,0.022207949993294583,0.0
12,0.01,437,0.019637502271475954,0.0
12,0.01,438,0.015678214291832995,0.0
12,0.01,439,0.019214923572625612,0.0
12,0.01,440,0.02561084684013083,0.0
12,0.01,441,0.024915719117683994,0.0
12,0.01,442,0.02487020465747409,0.0
12,0.01,443,0.02457186747787209,0.0
12,0.01,444,0.021944383707318514,0.0
12,0.01,445,0.030090716641894028,0.0
12,0.01,446,0.027952639683976675,0.0
12,0.01,447,0.025787796309277126,0.0
12,0.01,448,0.02347569348838352,0.0
12,0.01,449,0.021189014569601462,0.0
12,0.01,450,0.021729014613128313,0.0
12,0.01,451,0.022909230527837412,0.0
12,0.01,452,0.020745797657209297,0.0
12,0.01,453,0.027122179143760534,0.0
12,0.01,454,0.028927617438870703,0.0
12,0.01,455,0.03071463947826768,0.0
12,0.01,456,0.026538529388565508,0.0
12,0.01,457,0.03203103278982529,0.0
12,0.01,458,0.031092160751610035,0.0
12,0.01,459,0.036266525214045435,0.0
12,0.01,460,0.027236801090253233,0.0
12,0.01,461,0.027742836015259852,0.0
12,0.01,462,0.02520524564535588,0.0
12,0.01,463,0.03328462340774596,0.0
12,0.01,464,0.02761012574198082,0.0
12,0.01,465,0.029014703456231906,0.0
12,0.01,466,0.03264523911264919,0.0
12,0.01,467,0.03272851411229348,0.0
12,0.01,468,0.03872677979447796,0.0
12,0.01,469,0.03913999171504854,0.0
12,0.01,470,0.03567898257107617,0.0
12,0.01,471,0.03769657412037653,0.0
12,0.01,472,0.035470510570066,0.0
12,0.01,473,0.04198226717419009,0.0
12,0.01,474,0.04091494828388757,0.0
12,0.01,475,0.04924726991569098,0.0
12,0.01,476,0.04287967123329779,0.0
12,0.01,477,0.046257385099080534,0.0
12,0.01,478,0.04373582709403763,0.0
12,0.01,479,0.042800165656475174,0.0
12,0.01,480,0.047205765208040484,0.0
12,0.01,481,0.03806349374889445,0.0
12,0.01,482,0.036168840989508476,0.0
12,0.01,483,0.038255158917212706,0.0
12,0.01,484,0.038891303956735214,0.0
12,0.01,485,0.03692404977129746,0.0
12,0.01,486,0.03479675125286528,0.0
12,0.01,487,0.03673867157117483,0.0
12,0.01,488,0.043010171539836745,0.0
12,0.01,489,0.037331893969839845,0.0
12,0.01,490,0.040889726107303834,0.0
12,0.01,491,0.04142799425906462,0.0
12,0.01,492,0.04535319346649719,0.0
12,0.01,493,0.0440549659535705,0.0
12,0.01,494,0.046615863614146706,0.0
12,0.01,495,0.048531269246086674,0.0
12,0.01,496,0.04343635979331816,0.0
12,0.01,497,0.03874564468871317,0.0
12,0.01,498,0.04047294850291072,0.0
12,0.01,499,0.04074253188063289,0.0
12,0.01,500,0.03843341000437236,0.0
12,0.03,0,0.0847053869297767,0.0
12,0.03,1,0.056135581344072746,0.0
12,0.03,2,0.04705274764230115,0.0
12,0.03,3,0.04487926344093375,0.0
12,0.03,4,0.03360077806278089,0.0
12,0.03,5,0.02901038380786606,0.0
12,0.03,6,0.025930885271135677,0.0
12,0.03,7,0.019666378613546583,0.0
12,0.03,8,0.018197986624844044,0.0
12,0.03,9,0.018579414859839133,0.0
12,0.03,10,0.025631037559974403,0.0
12,0.03,11,0.018584125102045247,0.0
12,0.03,12,0.02095250264919958,0.0
12,0.03,13,0.02477051205603815,0.0
12,0.03,14,0.023215473360571143,0.0
12,0.03,15,0.02236231872734452,0.0
12,0.03,16,0.021045213667643278,0.0
12,0.03,17,0.03012661702964349,0.0
12,0.03,18,0.029068139882415536,0.0
12,0.03,19,0.032207770273348944,0.0
12,0.03,20,0.02881735536501934,0.0
12,0.03,21,0.02727408912153706,0.0
12,0.03,22,0.027977523982190257,0.0
12,0.03,23,0.02034276004985475,0.0
12,0.03,24,0.02743608309018786,0.0
12,0.03,25,0.032168298329637225,0.0
12,0.03,26,0.03277348278549921,0.0
12,0.03,27,0.030911845667288898,0.0
12,0.03,28,0.029669442752284246,0.0
12,0.03,29,0.02832433215443999,0.0
12,0.03,30,0.03022435944746259,0.0
12,0.03,31,0.02799329069640436,0.0
12,0.03,32,0.028745539194761624,0.0
12,0.03,33,0.03177899733587612,0.0
12,0.03,34,0.03273104026531315,0.0
12,0.03,35,0.02933037308466622,0.0
12,0.03,36,0.02740343157988547,0.0
12,0.03,37,0.025685406513246144,0.0
12,0.03,38,0.026556856460108188,0.0
12,0.03,39,0.02787837797820016,0.0
12,0.03,40,0.027334178361421057,0.0
12,0.03,41,0.02902290967958142,0.0
12,0.03,42,0.024087633460611144,0.0
12,0.03,43,0.029093396182337736,0.0
12,0.03,44,0.030673340779367796,0.0
12,0.03,45,0.027101907608436067,0.0
12,0.03,46,0.024900776939503103,0.0
12,0.03,47,0.033049618254140795,0.0
12,0.03,48,0.025896995070797256,0.0
12,0.03,49,0.024218234415857496,0.0
12,0.03,50,0.024783938566089715,0.0
12,0.03,51,0.029574976196898476,0.0
12,0.03,52,0.024184045901696146,0.0
12,0.03,53,0.021373016035683232,0.0
12,0.03,54,0.02274014960978124,0.0
12,0.03,55,0.024684553453948335,0.0
12,0.03,56,0.027207723537063026,0.0
12,0.03,57,0.026398349558642224,0.0
12,0.03,58,0.029116554256609143,0.0
12,0.03,59,0.029111200638030126,0.0
12,0.03,60,0.02740806163588794,0.0
12,0.03,61,0.029613960059005698,0.0
12,0.03,62,0.023790324740912708,0.0
12,0.03,63,0.026684893430281978,0.0
12,0.03,64,0.020492564752573852,0.0
12,0.03,65,0.022494629478528417,0.0
12,0.03,66,0.027626187380843863,0.0
12,0.03,67,0.027465925758174352,0.0
12,0.03,68,0.032982787734352204,0.0
12,0.03,69,0.03511319545748397,0.0
12,0.03,70,0.03210497915409764,0.0
12,0.03,71,0.025158661572553965,0.0
12,0.03,72,0.022965435497357745,0.0
12,0.03,73,0.02960765437379814,0.0
12,0.03,74,0.03747285376544365,0.0
12,0.03,75,0.03607832635153409,0.0
12,0.03,76,0.03292528794600682,0.0
12,0.03,77,0.0341625603626077,0.0
12,0.03,78,0.031012229623495053,0.0
12,0.03,79,0.02617697363924586,0.0
12,0.03,80,0.025486035585277622,0.0
12,0.03,81,0.023302369478501048,0.0
12,0.03,82,0.029302334846005133,0.0
12,0.03,83,0.025515215599758775,0.0
12,0.03,84,0.021363019306999128,0.0
12,0.03,85,0.02468629371758405,0.0
12,0.03,86,0.03339658704829695,0.0
12,0.03,87,0.026372268427878064,0.0
12,0.03,88,0.025753975584077153,0.0
12,0.03,89,0.031793077995694925,0.0
12,0.03,90,0.02502046752213013,0.0
12,0.03,91,0.02421844658144231,0.0
12,0.03,92,0.025248893402543923,0.0
12,0.03,93,0.025303972975418462,0.0
12,0.03,94,0.035001687056800054,0.0
12,0.03,95,0.03008374021629883,0.0
12,0.03,96,0.03479199797706198,0.0
12,0.03,97,0.038096915775783766,0.0
12,0.03,98,0.04101948928275623,0.0
12,0.03,99,0.038398807612872114,0.0
12,0.03,100,0.03532431566378788,0.0
12,0.03,101,0.03453954880515591,0.0
12,0.03,102,0.03575159927509693,0.0
12,0.03,103,0.03451316704903212,0.0
12,0.03,104,0.030017181068725786,0.0
12,0.03,105,0.03188688519203476,0.0
12,0.03,106,0.030709679193699366,0.0
12,0.03,107,0.03298304961753538,0.0
12,0.03,108,0.035648944030243074,0.0
12,0.03,109,0.026287438921809767,0.0
12,0.03,110,0.03591726385599375,0.0
12,0.03,111,0.03358576366979359,0.0
12,0.03,112,0.031177463621978166,0.0
12,0.03,113,0.024539600556364508,0.0
12,0.03,114,0.024606968921524988,0.0
12,0.03,115,0.031389940655781136,0.0
12,0.03,116,0.028810242699093273,0.0
12,0.03,117,0.02988864109253734,0.0
12,0.03,118,0.03091339287182658,0.0
12,0.03,119,0.03431333489688797,0.0
12,0.03,120,0.04316852959729373,0.0
12,0.03,121,0.04507048085138392,0.0
12,0.03,122,0.041627709704982425,0.0
12,0.03,123,0.038867296555758754,0.0
12,0.03,124,0.04012563813302641,0.0
12,0.03,125,0.03237503282619269,0.0
12,0.03,126,0.03652432397301059,0.0
12,0.03,127,0.0327362099837542,0.0
12,0.03,128,0.03675258959312319,0.0
12,0.03,129,0.031893923084354396,0.0
12,0.03,130,0.03104265967201618,0.0
12,0.03,131,0.02640730232414833,0.0
12,0.03,132,0.02632043636026591,0.0
12,0.03,133,0.021857620247712872,0.0
12,0.03,134,0.025641611621118002,0.0
12,0.03,135,0.019494279224873172,0.0
12,0.03,136,0.021254578973075037,0.0
12,0.03,137,0.026212765305995894,0.0
12,0.03,138,0.025244192478753168,0.0
12,0.03,139,0.023125641060689737,0.0
12,0.03,140,0.024183759056631043,0.0
12,0.03,141,0.019431904613297035,0.0
12,0.03,142,0.02372606885041799,0.0
12,0.03,143,0.024202342013111455,0.0
12,0.03,144,0.02326070410161595,0.0
12,0.03,145,0.020857577866191527,0.0
12,0.03,146,0.021655428840608573,0.0
12,0.03,147,0.02090822424186679,0.0
12,0.03,148,0.022256117260088682,0.0
12,0.03,149,0.0228948316222191,0.0
12,0.03,150,0.0238158460433194,0.0
12,0.03,151,0.021336042480931208,0.0
12,0.03,152,0.02390695541102421,0.0
12,0.03,153,0.0240447605414919,0.0
12,0.03,154,0.024849282231743815,0.0
12,0.03,155,0.030184463600373603,0.0
12,0.03,156,0.027020845028944186,0.0
12,0.03,157,0.025075868420349298,0.0
12,0.03,158,0.017716119041552184,0.0
12,0.03,159,0.01982219314912159,0.0
12,0.03,160,0.02512229014657301,0.0
12,0.03,161,0.026011582922388584,0.0
12,0.03,162,0.029525516904933827,0.0
12,0.03,163,0.027912138608428994,0.0
12,0.03,164,0.028075939135477106,0.0
12,0.03,165,0.027053433811825612,0.0
12,0.03,166,0.031591559075562596,0.0
12,0.03,167,0.026014206583874232,0.0
12,0.03,168,0.02470923228116502,0.0
12,0.03,169,0.024787014821148205,0.0
12,0.03,170,0.02501491132767334,0.0
12,0.03,171,0.02149168947071156,0.0
12,0.03,172,0.02393086077251851,0.0
12,0.03,173,0.020682812248985334,0.0
12,0.03,174,0.020928928192056547,0.0
12,0.03,175,0.02320148397304966,0.0
12,0.03,176,0.021451903641492978,0.0
12,0.03,177,0.014941220186064948,0.0
12,0.03,178,0.01834214651332186,0.0
12,0.03,179,0.0195044937003228,0.0
12,0.03,180,0.01892731440264981,0.0
12,0.03,181,0.017824689235471407,0.0
12,0.03,182,0.015872882006915643,0.0
12,0.03,183,0.018459590627960903,0.0
12,0.03,184,0.021863365509890167,0.0
12,0.03,185,0.02042078877814904,0.0
12,0.03,186,0.0190967013003812,0.0
12,0.03,187,0.020471260581704856,0.0
12,0.03,188,0.0263426757603372,0.0
12,0.03,189,0.022865537219490483,0.0
12,0.03,190,0.026003033079173093,0.0
12,0.03,191,0.022771688733931192,0.0
12,0.03,192,0.023675681586793874,0.0
12,0.03,193,0.022514445014542667,0.0
12,0.03,194,0.027730035893635794,0.0
12,0.03,195,0.02598333718281702,0.0
12,0.03,196,0.02429624449562372,0.0
12,0.03,197,0.023757783346884782,0.0
12,0.03,198,0.023179876274840968,0.0
12,0.03,199,0.025326697975820812,0.0
12,0.03,200,0.025968790038235073,0.0
12,0.03,201,0.022825751661674335,0.0
12,0.03,202,0.02420368232027413,0.0
12,0.03,203,0.02332300395895469,0.0
12,0.03,204,0.022119205659356714,0.0
12,0.03,205,0.0258322573766802,0.0
12,0.03,206,0.027014854108329062,0.0
12,0.03,207,0.03074055206537174,0.0
12,0.03,208,0.02576929520574446,0.0
12,0.03,209,0.024863791398471648,0.0
12,0.03,210,0.032302127157292505,0.0
12,0.03,211,0.039638521602094474,0.0
12,0.03,212,0.03978825865132536,0.0
12,0.03,213,0.04357156104393017,0.0
12,0.03,214,0.0425552844649315,0.0
12,0.03,215,0.036232998476073836,0.0
12,0.03,216,0.0342118118495518,0.0
12,0.03,217,0.04144039512632479,0.0
12,0.03,218,0.04039897335366158,0.0
12,0.03,219,0.039381132171875693,0.0
12,0.03,220,0.02984541227755162,0.0
12,0.03,221,0.02845364534646961,0.0
12,0.03,222,0.02955818183803455,0.0
12,0.03,223,0.03531024811980013,0.0
12,0.03,224,0.03443139538507569,0.0
12,0.03,225,0.037164026609965345,0.0
12,0.03,226,0.039049667218435176,0.0
12,0.03,227,0.031221090742848713,0.0
12,0.03,228,0.030729875445532656,0.0
12,0.03,229,0.03272357633700171,0.0
12,0.03,230,0.029754877999209235,0.0
12,0.03,231,0.029337038751492166,0.0
12,0.03,232,0.03389444288990312,0.0
12,0.03,233,0.04042549151559393,0.0
12,0.03,234,0.03054290447234143,0.0
12,0.03,235,0.031081540265955138,0.0
12,0.03,236,0.03263249164865862,0.0
12,0.03,237,0.024530782050532468,0.0
12,0.03,238,0.02402907524215622,0.0
12,0.03,239,0.027581758806367592,0.0
12,0.03,240,0.02296334001043313,0.0
12,0.03,241,0.02055884060588978,0.0
12,0.03,242,0.019997831443982615,0.0
12,0.03,243,0.02294419653787377,0.0
12,0.03,244,0.02396629655444098,0.0
12,0.03,245,0.021956121386893294,0.0
12,0.03,246,0.024677438256425897,0.0
12,0.03,247,0.03000243773574875,0.0
12,0.03,248,0.0325589163490623,0.0
12,0.03,249,0.02633110776903732,0.0
12,0.03,250,0.026438392864321925,0.0
12,0.03,251,0.0275758048937926,0.0
12,0.03,252,0.022572885020478068,0.0
12,0.03,253,0.024323626017698073,0.0
12,0.03,254,0.02385824082561416,0.0
12,0.03,255,0.01896020073932941,0.0
12,0.03,256,0.023818728176438975,0.0
12,0.03,257,0.029444452674700562,0.0
12,0.03,258,0.026685493688483327,0.0
12,0.03,259,0.02103844973710688,0.0
12,0.03,260,0.028922624905735796,0.0
12,0.03,261,0.028674308119305016,0.0
12,0.03,262,0.02748632617389841,0.0
12,0.03,263,0.02633856157814483,0.0
12,0.03,264,0.0252921496788722,0.0
12,0.03,265,0.020154426488927575,0.0
12,0.03,266,0.01955495159757796,0.0
12,0.03,267,0.024234748554489562,0.0
12,0.03,268,0.02578515096051638,0.0
12,0.03,269,0.028276775507799362,0.0
12,0.03,270,0.02941696855052966,0.0
12,0.03,271,0.025846175042939644,0.0
12,0.03,272,0.025959907119225648,0.0
12,0.03,273,0.026212006255173562,0.0
12,0.03,274,0.029762840237369022,0.0
12,0.03,275,0.03133525115400798,0.0
12,0.03,276,0.03431261909309563,0.0
12,0.03,277,0.02408300659344894,0.0
12,0.03,278,0.02822202395554853,0.0
12,0.03,279,0.030264215521251824,0.0
12,0.03,280,0.030229627328441536,0.0
12,0.03,281,0.03228817960544016,0.0
12,0.03,282,0.027786746034824693,0.0
12,0.03,283,0.025615603973499598,0.0
12,0.03,284,0.02518810762105851,0.0
12,0.03,285,0.02596221305023768,0.0
12,0.03,286,0.03420173965189802,0.0
12,0.03,287,0.03447147003524879,0.0
12,0.03,288,0.03144142456922222,0.0
12,0.03,289,0.030663255967622496,0.0
12,0.03,290,0.02996633241645992,0.0
12,0.03,291,0.03322808823736465,0.0
12,0.03,292,0.04120714328315924,0.0
12,0.03,293,0.027164946222408618,0.0
12,0.03,294,0.030656213670349618,0.0
12,0.03,295,0.022191623790967077,0.0
12,0.03,296,0.02376662649232062,0.0
12,0.03,297,0.02416602200044978,0.0
12,0.03,298,0.02284118658741231,0.0
12,0.03,299,0.023465239186903384,0.0
12,0.03,300,0.021791123875688916,0.0
12,0.03,301,0.02520303044899828,0.0
12,0.03,302,0.027992969850677864,0.0
12,0.03,303,0.022377929833608944,0.0
12,0.03,304,0.02665364500040478,0.0
12,0.03,305,0.02442774594819614,0.0
12,0.03,306,0.020599733558565057,0.0
12,0.03,307,0.016591251404014063,0.0
12,0.03,308,0.020872890101245923,0.0
12,0.03,309,0.022067984835127192,0.0
12,0.03,310,0.027555220431477664,0.0
12,0.03,311,0.029819030034977722,0.0
12,0.03,312,0.03179623276058153,0.0
12,0.03,313,0.027981899786973723,0.0
12,0.03,314,0.0387301958631382,0.0
12,0.03,315,0.03731258309620122,0.0
12,0.03,316,0.023452848990279936,0.0
12,0.03,317,0.03057897413073485,0.0
12,0.03,318,0.034866068604064215,0.0
12,0.03,319,0.03022479513970771,0.0
12,0.03,320,0.03373768007036751,0.0
12,0.03,321,0.03295016942024719,0.0
12,0.03,322,0.028565247877978255,0.0
12,0.03,323,0.030049467230598082,0.0
12,0.03,324,0.026869912292420296,0.0
12,0.03,325,0.022902693583214697,0.0
12,0.03,326,0.02383062071541707,0.0
12,0.03,327,0.024741372459890738,0.0
12,0.03,328,0.024114416933513044,0.0
12,0.03,329,0.02441310572266824,0.0
12,0.03,330,0.02359510465593793,0.0
12,0.03,331,0.02740305145355529,0.0
12,0.03,332,0.026098898333559984,0.0
12,0.03,333,0.025857331847395183,0.0
12,0.03,334,0.02975498713024774,0.0
12,0.03,335,0.032683684757768526,0.0
12,0.03,336,0.03043286064457555,0.0
12,0.03,337,0.024409514744594404,0.0
12,0.03,338,0.026287583298866643,0.0
12,0.03,339,0.03251358208193515,0.0
12,0.03,340,0.035333653071232866,0.0
12,0.03,341,0.03467546597419163,0.0
12,0.03,342,0.04253643639631219,0.0
12,0.03,343,0.03636442307701438,0.0
12,0.03,344,0.03385945757565765,0.0
12,0.03,345,0.03063287091660055,0.0
12,0.03,346,0.026382441814679348,0.0
12,0.03,347,0.031701882029669795,0.0
12,0.03,348,0.02964964173264032,0.0
12,0.03,349,0.02995078616508813,0.0
12,0.03,350,0.03158248889291521,0.0
12,0.03,351,0.030339393858707576,0.0
12,0.03,352,0.03205147086804579,0.0
12,0.03,353,0.025375290351647362,0.0
12,0.03,354,0.02401571115991113,0.0
12,0.03,355,0.026098171814799,0.0
12,0.03,356,0.02232233486594485,0.0
12,0.03,357,0.022555685707068323,0.0
12,0.03,358,0.02125842341965174,0.0
12,0.03,359,0.022788225127434406,0.0
12,0.03,360,0.021653721085039126,0.0
12,0.03,361,0.02252115410184767,0.0
12,0.03,362,0.023879638660266985,0.0
12,0.03,363,0.020275304007290672,0.0
12,0.03,364,0.02443288170718377,0.0
12,0.03,365,0.023867174082347335,0.0
12,0.03,366,0.025797610618502144,0.0
12,0.03,367,0.02534360370306086,0.0
12,0.03,368,0.025457777509496484,0.0
12,0.03,369,0.029507256705858943,0.0
12,0.03,370,0.02767311194833777,0.0
12,0.03,371,0.03556615237954261,0.0
12,0.03,372,0.028663007256977013,0.0
12,0.03,373,0.030978605989348384,0.0
12,0.03,374,0.02870175284912517,0.0
12,0.03,375,0.033380990880506015,0.0
12,0.03,376,0.03113299699481748,0.0
12,0.03,377,0.026677029002810344,0.0
12,0.03,378,0.024177076348874286,0.0
12,0.03,379,0.03261903797737417,0.0
12,0.03,380,0.032498183884401996,0.0
12,0.03,381,0.0367335358133563,0.0
12,0.03,382,0.04841750822756719,0.0
12,0.03,383,0.04556709860054211,0.0
12,0.03,384,0.04275278199003897,0.0
12,0.03,385,0.04751260860787489,0.0
12,0.03,386,0.045441191021273225,0.0
12,0.03,387,0.03449586510177329,0.0
12,0.03,388,0.029483477668661023,0.0
12,0.03,389,0.031148193740047778,0.0
12,0.03,390,0.036560045913712653,0.0
12,0.03,391,0.03155251209142558,0.0
12,0.03,392,0.030157286851706475,0.0
12,0.03,393,0.03284185151762618,0.0
12,0.03,394,0.03482740156216637,0.0
12,0.03,395,0.037005880639169667,0.0
12,0.03,396,0.03584027227457872,0.0
12,0.03,397,0.03684872477676109,0.0
12,0.03,398,0.033261100131013015,0.0
12,0.03,399,0.03457868484880968,0.0
12,0.03,400,0.03239031050761499,0.0
12,0.03,401,0.03194281946360904,0.0
12,0.03,402,0.04086959059010331,0.0
12,0.03,403,0.033810782483259874,0.0
12,0.03,404,0.03178587509984784,0.0
12,0.03,405,0.03803664794597643,0.0
12,0.03,406,0.03645400872015014,0.0
12,0.03,407,0.031281211912290795,0.0
12,0.03,408,0.034709328115687305,0.0
12,0.03,409,0.029247573946377337,0.0
12,0.03,410,0.03298458906422799,0.0
12,0.03,411,0.03232678693384407,0.0
12,0.03,412,0.03608474879421809,0.0
12,0.03,413,0.026132879700494847,0.0
12,0.03,414,0.022564228634653394,0.0
12,0.03,415,0.023418136549416237,0.0
12,0.03,416,0.024376905994897502,0.0
12,0.03,417,0.018581488184558452,0.0
12,0.03,418,0.022002143024733255,0.0
12,0.03,419,0.029294650807199334,0.0
12,0.03,420,0.02726591364468676,0.0
12,0.03,421,0.028223864020732556,0.0
12,0.03,422,0.018133202434076894,0.0
12,0.03,423,0.015544765028900134,0.0
12,0.03,424,0.01762202588716222,0.0
12,0.03,425,0.021744697871258264,0.0
12,0.03,426,0.025994283229347038,0.0
12,0.03,427,0.018783753998067455,0.0
12,0.03,428,0.018926480404204565,0.0
12,0.03,429,0.019660429244537717,0.0
12,0.03,430,0.02149799924782557,0.0
12,0.03,431,0.023704760965473148,0.0
12,0.03,432,0.029285096212214656,0.0
12,0.03,433,0.019890394118110503,0.0
12,0.03,434,0.02344263063853911,0.0
12,0.03,435,0.02584471985492117,0.0
12,0.03,436,0.028262898938748976,0.0
12,0.03,437,0.02566703034274978,0.0
12,0.03,438,0.027676750122606064,0.0
12,0.03,439,0.0299458454670425,0.0
12,0.03,440,0.0305509938351293,0.0
12,0.03,441,0.026320656024623097,0.0
12,0.03,442,0.022198814872964722,0.0
12,0.03,443,0.022266904848771075,0.0
12,0.03,444,0.03257355620087681,0.0
12,0.03,445,0.025837321473926797,0.0
12,0.03,446,0.030360517054997708,0.0
12,0.03,447,0.03208306329269219,0.0
12,0.03,448,0.03332483777257933,0.0
12,0.03,449,0.037227651914248205,0.0
12,0.03,450,0.03749797541237482,0.0
12,0.03,451,0.0358185400337033,0.0
12,0.03,452,0.03356681693022442,0.0
12,0.03,453,0.03814473079084692,0.0
12,0.03,454,0.03653786774721666,0.0
12,0.03,455,0.031584473672182964,0.0
12,0.03,456,0.030924846892811803,0.0
12,0.03,457,0.02362251818918572,0.0
12,0.03,458,0.02428274253513826,0.0
12,0.03,459,0.02320199809266972,0.0
12,0.03,460,0.021376439122096857,0.0
12,0.03,461,0.023331487489571458,0.0
12,0.03,462,0.021294147610795483,0.0
12,0.03,463,0.02442320702597989,0.0
12,0.03,464,0.025149013422691463,0.0
12,0.03,465,0.028718412775956204,0.0
12,0.03,466,0.03020379245239015,0.0
12,0.03,467,0.029091521716421275,0.0
12,0.03,468,0.02652264575990688,0.0
12,0.03,469,0.029564783772673225,0.0
12,0.03,470,0.02537327950477622,0.0
12,0.03,471,0.025096306702146073,0.0
12,0.03,472,0.02806162469650114,0.0
12,0.03,473,0.03140448770326044,0.0
12,0.03,474,0.030028827589046632,0.0
12,0.03,475,0.026135676821616063,0.0
12,0.03,476,0.02924739459041608,0.0
12,0.03,477,0.031487075869006065,0.0
12,0.03,478,0.036840502064993716,0.0
12,0.03,479,0.04120854490995799,0.0
12,0.03,480,0.04043876726016963,0.0
12,0.03,481,0.03850284154505984,0.0
12,0.03,482,0.04132848523687466,0.0
12,0.03,483,0.047574628684037334,0.0
12,0.03,484,0.04121494230343603,0.0
12,0.03,485,0.04502925721240717,0.0
12,0.03,486,0.04721768821918435,0.0
12,0.03,487,0.04230046884320185,0.0
12,0.03,488,0.039359764857621854,0.0
12,0.03,489,0.042493860130885436,0.0
12,0.03,490,0.03922831978944439,0.0
12,0.03,491,0.04038296708661251,0.0
12,0.03,492,0.028607202872239987,0.0
12,0.03,493,0.03268169086723554,0.0
12,0.03,494,0.0341408627408279,0.0
12,0.03,495,0.02901385276032867,0.0
12,0.03,496,0.023668965388013347,0.0
12,0.03,497,0.025807950649720527,0.0
12,0.03,498,0.02637392402730772,0.0
12,0.03,499,0.025387380286514705,0.0
12,0.03,500,0.021916581949839444,0.0
12,0.05,0,0.07976326343685251,0.0
12,0.05,1,0.052645500060270196,0.0
12,0.05,2,0.036590730315314846,0.0
12,0.05,3,0.03296456243552965,0.0
12,0.05,4,0.035485870220715816,0.0
12,0.05,5,0.028486839084565264,0.0
12,0.05,6,0.024177796578197047,0.0
12,0.05,7,0.029713208268327126,0.0
12,0.05,8,0.024385933604272596,0.0
12,0.05,9,0.029571248122016502,0.0
12,0.05,10,0.02960247227400874,0.0
12,0.05,11,0.03362361850219986,0.0
12,0.05,12,0.03265332481792149,0.0
12,0.05,13,0.03477307864150306,0.0
12,0.05,14,0.026371907749050637,0.0
12,0.05,15,0.0257569854135162,0.0
12,0.05,16,0.023462564015898787,0.0
12,0.05,17,0.020950453608579233,0.0
12,0.05,18,0.020291373565143253,0.0
12,0.05,19,0.019011934077184288,0.0
12,0.05,20,0.01699941926568149,0.0
12,0.05,21,0.018371292717229985,0.0
12,0.05,22,0.02321724047738007,0.0
12,0.05,23,0.021998075413705274,0.0
12,0.05,24,0.019239096144524796,0.0
12,0.05,25,0.018071704405867747,0.0
12,0.05,26,0.02158209464323654,0.0
12,0.05,27,0.02445469453280613,0.0
12,0.05,28,0.02189145899475773,0.0
12,0.05,29,0.02438312588585753,0.0
12,0.05,30,0.0225883219287459,0.0
12,0.05,31,0.022554586562564274,0.0
12,0.05,32,0.023576374925697068,0.0
12,0.05,33,0.02415991255127354,0.0
12,0.05,34,0.019028210396267852,0.0
12,0.05,35,0.022436929948860266,0.0
12,0.05,36,0.025117894178042787,0.0
12,0.05,37,0.024076737031260387,0.0
12,0.05,38,0.024932543819500143,0.0
12,0.05,39,0.021256312615935132,0.0
12,0.05,40,0.018537587768853756,0.0
12,0.05,41,0.018528714390805234,0.0
12,0.05,42,0.021814306605426124,0.0
12,0.05,43,0.022275097401974912,0.0
12,0.05,44,0.020006040914445033,0.0
12,0.05,45,0.02351649956033388,0.0
12,0.05,46,0.021803205768563136,0.0
12,0.05,47,0.02044632894795302,0.0
12,0.05,48,0.020335616481694588,0.0
12,0.05,49,0.02607192783663463,0.0
12,0.05,50,0.023301459982416665,0.0
12,0.05,51,0.023052180421373886,0.0
12,0.05,52,0.028419085753778862,0.0
12,0.05,53,0.02428374876301038,0.0
12,0.05,54,0.025400763369649203,0.0
12,0.05,55,0.027663409160317377,0.0
12,0.05,56,0.021513845285538884,0.0
12,0.05,57,0.022189984927475027,0.0
12,0.05,58,0.01869126670272917,0.0
12,0.05,59,0.019063683060769783,0.0
12,0.05,60,0.017794552596773806,0.0
12,0.05,61,0.018045716058558873,0.0
12,0.05,62,0.02189200736559461,0.0
12,0.05,63,0.018201609920815466,0.0
12,0.05,64,0.023055137694862428,0.0
12,0.05,65,0.02425205867836229,0.0
12,0.05,66,0.02664904720868051,0.0
12,0.05,67,0.022158643046858186,0.0
12,0.05,68,0.016863353776216318,0.0
12,0.05,69,0.017655153332968562,0.0
12,0.05,70,0.017100858844694974,0.0
12,0.05,71,0.022819681122913087,0.0
12,0.05,72,0.021602894842688233,0.0
12,0.05,73,0.022489188158660352,0.0
12,0.05,74,0.029170080737069563,0.0
12,0.05,75,0.020409009163149774,0.0
12,0.05,76,0.02049708293990315,0.0
12,0.05,77,0.018049158048577724,0.0
12,0.05,78,0.027632442860229936,0.0
12,0.05,79,0.030394668583547658,0.0
12,0.05,80,0.026634273250088113,0.0
12,0.05,81,0.03368938753625422,0.0
12,0.05,82,0.025510624682564674,0.0
12,0.05,83,0.025253331661478952,0.0
12,0.05,84,0.027724640812225275,0.0
12,0.05,85,0.029261042761529632,0.0
12,0.05,86,0.023141597638946503,0.0
12,0.05,87,0.022819109688464966,0.0
12,0.05,88,0.0275978243252583,0.0
12,0.05,89,0.026770455603381982,0.0
12,0.05,90,0.031195145454637797,0.0
12,0.05,91,0.02411073697806781,0.0
12,0.05,92,0.022163786848184885,0.0
12,0.05,93,0.020569246522903543,0.0
12,0.05,94,0.02051316816023552,0.0
12,0.05,95,0.020906364576392528,0.0
12,0.05,96,0.021086930948468804,0.0
12,0.05,97,0.024662999660889463,0.0
12,0.05,98,0.02733584062953238,0.0
12,0.05,99,0.026256750578108824,0.0
12,0.05,100,0.029172776492183985,0.0
12,0.05,101,0.029251779131793713,0.0
12,0.05,102,0.02811513476492401,0.0
12,0.05,103,0.024130158870478022,0.0
12,0.05,104,0.02634421919482135,0.0
12,0.05,105,0.021974056260239808,0.0
12,0.05,106,0.0202515181949932,0.0
12,0.05,107,0.023334976891295652,0.0
12,0.05,108,0.020037099953784075,0.0
12,0.05,109,0.02339801247643368,0.0
12,0.05,110,0.023305548769906273,0.0
12,0.05,111,0.019845723716638175,0.0
12,0.05,112,0.02053001501188442,0.0
12,0.05,113,0.022204522741258028,0.0
12,0.05,114,0.022317601816754684,0.0
12,0.05,115,0.024348135436920285,0.0
12,0.05,116,0.02538864992557498,0.0
12,0.05,117,0.023001053045928234,0.0
12,0.05,118,0.024499198598571525,0.0
12,0.05,119,0.02156834191127357,0.0
12,0.05,120,0.028541700285668013,0.0
12,0.05,121,0.029563427779185893,0.0
12,0.05,122,0.03463126207767317,0.0
12,0.05,123,0.03264252241659521,0.0
12,0.05,124,0.028285942447267377,0.0
12,0.05,125,0.024906920904424812,0.0
12,0.05,126,0.028778924817291544,0.0
12,0.05,127,0.02547374357498544,0.0
12,0.05,128,0.019168393527964525,0.0
12,0.05,129,0.018364668908298618,0.0
12,0.05,130,0.019479994293674585,0.0
12,0.05,131,0.021321515303331807,0.0
12,0.05,132,0.017947481155743347,0.0
12,0.05,133,0.01686826659382463,0.0
12,0.05,134,0.022415780172824654,0.0
12,0.05,135,0.026591461890204973,0.0
12,0.05,136,0.02858081663318332,0.0
12,0.05,137,0.027567500065008035,0.0
12,0.05,138,0.03347514781651229,0.0
12,0.05,139,0.0328980676015237,0.0
12,0.05,140,0.027642056775044867,0.0
12,0.05,141,0.021379507726567687,0.0
12,0.05,142,0.02250517794028512,0.0
12,0.05,143,0.018928130636152507,0.0
12,0.05,144,0.018200191440420774,0.0
12,0.05,145,0.018275864165044446,0.0
12,0.05,146,0.024284584531284844,0.0
12,0.05,147,0.024144943610359106,0.0
12,0.05,148,0.01785827730352058,0.0
12,0.05,149,0.020817735863162677,0.0
12,0.05,150,0.02484350156765708,0.0
12,0.05,151,0.028328601894359023,0.0
12,0.05,152,0.031004271482321353,0.0
12,0.05,153,0.027554704640890906,0.0
12,0.05,154,0.028958409663408076,0.0
12,0.05,155,0.033783384630345116,0.0
12,0.05,156,0.035048080302462606,0.0
12,0.05,157,0.027214702051318918,0.0
12,0.05,158,0.04410192805527118,0.0
12,0.05,159,0.03741586378510149,0.0
12,0.05,160,0.039975287929298296,0.0
12,0.05,161,0.04019471222304612,0.0
12,0.05,162,0.029544967392045277,0.0
12,0.05,163,0.027811511202871335,0.0
12,0.05,164,0.030150809992159723,0.0
12,0.05,165,0.028650385118877034,0.0
12,0.05,166,0.02935028164681362,0.0
12,0.05,167,0.026265257732379914,0.0
12,0.05,168,0.02301989204821753,0.0
12,0.05,169,0.020402750572450758,0.0
12,0.05,170,0.019997125997626895,0.0
12,0.05,171,0.019940176981879307,0.0
12,0.05,172,0.0182042354525501,0.0
12,0.05,173,0.02138482362937536,0.0
12,0.05,174,0.023088262273901938,0.0
12,0.05,175,0.02682810649459785,0.0
12,0.05,176,0.02734832124981271,0.0
12,0.05,177,0.021276719199264656,0.0
12,0.05,178,0.022129502995159592,0.0
12,0.05,179,0.022154256214806985,0.0
12,0.05,180,0.019062167181908066,0.0
12,0.05,181,0.017125761102807887,0.0
12,0.05,182,0.022939591535449767,0.0
12,0.05,183,0.023500225353685476,0.0
12,0.05,184,0.025225451779767812,0.0
12,0.05,185,0.021437121860450742,0.0
12,0.05,186,0.024127420277716024,0.0
12,0.05,187,0.023657234846571232,0.0
12,0.05,188,0.027575722708934765,0.0
12,0.05,189,0.02550531955377861,0.0
12,0.05,190,0.027507129776164974,0.0
12,0.05,191,0.027368565479451882,0.0
12,0.05,192,0.02266999321081618,0.0
12,0.05,193,0.025342591606991517,0.0
12,0.05,194,0.025475661203233715,0.0
12,0.05,195,0.028519302960330208,0.0
12,0.05,196,0.02169076640918152,0.0
12,0.05,197,0.02165209830971486,0.0
12,0.05,198,0.023587326674098134,0.0
12,0.05,199,0.022060064429451166,0.0
12,0.05,200,0.02139683740569788,0.0
12,0.05,201,0.01849770473594815,0.0
12,0.05,202,0.020364947084781534,0.0
12,0.05,203,0.031242020697077315,0.0
12,0.05,204,0.029087418387072326,0.0
12,0.05,205,0.02383542812535484,0.0
12,0.05,206,0.024188050637226358,0.0
12,0.05,207,0.021433338942920835,0.0
12,0.05,208,0.019550591006521036,0.0
12,0.05,209,0.02256275609992345,0.0
12,0.05,210,0.02169180198123479,0.0
12,0.05,211,0.021668330283852986,0.0
12,0.05,212,0.022939151470454045,0.0
12,0.05,213,0.02350795909198416,0.0
12,0.05,214,0.02011778538293728,0.0
12,0.05,215,0.0183774980750941,0.0
12,0.05,216,0.022074411846214326,0.0
12,0.05,217,0.025451956423518444,0.0
12,0.05,218,0.025382979453262112,0.0
12,0.05,219,0.028690644463897644,0.0
12,0.05,220,0.02490726721945775,0.0
12,0.05,221,0.02730366307551805,0.0
12,0.05,222,0.02984480339491387,0.0
12,0.05,223,0.03347068788785546,0.0
12,0.05,224,0.03128675689823764,0.0
12,0.05,225,0.02840421645533164,0.0
12,0.05,226,0.022447919894300648,0.0
12,0.05,227,0.017876378912954474,0.0
12,0.05,228,0.019542640934547665,0.0
12,0.05,229,0.02138951741146075,0.0
12,0.05,230,0.019932624279677975,0.0
12,0.05,231,0.018897710230511285,0.0
12,0.05,232,0.021532398124747214,0.0
12,0.05,233,0.017897908850194176,0.0
12,0.05,234,0.016123585246202953,0.0
12,0.05,235,0.01610081084751977,0.0
12,0.05,236,0.024436949040647554,0.0
12,0.05,237,0.025426438598363223,0.0
12,0.05,238,0.028232509118371087,0.0
12,0.05,239,0.03547692954055173,0.0
12,0.05,240,0.03733819950356725,0.0
12,0.05,241,0.03367006014629453,0.0
12,0.05,242,0.02488270931286459,0.0
12,0.05,243,0.02859996087272762,0.0
12,0.05,244,0.023302352767126045,0.0
12,0.05,245,0.022540700832201954,0.0
12,0.05,246,0.0182972007137003,0.0
12,0.05,247,0.018875804451556143,0.0
12,0.05,248,0.01804278286420083,0.0
12,0.05,249,0.018705372234665292,0.0
12,0.05,250,0.01780199124696081,0.0
12,0.05,251,0.020672596830518076,0.0
12,0.05,252,0.021576222784802427,0.0
12,0.05,253,0.01711554397200565,0.0
12,0.05,254,0.021811870001236428,0.0
12,0.05,255,0.022135203211324495,0.0
12,0.05,256,0.022232522999809812,0.0
12,0.05,257,0.0252413328393013,0.0
12,0.05,258,0.026657324049626997,0.0
12,0.05,259,0.02876954871281333,0.0
12,0.05,260,0.02239597616116904,0.0
12,0.05,261,0.022592700179123227,0.0
12,0.05,262,0.021518275789593613,0.0
12,0.05,263,0.016556263036606626,0.0
12,0.05,264,0.016514076058163366,0.0
12,0.05,265,0.017649499123379844,0.0
12,0.05,266,0.022842410903957888,0.0
12,0.05,267,0.019616795942320124,0.0
12,0.05,268,0.016996121212990153,0.0
12,0.05,269,0.021160713204989703,0.0
12,0.05,270,0.016843260736303985,0.0
12,0.05,271,0.017549928666742612,0.0
12,0.05,272,0.020713020580865618,0.0
12,0.05,273,0.01731065321375742,0.0
12,0.05,274,0.018183270141569178,0.0
12,0.05,275,0.017857329904059128,0.0
12,0.05,276,0.02047761133827178,0.0
12,0.05,277,0.015713875502325537,0.0
12,0.05,278,0.01772418131575557,0.0
12,0.05,279,0.023610540856849504,0.0
12,0.05,280,0.022950783526199815,0.0
12,0.05,281,0.021345546560374063,0.0
12,0.05,282,0.017856551990281667,0.0
12,0.05,283,0.019043698663836373,0.0
12,0.05,284,0.020243513845022078,0.0
12,0.05,285,0.018462800558724485,0.0
12,0.05,286,0.01711057818661834,0.0
12,0.05,287,0.017317270082849546,0.0
12,0.05,288,0.018083641051101322,0.0
12,0.05,289,0.021501727891356074,0.0
12,0.05,290,0.016636833847780842,0.0
12,0.05,291,0.017928289644995453,0.0
12,0.05,292,0.02199118851421949,0.0
12,0.05,293,0.020657300516203913,0.0
12,0.05,294,0.021736730507686007,0.0
12,0.05,295,0.02282053955412148,0.0
12,0.05,296,0.022211064892847177,0.0
12,0.05,297,0.019104214034206757,0.0
12,0.05,298,0.023225686605426704,0.0
12,0.05,299,0.02264212800762834,0.0
12,0.05,300,0.0244218418865907,0.0
12,0.05,301,0.026657306642548527,0.0
12,0.05,302,0.023816022067322654,0.0
12,0.05,303,0.016650538621208834,0.0
12,0.05,304,0.021276762386831752,0.0
12,0.05,305,0.023412836050327897,0.0
12,0.05,306,0.02338784197236623,0.0
12,0.05,307,0.026804671973746343,0.0
12,0.05,308,0.024739233480620095,0.0
12,0.05,309,0.019176044328586047,0.0
12,0.05,310,0.019081302980123612,0.0
12,0.05,311,0.020213814506437933,0.0
12,0.05,312,0.02149706787733182,0.0
12,0.05,313,0.023405988962660388,0.0
12,0.05,314,0.02033860562059867,0.0
12,0.05,315,0.0219203245032261,0.0
12,0.05,316,0.020606172326534854,0.0
12,0.05,317,0.024523392478539064,0.0
12,0.05,318,0.021370794356150396,0.0
12,0.05,319,0.018909000330861635,0.0
12,0.05,320,0.017779588804234185,0.0
12,0.05,321,0.02057943938291805,0.0
12,0.05,322,0.024496523845000194,0.0
12,0.05,323,0.026836013237225478,0.0
12,0.05,324,0.025127239966492385,0.0
12,0.05,325,0.03021064168526569,0.0
12,0.05,326,0.027258970265118265,0.0
12,0.05,327,0.029345266714228335,0.0
12,0.05,328,0.024374533845442303,0.0
12,0.05,329,0.025343399554391122,0.0
12,0.05,330,0.025674214184810543,0.0
12,0.05,331,0.02203447574225353,0.0
12,0.05,332,0.0318594671644276,0.0
12,0.05,333,0.02916443515129802,0.0
12,0.05,334,0.020790550825095934,0.0
12,0.05,335,0.02140950198234332,0.0
12,0.05,336,0.021994188409469987,0.0
12,0.05,337,0.021408931878600254,0.0
12,0.05,338,0.02808188108105766,0.0
12,0.05,339,0.023621399617543302,0.0
12,0.05,340,0.022012018310780958,0.0
12,0.05,341,0.026051261098902587,0.0
12,0.05,342,0.026737902291158185,0.0
12,0.05,343,0.0287328634723903,0.0
12,0.05,344,0.026247390227981456,0.0
12,0.05,345,0.022589554436491785,0.0
12,0.05,346,0.022398962863974164,0.0
12,0.05,347,0.01808853186169441,0.0
12,0.05,348,0.015474465002919316,0.0
12,0.05,349,0.013541803914489663,0.0
12,0.05,350,0.014148394626782374,0.0
12,0.05,351,0.01652254473214605,0.0
12,0.05,352,0.019795894102815115,0.0
12,0.05,353,0.01970280605159362,0.0
12,0.05,354,0.01840999955541338,0.0
12,0.05,355,0.0173970940660978,0.0
12,0.05,356,0.0165807130316742,0.0
12,0.05,357,0.017341194499664862,0.0
12,0.05,358,0.016682182331502666,0.0
12,0.05,359,0.016382987936882813,0.0
12,0.05,360,0.017138587045570378,0.0
12,0.05,361,0.020684515946333106,0.0
12,0.05,362,0.020232843662506078,0.0
12,0.05,363,0.0244878339356482,0.0
12,0.05,364,0.027697824871609756,0.0
12,0.05,365,0.03321137780064558,0.0
12,0.05,366,0.027134083065474948,0.0
12,0.05,367,0.026081683753861138,0.0
12,0.05,368,0.022644831302653774,0.0
12,0.05,369,0.018934235521157614,0.0
12,0.05,370,0.018371250609446353,0.0
12,0.05,371,0.023565319677991182,0.0
12,0.05,372,0.024566087202032426,0.0
12,0.05,373,0.023880369379057534,0.0
12,0.05,374,0.02520901120474978,0.0
12,0.05,375,0.02146780033571686,0.0
12,0.05,376,0.018977836301137,0.0
12,0.05,377,0.01788003029717754,0.0
12,0.05,378,0.021094361925188466,0.0
12,0.05,379,0.022413785296604122,0.0
12,0.05,380,0.02486114391617259,0.0
12,0.05,381,0.023227768559416013,0.0
12,0.05,382,0.0190966094646532,0.0
12,0.05,383,0.018260671629422486,0.0
12,0.05,384,0.01430230589091192,0.0
12,0.05,385,0.019385004191640506,0.0
12,0.05,386,0.020293014198577562,0.0
12,0.05,387,0.017735787245314126,0.0
12,0.05,388,0.019941983158225214,0.0
12,0.05,389,0.027087181474357836,0.0
12,0.05,390,0.025926238521311595,0.0
12,0.05,391,0.022032948318282015,0.0
12,0.05,392,0.022644377475987864,0.0
12,0.05,393,0.023449295241624556,0.0
12,0.05,394,0.02519345603546617,0.0
12,0.05,395,0.024432118292965654,0.0
12,0.05,396,0.02798168812823206,0.0
12,0.05,397,0.027426159086673438,0.0
12,0.05,398,0.025668111229442424,0.0
12,0.05,399,0.023161481810582755,0.0
12,0.05,400,0.01946802644943069,0.0
12,0.05,401,0.019369792272042143,0.0
12,0.05,402,0.0244326978956452,0.0
12,0.05,403,0.020715157770462636,0.0
12,0.05,404,0.017810118274354015,0.0
12,0.05,405,0.0203164563189014,0.0
12,0.05,406,0.01803680388092612,0.0
12,0.05,407,0.015374923884228056,0.0
12,0.05,408,0.018337054119434322,0.0
12,0.05,409,0.024554483130508408,0.0
12,0.05,410,0.031416450191558705,0.0
12,0.05,411,0.028505853412410832,0.0
12,0.05,412,0.027115064567014385,0.0
12,0.05,413,0.026208730833470528,0.0
12,0.05,414,0.024866465033609234,0.0
12,0.05,415,0.030000612435631492,0.0
12,0.05,416,0.026655042751777547,0.0
12,0.05,417,0.033368343868333865,0.0
12,0.05,418,0.026948930925357613,0.0
12,0.05,419,0.02772436965623886,0.0
12,0.05,420,0.020649591192832193,0.0
12,0.05,421,0.018343575297665313,0.0
12,0.05,422,0.02221209778252456,0.0
12,0.05,423,0.026006347693089488,0.0
12,0.05,424,0.024450558894772986,0.0
12,0.05,425,0.021343087929089698,0.0
12,0.05,426,0.02326528737860075,0.0
12,0.05,427,0.024198939516587532,0.0
12,0.05,428,0.020147153799262577,0.0
12,0.05,429,0.0227469530246472,0.0
12,0.05,430,0.022296474133588838,0.0
12,0.05,431,0.02016130055693175,0.0
12,0.05,432,0.0203131406578028,0.0
12,0.05,433,0.02573949216375941,0.0
12,0.05,434,0.02262370467270699,0.0
12,0.05,435,0.025725228905060692,0.0
12,0.05,436,0.02347263130478274,0.0
12,0.05,437,0.023449381617196518,0.0
12,0.05,438,0.026946875945396145,0.0
12,0.05,439,0.032180298655483656,0.0
12,0.05,440,0.035461070919863016,0.0
12,0.05,441,0.03813508427002379,0.0
12,0.05,442,0.031223720538763353,0.0
12,0.05,443,0.028043735952153894,0.0
12,0.05,444,0.017811393282343647,0.0
12,0.05,445,0.02622586353234486,0.0
12,0.05,446,0.02494788207908126,0.0
12,0.05,447,0.022954830336037606,0.0
12,0.05,448,0.027246398346114593,0.0
12,0.05,449,0.029555566988165295,0.0
12,0.05,450,0.026240422001460623,0.0
12,0.05,451,0.021068853119431782,0.0
12,0.05,452,0.030057142613902448,0.0
12,0.05,453,0.025512322088825305,0.0
12,0.05,454,0.030564933650603955,0.0
12,0.05,455,0.024069905490875284,0.0
12,0.05,456,0.01815375685153517,0.0
12,0.05,457,0.016745849383059147,0.0
12,0.05,458,0.017867237811441193,0.0
12,0.05,459,0.018740527898279145,0.0
12,0.05,460,0.0189392835056328,0.0
12,0.05,461,0.01982947164474613,0.0
12,0.05,462,0.019529328637662907,0.0
12,0.05,463,0.021749416825644515,0.0
12,0.05,464,0.018113675839495573,0.0
12,0.05,465,0.018517038973625596,0.0
12,0.05,466,0.0211529215541472,0.0
12,0.05,467,0.01910425773630474,0.0
12,0.05,468,0.021909751944177144,0.0
12,0.05,469,0.025092356319849296,0.0
12,0.05,470,0.027112702054463467,0.0
12,0.05,471,0.023557574702167138,0.0
12,0.05,472,0.019982201721768192,0.0
12,0.05,473,0.02049532298205638,0.0
12,0.05,474,0.027923061464792988,0.0
12,0.05,475,0.025043128224035604,0.0
12,0.05,476,0.02308255926275507,0.0
12,0.05,477,0.019345246664181377,0.0
12,0.05,478,0.01770314917603959,0.0
12,0.05,479,0.021762042609414278,0.0
12,0.05,480,0.01583441092450472,0.0
12,0.05,481,0.01849787614107802,0.0
12,0.05,482,0.022251571324558583,0.0
12,0.05,483,0.022415639555952046,0.0
12,0.05,484,0.020995291744079023,0.0
12,0.05,485,0.01727022560357099,0.0
12,0.05,486,0.019718638105765306,0.0
12,0.05,487,0.024555569487161626,0.0
12,0.05,488,0.027606645822231265,0.0
12,0.05,489,0.024379110598640823,0.0
12,0.05,490,0.022491418021678596,0.0
12,0.05,491,0.026483502050438562,0.0
12,0.05,492,0.022899819134870616,0.0
12,0.05,493,0.02233484682492981,0.0
12,0.05,494,0.022567321132322803,0.0
12,0.05,495,0.023107790744454605,0.0
12,0.05,496,0.02056505916593216,0.0
12,0.05,497,0.020607073218157496,0.0
12,0.05,498,0.01996700332000261,0.0
12,0.05,499,0.0225914359508616,0.0
12,0.05,500,0.024614543457641847,0.0
12,0.1,0,0.08038209619887772,0.0
12,0.1,1,0.059040197219964966,0.0
12,0.1,2,0.03706136253164477,0.0
12,0.1,3,0.03521402013107408,0.0
12,0.1,4,0.028313672773681513,0.0
12,0.1,5,0.024918711004373484,0.0
12,0.1,6,0.01935966488965005,0.0
12,0.1,7,0.024503150973152064,0.0
12,0.1,8,0.02069194125534467,0.0
12,0.1,9,0.020645147862233544,0.0
12,0.1,10,0.023109939897291477,0.0
12,0.1,11,0.017214994919535657,0.0
12,0.1,12,0.014789375030066436,0.0
12,0.1,13,0.018969028344553013,0.0
12,0.1,14,0.018056847943113234,0.0
12,0.1,15,0.020628570083488555,0.0
12,0.1,16,0.022454859915276345,0.0
12,0.1,17,0.023038054156600957,0.0
12,0.1,18,0.02082800830805692,0.0
12,0.1,19,0.021534752757133246,0.0
12,0.1,20,0.02745657633558366,0.0
12,0.1,21,0.022151419456388745,0.0
12,0.1,22,0.024344698833700093,0.0
12,0.1,23,0.024110131818904347,0.0
12,0.1,24,0.017888921327361744,0.0
12,0.1,25,0.023017175622822003,0.0
12,0.1,26,0.021877519679686427,0.0
12,0.1,27,0.022431484724450824,0.0
12,0.1,28,0.018243268740160846,0.0
12,0.1,29,0.02082027462061168,0.0
12,0.1,30,0.020101999165022578,0.0
12,0.1,31,0.015996807716703032,0.0
12,0.1,32,0.019880085311253237,0.0
12,0.1,33,0.020086554100503834,0.0
12,0.1,34,0.022049470339160538,0.0
12,0.1,35,0.023880730931923555,0.0
12,0.1,36,0.020207623036704515,0.0
12,0.1,37,0.015895406060987133,0.0
12,0.1,38,0.017356085048122687,0.0
12,0.1,39,0.015317533149598089,0.0
12,0.1,40,0.016999813838478116,0.0
12,0.1,41,0.014947953356434018,0.0
12,0.1,42,0.017159766250470502,0.0
12,0.1,43,0.017671035626823685,0.0
12,0.1,44,0.01921105440441066,0.0
12,0.1,45,0.024486695802422576,0.0
12,0.1,46,0.022639763933419065,0.0
12,0.1,47,0.025349446494397725,0.0
12,0.1,48,0.022624435512693903,0.0
12,0.1,49,0.0194223741612663,0.0
12,0.1,50,0.017319758327119947,0.0
12,0.1,51,0.02099620877515132,0.0
12,0.1,52,0.025034453845468672,0.0
12,0.1,53,0.024519788869018056,0.0
12,0.1,54,0.023922796974155832,0.0
12,0.1,55,0.027354824234245935,0.0
12,0.1,56,0.02956174998681593,0.0
12,0.1,57,0.027443852495045978,0.0
12,0.1,58,0.024879205023716697,0.0
12,0.1,59,0.026291062031299293,0.0
12,0.1,60,0.026485165550500338,0.0
12,0.1,61,0.030896426478830223,0.0
12,0.1,62,0.033415433681602096,0.0
12,0.1,63,0.0330924695096853,0.0
12,0.1,64,0.03095298993224876,0.0
12,0.1,65,0.03243572887243917,0.0
12,0.1,66,0.039969940443191444,0.0
12,0.1,67,0.0339363255907658,0.0
12,0.1,68,0.031035029452962316,0.0
12,0.1,69,0.03255603526408929,0.0
12,0.1,70,0.03769766238897062,0.0
12,0.1,71,0.03178667719444138,0.0
12,0.1,72,0.03165665964872681,0.0
12,0.1,73,0.028830124061281735,0.0
12,0.1,74,0.021418931579380827,0.0
12,0.1,75,0.023907739335795007,0.0
12,0.1,76,0.020492508115080677,0.0
12,0.1,77,0.021105503039134985,0.0
12,0.1,78,0.023903792050041534,0.0
12,0.1,79,0.020481589469128036,0.0
12,0.1,80,0.020308041032040317,0.0
12,0.1,81,0.02303953901907162,0.0
12,0.1,82,0.024238629459213443,0.0
12,0.1,83,0.029097615471639665,0.0
12,0.1,84,0.026467874077024937,0.0
12,0.1,85,0.03170469000119672,0.0
12,0.1,86,0.021723780412556074,0.0
12,0.1,87,0.020777906212453214,0.0
12,0.1,88,0.0221661635856889,0.0
12,0.1,89,0.024540730209730032,0.0
12,0.1,90,0.02646501936146715,0.0
12,0.1,91,0.023527216326513396,0.0
12,0.1,92,0.021370663452541537,0.0
12,0.1,93,0.016928660178530196,0.0
12,0.1,94,0.01849986650627613,0.0
12,0.1,95,0.016905169100539255,0.0
12,0.1,96,0.01757928681681038,0.0
12,0.1,97,0.02303776276593328,0.0
12,0.1,98,0.016766662957783566,0.0
12,0.1,99,0.018337914895829123,0.0
12,0.1,100,0.021225129308511625,0.0
12,0.1,101,0.02014466808184155,0.0
12,0.1,102,0.023915331925324534,0.0
12,0.1,103,0.022511558320424757,0.0
12,0.1,104,0.030627164997272187,0.0
12,0.1,105,0.023431415162945193,0.0
12,0.1,106,0.023588112921336443,0.0
12,0.1,107,0.02662103354125651,0.0
12,0.1,108,0.025767799769371536,0.0
12,0.1,109,0.02810239607059693,0.0
12,0.1,110,0.02562361124943852,0.0
12,0.1,111,0.028575342063919935,0.0
12,0.1,112,0.03288142315497204,0.0
12,0.1,113,0.031028210704899254,0.0
12,0.1,114,0.028426320121388716,0.0
12,0.1,115,0.02848446444039939,0.0
12,0.1,116,0.024924040825406116,0.0
12,0.1,117,0.026512354086116793,0.0
12,0.1,118,0.030090219655426433,0.0
12,0.1,119,0.02765819363417055,0.0
12,0.1,120,0.02292806365139782,0.0
12,0.1,121,0.023781693058429042,0.0
12,0.1,122,0.02582125562533106,0.0
12,0.1,123,0.021078912192785095,0.0
12,0.1,124,0.019766540970403472,0.0
12,0.1,125,0.0232961030792285,0.0
12,0.1,126,0.021341508690613728,0.0
12,0.1,127,0.022854091116148036,0.0
12,0.1,128,0.019846661434901578,0.0
12,0.1,129,0.025008032675416424,0.0
12,0.1,130,0.03242959142208772,0.0
12,0.1,131,0.03298278449014485,0.0
12,0.1,132,0.02918645554297496,0.0
12,0.1,133,0.027098382563700674,0.0
12,0.1,134,0.03034436950241481,0.0
12,0.1,135,0.030517483894723384,0.0
12,0.1,136,0.03231180393168727,0.0
12,0.1,137,0.024850487662583003,0.0
12,0.1,138,0.025784327715401373,0.0
12,0.1,139,0.020996030657799952,0.0
12,0.1,140,0.02190840801098934,0.0
12,0.1,141,0.018747302063575104,0.0
12,0.1,142,0.019307408738729034,0.0
12,0.1,143,0.024736395842566306,0.0
12,0.1,144,0.02593678027265944,0.0
12,0.1,145,0.025718212074863064,0.0
12,0.1,146,0.02727505815537996,0.0
12,0.1,147,0.02102908237180669,0.0
12,0.1,148,0.020766404342401026,0.0
12,0.1,149,0.022810270377205254,0.0
12,0.1,150,0.0179009343754419,0.0
12,0.1,151,0.024285661499273702,0.0
12,0.1,152,0.01961751923802239,0.0
12,0.1,153,0.023169861755122555,0.0
12,0.1,154,0.023306074030566545,0.0
12,0.1,155,0.019377313806537903,0.0
12,0.1,156,0.0238841887032345,0.0
12,0.1,157,0.02487135645460667,0.0
12,0.1,158,0.030594251192827257,0.0
12,0.1,159,0.023905684881365956,0.0
12,0.1,160,0.018825711106281295,0.0
12,0.1,161,0.013700379800038291,0.0
12,0.1,162,0.015608275181299276,0.0
12,0.1,163,0.0205984398046812,0.0
12,0.1,164,0.025812053822606065,0.0
12,0.1,165,0.020210451913213145,0.0
12,0.1,166,0.017712479655281974,0.0
12,0.1,167,0.02074500275944913,0.0
12,0.1,168,0.0189267874014389,0.0
12,0.1,169,0.0204272919431338,0.0
12,0.1,170,0.02066015150472924,0.0
12,0.1,171,0.017783185830347294,0.0
12,0.1,172,0.015660216149965916,0.0
12,0.1,173,0.018643614164299768,0.0
12,0.1,174,0.023827651769538084,0.0
12,0.1,175,0.018519329398701604,0.0
12,0.1,176,0.02054297957524566,0.0
12,0.1,177,0.01827531179660707,0.0
12,0.1,178,0.016657152823534846,0.0
12,0.1,179,0.019505836151233674,0.0
12,0.1,180,0.02085413529019277,0.0
12,0.1,181,0.017726279618597702,0.0
12,0.1,182,0.024227540221502388,0.0
12,0.1,183,0.01752261162518591,0.0
12,0.1,184,0.02113341082155037,0.0
12,0.1,185,0.022227153372342764,0.0
12,0.1,186,0.0191544201377898,0.0
12,0.1,187,0.01959105829788543,0.0
12,0.1,188,0.02104636063291445,0.0
12,0.1,189,0.018605077040373463,0.0
12,0.1,190,0.01908993648045731,0.0
12,0.1,191,0.015349387270733626,0.0
12,0.1,192,0.013082490485236731,0.0
12,0.1,193,0.015119968562512581,0.0
12,0.1,194,0.020188976163829912,0.0
12,0.1,195,0.01975512401011158,0.0
12,0.1,196,0.020932500927014094,0.0
12,0.1,197,0.021044061775351737,0.0
12,0.1,198,0.01969745382399126,0.0
12,0.1,199,0.018598241877056273,0.0
12,0.1,200,0.019363887333753858,0.0
12,0.1,201,0.024256292082408853,0.0
12,0.1,202,0.02557229962544986,0.0
12,0.1,203,0.0215153655448925,0.0
12,0.1,204,0.018102447584009508,0.0
12,0.1,205,0.01848205840842666,0.0
12,0.1,206,0.020750244620858647,0.0
12,0.1,207,0.01853563019047173,0.0
12,0.1,208,0.018645055698429506,0.0
12,0.1,209,0.014309670876680005,0.0
12,0.1,210,0.021962019008870525,0.0
12,0.1,211,0.019863677930779713,0.0
12,0.1,212,0.02244998743848132,0.0
12,0.1,213,0.016444393289923465,0.0
12,0.1,214,0.01381277748771695,0.0
12,0.1,215,0.022466442167076273,0.0
12,0.1,216,0.02112089970501589,0.0
12,0.1,217,0.01922831027198858,0.0
12,0.1,218,0.016664699142161433,0.0
12,0.1,219,0.025059454921091736,0.0
12,0.1,220,0.02137869768732622,0.0
12,0.1,221,0.02056295727926102,0.0
12,0.1,222,0.021767717276486166,0.0
12,0.1,223,0.022350553023761082,0.0
12,0.1,224,0.02626420401326623,0.0
12,0.1,225,0.024302497921747216,0.0
12,0.1,226,0.026128497446894383,0.0
12,0.1,227,0.025544802858824763,0.0
12,0.1,228,0.024756131717724,0.0
12,0.1,229,0.02663911393997836,0.0
12,0.1,230,0.02501951891070605,0.0
12,0.1,231,0.026312597627439486,0.0
12,0.1,232,0.027463567349828133,0.0
12,0.1,233,0.02750173282300923,0.0
12,0.1,234,0.020529154562138947,0.0
12,0.1,235,0.022578284254121846,0.0
12,0.1,236,0.02422906468366658,0.0
12,0.1,237,0.020499859246970117,0.0
12,0.1,238,0.021064530630915162,0.0
12,0.1,239,0.024057761770783437,0.0
12,0.1,240,0.02779193011638994,0.0
12,0.1,241,0.019920821643808716,0.0
12,0.1,242,0.017507827755304496,0.0
12,0.1,243,0.020179891909911922,0.0
12,0.1,244,0.020727572246488538,0.0
12,0.1,245,0.018217107741580106,0.0
12,0.1,246,0.02072138106378112,0.0
12,0.1,247,0.017522945413042033,0.0
12,0.1,248,0.024310074687396845,0.0
12,0.1,249,0.02834683984072504,0.0
12,0.1,250,0.02700639037502748,0.0
12,0.1,251,0.019803220039532436,0.0
12,0.1,252,0.021791674609099195,0.0
12,0.1,253,0.021344027995847382,0.0
12,0.1,254,0.030772920485103543,0.0
12,0.1,255,0.03158952299483804,0.0
12,0.1,256,0.026473448800820556,0.0
12,0.1,257,0.022814925824695333,0.0
12,0.1,258,0.023408838282201163,0.0
12,0.1,259,0.020628952123723173,0.0
12,0.1,260,0.02003214187959729,0.0
12,0.1,261,0.020272529461590184,0.0
12,0.1,262,0.020584787461394364,0.0
12,0.1,263,0.0246917696422843,0.0
12,0.1,264,0.02430813522105314,0.0
12,0.1,265,0.027445728089539347,0.0
12,0.1,266,0.024601066994590793,0.0
12,0.1,267,0.020085660827101434,0.0
12,0.1,268,0.022459850167241016,0.0
12,0.1,269,0.028087697322995212,0.0
12,0.1,270,0.03255690005576493,0.0
12,0.1,271,0.022397327202786043,0.0
12,0.1,272,0.028249013974486724,0.0
12,0.1,273,0.027397648556214807,0.0
12,0.1,274,0.02480860454783922,0.0
12,0.1,275,0.01801121267334347,0.0
12,0.1,276,0.020298719643699514,0.0
12,0.1,277,0.02720664326385525,0.0
12,0.1,278,0.027788353750775548,0.0
12,0.1,279,0.023676451476482657,0.0
12,0.1,280,0.026743104111427187,0.0
12,0.1,281,0.02399429267850947,0.0
12,0.1,282,0.018860771461786538,0.0
12,0.1,283,0.021582400651753198,0.0
12,0.1,284,0.021795287171490742,0.0
12,0.1,285,0.020605224608207663,0.0
12,0.1,286,0.022069708798641216,0.0
12,0.1,287,0.022154884289344423,0.0
12,0.1,288,0.01894485858456733,0.0
12,0.1,289,0.017280663109908764,0.0
12,0.1,290,0.017524099022544613,0.0
12,0.1,291,0.01691440373115505,0.0
12,0.1,292,0.02291734837209222,0.0
12,0.1,293,0.02261419440623266,0.0
12,0.1,294,0.020484037026073012,0.0
12,0.1,295,0.022275836061073414,0.0
12,0.1,296,0.020698800787260083,0.0
12,0.1,297,0.019214812656541166,0.0
12,0.1,298,0.020423647577468063,0.0
12,0.1,299,0.018600864418176263,0.0
12,0.1,300,0.016951218733206007,0.0
12,0.1,301,0.020039981005707596,0.0
12,0.1,302,0.023424134787402625,0.0
12,0.1,303,0.026368977684362967,0.0
12,0.1,304,0.0267244132187084,0.0
12,0.1,305,0.02549161570441993,0.0
12,0.1,306,0.026641270942557114,0.0
12,0.1,307,0.024581842377396114,0.0
12,0.1,308,0.02485890374038825,0.0
12,0.1,309,0.021577212498782514,0.0
12,0.1,310,0.02271657473631083,0.0
12,0.1,311,0.02113630535590809,0.0
12,0.1,312,0.027124725402264637,0.0
12,0.1,313,0.023047941566142094,0.0
12,0.1,314,0.031467124443313614,0.0
12,0.1,315,0.026026039689689116,0.0
12,0.1,316,0.023617360228957582,0.0
12,0.1,317,0.02856194058175453,0.0
12,0.1,318,0.02270624235426003,0.0
12,0.1,319,0.02628976219236316,0.0
12,0.1,320,0.020719481172906385,0.0
12,0.1,321,0.023171509127987454,0.0
12,0.1,322,0.024814113771883372,0.0
12,0.1,323,0.020088749181671247,0.0
12,0.1,324,0.0181125570399129,0.0
12,0.1,325,0.019221524037561288,0.0
12,0.1,326,0.020686755032558096,0.0
12,0.1,327,0.019308531862107126,0.0
12,0.1,328,0.017718681704480103,0.0
12,0.1,329,0.01773970572264407,0.0
12,0.1,330,0.023051604109810574,0.0
12,0.1,331,0.023456415662993137,0.0
12,0.1,332,0.021335840907525806,0.0
12,0.1,333,0.023131687251178375,0.0
12,0.1,334,0.022156762539896842,0.0
12,0.1,335,0.020917571831333318,0.0
12,0.1,336,0.019307318295442202,0.0
12,0.1,337,0.020719444964941304,0.0
12,0.1,338,0.020775521592935955,0.0
12,0.1,339,0.02478069092013207,0.0
12,0.1,340,0.022297443149209624,0.0
12,0.1,341,0.020984128712888902,0.0
12,0.1,342,0.02889143145842746,0.0
12,0.1,343,0.022489743749409277,0.0
12,0.1,344,0.029883716463596284,0.0
12,0.1,345,0.02734145973589724,0.0
12,0.1,346,0.02258093015182281,0.0
12,0.1,347,0.021792845695872386,0.0
12,0.1,348,0.022768891251245912,0.0
12,0.1,349,0.02700516917524852,0.0
12,0.1,350,0.029584310773936095,0.0
12,0.1,351,0.022938051366405074,0.0
12,0.1,352,0.03091289375363864,0.0
12,0.1,353,0.02615807672656121,0.0
12,0.1,354,0.0255807150129809,0.0
12,0.1,355,0.024506789665805984,0.0
12,0.1,356,0.0243223104359071,0.0
12,0.1,357,0.027198396271305502,0.0
12,0.1,358,0.020669555956579832,0.0
12,0.1,359,0.022623795421073317,0.0
12,0.1,360,0.024490836686760664,0.0
12,0.1,361,0.021197010111847336,0.0
12,0.1,362,0.026008628222680033,0.0
12,0.1,363,0.021401138926648283,0.0
12,0.1,364,0.023214796141971306,0.0
12,0.1,365,0.0196107165678968,0.0
12,0.1,366,0.017927204190058818,0.0
12,0.1,367,0.017635591069157103,0.0
12,0.1,368,0.017406011211569584,0.0
12,0.1,369,0.01700318398165475,0.0
12,0.1,370,0.017779811667560808,0.0
12,0.1,371,0.016415517779720196,0.0
12,0.1,372,0.02264820528820349,0.0
12,0.1,373,0.020698501182369933,0.0
12,0.1,374,0.02105335598815332,0.0
12,0.1,375,0.019840359947639087,0.0
12,0.1,376,0.024947898517459436,0.0
12,0.1,377,0.02647380368547626,0.0
12,0.1,378,0.022803630497804647,0.0
12,0.1,379,0.01901214239374207,0.0
12,0.1,380,0.02111932277424379,0.0
12,0.1,381,0.018541030531920282,0.0
12,0.1,382,0.019134776324119546,0.0
12,0.1,383,0.02062932011318859,0.0
12,0.1,384,0.02044948687097582,0.0
12,0.1,385,0.021957545417192515,0.0
12,0.1,386,0.02168384806404601,0.0
12,0.1,387,0.01980779937253819,0.0
12,0.1,388,0.019577050754384148,0.0
12,0.1,389,0.019940682850511694,0.0
12,0.1,390,0.020507499504436453,0.0
12,0.1,391,0.018862868732115175,0.0
12,0.1,392,0.016706206424456985,0.0
12,0.1,393,0.01817198299402071,0.0
12,0.1,394,0.018571102055977003,0.0
12,0.1,395,0.01964429283879898,0.0
12,0.1,396,0.023025547485936528,0.0
12,0.1,397,0.022194385299088765,0.0
12,0.1,398,0.02538995003712126,0.0
12,0.1,399,0.023851901677912762,0.0
12,0.1,400,0.02442231556475394,0.0
12,0.1,401,0.022877686956618893,0.0
12,0.1,402,0.019455862642611,0.0
12,0.1,403,0.019224490846063293,0.0
12,0.1,404,0.024619601479029907,0.0
12,0.1,405,0.025145356880725847,0.0
12,0.1,406,0.027637465459728356,0.0
12,0.1,407,0.023359481646170216,0.0
12,0.1,408,0.027202267478990242,0.0
12,0.1,409,0.02684876388328745,0.0
12,0.1,410,0.0308476476970959,0.0
12,0.1,411,0.03088576528855025,0.0
12,0.1,412,0.029583998385046696,0.0
12,0.1,413,0.027688264562476972,0.0
12,0.1,414,0.023276934492115462,0.0
12,0.1,415,0.028430355267868683,0.0
12,0.1,416,0.028286857907057542,0.0
12,0.1,417,0.033787179597288476,0.0
12,0.1,418,0.029261718059411527,0.0
12,0.1,419,0.024645143171362682,0.0
12,0.1,420,0.02709172416603307,0.0
12,0.1,421,0.02731268076016846,0.0
12,0.1,422,0.02496153704890969,0.0
12,0.1,423,0.024209281684042412,0.0
12,0.1,424,0.017252383915889565,0.0
12,0.1,425,0.021666568510927395,0.0
12,0.1,426,0.016612991750501824,0.0
12,0.1,427,0.020928670603537758,0.0
12,0.1,428,0.021196389275443758,0.0
12,0.1,429,0.018290437101591776,0.0
12,0.1,430,0.016945946057346825,0.0
12,0.1,431,0.016886806578286645,0.0
12,0.1,432,0.019196394753016002,0.0
12,0.1,433,0.021019611906376565,0.0
12,0.1,434,0.023788181193118027,0.0
12,0.1,435,0.015578421233459927,0.0
12,0.1,436,0.01863846430946937,0.0
12,0.1,437,0.022624387219811738,0.0
12,0.1,438,0.018898357865723622,0.0
12,0.1,439,0.021960241585456942,0.0
12,0.1,440,0.0207101569204173,0.0
12,0.1,441,0.025259447090676485,0.0
12,0.1,442,0.02391822476271944,0.0
12,0.1,443,0.028966822803988365,0.0
12,0.1,444,0.03134174465085779,0.0
12,0.1,445,0.025600305562560363,0.0
12,0.1,446,0.029978531840487817,0.0
12,0.1,447,0.024752951677227176,0.0
12,0.1,448,0.02944805995688061,0.0
12,0.1,449,0.032467588203739815,0.0
12,0.1,450,0.02957753403627563,0.0
12,0.1,451,0.028935637422849644,0.0
12,0.1,452,0.028129515155355774,0.0
12,0.1,453,0.030735519810223183,0.0
12,0.1,454,0.02680771929319932,0.0
12,0.1,455,0.028026031756485822,0.0
12,0.1,456,0.02270582107237004,0.0
12,0.1,457,0.022386976182201677,0.0
12,0.1,458,0.017673950171200804,0.0
12,0.1,459,0.02302334870472497,0.0
12,0.1,460,0.02012557478193584,0.0
12,0.1,461,0.022135801145392254,0.0
12,0.1,462,0.027833477276374106,0.0
12,0.1,463,0.03123146683675947,0.0
12,0.1,464,0.024407189813820472,0.0
12,0.1,465,0.018313969758273797,0.0
12,0.1,466,0.0203436009856817,0.0
12,0.1,467,0.015982355340959188,0.0
12,0.1,468,0.017390093436426262,0.0
12,0.1,469,0.015924881077492667,0.0
12,0.1,470,0.016992083546337036,0.0
12,0.1,471,0.022399250507637216,0.0
12,0.1,472,0.021126022133155366,0.0
12,0.1,473,0.023148583319766703,0.0
12,0.1,474,0.02181287090210766,0.0
12,0.1,475,0.018359252217593502,0.0
12,0.1,476,0.019381759397041676,0.0
12,0.1,477,0.01970877898868808,0.0
12,0.1,478,0.022789024532409295,0.0
12,0.1,479,0.018640117867806463,0.0
12,0.1,480,0.021095671316415657,0.0
12,0.1,481,0.027074761319839324,0.0
12,0.1,482,0.023962416329195338,0.0
12,0.1,483,0.01860226983823497,0.0
12,0.1,484,0.02115096591574772,0.0
12,0.1,485,0.022326420790067004,0.0
12,0.1,486,0.020890324029369897,0.0
12,0.1,487,0.023573612965132548,0.0
12,0.1,488,0.0202872742345207,0.0
12,0.1,489,0.025602939590244688,0.0
12,0.1,490,0.019230349663729652,0.0
12,0.1,491,0.020595203286319162,0.0
12,0.1,492,0.02302825189768189,0.0
12,0.1,493,0.02466784198393149,0.0
12,0.1,494,0.020242854113023127,0.0
12,0.1,495,0.021143606642584495,0.0
12,0.1,496,0.020188648042404042,0.0
12,0.1,497,0.019821703888945004,0.0
12,0.1,498,0.02470734398165304,0.0
12,0.1,499,0.025154273459326245,0.0
12,0.1,500,0.023143481194784883,0.0
12,0.2,0,0.07448477548802111,0.0
12,0.2,1,0.04929743438493556,0.0
12,0.2,2,0.03809224576831398,0.0
12,0.2,3,0.023759649964206476,0.0
12,0.2,4,0.02344243986177542,0.0
12,0.2,5,0.022500964829958753,0.0
12,0.2,6,0.023811972154951323,0.0
12,0.2,7,0.02492773888416362,0.0
12,0.2,8,0.027591100891027148,0.0
12,0.2,9,0.02775666353809103,0.0
12,0.2,10,0.024562378704016025,0.0
12,0.2,11,0.022553112450482332,0.0
12,0.2,12,0.018113819445651706,0.0
12,0.2,13,0.0222672624570039,0.0
12,0.2,14,0.023224085411255365,0.0
12,0.2,15,0.025512213361934526,0.0
12,0.2,16,0.023456294838225946,0.0
12,0.2,17,0.023389608044089533,0.0
12,0.2,18,0.02343732326387688,0.0
12,0.2,19,0.028942607872925668,0.0
12,0.2,20,0.030766783574589222,0.0
12,0.2,21,0.03290216032562095,0.0
12,0.2,22,0.023925497657727626,0.0
12,0.2,23,0.020984042984966284,0.0
12,0.2,24,0.018583091465266103,0.0
12,0.2,25,0.02358255439756672,0.0
12,0.2,26,0.02357760860838252,0.0
12,0.2,27,0.019840968386890215,0.0
12,0.2,28,0.022017104474951213,0.0
12,0.2,29,0.019624555499434947,0.0
12,0.2,30,0.017491701072221987,0.0
12,0.2,31,0.0215232148746759,0.0
12,0.2,32,0.01979694380844812,0.0
12,0.2,33,0.018560114214049725,0.0
12,0.2,34,0.020889731133017283,0.0
12,0.2,35,0.02054255769286086,0.0
12,0.2,36,0.021927728807749926,0.0
12,0.2,37,0.020219222133144473,0.0
12,0.2,38,0.018389823617986346,0.0
12,0.2,39,0.01931517780205478,0.0
12,0.2,40,0.018585500569140035,0.0
12,0.2,41,0.017627219081385065,0.0
12,0.2,42,0.014997931617910328,0.0
12,0.2,43,0.020804433804605636,0.0
12,0.2,44,0.018042202628032144,0.0
12,0.2,45,0.020682527861931713,0.0
12,0.2,46,0.021984228767891065,0.0
12,0.2,47,0.01700726122266245,0.0
12,0.2,48,0.01578789669696298,0.0
12,0.2,49,0.016147331649102533,0.0
12,0.2,50,0.016119481368157825,0.0
12,0.2,51,0.020316214452941933,0.0
12,0.2,52,0.019902521318214256,0.0
12,0.2,53,0.018887003991864628,0.0
12,0.2,54,0.02136882233170356,0.0
12,0.2,55,0.019052765461048705,0.0
12,0.2,56,0.016289402357320352,0.0
12,0.2,57,0.013256212303922639,0.0
12,0.2,58,0.014312314381483292,0.0
12,0.2,59,0.012967010537104503,0.0
12,0.2,60,0.017720064995117243,0.0
12,0.2,61,0.018825224376881406,0.0
12,0.2,62,0.022431210988037544,0.0
12,0.2,63,0.016340851692760422,0.0
12,0.2,64,0.017212010081964827,0.0
12,0.2,65,0.018559678527439873,0.0
12,0.2,66,0.017946038246719982,0.0
12,0.2,67,0.019890445139758562,0.0
12,0.2,68,0.016920949325808902,0.0
12,0.2,69,0.016844211394077373,0.0
12,0.2,70,0.01895920999255147,0.0
12,0.2,71,0.016491308655359853,0.0
12,0.2,72,0.02262121900690063,0.0
12,0.2,73,0.020609986957106304,0.0
12,0.2,74,0.018846656210100215,0.0
12,0.2,75,0.018312121780988292,0.0
12,0.2,76,0.016936821789910007,0.0
12,0.2,77,0.019172680414177926,0.0
12,0.2,78,0.0161840362955795,0.0
12,0.2,79,0.017728293745807797,0.0
12,0.2,80,0.023122131944753595,0.0
12,0.2,81,0.024082516159181756,0.0
12,0.2,82,0.028549805581732618,0.0
12,0.2,83,0.016181039643642908,0.0
12,0.2,84,0.021377196564328963,0.0
12,0.2,85,0.02584545863736412,0.0
12,0.2,86,0.027526390460388135,0.0
12,0.2,87,0.03937870359497553,0.0
12,0.2,88,0.030181711731432897,0.0
12,0.2,89,0.022517621543495948,0.0
12,0.2,90,0.018763209038443814,0.0
12,0.2,91,0.01716151351261642,0.0
12,0.2,92,0.017925942264276302,0.0
12,0.2,93,0.01996633027905431,0.0
12,0.2,94,0.02220470556012478,0.0
12,0.2,95,0.020467454465936313,0.0
12,0.2,96,0.0210117223882553,0.0
12,0.2,97,0.017999312508309467,0.0
12,0.2,98,0.020345725259518607,0.0
12,0.2,99,0.01997531459086381,0.0
12,0.2,100,0.021134246644566687,0.0
12,0.2,101,0.017940274405496413,0.0
12,0.2,102,0.019205486684659937,0.0
12,0.2,103,0.022556280798268574,0.0
12,0.2,104,0.0189688867536579,0.0
12,0.2,105,0.022048258740820774,0.0
12,0.2,106,0.03082217084094679,0.0
12,0.2,107,0.02762262340050715,0.0
12,0.2,108,0.03152714831731832,0.0
12,0.2,109,0.025084446451853613,0.0
12,0.2,110,0.02719634892622587,0.0
12,0.2,111,0.024841461589141956,0.0
12,0.2,112,0.02574374090963781,0.0
12,0.2,113,0.02320560975581496,0.0
12,0.2,114,0.027037107260319524,0.0
12,0.2,115,0.02669216978058037,0.0
12,0.2,116,0.027009509385170563,0.0
12,0.2,117,0.029042007407390835,0.0
12,0.2,118,0.022894098913215616,0.0
12,0.2,119,0.020169637658010088,0.0
12,0.2,120,0.01878414949320409,0.0
12,0.2,121,0.02568219606228485,0.0
12,0.2,122,0.025471222126655882,0.0
12,0.2,123,0.02470960927094666,0.0
12,0.2,124,0.027125325432894587,0.0
12,0.2,125,0.024602544587778802,0.0
12,0.2,126,0.025385437831392195,0.0
12,0.2,127,0.02468576087688132,0.0
12,0.2,128,0.019135871509892717,0.0
12,0.2,129,0.022735527651233736,0.0
12,0.2,130,0.020635763343692517,0.0
12,0.2,131,0.017399113685898977,0.0
12,0.2,132,0.01829890962890474,0.0
12,0.2,133,0.0202127758488451,0.0
12,0.2,134,0.018267846808391455,0.0
12,0.2,135,0.018573892042983976,0.0
12,0.2,136,0.02694260257041798,0.0
12,0.2,137,0.02968389489256304,0.0
12,0.2,138,0.022611202792680158,0.0
12,0.2,139,0.02447586299677652,0.0
12,0.2,140,0.029717418755474706,0.0
12,0.2,141,0.02706341820364405,0.0
12,0.2,142,0.021401309469346576,0.0
12,0.2,143,0.02130193404934556,0.0
12,0.2,144,0.020021320840725273,0.0
12,0.2,145,0.02061550964319249,0.0
12,0.2,146,0.022507713245283462,0.0
12,0.2,147,0.023440067971263523,0.0
12,0.2,148,0.026166225598941186,0.0
12,0.2,149,0.02445861077628475,0.0
12,0.2,150,0.0226719086712094,0.0
12,0.2,151,0.022571124739214184,0.0
12,0.2,152,0.018337334617623668,0.0
12,0.2,153,0.019357803831425588,0.0
12,0.2,154,0.0226690384881067,0.0
12,0.2,155,0.01649542698368893,0.0
12,0.2,156,0.016711229302701434,0.0
12,0.2,157,0.018586133467916578,0.0
12,0.2,158,0.021848276673473718,0.0
12,0.2,159,0.018849511425825357,0.0
12,0.2,160,0.01944477595956191,0.0
12,0.2,161,0.020877692380822897,0.0
12,0.2,162,0.018568412316877208,0.0
12,0.2,163,0.01908253600726244,0.0
12,0.2,164,0.01900194513122534,0.0
12,0.2,165,0.019984747816734573,0.0
12,0.2,166,0.01567050571290692,0.0
12,0.2,167,0.02134356656364329,0.0
12,0.2,168,0.01929597982815431,0.0
12,0.2,169,0.02023040781787369,0.0
12,0.2,170,0.019705732965114804,0.0
12,0.2,171,0.018618043305876825,0.0
12,0.2,172,0.018886942816701734,0.0
12,0.2,173,0.020292144333884123,0.0
12,0.2,174,0.021258410252109523,0.0
12,0.2,175,0.02536859731696112,0.0
12,0.2,176,0.028985734867947296,0.0
12,0.2,177,0.019273733794263524,0.0
12,0.2,178,0.017305672461649227,0.0
12,0.2,179,0.022040329251730394,0.0
12,0.2,180,0.02152236856807551,0.0
12,0.2,181,0.0207820693264416,0.0
12,0.2,182,0.02742325146761325,0.0
12,0.2,183,0.029730645045097003,0.0
12,0.2,184,0.0300700444632215,0.0
12,0.2,185,0.031942594351683395,0.0
12,0.2,186,0.02754865919999984,0.0
12,0.2,187,0.027920383385384367,0.0
12,0.2,188,0.025724827292424878,0.0
12,0.2,189,0.022058269860460555,0.0
12,0.2,190,0.024309468876382377,0.0
12,0.2,191,0.02196618310953962,0.0
12,0.2,192,0.02415838911267486,0.0
12,0.2,193,0.02151495071910795,0.0
12,0.2,194,0.021760691967597428,0.0
12,0.2,195,0.022406482276433114,0.0
12,0.2,196,0.017863917363997825,0.0
12,0.2,197,0.02183206979598099,0.0
12,0.2,198,0.015223558681063332,0.0
12,0.2,199,0.015536769927142173,0.0
12,0.2,200,0.01808395242383205,0.0
12,0.2,201,0.024231450685316666,0.0
12,0.2,202,0.022477369148876193,0.0
12,0.2,203,0.024731577445357134,0.0
12,0.2,204,0.027048178577047735,0.0
12,0.2,205,0.027362384621149424,0.0
12,0.2,206,0.028417140035312455,0.0
12,0.2,207,0.026357551859612714,0.0
12,0.2,208,0.020000969072397425,0.0
12,0.2,209,0.019180601606568953,0.0
12,0.2,210,0.024378902464698156,0.0
12,0.2,211,0.02002669785598277,0.0
12,0.2,212,0.015450712806124898,0.0
12,0.2,213,0.022938296317297945,0.0
12,0.2,214,0.01997189359544705,0.0
12,0.2,215,0.020737810018445702,0.0
12,0.2,216,0.022792141549099552,0.0
12,0.2,217,0.020357852159346598,0.0
12,0.2,218,0.021221300796676078,0.0
12,0.2,219,0.02169174887897625,0.0
12,0.2,220,0.020564398101203994,0.0
12,0.2,221,0.028221702706119192,0.0
12,0.2,222,0.022011923932843618,0.0
12,0.2,223,0.01992627352636506,0.0
12,0.2,224,0.021360236386397013,0.0
12,0.2,225,0.021363084163366283,0.0
12,0.2,226,0.025160743696069954,0.0
12,0.2,227,0.024470316899324603,0.0
12,0.2,228,0.021272733006805856,0.0
12,0.2,229,0.01765546610459341,0.0
12,0.2,230,0.015147586031000821,0.0
12,0.2,231,0.01635135362478209,0.0
12,0.2,232,0.01667528797892166,0.0
12,0.2,233,0.016841797850169853,0.0
12,0.2,234,0.01825870828509445,0.0
12,0.2,235,0.01450907279069789,0.0
12,0.2,236,0.024458606950785354,0.0
12,0.2,237,0.02306752862532299,0.0
12,0.2,238,0.01861953101324492,0.0
12,0.2,239,0.020972340934003384,0.0
12,0.2,240,0.018589019304762214,0.0
12,0.2,241,0.021735198872360022,0.0
12,0.2,242,0.023422274893588106,0.0
12,0.2,243,0.024409020918908047,0.0
12,0.2,244,0.023522779329572346,0.0
12,0.2,245,0.019150098444033946,0.0
12,0.2,246,0.01930186302157371,0.0
12,0.2,247,0.023501915313215407,0.0
12,0.2,248,0.026698990327403728,0.0
12,0.2,249,0.020202579021770438,0.0
12,0.2,250,0.014834573656670109,0.0
12,0.2,251,0.016518841515857356,0.0
12,0.2,252,0.020022705436871787,0.0
12,0.2,253,0.019706794030116218,0.0
12,0.2,254,0.015583488415482637,0.0
12,0.2,255,0.018011078251224038,0.0
12,0.2,256,0.023190556656352963,0.0
12,0.2,257,0.02173612479012581,0.0
12,0.2,258,0.02272969106883435,0.0
12,0.2,259,0.021343901271223733,0.0
12,0.2,260,0.020988617537539573,0.0
12,0.2,261,0.021704938859787595,0.0
12,0.2,262,0.02047026772594248,0.0
12,0.2,263,0.023405354628270467,0.0
12,0.2,264,0.0275968565203253,0.0
12,0.2,265,0.02946789580278413,0.0
12,0.2,266,0.029912669290046715,0.0
12,0.2,267,0.028157747469273926,0.0
12,0.2,268,0.025415227383375476,0.0
12,0.2,269,0.02643132091554239,0.0
12,0.2,270,0.018653273717270755,0.0
12,0.2,271,0.020667507441255065,0.0
12,0.2,272,0.02276704844401675,0.0
12,0.2,273,0.019297319049656356,0.0
12,0.2,274,0.020229318360285065,0.0
12,0.2,275,0.022545398511986302,0.0
12,0.2,276,0.021608040445731457,0.0
12,0.2,277,0.0197475567483355,0.0
12,0.2,278,0.017407705522405177,0.0
12,0.2,279,0.019426094891684665,0.0
12,0.2,280,0.02291740670940644,0.0
12,0.2,281,0.02197878642982934,0.0
12,0.2,282,0.019618052340733876,0.0
12,0.2,283,0.02136822811887744,0.0
12,0.2,284,0.023772642442473364,0.0
12,0.2,285,0.021009398484206562,0.0
12,0.2,286,0.023263788877090855,0.0
12,0.2,287,0.02533530963222541,0.0
12,0.2,288,0.024926332640526364,0.0
12,0.2,289,0.018687870637706615,0.0
12,0.2,290,0.0181154936603051,0.0
12,0.2,291,0.018837491747607994,0.0
12,0.2,292,0.026389560284561568,0.0
12,0.2,293,0.025807088945587125,0.0
12,0.2,294,0.02647861136319206,0.0
12,0.2,295,0.030243732713152786,0.0
12,0.2,296,0.025617063099248213,0.0
12,0.2,297,0.026302570483502666,0.0
12,0.2,298,0.03459686035933632,0.0
12,0.2,299,0.02864935519371825,0.0
12,0.2,300,0.032868593860649074,0.0
12,0.2,301,0.02576342150668458,0.0
12,0.2,302,0.024741038838518033,0.0
12,0.2,303,0.021863700538484618,0.0
12,0.2,304,0.02555228129094613,0.0
12,0.2,305,0.02540050318702821,0.0
12,0.2,306,0.02374236311696823,0.0
12,0.2,307,0.01979562364578734,0.0
12,0.2,308,0.020061204483817954,0.0
12,0.2,309,0.017919013891092996,0.0
12,0.2,310,0.019458499597783015,0.0
12,0.2,311,0.016608698802489493,0.0
12,0.2,312,0.015277733641821589,0.0
12,0.2,313,0.015438361112928171,0.0
12,0.2,314,0.014118051496566995,0.0
12,0.2,315,0.017601546988001333,0.0
12,0.2,316,0.01760445305897447,0.0
12,0.2,317,0.018370727567162896,0.0
12,0.2,318,0.016722662458787525,0.0
12,0.2,319,0.017048169269352768,0.0
12,0.2,320,0.01797657578753882,0.0
12,0.2,321,0.024022596360693194,0.0
12,0.2,322,0.02679185315478616,0.0
12,0.2,323,0.026657445284756186,0.0
12,0.2,324,0.0236797999910033,0.0
12,0.2,325,0.022986061267010405,0.0
12,0.2,326,0.026549751639883844,0.0
12,0.2,327,0.02415323072162485,0.0
12,0.2,328,0.021878158797633815,0.0
12,0.2,329,0.024939277993525247,0.0
12,0.2,330,0.022567081325902932,0.0
12,0.2,331,0.020793280368980274,0.0
12,0.2,332,0.023998308852478906,0.0
12,0.2,333,0.02502250655968926,0.0
12,0.2,334,0.02823420355552795,0.0
12,0.2,335,0.023976655962087822,0.0
12,0.2,336,0.019693804669175256,0.0
12,0.2,337,0.020556672022905433,0.0
12,0.2,338,0.020389826171792386,0.0
12,0.2,339,0.02087462122320972,0.0
12,0.2,340,0.01980036773004809,0.0
12,0.2,341,0.02207780351125093,0.0
12,0.2,342,0.024090100279826103,0.0
12,0.2,343,0.023126966895386836,0.0
12,0.2,344,0.03215600074526671,0.0
12,0.2,345,0.024944302207056658,0.0
12,0.2,346,0.024518381641264166,0.0
12,0.2,347,0.021525256301139856,0.0
12,0.2,348,0.018819145875086266,0.0
12,0.2,349,0.020136176024173932,0.0
12,0.2,350,0.021221852434013998,0.0
12,0.2,351,0.021951396990519786,0.0
12,0.2,352,0.024622345431733233,0.0
12,0.2,353,0.022678768547618952,0.0
12,0.2,354,0.015806659668752186,0.0
12,0.2,355,0.016866830977213528,0.0
12,0.2,356,0.01653870863322978,0.0
12,0.2,357,0.017339984632057645,0.0
12,0.2,358,0.019867212532630584,0.0
12,0.2,359,0.018360370132556272,0.0
12,0.2,360,0.02008995785480575,0.0
12,0.2,361,0.023607425525626752,0.0
12,0.2,362,0.027310441218671214,0.0
12,0.2,363,0.026416961213058678,0.0
12,0.2,364,0.022649353663493407,0.0
12,0.2,365,0.020897709839322237,0.0
12,0.2,366,0.017372649553439683,0.0
12,0.2,367,0.01858473081341542,0.0
12,0.2,368,0.02050435849342439,0.0
12,0.2,369,0.021680146555441725,0.0
12,0.2,370,0.023314308973653643,0.0
12,0.2,371,0.02198833801038158,0.0
12,0.2,372,0.023982482172169854,0.0
12,0.2,373,0.021241077315301882,0.0
12,0.2,374,0.021726952192733837,0.0
12,0.2,375,0.024004210868779824,0.0
12,0.2,376,0.018864971289951866,0.0
12,0.2,377,0.015063495221004036,0.0
12,0.2,378,0.01906438083058186,0.0
12,0.2,379,0.023238022185800355,0.0
12,0.2,380,0.023801756074627898,0.0
12,0.2,381,0.024669128754908686,0.0
12,0.2,382,0.024246276495876944,0.0
12,0.2,383,0.0240153948276069,0.0
12,0.2,384,0.020585291210303468,0.0
12,0.2,385,0.019311030248001203,0.0
12,0.2,386,0.02030938828996749,0.0
12,0.2,387,0.021755289158600418,0.0
12,0.2,388,0.02425030260563942,0.0
12,0.2,389,0.0248150962505002,0.0
12,0.2,390,0.019636874153820264,0.0
12,0.2,391,0.01420879488884363,0.0
12,0.2,392,0.01620984942897704,0.0
12,0.2,393,0.018664569248800087,0.0
12,0.2,394,0.022108973987011678,0.0
12,0.2,395,0.024198676812082896,0.0
12,0.2,396,0.027264640130976847,0.0
12,0.2,397,0.03537765179489825,0.0
12,0.2,398,0.0319907079791689,0.0
12,0.2,399,0.030441276360106854,0.0
12,0.2,400,0.027821994221161495,0.0
12,0.2,401,0.02294191374284436,0.0
12,0.2,402,0.023257019323923517,0.0
12,0.2,403,0.02400732842138479,0.0
12,0.2,404,0.023884158210865317,0.0
12,0.2,405,0.021429786803039187,0.0
12,0.2,406,0.02990209403629519,0.0
12,0.2,407,0.032301311346492716,0.0
12,0.2,408,0.02605414904899748,0.0
12,0.2,409,0.030946075304388407,0.0
12,0.2,410,0.03160053705874999,0.0
12,0.2,411,0.025739715565039335,0.0
12,0.2,412,0.028147302444809737,0.0
12,0.2,413,0.026755844618955686,0.0
12,0.2,414,0.02992076526070687,0.0
12,0.2,415,0.029552898497460588,0.0
12,0.2,416,0.02675889945588164,0.0
12,0.2,417,0.01820680161001834,0.0
12,0.2,418,0.017112202117910442,0.0
12,0.2,419,0.02107176478246671,0.0
12,0.2,420,0.024168598248088636,0.0
12,0.2,421,0.018521390395426697,0.0
12,0.2,422,0.015670399887330426,0.0
12,0.2,423,0.015694285687771453,0.0
12,0.2,424,0.018894265891257964,0.0
12,0.2,425,0.0226020369755611,0.0
12,0.2,426,0.021266860524451113,0.0
12,0.2,427,0.02199151151902575,0.0
12,0.2,428,0.017827341401606175,0.0
12,0.2,429,0.013473597182579842,0.0
12,0.2,430,0.01939993068769425,0.0
12,0.2,431,0.021156528920036565,0.0
12,0.2,432,0.022992217549047636,0.0
12,0.2,433,0.020658735421398292,0.0
12,0.2,434,0.02355826707632542,0.0
12,0.2,435,0.025422986984748853,0.0
12,0.2,436,0.031045372734282043,0.0
12,0.2,437,0.028096325253402634,0.0
12,0.2,438,0.028344196164986492,0.0
12,0.2,439,0.027643642600133612,0.0
12,0.2,440,0.03192833844688715,0.0
12,0.2,441,0.029047805789384425,0.0
12,0.2,442,0.02256662774601886,0.0
12,0.2,443,0.02455676177253166,0.0
12,0.2,444,0.022235367698984695,0.0
12,0.2,445,0.021196933149311793,0.0
12,0.2,446,0.02081901041527153,0.0
12,0.2,447,0.019280508267998472,0.0
12,0.2,448,0.01938095610485044,0.0
12,0.2,449,0.02096483435107563,0.0
12,0.2,450,0.01905694387890519,0.0
12,0.2,451,0.018288061099255317,0.0
12,0.2,452,0.022642108313935417,0.0
12,0.2,453,0.02455606934116708,0.0
12,0.2,454,0.02378168148931831,0.0
12,0.2,455,0.021773237709884947,0.0
12,0.2,456,0.022214672353804567,0.0
12,0.2,457,0.01781166892340538,0.0
12,0.2,458,0.019830351092331534,0.0
12,0.2,459,0.022816282215506863,0.0
12,0.2,460,0.01730423156170763,0.0
12,0.2,461,0.02235042243493793,0.0
12,0.2,462,0.022237439726802512,0.0
12,0.2,463,0.024534659745224414,0.0
12,0.2,464,0.029568487245171228,0.0
12,0.2,465,0.031205341338536828,0.0
12,0.2,466,0.025323197335735056,0.0
12,0.2,467,0.020960308660374717,0.0
12,0.2,468,0.02295157902574823,0.0
12,0.2,469,0.02367567433240948,0.0
12,0.2,470,0.018729789616644232,0.0
12,0.2,471,0.020962300550446962,0.0
12,0.2,472,0.023429455499453855,0.0
12,0.2,473,0.01780914032711753,0.0
12,0.2,474,0.017605977711414252,0.0
12,0.2,475,0.016811596947589377,0.0
12,0.2,476,0.01572914338397402,0.0
12,0.2,477,0.018424792201182382,0.0
12,0.2,478,0.02651072222979649,0.0
12,0.2,479,0.01827393452110092,0.0
12,0.2,480,0.02198006707143323,0.0
12,0.2,481,0.01531518575033842,0.0
12,0.2,482,0.021264952936190223,0.0
12,0.2,483,0.023242414191565596,0.0
12,0.2,484,0.02242518341255222,0.0
12,0.2,485,0.02233929910885035,0.0
12,0.2,486,0.020851903785014402,0.0
12,0.2,487,0.020610800642349898,0.0
12,0.2,488,0.02014858807329251,0.0
12,0.2,489,0.01753864675895045,0.0
12,0.2,490,0.01939096379480961,0.0
12,0.2,491,0.021285956519971214,0.0
12,0.2,492,0.02333203556945664,0.0
12,0.2,493,0.02387456579856267,0.0
12,0.2,494,0.025107948819046565,0.0
12,0.2,495,0.02636161263985314,0.0
12,0.2,496,0.0319910588383352,0.0
12,0.2,497,0.027469264280061405,0.0
12,0.2,498,0.02990495418472483,0.0
12,0.2,499,0.02053878142511565,0.0
12,0.2,500,0.02179513043709969,0.0
12,0.4,0,0.07347045683325178,0.0
12,0.4,1,0.042513777171706596,0.0
12,0.4,2,0.02306231299204287,0.0
12,0.4,3,0.025677273884509275,0.0
12,0.4,4,0.019419301463058744,0.0
12,0.4,5,0.020104856735923972,0.0
12,0.4,6,0.021003511519174192,0.0
12,0.4,7,0.021436885598483873,0.0
12,0.4,8,0.020867078358170518,0.0
12,0.4,9,0.019502468315030653,0.0
12,0.4,10,0.02253373600164941,0.0
12,0.4,11,0.021830672203890022,0.0
12,0.4,12,0.02528332690099115,0.0
12,0.4,13,0.022806194536285674,0.0
12,0.4,14,0.02336663233022854,0.0
12,0.4,15,0.02508260411678607,0.0
12,0.4,16,0.02555940014055774,0.0
12,0.4,17,0.02319891823382135,0.0
12,0.4,18,0.018281324061544268,0.0
12,0.4,19,0.019150541807293187,0.0
12,0.4,20,0.017616028290421217,0.0
12,0.4,21,0.01980282227145962,0.0
12,0.4,22,0.017513891221236574,0.0
12,0.4,23,0.019413245266388917,0.0
12,0.4,24,0.019565245004132824,0.0
12,0.4,25,0.021392055820341618,0.0
12,0.4,26,0.020356517915797342,0.0
12,0.4,27,0.016307233022777774,0.0
12,0.4,28,0.017407936329669076,0.0
12,0.4,29,0.018023307785762905,0.0
12,0.4,30,0.018054037314989443,0.0
12,0.4,31,0.015941754052342515,0.0
12,0.4,32,0.022784156231135312,0.0
12,0.4,33,0.024768201431495288,0.0
12,0.4,34,0.02618255071389981,0.0
12,0.4,35,0.020207052973836723,0.0
12,0.4,36,0.022566137390415623,0.0
12,0.4,37,0.0220472442948213,0.0
12,0.4,38,0.018744883684205377,0.0
12,0.4,39,0.02487051080792846,0.0
12,0.4,40,0.01704511958992112,0.0
12,0.4,41,0.016265746307053814,0.0
12,0.4,42,0.021309700917559744,0.0
12,0.4,43,0.01771320794201164,0.0
12,0.4,44,0.022728030017506565,0.0
12,0.4,45,0.024013135538241564,0.0
12,0.4,46,0.02115137572916652,0.0
12,0.4,47,0.022720861069136095,0.0
12,0.4,48,0.0241299792090873,0.0
12,0.4,49,0.02384353689233051,0.0
12,0.4,50,0.025582053772939775,0.0
12,0.4,51,0.023545425644117914,0.0
12,0.4,52,0.0207177225505139,0.0
12,0.4,53,0.02099518767141678,0.0
12,0.4,54,0.01684627252966013,0.0
12,0.4,55,0.01686732083655707,0.0
12,0.4,56,0.017096606113224024,0.0
12,0.4,57,0.019474724338619964,0.0
12,0.4,58,0.022763690747735144,0.0
12,0.4,59,0.020342263419688623,0.0
12,0.4,60,0.01258213003371124,0.0
12,0.4,61,0.01822655860598107,0.0
12,0.4,62,0.018397921891885324,0.0
12,0.4,63,0.016907947385248517,0.0
12,0.4,64,0.02199521901227176,0.0
12,0.4,65,0.016844576877829476,0.0
12,0.4,66,0.020915659613715745,0.0
12,0.4,67,0.01862079921828237,0.0
12,0.4,68,0.01823420965742198,0.0
12,0.4,69,0.016501475420788506,0.0
12,0.4,70,0.01860528797268339,0.0
12,0.4,71,0.018260962203887298,0.0
12,0.4,72,0.02208522656273941,0.0
12,0.4,73,0.02081572490668531,0.0
12,0.4,74,0.019302298277927038,0.0
12,0.4,75,0.017887488987504408,0.0
12,0.4,76,0.023075664401887113,0.0
12,0.4,77,0.025241780495367187,0.0
12,0.4,78,0.023098577426909194,0.0
12,0.4,79,0.022364559398694497,0.0
12,0.4,80,0.01993896751990841,0.0
12,0.4,81,0.019160695444453504,0.0
12,0.4,82,0.021741375853286803,0.0
12,0.4,83,0.01943973096406559,0.0
12,0.4,84,0.017973981005868618,0.0
12,0.4,85,0.01852147799668771,0.0
12,0.4,86,0.01651950295710285,0.0
12,0.4,87,0.019696845398402735,0.0
12,0.4,88,0.01886404187061945,0.0
12,0.4,89,0.02153382464101859,0.0
12,0.4,90,0.022560885444324347,0.0
12,0.4,91,0.020519785812151393,0.0
12,0.4,92,0.02116954685509861,0.0
12,0.4,93,0.024675423602363442,0.0
12,0.4,94,0.022489774691041676,0.0
12,0.4,95,0.029741392438559,0.0
12,0.4,96,0.026110161360345153,0.0
12,0.4,97,0.023187994962614002,0.0
12,0.4,98,0.022825354046191154,0.0
12,0.4,99,0.0231968054855221,0.0
12,0.4,100,0.02273695137569527,0.0
12,0.4,101,0.025327477850181714,0.0
12,0.4,102,0.025711148701298887,0.0
12,0.4,103,0.019785833375557185,0.0
12,0.4,104,0.019652122720910107,0.0
12,0.4,105,0.024524618290636,0.0
12,0.4,106,0.024810351335931558,0.0
12,0.4,107,0.022912481381289762,0.0
12,0.4,108,0.021027439330652976,0.0
12,0.4,109,0.01916828783991728,0.0
12,0.4,110,0.019851193771600925,0.0
12,0.4,111,0.020156065235440855,0.0
12,0.4,112,0.024360174862104546,0.0
12,0.4,113,0.022767471096159845,0.0
12,0.4,114,0.021848562996154813,0.0
12,0.4,115,0.026161011066327858,0.0
12,0.4,116,0.028292168966086564,0.0
12,0.4,117,0.026231040209795657,0.0
12,0.4,118,0.021316272956529367,0.0
12,0.4,119,0.017926485981031283,0.0
12,0.4,120,0.022059436413205222,0.0
12,0.4,121,0.019841297227825124,0.0
12,0.4,122,0.01682045273122156,0.0
12,0.4,123,0.018015308782769877,0.0
12,0.4,124,0.01667112771896969,0.0
12,0.4,125,0.017416143396458587,0.0
12,0.4,126,0.020207360924780256,0.0
12,0.4,127,0.018734082849532353,0.0
12,0.4,128,0.018318872102438724,0.0
12,0.4,129,0.024456324991187342,0.0
12,0.4,130,0.024863632985156814,0.0
12,0.4,131,0.025832499799327807,0.0
12,0.4,132,0.018829361909168695,0.0
12,0.4,133,0.019310123286596634,0.0
12,0.4,134,0.015618658116865218,0.0
12,0.4,135,0.01619248839932983,0.0
12,0.4,136,0.01695888015385625,0.0
12,0.4,137,0.01722086726021448,0.0
12,0.4,138,0.02188069648121982,0.0
12,0.4,139,0.024982699948916654,0.0
12,0.4,140,0.023846002474958383,0.0
12,0.4,141,0.024252159232646845,0.0
12,0.4,142,0.020476181737128583,0.0
12,0.4,143,0.02466640535618603,0.0
12,0.4,144,0.02142903772189112,0.0
12,0.4,145,0.023716572715074376,0.0
12,0.4,146,0.02240617602477982,0.0
12,0.4,147,0.02369519875093463,0.0
12,0.4,148,0.021586466875720283,0.0
12,0.4,149,0.024261149338698624,0.0
12,0.4,150,0.018776273523810533,0.0
12,0.4,151,0.01952990971558663,0.0
12,0.4,152,0.019426320687898957,0.0
12,0.4,153,0.015759662670397884,0.0
12,0.4,154,0.020413489865154687,0.0
12,0.4,155,0.0218223382594782,0.0
12,0.4,156,0.021218481551687107,0.0
12,0.4,157,0.024494185274851425,0.0
12,0.4,158,0.021970339632932823,0.0
12,0.4,159,0.018279723046357912,0.0
12,0.4,160,0.021753493675473735,0.0
12,0.4,161,0.02081964720928588,0.0
12,0.4,162,0.023980380797032904,0.0
12,0.4,163,0.0272583571318468,0.0
12,0.4,164,0.0227096158622913,0.0
12,0.4,165,0.0233999958946788,0.0
12,0.4,166,0.027599568037491036,0.0
12,0.4,167,0.027326337091315076,0.0
12,0.4,168,0.024663195345966803,0.0
12,0.4,169,0.020857561589544438,0.0
12,0.4,170,0.020972335443714935,0.0
12,0.4,171,0.0203121070905493,0.0
12,0.4,172,0.018247379213939815,0.0
12,0.4,173,0.020870948021350633,0.0
12,0.4,174,0.023994214830988545,0.0
12,0.4,175,0.024139652227987477,0.0
12,0.4,176,0.02182011684782302,0.0
12,0.4,177,0.022488217807213398,0.0
12,0.4,178,0.02666047432017692,0.0
12,0.4,179,0.026447205208454033,0.0
12,0.4,180,0.02611654469252554,0.0
12,0.4,181,0.02388286279293039,0.0
12,0.4,182,0.027180635025868528,0.0
12,0.4,183,0.025331281665565107,0.0
12,0.4,184,0.025607665195272994,0.0
12,0.4,185,0.029196734420622115,0.0
12,0.4,186,0.025086155990024842,0.0
12,0.4,187,0.02563536243682293,0.0
12,0.4,188,0.024268084770239628,0.0
12,0.4,189,0.020264617400844388,0.0
12,0.4,190,0.022516862458825938,0.0
12,0.4,191,0.018608312317654557,0.0
12,0.4,192,0.02001423339797358,0.0
12,0.4,193,0.017228410769295335,0.0
12,0.4,194,0.016057000837063552,0.0
12,0.4,195,0.01758198356639624,0.0
12,0.4,196,0.01928915640074104,0.0
12,0.4,197,0.022256727649513405,0.0
12,0.4,198,0.02127365423766934,0.0
12,0.4,199,0.018554941156771768,0.0
12,0.4,200,0.0201371729416,0.0
12,0.4,201,0.01924691196679362,0.0
12,0.4,202,0.01806886692232384,0.0
12,0.4,203,0.016231359715453416,0.0
12,0.4,204,0.01959960876213548,0.0
12,0.4,205,0.017917990003533783,0.0
12,0.4,206,0.01773563689263934,0.0
12,0.4,207,0.020000253796570378,0.0
12,0.4,208,0.01574941234797569,0.0
12,0.4,209,0.020728839066502726,0.0
12,0.4,210,0.022557283116215788,0.0
12,0.4,211,0.021042018737733915,0.0
12,0.4,212,0.018820549319220375,0.0
12,0.4,213,0.01303405029942719,0.0
12,0.4,214,0.019005317997661916,0.0
12,0.4,215,0.023575507910322025,0.0
12,0.4,216,0.02291552749916982,0.0
12,0.4,217,0.01953692077692664,0.0
12,0.4,218,0.01697928262707138,0.0
12,0.4,219,0.02004937865140734,0.0
12,0.4,220,0.021306739525762442,0.0
12,0.4,221,0.02295646560502415,0.0
12,0.4,222,0.018781091586889728,0.0
12,0.4,223,0.021848666181908435,0.0
12,0.4,224,0.01979320668868531,0.0
12,0.4,225,0.0227246318228784,0.0
12,0.4,226,0.021140364489449007,0.0
12,0.4,227,0.022718260473882524,0.0
12,0.4,228,0.017628622783156012,0.0
12,0.4,229,0.01836924887993705,0.0
12,0.4,230,0.019488607119518327,0.0
12,0.4,231,0.016724257869202296,0.0
12,0.4,232,0.015825121355142576,0.0
12,0.4,233,0.01943543381667852,0.0
12,0.4,234,0.017105014813376177,0.0
12,0.4,235,0.016373484620741587,0.0
12,0.4,236,0.018840270276174683,0.0
12,0.4,237,0.019084895638126972,0.0
12,0.4,238,0.01928486400117407,0.0
12,0.4,239,0.020711686389796112,0.0
12,0.4,240,0.01967039624938461,0.0
12,0.4,241,0.015655226607332814,0.0
12,0.4,242,0.019751381397248143,0.0
12,0.4,243,0.024855625644407898,0.0
12,0.4,244,0.020226564128659186,0.0
12,0.4,245,0.016128683193678793,0.0
12,0.4,246,0.014500653763445137,0.0
12,0.4,247,0.01607848081436422,0.0
12,0.4,248,0.020498523715814468,0.0
12,0.4,249,0.01692304625276052,0.0
12,0.4,250,0.021433415869727003,0.0
12,0.4,251,0.0199460257276988,0.0
12,0.4,252,0.02255361405807462,0.0
12,0.4,253,0.02053845926927127,0.0
12,0.4,254,0.02289946001598642,0.0
12,0.4,255,0.023041100366172355,0.0
12,0.4,256,0.025660407550336387,0.0
12,0.4,257,0.021613379161293963,0.0
12,0.4,258,0.029655294127311577,0.0
12,0.4,259,0.02566644718396093,0.0
12,0.4,260,0.023589469017831287,0.0
12,0.4,261,0.020870412869282116,0.0
12,0.4,262,0.020187635614583074,0.0
12,0.4,263,0.023555492841202647,0.0
12,0.4,264,0.020782342284767132,0.0
12,0.4,265,0.02350346604814383,0.0
12,0.4,266,0.023403133842534278,0.0
12,0.4,267,0.02978896313497994,0.0
12,0.4,268,0.026341663799587092,0.0
12,0.4,269,0.025770629763651756,0.0
12,0.4,270,0.02211010176755048,0.0
12,0.4,271,0.01723329378641676,0.0
12,0.4,272,0.022174700612793745,0.0
12,0.4,273,0.027616834688196912,0.0
12,0.4,274,0.02358839257449385,0.0
12,0.4,275,0.023513753241393057,0.0
12,0.4,276,0.025039017503888407,0.0
12,0.4,277,0.02359671540858566,0.0
12,0.4,278,0.017798583030219764,0.0
12,0.4,279,0.0242287503401108,0.0
12,0.4,280,0.02438310328083174,0.0
12,0.4,281,0.022024684887109017,0.0
12,0.4,282,0.017618810441290832,0.0
12,0.4,283,0.013563601416202447,0.0
12,0.4,284,0.018945508523839943,0.0
12,0.4,285,0.02202399563493325,0.0
12,0.4,286,0.019615961596484786,0.0
12,0.4,287,0.020806013133528086,0.0
12,0.4,288,0.01979756226182854,0.0
12,0.4,289,0.023871930251924495,0.0
12,0.4,290,0.023104628364770004,0.0
12,0.4,291,0.019648712059399193,0.0
12,0.4,292,0.013794280153160452,0.0
12,0.4,293,0.018518736472604002,0.0
12,0.4,294,0.021910613134722267,0.0
12,0.4,295,0.020017999138512998,0.0
12,0.4,296,0.026499314987363565,0.0
12,0.4,297,0.02265960279771278,0.0
12,0.4,298,0.019552972347754896,0.0
12,0.4,299,0.016920239903347192,0.0
12,0.4,300,0.0206879337897254,0.0
12,0.4,301,0.021125524738191,0.0
12,0.4,302,0.024561675669319247,0.0
12,0.4,303,0.0228502318289052,0.0
12,0.4,304,0.02285525676585433,0.0
12,0.4,305,0.02138266306238714,0.0
12,0.4,306,0.019082763300835005,0.0
12,0.4,307,0.01805557465574641,0.0
12,0.4,308,0.01842520027722955,0.0
12,0.4,309,0.0187628538001762,0.0
12,0.4,310,0.02172430730858007,0.0
12,0.4,311,0.01766868301151437,0.0
12,0.4,312,0.020037484400178957,0.0
12,0.4,313,0.02151360794133383,0.0
12,0.4,314,0.022042641120382726,0.0
12,0.4,315,0.019783725715609084,0.0
12,0.4,316,0.02156217488175002,0.0
12,0.4,317,0.020647738163236888,0.0
12,0.4,318,0.018379660377930058,0.0
12,0.4,319,0.017044548376246166,0.0
12,0.4,320,0.01879311820243541,0.0
12,0.4,321,0.019978741385084143,0.0
12,0.4,322,0.01858216601613751,0.0
12,0.4,323,0.02536635449653439,0.0
12,0.4,324,0.020090471222516768,0.0
12,0.4,325,0.019609053521688215,0.0
12,0.4,326,0.01728671979069476,0.0
12,0.4,327,0.020431302874488324,0.0
12,0.4,328,0.020263001988079746,0.0
12,0.4,329,0.021038711101339858,0.0
12,0.4,330,0.021191075337636454,0.0
12,0.4,331,0.023608832916146284,0.0
12,0.4,332,0.02025207746246324,0.0
12,0.4,333,0.01677172602907438,0.0
12,0.4,334,0.022530163852628297,0.0
12,0.4,335,0.01616374075174865,0.0
12,0.4,336,0.02063950008334121,0.0
12,0.4,337,0.021743545636000366,0.0
12,0.4,338,0.013262587761133753,0.0
12,0.4,339,0.0132193316701647,0.0
12,0.4,340,0.01553214988372469,0.0
12,0.4,341,0.017152257269868774,0.0
12,0.4,342,0.01906327852248883,0.0
12,0.4,343,0.017965065127709786,0.0
12,0.4,344,0.022376240103239464,0.0
12,0.4,345,0.021743573701182534,0.0
12,0.4,346,0.018660166912850315,0.0
12,0.4,347,0.021139436882590314,0.0
12,0.4,348,0.022022609278934478,0.0
12,0.4,349,0.020140984585697547,0.0
12,0.4,350,0.022906001609421398,0.0
12,0.4,351,0.02277283854209057,0.0
12,0.4,352,0.021396355081185963,0.0
12,0.4,353,0.018857307865610066,0.0
12,0.4,354,0.02241958383561844,0.0
12,0.4,355,0.019713043699364562,0.0
12,0.4,356,0.02687144578915539,0.0
12,0.4,357,0.023273378169085587,0.0
12,0.4,358,0.018327006695105258,0.0
12,0.4,359,0.016562152941590354,0.0
12,0.4,360,0.01468132739209772,0.0
12,0.4,361,0.018186126304014817,0.0
12,0.4,362,0.020264807122899943,0.0
12,0.4,363,0.01866533209771842,0.0
12,0.4,364,0.0184339506258286,0.0
12,0.4,365,0.017210936524847224,0.0
12,0.4,366,0.01734612209403884,0.0
12,0.4,367,0.01789450177954375,0.0
12,0.4,368,0.017745424015322163,0.0
12,0.4,369,0.01665664168526733,0.0
12,0.4,370,0.017798087512012156,0.0
12,0.4,371,0.019617205863244985,0.0
12,0.4,372,0.019441160188106293,0.0
12,0.4,373,0.020278880881351376,0.0
12,0.4,374,0.023645412781614285,0.0
12,0.4,375,0.019410204423654192,0.0
12,0.4,376,0.022175035359895467,0.0
12,0.4,377,0.022476110524960822,0.0
12,0.4,378,0.024047781585793855,0.0
12,0.4,379,0.022338855558322587,0.0
12,0.4,380,0.021317277155560043,0.0
12,0.4,381,0.02050183583426096,0.0
12,0.4,382,0.02037292281394694,0.0
12,0.4,383,0.024136483375549748,0.0
12,0.4,384,0.02321758406074173,0.0
12,0.4,385,0.02099492196432541,0.0
12,0.4,386,0.023728385789939,0.0
12,0.4,387,0.02153086875433016,0.0
12,0.4,388,0.020325313731076065,0.0
12,0.4,389,0.0191290851633574,0.0
12,0.4,390,0.023287319828285184,0.0
12,0.4,391,0.0218991438347943,0.0
12,0.4,392,0.01736275434449655,0.0
12,0.4,393,0.01926136386819418,0.0
12,0.4,394,0.02290303223970304,0.0
12,0.4,395,0.020089560744599378,0.0
12,0.4,396,0.020967317589118465,0.0
12,0.4,397,0.020314218735405617,0.0
12,0.4,398,0.020524284305730663,0.0
12,0.4,399,0.01713770118283529,0.0
12,0.4,400,0.016706829374771113,0.0
12,0.4,401,0.016367609283337015,0.0
12,0.4,402,0.01695552575774074,0.0
12,0.4,403,0.01825974967860148,0.0
12,0.4,404,0.016680688545413172,0.0
12,0.4,405,0.020292273377740616,0.0
12,0.4,406,0.022990165050147855,0.0
12,0.4,407,0.025855386080126927,0.0
12,0.4,408,0.02195091961951534,0.0
12,0.4,409,0.022193769172901875,0.0
12,0.4,410,0.017727139908913347,0.0
12,0.4,411,0.021143195296332743,0.0
12,0.4,412,0.02025940048976917,0.0
12,0.4,413,0.023523239211986718,0.0
12,0.4,414,0.026129096320433823,0.0
12,0.4,415,0.01954300943318688,0.0
12,0.4,416,0.018621422307136492,0.0
12,0.4,417,0.022028902059525075,0.0
12,0.4,418,0.028000288540988932,0.0
12,0.4,419,0.030729789235922813,0.0
12,0.4,420,0.0313296465262284,0.0
12,0.4,421,0.023140499946261914,0.0
12,0.4,422,0.02345750751263152,0.0
12,0.4,423,0.024013050388225644,0.0
12,0.4,424,0.028293304058290975,0.0
12,0.4,425,0.022800085889353446,0.0
12,0.4,426,0.02127668413586161,0.0
12,0.4,427,0.02242396955321656,0.0
12,0.4,428,0.026770786447299418,0.0
12,0.4,429,0.02695309563833491,0.0
12,0.4,430,0.02796256897303958,0.0
12,0.4,431,0.023098229196127217,0.0
12,0.4,432,0.022578235535938736,0.0
12,0.4,433,0.02312192775030677,0.0
12,0.4,434,0.020278763601391837,0.0
12,0.4,435,0.021446717616074328,0.0
12,0.4,436,0.021618962289559576,0.0
12,0.4,437,0.025918394969900033,0.0
12,0.4,438,0.02293666096573608,0.0
12,0.4,439,0.02315472553351976,0.0
12,0.4,440,0.023942025756538633,0.0
12,0.4,441,0.025495253396062366,0.0
12,0.4,442,0.025411286278287242,0.0
12,0.4,443,0.027241261365783434,0.0
12,0.4,444,0.024873720413797967,0.0
12,0.4,445,0.028477714000906363,0.0
12,0.4,446,0.02294222035712114,0.0
12,0.4,447,0.021664793647460386,0.0
12,0.4,448,0.027405036906523093,0.0
12,0.4,449,0.027242676338314505,0.0
12,0.4,450,0.020551277484726106,0.0
12,0.4,451,0.020581246311167797,0.0
12,0.4,452,0.022988490734875248,0.0
12,0.4,453,0.022336906842995708,0.0
12,0.4,454,0.019505025532256325,0.0
12,0.4,455,0.021379954997634433,0.0
12,0.4,456,0.019196275678511704,0.0
12,0.4,457,0.01629723708563782,0.0
12,0.4,458,0.019357170526824008,0.0
12,0.4,459,0.01938748155302004,0.0
12,0.4,460,0.017542328076968185,0.0
12,0.4,461,0.017732777980083256,0.0
12,0.4,462,0.01701682400109767,0.0
12,0.4,463,0.02393726299671409,0.0
12,0.4,464,0.024043959235859395,0.0
12,0.4,465,0.020396689426606548,0.0
12,0.4,466,0.02518401552619699,0.0
12,0.4,467,0.016816337288033244,0.0
12,0.4,468,0.020793988722148236,0.0
12,0.4,469,0.020314424321480753,0.0
12,0.4,470,0.024960194694717094,0.0
12,0.4,471,0.020472484357516772,0.0
12,0.4,472,0.017087535026322265,0.0
12,0.4,473,0.01997886600951344,0.0
12,0.4,474,0.01792922728276379,0.0
12,0.4,475,0.023530102175998956,0.0
12,0.4,476,0.01942817751360074,0.0
12,0.4,477,0.017928971868941986,0.0
12,0.4,478,0.016716492272907606,0.0
12,0.4,479,0.021107481350037212,0.0
12,0.4,480,0.02022299188214761,0.0
12,0.4,481,0.025165211553225913,0.0
12,0.4,482,0.0276086004261452,0.0
12,0.4,483,0.030111124548676635,0.0
12,0.4,484,0.028344192618018328,0.0
12,0.4,485,0.024307621323915934,0.0
12,0.4,486,0.020531978365452126,0.0
12,0.4,487,0.02489664325319569,0.0
12,0.4,488,0.022457044126242044,0.0
12,0.4,489,0.02335781923478838,0.0
12,0.4,490,0.023333307268616873,0.0
12,0.4,491,0.022075860185776966,0.0
12,0.4,492,0.020430845309356384,0.0
12,0.4,493,0.02126708493275943,0.0
12,0.4,494,0.021591711652713418,0.0
12,0.4,495,0.020480686975601205,0.0
12,0.4,496,0.016732013094367157,0.0
12,0.4,497,0.02214771186896782,0.0
12,0.4,498,0.019427295424200346,0.0
12,0.4,499,0.016161818419736764,0.0
12,0.4,500,0.02423391618340335,0.0
12,0.6,0,0.07410426864401874,0.0
12,0.6,1,0.06097736166060179,0.0
12,0.6,2,0.036785884608801125,0.0
12,0.6,3,0.029764872762638353,0.0
12,0.6,4,0.026093022522487953,0.0
12,0.6,5,0.023846555808290096,0.0
12,0.6,6,0.02802468174522884,0.0
12,0.6,7,0.02124931592865398,0.0
12,0.6,8,0.021369804671144955,0.0
12,0.6,9,0.022156607984337752,0.0
12,0.6,10,0.022357773919324836,0.0
12,0.6,11,0.021160972698613736,0.0
12,0.6,12,0.014628463061938992,0.0
12,0.6,13,0.02078856007604616,0.0
12,0.6,14,0.020505579042525642,0.0
12,0.6,15,0.01732202266587727,0.0
12,0.6,16,0.020149862352009423,0.0
12,0.6,17,0.02043043907563263,0.0
12,0.6,18,0.02095018232624972,0.0
12,0.6,19,0.02179927400256971,0.0
12,0.6,20,0.01993391770609769,0.0
12,0.6,21,0.02317122142494702,0.0
12,0.6,22,0.022823846108934953,0.0
12,0.6,23,0.01969984576961707,0.0
12,0.6,24,0.017081661034213047,0.0
12,0.6,25,0.022329126454873872,0.0
12,0.6,26,0.015059650518417757,0.0
12,0.6,27,0.020771076293519666,0.0
12,0.6,28,0.024834334140694195,0.0
12,0.6,29,0.02171870609944533,0.0
12,0.6,30,0.018260995141102843,0.0
12,0.6,31,0.024046657943525184,0.0
12,0.6,32,0.023411439695193437,0.0
12,0.6,33,0.020954944411772515,0.0
12,0.6,34,0.023284756431000163,0.0
12,0.6,35,0.028413027369274944,0.0
12,0.6,36,0.02340518005869353,0.0
12,0.6,37,0.026380683671003026,0.0
12,0.6,38,0.024782538702591797,0.0
12,0.6,39,0.0223892879646328,0.0
12,0.6,40,0.026141173717281675,0.0
12,0.6,41,0.021877024123946986,0.0
12,0.6,42,0.021761815140103103,0.0
12,0.6,43,0.02533795720138365,0.0
12,0.6,44,0.02292927671015147,0.0
12,0.6,45,0.01846729217856806,0.0
12,0.6,46,0.01842089929178538,0.0
12,0.6,47,0.017697298455586583,0.0
12,0.6,48,0.022853303112465077,0.0
12,0.6,49,0.018365331663355813,0.0
12,0.6,50,0.019017439103703366,0.0
12,0.6,51,0.022228755356305228,0.0
12,0.6,52,0.023359138272837972,0.0
12,0.6,53,0.01921314736502234,0.0
12,0.6,54,0.019279388062541737,0.0
12,0.6,55,0.0164940120975601,0.0
12,0.6,56,0.01502451716794983,0.0
12,0.6,57,0.019946439255421403,0.0
12,0.6,58,0.022977655168678827,0.0
12,0.6,59,0.023256726572680377,0.0
12,0.6,60,0.022830806709131502,0.0
12,0.6,61,0.01966503101759749,0.0
12,0.6,62,0.021617138059512837,0.0
12,0.6,63,0.026072759471016806,0.0
12,0.6,64,0.022565200744358478,0.0
12,0.6,65,0.022413365880902255,0.0
12,0.6,66,0.023121027084427887,0.0
12,0.6,67,0.02245758508704143,0.0
12,0.6,68,0.01815779803883473,0.0
12,0.6,69,0.01829561067855157,0.0
12,0.6,70,0.02770117914499185,0.0
12,0.6,71,0.02560564585947002,0.0
12,0.6,72,0.01881853156908585,0.0
12,0.6,73,0.022694119091887156,0.0
12,0.6,74,0.02079884793109104,0.0
12,0.6,75,0.02525865218821452,0.0
12,0.6,76,0.02485975380887046,0.0
12,0.6,77,0.021633256518052705,0.0
12,0.6,78,0.02292727405368189,0.0
12,0.6,79,0.022843931149257517,0.0
12,0.6,80,0.01780146586102687,0.0
12,0.6,81,0.02095561878755454,0.0
12,0.6,82,0.019024015797891272,0.0
12,0.6,83,0.021801129394432815,0.0
12,0.6,84,0.02330547333100824,0.0
12,0.6,85,0.02165863145790084,0.0
12,0.6,86,0.020369956821269467,0.0
12,0.6,87,0.020535598409969723,0.0
12,0.6,88,0.02211923739117577,0.0
12,0.6,89,0.022047228306797794,0.0
12,0.6,90,0.018746655660920607,0.0
12,0.6,91,0.017810865162800792,0.0
12,0.6,92,0.015555049745344834,0.0
12,0.6,93,0.021014446087082826,0.0
12,0.6,94,0.019638248112913335,0.0
12,0.6,95,0.020856215172819433,0.0
12,0.6,96,0.021897782702533782,0.0
12,0.6,97,0.024282587791851128,0.0
12,0.6,98,0.015914933165569235,0.0
12,0.6,99,0.021437376859410745,0.0
12,0.6,100,0.02085793243897411,0.0
12,0.6,101,0.020562297779261378,0.0
12,0.6,102,0.0205906278777215,0.0
12,0.6,103,0.019816760391020538,0.0
12,0.6,104,0.016780629552402185,0.0
12,0.6,105,0.02138556144428736,0.0
12,0.6,106,0.022259906330212905,0.0
12,0.6,107,0.024152891120354965,0.0
12,0.6,108,0.020315540438934344,0.0
12,0.6,109,0.023984173846781295,0.0
12,0.6,110,0.022388529574699677,0.0
12,0.6,111,0.021482348966172102,0.0
12,0.6,112,0.02229796028028197,0.0
12,0.6,113,0.024400376201294535,0.0
12,0.6,114,0.026727710536869634,0.0
12,0.6,115,0.024772372683496302,0.0
12,0.6,116,0.0256140962063183,0.0
12,0.6,117,0.02255833621703645,0.0
12,0.6,118,0.022235154170805068,0.0
12,0.6,119,0.022565937586617756,0.0
12,0.6,120,0.023835161854032765,0.0
12,0.6,121,0.02238639992601749,0.0
12,0.6,122,0.0175523150283549,0.0
12,0.6,123,0.01928336224566933,0.0
12,0.6,124,0.01437875565996658,0.0
12,0.6,125,0.015673000763847186,0.0
12,0.6,126,0.013453965958132676,0.0
12,0.6,127,0.016509059734855,0.0
12,0.6,128,0.021066481947255647,0.0
12,0.6,129,0.026458957777994462,0.0
12,0.6,130,0.02621486118550052,0.0
12,0.6,131,0.03158330785906267,0.0
12,0.6,132,0.026481976118842822,0.0
12,0.6,133,0.0252880000790669,0.0
12,0.6,134,0.020811004206954874,0.0
12,0.6,135,0.022252812666741527,0.0
12,0.6,136,0.025916953090059255,0.0
12,0.6,137,0.020319432511326497,0.0
12,0.6,138,0.016007218366568602,0.0
12,0.6,139,0.020659110747395765,0.0
12,0.6,140,0.021145739807755106,0.0
12,0.6,141,0.021788232151088507,0.0
12,0.6,142,0.02353624573902673,0.0
12,0.6,143,0.0247938769138841,0.0
12,0.6,144,0.016727309096921227,0.0
12,0.6,145,0.01657251356360918,0.0
12,0.6,146,0.017733045070346277,0.0
12,0.6,147,0.016116131804784332,0.0
12,0.6,148,0.019497135458048594,0.0
12,0.6,149,0.013313879640482727,0.0
12,0.6,150,0.018068414907946525,0.0
12,0.6,151,0.020213741702185664,0.0
12,0.6,152,0.018160245675884926,0.0
12,0.6,153,0.016991410612976963,0.0
12,0.6,154,0.01804733508063803,0.0
12,0.6,155,0.020569369725444785,0.0
12,0.6,156,0.025874099040460737,0.0
12,0.6,157,0.021514795330397796,0.0
12,0.6,158,0.01853166986269685,0.0
12,0.6,159,0.020218593570442936,0.0
12,0.6,160,0.021225911767167382,0.0
12,0.6,161,0.01823812467613757,0.0
12,0.6,162,0.018775638277563372,0.0
12,0.6,163,0.015254693449399963,0.0
12,0.6,164,0.020192964897521794,0.0
12,0.6,165,0.019136035419672504,0.0
12,0.6,166,0.022439320676961954,0.0
12,0.6,167,0.019927536816741868,0.0
12,0.6,168,0.02474124952428798,0.0
12,0.6,169,0.025576019010365495,0.0
12,0.6,170,0.02130792534324398,0.0
12,0.6,171,0.021391203784922333,0.0
12,0.6,172,0.020463791477695517,0.0
12,0.6,173,0.01737313484894688,0.0
12,0.6,174,0.020060096746682535,0.0
12,0.6,175,0.016284340023976055,0.0
12,0.6,176,0.015831290049824163,0.0
12,0.6,177,0.018133615349578733,0.0
12,0.6,178,0.017661370324145678,0.0
12,0.6,179,0.018478634433496306,0.0
12,0.6,180,0.020247026083232436,0.0
12,0.6,181,0.019232895856738746,0.0
12,0.6,182,0.020037234767242795,0.0
12,0.6,183,0.02005359653556715,0.0
12,0.6,184,0.017690298099639682,0.0
12,0.6,185,0.024705644289132692,0.0
12,0.6,186,0.022847821586373204,0.0
12,0.6,187,0.02272548914750916,0.0
12,0.6,188,0.024262939192985455,0.0
12,0.6,189,0.02213407114572336,0.0
12,0.6,190,0.02188859511636178,0.0
12,0.6,191,0.02252123497210532,0.0
12,0.6,192,0.023518889519711473,0.0
12,0.6,193,0.01835407781041002,0.0
12,0.6,194,0.020809846257471686,0.0
12,0.6,195,0.01896686603747942,0.0
12,0.6,196,0.02778158211418356,0.0
12,0.6,197,0.02338964238736143,0.0
12,0.6,198,0.021759570860992138,0.0
12,0.6,199,0.021622798208992888,0.0
12,0.6,200,0.025668947336928868,0.0
12,0.6,201,0.017054533888792706,0.0
12,0.6,202,0.01859705372408313,0.0
12,0.6,203,0.019821278540110385,0.0
12,0.6,204,0.020768569759997257,0.0
12,0.6,205,0.01754063155180024,0.0
12,0.6,206,0.015071006349056316,0.0
12,0.6,207,0.0160543819697528,0.0
12,0.6,208,0.015126600208327304,0.0
12,0.6,209,0.017637585447368886,0.0
12,0.6,210,0.019017996896996583,0.0
12,0.6,211,0.01972241442155972,0.0
12,0.6,212,0.014805653973779191,0.0
12,0.6,213,0.014053827751262649,0.0
12,0.6,214,0.019429827620452624,0.0
12,0.6,215,0.019816603030327295,0.0
12,0.6,216,0.018851389259219354,0.0
12,0.6,217,0.02517852921115907,0.0
12,0.6,218,0.026278244111348617,0.0
12,0.6,219,0.022304060463925534,0.0
12,0.6,220,0.023664823162579694,0.0
12,0.6,221,0.02348442919970365,0.0
12,0.6,222,0.017169858844144757,0.0
12,0.6,223,0.019853333727436116,0.0
12,0.6,224,0.018660313093854207,0.0
12,0.6,225,0.02273070373638849,0.0
12,0.6,226,0.024654989046056994,0.0
12,0.6,227,0.02387373249282549,0.0
12,0.6,228,0.02079663211618695,0.0
12,0.6,229,0.023711998801654643,0.0
12,0.6,230,0.0225704445315456,0.0
12,0.6,231,0.021844185022408792,0.0
12,0.6,232,0.022922748655081867,0.0
12,0.6,233,0.021843787679745267,0.0
12,0.6,234,0.018039001636502704,0.0
12,0.6,235,0.017806018756231362,0.0
12,0.6,236,0.018572837057474176,0.0
12,0.6,237,0.017049817940025393,0.0
12,0.6,238,0.024332290020994525,0.0
12,0.6,239,0.02077936412450632,0.0
12,0.6,240,0.021185553567418084,0.0
12,0.6,241,0.022765530973333635,0.0
12,0.6,242,0.021712669625311203,0.0
12,0.6,243,0.01989714439137328,0.0
12,0.6,244,0.019302616519545672,0.0
12,0.6,245,0.016016133525932272,0.0
12,0.6,246,0.020016349398325216,0.0
12,0.6,247,0.02024958747993756,0.0
12,0.6,248,0.020967537980185757,0.0
12,0.6,249,0.02058639048666227,0.0
12,0.6,250,0.017694644257004743,0.0
12,0.6,251,0.025514661515416766,0.0
12,0.6,252,0.02131223072872551,0.0
12,0.6,253,0.020916849255313515,0.0
12,0.6,254,0.023068247532584393,0.0
12,0.6,255,0.020043714748709494,0.0
12,0.6,256,0.023906810358532177,0.0
12,0.6,257,0.01783938703793302,0.0
12,0.6,258,0.02042542124988108,0.0
12,0.6,259,0.022017296239155666,0.0
12,0.6,260,0.02047928264681109,0.0
12,0.6,261,0.020861001101216844,0.0
12,0.6,262,0.018826047320700173,0.0
12,0.6,263,0.018151646108401906,0.0
12,0.6,264,0.019633455333172824,0.0
12,0.6,265,0.025941558612795738,0.0
12,0.6,266,0.02901774413723826,0.0
12,0.6,267,0.021303457127524864,0.0
12,0.6,268,0.01922299081288582,0.0
12,0.6,269,0.016184538937573646,0.0
12,0.6,270,0.013125332870339384,0.0
12,0.6,271,0.016540124093828747,0.0
12,0.6,272,0.022292335422379583,0.0
12,0.6,273,0.019757351554633967,0.0
12,0.6,274,0.021827744086671822,0.0
12,0.6,275,0.0188188813815124,0.0
12,0.6,276,0.01986343391745682,0.0
12,0.6,277,0.017933981110900384,0.0
12,0.6,278,0.016075023976485595,0.0
12,0.6,279,0.014181830628705023,0.0
12,0.6,280,0.014475989220451504,0.0
12,0.6,281,0.02000391921907723,0.0
12,0.6,282,0.02462167611535085,0.0
12,0.6,283,0.020654821746058535,0.0
12,0.6,284,0.02017054770095139,0.0
12,0.6,285,0.027981689057098594,0.0
12,0.6,286,0.028969358962253066,0.0
12,0.6,287,0.024901621443499763,0.0
12,0.6,288,0.025137724854803856,0.0
12,0.6,289,0.023191842897347527,0.0
12,0.6,290,0.018148626993638346,0.0
12,0.6,291,0.011498724456244731,0.0
12,0.6,292,0.01319978907327767,0.0
12,0.6,293,0.015159366855486913,0.0
12,0.6,294,0.01982293541103582,0.0
12,0.6,295,0.02369683361631611,0.0
12,0.6,296,0.024310445899036356,0.0
12,0.6,297,0.026034097110759477,0.0
12,0.6,298,0.02434036494407105,0.0
12,0.6,299,0.03059535561237475,0.0
12,0.6,300,0.02616569701579891,0.0
12,0.6,301,0.024615383847401664,0.0
12,0.6,302,0.02241404254230282,0.0
12,0.6,303,0.02448320389417968,0.0
12,0.6,304,0.019319707472728223,0.0
12,0.6,305,0.021798527083352,0.0
12,0.6,306,0.02242058107269366,0.0
12,0.6,307,0.016540962168793364,0.0
12,0.6,308,0.022391262855235704,0.0
12,0.6,309,0.020928418280992282,0.0
12,0.6,310,0.024501325354320876,0.0
12,0.6,311,0.028701392228966043,0.0
12,0.6,312,0.024801355672047585,0.0
12,0.6,313,0.01681565259491619,0.0
12,0.6,314,0.014939407121388248,0.0
12,0.6,315,0.016469326306155163,0.0
12,0.6,316,0.02357002227645794,0.0
12,0.6,317,0.02021571816975913,0.0
12,0.6,318,0.021372182529657665,0.0
12,0.6,319,0.018913787093389936,0.0
12,0.6,320,0.021804206931776184,0.0
12,0.6,321,0.022134864038071873,0.0
12,0.6,322,0.017554988526764036,0.0
12,0.6,323,0.013781490525729953,0.0
12,0.6,324,0.017834770384510003,0.0
12,0.6,325,0.01931597974115719,0.0
12,0.6,326,0.022776966220066155,0.0
12,0.6,327,0.025782026419673615,0.0
12,0.6,328,0.02848863779442957,0.0
12,0.6,329,0.030631082640595986,0.0
12,0.6,330,0.03080490790520062,0.0
12,0.6,331,0.030464712957313424,0.0
12,0.6,332,0.025868839930203724,0.0
12,0.6,333,0.024892723862541738,0.0
12,0.6,334,0.025462552306569606,0.0
12,0.6,335,0.022531735778802475,0.0
12,0.6,336,0.025151310152095357,0.0
12,0.6,337,0.02170800683174559,0.0
12,0.6,338,0.02089854988250955,0.0
12,0.6,339,0.02830184139234109,0.0
12,0.6,340,0.017214923774575654,0.0
12,0.6,341,0.023492382513191284,0.0
12,0.6,342,0.02506467063904963,0.0
12,0.6,343,0.02245924111895676,0.0
12,0.6,344,0.02396322611479059,0.0
12,0.6,345,0.024080780298266897,0.0
12,0.6,346,0.025182166970508096,0.0
12,0.6,347,0.02361064467384212,0.0
12,0.6,348,0.02386070464322091,0.0
12,0.6,349,0.01725925385336516,0.0
12,0.6,350,0.019646865832223276,0.0
12,0.6,351,0.01608716015543905,0.0
12,0.6,352,0.017683916437556693,0.0
12,0.6,353,0.019385840663501085,0.0
12,0.6,354,0.01968898124911095,0.0
12,0.6,355,0.01739720738043077,0.0
12,0.6,356,0.015399677659692888,0.0
12,0.6,357,0.02060631299706931,0.0
12,0.6,358,0.027162647921122707,0.0
12,0.6,359,0.018885377740825007,0.0
12,0.6,360,0.02008672447892685,0.0
12,0.6,361,0.019382764452354043,0.0
12,0.6,362,0.019090022952369713,0.0
12,0.6,363,0.018547682582254053,0.0
12,0.6,364,0.01464072109409987,0.0
12,0.6,365,0.015637885741287626,0.0
12,0.6,366,0.015591889820658521,0.0
12,0.6,367,0.018740065934775372,0.0
12,0.6,368,0.020775141634891203,0.0
12,0.6,369,0.0182835587011692,0.0
12,0.6,370,0.02107838239198301,0.0
12,0.6,371,0.016011537156600163,0.0
12,0.6,372,0.020187467736844145,0.0
12,0.6,373,0.01986289288901734,0.0
12,0.6,374,0.021117101770742986,0.0
12,0.6,375,0.021581246677905872,0.0
12,0.6,376,0.02096965071633881,0.0
12,0.6,377,0.015706371717805357,0.0
12,0.6,378,0.017770375825682326,0.0
12,0.6,379,0.021613867587572052,0.0
12,0.6,380,0.023885548760549005,0.0
12,0.6,381,0.019791896180933136,0.0
12,0.6,382,0.020624355633292662,0.0
12,0.6,383,0.018913785889382626,0.0
12,0.6,384,0.022703468895829672,0.0
12,0.6,385,0.01844368394914081,0.0
12,0.6,386,0.017307473126027675,0.0
12,0.6,387,0.020250111024547202,0.0
12,0.6,388,0.01928104777191991,0.0
12,0.6,389,0.021417438591686898,0.0
12,0.6,390,0.02326209955886454,0.0
12,0.6,391,0.02470195098230947,0.0
12,0.6,392,0.023969293029801712,0.0
12,0.6,393,0.021484831574284397,0.0
12,0.6,394,0.020261088301937784,0.0
12,0.6,395,0.022117856892048877,0.0
12,0.6,396,0.02719384343431938,0.0
12,0.6,397,0.022395993277742464,0.0
12,0.6,398,0.018472307923490094,0.0
12,0.6,399,0.020896076555597446,0.0
12,0.6,400,0.019464111964761676,0.0
12,0.6,401,0.018202482543049993,0.0
12,0.6,402,0.018456961253749293,0.0
12,0.6,403,0.018976386403309783,0.0
12,0.6,404,0.021723472430970878,0.0
12,0.6,405,0.016797320061178792,0.0
12,0.6,406,0.01935615852775396,0.0
12,0.6,407,0.01630295908097991,0.0
12,0.6,408,0.016025615184345504,0.0
12,0.6,409,0.016537948938702127,0.0
12,0.6,410,0.014998601230309702,0.0
12,0.6,411,0.01940751772632261,0.0
12,0.6,412,0.017485823194871193,0.0
12,0.6,413,0.017313194572625944,0.0
12,0.6,414,0.01801264226358269,0.0
12,0.6,415,0.020092581835065623,0.0
12,0.6,416,0.019722126137785668,0.0
12,0.6,417,0.020084581408762462,0.0
12,0.6,418,0.02066016339012944,0.0
12,0.6,419,0.01847728422493976,0.0
12,0.6,420,0.019775282422887175,0.0
12,0.6,421,0.01817553071954552,0.0
12,0.6,422,0.014412890469580721,0.0
12,0.6,423,0.01531712030670563,0.0
12,0.6,424,0.020203696437030096,0.0
12,0.6,425,0.023522107646456538,0.0
12,0.6,426,0.02220347672127919,0.0
12,0.6,427,0.018288653876800315,0.0
12,0.6,428,0.015283970679660454,0.0
12,0.6,429,0.017486081244892183,0.0
12,0.6,430,0.01859286280491132,0.0
12,0.6,431,0.0224155650158297,0.0
12,0.6,432,0.017586134793094742,0.0
12,0.6,433,0.02126662405054216,0.0
12,0.6,434,0.021817408578669234,0.0
12,0.6,435,0.018337973381937156,0.0
12,0.6,436,0.016275394645067272,0.0
12,0.6,437,0.018795600393943707,0.0
12,0.6,438,0.018942321292797437,0.0
12,0.6,439,0.01648972047296977,0.0
12,0.6,440,0.0189434064016213,0.0
12,0.6,441,0.013492378139060623,0.0
12,0.6,442,0.017837659530144028,0.0
12,0.6,443,0.021175322461836857,0.0
12,0.6,444,0.020665553724237444,0.0
12,0.6,445,0.02408681513648856,0.0
12,0.6,446,0.021201974311869133,0.0
12,0.6,447,0.01728377596100879,0.0
12,0.6,448,0.02301676268804723,0.0
12,0.6,449,0.013683737533996902,0.0
12,0.6,450,0.019335849221461487,0.0
12,0.6,451,0.01962280933547207,0.0
12,0.6,452,0.01706124393478188,0.0
12,0.6,453,0.023146065903794553,0.0
12,0.6,454,0.019424956299432986,0.0
12,0.6,455,0.02019162561242437,0.0
12,0.6,456,0.018162059091161066,0.0
12,0.6,457,0.017654203110918105,0.0
12,0.6,458,0.019723311363492674,0.0
12,0.6,459,0.017074847613843182,0.0
12,0.6,460,0.021958090516945816,0.0
12,0.6,461,0.02048224870877502,0.0
12,0.6,462,0.019212993542823072,0.0
12,0.6,463,0.018722353858224593,0.0
12,0.6,464,0.014657649628358289,0.0
12,0.6,465,0.018585180600033127,0.0
12,0.6,466,0.019133347128357518,0.0
12,0.6,467,0.024510653172887052,0.0
12,0.6,468,0.01750421706160027,0.0
12,0.6,469,0.016852083627097926,0.0
12,0.6,470,0.021820063147920687,0.0
12,0.6,471,0.02151645425005084,0.0
12,0.6,472,0.020114930373069786,0.0
12,0.6,473,0.02475862748702295,0.0
12,0.6,474,0.029296448427633837,0.0
12,0.6,475,0.023269371997405544,0.0
12,0.6,476,0.020374521404470648,0.0
12,0.6,477,0.01746877379258628,0.0
12,0.6,478,0.025850526642147334,0.0
12,0.6,479,0.01919913795831009,0.0
12,0.6,480,0.014968376064386928,0.0
12,0.6,481,0.016163797904684016,0.0
12,0.6,482,0.01693414946510109,0.0
12,0.6,483,0.014943614504630656,0.0
12,0.6,484,0.018163784175354254,0.0
12,0.6,485,0.018630789079394274,0.0
12,0.6,486,0.018256508945715125,0.0
12,0.6,487,0.020199884338859185,0.0
12,0.6,488,0.019397018886730413,0.0
12,0.6,489,0.01861819444348125,0.0
12,0.6,490,0.021301107842668133,0.0
12,0.6,491,0.018200983455981316,0.0
12,0.6,492,0.0150301292013239,0.0
12,0.6,493,0.016036994460779667,0.0
12,0.6,494,0.019097592342276867,0.0
12,0.6,495,0.020725037635493382,0.0
12,0.6,496,0.019116379129506887,0.0
12,0.6,497,0.022231577068835544,0.0
12,0.6,498,0.02662608753913422,0.0
12,0.6,499,0.018712381389473707,0.0
12,0.6,500,0.01711095608914262,0.0
12,0.8,0,0.07633917614508609,0.0
12,0.8,1,0.05211740007954149,0.0
12,0.8,2,0.03879430451791267,0.0
12,0.8,3,0.032418161292520106,0.0
12,0.8,4,0.024844462609432818,0.0
12,0.8,5,0.028309759138258183,0.0
12,0.8,6,0.016867734687266222,0.0
12,0.8,7,0.020291488253194424,0.0
12,0.8,8,0.01741504359780867,0.0
12,0.8,9,0.02543466376909582,0.0
12,0.8,10,0.02190229405488768,0.0
12,0.8,11,0.02031213784963588,0.0
12,0.8,12,0.018354783824020934,0.0
12,0.8,13,0.021511931277856586,0.0
12,0.8,14,0.01870182270886891,0.0
12,0.8,15,0.018979242755609183,0.0
12,0.8,16,0.018142880096161645,0.0
12,0.8,17,0.016306709340497754,0.0
12,0.8,18,0.01435164538728498,0.0
12,0.8,19,0.018974621597473627,0.0
12,0.8,20,0.02304329275169173,0.0
12,0.8,21,0.029810434688320595,0.0
12,0.8,22,0.0207782486724249,0.0
12,0.8,23,0.023402276939977963,0.0
12,0.8,24,0.025277931852612057,0.0
12,0.8,25,0.028602642591883717,0.0
12,0.8,26,0.024595258321472583,0.0
12,0.8,27,0.03000966255879634,0.0
12,0.8,28,0.02585891296961873,0.0
12,0.8,29,0.025234181495335205,0.0
12,0.8,30,0.024942626557026212,0.0
12,0.8,31,0.01955348408101118,0.0
12,0.8,32,0.025011828125460857,0.0
12,0.8,33,0.02403572151366881,0.0
12,0.8,34,0.017573672585639376,0.0
12,0.8,35,0.020971207798358146,0.0
12,0.8,36,0.024621350494937088,0.0
12,0.8,37,0.025718587904177977,0.0
12,0.8,38,0.023482654934902328,0.0
12,0.8,39,0.025050295165036915,0.0
12,0.8,40,0.022000203798972454,0.0
12,0.8,41,0.02569587174212825,0.0
12,0.8,42,0.024654330595282617,0.0
12,0.8,43,0.02441308843123334,0.0
12,0.8,44,0.017900079610465677,0.0
12,0.8,45,0.01809391518879709,0.0
12,0.8,46,0.020156900932503517,0.0
12,0.8,47,0.019980730021593042,0.0
12,0.8,48,0.025389610796898512,0.0
12,0.8,49,0.026851986450469694,0.0
12,0.8,50,0.026451958016910984,0.0
12,0.8,51,0.01913340472368672,0.0
12,0.8,52,0.01907686074905563,0.0
12,0.8,53,0.021030739377149176,0.0
12,0.8,54,0.026191771758346007,0.0
12,0.8,55,0.032594480078354436,0.0
12,0.8,56,0.023845738156854788,0.0
12,0.8,57,0.027702684209861786,0.0
12,0.8,58,0.022397362326340185,0.0
12,0.8,59,0.0198586297914237,0.0
12,0.8,60,0.01661165669689221,0.0
12,0.8,61,0.01869114489802357,0.0
12,0.8,62,0.015781607867752533,0.0
12,0.8,63,0.016292985352855397,0.0
12,0.8,64,0.014849575722876793,0.0
12,0.8,65,0.022281353525827656,0.0
12,0.8,66,0.019117277761380128,0.0
12,0.8,67,0.018808361381683375,0.0
12,0.8,68,0.018540904783491213,0.0
12,0.8,69,0.01842590267519455,0.0
12,0.8,70,0.02522671488212279,0.0
12,0.8,71,0.02285608277917656,0.0
12,0.8,72,0.02071362773492077,0.0
12,0.8,73,0.02495713265755978,0.0
12,0.8,74,0.03066915179682482,0.0
12,0.8,75,0.023508530968820312,0.0
12,0.8,76,0.02302083214891945,0.0
12,0.8,77,0.01860508887218535,0.0
12,0.8,78,0.020115968534809677,0.0
12,0.8,79,0.020053972797782246,0.0
12,0.8,80,0.019356648275383324,0.0
12,0.8,81,0.020067290540172155,0.0
12,0.8,82,0.018337682252904195,0.0
12,0.8,83,0.01625052812725318,0.0
12,0.8,84,0.02061088544645479,0.0
12,0.8,85,0.023955720029863677,0.0
12,0.8,86,0.01798656604500987,0.0
12,0.8,87,0.01765267900426054,0.0
12,0.8,88,0.01717940839602115,0.0
12,0.8,89,0.013132219146585718,0.0
12,0.8,90,0.01516994012557084,0.0
12,0.8,91,0.013566137109142024,0.0
12,0.8,92,0.01772399618071905,0.0
12,0.8,93,0.02188955509077535,0.0
12,0.8,94,0.01834950333106717,0.0
12,0.8,95,0.01891274418672547,0.0
12,0.8,96,0.021676134938480626,0.0
12,0.8,97,0.024362605573177695,0.0
12,0.8,98,0.022312577698264592,0.0
12,0.8,99,0.026934800626714363,0.0
12,0.8,100,0.01864753060492265,0.0
12,0.8,101,0.015346066467737613,0.0
12,0.8,102,0.019209981017331557,0.0
12,0.8,103,0.018792536381771596,0.0
12,0.8,104,0.01957960875820487,0.0
12,0.8,105,0.025387969944618272,0.0
12,0.8,106,0.03137323018695427,0.0
12,0.8,107,0.03172247601497177,0.0
12,0.8,108,0.028039141376581495,0.0
12,0.8,109,0.023183144433696058,0.0
12,0.8,110,0.02044556372165137,0.0
12,0.8,111,0.022910137047473224,0.0
12,0.8,112,0.03103592629568407,0.0
12,0.8,113,0.022760596655088904,0.0
12,0.8,114,0.020554644432008627,0.0
12,0.8,115,0.02052759832060217,0.0
12,0.8,116,0.019838044724244108,0.0
12,0.8,117,0.020867724273275944,0.0
12,0.8,118,0.016261479641908102,0.0
12,0.8,119,0.017280788050306913,0.0
12,0.8,120,0.016047753286244065,0.0
12,0.8,121,0.015344568553214182,0.0
12,0.8,122,0.015768016346482214,0.0
12,0.8,123,0.01934321605099381,0.0
12,0.8,124,0.022708811050310102,0.0
12,0.8,125,0.019069530025935567,0.0
12,0.8,126,0.020140396026020718,0.0
12,0.8,127,0.026791541553212932,0.0
12,0.8,128,0.020728266846921816,0.0
12,0.8,129,0.018312920870068725,0.0
12,0.8,130,0.018300186716325224,0.0
12,0.8,131,0.017561386516583784,0.0
12,0.8,132,0.016226915989457944,0.0
12,0.8,133,0.01995899255852934,0.0
12,0.8,134,0.01744212185651978,0.0
12,0.8,135,0.019552623397667522,0.0
12,0.8,136,0.018908583130791343,0.0
12,0.8,137,0.019314016953042978,0.0
12,0.8,138,0.022097273710799906,0.0
12,0.8,139,0.024093354912439215,0.0
12,0.8,140,0.022125004875808617,0.0
12,0.8,141,0.021400443756698553,0.0
12,0.8,142,0.0198747939079799,0.0
12,0.8,143,0.020143430142139394,0.0
12,0.8,144,0.021757977186791372,0.0
12,0.8,145,0.01911265031592264,0.0
12,0.8,146,0.01777467341287833,0.0
12,0.8,147,0.02072739447037749,0.0
12,0.8,148,0.02130935617843574,0.0
12,0.8,149,0.02080279994189442,0.0
12,0.8,150,0.0159958314887607,0.0
12,0.8,151,0.01523923225135344,0.0
12,0.8,152,0.015889194474757184,0.0
12,0.8,153,0.018260397132414976,0.0
12,0.8,154,0.02074865531246985,0.0
12,0.8,155,0.02081668518348654,0.0
12,0.8,156,0.025158161726699876,0.0
12,0.8,157,0.015974803947168735,0.0
12,0.8,158,0.0202480920168282,0.0
12,0.8,159,0.01966649762792524,0.0
12,0.8,160,0.02136841751385248,0.0
12,0.8,161,0.01639111735446784,0.0
12,0.8,162,0.016857461565157522,0.0
12,0.8,163,0.016969809390665856,0.0
12,0.8,164,0.01899120756305498,0.0
12,0.8,165,0.016970454426165005,0.0
12,0.8,166,0.017588110717025998,0.0
12,0.8,167,0.018787758393267778,0.0
12,0.8,168,0.02316354939921854,0.0
12,0.8,169,0.017778495945297793,0.0
12,0.8,170,0.016984476438306667,0.0
12,0.8,171,0.01691766499004151,0.0
12,0.8,172,0.018443252606260403,0.0
12,0.8,173,0.018863300445546256,0.0
12,0.8,174,0.02041114158670371,0.0
12,0.8,175,0.01886153024626895,0.0
12,0.8,176,0.021428193105764947,0.0
12,0.8,177,0.023141321690215336,0.0
12,0.8,178,0.022682242594376997,0.0
12,0.8,179,0.024495691223511376,0.0
12,0.8,180,0.01786788871882544,0.0
12,0.8,181,0.014178318795069427,0.0
12,0.8,182,0.018912076911944794,0.0
12,0.8,183,0.023474605557478437,0.0
12,0.8,184,0.021280646056623706,0.0
12,0.8,185,0.023039933091319333,0.0
12,0.8,186,0.022469615674877836,0.0
12,0.8,187,0.019909685957528997,0.0
12,0.8,188,0.018355742813317897,0.0
12,0.8,189,0.01682569675158636,0.0
12,0.8,190,0.019681353383634664,0.0
12,0.8,191,0.02141421584734553,0.0
12,0.8,192,0.020296411776043927,0.0
12,0.8,193,0.015604986612527105,0.0
12,0.8,194,0.021651024047420364,0.0
12,0.8,195,0.0227202430244592,0.0
12,0.8,196,0.015068661153783742,0.0
12,0.8,197,0.013990333783510077,0.0
12,0.8,198,0.014925610071750995,0.0
12,0.8,199,0.014808516463965913,0.0
12,0.8,200,0.014683062967521627,0.0
12,0.8,201,0.019196527906153185,0.0
12,0.8,202,0.01639147540297335,0.0
12,0.8,203,0.017555554082132836,0.0
12,0.8,204,0.019342952164247897,0.0
12,0.8,205,0.019093920956073988,0.0
12,0.8,206,0.020706659439262053,0.0
12,0.8,207,0.024722928509948193,0.0
12,0.8,208,0.020350308863987122,0.0
12,0.8,209,0.018280315993491714,0.0
12,0.8,210,0.01945333485516991,0.0
12,0.8,211,0.015614252674734876,0.0
12,0.8,212,0.020701205878733434,0.0
12,0.8,213,0.02132299226563876,0.0
12,0.8,214,0.01826355612872177,0.0
12,0.8,215,0.02188216948278337,0.0
12,0.8,216,0.0191145190218078,0.0
12,0.8,217,0.022287319625725763,0.0
12,0.8,218,0.02108987107717483,0.0
12,0.8,219,0.02105400522720148,0.0
12,0.8,220,0.02146725073297432,0.0
12,0.8,221,0.0218164411029874,0.0
12,0.8,222,0.020390515506550296,0.0
12,0.8,223,0.020591474738288307,0.0
12,0.8,224,0.017012114007300336,0.0
12,0.8,225,0.017768503313510833,0.0
12,0.8,226,0.019761681920491297,0.0
12,0.8,227,0.01883041291631707,0.0
12,0.8,228,0.02224165570706409,0.0
12,0.8,229,0.024397561502935768,0.0
12,0.8,230,0.024525042004585777,0.0
12,0.8,231,0.02540354965465156,0.0
12,0.8,232,0.027795406711820184,0.0
12,0.8,233,0.02239886017681633,0.0
12,0.8,234,0.023262515720497295,0.0
12,0.8,235,0.017399204326587325,0.0
12,0.8,236,0.017716662747605673,0.0
12,0.8,237,0.01586651656229377,0.0
12,0.8,238,0.018061491139141496,0.0
12,0.8,239,0.016844577440724158,0.0
12,0.8,240,0.020529686218145046,0.0
12,0.8,241,0.02383092621679411,0.0
12,0.8,242,0.023365938199914043,0.0
12,0.8,243,0.02216382847918373,0.0
12,0.8,244,0.027504814940505353,0.0
12,0.8,245,0.019473820841680155,0.0
12,0.8,246,0.017782550142413443,0.0
12,0.8,247,0.019115158237706237,0.0
12,0.8,248,0.019764037775981118,0.0
12,0.8,249,0.02219024468827866,0.0
12,0.8,250,0.02087988576544273,0.0
12,0.8,251,0.018805006830199714,0.0
12,0.8,252,0.02538484336740779,0.0
12,0.8,253,0.021194480764936862,0.0
12,0.8,254,0.022121466872248266,0.0
12,0.8,255,0.023817897606233557,0.0
12,0.8,256,0.019808641920645444,0.0
12,0.8,257,0.01709893661509818,0.0
12,0.8,258,0.017755096444579035,0.0
12,0.8,259,0.018429703384711185,0.0
12,0.8,260,0.018856172789216676,0.0
12,0.8,261,0.016677952120979816,0.0
12,0.8,262,0.016633656951519356,0.0
12,0.8,263,0.014389133666780756,0.0
12,0.8,264,0.01895171752891371,0.0
12,0.8,265,0.01974326525210295,0.0
12,0.8,266,0.019128379802357296,0.0
12,0.8,267,0.02089891037274887,0.0
12,0.8,268,0.025177989779454867,0.0
12,0.8,269,0.017618369593594786,0.0
12,0.8,270,0.01808250761798194,0.0
12,0.8,271,0.01351921088185676,0.0
12,0.8,272,0.012328277611806986,0.0
12,0.8,273,0.013005879744881467,0.0
12,0.8,274,0.01636567023583507,0.0
12,0.8,275,0.015001689064779262,0.0
12,0.8,276,0.018359961167644302,0.0
12,0.8,277,0.019725998512892296,0.0
12,0.8,278,0.020605004721440397,0.0
12,0.8,279,0.016128435098668768,0.0
12,0.8,280,0.019418454592281743,0.0
12,0.8,281,0.016810013009928782,0.0
12,0.8,282,0.0185846556896029,0.0
12,0.8,283,0.02116423086702511,0.0
12,0.8,284,0.02079403545829752,0.0
12,0.8,285,0.018903945450153753,0.0
12,0.8,286,0.021990261614633272,0.0
12,0.8,287,0.020488949828871558,0.0
12,0.8,288,0.01878173871802717,0.0
12,0.8,289,0.01753063846611025,0.0
12,0.8,290,0.017917939714171414,0.0
12,0.8,291,0.018882735814642292,0.0
12,0.8,292,0.01993885193523623,0.0
12,0.8,293,0.017696450208476152,0.0
12,0.8,294,0.01545577414903585,0.0
12,0.8,295,0.017714369535201672,0.0
12,0.8,296,0.01748402567632802,0.0
12,0.8,297,0.01844486699367993,0.0
12,0.8,298,0.021267994135616846,0.0
12,0.8,299,0.020374634999555802,0.0
12,0.8,300,0.022712963267953152,0.0
12,0.8,301,0.01876164846057719,0.0
12,0.8,302,0.02396115495695479,0.0
12,0.8,303,0.0226173196084554,0.0
12,0.8,304,0.017600828923882084,0.0
12,0.8,305,0.022619522955334603,0.0
12,0.8,306,0.026032028580116058,0.0
12,0.8,307,0.01914724265763889,0.0
12,0.8,308,0.020818779927427613,0.0
12,0.8,309,0.025063888339272915,0.0
12,0.8,310,0.024882935694287078,0.0
12,0.8,311,0.02193757073969035,0.0
12,0.8,312,0.01706281129214915,0.0
12,0.8,313,0.01605905330335957,0.0
12,0.8,314,0.014718624076330749,0.0
12,0.8,315,0.01834398698734623,0.0
12,0.8,316,0.01915146289617449,0.0
12,0.8,317,0.02188830044179238,0.0
12,0.8,318,0.02629490465960871,0.0
12,0.8,319,0.025407819753977264,0.0
12,0.8,320,0.022279017477781625,0.0
12,0.8,321,0.022580435453041163,0.0
12,0.8,322,0.03008933174464162,0.0
12,0.8,323,0.026267916300307025,0.0
12,0.8,324,0.03001401371960669,0.0
12,0.8,325,0.024930983364736994,0.0
12,0.8,326,0.022638552388433614,0.0
12,0.8,327,0.01973949144440017,0.0
12,0.8,328,0.018588192759157903,0.0
12,0.8,329,0.016237833180167707,0.0
12,0.8,330,0.018441480622470193,0.0
12,0.8,331,0.01772543686023883,0.0
12,0.8,332,0.01674023869034952,0.0
12,0.8,333,0.019994281022939358,0.0
12,0.8,334,0.01681742878237788,0.0
12,0.8,335,0.01851998622704161,0.0
12,0.8,336,0.017826733994631597,0.0
12,0.8,337,0.014424177076910814,0.0
12,0.8,338,0.02023800704035571,0.0
12,0.8,339,0.03199575175464747,0.0
12,0.8,340,0.02857364559425248,0.0
12,0.8,341,0.02544863396260591,0.0
12,0.8,342,0.018409178492607092,0.0
12,0.8,343,0.017872616862474246,0.0
12,0.8,344,0.0173237804903325,0.0
12,0.8,345,0.016916655292746764,0.0
12,0.8,346,0.019654477317485704,0.0
12,0.8,347,0.02132596014612016,0.0
12,0.8,348,0.024466287654610043,0.0
12,0.8,349,0.025487644892092917,0.0
12,0.8,350,0.02886979545917995,0.0
12,0.8,351,0.03329701117790898,0.0
12,0.8,352,0.029648497964684543,0.0
12,0.8,353,0.027212620751083598,0.0
12,0.8,354,0.02403208256057806,0.0
12,0.8,355,0.026168078758094394,0.0
12,0.8,356,0.02421888053253031,0.0
12,0.8,357,0.021994633491064296,0.0
12,0.8,358,0.02186267063492052,0.0
12,0.8,359,0.027359450094529086,0.0
12,0.8,360,0.019823320289192127,0.0
12,0.8,361,0.017696627651145273,0.0
12,0.8,362,0.02242004264665684,0.0
12,0.8,363,0.02650172289965735,0.0
12,0.8,364,0.022217635527115615,0.0
12,0.8,365,0.0221754169497271,0.0
12,0.8,366,0.018827881938322646,0.0
12,0.8,367,0.022274075514956054,0.0
12,0.8,368,0.01745241612182953,0.0
12,0.8,369,0.0185857085072127,0.0
12,0.8,370,0.017508374727309237,0.0
12,0.8,371,0.020685320769999994,0.0
12,0.8,372,0.01925169494521101,0.0
12,0.8,373,0.027361634013753272,0.0
12,0.8,374,0.024515548444721293,0.0
12,0.8,375,0.03118333795020596,0.0
12,0.8,376,0.02406280503882054,0.0
12,0.8,377,0.024641464738469,0.0
12,0.8,378,0.01920342669201467,0.0
12,0.8,379,0.022938879616149793,0.0
12,0.8,380,0.019934635250937298,0.0
12,0.8,381,0.01884141340852195,0.0
12,0.8,382,0.0241106474376228,0.0
12,0.8,383,0.029368316732982527,0.0
12,0.8,384,0.03096189094935748,0.0
12,0.8,385,0.028124630345701607,0.0
12,0.8,386,0.025036240062082674,0.0
12,0.8,387,0.022496028152224942,0.0
12,0.8,388,0.019001914615039778,0.0
12,0.8,389,0.018427198507399094,0.0
12,0.8,390,0.01865958131351608,0.0
12,0.8,391,0.01611570423297626,0.0
12,0.8,392,0.018270378482189212,0.0
12,0.8,393,0.019003577026663748,0.0
12,0.8,394,0.019589313752349815,0.0
12,0.8,395,0.019617528873017306,0.0
12,0.8,396,0.021827274302119566,0.0
12,0.8,397,0.020263625310235643,0.0
12,0.8,398,0.013795839228179346,0.0
12,0.8,399,0.015178146290923109,0.0
12,0.8,400,0.015368658186396118,0.0
12,0.8,401,0.01496340830213689,0.0
12,0.8,402,0.017948058005185678,0.0
12,0.8,403,0.015788531309268872,0.0
12,0.8,404,0.017411871921286723,0.0
12,0.8,405,0.021463768704398735,0.0
12,0.8,406,0.022796563378400227,0.0
12,0.8,407,0.019336782905287314,0.0
12,0.8,408,0.02004676135677435,0.0
12,0.8,409,0.019004781558276847,0.0
12,0.8,410,0.016921224569839733,0.0
12,0.8,411,0.020442483799299107,0.0
12,0.8,412,0.017374424793184698,0.0
12,0.8,413,0.017415888931321007,0.0
12,0.8,414,0.02067428424547719,0.0
12,0.8,415,0.015192929402761832,0.0
12,0.8,416,0.015148911102911394,0.0
12,0.8,417,0.013821876456544615,0.0
12,0.8,418,0.016435789480324477,0.0
12,0.8,419,0.01875215866255936,0.0
12,0.8,420,0.019437094798288826,0.0
12,0.8,421,0.01952412607420252,0.0
12,0.8,422,0.020732531766098062,0.0
12,0.8,423,0.02306083824992617,0.0
12,0.8,424,0.023450184684065265,0.0
12,0.8,425,0.02743848084676234,0.0
12,0.8,426,0.022502991560065258,0.0
12,0.8,427,0.024872804647262242,0.0
12,0.8,428,0.024587453067838008,0.0
12,0.8,429,0.018847825621084766,0.0
12,0.8,430,0.016765947179780933,0.0
12,0.8,431,0.018612921453216587,0.0
12,0.8,432,0.019248031631536353,0.0
12,0.8,433,0.015273877679826955,0.0
12,0.8,434,0.018710392830234304,0.0
12,0.8,435,0.021304690471081526,0.0
12,0.8,436,0.019602893152987168,0.0
12,0.8,437,0.023122926891352313,0.0
12,0.8,438,0.020945812703343555,0.0
12,0.8,439,0.01615244505894266,0.0
12,0.8,440,0.014645125440538188,0.0
12,0.8,441,0.017636125871047747,0.0
12,0.8,442,0.018947797101910028,0.0
12,0.8,443,0.020741624038027817,0.0
12,0.8,444,0.021489829640832268,0.0
12,0.8,445,0.02583178781780493,0.0
12,0.8,446,0.022224503812961677,0.0
12,0.8,447,0.019891180637362102,0.0
12,0.8,448,0.022100561920875048,0.0
12,0.8,449,0.021133994512446366,0.0
12,0.8,450,0.02282590140293678,0.0
12,0.8,451,0.02879148097631932,0.0
12,0.8,452,0.025475803383958974,0.0
12,0.8,453,0.02286863989606829,0.0
12,0.8,454,0.021587810972256462,0.0
12,0.8,455,0.01744122970216953,0.0
12,0.8,456,0.016514206487198136,0.0
12,0.8,457,0.01457178399006803,0.0
12,0.8,458,0.016306114270645152,0.0
12,0.8,459,0.01871598061982555,0.0
12,0.8,460,0.02149074080647592,0.0
12,0.8,461,0.02064167959771662,0.0
12,0.8,462,0.015673834822841196,0.0
12,0.8,463,0.01896296291496351,0.0
12,0.8,464,0.015178109345860478,0.0
12,0.8,465,0.015872176753755744,0.0
12,0.8,466,0.024127111955713754,0.0
12,0.8,467,0.026924415354401942,0.0
12,0.8,468,0.022445265006147658,0.0
12,0.8,469,0.017958568514474058,0.0
12,0.8,470,0.021183807682635246,0.0
12,0.8,471,0.01726897628098015,0.0
12,0.8,472,0.015619592027157226,0.0
12,0.8,473,0.016560870335894304,0.0
12,0.8,474,0.0197752465298239,0.0
12,0.8,475,0.01355593069539682,0.0
12,0.8,476,0.014576150621634962,0.0
12,0.8,477,0.013491377764395343,0.0
12,0.8,478,0.015073725229396727,0.0
12,0.8,479,0.01732905657978194,0.0
12,0.8,480,0.01817440428412052,0.0
12,0.8,481,0.0227062183960457,0.0
12,0.8,482,0.021399698953577885,0.0
12,0.8,483,0.021677295722682552,0.0
12,0.8,484,0.02803595960532246,0.0
12,0.8,485,0.021451756807019117,0.0
12,0.8,486,0.01734887315416801,0.0
12,0.8,487,0.01674839199823237,0.0
12,0.8,488,0.018429870891625302,0.0
12,0.8,489,0.019587174503965195,0.0
12,0.8,490,0.01922081831710294,0.0
12,0.8,491,0.023745298990114915,0.0
12,0.8,492,0.0230550803557587,0.0
12,0.8,493,0.0209755649362326,0.0
12,0.8,494,0.01881545093723279,0.0
12,0.8,495,0.022636654207841764,0.0
12,0.8,496,0.02248243763657696,0.0
12,0.8,497,0.02480433425062905,0.0
12,0.8,498,0.020785245790622048,0.0
12,0.8,499,0.021629565551688476,0.0
12,0.8,500,0.027610314336734786,0.0
12,1.0,0,0.08663624715710984,0.0
12,1.0,1,0.05051427994340882,0.0
12,1.0,2,0.029037720507525826,0.0
12,1.0,3,0.027127417293520507,0.0
12,1.0,4,0.024922485430419545,0.0
12,1.0,5,0.02246031099963992,0.0
12,1.0,6,0.017850322195441495,0.0
12,1.0,7,0.01693171946548652,0.0
12,1.0,8,0.019064112880046925,0.0
12,1.0,9,0.01795510180713372,0.0
12,1.0,10,0.02061957199528027,0.0
12,1.0,11,0.023568959804027262,0.0
12,1.0,12,0.023539392333791095,0.0
12,1.0,13,0.022929539318765922,0.0
12,1.0,14,0.019511172616339893,0.0
12,1.0,15,0.017791805773535375,0.0
12,1.0,16,0.016630961605762506,0.0
12,1.0,17,0.01827907439021153,0.0
12,1.0,18,0.014863684052717612,0.0
12,1.0,19,0.01359434925541779,0.0
12,1.0,20,0.0177778044566451,0.0
12,1.0,21,0.017413972086932586,0.0
12,1.0,22,0.019400120832484408,0.0
12,1.0,23,0.021871568807541625,0.0
12,1.0,24,0.020531287676296216,0.0
12,1.0,25,0.02168304288118065,0.0
12,1.0,26,0.024520002321796054,0.0
12,1.0,27,0.01985292483906857,0.0
12,1.0,28,0.020133696109783095,0.0
12,1.0,29,0.018174399994217886,0.0
12,1.0,30,0.02029628277524003,0.0
12,1.0,31,0.017010538405934743,0.0
12,1.0,32,0.02340566786975411,0.0
12,1.0,33,0.028648624900281357,0.0
12,1.0,34,0.020256496153549776,0.0
12,1.0,35,0.025319615577084714,0.0
12,1.0,36,0.02695738994644681,0.0
12,1.0,37,0.020098482509732327,0.0
12,1.0,38,0.018310814367082463,0.0
12,1.0,39,0.017432068615598956,0.0
12,1.0,40,0.02002883441824387,0.0
12,1.0,41,0.021639161105662198,0.0
12,1.0,42,0.01825372630941039,0.0
12,1.0,43,0.01547444549464141,0.0
12,1.0,44,0.017481238456412057,0.0
12,1.0,45,0.02205115085451354,0.0
12,1.0,46,0.02081345876686853,0.0
12,1.0,47,0.02427111514872503,0.0
12,1.0,48,0.01736793304150052,0.0
12,1.0,49,0.01814718835374078,0.0
12,1.0,50,0.021100886427338084,0.0
12,1.0,51,0.01847200546586049,0.0
12,1.0,52,0.018046058669013355,0.0
12,1.0,53,0.021702999007704737,0.0
12,1.0,54,0.019949023713240966,0.0
12,1.0,55,0.021576763729294256,0.0
12,1.0,56,0.01940590536354917,0.0
12,1.0,57,0.023281269851100725,0.0
12,1.0,58,0.01985017568910904,0.0
12,1.0,59,0.020090081802102287,0.0
12,1.0,60,0.020216181666729054,0.0
12,1.0,61,0.019962794020603677,0.0
12,1.0,62,0.02400271110251498,0.0
12,1.0,63,0.022286087422737744,0.0
12,1.0,64,0.02194169932083033,0.0
12,1.0,65,0.02100659227721408,0.0
12,1.0,66,0.018925643818717933,0.0
12,1.0,67,0.01676687516906026,0.0
12,1.0,68,0.015509960918682715,0.0
12,1.0,69,0.015622675875455887,0.0
12,1.0,70,0.019454596701289434,0.0
12,1.0,71,0.019911491126133038,0.0
12,1.0,72,0.015581649331923913,0.0
12,1.0,73,0.01848327516796348,0.0
12,1.0,74,0.01823528481298107,0.0
12,1.0,75,0.01949482306818405,0.0
12,1.0,76,0.019211797797289897,0.0
12,1.0,77,0.021618818456063883,0.0
12,1.0,78,0.015205582627792036,0.0
12,1.0,79,0.016276500440550585,0.0
12,1.0,80,0.02064467462820823,0.0
12,1.0,81,0.01956628649466248,0.0
12,1.0,82,0.02092764701515002,0.0
12,1.0,83,0.01957206798525111,0.0
12,1.0,84,0.026173070364806202,0.0
12,1.0,85,0.019677670006910557,0.0
12,1.0,86,0.023020514600595877,0.0
12,1.0,87,0.019149264349935028,0.0
12,1.0,88,0.015188389224097923,0.0
12,1.0,89,0.017396639190193772,0.0
12,1.0,90,0.018046003891312213,0.0
12,1.0,91,0.017220914539929525,0.0
12,1.0,92,0.018315469559196402,0.0
12,1.0,93,0.02009737415408414,0.0
12,1.0,94,0.018073239414661057,0.0
12,1.0,95,0.02178175620426805,0.0
12,1.0,96,0.02075478543453444,0.0
12,1.0,97,0.024445983699934754,0.0
12,1.0,98,0.016428329512152035,0.0
12,1.0,99,0.020378377350248788,0.0
12,1.0,100,0.02078745678983202,0.0
12,1.0,101,0.013638123752946117,0.0
12,1.0,102,0.013220145862224763,0.0
12,1.0,103,0.015712482924742685,0.0
12,1.0,104,0.015843122217142,0.0
12,1.0,105,0.014370432946009844,0.0
12,1.0,106,0.01409630007267524,0.0
12,1.0,107,0.014412520252708214,0.0
12,1.0,108,0.014526351162825722,0.0
12,1.0,109,0.016140242661961898,0.0
12,1.0,110,0.01757134433806943,0.0
12,1.0,111,0.02022848853508814,0.0
12,1.0,112,0.026562062321044282,0.0
12,1.0,113,0.022206924102246686,0.0
12,1.0,114,0.021131586697635894,0.0
12,1.0,115,0.02022453096580668,0.0
12,1.0,116,0.02213735288050795,0.0
12,1.0,117,0.018975763188948128,0.0
12,1.0,118,0.014953747423074754,0.0
12,1.0,119,0.017798862940869287,0.0
12,1.0,120,0.01763148614400678,0.0
12,1.0,121,0.016426513351719366,0.0
12,1.0,122,0.021211534482684584,0.0
12,1.0,123,0.017574715021595383,0.0
12,1.0,124,0.013707737648354857,0.0
12,1.0,125,0.017828808419238836,0.0
12,1.0,126,0.022265113322232834,0.0
12,1.0,127,0.0205536579755007,0.0
12,1.0,128,0.018836777530733952,0.0
12,1.0,129,0.018204187038372927,0.0
12,1.0,130,0.012877913013986468,0.0
12,1.0,131,0.01519367314125632,0.0
12,1.0,132,0.017985414653867056,0.0
12,1.0,133,0.020223838534878916,0.0
12,1.0,134,0.01785230822682317,0.0
12,1.0,135,0.018005302308879728,0.0
12,1.0,136,0.022664480580361763,0.0
12,1.0,137,0.027727695281288343,0.0
12,1.0,138,0.029106975966073288,0.0
12,1.0,139,0.02572144684929242,0.0
12,1.0,140,0.027209595706513882,0.0
12,1.0,141,0.02619400743850534,0.0
12,1.0,142,0.024433824600559904,0.0
12,1.0,143,0.025408349751097584,0.0
12,1.0,144,0.024047539785969022,0.0
12,1.0,145,0.021583624879154484,0.0
12,1.0,146,0.026844275042331837,0.0
12,1.0,147,0.027635323714654998,0.0
12,1.0,148,0.028478049176974315,0.0
12,1.0,149,0.02685567782974476,0.0
12,1.0,150,0.03375631378053739,0.0
12,1.0,151,0.02383778134624535,0.0
12,1.0,152,0.024181959777591248,0.0
12,1.0,153,0.02671461597435798,0.0
12,1.0,154,0.022019889847328326,0.0
12,1.0,155,0.02228136398517709,0.0
12,1.0,156,0.01891295510284787,0.0
12,1.0,157,0.01404449372367597,0.0
12,1.0,158,0.01853547831110227,0.0
12,1.0,159,0.017339010929643545,0.0
12,1.0,160,0.01801201151874642,0.0
12,1.0,161,0.018139772634509416,0.0
12,1.0,162,0.02399537011759377,0.0
12,1.0,163,0.026539482534247663,0.0
12,1.0,164,0.02298770169705216,0.0
12,1.0,165,0.027837616232880252,0.0
12,1.0,166,0.023356578200428045,0.0
12,1.0,167,0.0245565360981652,0.0
12,1.0,168,0.02286371147955616,0.0
12,1.0,169,0.018575864055774823,0.0
12,1.0,170,0.019888244329843745,0.0
12,1.0,171,0.021331616815473874,0.0
12,1.0,172,0.021275431824751462,0.0
12,1.0,173,0.022128311518550464,0.0
12,1.0,174,0.021312388022639038,0.0
12,1.0,175,0.02566836361517994,0.0
12,1.0,176,0.019420467332914863,0.0
12,1.0,177,0.01887844810043975,0.0
12,1.0,178,0.014604177456305833,0.0
12,1.0,179,0.016551189322273254,0.0
12,1.0,180,0.022733450169691197,0.0
12,1.0,181,0.024281385050967573,0.0
12,1.0,182,0.020030962956121078,0.0
12,1.0,183,0.021244867193595883,0.0
12,1.0,184,0.02595891475659467,0.0
12,1.0,185,0.023057543022996067,0.0
12,1.0,186,0.022166918177658226,0.0
12,1.0,187,0.018446127474056297,0.0
12,1.0,188,0.01887455339207644,0.0
12,1.0,189,0.021002168164252183,0.0
12,1.0,190,0.01785919394534992,0.0
12,1.0,191,0.018385182423524105,0.0
12,1.0,192,0.016978184368724836,0.0
12,1.0,193,0.018473991044649956,0.0
12,1.0,194,0.02141994038691989,0.0
12,1.0,195,0.021377039707989508,0.0
12,1.0,196,0.018384897277042175,0.0
12,1.0,197,0.019057757928843025,0.0
12,1.0,198,0.01694755204399,0.0
12,1.0,199,0.020542491840918404,0.0
12,1.0,200,0.017767719325943405,0.0
12,1.0,201,0.018100513255007434,0.0
12,1.0,202,0.015849476239509636,0.0
12,1.0,203,0.02109517376732706,0.0
12,1.0,204,0.023489308369883277,0.0
12,1.0,205,0.02100147486811489,0.0
12,1.0,206,0.020616174520136563,0.0
12,1.0,207,0.023564242140905606,0.0
12,1.0,208,0.021478058488903846,0.0
12,1.0,209,0.01915005627013401,0.0
12,1.0,210,0.02220272493585214,0.0
12,1.0,211,0.018412350330556833,0.0
12,1.0,212,0.01994044112319214,0.0
12,1.0,213,0.019071799994377622,0.0
12,1.0,214,0.021127223313288993,0.0
12,1.0,215,0.020035787947817414,0.0
12,1.0,216,0.018579360741189262,0.0
12,1.0,217,0.024271954261476655,0.0
12,1.0,218,0.02617496324206199,0.0
12,1.0,219,0.014524098767927757,0.0
12,1.0,220,0.015336809100013091,0.0
12,1.0,221,0.019242597699499393,0.0
12,1.0,222,0.016600174686589128,0.0
12,1.0,223,0.018513437052425256,0.0
12,1.0,224,0.023764288182580008,0.0
12,1.0,225,0.01546211639486995,0.0
12,1.0,226,0.017874240717507615,0.0
12,1.0,227,0.02162430365963725,0.0
12,1.0,228,0.022402675248702833,0.0
12,1.0,229,0.022602849702406513,0.0
12,1.0,230,0.019398843234644435,0.0
12,1.0,231,0.019822523253563106,0.0
12,1.0,232,0.02114655170613717,0.0
12,1.0,233,0.02416688731090448,0.0
12,1.0,234,0.026125002830672806,0.0
12,1.0,235,0.02881539586530764,0.0
12,1.0,236,0.02500835571455124,0.0
12,1.0,237,0.020735471945574555,0.0
12,1.0,238,0.025092517137678315,0.0
12,1.0,239,0.021211587956677515,0.0
12,1.0,240,0.020871644166585074,0.0
12,1.0,241,0.026196238230313414,0.0
12,1.0,242,0.020956815104966234,0.0
12,1.0,243,0.01825872182088201,0.0
12,1.0,244,0.016255148814614227,0.0
12,1.0,245,0.02043715258831737,0.0
12,1.0,246,0.021598851134348552,0.0
12,1.0,247,0.029447060770448553,0.0
12,1.0,248,0.02511813602509841,0.0
12,1.0,249,0.02035984306042054,0.0
12,1.0,250,0.023690660030772158,0.0
12,1.0,251,0.02315855521594595,0.0
12,1.0,252,0.01869635899831533,0.0
12,1.0,253,0.017731233675851624,0.0
12,1.0,254,0.014856428001808402,0.0
12,1.0,255,0.01690625195175793,0.0
12,1.0,256,0.019581350787393304,0.0
12,1.0,257,0.019749387797818086,0.0
12,1.0,258,0.027010301209603717,0.0
12,1.0,259,0.03287859909324506,0.0
12,1.0,260,0.024669384779901063,0.0
12,1.0,261,0.02103626604202291,0.0
12,1.0,262,0.01615623422579952,0.0
12,1.0,263,0.015560102513166273,0.0
12,1.0,264,0.015622961920080291,0.0
12,1.0,265,0.0198040259549275,0.0
12,1.0,266,0.019326007220894812,0.0
12,1.0,267,0.018961347460183006,0.0
12,1.0,268,0.017215453071452252,0.0
12,1.0,269,0.018526426228096294,0.0
12,1.0,270,0.017446995922100847,0.0
12,1.0,271,0.023997181208044855,0.0
12,1.0,272,0.02367086562724679,0.0
12,1.0,273,0.019931878136719264,0.0
12,1.0,274,0.015624733995033217,0.0
12,1.0,275,0.014314810757976805,0.0
12,1.0,276,0.02092939311109056,0.0
12,1.0,277,0.01753916544549541,0.0
12,1.0,278,0.01860756212845861,0.0
12,1.0,279,0.019786686060103937,0.0
12,1.0,280,0.018397134332042275,0.0
12,1.0,281,0.016645793507939453,0.0
12,1.0,282,0.019479164579088187,0.0
12,1.0,283,0.020444517938864926,0.0
12,1.0,284,0.024060262198262607,0.0
12,1.0,285,0.02080195862299236,0.0
12,1.0,286,0.02049625938422324,0.0
12,1.0,287,0.020156450731721565,0.0
12,1.0,288,0.019228779641665795,0.0
12,1.0,289,0.019236906885887906,0.0
12,1.0,290,0.022307956321956396,0.0
12,1.0,291,0.021128612331114106,0.0
12,1.0,292,0.017774527377855297,0.0
12,1.0,293,0.020895059679994176,0.0
12,1.0,294,0.025523219090862245,0.0
12,1.0,295,0.024454686682712695,0.0
12,1.0,296,0.025484731932394946,0.0
12,1.0,297,0.02540943526665231,0.0
12,1.0,298,0.020722260916982024,0.0
12,1.0,299,0.0201299687233936,0.0
12,1.0,300,0.018590492250195326,0.0
12,1.0,301,0.01951300530170532,0.0
12,1.0,302,0.018314200938969447,0.0
12,1.0,303,0.024087905384447918,0.0
12,1.0,304,0.020888857054975958,0.0
12,1.0,305,0.020664531222366122,0.0
12,1.0,306,0.0236228187870271,0.0
12,1.0,307,0.016841169765106044,0.0
12,1.0,308,0.015643074264872082,0.0
12,1.0,309,0.017206890972724712,0.0
12,1.0,310,0.015302377442558229,0.0
12,1.0,311,0.022138647545820903,0.0
12,1.0,312,0.01958969404355509,0.0
12,1.0,313,0.02101217778426077,0.0
12,1.0,314,0.023046326298846936,0.0
12,1.0,315,0.020109644962155403,0.0
12,1.0,316,0.02135676045551839,0.0
12,1.0,317,0.018146698351015948,0.0
12,1.0,318,0.019229500176883275,0.0
12,1.0,319,0.021317988789046803,0.0
12,1.0,320,0.017078624381003386,0.0
12,1.0,321,0.01736049911921457,0.0
12,1.0,322,0.01838291683577854,0.0
12,1.0,323,0.02090772777530122,0.0
12,1.0,324,0.022753954264370994,0.0
12,1.0,325,0.023413959104551588,0.0
12,1.0,326,0.018759109997907388,0.0
12,1.0,327,0.020088106441911894,0.0
12,1.0,328,0.027053201492208964,0.0
12,1.0,329,0.01866464358990086,0.0
12,1.0,330,0.023116600347188564,0.0
12,1.0,331,0.0316316867699684,0.0
12,1.0,332,0.021709621978956855,0.0
12,1.0,333,0.015880749209423176,0.0
12,1.0,334,0.016691360175509637,0.0
12,1.0,335,0.019833016389058135,0.0
12,1.0,336,0.019573202357041325,0.0
12,1.0,337,0.020570759901408144,0.0
12,1.0,338,0.02343053211190828,0.0
12,1.0,339,0.022904802306751848,0.0
12,1.0,340,0.020500109181636555,0.0
12,1.0,341,0.02042383584025734,0.0
12,1.0,342,0.01954816798388148,0.0
12,1.0,343,0.020316785540123374,0.0
12,1.0,344,0.017103947615197915,0.0
12,1.0,345,0.021340871763576953,0.0
12,1.0,346,0.018404832430123343,0.0
12,1.0,347,0.021538878039279282,0.0
12,1.0,348,0.019963440893702344,0.0
12,1.0,349,0.022092855210816845,0.0
12,1.0,350,0.02570194417315436,0.0
12,1.0,351,0.01864838182082649,0.0
12,1.0,352,0.018754657861087376,0.0
12,1.0,353,0.02222385616150778,0.0
12,1.0,354,0.020739541530365117,0.0
12,1.0,355,0.01997774075076274,0.0
12,1.0,356,0.02424749948229126,0.0
12,1.0,357,0.0253841432684815,0.0
12,1.0,358,0.027170915595982406,0.0
12,1.0,359,0.02105792395393411,0.0
12,1.0,360,0.020170840088787254,0.0
12,1.0,361,0.017241602074937898,0.0
12,1.0,362,0.018213540837079142,0.0
12,1.0,363,0.01797990256434203,0.0
12,1.0,364,0.021340393453762475,0.0
12,1.0,365,0.020627746356025753,0.0
12,1.0,366,0.018124509544432107,0.0
12,1.0,367,0.019078663565189315,0.0
12,1.0,368,0.018566646545545896,0.0
12,1.0,369,0.01592151925805617,0.0
12,1.0,370,0.019052392161760256,0.0
12,1.0,371,0.021349179767706526,0.0
12,1.0,372,0.02052369590733852,0.0
12,1.0,373,0.013639831678760933,0.0
12,1.0,374,0.018666452319183475,0.0
12,1.0,375,0.02195714867171296,0.0
12,1.0,376,0.021924561274259503,0.0
12,1.0,377,0.017864606984250037,0.0
12,1.0,378,0.02187611072585307,0.0
12,1.0,379,0.016363192564392042,0.0
12,1.0,380,0.017985097672589326,0.0
12,1.0,381,0.013710046571855837,0.0
12,1.0,382,0.0153160197135392,0.0
12,1.0,383,0.02207184932588753,0.0
12,1.0,384,0.020667652719295687,0.0
12,1.0,385,0.017952260213244337,0.0
12,1.0,386,0.02366478650853698,0.0
12,1.0,387,0.02102827550761933,0.0
12,1.0,388,0.019722153849420367,0.0
12,1.0,389,0.017880987758370846,0.0
12,1.0,390,0.017475286102595678,0.0
12,1.0,391,0.022610320455860554,0.0
12,1.0,392,0.022498947508101327,0.0
12,1.0,393,0.02175679283893534,0.0
12,1.0,394,0.02079591629081913,0.0
12,1.0,395,0.023091874457810784,0.0
12,1.0,396,0.02406646507339029,0.0
12,1.0,397,0.023830265873929744,0.0
12,1.0,398,0.022291742003442163,0.0
12,1.0,399,0.022052074700506935,0.0
12,1.0,400,0.02362204062830573,0.0
12,1.0,401,0.028643593387642993,0.0
12,1.0,402,0.02766228494337316,0.0
12,1.0,403,0.019937357965613803,0.0
12,1.0,404,0.020423334920587087,0.0
12,1.0,405,0.0237541800119544,0.0
12,1.0,406,0.023556807295428375,0.0
12,1.0,407,0.01969912462566489,0.0
12,1.0,408,0.017061871517295605,0.0
12,1.0,409,0.013745797781643072,0.0
12,1.0,410,0.018070580749143517,0.0
12,1.0,411,0.018313865230050477,0.0
12,1.0,412,0.01644992423157044,0.0
12,1.0,413,0.016685263731983604,0.0
12,1.0,414,0.02123120290876432,0.0
12,1.0,415,0.02614610248010613,0.0
12,1.0,416,0.01747707836836524,0.0
12,1.0,417,0.015012437311458333,0.0
12,1.0,418,0.01916209748045117,0.0
12,1.0,419,0.019896506613701105,0.0
12,1.0,420,0.017069863068444224,0.0
12,1.0,421,0.018606985281753478,0.0
12,1.0,422,0.017022846274462943,0.0
12,1.0,423,0.018342402648622313,0.0
12,1.0,424,0.018235349287402426,0.0
12,1.0,425,0.020340705207703248,0.0
12,1.0,426,0.016492516293230074,0.0
12,1.0,427,0.019783588685402653,0.0
12,1.0,428,0.017416477245859218,0.0
12,1.0,429,0.020304276051202774,0.0
12,1.0,430,0.01757857460270675,0.0
12,1.0,431,0.0216225035549946,0.0
12,1.0,432,0.014745818961667894,0.0
12,1.0,433,0.018204347202601893,0.0
12,1.0,434,0.02040273451813178,0.0
12,1.0,435,0.01689505418762896,0.0
12,1.0,436,0.016212517175412194,0.0
12,1.0,437,0.015045954709481169,0.0
12,1.0,438,0.016057177810052926,0.0
12,1.0,439,0.021452457022280273,0.0
12,1.0,440,0.018355228093333745,0.0
12,1.0,441,0.018221544506265352,0.0
12,1.0,442,0.023250989099841045,0.0
12,1.0,443,0.024114149696361387,0.0
12,1.0,444,0.028113551301754355,0.0
12,1.0,445,0.024304805763526723,0.0
12,1.0,446,0.026907684266900603,0.0
12,1.0,447,0.023389570006061376,0.0
12,1.0,448,0.025467391002291673,0.0
12,1.0,449,0.021608526997404988,0.0
12,1.0,450,0.016929221634524007,0.0
12,1.0,451,0.017767070849393846,0.0
12,1.0,452,0.017518983342354067,0.0
12,1.0,453,0.01400806549922557,0.0
12,1.0,454,0.015169083660071676,0.0
12,1.0,455,0.021032993443811612,0.0
12,1.0,456,0.01904344981542987,0.0
12,1.0,457,0.019971197616056625,0.0
12,1.0,458,0.022897985560891083,0.0
12,1.0,459,0.02917966361913027,0.0
12,1.0,460,0.02325198684390536,0.0
12,1.0,461,0.018838405395323162,0.0
12,1.0,462,0.02496555981508971,0.0
12,1.0,463,0.026755609487372368,0.0
12,1.0,464,0.02408556217902948,0.0
12,1.0,465,0.023726919845809658,0.0
12,1.0,466,0.01947692983781294,0.0
12,1.0,467,0.022712725112589274,0.0
12,1.0,468,0.016304820036866174,0.0
12,1.0,469,0.01976326823875349,0.0
12,1.0,470,0.024239194142270847,0.0
12,1.0,471,0.020038067329010954,0.0
12,1.0,472,0.018707761562412085,0.0
12,1.0,473,0.018325545184272804,0.0
12,1.0,474,0.01654937830379509,0.0
12,1.0,475,0.020919647139674882,0.0
12,1.0,476,0.017201495684966827,0.0
12,1.0,477,0.020647878214815226,0.0
12,1.0,478,0.018946206835311098,0.0
12,1.0,479,0.020552635710481777,0.0
12,1.0,480,0.020245450884831616,0.0
12,1.0,481,0.019635040767435063,0.0
12,1.0,482,0.018923140987606873,0.0
12,1.0,483,0.02003745183571918,0.0
12,1.0,484,0.020209283767700034,0.0
12,1.0,485,0.021539170628297508,0.0
12,1.0,486,0.024304797541322743,0.0
12,1.0,487,0.021515654558782987,0.0
12,1.0,488,0.018152483816643774,0.0
12,1.0,489,0.02334126314032359,0.0
12,1.0,490,0.026741878339634324,0.0
12,1.0,491,0.018546978781644928,0.0
12,1.0,492,0.021820210245854343,0.0
12,1.0,493,0.016638671035277584,0.0
12,1.0,494,0.023597627495751224,0.0
12,1.0,495,0.02527615499479276,0.0
12,1.0,496,0.025883527331608907,0.0
12,1.0,497,0.019893574194517104,0.0
12,1.0,498,0.019075426524068795,0.0
12,1.0,499,0.018351505362189022,0.0
12,1.0,500,0.017447202213847407,0.0
