m,t,model,variance_mean,sem_total,sem_network,sem_runs
5,0,model1_fixed_q,0.08319586206220174,9.85341169838915e-05,9.85341169838915e-05,7.922970039005959e-05
5,0,model3_dynamic_q,0.08330953648040257,8.177795594675525e-05,7.994703937897951e-05,8.177795594675525e-05
5,1,model1_fixed_q,0.06401916502034531,0.0001037301250349896,0.00010373012503498959,9.661990546920065e-05
5,1,model3_dynamic_q,0.07314644580599695,0.00012844528094843363,9.20591283026807e-05,0.00012844528094843363
5,2,model1_fixed_q,0.05674618643871205,9.940874355370153e-05,9.204108764875027e-05,9.940874355370153e-05
5,2,model3_dynamic_q,0.06994641474455192,0.00016911245760853255,0.00016911245760853255,0.0001675652790336906
5,3,model1_fixed_q,0.05326494094342195,0.00010397949384403994,0.00010397949384403995,9.743850948909166e-05
5,3,model3_dynamic_q,0.06904036524289384,0.00024563691910688395,0.00024563691910688395,0.0001916850231183395
5,4,model1_fixed_q,0.05124198121328836,0.00011216546738108524,0.00011216546738108523,9.57993608641624e-05
5,4,model3_dynamic_q,0.06919208001973068,0.00028840822955174576,0.00028840822955174576,0.0002253249496023398
5,5,model1_fixed_q,0.05034479390180489,9.85553895806012e-05,9.85553895806012e-05,9.499360159820294e-05
5,5,model3_dynamic_q,0.06892131522512625,0.00025217839395321,0.00025217839395321,0.00024119842381457009
5,6,model1_fixed_q,0.04984148848145177,9.48105399836226e-05,8.840832042706948e-05,9.48105399836226e-05
5,6,model3_dynamic_q,0.06923928301974293,0.000292143872957372,0.000292143872957372,0.0002577556126438067
5,7,model1_fixed_q,0.04962676957490291,9.379101275327249e-05,9.373952415542251e-05,9.379101275327249e-05
5,7,model3_dynamic_q,0.06947659139301829,0.0002993289469224999,0.0002993289469224999,0.00026873579935796923
5,8,model1_fixed_q,0.049405805204612574,9.831490730921963e-05,9.831490730921963e-05,9.243652233735935e-05
5,8,model3_dynamic_q,0.06977951934608202,0.00033689776497064787,0.00033689776497064787,0.0002790247882802004
5,9,model1_fixed_q,0.049175459689626715,9.485726234065573e-05,9.485726234065574e-05,9.354858940098186e-05
5,9,model3_dynamic_q,0.0698896012340343,0.00033408726780875136,0.00033408726780875136,0.00027868606089021534
5,10,model1_fixed_q,0.04908078820342072,9.933709539376617e-05,9.933709539376618e-05,9.031092520253978e-05
5,10,model3_dynamic_q,0.07033421077564274,0.0003091798766694776,0.0003091798766694776,0.00028476790646685254
5,11,model1_fixed_q,0.049031782054637874,0.00010086870568258065,0.00010086870568258066,8.761196936707588e-05
5,11,model3_dynamic_q,0.07018399538433956,0.000289254463249478,0.0002804284566315094,0.000289254463249478
5,12,model1_fixed_q,0.04891780556696753,0.00010511718383178428,0.00010511718383178428,9.091940821555819e-05
5,12,model3_dynamic_q,0.07020979855072436,0.00032863479810186087,0.00032863479810186087,0.0002898415646388258
5,13,model1_fixed_q,0.048866748985130076,0.00011351989590073852,0.0001135198959007385,8.857858814960992e-05
5,13,model3_dynamic_q,0.07015930971711622,0.00030003507464470663,0.00030003507464470663,0.0002908021839709303
5,14,model1_fixed_q,0.04889005458006013,0.00012994352587347233,0.00012994352587347233,8.735563859469364e-05
5,14,model3_dynamic_q,0.07002448134126156,0.00030667030768633517,0.0003066703076863351,0.0002896599111779295
5,15,model1_fixed_q,0.04899098411087398,0.00010405730831367508,0.00010405730831367508,8.850557711940471e-05
5,15,model3_dynamic_q,0.07019554261114426,0.00029221589353097666,0.0002880059216757684,0.00029221589353097666
5,16,model1_fixed_q,0.04895784993063643,9.706152892278537e-05,9.706152892278537e-05,9.149789832875675e-05
5,16,model3_dynamic_q,0.07036142200516586,0.0002902876294781352,0.00027968377272816474,0.0002902876294781352
5,17,model1_fixed_q,0.048978275751329264,9.798514026187349e-05,9.79851402618735e-05,8.985419557883435e-05
5,17,model3_dynamic_q,0.07036262193973562,0.00030169683200719096,0.00030169683200719096,0.00028675920370172393
5,18,model1_fixed_q,0.04895412412603735,9.499617883007419e-05,9.49961788300742e-05,9.342089579970462e-05
5,18,model3_dynamic_q,0.07012539811151394,0.00028376280653631176,0.00028376280653631176,0.0002824269027515417
5,19,model1_fixed_q,0.0489734079581412,9.338815571997395e-05,9.338815571997395e-05,9.243590600360254e-05
5,19,model3_dynamic_q,0.07008247225842214,0.00029193744644812075,0.00029193744644812075,0.0002758237549743098
5,20,model1_fixed_q,0.04881944687543758,9.3767126349242e-05,6.85781890563605e-05,9.3767126349242e-05
5,20,model3_dynamic_q,0.07007869905261006,0.00031486683421701807,0.0003148668342170181,0.0002766604198711478
5,21,model1_fixed_q,0.04885234153546313,8.868914209354956e-05,8.184757922093706e-05,8.868914209354956e-05
5,21,model3_dynamic_q,0.07008688582342125,0.0003181725472482341,0.0003181725472482341,0.00027811712853662696
5,22,model1_fixed_q,0.04886610058906398,8.928703911280378e-05,8.928703911280378e-05,8.918596146108716e-05
5,22,model3_dynamic_q,0.07025188092316854,0.00029572556087321267,0.00026325332814895394,0.00029572556087321267
5,23,model1_fixed_q,0.048899865750505686,0.00011157255797322707,0.00011157255797322707,9.245226175963795e-05
5,23,model3_dynamic_q,0.07018784268774181,0.00029733389175480606,0.00027992990030589114,0.00029733389175480606
5,24,model1_fixed_q,0.04890889404986627,9.115683484350569e-05,8.721715945560938e-05,9.115683484350569e-05
5,24,model3_dynamic_q,0.07005435631957108,0.0003342684732519628,0.0003342684732519629,0.0002864930445993591
5,25,model1_fixed_q,0.04895946558391747,8.972719915456688e-05,7.028552779361604e-05,8.972719915456688e-05
5,25,model3_dynamic_q,0.07041920761470764,0.00036471242225505124,0.0003647124222550513,0.0002926829506262606
5,26,model1_fixed_q,0.04897530004678185,9.030383064958467e-05,8.910319758574651e-05,9.030383064958467e-05
5,26,model3_dynamic_q,0.07030859363730992,0.0003936499377359484,0.00039364993773594845,0.00029280514560914213
5,27,model1_fixed_q,0.04886381838920094,8.945428859434586e-05,7.716552775533707e-05,8.945428859434586e-05
5,27,model3_dynamic_q,0.0702122642097635,0.0003828669046928753,0.0003828669046928753,0.0003015968814767539
5,28,model1_fixed_q,0.048911356906696124,9.225543027697291e-05,9.166857063575468e-05,9.225543027697291e-05
5,28,model3_dynamic_q,0.07039721326806435,0.00033333055630055554,0.00033333055630055554,0.0002940134013866839
5,29,model1_fixed_q,0.048982211608303884,9.195651043974701e-05,8.859119213995875e-05,9.195651043974701e-05
5,29,model3_dynamic_q,0.0704179976320881,0.0003457536304060423,0.0003457536304060422,0.0003022081381464743
5,30,model1_fixed_q,0.04889880012073381,0.0001018805673477531,0.00010188056734775308,9.265491536871168e-05
5,30,model3_dynamic_q,0.0704110321960578,0.00035907088927968495,0.00035907088927968495,0.00030583538528025346
5,31,model1_fixed_q,0.04887758419286633,9.369064495663799e-05,7.924122224777479e-05,9.369064495663799e-05
5,31,model3_dynamic_q,0.07054465622064818,0.00035763966755016855,0.00035763966755016855,0.0002907888638914163
5,32,model1_fixed_q,0.04888618109774709,9.115303240791298e-05,7.121149402842122e-05,9.115303240791298e-05
5,32,model3_dynamic_q,0.0707109122008848,0.0003341305937992838,0.0003341305937992838,0.0002982677590460328
5,33,model1_fixed_q,0.048930815185865506,9.110350071173341e-05,9.081145667366225e-05,9.110350071173341e-05
5,33,model3_dynamic_q,0.07073437667540255,0.000355917790417522,0.000355917790417522,0.000307736652366839
5,34,model1_fixed_q,0.04892012666328322,8.97028742053646e-05,7.62176463480923e-05,8.97028742053646e-05
5,34,model3_dynamic_q,0.07099118767644617,0.00036751435059216125,0.00036751435059216125,0.0003147317414712044
5,35,model1_fixed_q,0.04896090597562221,9.049313552710434e-05,7.68927793366559e-05,9.049313552710434e-05
5,35,model3_dynamic_q,0.07106432231250095,0.00037290452364584795,0.0003729045236458479,0.00031658787736292115
5,36,model1_fixed_q,0.049069984607152624,9.584654650405295e-05,9.362519385704912e-05,9.584654650405295e-05
5,36,model3_dynamic_q,0.07104665363730775,0.0003574701577399987,0.00035747015773999867,0.0003036990146806007
5,37,model1_fixed_q,0.04903170254892061,0.00010014690591897391,0.00010014690591897391,9.63144719764265e-05
5,37,model3_dynamic_q,0.07093214243825284,0.0003383958353251795,0.0003383958353251795,0.0003023369900373036
5,38,model1_fixed_q,0.04898434005204998,9.09048221514638e-05,7.111669891933285e-05,9.09048221514638e-05
5,38,model3_dynamic_q,0.07063482726419865,0.0003038140304612841,0.0003027763149227032,0.0003038140304612841
5,39,model1_fixed_q,0.0489679024900621,8.847873867724199e-05,7.67716231352733e-05,8.847873867724199e-05
5,39,model3_dynamic_q,0.07026673162197507,0.00029038841547910515,0.00029038841547910515,0.0002825400272566314
5,40,model1_fixed_q,0.048998827272978725,9.125556685329979e-05,9.12555668532998e-05,9.105363680585654e-05
5,40,model3_dynamic_q,0.07021367988689514,0.0002900461226615918,0.0002900461226615918,0.00027632889139061784
5,41,model1_fixed_q,0.04902677724637514,9.466899537615934e-05,9.466899537615934e-05,9.257516898226763e-05
5,41,model3_dynamic_q,0.0701056018384884,0.00031285641515195256,0.00031285641515195256,0.0002834934753139859
5,42,model1_fixed_q,0.04896939088450771,8.910217450503513e-05,8.81842288823036e-05,8.910217450503513e-05
5,42,model3_dynamic_q,0.07004720279098514,0.00030370251358839175,0.00030370251358839175,0.00028438352998564026
5,43,model1_fixed_q,0.04891805380481447,9.173941568418894e-05,8.651315391773124e-05,9.173941568418894e-05
5,43,model3_dynamic_q,0.06996933366661554,0.0002925241715956959,0.00028216302657265693,0.0002925241715956959
5,44,model1_fixed_q,0.049066934629246044,0.0001000964553842829,0.0001000964553842829,9.322145347720526e-05
5,44,model3_dynamic_q,0.07000539437342265,0.0003035178105905486,0.0003035178105905486,0.00028203349995257196
5,45,model1_fixed_q,0.04911628768027739,9.341440560816108e-05,9.341440560816108e-05,8.996644736904616e-05
5,45,model3_dynamic_q,0.07006159176674748,0.0003189931480262931,0.00031899314802629305,0.0002980094393764804
5,46,model1_fixed_q,0.04895385020819573,8.877801249139481e-05,8.756380244980394e-05,8.877801249139481e-05
5,46,model3_dynamic_q,0.06997108057887004,0.0003053404416771749,0.0003053404416771749,0.00029959311585882033
5,47,model1_fixed_q,0.048950521063672224,9.136755579234708e-05,8.479508225532047e-05,9.136755579234708e-05
5,47,model3_dynamic_q,0.07026583958827616,0.0003271309145201207,0.0003271309145201207,0.0003044623993826777
5,48,model1_fixed_q,0.048970536612153094,9.012466423979374e-05,8.99935816833595e-05,9.012466423979374e-05
5,48,model3_dynamic_q,0.07028923117561477,0.0003446591499383066,0.0003446591499383066,0.00029957140856234535
5,49,model1_fixed_q,0.048993608318613414,0.00010081813462592047,0.00010081813462592047,9.076398155083509e-05
5,49,model3_dynamic_q,0.07033780628329266,0.0003170391411489817,0.0003170391411489817,0.00030190603009204556
5,50,model1_fixed_q,0.049013941294000364,9.502439526338809e-05,7.828127098987876e-05,9.502439526338809e-05
5,50,model3_dynamic_q,0.07038171804939444,0.0003275648718898181,0.0003275648718898181,0.00030578388418270005
5,51,model1_fixed_q,0.04900924559368689,9.311935662378722e-05,7.104855474764982e-05,9.311935662378722e-05
5,51,model3_dynamic_q,0.07040285332590394,0.00031878521821623857,0.00031878521821623857,0.00030706979091489183
5,52,model1_fixed_q,0.04906334496480696,9.177932938562677e-05,8.874185747409438e-05,9.177932938562677e-05
5,52,model3_dynamic_q,0.07027807210558291,0.00030475749682584014,0.00027330435507592833,0.00030475749682584014
5,53,model1_fixed_q,0.0490487086357893,9.172849538136775e-05,8.570322610155396e-05,9.172849538136775e-05
5,53,model3_dynamic_q,0.07039564578750189,0.000297089066473927,0.00027869063298357165,0.000297089066473927
5,54,model1_fixed_q,0.04900515264138014,8.649513656165699e-05,7.731275047354681e-05,8.649513656165699e-05
5,54,model3_dynamic_q,0.07045804197853767,0.0003266666695153569,0.0003266666695153569,0.00029650852833435046
5,55,model1_fixed_q,0.04892419419950587,9.058316403253324e-05,6.760566863763899e-05,9.058316403253324e-05
5,55,model3_dynamic_q,0.07065537785139903,0.00037004724868202184,0.00037004724868202184,0.00030428725079267627
5,56,model1_fixed_q,0.048801425558698514,0.00010317533729936802,0.00010317533729936802,9.158390350296963e-05
5,56,model3_dynamic_q,0.07071468706335828,0.00037563168981257384,0.00037563168981257384,0.00031457130663312523
5,57,model1_fixed_q,0.04883313137889375,9.994509434170594e-05,9.994509434170594e-05,9.261683528779239e-05
5,57,model3_dynamic_q,0.07066644451288187,0.0003804597061109119,0.0003804597061109119,0.0003121002342183838
5,58,model1_fixed_q,0.04884131246941811,9.246927395941315e-05,7.722245643183878e-05,9.246927395941315e-05
5,58,model3_dynamic_q,0.07068181966932427,0.0003625879907009423,0.0003625879907009423,0.0003169797867662965
5,59,model1_fixed_q,0.04900205209629046,9.136367267818227e-05,8.154380253681236e-05,9.136367267818227e-05
5,59,model3_dynamic_q,0.07076773583248828,0.0003666610196499903,0.00036666101964999024,0.0003136558590688805
5,60,model1_fixed_q,0.049080505657107636,8.926428250174173e-05,8.455603693757341e-05,8.926428250174173e-05
5,60,model3_dynamic_q,0.0711194520718203,0.0004003497111825199,0.0004003497111825199,0.0003161010764800755
5,61,model1_fixed_q,0.04914602509871203,8.916868113850971e-05,6.561749958544776e-05,8.916868113850971e-05
5,61,model3_dynamic_q,0.07116594226663783,0.00045020331795876634,0.00045020331795876634,0.00030948999899568303
5,62,model1_fixed_q,0.049105146298392466,9.286868751756127e-05,6.996113957006775e-05,9.286868751756127e-05
5,62,model3_dynamic_q,0.07122336991364539,0.00046492968374255595,0.000464929683742556,0.00031924431279794574
5,63,model1_fixed_q,0.049014032404621787,0.00010167122747238026,0.00010167122747238026,9.128584417806211e-05
5,63,model3_dynamic_q,0.07112229764749614,0.0003860381187347371,0.0003860381187347371,0.00031554529374742566
5,64,model1_fixed_q,0.04897054088731052,9.45953931649017e-05,9.45953931649017e-05,9.304849397748601e-05
5,64,model3_dynamic_q,0.0710852023087943,0.00038016484487183276,0.0003801648448718327,0.00031752952640315966
5,65,model1_fixed_q,0.04897734599618109,9.387100687640118e-05,7.568221589520742e-05,9.387100687640118e-05
5,65,model3_dynamic_q,0.07105298882349173,0.0003225458102806029,0.00031028880690338936,0.0003225458102806029
5,66,model1_fixed_q,0.0489438521261193,9.392925303502642e-05,9.077899948033167e-05,9.392925303502642e-05
5,66,model3_dynamic_q,0.07080796062999185,0.00034223632326726316,0.0003422363232672632,0.0003250197495828667
5,67,model1_fixed_q,0.04898567187392628,9.178146306749693e-05,9.046676639229061e-05,9.178146306749693e-05
5,67,model3_dynamic_q,0.07069150418357087,0.0003440864121901657,0.0003440864121901657,0.0003119878921845658
5,68,model1_fixed_q,0.04904066233273398,9.102195532523822e-05,7.543934035657061e-05,9.102195532523822e-05
5,68,model3_dynamic_q,0.07098335611192054,0.00035617315004457046,0.00035617315004457046,0.00030633751445404653
5,69,model1_fixed_q,0.0489501215185709,9.156272062129681e-05,7.751929344329225e-05,9.156272062129681e-05
5,69,model3_dynamic_q,0.07069760672675951,0.0003189715188705813,0.00031897151887058135,0.00029264393422054954
5,70,model1_fixed_q,0.04895958658338071,9.335115478689743e-05,9.335115478689743e-05,8.912908331248317e-05
5,70,model3_dynamic_q,0.07076425948603068,0.0003219392565851353,0.0003219392565851353,0.0003045851997159006
5,71,model1_fixed_q,0.04906755567298023,9.320123634773391e-05,6.965912874615674e-05,9.320123634773391e-05
5,71,model3_dynamic_q,0.07065113540777437,0.0003928413389127893,0.0003928413389127893,0.00029945425037217904
5,72,model1_fixed_q,0.04893890113749653,9.723390285291967e-05,7.933550059623388e-05,9.723390285291967e-05
5,72,model3_dynamic_q,0.07079591308028108,0.00035843933828600197,0.0003584393382860019,0.0003026307806301654
5,73,model1_fixed_q,0.04877831499645145,9.298459818929483e-05,8.852850088250977e-05,9.298459818929483e-05
5,73,model3_dynamic_q,0.07092791265901892,0.00034858854353160367,0.00034858854353160367,0.0002933407591672845
5,74,model1_fixed_q,0.04889970567729867,8.959840905365593e-05,6.072455215930638e-05,8.959840905365593e-05
5,74,model3_dynamic_q,0.07083785411040648,0.00033173067382948903,0.00033173067382948903,0.00028911986485922407
5,75,model1_fixed_q,0.048906563344991855,9.000498126867505e-05,7.271419365683363e-05,9.000498126867505e-05
5,75,model3_dynamic_q,0.07096120408365492,0.00033027076944170097,0.00033027076944170097,0.0002811540119196278
5,76,model1_fixed_q,0.04894060987577571,9.409046155000154e-05,6.576813534503605e-05,9.409046155000154e-05
5,76,model3_dynamic_q,0.07111097122433535,0.0003153869737359146,0.0003153869737359146,0.00028593238515090805
5,77,model1_fixed_q,0.048895029542917544,9.136149965147258e-05,8.779271971143467e-05,9.136149965147258e-05
5,77,model3_dynamic_q,0.07120266062186463,0.00032408288859612486,0.00032408288859612486,0.0002803896433718809
5,78,model1_fixed_q,0.048983929944741385,9.38258339653543e-05,9.38258339653543e-05,9.374707010575694e-05
5,78,model3_dynamic_q,0.0711525755328828,0.0003356146634619831,0.0003356146634619831,0.0002893182833910789
5,79,model1_fixed_q,0.048977675594862845,0.00010865401670450045,0.00010865401670450046,9.221320700501435e-05
5,79,model3_dynamic_q,0.0708029168071457,0.0003123854410640307,0.0003123854410640307,0.0002841558706003255
5,80,model1_fixed_q,0.04888752034338668,9.271817829850843e-05,7.777474607314812e-05,9.271817829850843e-05
5,80,model3_dynamic_q,0.07091443215444686,0.0002950101044104259,0.0002950101044104259,0.00029475916067976557
5,81,model1_fixed_q,0.048892443919339855,9.367346533858115e-05,7.955640947463909e-05,9.367346533858115e-05
5,81,model3_dynamic_q,0.07076451049625236,0.0003389656762425238,0.0003389656762425238,0.00029012268154482196
5,82,model1_fixed_q,0.048909475870900734,9.171747703965176e-05,8.813170899414906e-05,9.171747703965176e-05
5,82,model3_dynamic_q,0.07077628960531615,0.00034540322027460594,0.0003454032202746059,0.00029185981150147875
5,83,model1_fixed_q,0.048812953950969996,0.00010116786685281391,0.00010116786685281391,9.283807971581267e-05
5,83,model3_dynamic_q,0.07080514496415297,0.00038244269713453275,0.0003824426971345327,0.00028967765835649314
5,84,model1_fixed_q,0.048903081752700604,9.597474688156156e-05,9.597474688156156e-05,8.98959068258258e-05
5,84,model3_dynamic_q,0.07078992816468663,0.00031781152237694984,0.00031781152237694984,0.0002915969532926379
5,85,model1_fixed_q,0.048937140189826485,9.292246534191961e-05,8.192122935763521e-05,9.292246534191961e-05
5,85,model3_dynamic_q,0.0709188337020541,0.0003104792423382104,0.0003104792423382104,0.0002981967378681436
5,86,model1_fixed_q,0.04902538278291621,9.36407958420985e-05,7.826149563333333e-05,9.36407958420985e-05
5,86,model3_dynamic_q,0.07104753780766272,0.00029907471287485954,0.0002831420094664656,0.00029907471287485954
5,87,model1_fixed_q,0.048957909827722204,9.368513561659454e-05,7.52979465556312e-05,9.368513561659454e-05
5,87,model3_dynamic_q,0.07079056953061251,0.000304008186158959,0.0002841271249289385,0.000304008186158959
5,88,model1_fixed_q,0.048967099826736686,9.335222971150163e-05,7.126415515099108e-05,9.335222971150163e-05
5,88,model3_dynamic_q,0.07060785253413308,0.00029107333903687907,0.0002476546648634908,0.00029107333903687907
5,89,model1_fixed_q,0.04893116127351324,9.48362075021616e-05,7.040012523484569e-05,9.48362075021616e-05
5,89,model3_dynamic_q,0.0709029399582059,0.0003110392730780429,0.00026005860037396124,0.0003110392730780429
5,90,model1_fixed_q,0.04898437477253938,9.48884335918777e-05,8.990103205204623e-05,9.48884335918777e-05
5,90,model3_dynamic_q,0.0711474475741494,0.00030654305662439907,0.0002582843732853749,0.00030654305662439907
5,91,model1_fixed_q,0.048952728725530505,0.00010086163957192582,0.00010086163957192582,8.601246282850914e-05
5,91,model3_dynamic_q,0.07093808244972886,0.00031103351623838077,0.0002409883891016307,0.00031103351623838077
5,92,model1_fixed_q,0.04892113817152223,8.705416807247206e-05,7.337412448770952e-05,8.705416807247206e-05
5,92,model3_dynamic_q,0.07087429691788352,0.00030385655745277174,0.00023168370373883004,0.00030385655745277174
5,93,model1_fixed_q,0.04896558074654807,9.217402281645958e-05,8.748097042223074e-05,9.217402281645958e-05
5,93,model3_dynamic_q,0.07058249514518676,0.0002972400167773606,0.0002888545165807759,0.0002972400167773606
5,94,model1_fixed_q,0.04885786493645799,9.679825818707696e-05,9.679825818707696e-05,9.135085906119796e-05
5,94,model3_dynamic_q,0.07046092164890788,0.0002995967719939791,0.0002838697933349065,0.0002995967719939791
5,95,model1_fixed_q,0.04898796351599653,0.00010142540676591506,0.00010142540676591507,9.332768885943356e-05
5,95,model3_dynamic_q,0.07018588802969118,0.00029153190666393575,0.0002592685018863198,0.00029153190666393575
5,96,model1_fixed_q,0.04896137016162608,9.383952884244745e-05,8.65324713890807e-05,9.383952884244745e-05
5,96,model3_dynamic_q,0.07000770167992583,0.00028127530028243075,0.0002557473772436133,0.00028127530028243075
5,97,model1_fixed_q,0.0489355421876951,9.253351177224335e-05,8.948390148116963e-05,9.253351177224335e-05
5,97,model3_dynamic_q,0.07000139222075769,0.0002905524014864618,0.0002905524014864618,0.0002839179196906462
5,98,model1_fixed_q,0.04888225929173204,9.282124888790151e-05,8.170589520924455e-05,9.282124888790151e-05
5,98,model3_dynamic_q,0.06995186785331899,0.0003207589087975207,0.0003207589087975207,0.00028845120548609733
5,99,model1_fixed_q,0.04903733244534692,9.460597291580763e-05,9.460597291580764e-05,9.38719052271332e-05
5,99,model3_dynamic_q,0.07031241172925974,0.0003530935097268722,0.00035309350972687227,0.0003039811932415571
5,100,model1_fixed_q,0.04901291108659905,9.756082545090843e-05,9.756082545090841e-05,9.211394404412697e-05
5,100,model3_dynamic_q,0.07028152944139701,0.0003484244200061845,0.0003484244200061845,0.00029702110295923794
5,101,model1_fixed_q,0.049013242773513516,9.652589142460671e-05,9.652589142460671e-05,8.885108248540504e-05
5,101,model3_dynamic_q,0.0701010982954114,0.0003505543802025638,0.0003505543802025638,0.0002842092093577042
5,102,model1_fixed_q,0.04892171936931908,8.658126773316797e-05,8.658126773316797e-05,8.602729437481624e-05
5,102,model3_dynamic_q,0.07017591741359043,0.0003486221526839416,0.0003486221526839416,0.00027875938220909993
5,103,model1_fixed_q,0.04872311685982603,0.000101561666518601,0.000101561666518601,9.082810549210902e-05
5,103,model3_dynamic_q,0.07022366027534552,0.0003590590012021125,0.0003590590012021125,0.00028827578255434847
5,104,model1_fixed_q,0.048874905606827945,9.84705291045297e-05,9.847052910452969e-05,9.290946587005183e-05
5,104,model3_dynamic_q,0.07042264521605399,0.0003413341211011371,0.0003413341211011371,0.000292861951906124
5,105,model1_fixed_q,0.049139069899829614,0.00010749370044339686,0.00010749370044339686,9.237901220569173e-05
5,105,model3_dynamic_q,0.07045594079497751,0.00035393213592866096,0.00035393213592866096,0.0002905413565612916
5,106,model1_fixed_q,0.04904930809693265,9.368417997988236e-05,8.302537940253018e-05,9.368417997988236e-05
5,106,model3_dynamic_q,0.07053216685496291,0.0003435236338188943,0.0003435236338188944,0.0002888638868018158
5,107,model1_fixed_q,0.04903863623582438,8.973714764432495e-05,7.457911308847727e-05,8.973714764432495e-05
5,107,model3_dynamic_q,0.07043040140126873,0.0003661983609592436,0.00036619836095924365,0.00028812605308910195
5,108,model1_fixed_q,0.04907523413299395,9.165743411288154e-05,7.949040990787793e-05,9.165743411288154e-05
5,108,model3_dynamic_q,0.07035499882360927,0.00035603294353758714,0.00035603294353758714,0.00027796660725625655
5,109,model1_fixed_q,0.04894088139236019,9.15156920967503e-05,8.806330068351881e-05,9.15156920967503e-05
5,109,model3_dynamic_q,0.07047739697468598,0.00036275908070488205,0.000362759080704882,0.00027079354354765265
5,110,model1_fixed_q,0.04897915354355711,9.158223700609423e-05,7.832176295687789e-05,9.158223700609423e-05
5,110,model3_dynamic_q,0.07062733216298327,0.000329391410616779,0.000329391410616779,0.0002703625576209303
5,111,model1_fixed_q,0.048964579712628624,8.891537177265673e-05,7.343523273080355e-05,8.891537177265673e-05
5,111,model3_dynamic_q,0.07059443205550088,0.00033014497639155337,0.00033014497639155337,0.0002749763782029125
5,112,model1_fixed_q,0.04885972848803222,9.098868171954871e-05,9.098868171954871e-05,8.824560878264737e-05
5,112,model3_dynamic_q,0.07069466921700518,0.0003431058250711774,0.0003431058250711774,0.0002781127548900998
5,113,model1_fixed_q,0.04888855565837934,9.105046325270034e-05,7.599971543085479e-05,9.105046325270034e-05
5,113,model3_dynamic_q,0.07051525761951208,0.0003481494485119869,0.0003481494485119869,0.0002854313674269777
5,114,model1_fixed_q,0.04898160305544648,9.442686403731954e-05,9.442686403731954e-05,9.377413952329411e-05
5,114,model3_dynamic_q,0.07040006628355985,0.0003102867667331169,0.0003102867667331169,0.00027595316122119504
5,115,model1_fixed_q,0.04898817836976629,0.00011084398109420736,0.00011084398109420736,9.069831209927286e-05
5,115,model3_dynamic_q,0.070401312251776,0.0003618237046399019,0.0003618237046399019,0.00028535923551519974
5,116,model1_fixed_q,0.04901711554486093,0.00010392023845321974,0.00010392023845321973,9.126060415790149e-05
5,116,model3_dynamic_q,0.07060063575876958,0.00039588688247597063,0.00039588688247597063,0.0002865660211395806
5,117,model1_fixed_q,0.04894216083965453,9.36908022577057e-05,7.037534643617753e-05,9.36908022577057e-05
5,117,model3_dynamic_q,0.07073147004739487,0.00037359667071721746,0.0003735966707172174,0.0002958227479204586
5,118,model1_fixed_q,0.04903142408874089,9.363436384094906e-05,9.354375012373507e-05,9.363436384094906e-05
5,118,model3_dynamic_q,0.07090054849546835,0.00035317879678377145,0.00035317879678377145,0.0002988255598687779
5,119,model1_fixed_q,0.04906773732024957,9.115644374003668e-05,7.845748078969107e-05,9.115644374003668e-05
5,119,model3_dynamic_q,0.07101579033970595,0.0003208032229973552,0.0003208032229973552,0.0002945381647360425
5,120,model1_fixed_q,0.04897239131242303,9.512752785412029e-05,8.031861842569166e-05,9.512752785412029e-05
5,120,model3_dynamic_q,0.07102633473550685,0.0003714219630804242,0.0003714219630804241,0.00029730080850588395
5,121,model1_fixed_q,0.048980621251918606,9.445302650316811e-05,7.93716923136125e-05,9.445302650316811e-05
5,121,model3_dynamic_q,0.07104264948951645,0.0003803333976971049,0.0003803333976971049,0.00029623984765813667
5,122,model1_fixed_q,0.04894369468302518,0.00010550910278522926,0.00010550910278522927,9.250059281966425e-05
5,122,model3_dynamic_q,0.07108745572215756,0.0003692085789868904,0.0003692085789868904,0.0002981475809380589
5,123,model1_fixed_q,0.04894634309239694,9.118123528804257e-05,8.363887807472221e-05,9.118123528804257e-05
5,123,model3_dynamic_q,0.07122138426903667,0.00039590094965905975,0.00039590094965905975,0.00030116226233654246
5,124,model1_fixed_q,0.049014668111246454,8.967672854097562e-05,6.781566538440429e-05,8.967672854097562e-05
5,124,model3_dynamic_q,0.07125540917684263,0.00039674479525772294,0.00039674479525772294,0.00031054910545434363
5,125,model1_fixed_q,0.04899752356910191,9.141122522212747e-05,8.417455074876616e-05,9.141122522212747e-05
5,125,model3_dynamic_q,0.07100633925858547,0.00037620710991315387,0.00037620710991315387,0.0003050963342434597
5,126,model1_fixed_q,0.04894884073595344,9.492452364887932e-05,7.389321964408662e-05,9.492452364887932e-05
5,126,model3_dynamic_q,0.07088305737946198,0.0003422342005195409,0.0003422342005195408,0.0003000039833066869
5,127,model1_fixed_q,0.049040931465378294,9.474919419962911e-05,7.149275278730661e-05,9.474919419962911e-05
5,127,model3_dynamic_q,0.07095254890141584,0.00030593528503102007,0.00030593528503102007,0.0002949195778225951
5,128,model1_fixed_q,0.048953481789620806,8.958293432944889e-05,8.958293432944888e-05,8.860432440616298e-05
5,128,model3_dynamic_q,0.07072757115364588,0.0002853241744481893,0.0002640904215580806,0.0002853241744481893
5,129,model1_fixed_q,0.048792620584277656,8.849647717301783e-05,8.506351926687102e-05,8.849647717301783e-05
5,129,model3_dynamic_q,0.07074920299200413,0.0002923404549994892,0.0002345796538457361,0.0002923404549994892
5,130,model1_fixed_q,0.04886407344269258,0.000102468905222199,0.000102468905222199,9.231042027648914e-05
5,130,model3_dynamic_q,0.070656680337754,0.0002887412404563268,0.00023825908144829987,0.0002887412404563268
5,131,model1_fixed_q,0.04890108751150164,0.00010478874034979993,0.00010478874034979994,9.188224355846943e-05
5,131,model3_dynamic_q,0.07084249324293618,0.0003199965476515267,0.00031999654765152674,0.0002969229785441085
5,132,model1_fixed_q,0.04898957345145565,0.00010077097677968383,0.00010077097677968383,8.926530103616195e-05
5,132,model3_dynamic_q,0.070998721647516,0.0003308822882417723,0.00033088228824177226,0.00031072566043829046
5,133,model1_fixed_q,0.04896343235308777,9.050608461231363e-05,8.224378200154675e-05,9.050608461231363e-05
5,133,model3_dynamic_q,0.07089722816924318,0.00036753349423010743,0.00036753349423010743,0.00031042880697950374
5,134,model1_fixed_q,0.04892681069170369,0.00010286118463555008,0.00010286118463555008,9.079352832350201e-05
5,134,model3_dynamic_q,0.0708935471246558,0.00033863019328428054,0.0003386301932842805,0.0003038242844574537
5,135,model1_fixed_q,0.048941146069241014,0.00011882963426517037,0.00011882963426517037,9.205715454897495e-05
5,135,model3_dynamic_q,0.07091072045433648,0.0003396677359273393,0.0003396677359273393,0.00030910602764896956
5,136,model1_fixed_q,0.04893947208330414,0.00011061003658181634,0.00011061003658181634,8.729710286533111e-05
5,136,model3_dynamic_q,0.07078903305932226,0.000356645081818075,0.000356645081818075,0.00031006849553425744
5,137,model1_fixed_q,0.048960247027538054,0.00010823354908643103,0.00010823354908643102,8.932811640113093e-05
5,137,model3_dynamic_q,0.07042192477404131,0.000336223931458178,0.000336223931458178,0.0003024305932123737
5,138,model1_fixed_q,0.04886775091952388,0.0001132127161536515,0.00011321271615365149,8.779165990912517e-05
5,138,model3_dynamic_q,0.07064381995462948,0.0003086855690290381,0.00030868556902903803,0.0002981121359377286
5,139,model1_fixed_q,0.04889925325715784,9.525141185325603e-05,9.525141185325602e-05,9.213660593170633e-05
5,139,model3_dynamic_q,0.07070598037179233,0.0003224511890269507,0.0003224511890269507,0.0002932185781784283
5,140,model1_fixed_q,0.048931696436722336,9.341101618267861e-05,8.347645157344368e-05,9.341101618267861e-05
5,140,model3_dynamic_q,0.07098121218510126,0.00035920430062844023,0.0003592043006284402,0.0002907956538799668
5,141,model1_fixed_q,0.04896721333800418,8.91358685722695e-05,7.395823524096343e-05,8.91358685722695e-05
5,141,model3_dynamic_q,0.07106665225350897,0.0003519474370939001,0.0003519474370939001,0.0002949346684684305
5,142,model1_fixed_q,0.048807543752243235,0.00010063902995105056,0.00010063902995105055,8.780761224521306e-05
5,142,model3_dynamic_q,0.07125151166571703,0.00031895688715215503,0.00031895688715215503,0.0003078304752048532
5,143,model1_fixed_q,0.04888965415508311,0.00010767452400525096,0.00010767452400525096,9.009034763554486e-05
5,143,model3_dynamic_q,0.07118416947298516,0.00039367005585548174,0.00039367005585548174,0.00031786592699037044
5,144,model1_fixed_q,0.04900587162715069,9.853500479970377e-05,9.853500479970377e-05,9.432480877608854e-05
5,144,model3_dynamic_q,0.07107387910478494,0.0003501736879256471,0.0003501736879256471,0.00030297210269643977
5,145,model1_fixed_q,0.04893980217280709,9.232859138930168e-05,8.082583794843179e-05,9.232859138930168e-05
5,145,model3_dynamic_q,0.07073752090895573,0.0003642510612892526,0.0003642510612892526,0.0002965987383944992
5,146,model1_fixed_q,0.04895341670950571,8.899363112669505e-05,8.166623409662436e-05,8.899363112669505e-05
5,146,model3_dynamic_q,0.0703704352561543,0.00033884424270736396,0.00033884424270736396,0.00029489470480081013
5,147,model1_fixed_q,0.04898427713969701,0.0001190353321917369,0.00011903533219173692,9.17416172061911e-05
5,147,model3_dynamic_q,0.07035596729838854,0.00037854831384184377,0.0003785483138418437,0.00029359659568188807
5,148,model1_fixed_q,0.04902941181751679,9.988591103321391e-05,9.988591103321391e-05,9.450916052815338e-05
5,148,model3_dynamic_q,0.07020348694708974,0.00039660445495686396,0.0003966044549568639,0.0003016998067457263
5,149,model1_fixed_q,0.04901877447383086,0.00013062943381713006,0.00013062943381713006,9.380747353461291e-05
5,149,model3_dynamic_q,0.07014267324782562,0.00035700823957646774,0.00035700823957646774,0.00029741629979375265
5,150,model1_fixed_q,0.048969511554315726,0.00012318548384868404,0.000123185483848684,9.376980703394372e-05
5,150,model3_dynamic_q,0.06984635782413404,0.0003380656673892134,0.0003380656673892134,0.0002895486620931457
5,151,model1_fixed_q,0.048830130731460586,0.00010880083041622128,0.00010880083041622126,9.322543685434357e-05
5,151,model3_dynamic_q,0.06984632401624258,0.0003594520665095317,0.0003594520665095317,0.00028484375259040776
5,152,model1_fixed_q,0.048849268137668655,9.373645121080564e-05,8.427312105982626e-05,9.373645121080564e-05
5,152,model3_dynamic_q,0.07014138317996133,0.0003736825846000912,0.0003736825846000913,0.00028152430834062783
5,153,model1_fixed_q,0.04890863313789187,9.586864530172201e-05,9.586864530172201e-05,9.352675344654223e-05
5,153,model3_dynamic_q,0.07040117491541803,0.0004210421604644688,0.0004210421604644688,0.00028638572359295357
5,154,model1_fixed_q,0.04878770909199046,9.212379724028528e-05,8.455216316246048e-05,9.212379724028528e-05
5,154,model3_dynamic_q,0.07036424417166363,0.0003981785906713423,0.0003981785906713423,0.0002899586843422109
5,155,model1_fixed_q,0.04882079099929167,9.432039645585575e-05,7.811446396609835e-05,9.432039645585575e-05
5,155,model3_dynamic_q,0.07029160790107168,0.0004359153107795628,0.00043591531077956277,0.00029107046355529716
5,156,model1_fixed_q,0.048832173093733784,9.16567441147795e-05,7.037662076197715e-05,9.16567441147795e-05
5,156,model3_dynamic_q,0.07030779401478002,0.00041321347916873133,0.0004132134791687313,0.000274805172307064
5,157,model1_fixed_q,0.04888464481576052,9.223651680878235e-05,8.555394736931102e-05,9.223651680878235e-05
5,157,model3_dynamic_q,0.07063935444840728,0.0004107180747007276,0.00041071807470072767,0.00028410988898235366
5,158,model1_fixed_q,0.048900691966144216,9.501495116065773e-05,8.816722041198201e-05,9.501495116065773e-05
5,158,model3_dynamic_q,0.07058328038825551,0.00040468739926429283,0.0004046873992642928,0.00028928537171606333
5,159,model1_fixed_q,0.04902464785667587,9.502741225887146e-05,9.502741225887145e-05,9.185955528108441e-05
5,159,model3_dynamic_q,0.07056416909504337,0.0003951666483779891,0.0003951666483779891,0.00028997047427615705
5,160,model1_fixed_q,0.04904415880713055,9.097329772197949e-05,8.53180850380568e-05,9.097329772197949e-05
5,160,model3_dynamic_q,0.07056105447098879,0.00036860164948654303,0.00036860164948654303,0.00030240313910648243
5,161,model1_fixed_q,0.04918387211623052,9.182596851546936e-05,9.182596851546936e-05,9.102655843919971e-05
5,161,model3_dynamic_q,0.07068790538005269,0.00040479347243962873,0.0004047934724396288,0.0003219848650809557
5,162,model1_fixed_q,0.0490748145602994,8.903228686780193e-05,8.400578478965391e-05,8.903228686780193e-05
5,162,model3_dynamic_q,0.07065671161406392,0.0003804311405077626,0.0003804311405077626,0.0003153804286497943
5,163,model1_fixed_q,0.04894068490674376,0.00010174951027632698,0.00010174951027632699,9.292819751760124e-05
5,163,model3_dynamic_q,0.07079831707444104,0.0003468419633123908,0.00034684196331239076,0.00031664801358529505
5,164,model1_fixed_q,0.04897888585370044,9.020339572428119e-05,8.535228625169279e-05,9.020339572428119e-05
5,164,model3_dynamic_q,0.07068676965103778,0.00036498253975535995,0.00036498253975535995,0.0003141433688172154
5,165,model1_fixed_q,0.048945496095809296,9.267617836535264e-05,9.001816056782187e-05,9.267617836535264e-05
5,165,model3_dynamic_q,0.07066584924829906,0.0003647296848647774,0.0003647296848647774,0.00030841998767256807
5,166,model1_fixed_q,0.048997571050551386,9.051518769367988e-05,7.582181739763313e-05,9.051518769367988e-05
5,166,model3_dynamic_q,0.07065442390467803,0.0003529262349070529,0.0003529262349070529,0.00030140430651148006
5,167,model1_fixed_q,0.049053819169594455,9.071261386503169e-05,7.771922768210057e-05,9.071261386503169e-05
5,167,model3_dynamic_q,0.07075077505891016,0.00035229184629221157,0.00035229184629221157,0.0003088774903337235
5,168,model1_fixed_q,0.049089826438461964,8.95546456439869e-05,8.810198701058362e-05,8.95546456439869e-05
5,168,model3_dynamic_q,0.07069024837522732,0.00036159610207463303,0.00036159610207463303,0.0003087137479429774
5,169,model1_fixed_q,0.04898320214541978,9.280841697229805e-05,8.434061020405536e-05,9.280841697229805e-05
5,169,model3_dynamic_q,0.07053984722980822,0.00036360148247819814,0.00036360148247819814,0.0003003094113581143
5,170,model1_fixed_q,0.048782515100125816,9.209711271379482e-05,8.106744367131895e-05,9.209711271379482e-05
5,170,model3_dynamic_q,0.07038029186235434,0.0003313205044064702,0.0003313205044064702,0.00029721186094000686
5,171,model1_fixed_q,0.048753497093054765,9.374697794393135e-05,8.376790345671623e-05,9.374697794393135e-05
5,171,model3_dynamic_q,0.07039928058134617,0.0003265495604047664,0.0003265495604047664,0.0002915093685257803
5,172,model1_fixed_q,0.048861765806922856,9.30881864669351e-05,8.110565742920864e-05,9.30881864669351e-05
5,172,model3_dynamic_q,0.07044129668675905,0.0003325830855319308,0.0003325830855319308,0.00029213295497845435
5,173,model1_fixed_q,0.04889808809608393,9.183643944156984e-05,7.979340527193114e-05,9.183643944156984e-05
5,173,model3_dynamic_q,0.07062750247506706,0.00033250968349901383,0.00033250968349901383,0.00029524916603879483
5,174,model1_fixed_q,0.04893529476407605,8.990328804271956e-05,8.320928651231551e-05,8.990328804271956e-05
5,174,model3_dynamic_q,0.07056556639427376,0.0003112583100481113,0.0003112583100481113,0.00029420129163430797
5,175,model1_fixed_q,0.04896764923751584,8.931035141907834e-05,6.895257735334809e-05,8.931035141907834e-05
5,175,model3_dynamic_q,0.0705999072583122,0.00031226754334465255,0.00031226754334465255,0.000287073208180447
5,176,model1_fixed_q,0.048997911492208536,9.167141187951235e-05,8.444612238056767e-05,9.167141187951235e-05
5,176,model3_dynamic_q,0.07034108224032112,0.00030364641705924773,0.00030364641705924773,0.0002834205117178845
5,177,model1_fixed_q,0.04897786269098663,9.205498851747378e-05,6.640589173863816e-05,9.205498851747378e-05
5,177,model3_dynamic_q,0.07044734122959347,0.00030453014102088433,0.00030453014102088433,0.00027693825626652494
5,178,model1_fixed_q,0.048961005156037365,9.132861834710367e-05,8.402421097209325e-05,9.132861834710367e-05
5,178,model3_dynamic_q,0.07064125894167347,0.00031536436462407735,0.00031536436462407735,0.00027299205912031065
5,179,model1_fixed_q,0.048963905308996206,9.443802354097952e-05,9.443802354097952e-05,9.047252571986425e-05
5,179,model3_dynamic_q,0.07065724093917507,0.00033156319898279264,0.00033156319898279264,0.0002775680666124685
5,180,model1_fixed_q,0.048846277311854105,9.286671433993897e-05,8.572068475751558e-05,9.286671433993897e-05
5,180,model3_dynamic_q,0.07068952705264508,0.000347499499772391,0.000347499499772391,0.00028786676659355346
5,181,model1_fixed_q,0.04892417883814819,9.848741630387728e-05,9.848741630387728e-05,9.234924068084691e-05
5,181,model3_dynamic_q,0.07081674201681307,0.0003442591603555303,0.0003442591603555303,0.00029700576010449826
5,182,model1_fixed_q,0.04885056017054921,9.132380586514037e-05,7.443244169854866e-05,9.132380586514037e-05
5,182,model3_dynamic_q,0.07065002181292603,0.00038663795594134746,0.00038663795594134746,0.0003021809074945533
5,183,model1_fixed_q,0.04893735573772172,9.253113328495832e-05,6.157893590066308e-05,9.253113328495832e-05
5,183,model3_dynamic_q,0.0704558124543047,0.00039619396072088434,0.0003961939607208843,0.00030556390118504143
5,184,model1_fixed_q,0.04900854431398586,9.426238032434397e-05,9.093088437430691e-05,9.426238032434397e-05
5,184,model3_dynamic_q,0.07026461614735038,0.0003725638161862885,0.0003725638161862885,0.0002985132519227457
5,185,model1_fixed_q,0.04895212105579059,9.079262250508877e-05,7.635678617274837e-05,9.079262250508877e-05
5,185,model3_dynamic_q,0.07029938127253667,0.0003587005894359238,0.00035870058943592384,0.00028824936295233217
5,186,model1_fixed_q,0.048977825713579025,8.772880056132701e-05,8.135180856722999e-05,8.772880056132701e-05
5,186,model3_dynamic_q,0.07040779730355178,0.0004012510752395046,0.0004012510752395046,0.00029403748332193936
5,187,model1_fixed_q,0.049050286690415904,9.188273334157044e-05,8.49540743156734e-05,9.188273334157044e-05
5,187,model3_dynamic_q,0.07034321926276879,0.00039736077226059795,0.00039736077226059795,0.00029030248226575775
5,188,model1_fixed_q,0.04892307856040918,8.785743259792905e-05,8.400944488858272e-05,8.785743259792905e-05
5,188,model3_dynamic_q,0.07025373827353469,0.0003941925034606129,0.0003941925034606129,0.00028843192626182166
5,189,model1_fixed_q,0.049019330934984756,8.858248687164631e-05,7.764836902825401e-05,8.858248687164631e-05
5,189,model3_dynamic_q,0.07020950430470507,0.00038937936455268445,0.0003893793645526844,0.00029734475990536623
5,190,model1_fixed_q,0.048996137113054124,8.764198434981663e-05,8.085702063485326e-05,8.764198434981663e-05
5,190,model3_dynamic_q,0.07015356170717807,0.0003642887260444688,0.0003642887260444688,0.0002999502328920252
5,191,model1_fixed_q,0.048960253784605785,9.739277505013776e-05,9.739277505013775e-05,9.214515537019237e-05
5,191,model3_dynamic_q,0.07017118431608518,0.00031445827810189507,0.00031445827810189507,0.0003029628735292803
5,192,model1_fixed_q,0.04897007599297049,0.00010894468945758348,0.00010894468945758348,8.991011775419382e-05
5,192,model3_dynamic_q,0.07032708779576698,0.0002999370531857077,0.0002861320933283277,0.0002999370531857077
5,193,model1_fixed_q,0.04900692951932411,9.040933376121214e-05,9.040933376121214e-05,8.868767224011556e-05
5,193,model3_dynamic_q,0.07023061069938792,0.0002947941341315459,0.00026807226086499156,0.0002947941341315459
5,194,model1_fixed_q,0.04899898036267905,8.892133616497547e-05,7.105535367444946e-05,8.892133616497547e-05
5,194,model3_dynamic_q,0.07061187600776056,0.00030148906759517306,0.00030148906759517306,0.00028613766215365195
5,195,model1_fixed_q,0.048991893200509735,8.974225312796826e-05,7.328437335799594e-05,8.974225312796826e-05
5,195,model3_dynamic_q,0.07055405150846633,0.00029567054691769656,0.0002956705469176965,0.000284886769903428
5,196,model1_fixed_q,0.04889201458018356,9.134964701995137e-05,8.143722111583772e-05,9.134964701995137e-05
5,196,model3_dynamic_q,0.07064402634289112,0.00031358807183333226,0.00031358807183333226,0.00028953298043025863
5,197,model1_fixed_q,0.048939702430750645,9.761136847543755e-05,9.761136847543755e-05,8.802949142782769e-05
5,197,model3_dynamic_q,0.07030919693495682,0.0003265663526740832,0.00032656635267408316,0.0002911643860966366
5,198,model1_fixed_q,0.04889033753621106,8.92948264493325e-05,8.325882965171077e-05,8.92948264493325e-05
5,198,model3_dynamic_q,0.07038379387782363,0.00031710278754484557,0.0003171027875448456,0.0002986842413242638
5,199,model1_fixed_q,0.04893359684425818,0.0001098836189069913,0.0001098836189069913,9.349746628016596e-05
5,199,model3_dynamic_q,0.0705522527863626,0.0002993957288694344,0.0002914806653693499,0.0002993957288694344
5,200,model1_fixed_q,0.04891307149026592,0.00011041664413362653,0.00011041664413362652,9.107007065438643e-05
5,200,model3_dynamic_q,0.07079185051972807,0.0003015765867833219,0.00028674115932405826,0.0003015765867833219
5,201,model1_fixed_q,0.04888736058207124,0.00010636244624223999,0.00010636244624223999,8.878725840829559e-05
5,201,model3_dynamic_q,0.07077251316192838,0.0003664476959164908,0.0003664476959164908,0.00029768041779165705
5,202,model1_fixed_q,0.0489948949879744,0.00010695716001509826,0.00010695716001509826,8.988338659944326e-05
5,202,model3_dynamic_q,0.07064611498655686,0.00033714835414631715,0.00033714835414631715,0.0002949600230471187
5,203,model1_fixed_q,0.04911909256742334,0.00010201854555511184,0.00010201854555511183,9.21236145018261e-05
5,203,model3_dynamic_q,0.07044313108186619,0.00031703910507336805,0.0003170391050733681,0.00029839923236004036
5,204,model1_fixed_q,0.04894034563172398,8.956964803181157e-05,7.751782172091014e-05,8.956964803181157e-05
5,204,model3_dynamic_q,0.07063345318073841,0.0002974243918472456,0.00028186330552262,0.0002974243918472456
5,205,model1_fixed_q,0.04892427375135504,8.759707562788593e-05,7.899692716539413e-05,8.759707562788593e-05
5,205,model3_dynamic_q,0.07045253696671368,0.00029708689629699025,0.0002755029283169719,0.00029708689629699025
5,206,model1_fixed_q,0.04905522109515871,9.584326861306434e-05,9.584326861306434e-05,9.044552732773267e-05
5,206,model3_dynamic_q,0.07030303809357806,0.000293291905477703,0.0002789246253545235,0.000293291905477703
5,207,model1_fixed_q,0.049035400821906314,9.31479069301871e-05,7.120131107000732e-05,9.31479069301871e-05
5,207,model3_dynamic_q,0.07049424694506592,0.00034945789833012547,0.00034945789833012547,0.00027827347326128313
5,208,model1_fixed_q,0.04890969790044002,9.411495012726533e-05,7.143299780502497e-05,9.411495012726533e-05
5,208,model3_dynamic_q,0.070436875778483,0.0003172572059641576,0.0003172572059641576,0.00027637905112927013
5,209,model1_fixed_q,0.049056574393709605,9.160318129983704e-05,7.664314327037585e-05,9.160318129983704e-05
5,209,model3_dynamic_q,0.07047852691431133,0.00033393206706248344,0.00033393206706248344,0.00028803714281713967
5,210,model1_fixed_q,0.04900121782278685,9.292264262704349e-05,8.473435942972622e-05,9.292264262704349e-05
5,210,model3_dynamic_q,0.07048800862381356,0.00032152753852887904,0.00032152753852887904,0.0002888877835083584
5,211,model1_fixed_q,0.04889875284174419,9.42944030307547e-05,8.973394732176352e-05,9.42944030307547e-05
5,211,model3_dynamic_q,0.07051415315068439,0.0002949481893764335,0.0002772152872100999,0.0002949481893764335
5,212,model1_fixed_q,0.04877321406926709,9.178358770522141e-05,8.442799342991081e-05,9.178358770522141e-05
5,212,model3_dynamic_q,0.07064280505341786,0.0003055991369599715,0.00030559913695997156,0.00029180863941762796
5,213,model1_fixed_q,0.04886477707074103,9.488644857865445e-05,9.488644857865445e-05,9.375684236589825e-05
5,213,model3_dynamic_q,0.07042502455881805,0.00033118533525591836,0.00033118533525591836,0.00028653319766603117
5,214,model1_fixed_q,0.04891918538721316,8.953544743128018e-05,8.191393336767713e-05,8.953544743128018e-05
5,214,model3_dynamic_q,0.070547178570048,0.00034998653111780934,0.0003499865311178093,0.0002985456831907753
5,215,model1_fixed_q,0.048854048776982,9.210141370435558e-05,9.210141370435558e-05,8.990602563495515e-05
5,215,model3_dynamic_q,0.0705767545447922,0.000318037911765489,0.000318037911765489,0.0002987387693026803
5,216,model1_fixed_q,0.048817474738928286,9.130822784017887e-05,9.130822784017885e-05,9.059955997673536e-05
5,216,model3_dynamic_q,0.07051901105380395,0.00035857219852744913,0.00035857219852744913,0.0003009619208271006
5,217,model1_fixed_q,0.0488181989974305,0.0001152214324764347,0.00011522143247643471,8.68690024040162e-05
5,217,model3_dynamic_q,0.07060835363793415,0.00030958084453018016,0.00030958084453018016,0.00030013516365136946
5,218,model1_fixed_q,0.04874101888135349,0.00010848365513102052,0.00010848365513102052,9.122914639868438e-05
5,218,model3_dynamic_q,0.07058874566755402,0.0003031924135665047,0.0003031924135665047,0.0002970954659712778
5,219,model1_fixed_q,0.04877485352737207,0.00010850658419336538,0.00010850658419336536,8.794241505541076e-05
5,219,model3_dynamic_q,0.07050040264634846,0.00035323199197172397,0.00035323199197172397,0.0002978480355457183
5,220,model1_fixed_q,0.04879063658403252,0.00010637318707555202,0.00010637318707555202,8.894211661349995e-05
5,220,model3_dynamic_q,0.0706339797463419,0.0003525409146982123,0.0003525409146982123,0.00029574238160117236
5,221,model1_fixed_q,0.04881997665234893,0.00012457630933881207,0.0001245763093388121,8.95415488785186e-05
5,221,model3_dynamic_q,0.07074350037429362,0.0003891647665278531,0.000389164766527853,0.00029738995629322154
5,222,model1_fixed_q,0.048874051348678345,0.00010273975469916436,0.00010273975469916436,8.909728923295066e-05
5,222,model3_dynamic_q,0.07056033069895062,0.00032721788615676194,0.00032721788615676194,0.00029505668972255487
5,223,model1_fixed_q,0.049022999947415526,9.357310148861795e-05,6.725350207640186e-05,9.357310148861795e-05
5,223,model3_dynamic_q,0.07054326574361633,0.00038463035473094764,0.0003846303547309477,0.0002966361554346587
5,224,model1_fixed_q,0.049008927753258484,9.428027664802718e-05,7.140883894644152e-05,9.428027664802718e-05
5,224,model3_dynamic_q,0.07056534452669072,0.0004078117489053637,0.0004078117489053637,0.0002941022448769689
5,225,model1_fixed_q,0.048952130975298935,9.67594099363415e-05,9.675940993634152e-05,9.06874810190197e-05
5,225,model3_dynamic_q,0.07041489467065241,0.00041520250464719603,0.00041520250464719603,0.00029256348806852426
5,226,model1_fixed_q,0.04886559286478145,9.189043647768007e-05,9.189043647768007e-05,8.99249562904879e-05
5,226,model3_dynamic_q,0.07012200500637149,0.00040904287208800894,0.00040904287208800894,0.0002851579951024933
5,227,model1_fixed_q,0.04878001201284695,8.848713214516818e-05,7.87794657832954e-05,8.848713214516818e-05
5,227,model3_dynamic_q,0.0702802186580685,0.0004235058939965099,0.00042350589399650987,0.000284573008807556
5,228,model1_fixed_q,0.04898143357338438,9.71758154006413e-05,9.717581540064128e-05,9.000557421391314e-05
5,228,model3_dynamic_q,0.07039910733828435,0.0004206075566525972,0.0004206075566525972,0.0002889425745926897
5,229,model1_fixed_q,0.048974793432019256,9.18235093337596e-05,7.674691121005235e-05,9.18235093337596e-05
5,229,model3_dynamic_q,0.07082137558443738,0.00037609574380094505,0.000376095743800945,0.00029884579316475604
5,230,model1_fixed_q,0.048959231253238866,0.00011027958136403949,0.00011027958136403948,9.49175355038994e-05
5,230,model3_dynamic_q,0.07086738847312181,0.0003928313957377746,0.00039283139573777453,0.0003000943344198371
5,231,model1_fixed_q,0.049028293869964615,8.932907605130512e-05,8.889887690505978e-05,8.932907605130512e-05
5,231,model3_dynamic_q,0.07106379198046296,0.00047735579521095606,0.00047735579521095606,0.0003018501841722186
5,232,model1_fixed_q,0.04890508900735358,8.916742613420871e-05,6.632518177223878e-05,8.916742613420871e-05
5,232,model3_dynamic_q,0.07098748235714385,0.0004585485639159894,0.00045854856391598935,0.00030221764706964117
5,233,model1_fixed_q,0.048962316574373194,8.836952744785348e-05,8.375483513481445e-05,8.836952744785348e-05
5,233,model3_dynamic_q,0.07099170286375421,0.00043106714038180236,0.00043106714038180236,0.00029801847028544496
5,234,model1_fixed_q,0.04892725712263135,9.204046022914582e-05,9.204046022914582e-05,8.99465946464242e-05
5,234,model3_dynamic_q,0.07086345878286757,0.0004890804698601589,0.0004890804698601589,0.0003024648637245926
5,235,model1_fixed_q,0.04887187437033156,0.00010066053325337612,0.00010066053325337612,8.966871487764864e-05
5,235,model3_dynamic_q,0.0706858207397799,0.0004779310630623968,0.00047793106306239674,0.00029272677589892095
5,236,model1_fixed_q,0.04892210670740157,9.267469937178606e-05,7.473039149256726e-05,9.267469937178606e-05
5,236,model3_dynamic_q,0.07080604690371325,0.00045411318036210694,0.0004541131803621069,0.0002972777342309435
5,237,model1_fixed_q,0.048878642315731434,9.249657349166754e-05,8.262491625274124e-05,9.249657349166754e-05
5,237,model3_dynamic_q,0.0710218471651448,0.00037845554258003194,0.00037845554258003194,0.00030519250290121495
5,238,model1_fixed_q,0.048926127828007725,9.679004328257704e-05,9.679004328257704e-05,8.980224103754088e-05
5,238,model3_dynamic_q,0.07100172685175159,0.0004360851393155288,0.00043608513931552885,0.0003097167678142357
5,239,model1_fixed_q,0.04892908660089102,9.540602114007881e-05,9.540602114007882e-05,9.061237674666089e-05
5,239,model3_dynamic_q,0.07102504386554916,0.00036036163877774913,0.0003603616387777492,0.0003063905629974232
5,240,model1_fixed_q,0.0489370937013553,0.00010067940881425362,0.00010067940881425362,9.119759931292249e-05
5,240,model3_dynamic_q,0.070766227747686,0.00034401273760029143,0.00034401273760029143,0.00030154558118944793
5,241,model1_fixed_q,0.0489553248863865,9.915172053360029e-05,9.915172053360029e-05,9.262770305766117e-05
5,241,model3_dynamic_q,0.07120003873828458,0.0003232553896122279,0.0003232553896122279,0.000311989102823438
5,242,model1_fixed_q,0.04890754235549482,9.271936495138895e-05,7.974097585857225e-05,9.271936495138895e-05
5,242,model3_dynamic_q,0.07120668338006597,0.00033344660235192544,0.00033344660235192544,0.0003170036418376902
5,243,model1_fixed_q,0.048962211401980225,9.459248493373276e-05,9.459248493373276e-05,8.948563873189247e-05
5,243,model3_dynamic_q,0.07120463762876421,0.0003320605202850241,0.00033206052028502406,0.00031020754294324565
5,244,model1_fixed_q,0.0489193088266376,9.31199061577146e-05,9.31199061577146e-05,9.059686099226282e-05
5,244,model3_dynamic_q,0.07087770323664896,0.0003548917239758299,0.0003548917239758299,0.0003079516060171858
5,245,model1_fixed_q,0.04897568620750614,9.150145121760324e-05,8.642535176998802e-05,9.150145121760324e-05
5,245,model3_dynamic_q,0.07074741426424219,0.00036101320196267286,0.00036101320196267286,0.0003060538182001721
5,246,model1_fixed_q,0.048953358032942464,8.83091079226121e-05,8.83091079226121e-05,8.774172941740048e-05
5,246,model3_dynamic_q,0.07071312096037695,0.00037404510187208145,0.00037404510187208145,0.0003062138974006484
5,247,model1_fixed_q,0.04898681923380813,9.274050156768015e-05,8.41130991852008e-05,9.274050156768015e-05
5,247,model3_dynamic_q,0.07083743326505068,0.00034730670170722013,0.00034730670170722013,0.0003112764867577764
5,248,model1_fixed_q,0.04891743407640652,0.0001023432060599684,0.0001023432060599684,9.125741836241258e-05
5,248,model3_dynamic_q,0.07083335640014914,0.00037784015899007626,0.00037784015899007626,0.0003097183332906256
5,249,model1_fixed_q,0.04892897919678943,0.00010311067706261326,0.00010311067706261326,8.628901019557263e-05
5,249,model3_dynamic_q,0.07091949611972055,0.00035334900217472956,0.00035334900217472956,0.000295583470210665
5,250,model1_fixed_q,0.04888948892805098,8.985673073728485e-05,8.739509955824754e-05,8.985673073728485e-05
5,250,model3_dynamic_q,0.0706213099718341,0.00033784068353037337,0.00033784068353037337,0.00029345668729114635
5,251,model1_fixed_q,0.04901928501304593,9.140233364344371e-05,7.321616678598912e-05,9.140233364344371e-05
5,251,model3_dynamic_q,0.0704418186464196,0.00035506357072145347,0.00035506357072145347,0.0002893192495471914
5,252,model1_fixed_q,0.04897479780340711,9.297447600480195e-05,9.06133311284603e-05,9.297447600480195e-05
5,252,model3_dynamic_q,0.07028102325875432,0.00036622964792931917,0.00036622964792931917,0.00028818669556530165
5,253,model1_fixed_q,0.048990294352921446,0.00010335365890778582,0.00010335365890778582,9.028428988180231e-05
5,253,model3_dynamic_q,0.07036077153592629,0.00038444468702705336,0.00038444468702705336,0.0002948854711286395
5,254,model1_fixed_q,0.048933394944082415,8.938023374788547e-05,6.459133853934454e-05,8.938023374788547e-05
5,254,model3_dynamic_q,0.07033868821477963,0.0003905021772858913,0.00039050217728589135,0.0002929556460663333
5,255,model1_fixed_q,0.04899666608997135,9.125471466806848e-05,7.59439188514217e-05,9.125471466806848e-05
5,255,model3_dynamic_q,0.0701604945316704,0.0003644149786523983,0.0003644149786523983,0.0002914566251999526
5,256,model1_fixed_q,0.0490560077260447,9.105472315059118e-05,7.317182989485109e-05,9.105472315059118e-05
5,256,model3_dynamic_q,0.0702737783046464,0.00033885568372549017,0.0003388556837254902,0.0003007619143354887
5,257,model1_fixed_q,0.04881639275537438,9.063214588350972e-05,8.691473705983987e-05,9.063214588350972e-05
5,257,model3_dynamic_q,0.07044920407046866,0.00033959928717133315,0.00033959928717133315,0.0003093988756379986
5,258,model1_fixed_q,0.0488893596893687,0.000111187150504681,0.000111187150504681,8.937839495469036e-05
5,258,model3_dynamic_q,0.07041088026483149,0.0003039210679046769,0.00027477513253761093,0.0003039210679046769
5,259,model1_fixed_q,0.048979829975735294,9.834929107070504e-05,9.834929107070504e-05,8.546169097265869e-05
5,259,model3_dynamic_q,0.07036737206013091,0.00029700385110259037,0.00026944800780983485,0.00029700385110259037
5,260,model1_fixed_q,0.048917623211872555,8.869768209950223e-05,8.869768209950221e-05,8.527150660763506e-05
5,260,model3_dynamic_q,0.07026142082148414,0.00031426446238493766,0.00031426446238493766,0.00028833172596436513
5,261,model1_fixed_q,0.04896471250184171,8.771985213544012e-05,7.867528720760284e-05,8.771985213544012e-05
5,261,model3_dynamic_q,0.07029561715402721,0.0003321145530908663,0.00033211455309086624,0.0002887945105799779
5,262,model1_fixed_q,0.049026524380157234,9.043310899952621e-05,8.749103699729495e-05,9.043310899952621e-05
5,262,model3_dynamic_q,0.0705859623004719,0.00033310424152075064,0.00033310424152075064,0.0002854346215455488
5,263,model1_fixed_q,0.049093972840697706,9.066688301104246e-05,8.112939354182534e-05,9.066688301104246e-05
5,263,model3_dynamic_q,0.07072039228756048,0.0003261141990926141,0.0003261141990926141,0.0002817100055387708
5,264,model1_fixed_q,0.049037489560933414,9.150097345922839e-05,7.30016434329747e-05,9.150097345922839e-05
5,264,model3_dynamic_q,0.0707024710489013,0.0003929724858033554,0.0003929724858033554,0.000286707090203819
5,265,model1_fixed_q,0.048986914788103825,9.127078774297232e-05,8.378675074796442e-05,9.127078774297232e-05
5,265,model3_dynamic_q,0.07063972652470073,0.00035813012712096557,0.00035813012712096557,0.0002884661398374625
5,266,model1_fixed_q,0.0489888130511651,9.315519703991504e-05,8.205123449700666e-05,9.315519703991504e-05
5,266,model3_dynamic_q,0.07048351106179404,0.00035946708894238376,0.00035946708894238376,0.00029429000941653553
5,267,model1_fixed_q,0.048920203248129825,9.274664226015497e-05,7.668312337810676e-05,9.274664226015497e-05
5,267,model3_dynamic_q,0.07053619610809889,0.0003776459049346542,0.0003776459049346542,0.0002994317052399034
5,268,model1_fixed_q,0.04901427482132766,9.440993086953134e-05,9.037441467453383e-05,9.440993086953134e-05
5,268,model3_dynamic_q,0.0703469219982232,0.0003713973892401825,0.0003713973892401825,0.0003052372774070502
5,269,model1_fixed_q,0.04899888363516413,9.383760373626724e-05,9.383760373626724e-05,9.045972444390325e-05
5,269,model3_dynamic_q,0.0703361775877228,0.0003754212783076376,0.0003754212783076376,0.00030085447448440655
5,270,model1_fixed_q,0.048920340539620875,9.253661963112044e-05,9.253661963112044e-05,8.950523748535753e-05
5,270,model3_dynamic_q,0.07028936325927033,0.0003659092581419153,0.0003659092581419153,0.0002953916809047668
5,271,model1_fixed_q,0.04894361891765184,0.00010228830068349758,0.00010228830068349758,9.163762094384137e-05
5,271,model3_dynamic_q,0.07012339586222528,0.0003573492723966417,0.0003573492723966417,0.0002983071589681917
5,272,model1_fixed_q,0.04891321470907274,0.00010142719935442972,0.00010142719935442972,8.87248871271731e-05
5,272,model3_dynamic_q,0.07019370090786049,0.0004092199775287614,0.0004092199775287614,0.0002949155762923248
5,273,model1_fixed_q,0.04896731029260625,0.000107158679250724,0.000107158679250724,8.694509153540845e-05
5,273,model3_dynamic_q,0.0703678416898679,0.0004339161752008625,0.0004339161752008625,0.00029750732116131284
5,274,model1_fixed_q,0.048994273257287065,0.00012169953729140466,0.00012169953729140465,9.09923103129701e-05
5,274,model3_dynamic_q,0.07035311336961554,0.00040944093310388204,0.0004094409331038821,0.0002949735455313365
5,275,model1_fixed_q,0.0489685427356391,0.0001200312942223678,0.00012003129422236779,9.239918540014108e-05
5,275,model3_dynamic_q,0.0702981386659599,0.00040296343874013303,0.00040296343874013303,0.0002973046733093627
5,276,model1_fixed_q,0.04916081711243904,0.00011873990935063418,0.00011873990935063418,9.182096831597594e-05
5,276,model3_dynamic_q,0.07035587233724634,0.0004219811406608803,0.0004219811406608802,0.00029071422741346834
5,277,model1_fixed_q,0.049085208404650964,9.175714391780906e-05,8.636547602027267e-05,9.175714391780906e-05
5,277,model3_dynamic_q,0.07021767306309858,0.00042556682205999684,0.0004255668220599969,0.0002881759427188256
5,278,model1_fixed_q,0.04910575520856976,9.401874674643828e-05,8.895157588354838e-05,9.401874674643828e-05
5,278,model3_dynamic_q,0.07069243740733552,0.00034670638670619426,0.00034670638670619426,0.00028806035456510105
5,279,model1_fixed_q,0.04902741377630094,9.373461372082428e-05,9.283605452528608e-05,9.373461372082428e-05
5,279,model3_dynamic_q,0.0706010477897124,0.00035234202914181646,0.00035234202914181646,0.0002746206532572409
5,280,model1_fixed_q,0.0490956321792255,0.00010494073557908234,0.00010494073557908234,9.173594098385537e-05
5,280,model3_dynamic_q,0.07049067110261173,0.00030336359107484127,0.0003033635910748413,0.00027813312929412376
5,281,model1_fixed_q,0.04910753572453863,0.00010364383920153264,0.00010364383920153266,8.810250760459656e-05
5,281,model3_dynamic_q,0.07046767275317278,0.0002904019994096146,0.0002904019994096146,0.00028730869039503965
5,282,model1_fixed_q,0.049087486190218056,9.219353042743328e-05,8.116038131015046e-05,9.219353042743328e-05
5,282,model3_dynamic_q,0.07046547870849501,0.0003149798538380199,0.0003149798538380199,0.00029200665969978095
5,283,model1_fixed_q,0.049025967824259255,9.146769071215035e-05,8.372133830635475e-05,9.146769071215035e-05
5,283,model3_dynamic_q,0.07053568029817613,0.000309541792285981,0.000309541792285981,0.0002864209043832785
5,284,model1_fixed_q,0.04896666247381242,9.91307694781021e-05,9.913076947810211e-05,9.02894045798369e-05
5,284,model3_dynamic_q,0.07055805532834,0.00034652018747955923,0.00034652018747955923,0.0002806991379526122
5,285,model1_fixed_q,0.04894411949561225,9.743332292902885e-05,9.743332292902885e-05,9.274211174596522e-05
5,285,model3_dynamic_q,0.070469547512332,0.00034490941909178435,0.0003449094190917844,0.00028134439485698635
5,286,model1_fixed_q,0.04899521301812288,9.955559249923577e-05,9.955559249923577e-05,9.087027241038681e-05
5,286,model3_dynamic_q,0.0707613880317753,0.00035561525409801795,0.00035561525409801795,0.00029483163767918757
5,287,model1_fixed_q,0.049007922437084496,9.207546724977349e-05,7.543372704708551e-05,9.207546724977349e-05
5,287,model3_dynamic_q,0.07071612361359574,0.0004022765046863313,0.0004022765046863313,0.0002970685540492236
5,288,model1_fixed_q,0.04911118233061452,9.005458562358111e-05,8.778242932317615e-05,9.005458562358111e-05
5,288,model3_dynamic_q,0.07099171182572503,0.0003999721188348157,0.00039997211883481564,0.0003033463901168976
5,289,model1_fixed_q,0.04883499920637904,8.568119870531611e-05,7.798784855237787e-05,8.568119870531611e-05
5,289,model3_dynamic_q,0.07108681997693339,0.00034005619149932257,0.00034005619149932257,0.0003043848747683299
5,290,model1_fixed_q,0.04893214711721253,8.820964078191026e-05,8.740211467142107e-05,8.820964078191026e-05
5,290,model3_dynamic_q,0.07099520841983613,0.0003541157201463067,0.0003541157201463067,0.00030028413758941463
5,291,model1_fixed_q,0.04892006670766906,9.094456662008243e-05,8.340508914162346e-05,9.094456662008243e-05
5,291,model3_dynamic_q,0.07088558691111858,0.0003340062993852108,0.0003340062993852108,0.00030795924787101626
5,292,model1_fixed_q,0.048853322946830646,9.07879430794461e-05,8.021297032133792e-05,9.07879430794461e-05
5,292,model3_dynamic_q,0.07063918706040964,0.00038466158874117187,0.00038466158874117187,0.00029543199341913344
5,293,model1_fixed_q,0.04895123541463562,9.97339464146402e-05,9.97339464146402e-05,8.786591806414847e-05
5,293,model3_dynamic_q,0.07053688915305276,0.00035556696191146463,0.00035556696191146463,0.0002903539164951017
5,294,model1_fixed_q,0.048991343313778093,9.556304470055365e-05,9.556304470055364e-05,8.969588101266225e-05
5,294,model3_dynamic_q,0.07056621895380817,0.0003515917101218923,0.0003515917101218923,0.00029517724964136106
5,295,model1_fixed_q,0.04897315307596685,0.00010954269152264656,0.00010954269152264656,9.126527951801052e-05
5,295,model3_dynamic_q,0.0706288455835775,0.00039114264716884844,0.0003911426471688484,0.0003002315059714726
5,296,model1_fixed_q,0.04898733002978185,9.128357125838973e-05,9.128357125838973e-05,9.0306085515297e-05
5,296,model3_dynamic_q,0.07058210753932768,0.00039002341793173764,0.00039002341793173764,0.0003038690643698408
5,297,model1_fixed_q,0.048839963503018315,0.00010041171999288471,0.00010041171999288471,9.122193786053992e-05
5,297,model3_dynamic_q,0.07053133122862369,0.0003649821673447549,0.0003649821673447549,0.0003080177764732941
5,298,model1_fixed_q,0.04888881001781508,9.435311713522376e-05,9.435311713522376e-05,8.750704175349769e-05
5,298,model3_dynamic_q,0.0706752335659368,0.00037339523452935763,0.00037339523452935763,0.0003021979206858786
5,299,model1_fixed_q,0.048791530897152664,9.138540295304747e-05,9.138540295304747e-05,8.975589872081657e-05
5,299,model3_dynamic_q,0.07067947790797674,0.0003786379922768987,0.00037863799227689875,0.00030934718726493367
5,300,model1_fixed_q,0.048776293375730626,9.051639331644526e-05,9.051639331644526e-05,9.029266191972329e-05
5,300,model3_dynamic_q,0.07040477025013585,0.0003253653987562861,0.0003253653987562861,0.0002953958063579714
5,301,model1_fixed_q,0.04890155563834079,9.214860980076564e-05,8.1359091582566e-05,9.214860980076564e-05
5,301,model3_dynamic_q,0.07039495540584526,0.00032730325483823686,0.00032730325483823686,0.0002995431434405249
5,302,model1_fixed_q,0.048885011556518164,0.00011793921211367309,0.00011793921211367309,9.140153317230545e-05
5,302,model3_dynamic_q,0.07065701390151552,0.0003569488003987411,0.0003569488003987411,0.0002926607699393328
5,303,model1_fixed_q,0.04892273036066277,9.896947992599092e-05,9.896947992599092e-05,9.061932847960337e-05
5,303,model3_dynamic_q,0.07033306855699645,0.0003485316949636674,0.0003485316949636674,0.0002788399636484355
5,304,model1_fixed_q,0.04909447228576352,9.178227553787375e-05,8.550195891921125e-05,9.178227553787375e-05
5,304,model3_dynamic_q,0.07026989944066786,0.00035364801068905817,0.00035364801068905817,0.0002747260372897936
5,305,model1_fixed_q,0.04903419534280399,9.015512302800125e-05,9.015512302800125e-05,8.97482170634077e-05
5,305,model3_dynamic_q,0.07025599544226092,0.0003461537867294871,0.0003461537867294871,0.00027273711973458846
5,306,model1_fixed_q,0.048964936298758095,9.333157580160945e-05,7.403087117962985e-05,9.333157580160945e-05
5,306,model3_dynamic_q,0.07027554023131216,0.00035007746217809784,0.00035007746217809784,0.0002729149590933687
5,307,model1_fixed_q,0.048840842417429677,8.943814833837803e-05,6.573267054510519e-05,8.943814833837803e-05
5,307,model3_dynamic_q,0.07043230953545962,0.00034841889769440923,0.00034841889769440923,0.0002890786092356543
5,308,model1_fixed_q,0.048878152003140836,9.279674251063288e-05,9.279674251063288e-05,8.961910893817932e-05
5,308,model3_dynamic_q,0.07060763849314071,0.0003408847403452881,0.0003408847403452881,0.00028371327771591954
5,309,model1_fixed_q,0.048910171378767735,8.755343260469715e-05,8.372662907454028e-05,8.755343260469715e-05
5,309,model3_dynamic_q,0.07051980016308979,0.00029144412175660515,0.0002799479215759609,0.00029144412175660515
5,310,model1_fixed_q,0.048939943237342846,8.907194730087166e-05,7.253918835444473e-05,8.907194730087166e-05
5,310,model3_dynamic_q,0.07028043191006525,0.0003278607359626821,0.00032786073596268215,0.0003051432343677356
5,311,model1_fixed_q,0.04889153844954518,9.326518476774481e-05,7.307928918222611e-05,9.326518476774481e-05
5,311,model3_dynamic_q,0.07050416933258787,0.0003093436446205398,0.0003093436446205398,0.00030715918827457246
5,312,model1_fixed_q,0.048943636111754375,9.124837080407191e-05,8.535478378730076e-05,9.124837080407191e-05
5,312,model3_dynamic_q,0.07041271514105363,0.00032880497018853864,0.00032880497018853864,0.00030670220286791074
5,313,model1_fixed_q,0.04906511257747312,9.200471785443244e-05,7.934466905887181e-05,9.200471785443244e-05
5,313,model3_dynamic_q,0.07035248956852024,0.00035700987366239274,0.00035700987366239274,0.00030009523281385246
5,314,model1_fixed_q,0.048916527986407964,9.408055695987643e-05,9.064331026283134e-05,9.408055695987643e-05
5,314,model3_dynamic_q,0.07044958617991134,0.0003834884698829299,0.00038348846988292995,0.0003019668983057997
5,315,model1_fixed_q,0.0488849144648136,9.042908545503988e-05,9.042908545503987e-05,8.992925791646917e-05
5,315,model3_dynamic_q,0.07038098258616611,0.00039321451471646755,0.00039321451471646755,0.00029766293889834657
5,316,model1_fixed_q,0.04891371545697354,9.222202481696421e-05,8.694830670675087e-05,9.222202481696421e-05
5,316,model3_dynamic_q,0.070565496270175,0.00039891275734664657,0.00039891275734664657,0.0003052948760683421
5,317,model1_fixed_q,0.04895879165546366,0.00010046530589713233,0.00010046530589713231,9.249173770332424e-05
5,317,model3_dynamic_q,0.07066736978888423,0.00039099325863672447,0.0003909932586367244,0.0002944352263872177
5,318,model1_fixed_q,0.048962228883358765,0.00012357767512302775,0.00012357767512302775,9.218271386643743e-05
5,318,model3_dynamic_q,0.07097469333982447,0.0003950171864185957,0.0003950171864185957,0.00029767966934114953
5,319,model1_fixed_q,0.0489604422528349,0.0001021689071733874,0.0001021689071733874,8.78772524190604e-05
5,319,model3_dynamic_q,0.07107310855480052,0.000380886455489941,0.00038088645548994094,0.00031057024621530046
5,320,model1_fixed_q,0.048910401398287326,8.968959710524082e-05,8.885485490935906e-05,8.968959710524082e-05
5,320,model3_dynamic_q,0.07107263813102807,0.00038603924978269986,0.00038603924978269986,0.0003130282401395313
5,321,model1_fixed_q,0.04896640664916744,9.27303443476198e-05,7.435582042568766e-05,9.27303443476198e-05
5,321,model3_dynamic_q,0.07096933739717039,0.0003814623283588027,0.0003814623283588027,0.00030155386385110266
5,322,model1_fixed_q,0.04901546939372712,9.868107411955544e-05,9.868107411955544e-05,9.132114017960558e-05
5,322,model3_dynamic_q,0.07104761973664557,0.00037926266428119825,0.00037926266428119825,0.00029185061412197687
5,323,model1_fixed_q,0.04898637541974784,0.000106898516036367,0.000106898516036367,8.983160018161587e-05
5,323,model3_dynamic_q,0.07090565344203295,0.00039092341547464253,0.0003909234154746426,0.0002925105674392418
5,324,model1_fixed_q,0.04894611948865644,9.222184584999208e-05,8.312530020607121e-05,9.222184584999208e-05
5,324,model3_dynamic_q,0.0708963647974561,0.00037623443013698823,0.00037623443013698823,0.00030225977745800903
5,325,model1_fixed_q,0.04901791281336192,9.468101188545125e-05,7.084526090956201e-05,9.468101188545125e-05
5,325,model3_dynamic_q,0.07093495259600598,0.00039394123612416035,0.00039394123612416035,0.0003012587709334446
5,326,model1_fixed_q,0.04904007352610073,9.13329681224975e-05,8.236229803436315e-05,9.13329681224975e-05
5,326,model3_dynamic_q,0.07102037139322555,0.0004022703611542344,0.0004022703611542344,0.00030780914990878973
5,327,model1_fixed_q,0.04910686138465773,9.158350693425238e-05,9.158350693425238e-05,9.017381845009802e-05
5,327,model3_dynamic_q,0.07104416338169611,0.00044968954073032106,0.000449689540730321,0.00031356366778880775
5,328,model1_fixed_q,0.04893941368247357,8.763599153207325e-05,8.051564627903418e-05,8.763599153207325e-05
5,328,model3_dynamic_q,0.07065062278379841,0.0004152092487626944,0.0004152092487626944,0.0003034281586560879
5,329,model1_fixed_q,0.04894731826493367,9.211029801136332e-05,7.88768258731564e-05,9.211029801136332e-05
5,329,model3_dynamic_q,0.07049332134151316,0.0004314597393776048,0.00043145973937760485,0.0002933906358965178
5,330,model1_fixed_q,0.0489364986049057,9.072612584502995e-05,8.633544481802626e-05,9.072612584502995e-05
5,330,model3_dynamic_q,0.07051534574559329,0.0003776288698660105,0.0003776288698660105,0.00028400496376020296
5,331,model1_fixed_q,0.04887443119510092,9.476553500915847e-05,8.906958255707712e-05,9.476553500915847e-05
5,331,model3_dynamic_q,0.0706011447925793,0.0004027707380658977,0.0004027707380658977,0.0002941640480109836
5,332,model1_fixed_q,0.04881542310859626,9.030900597182146e-05,8.250129637635145e-05,9.030900597182146e-05
5,332,model3_dynamic_q,0.07051140836655616,0.000398081456063157,0.000398081456063157,0.00029957051117111887
5,333,model1_fixed_q,0.04884338927992773,9.364773653325398e-05,9.364773653325399e-05,8.92196946610974e-05
5,333,model3_dynamic_q,0.07043983360023456,0.0004103232937670557,0.0004103232937670557,0.00029037066247902896
5,334,model1_fixed_q,0.04879659266440642,9.409101471568197e-05,9.409101471568197e-05,9.236107761762936e-05
5,334,model3_dynamic_q,0.07069965432949539,0.00036256947864171554,0.00036256947864171554,0.00029479542387472486
5,335,model1_fixed_q,0.04879722008455661,9.089620683247592e-05,8.411968678094221e-05,9.089620683247592e-05
5,335,model3_dynamic_q,0.07062226881885537,0.0003534173005863226,0.0003534173005863226,0.00030155451064805264
5,336,model1_fixed_q,0.0488179203232213,9.185391353317986e-05,8.301279352207477e-05,9.185391353317986e-05
5,336,model3_dynamic_q,0.07074229837254237,0.0003348379788325946,0.0003348379788325946,0.000299222192977038
5,337,model1_fixed_q,0.048967303680857464,9.140933799228206e-05,8.395618203179383e-05,9.140933799228206e-05
5,337,model3_dynamic_q,0.07059481657604098,0.00034676522628316643,0.00034676522628316643,0.0002940580959145793
5,338,model1_fixed_q,0.04902143610937961,8.90048094211846e-05,6.47244879723859e-05,8.90048094211846e-05
5,338,model3_dynamic_q,0.07073060404482685,0.00033109449536561635,0.00033109449536561635,0.00029573968396880054
5,339,model1_fixed_q,0.04904715728577793,9.039015014769683e-05,9.039015014769683e-05,9.033450368931436e-05
5,339,model3_dynamic_q,0.07065212957643567,0.0003355634712182922,0.0003355634712182922,0.00029712415683071157
5,340,model1_fixed_q,0.04887593852153311,0.00010086431537732551,0.0001008643153773255,9.074933490916978e-05
5,340,model3_dynamic_q,0.07037629084165863,0.00030335038655477243,0.0002692891627126173,0.00030335038655477243
5,341,model1_fixed_q,0.048953856533360485,9.768977239699832e-05,9.768977239699834e-05,8.920627222742748e-05
5,341,model3_dynamic_q,0.07063711087613615,0.0003103403947345189,0.00027565886314129566,0.0003103403947345189
5,342,model1_fixed_q,0.04894428063120912,8.710451009563603e-05,8.215887118289668e-05,8.710451009563603e-05
5,342,model3_dynamic_q,0.0706614937201988,0.00031155066071947263,0.0002711866313712248,0.00031155066071947263
5,343,model1_fixed_q,0.04883237741939221,9.98803995690252e-05,9.98803995690252e-05,8.760450967816459e-05
5,343,model3_dynamic_q,0.07077171877625929,0.0003085512699067865,0.0002668090437369731,0.0003085512699067865
5,344,model1_fixed_q,0.048877201926396885,9.38791886213331e-05,9.38791886213331e-05,8.689712315909889e-05
5,344,model3_dynamic_q,0.07066676243156483,0.000308309441628089,0.00029061953635519137,0.000308309441628089
5,345,model1_fixed_q,0.0489469139685296,9.912360368577446e-05,9.912360368577446e-05,9.162780168216734e-05
5,345,model3_dynamic_q,0.07053686927432963,0.0003312464784267951,0.000331246478426795,0.00029403836832868704
5,346,model1_fixed_q,0.04892843084588617,8.872009645695687e-05,8.290717409410698e-05,8.872009645695687e-05
5,346,model3_dynamic_q,0.07042185009572983,0.0003735105300013368,0.0003735105300013368,0.0002909048196077176
5,347,model1_fixed_q,0.048971196018294944,9.838884954643372e-05,9.838884954643372e-05,8.705804140093137e-05
5,347,model3_dynamic_q,0.07043443188194033,0.00034140550423627543,0.00034140550423627543,0.0002953258008041231
5,348,model1_fixed_q,0.0491051652866854,8.937797100131631e-05,7.814894856404601e-05,8.937797100131631e-05
5,348,model3_dynamic_q,0.0703878536034381,0.0003097071507832617,0.0003097071507832617,0.00028399610921008055
5,349,model1_fixed_q,0.04907837926495752,8.832910217622286e-05,7.23186434099931e-05,8.832910217622286e-05
5,349,model3_dynamic_q,0.07036449953983182,0.00030069879571407803,0.00030069879571407803,0.0002884582171101197
5,350,model1_fixed_q,0.04902407891502772,9.853323327313231e-05,9.853323327313231e-05,9.18369116940459e-05
5,350,model3_dynamic_q,0.07033571717779556,0.00030300074295068735,0.00028968288326130555,0.00030300074295068735
5,351,model1_fixed_q,0.049079461725620846,9.161138671627942e-05,8.284467202494133e-05,9.161138671627942e-05
5,351,model3_dynamic_q,0.07050089600612224,0.00030597082353894686,0.00024296061545739988,0.00030597082353894686
5,352,model1_fixed_q,0.04906277310998086,9.284685575007276e-05,8.938008737814816e-05,9.284685575007276e-05
5,352,model3_dynamic_q,0.0704000744876824,0.00029856450387524006,0.00027285333208899024,0.00029856450387524006
5,353,model1_fixed_q,0.04920335528186346,9.066879765488693e-05,7.334659028636955e-05,9.066879765488693e-05
5,353,model3_dynamic_q,0.07036156605181824,0.00029179529799147266,0.000244866343194369,0.00029179529799147266
5,354,model1_fixed_q,0.048989957940941666,9.045659093541741e-05,8.243843050183593e-05,9.045659093541741e-05
5,354,model3_dynamic_q,0.07043362968185159,0.0002973611671982991,0.0002973611671982991,0.0002973585722910613
5,355,model1_fixed_q,0.049073804304072925,0.0001029973492022853,0.0001029973492022853,9.010627275714033e-05
5,355,model3_dynamic_q,0.07056317879687005,0.00030055553920557476,0.0002879056435806348,0.00030055553920557476
5,356,model1_fixed_q,0.0490055142745497,9.358424294284782e-05,9.358424294284782e-05,8.82034898029579e-05
5,356,model3_dynamic_q,0.07041761379748464,0.00030101410676534093,0.0002976716787778078,0.00030101410676534093
5,357,model1_fixed_q,0.04897903808742336,8.973590555080351e-05,7.97356977397874e-05,8.973590555080351e-05
5,357,model3_dynamic_q,0.07076121478569283,0.00030538593554705744,0.0002635112251749709,0.00030538593554705744
5,358,model1_fixed_q,0.048840030914340235,8.828534083600651e-05,7.996242021132227e-05,8.828534083600651e-05
5,358,model3_dynamic_q,0.07084073945647003,0.000302244844926596,0.000302244844926596,0.0002980153046635306
5,359,model1_fixed_q,0.048962650226312396,9.289354472777594e-05,9.289354472777594e-05,8.912933212931184e-05
5,359,model3_dynamic_q,0.07091819807198087,0.0004002105346688115,0.0004002105346688116,0.0002977493156089285
5,360,model1_fixed_q,0.04887151738454084,9.14552874632741e-05,8.32867452237468e-05,9.14552874632741e-05
5,360,model3_dynamic_q,0.07104872617647764,0.0003715873438512308,0.00037158734385123085,0.00029160525132560877
5,361,model1_fixed_q,0.04900100682765219,9.113171671131702e-05,8.876047501434273e-05,9.113171671131702e-05
5,361,model3_dynamic_q,0.07098718797016941,0.0004199477217602997,0.0004199477217602997,0.00029383308249467257
5,362,model1_fixed_q,0.04897162487439678,8.888727083480268e-05,8.356342351844236e-05,8.888727083480268e-05
5,362,model3_dynamic_q,0.07115897240242756,0.00041551596687279334,0.0004155159668727934,0.00029980977749199033
5,363,model1_fixed_q,0.04897317266651684,9.241035923154083e-05,8.662262474422604e-05,9.241035923154083e-05
5,363,model3_dynamic_q,0.07084650657341401,0.00038330157100265917,0.00038330157100265917,0.0003044192965807856
5,364,model1_fixed_q,0.04902335849525451,9.457667738667263e-05,9.457667738667264e-05,9.216951691759594e-05
5,364,model3_dynamic_q,0.07077367192834776,0.0004019590261567383,0.0004019590261567383,0.0003042396311592276
5,365,model1_fixed_q,0.04899776665799109,0.0001171529882218472,0.00011715298822184721,9.286758674761937e-05
5,365,model3_dynamic_q,0.07065879098716996,0.0004537804182095935,0.0004537804182095935,0.0002981969974054456
5,366,model1_fixed_q,0.04901047573896455,9.065421609148886e-05,7.351915558892363e-05,9.065421609148886e-05
5,366,model3_dynamic_q,0.07079752212387853,0.0004943575813390372,0.0004943575813390371,0.0003034282119205281
5,367,model1_fixed_q,0.04899936103357491,9.177445923060846e-05,6.853299906891392e-05,9.177445923060846e-05
5,367,model3_dynamic_q,0.07078013015655367,0.00047015689258459315,0.00047015689258459315,0.0002956719960787596
5,368,model1_fixed_q,0.04896157992360857,9.683887237933018e-05,9.683887237933018e-05,8.866779576475823e-05
5,368,model3_dynamic_q,0.07100439932122549,0.0004579247474154621,0.0004579247474154621,0.00029635580375426864
5,369,model1_fixed_q,0.04895113509247649,8.99805308994205e-05,8.220670066427285e-05,8.99805308994205e-05
5,369,model3_dynamic_q,0.07112568772648457,0.00045938161919169805,0.00045938161919169805,0.0002997451432946084
5,370,model1_fixed_q,0.04883345505700776,9.159390176283907e-05,9.159390176283909e-05,9.054369880335436e-05
5,370,model3_dynamic_q,0.07126697589313655,0.0004668786621683595,0.0004668786621683595,0.00031138479969064514
5,371,model1_fixed_q,0.04874627656812729,9.46826132419906e-05,9.46826132419906e-05,8.891892288032376e-05
5,371,model3_dynamic_q,0.07087569498818196,0.0004300705087649271,0.0004300705087649271,0.00030682033905553546
5,372,model1_fixed_q,0.04875521186772932,0.00010895501897809625,0.00010895501897809625,8.855992917763576e-05
5,372,model3_dynamic_q,0.07089269610803238,0.0004006095438279591,0.0004006095438279591,0.00031591693701123533
5,373,model1_fixed_q,0.04881216367123401,9.58587117750101e-05,9.585871177501008e-05,8.898384833892316e-05
5,373,model3_dynamic_q,0.07098880688288715,0.0004019391468060386,0.00040193914680603855,0.0003057346445300633
5,374,model1_fixed_q,0.04881473508219134,8.977129853551253e-05,7.731204672725325e-05,8.977129853551253e-05
5,374,model3_dynamic_q,0.07104315474266404,0.0003423732143821788,0.0003423732143821788,0.0003105613185433317
5,375,model1_fixed_q,0.048872763237517027,8.872378610435128e-05,7.868049209838594e-05,8.872378610435128e-05
5,375,model3_dynamic_q,0.07094109325835557,0.00033639884365891954,0.00033639884365891954,0.00030622878497364107
5,376,model1_fixed_q,0.04903470622005247,9.412593986482064e-05,8.168820009649472e-05,9.412593986482064e-05
5,376,model3_dynamic_q,0.0708557864250741,0.00035259225184855074,0.0003525922518485508,0.0002994492017203619
5,377,model1_fixed_q,0.049042832234840586,9.303574180953675e-05,8.502855229678258e-05,9.303574180953675e-05
5,377,model3_dynamic_q,0.07057837956172734,0.000298605086832212,0.0002692994354292791,0.000298605086832212
5,378,model1_fixed_q,0.04905543527135366,9.127552500674403e-05,7.026684231248161e-05,9.127552500674403e-05
5,378,model3_dynamic_q,0.07055956651423756,0.00029713605020639176,0.00026570904714733957,0.00029713605020639176
5,379,model1_fixed_q,0.04908365908602726,9.018833483074882e-05,7.34908855469969e-05,9.018833483074882e-05
5,379,model3_dynamic_q,0.0706714270508526,0.0003053770227741273,0.00026133811384834813,0.0003053770227741273
5,380,model1_fixed_q,0.04896012849181905,9.925328821824181e-05,9.925328821824183e-05,8.664037952987556e-05
5,380,model3_dynamic_q,0.07097202955136879,0.0002977836976619404,0.00023527503488193896,0.0002977836976619404
5,381,model1_fixed_q,0.04901484223137411,9.111764800080167e-05,7.606339091328176e-05,9.111764800080167e-05
5,381,model3_dynamic_q,0.0710323937444058,0.0003060453934342339,0.0002881568740015086,0.0003060453934342339
5,382,model1_fixed_q,0.04903412464715383,9.122665299541138e-05,9.122665299541138e-05,9.034282177895551e-05
5,382,model3_dynamic_q,0.07122066641002044,0.00029713735691635373,0.0002886995774345795,0.00029713735691635373
5,383,model1_fixed_q,0.04922448199780095,9.248374247572595e-05,9.002492568400828e-05,9.248374247572595e-05
5,383,model3_dynamic_q,0.07108560250325999,0.00033683565267768757,0.00033683565267768757,0.0002947594651587899
5,384,model1_fixed_q,0.04901977330902294,9.550435588396597e-05,9.550435588396596e-05,9.116309749399589e-05
5,384,model3_dynamic_q,0.07127484630043936,0.0003386963337904152,0.0003386963337904152,0.00029238143443056165
5,385,model1_fixed_q,0.04910094840554274,9.15162991225869e-05,7.823890846759925e-05,9.15162991225869e-05
5,385,model3_dynamic_q,0.07092663024431502,0.0003488683880440899,0.00034886838804408987,0.00028999922881167944
5,386,model1_fixed_q,0.04902361178114903,9.023704209009084e-05,7.663260735361623e-05,9.023704209009084e-05
5,386,model3_dynamic_q,0.0708594947540182,0.000346666678583754,0.000346666678583754,0.00029205507888468914
5,387,model1_fixed_q,0.048954630156146234,9.342564099017701e-05,8.1868427020439e-05,9.342564099017701e-05
5,387,model3_dynamic_q,0.07082542949216243,0.0003895114497250419,0.0003895114497250419,0.00029063103881850247
5,388,model1_fixed_q,0.04904457824713999,9.052534062884364e-05,8.973897423328969e-05,9.052534062884364e-05
5,388,model3_dynamic_q,0.07100697663533394,0.0004092610875902225,0.0004092610875902225,0.00029580765422904305
5,389,model1_fixed_q,0.048996852653568033,9.270786114133227e-05,8.679929977679573e-05,9.270786114133227e-05
5,389,model3_dynamic_q,0.07100596142643914,0.0004095362494694115,0.0004095362494694115,0.0003030957119226955
5,390,model1_fixed_q,0.049032946667538095,9.471624111713928e-05,9.471624111713928e-05,9.350173403599113e-05
5,390,model3_dynamic_q,0.07096478835952931,0.0004258707968563257,0.00042587079685632573,0.00030819201973897667
5,391,model1_fixed_q,0.049088187090520555,9.271504813558495e-05,7.888922109111742e-05,9.271504813558495e-05
5,391,model3_dynamic_q,0.0707178977952745,0.0004433541223046783,0.0004433541223046783,0.0002991789644388602
5,392,model1_fixed_q,0.04898529526290495,9.105435073475199e-05,7.628138035997682e-05,9.105435073475199e-05
5,392,model3_dynamic_q,0.07105110309816214,0.00039481818900454716,0.00039481818900454716,0.00030342548727627187
5,393,model1_fixed_q,0.04880344417678269,9.224021274126076e-05,7.57832585708082e-05,9.224021274126076e-05
5,393,model3_dynamic_q,0.07093211566306333,0.0003627206174506746,0.0003627206174506746,0.0003006155260904079
5,394,model1_fixed_q,0.04877913800346877,9.1067905139124e-05,6.76021011454876e-05,9.1067905139124e-05
5,394,model3_dynamic_q,0.07111387799376105,0.00043678184798563756,0.00043678184798563756,0.0003133407885826428
5,395,model1_fixed_q,0.04883383682738385,9.051794620355187e-05,8.079721928388511e-05,9.051794620355187e-05
5,395,model3_dynamic_q,0.07103922047356348,0.00042997455271870854,0.00042997455271870854,0.00031790344914394
5,396,model1_fixed_q,0.04897830206538222,9.417028227177704e-05,9.417028227177703e-05,8.714001165692259e-05
5,396,model3_dynamic_q,0.07095022886328992,0.00043512609027982776,0.00043512609027982776,0.0003111485581851661
5,397,model1_fixed_q,0.04881424372513921,0.00010986303707738938,0.00010986303707738938,9.188920321608338e-05
5,397,model3_dynamic_q,0.07087587172271213,0.0003934256078309986,0.00039342560783099857,0.0003072120972349391
5,398,model1_fixed_q,0.048838721637937746,8.928948335659095e-05,7.800812277787297e-05,8.928948335659095e-05
5,398,model3_dynamic_q,0.0707624029462028,0.0003910493151302582,0.0003910493151302582,0.00028899309632564687
5,399,model1_fixed_q,0.04894120432778079,8.910206533235215e-05,7.053357491827715e-05,8.910206533235215e-05
5,399,model3_dynamic_q,0.07075523704344214,0.0003614959265479847,0.0003614959265479847,0.0002941945350978101
5,400,model1_fixed_q,0.04904735747793988,0.00010582112331761915,0.00010582112331761915,8.907781698829149e-05
5,400,model3_dynamic_q,0.07039465665492729,0.0003862365059863945,0.0003862365059863945,0.0002980175860258467
5,401,model1_fixed_q,0.048953678016375,9.174302909213317e-05,8.583377348567246e-05,9.174302909213317e-05
5,401,model3_dynamic_q,0.07044030366351375,0.0003838565856106246,0.0003838565856106246,0.00029671234693832976
5,402,model1_fixed_q,0.04892204028782708,9.271476732441044e-05,7.664732021350335e-05,9.271476732441044e-05
5,402,model3_dynamic_q,0.07036749100957244,0.00043620097992813037,0.0004362009799281304,0.0002971944969144977
5,403,model1_fixed_q,0.04897752118592053,9.255232120803202e-05,9.142328667813292e-05,9.255232120803202e-05
5,403,model3_dynamic_q,0.07024926980192094,0.0004247679927218155,0.0004247679927218155,0.00029365722712996833
5,404,model1_fixed_q,0.04896671223984994,9.065283099774783e-05,7.674212928274468e-05,9.065283099774783e-05
5,404,model3_dynamic_q,0.07037231380687746,0.00040405101683888787,0.00040405101683888787,0.0002932393331005416
5,405,model1_fixed_q,0.04892007454889769,8.970408681616958e-05,8.829789267707343e-05,8.970408681616958e-05
5,405,model3_dynamic_q,0.07057057031431893,0.0004418245845817141,0.00044182458458171415,0.00028839837176642476
5,406,model1_fixed_q,0.04890017358284045,8.86733017993405e-05,8.292871359839137e-05,8.86733017993405e-05
5,406,model3_dynamic_q,0.07043453774125681,0.00043894378908618925,0.00043894378908618925,0.0002930811136004676
5,407,model1_fixed_q,0.04892866964063367,8.925605250142857e-05,8.105850811289496e-05,8.925605250142857e-05
5,407,model3_dynamic_q,0.07045744482767834,0.0004178423329977842,0.0004178423329977842,0.0002949943444130034
5,408,model1_fixed_q,0.04889691019987536,9.437107434976444e-05,9.437107434976444e-05,8.7872313946422e-05
5,408,model3_dynamic_q,0.07070182592169454,0.00037339584746865596,0.00037339584746865596,0.0003068857981370475
5,409,model1_fixed_q,0.04906192032175046,9.117640338381503e-05,8.541675989566824e-05,9.117640338381503e-05
5,409,model3_dynamic_q,0.07057562438893508,0.00039928085019742116,0.0003992808501974212,0.00029836365610800506
5,410,model1_fixed_q,0.0490686374206228,9.66163754629742e-05,9.66163754629742e-05,9.115418396451014e-05
5,410,model3_dynamic_q,0.07073340458410633,0.0004548272077617189,0.0004548272077617189,0.0003081306281822377
5,411,model1_fixed_q,0.04912644543465582,9.193164156835103e-05,8.52360066922431e-05,9.193164156835103e-05
5,411,model3_dynamic_q,0.07059608534481941,0.0004578768265678763,0.0004578768265678763,0.00031321740826870456
5,412,model1_fixed_q,0.04915804617007615,8.992815702039492e-05,6.639501084546181e-05,8.992815702039492e-05
5,412,model3_dynamic_q,0.0707672357641318,0.0004809748848234544,0.0004809748848234544,0.0003084187633384036
5,413,model1_fixed_q,0.04910294245824972,0.00010686464020409983,0.00010686464020409983,9.228208022383e-05
5,413,model3_dynamic_q,0.07079985741106293,0.0004791085165924537,0.00047910851659245377,0.00030974493640067573
5,414,model1_fixed_q,0.04917850225037198,0.00011313961921956367,0.00011313961921956367,9.047857397642905e-05
5,414,model3_dynamic_q,0.07046123842337298,0.0004464795379724,0.0004464795379724,0.0002982236003393691
5,415,model1_fixed_q,0.04901518062366703,0.0001128197342245302,0.00011281973422453019,9.088761074158799e-05
5,415,model3_dynamic_q,0.07044462019344071,0.0004073479017349878,0.0004073479017349878,0.00029347484180930743
5,416,model1_fixed_q,0.049092511619473436,0.00010465829782597795,0.00010465829782597794,8.826582462886133e-05
5,416,model3_dynamic_q,0.07053621970377431,0.00042469751551936464,0.00042469751551936464,0.00030028298258850353
5,417,model1_fixed_q,0.049095106604971954,9.086011017315254e-05,9.086011017315254e-05,8.81614611188066e-05
5,417,model3_dynamic_q,0.0706215408314114,0.0003802694959932157,0.00038026949599321577,0.0002960791710655165
5,418,model1_fixed_q,0.0491322758861654,8.756439555096326e-05,8.713706507127095e-05,8.756439555096326e-05
5,418,model3_dynamic_q,0.07067118957393448,0.00033707194017319444,0.00033707194017319444,0.00029390979218524223
5,419,model1_fixed_q,0.04918227285832606,9.598782875882123e-05,9.598782875882123e-05,8.80408926538692e-05
5,419,model3_dynamic_q,0.0707863008618746,0.0003172330269905643,0.00031723302699056423,0.000295112808404041
5,420,model1_fixed_q,0.04911198752507433,9.136401757379516e-05,8.614385166613355e-05,9.136401757379516e-05
5,420,model3_dynamic_q,0.07064883465953328,0.00030494397126841526,0.00030494397126841526,0.00029873281575495714
5,421,model1_fixed_q,0.04911822799044755,9.961429446491291e-05,9.961429446491291e-05,9.035281397518183e-05
5,421,model3_dynamic_q,0.07070710135081675,0.00032608413337706463,0.00032608413337706463,0.0003094922428014931
5,422,model1_fixed_q,0.04901120258922923,0.0001130757070957871,0.0001130757070957871,9.23522959434248e-05
5,422,model3_dynamic_q,0.07075031251941376,0.0003010560577492107,0.0002978156975923236,0.0003010560577492107
5,423,model1_fixed_q,0.049057202304068986,9.220587900755563e-05,7.123908759298743e-05,9.220587900755563e-05
5,423,model3_dynamic_q,0.07059617983608471,0.0003178247430203108,0.0003178247430203108,0.0003079802065031668
5,424,model1_fixed_q,0.04892503507894701,9.133911878860244e-05,7.782459947238747e-05,9.133911878860244e-05
5,424,model3_dynamic_q,0.07055759534830645,0.0003582854887935261,0.0003582854887935261,0.0003127996412917279
5,425,model1_fixed_q,0.04890554271613498,8.842308298139459e-05,8.842308298139459e-05,8.814685972672939e-05
5,425,model3_dynamic_q,0.0704179461005793,0.00036820493396587964,0.00036820493396587964,0.00030648178392514794
5,426,model1_fixed_q,0.048918853469864604,8.81280802605837e-05,8.81280802605837e-05,8.760692972193322e-05
5,426,model3_dynamic_q,0.07054513655684842,0.00033696639973402524,0.00033696639973402524,0.0003034292350755781
5,427,model1_fixed_q,0.04881834102741475,8.936028917126863e-05,8.371958708617781e-05,8.936028917126863e-05
5,427,model3_dynamic_q,0.07070792145453875,0.00035515894886675297,0.00035515894886675297,0.0002953116705570087
5,428,model1_fixed_q,0.048925508286644555,9.829944864181854e-05,9.829944864181852e-05,8.866233305624125e-05
5,428,model3_dynamic_q,0.07054864248770626,0.00038475701932682844,0.0003847570193268284,0.00029345847274709854
5,429,model1_fixed_q,0.048883428571774,0.00010322547361358975,0.00010322547361358977,9.016186052999586e-05
5,429,model3_dynamic_q,0.07051906005233463,0.000407075550740438,0.000407075550740438,0.00028860361063884284
5,430,model1_fixed_q,0.04880281308529811,0.00010069683421566994,0.00010069683421566994,8.923781823628004e-05
5,430,model3_dynamic_q,0.07029532087916085,0.0003805244224201623,0.00038052442242016225,0.0002819770589633145
5,431,model1_fixed_q,0.048855852240903296,9.160764846063278e-05,7.980453653791738e-05,9.160764846063278e-05
5,431,model3_dynamic_q,0.07032653721116948,0.00038806722754952607,0.000388067227549526,0.00029020361962572307
5,432,model1_fixed_q,0.04886638005094179,9.408919929902284e-05,8.424803024238413e-05,9.408919929902284e-05
5,432,model3_dynamic_q,0.0701672655517149,0.0004237361393251928,0.00042373613932519285,0.00029139891420148215
5,433,model1_fixed_q,0.04893843350589094,0.00010083348242746828,0.00010083348242746828,9.16956651907447e-05
5,433,model3_dynamic_q,0.07002416059966274,0.0003845885411694969,0.00038458854116949685,0.00027834184764638015
5,434,model1_fixed_q,0.048972146971998,0.00010233641123953089,0.00010233641123953088,9.08173934564667e-05
5,434,model3_dynamic_q,0.0700247874719973,0.00037647323432883704,0.00037647323432883704,0.00027614892401753836
5,435,model1_fixed_q,0.0490283706678861,9.167189346281653e-05,8.391113071601535e-05,9.167189346281653e-05
5,435,model3_dynamic_q,0.07002708046294098,0.00039860804545602827,0.0003986080454560282,0.00027061085781019594
5,436,model1_fixed_q,0.04887777581904,9.058822973087814e-05,8.887108755824814e-05,9.058822973087814e-05
5,436,model3_dynamic_q,0.07025447389636576,0.00036505945238050116,0.0003650594523805012,0.000282820484780789
5,437,model1_fixed_q,0.04886109017929145,9.299455461642184e-05,8.80806651136831e-05,9.299455461642184e-05
5,437,model3_dynamic_q,0.07048140224563788,0.0003411231969700955,0.0003411231969700955,0.00028700302041843976
5,438,model1_fixed_q,0.04903355284762308,9.026189515504393e-05,8.64910077823229e-05,9.026189515504393e-05
5,438,model3_dynamic_q,0.07061484474405545,0.0003581227134442521,0.00035812271344425213,0.0002945474086034076
5,439,model1_fixed_q,0.049015732910388105,0.00010008986606979441,0.00010008986606979441,9.294545046100651e-05
5,439,model3_dynamic_q,0.07058755880680738,0.0003443348835861635,0.0003443348835861635,0.00029749499337429166
5,440,model1_fixed_q,0.049058946608146074,9.239675082441416e-05,9.174316392322004e-05,9.239675082441416e-05
5,440,model3_dynamic_q,0.07072985741484115,0.00035496742279135957,0.00035496742279135957,0.0003051184924174572
5,441,model1_fixed_q,0.049053496749167036,0.00010332955378912664,0.00010332955378912664,9.487055461797557e-05
5,441,model3_dynamic_q,0.07072694029094737,0.0003524006702710944,0.0003524006702710944,0.00029720293201770785
5,442,model1_fixed_q,0.04915965510394661,0.0001016875066672943,0.0001016875066672943,9.490414734041702e-05
5,442,model3_dynamic_q,0.07068560629401152,0.00033434013093845065,0.0003343401309384506,0.00029803051850434706
5,443,model1_fixed_q,0.04912522019178565,0.00010160037933686939,0.00010160037933686939,9.057756119974669e-05
5,443,model3_dynamic_q,0.07061944162263983,0.0003239759132623959,0.0003239759132623959,0.0003043325623913874
5,444,model1_fixed_q,0.049136632276613385,0.00010777367611702535,0.00010777367611702535,9.009730527902832e-05
5,444,model3_dynamic_q,0.07057054072600268,0.00034287465275953735,0.00034287465275953735,0.0003151030428208968
5,445,model1_fixed_q,0.04892895441418788,0.00011263022114120853,0.00011263022114120853,9.451405027732149e-05
5,445,model3_dynamic_q,0.07076341420030506,0.0003136493304509019,0.0003136493304509019,0.0003041917622432661
5,446,model1_fixed_q,0.04888525838227451,9.170674959019506e-05,8.916077735575868e-05,9.170674959019506e-05
5,446,model3_dynamic_q,0.0709299311438175,0.00032079963431587237,0.00032079963431587237,0.00029985136349062645
5,447,model1_fixed_q,0.04900439609332546,9.171113665394229e-05,7.584675671350737e-05,9.171113665394229e-05
5,447,model3_dynamic_q,0.07091658233115608,0.00035283396831038846,0.00035283396831038846,0.0002987378122489147
5,448,model1_fixed_q,0.04902670051357858,9.16045867243364e-05,8.699983964884459e-05,9.16045867243364e-05
5,448,model3_dynamic_q,0.07081432260298165,0.0003632520251710689,0.0003632520251710689,0.0003093149405811271
5,449,model1_fixed_q,0.04883947808588805,9.203518569774765e-05,9.203518569774765e-05,8.943394520657143e-05
5,449,model3_dynamic_q,0.0706948531935448,0.0003561731090393165,0.0003561731090393165,0.00030687119194942446
5,450,model1_fixed_q,0.049052542170137686,9.131491954688021e-05,7.156911284691183e-05,9.131491954688021e-05
5,450,model3_dynamic_q,0.07060911436913721,0.0003121574778892643,0.0003121574778892644,0.00029937971671724226
5,451,model1_fixed_q,0.04902240590000829,9.262357490539556e-05,8.709437382782926e-05,9.262357490539556e-05
5,451,model3_dynamic_q,0.07066594617999528,0.00031428751451121646,0.00031428751451121646,0.0002995854352923235
5,452,model1_fixed_q,0.04896255352620286,9.220386958665417e-05,9.074004289777558e-05,9.220386958665417e-05
5,452,model3_dynamic_q,0.07088597339282456,0.0003013638673552689,0.0002852178826477381,0.0003013638673552689
5,453,model1_fixed_q,0.04897365228667203,9.534076165203093e-05,9.534076165203093e-05,9.056342896203457e-05
5,453,model3_dynamic_q,0.07079314103344242,0.00030390425190841684,0.0002874211327081425,0.00030390425190841684
5,454,model1_fixed_q,0.049084909883213027,8.795874889906439e-05,8.795874889906439e-05,8.752563397994191e-05
5,454,model3_dynamic_q,0.0707214822357202,0.00029755188529010735,0.0002732021386162911,0.00029755188529010735
5,455,model1_fixed_q,0.04898492336980613,9.312197724917905e-05,9.312197724917905e-05,8.785326580618506e-05
5,455,model3_dynamic_q,0.07049181196913304,0.00032393953709166956,0.0003239395370916696,0.00029041545958972373
5,456,model1_fixed_q,0.04897943104447557,9.319177900229157e-05,7.310978958688598e-05,9.319177900229157e-05
5,456,model3_dynamic_q,0.07024209367247541,0.0003046605545386938,0.00030466055453869383,0.00029252253567970863
5,457,model1_fixed_q,0.04897667392779518,9.547209561191163e-05,8.619352995439492e-05,9.547209561191163e-05
5,457,model3_dynamic_q,0.07030832032899528,0.00032407454249149345,0.00032407454249149345,0.0002930589869536751
5,458,model1_fixed_q,0.04898556979065348,9.629113505982354e-05,7.553005182965067e-05,9.629113505982354e-05
5,458,model3_dynamic_q,0.07018526732291425,0.0003022312841280396,0.0003022312841280396,0.0002878827502664507
5,459,model1_fixed_q,0.04893401083807124,9.325457168836686e-05,9.10323978674892e-05,9.325457168836686e-05
5,459,model3_dynamic_q,0.07020269247123516,0.00028817151403313446,0.00028817151403313446,0.0002853141795454704
5,460,model1_fixed_q,0.048945575699256845,0.00010986340950100017,0.00010986340950100017,9.404878486789228e-05
5,460,model3_dynamic_q,0.07032559079097302,0.0003067703610230371,0.00030677036102303703,0.00028364201238013556
5,461,model1_fixed_q,0.04887677212481421,9.36889900546072e-05,9.36889900546072e-05,9.115055938891275e-05
5,461,model3_dynamic_q,0.07054184389047975,0.00032276545542488105,0.000322765455424881,0.000294497393072838
5,462,model1_fixed_q,0.04879961206397043,9.084622463765124e-05,8.45860877415454e-05,9.084622463765124e-05
5,462,model3_dynamic_q,0.07054956952966558,0.00032025931753874376,0.00032025931753874376,0.0002997299330085444
5,463,model1_fixed_q,0.04892762003964059,8.902465353266895e-05,8.052957531224931e-05,8.902465353266895e-05
5,463,model3_dynamic_q,0.07061344259476661,0.00029537297635459485,0.00028839894513826766,0.00029537297635459485
5,464,model1_fixed_q,0.04914035750917927,9.089986955112524e-05,6.819970762633053e-05,9.089986955112524e-05
5,464,model3_dynamic_q,0.07060029415004099,0.00029494710153543343,0.0002749514966720109,0.00029494710153543343
5,465,model1_fixed_q,0.049071003345977034,9.507194463047478e-05,6.382843842148706e-05,9.507194463047478e-05
5,465,model3_dynamic_q,0.070413158471311,0.00029597494046128145,0.00024880094572979485,0.00029597494046128145
5,466,model1_fixed_q,0.04886365851601703,0.00010243792712253643,0.00010243792712253641,8.889343991993843e-05
5,466,model3_dynamic_q,0.07014359111019691,0.00028877877829222717,0.00025733926036546203,0.00028877877829222717
5,467,model1_fixed_q,0.04880837333665831,0.00011009746595058321,0.00011009746595058321,9.074165602685617e-05
5,467,model3_dynamic_q,0.07003525505361956,0.00029758354340821326,0.00029758354340821326,0.00028452460273284473
5,468,model1_fixed_q,0.04893809584916744,0.00010655570287144715,0.00010655570287144716,9.095761999993002e-05
5,468,model3_dynamic_q,0.07033648677895708,0.00036607061688933613,0.00036607061688933613,0.000273232680993822
5,469,model1_fixed_q,0.04900761727626462,0.00010698291707843496,0.00010698291707843495,9.230194793821785e-05
5,469,model3_dynamic_q,0.07011061715466159,0.00034859471087017233,0.00034859471087017233,0.0002806315702546491
5,470,model1_fixed_q,0.04886748860844267,0.00010309408227550378,0.00010309408227550379,9.172277283032156e-05
5,470,model3_dynamic_q,0.07011449725397297,0.00034697621911360815,0.00034697621911360815,0.000290709716842645
5,471,model1_fixed_q,0.04898163897226553,9.115751456518043e-05,7.623118614848177e-05,9.115751456518043e-05
5,471,model3_dynamic_q,0.07026358896479988,0.0003640604510263057,0.0003640604510263057,0.00028754898285759787
5,472,model1_fixed_q,0.049012545067150984,9.299376093278542e-05,7.149813985336218e-05,9.299376093278542e-05
5,472,model3_dynamic_q,0.0703367142491991,0.00040133583253865467,0.00040133583253865467,0.00028712541297527735
5,473,model1_fixed_q,0.048982466597825604,0.00010111937300982461,0.0001011193730098246,9.524572059641686e-05
5,473,model3_dynamic_q,0.07043404590039976,0.0004278585247695907,0.00042785852476959067,0.0002878173055494588
5,474,model1_fixed_q,0.04902775984065855,9.679018572383467e-05,9.679018572383467e-05,9.586585541927889e-05
5,474,model3_dynamic_q,0.07035060746888963,0.00044809114664022976,0.0004480911466402297,0.00028144934424890485
5,475,model1_fixed_q,0.04891469589918208,0.00011247428965985381,0.00011247428965985381,9.186550126019981e-05
5,475,model3_dynamic_q,0.0705339999406737,0.0004394826120948459,0.0004394826120948459,0.0003073089483464127
5,476,model1_fixed_q,0.049005170447402976,9.764878782965635e-05,9.764878782965635e-05,8.765793071652921e-05
5,476,model3_dynamic_q,0.07090765703030191,0.00041402354392308286,0.0004140235439230828,0.00030892854297171347
5,477,model1_fixed_q,0.04903311288312849,9.934277575592748e-05,9.934277575592748e-05,9.156851629884939e-05
5,477,model3_dynamic_q,0.07069587631935122,0.00040057656149218064,0.00040057656149218064,0.00031208575758790704
5,478,model1_fixed_q,0.049210446033648485,0.00010611643676334766,0.00010611643676334767,9.274824799513945e-05
5,478,model3_dynamic_q,0.0707392066934965,0.00030245545424093743,0.00029121427344167147,0.00030245545424093743
5,479,model1_fixed_q,0.049069895604773074,8.744747337276578e-05,7.961236645095726e-05,8.744747337276578e-05
5,479,model3_dynamic_q,0.07058515427867246,0.0002966993736469145,0.0002906912310919534,0.0002966993736469145
5,480,model1_fixed_q,0.04919160130867279,9.038206555827146e-05,8.832035306174222e-05,9.038206555827146e-05
5,480,model3_dynamic_q,0.07054236957915444,0.00031603362901080515,0.00031603362901080515,0.00030507222176663883
5,481,model1_fixed_q,0.04905665584361307,9.624356470872476e-05,9.624356470872476e-05,9.158840252868298e-05
5,481,model3_dynamic_q,0.07060978196601304,0.0002997768544118852,0.00028219826614519144,0.0002997768544118852
5,482,model1_fixed_q,0.04887230700307509,9.37072639935929e-05,9.37072639935929e-05,8.798639444070545e-05
5,482,model3_dynamic_q,0.0707277306407058,0.00028421075978824265,0.00024938579942316154,0.00028421075978824265
5,483,model1_fixed_q,0.0488336861807851,8.82320775297686e-05,8.707760361318189e-05,8.82320775297686e-05
5,483,model3_dynamic_q,0.07070433761852851,0.000296270031439918,0.00026400773632125605,0.000296270031439918
5,484,model1_fixed_q,0.04883908786875765,8.710440859616618e-05,8.408624159006917e-05,8.710440859616618e-05
5,484,model3_dynamic_q,0.07064686116839826,0.00029787984053599413,0.0002760517661641232,0.00029787984053599413
5,485,model1_fixed_q,0.048844854981982794,8.867351818400169e-05,7.696762073551333e-05,8.867351818400169e-05
5,485,model3_dynamic_q,0.07049295856549939,0.0002974597815757615,0.00026086913989334333,0.0002974597815757615
5,486,model1_fixed_q,0.04885072589235311,9.547599736364053e-05,9.547599736364052e-05,9.158538439259666e-05
5,486,model3_dynamic_q,0.0703770187111985,0.00029331425048017586,0.0002792182128988033,0.00029331425048017586
5,487,model1_fixed_q,0.048962526575199575,9.19756903355046e-05,6.920331207572668e-05,9.19756903355046e-05
5,487,model3_dynamic_q,0.0704394745896172,0.0003214873593186789,0.0003214873593186789,0.0003016350330756862
5,488,model1_fixed_q,0.04907785782167339,9.022971700586426e-05,8.26461567089377e-05,9.022971700586426e-05
5,488,model3_dynamic_q,0.07037079162339,0.00032229347934179854,0.00032229347934179854,0.00028760346820795016
5,489,model1_fixed_q,0.049014195817602975,9.654326852382648e-05,9.654326852382648e-05,9.473244997460523e-05
5,489,model3_dynamic_q,0.07025468117868537,0.0002800964706884237,0.0002792930344093995,0.0002800964706884237
5,490,model1_fixed_q,0.048990609568429294,9.99971253286089e-05,9.99971253286089e-05,9.174053143434502e-05
5,490,model3_dynamic_q,0.07014581824633281,0.0003178816519198975,0.00031788165191989746,0.0002891779091084606
5,491,model1_fixed_q,0.048934293274331526,0.0001077873409596196,0.00010778734095961959,9.456025346624848e-05
5,491,model3_dynamic_q,0.07028167979853553,0.0003405936398259384,0.0003405936398259384,0.0002839254032797775
5,492,model1_fixed_q,0.048950861068670845,0.00011623179496176674,0.00011623179496176674,9.402693061452126e-05
5,492,model3_dynamic_q,0.07022648066650534,0.000359484468223057,0.000359484468223057,0.0002846088324513957
5,493,model1_fixed_q,0.048899419034718325,0.0001065931090829029,0.0001065931090829029,9.031424106263732e-05
5,493,model3_dynamic_q,0.07034397484150738,0.0003703930832192877,0.0003703930832192877,0.00028791140234454783
5,494,model1_fixed_q,0.04888291309356258,9.076365224489366e-05,9.060407851200784e-05,9.076365224489366e-05
5,494,model3_dynamic_q,0.07004504248088886,0.0004095166031771102,0.00040951660317711016,0.00029823135909143273
5,495,model1_fixed_q,0.04895593156624609,8.998216949319032e-05,7.255590238216838e-05,8.998216949319032e-05
5,495,model3_dynamic_q,0.0703314942563347,0.0004350402446552018,0.0004350402446552018,0.0003000752341899245
5,496,model1_fixed_q,0.048904314787293804,0.00010313673414298573,0.00010313673414298573,9.296175993702578e-05
5,496,model3_dynamic_q,0.07015808987227883,0.00040601485149779654,0.00040601485149779654,0.0002905660727850438
5,497,model1_fixed_q,0.048815150056114524,8.967661764144691e-05,8.46414023721188e-05,8.967661764144691e-05
5,497,model3_dynamic_q,0.0699724803140027,0.0003822726855184251,0.000382272685518425,0.00029292068226020277
5,498,model1_fixed_q,0.04880184992934375,9.073428781079464e-05,9.073428781079464e-05,8.990814840802489e-05
5,498,model3_dynamic_q,0.06968889755191059,0.0003460339453023183,0.0003460339453023183,0.0002792417249321848
5,499,model1_fixed_q,0.04892187125112171,0.00010087073091740871,0.0001008707309174087,8.9122080866212e-05
5,499,model3_dynamic_q,0.06975259033211194,0.00034590312134379726,0.00034590312134379726,0.0002822402096193973
5,500,model1_fixed_q,0.04897824168021967,8.813099391401637e-05,8.813099391401638e-05,8.676938940787186e-05
5,500,model3_dynamic_q,0.06955474443097685,0.0002948768475649961,0.00029487684756499607,0.00028837454409802574
