k,p,t,variance_mean,sem_total,sem_network,sem_runs
4,0.0,0,0.08213955926239455,0.00024705546193566153,0.0001899196225041726,0.00024705546193566153
4,0.0,1,0.05030520239566684,0.00025249469292341317,0.00019435482698054943,0.00025249469292341317
4,0.0,2,0.0404681524659974,0.000244567670514094,0.00021912148749478515,0.000244567670514094
4,0.0,3,0.03685302090026528,0.0002581504022754707,0.00020913509333147422,0.0002581504022754707
4,0.0,4,0.035824704386378144,0.00027140982535677047,0.00019703981014750077,0.00027140982535677047
4,0.0,5,0.03570728915079338,0.00026733043149427697,0.00022097189610310481,0.00026733043149427697
4,0.0,6,0.036059845669311044,0.0002860432497136138,0.0002624149735267148,0.0002860432497136138
4,0.0,7,0.03626088088799968,0.00029045869779668947,0.0002825260956432822,0.00029045869779668947
4,0.0,8,0.03681203546498878,0.00030553554623664186,0.0002832142959225568,0.00030553554623664186
4,0.0,9,0.0371551577501793,0.0003202416645185356,0.0002890462555181314,0.0003202416645185356
4,0.0,10,0.03751579778441267,0.0003328371431464115,0.0003178713284965629,0.0003328371431464115
4,0.0,11,0.038191842676755725,0.0003354356002143501,0.0003193859049396863,0.0003354356002143501
4,0.0,12,0.03897448201106398,0.00034713417245924814,0.00033518789963123146,0.00034713417245924814
4,0.0,13,0.039561580903511535,0.00037056965570661434,0.00037056965570661434,0.0003643868776055996
4,0.0,14,0.04003664663944597,0.0003696854047897215,0.0003644544107559521,0.0003696854047897215
4,0.0,15,0.04087344079029329,0.00037968958325171673,0.00035473625107777497,0.00037968958325171673
4,0.0,16,0.0414851950954012,0.00039109998210007374,0.00036331867771976015,0.00039109998210007374
4,0.0,17,0.04213437036953908,0.00040786232779863675,0.0003736197358131106,0.00040786232779863675
4,0.0,18,0.04265914211675168,0.0004148979413607492,0.0004148979413607492,0.00041010460933635145
4,0.0,19,0.043155580479531434,0.0004267188878734654,0.0004267188878734654,0.00041867373211963114
4,0.0,20,0.04358355554260739,0.0004341257571444549,0.0004341257571444548,0.00043094828616145305
4,0.0,21,0.04410004009531565,0.0004378305583387345,0.0004022839382537188,0.0004378305583387345
4,0.0,22,0.044546623106932255,0.00044945257661355815,0.0004170314975874293,0.00044945257661355815
4,0.0,23,0.04523392557241164,0.0004565143665107633,0.0004306107896332456,0.0004565143665107633
4,0.0,24,0.0455929102184884,0.00046179872135555724,0.000411610096614807,0.00046179872135555724
4,0.0,25,0.04592675585744289,0.0004699665025824572,0.00046140232135547134,0.0004699665025824572
4,0.0,26,0.04628617402520858,0.0004953899933063795,0.0004953899933063794,0.0004709934493393481
4,0.0,27,0.0468686339415428,0.0005252282416730725,0.0005252282416730725,0.0004785727453826883
4,0.0,28,0.04732282291505141,0.0004954045100669131,0.0004940926705429131,0.0004954045100669131
4,0.0,29,0.04781639847587141,0.0005000767531568098,0.00047161163754994007,0.0005000767531568098
4,0.0,30,0.048305204970679486,0.0005463101621394232,0.0005463101621394231,0.0005111902590628119
4,0.0,31,0.04863300372046101,0.0005193268802474307,0.0005122588050394457,0.0005193268802474307
4,0.0,32,0.04880413190169291,0.0005287273973333036,0.0005287273973333036,0.0005212438622742298
4,0.0,33,0.049366657789898245,0.0005436024558353483,0.0005436024558353484,0.0005365506634006376
4,0.0,34,0.049724350822356635,0.0005410071069190815,0.0005139225159645592,0.0005410071069190815
4,0.0,35,0.05024990980599117,0.0005305059082558456,0.0005062324342102306,0.0005305059082558456
4,0.0,36,0.05054963089576934,0.0005355539531821707,0.0004957873051610955,0.0005355539531821707
4,0.0,37,0.05073758155119487,0.0005489286595426782,0.0004832418279589054,0.0005489286595426782
4,0.0,38,0.05150574402479236,0.0005561397924506074,0.0004836236091650513,0.0005561397924506074
4,0.0,39,0.05187696591732567,0.0005555080787366133,0.0004973138821372339,0.0005555080787366133
4,0.0,40,0.052396606506968015,0.0005614204744158709,0.0005132259077464783,0.0005614204744158709
4,0.0,41,0.052586767595750865,0.0005674760267109736,0.0005234993689340237,0.0005674760267109736
4,0.0,42,0.05286332599173372,0.0005782524897988615,0.0004753336059397768,0.0005782524897988615
4,0.0,43,0.05295824906585906,0.0005791397699323479,0.00046712035327460837,0.0005791397699323479
4,0.0,44,0.05337633853599462,0.000581810231798216,0.0004853836410037537,0.000581810231798216
4,0.0,45,0.05380232125484653,0.0005964238973684804,0.0005072243659844542,0.0005964238973684804
4,0.0,46,0.054278768062517156,0.0005972529020466474,0.0005396596354162528,0.0005972529020466474
4,0.0,47,0.054861615402717986,0.0006095746118826779,0.0005629365862313193,0.0006095746118826779
4,0.0,48,0.05501393137071637,0.00062071541582578,0.0005929404393164138,0.00062071541582578
4,0.0,49,0.05514042816452686,0.0006186109323417533,0.0005512157975611458,0.0006186109323417533
4,0.0,50,0.055692061475157484,0.000631134845610632,0.0006259349668389446,0.000631134845610632
4,0.0,51,0.05587231908177005,0.0006362068791069536,0.0006236816452338836,0.0006362068791069536
4,0.0,52,0.056126943666543624,0.0006514897735031873,0.0006017049269210888,0.0006514897735031873
4,0.0,53,0.0565513325540953,0.0006685202775946916,0.000638201972864005,0.0006685202775946916
4,0.0,54,0.05675273762836097,0.0006801731486279375,0.0006690566811451901,0.0006801731486279375
4,0.0,55,0.0571603433216525,0.0006763116041932417,0.0006528017938565617,0.0006763116041932417
4,0.0,56,0.057876887446456325,0.0007046657984855702,0.0006768819633394985,0.0007046657984855702
4,0.0,57,0.05813368076131325,0.0007354063774961493,0.0007354063774961492,0.0007138383890021032
4,0.0,58,0.058631096754419354,0.0007423639800876401,0.0007423639800876401,0.00071885571128062
4,0.0,59,0.05877914469882695,0.0007302195546250506,0.0007302195546250506,0.0007261897785034961
4,0.0,60,0.058771213604609664,0.000747641561433632,0.000747641561433632,0.0007301171923037646
4,0.0,61,0.05880887408405014,0.0007312897525540816,0.0007201097280610223,0.0007312897525540816
4,0.0,62,0.058894078868339146,0.0007299818665760946,0.0007245772134355703,0.0007299818665760946
4,0.0,63,0.059421621671404995,0.0007432737118903327,0.0007426690568440612,0.0007432737118903327
4,0.0,64,0.05986870726833476,0.0007501510994889976,0.0007423391505882128,0.0007501510994889976
4,0.0,65,0.059921202557248886,0.0007639055436330933,0.0007639055436330935,0.0007511058581467434
4,0.0,66,0.06031008074155005,0.0008259862028126523,0.0008259862028126523,0.0007472791446753625
4,0.0,67,0.060964826816161735,0.0007573941443662055,0.0007573941443662056,0.0007509140103420166
4,0.0,68,0.061013318410565134,0.0008157038126195377,0.0008157038126195378,0.0007630962355616866
4,0.0,69,0.061586831931303834,0.0007678886861078517,0.0007536023686231063,0.0007678886861078517
4,0.0,70,0.06233002629487076,0.0007812172667291284,0.0007696490543727778,0.0007812172667291284
4,0.0,71,0.06258533462196454,0.0008114523007983935,0.0008114523007983935,0.0007917570836764771
4,0.0,72,0.06280217274480686,0.0007968644112011767,0.0007968644112011767,0.0007821021733742382
4,0.0,73,0.0629674755030468,0.0007916618400476023,0.0007713654949170628,0.0007916618400476023
4,0.0,74,0.06304442335267339,0.000790667946821735,0.0007458002259286993,0.000790667946821735
4,0.0,75,0.06359002351248207,0.0008012122772308851,0.0007194234082733949,0.0008012122772308851
4,0.0,76,0.0638825242654588,0.0008292750324536041,0.0007802633766050963,0.0008292750324536041
4,0.0,77,0.06404689715363941,0.0008242811642846702,0.000694619657396787,0.0008242811642846702
4,0.0,78,0.06408773539823764,0.0008227901555718534,0.0006857832523282893,0.0008227901555718534
4,0.0,79,0.06432641742728658,0.0008130131086044982,0.0006733400893838879,0.0008130131086044982
4,0.0,80,0.06494920000607816,0.000833242591387402,0.00067537437966588,0.000833242591387402
4,0.0,81,0.064962857264598,0.0008378797829266928,0.000632831797708533,0.0008378797829266928
4,0.0,82,0.06529248566948008,0.0008484161867312689,0.0006364619094194424,0.0008484161867312689
4,0.0,83,0.06598615854845967,0.0008580552562518919,0.0006893843260192086,0.0008580552562518919
4,0.0,84,0.06610938482525774,0.0008533995708609161,0.000663717719080561,0.0008533995708609161
4,0.0,85,0.06623625936588305,0.0008584717416234715,0.0006381179655690624,0.0008584717416234715
4,0.0,86,0.06628108088338384,0.0008671889314378418,0.0006297941320321902,0.0008671889314378418
4,0.0,87,0.06673770998039334,0.0008783125992310026,0.0005848741383441167,0.0008783125992310026
4,0.0,88,0.06707969358869319,0.0008841493782432533,0.0006396776229609957,0.0008841493782432533
4,0.0,89,0.0675166685725595,0.0009097672809958434,0.0006299716227179524,0.0009097672809958434
4,0.0,90,0.06783202463243526,0.0009252984717590058,0.0007175083093836039,0.0009252984717590058
4,0.0,91,0.06814804884335045,0.000928046390076364,0.0007108113072654988,0.000928046390076364
4,0.0,92,0.06855915817912753,0.0009210987990768422,0.0007236445652591058,0.0009210987990768422
4,0.0,93,0.06905826311544129,0.0009370147351132949,0.0007399835256328641,0.0009370147351132949
4,0.0,94,0.06937039266665149,0.0009582225123293559,0.0007255776047371198,0.0009582225123293559
4,0.0,95,0.06967651592806176,0.0009596042727401661,0.000757590729976824,0.0009596042727401661
4,0.0,96,0.0698561180014578,0.0009704158238929113,0.0007450844790677387,0.0009704158238929113
4,0.0,97,0.07008373533790438,0.000984989053680834,0.0007371011416852583,0.000984989053680834
4,0.0,98,0.07048388015550053,0.0009941098864765996,0.0008589548914452404,0.0009941098864765996
4,0.0,99,0.0704397238191511,0.0009941891246662716,0.0008751906762571327,0.0009941891246662716
4,0.0,100,0.07047457743909052,0.0009866472169789032,0.0008507487346034409,0.0009866472169789032
4,0.0,101,0.07061010578693279,0.0009981484840210272,0.0008470696849139259,0.0009981484840210272
4,0.0,102,0.07113698260088033,0.0010101941775080658,0.0008854109182887672,0.0010101941775080658
4,0.0,103,0.07112692088847848,0.0009971872898957253,0.0008286582754722188,0.0009971872898957253
4,0.0,104,0.071186486337448,0.0009967553491694705,0.0008525823849222529,0.0009967553491694705
4,0.0,105,0.07154803325656063,0.0010123089257605333,0.0009108092623527459,0.0010123089257605333
4,0.0,106,0.07202240442241714,0.0010229159824482654,0.0009307978200324716,0.0010229159824482654
4,0.0,107,0.07202586652763567,0.0010190896424586541,0.0009280246112789713,0.0010190896424586541
4,0.0,108,0.07221675894414031,0.0010166271999023666,0.0008753463178540495,0.0010166271999023666
4,0.0,109,0.07244172286702419,0.0010315263648913795,0.0009262790589672808,0.0010315263648913795
4,0.0,110,0.0724409644934665,0.0010416967166447374,0.0009650196988538426,0.0010416967166447374
4,0.0,111,0.07288384347793606,0.0010508970789978194,0.0009530846685151843,0.0010508970789978194
4,0.0,112,0.07319834479585349,0.001066061538470809,0.000935051248088643,0.001066061538470809
4,0.0,113,0.0733914026071611,0.0010610642040930847,0.0010213066775750742,0.0010610642040930847
4,0.0,114,0.07388293819927627,0.0010667500098290024,0.00106472707930392,0.0010667500098290024
4,0.0,115,0.0739187538187775,0.001075725302834093,0.0010043280354421803,0.001075725302834093
4,0.0,116,0.07416724757277167,0.0010923489401601526,0.0009951751169095025,0.0010923489401601526
4,0.0,117,0.07456931426392031,0.0010975406145248626,0.0009889110971642958,0.0010975406145248626
4,0.0,118,0.07462980050358006,0.0011158058884151855,0.001022298348135131,0.0011158058884151855
4,0.0,119,0.07451108994160748,0.0011166825598487619,0.0009589823219764442,0.0011166825598487619
4,0.0,120,0.07473960703965643,0.0011194096637201136,0.0010151023212616997,0.0011194096637201136
4,0.0,121,0.07498105972282902,0.0011225428315684933,0.0010487511318037692,0.0011225428315684933
4,0.0,122,0.07524593661766558,0.0011203744761120985,0.0009572589718435493,0.0011203744761120985
4,0.0,123,0.075790145353589,0.0011348585551318646,0.0010107465229591084,0.0011348585551318646
4,0.0,124,0.07606143003210224,0.0011420514001977244,0.0010701622494761827,0.0011420514001977244
4,0.0,125,0.07618743589569293,0.0011330860959273944,0.0010280395041575435,0.0011330860959273944
4,0.0,126,0.0767026775938101,0.0011374168185846573,0.001050418041160155,0.0011374168185846573
4,0.0,127,0.07668046669906176,0.0011405816481382597,0.0010406397584332612,0.0011405816481382597
4,0.0,128,0.07666843389737836,0.0011260775974768025,0.0009524841569484376,0.0011260775974768025
4,0.0,129,0.0767588405670429,0.0011353577839177734,0.0009835250399375254,0.0011353577839177734
4,0.0,130,0.07669365617782758,0.0011467840444377199,0.001035329466306123,0.0011467840444377199
4,0.0,131,0.07707034589215625,0.0011409933613079277,0.0010900474005876993,0.0011409933613079277
4,0.0,132,0.07696659131035408,0.0011432546817856154,0.001124010454733949,0.0011432546817856154
4,0.0,133,0.07738662249967629,0.0011721411498342629,0.0011427272276875499,0.0011721411498342629
4,0.0,134,0.07748773431574059,0.0011723032945823739,0.0011333607645298196,0.0011723032945823739
4,0.0,135,0.07753224869514536,0.0011729419580663984,0.0010564155473572168,0.0011729419580663984
4,0.0,136,0.07773511089411858,0.0011667345358375727,0.0010991742881742666,0.0011667345358375727
4,0.0,137,0.07795555506693863,0.001164517078245263,0.0010776522600081547,0.001164517078245263
4,0.0,138,0.07793298140733337,0.001161680715334466,0.0010575883646240674,0.001161680715334466
4,0.0,139,0.07786764035183137,0.0011622172919015495,0.0010703650148197593,0.0011622172919015495
4,0.0,140,0.07804503284801115,0.0011769696148971134,0.0010933572229863478,0.0011769696148971134
4,0.0,141,0.07806534334621276,0.0011818989400850454,0.0011183720419881595,0.0011818989400850454
4,0.0,142,0.07843333109302546,0.0011847893654100864,0.001089638706712058,0.0011847893654100864
4,0.0,143,0.07817986632282807,0.0011642697244236778,0.001099270561293294,0.0011642697244236778
4,0.0,144,0.07839529934189562,0.0011713139000837462,0.0011268945654064034,0.0011713139000837462
4,0.0,145,0.07832410320606778,0.001182591713208505,0.0011385466189067527,0.001182591713208505
4,0.0,146,0.0782673967988297,0.0011821629011991557,0.0011249426397594473,0.0011821629011991557
4,0.0,147,0.07849579315106751,0.001193728297740114,0.0011817982585028992,0.001193728297740114
4,0.0,148,0.07899610146180591,0.0011908355715407398,0.001188538982052021,0.0011908355715407398
4,0.0,149,0.07888731100601973,0.001208158918209217,0.001208158918209217,0.0011999025782532659
4,0.0,150,0.07897415925125771,0.001235181804045524,0.001235181804045524,0.0011993831939710292
4,0.0,151,0.07908506815992859,0.0012159433507081552,0.0012159433507081552,0.001211803837468441
4,0.0,152,0.0792131656023764,0.0012210335839190603,0.0011953274992974935,0.0012210335839190603
4,0.0,153,0.07918049475445557,0.0012220809378502438,0.0011858290212037634,0.0012220809378502438
4,0.0,154,0.07909771507110787,0.0012234433964852084,0.0012234433964852087,0.0012170183949958167
4,0.0,155,0.07944478233002733,0.001279175731823417,0.0012791757318234168,0.0012358733370647934
4,0.0,156,0.07971275212608472,0.0012454431373173892,0.001240487108485287,0.0012454431373173892
4,0.0,157,0.07960068673594407,0.0012750049903537358,0.001275004990353736,0.001233521195063576
4,0.0,158,0.07925397728393031,0.0012251222535608482,0.0011874073147390308,0.0012251222535608482
4,0.0,159,0.07933340227201827,0.0012287172103181744,0.0012154286791626985,0.0012287172103181744
4,0.0,160,0.07942839216168267,0.0012485214720845661,0.0012485214720845661,0.0012257139753172352
4,0.0,161,0.0797200031934162,0.0012342797782178162,0.0012340594969478492,0.0012342797782178162
4,0.0,162,0.0798895905457753,0.001308748522709216,0.001308748522709216,0.0012302965524360692
4,0.0,163,0.08008658827935197,0.001347758483592743,0.001347758483592743,0.0012287542392480921
4,0.0,164,0.08010710948579666,0.0012824705738129862,0.001282470573812986,0.0012244547149765257
4,0.0,165,0.08018053185971329,0.001286206824125655,0.001286206824125655,0.0012379595128321416
4,0.0,166,0.08035806546349218,0.0013537242767916685,0.0013537242767916687,0.0012474422214833916
4,0.0,167,0.08042957996947027,0.0012937506665047956,0.0012937506665047956,0.0012533543249758404
4,0.0,168,0.08003054117648213,0.0012692908642139725,0.0012692908642139725,0.0012595131289052373
4,0.0,169,0.08034944967132243,0.0013147954541088771,0.0013147954541088771,0.001279492112240606
4,0.0,170,0.08094428892236988,0.0012928840681524292,0.0012605130674064637,0.0012928840681524292
4,0.0,171,0.08116295977696557,0.0013187464692503387,0.0013187464692503387,0.0012998882154893652
4,0.0,172,0.08153409253975513,0.001371416937354697,0.0013714169373546972,0.0013032971202669682
4,0.0,173,0.08155967998700185,0.0013818286525948934,0.0013818286525948934,0.0013007739071889813
4,0.0,174,0.08155721197473446,0.00137937323924767,0.0013793732392476702,0.001292679405870027
4,0.0,175,0.08169634185508724,0.0012805107164137334,0.0012805107164137334,0.0012689360566613408
4,0.0,176,0.08188001094717537,0.0012657973519384596,0.0012155320087991967,0.0012657973519384596
4,0.0,177,0.08156367336961438,0.0012656668341631161,0.0012212479187761736,0.0012656668341631161
4,0.0,178,0.0815364421274703,0.0012689316642523758,0.0011807740468369088,0.0012689316642523758
4,0.0,179,0.08163698734997689,0.001272379777326458,0.001153206584151881,0.001272379777326458
4,0.0,180,0.08227219071881177,0.001293533417761588,0.0011266604100479546,0.001293533417761588
4,0.0,181,0.08210746217460102,0.0012913592032170937,0.001142266292295128,0.0012913592032170937
4,0.0,182,0.08231223538479068,0.001304902448154998,0.001174395879047837,0.001304902448154998
4,0.0,183,0.0824485796969992,0.0013065333339421737,0.0011239642448911194,0.0013065333339421737
4,0.0,184,0.08292100534124552,0.0013164262289514284,0.0011257542705084896,0.0013164262289514284
4,0.0,185,0.08293825207017963,0.0013198762596432284,0.001113753443546319,0.0013198762596432284
4,0.0,186,0.08301151221837685,0.0013118930577053463,0.0011616136179260616,0.0013118930577053463
4,0.0,187,0.08307466260830718,0.0013183181484421934,0.0012013085502101284,0.0013183181484421934
4,0.0,188,0.08341011495384981,0.001336148540707678,0.0012501449176010545,0.001336148540707678
4,0.0,189,0.0839088442131868,0.0013512799216559364,0.0012682599571537995,0.0013512799216559364
4,0.0,190,0.08346915244532625,0.0013358690883322512,0.0012389003520319104,0.0013358690883322512
4,0.0,191,0.08391383166190584,0.0013384751766434258,0.001200054934793335,0.0013384751766434258
4,0.0,192,0.08381308727204088,0.0013342217508339016,0.0012214871541130676,0.0013342217508339016
4,0.0,193,0.08403608257451455,0.0013369517517990478,0.0012905865183127313,0.0013369517517990478
4,0.0,194,0.0839390067222859,0.0013401741011600762,0.0013379771995228296,0.0013401741011600762
4,0.0,195,0.08403571885660134,0.0014213430085767895,0.0014213430085767895,0.0013460967889321017
4,0.0,196,0.08400363932917494,0.0014572176634151607,0.0014572176634151605,0.001347585657583022
4,0.0,197,0.0840982163041784,0.0015622224649920584,0.0015622224649920584,0.0013497605504762416
4,0.0,198,0.08448681695429064,0.0015437271735155489,0.0015437271735155489,0.0013487625784936825
4,0.0,199,0.08483138771966962,0.0015543140286439104,0.0015543140286439106,0.0013529013617166147
4,0.0,200,0.08494241143856511,0.0015605010006132889,0.0015605010006132889,0.0013699935067160152
4,0.0,201,0.08497803390693252,0.0015404952979533979,0.0015404952979533979,0.00138381133663582
4,0.0,202,0.08522156703143491,0.0015462361465143262,0.0015462361465143264,0.0013959654459069024
4,0.0,203,0.08511915571633627,0.0014989464443008276,0.0014989464443008276,0.0013834550531797304
4,0.0,204,0.08506582297526681,0.001430134301194438,0.001430134301194438,0.0013738913369030898
4,0.0,205,0.08488643391268175,0.0014741374624779916,0.0014741374624779916,0.0013801766953372627
4,0.0,206,0.08482163027471645,0.0014284124965626825,0.0014284124965626827,0.0013736106720809048
4,0.0,207,0.08493610581312609,0.0014272686015833517,0.0014272686015833517,0.0013804087104475355
4,0.0,208,0.08436460074552907,0.0014077147830297062,0.0014077147830297064,0.0013749414720730273
4,0.0,209,0.08469979548624607,0.001409129630261946,0.001409129630261946,0.0013670838779251359
4,0.0,210,0.08509428794204221,0.0014562244465319456,0.0014562244465319456,0.0013877823338556293
4,0.0,211,0.08546073416510701,0.0014807372461170013,0.0014807372461170013,0.0013913603662353414
4,0.0,212,0.08544563305061376,0.0014949114197002006,0.0014949114197002006,0.0014094850843280283
4,0.0,213,0.08558243996443254,0.0014182062365887134,0.0014125859847324074,0.0014182062365887134
4,0.0,214,0.08549875627208864,0.0014204391992085686,0.0014127256811422022,0.0014204391992085686
4,0.0,215,0.08564355402483749,0.001493016258870316,0.0014930162588703158,0.0014302659923961646
4,0.0,216,0.08529028356272937,0.0015044794375222534,0.0015044794375222536,0.0014120731449990252
4,0.0,217,0.08511144112908832,0.0014984913252818549,0.001498491325281855,0.0014182553972387382
4,0.0,218,0.08520548493115408,0.0014845820029054458,0.001484582002905446,0.0014253372898295894
4,0.0,219,0.08574972436842354,0.0015022712476047333,0.0015022712476047335,0.0014188975706677608
4,0.0,220,0.08580365726862164,0.0014152698733901747,0.0014152698733901747,0.00141394796740877
4,0.0,221,0.08618463196608844,0.0014427437371093742,0.0013894603222803792,0.0014427437371093742
4,0.0,222,0.08629390382132462,0.001444573706873741,0.001444573706873741,0.0014365521748244642
4,0.0,223,0.0862550738187971,0.0014886084956494997,0.0014886084956494997,0.001432411339079252
4,0.0,224,0.08635682782776367,0.0015570889986315408,0.0015570889986315408,0.001411270100211323
4,0.0,225,0.0866013840248288,0.001541657559627073,0.001541657559627073,0.001414885123847425
4,0.0,226,0.08655826936062386,0.0016034327200828483,0.001603432720082848,0.001424753331255081
4,0.0,227,0.08651583259880943,0.0016006987065209867,0.0016006987065209865,0.0014600219352296142
4,0.0,228,0.08633991065265703,0.001546129363829501,0.0015461293638295009,0.0014481266720595793
4,0.0,229,0.08643551182480172,0.001550791997936264,0.0015507919979362642,0.0014552594332234781
4,0.0,230,0.08684192672618189,0.0015160068417818548,0.0015160068417818548,0.0014629538578117562
4,0.0,231,0.08736495188681408,0.0015527162950010386,0.0015527162950010383,0.0014746580361182017
4,0.0,232,0.08720946702532771,0.0015216814187545525,0.0015216814187545525,0.001467870361177802
4,0.0,233,0.08789566050231477,0.0015988511760789287,0.0015988511760789284,0.001484675307110833
4,0.0,234,0.08774489176748741,0.0016094060316717246,0.0016094060316717243,0.0014634326117542887
4,0.0,235,0.08761499383085206,0.0015966964362696175,0.0015966964362696178,0.0014510235140344073
4,0.0,236,0.08748888992332556,0.001615547169403107,0.001615547169403107,0.0014301909922866886
4,0.0,237,0.08742315643815493,0.001582423561811762,0.001582423561811762,0.0014309893804815008
4,0.0,238,0.08736971510357804,0.0015584582361247452,0.0015584582361247452,0.0014226487853659679
4,0.0,239,0.08743718266371678,0.0015616324203380498,0.00156163242033805,0.0014270548301787609
4,0.0,240,0.08754896825933355,0.0015675905635170618,0.0015675905635170618,0.001449713267476847
4,0.0,241,0.08751523494588105,0.0014512474381887567,0.0014417213921169491,0.0014512474381887567
4,0.0,242,0.08775509472182261,0.001565008438241978,0.001565008438241978,0.0014892810054154282
4,0.0,243,0.0874188206547722,0.001557724765855224,0.001557724765855224,0.0014907345026084322
4,0.0,244,0.08777466430162925,0.0015617219897584608,0.0015617219897584608,0.0015092176296735982
4,0.0,245,0.08806920526552157,0.001517932156412518,0.001517932156412518,0.001504729687171597
4,0.0,246,0.08803566147400768,0.001513677633546482,0.001513677633546482,0.001512838317457435
4,0.0,247,0.08853819113806333,0.001529540270435884,0.001529540270435884,0.0015284754128333676
4,0.0,248,0.08871132116706905,0.0015709558970399245,0.0015709558970399245,0.0015452259931661829
4,0.0,249,0.08900869662411345,0.001565097386926957,0.0015650973869269572,0.0015379527976999302
4,0.0,250,0.0889344037311886,0.0015481342958314184,0.0015314098534804398,0.0015481342958314184
4,0.0,251,0.08869884980482598,0.0015466260271777158,0.0015166022213579896,0.0015466260271777158
4,0.0,252,0.08876516724359583,0.0015531826950726884,0.0015139994838595096,0.0015531826950726884
4,0.0,253,0.08912520331384184,0.001609366899472719,0.001609366899472719,0.0015583839196437472
4,0.0,254,0.0892934654950392,0.0016087019763557698,0.00160870197635577,0.0015566272092149126
4,0.0,255,0.08887949399661957,0.0015864089851960995,0.0015864089851960995,0.001539607733840689
4,0.0,256,0.08916212589557974,0.0015797437788989635,0.0015797437788989633,0.0015301768261305419
4,0.0,257,0.08944789752086456,0.0016487112662830073,0.0016487112662830073,0.0015316785698940181
4,0.0,258,0.08973937442911967,0.0016750518133938084,0.0016750518133938084,0.0015349656580508813
4,0.0,259,0.08971665274967643,0.0016569959140508917,0.001656995914050892,0.0015576704795320655
4,0.0,260,0.08976514727985968,0.001681485912131222,0.0016814859121312218,0.0015577573275030992
4,0.0,261,0.09027853692477054,0.001665980499957601,0.001665980499957601,0.001573208107654519
4,0.0,262,0.09061680689661997,0.001694467507398948,0.001694467507398948,0.0015889569285633077
4,0.0,263,0.09045882244744634,0.0016639058092045734,0.0016639058092045734,0.0015774716823017702
4,0.0,264,0.09024882662305124,0.001717844934926382,0.001717844934926382,0.0015717712045075244
4,0.0,265,0.0901267276424611,0.001723644334725914,0.0017236443347259137,0.0015660746901719142
4,0.0,266,0.09047198079156259,0.0017563372690099634,0.0017563372690099636,0.001583664717401589
4,0.0,267,0.09055358905939362,0.0017297719765806078,0.0017297719765806078,0.001599386814458016
4,0.0,268,0.0907989215566336,0.001757665940643057,0.001757665940643057,0.0016105669436546361
4,0.0,269,0.09070428472745294,0.0017627670974342498,0.0017627670974342498,0.0016150607464759104
4,0.0,270,0.0906464174371969,0.0017818354360157238,0.001781835436015724,0.0016251260424542165
4,0.0,271,0.09092494247100967,0.0017637433794146205,0.0017637433794146203,0.001628031530520978
4,0.0,272,0.09119994614723992,0.0017809135957776267,0.0017809135957776267,0.0016343852409431766
4,0.0,273,0.09130328700292259,0.0018055223574809907,0.0018055223574809905,0.0016347510570384081
4,0.0,274,0.09146891587626602,0.0017669263155987598,0.0017669263155987598,0.0016165350871486578
4,0.0,275,0.09168935265583136,0.0017602498403871615,0.0017602498403871617,0.001622921031893177
4,0.0,276,0.09192332395230209,0.0017480310572908237,0.0017480310572908237,0.0016133483446205254
4,0.0,277,0.09171127979702884,0.0017915859458801679,0.0017915859458801679,0.0016069359088057413
4,0.0,278,0.09196253922134878,0.0017534641261764431,0.0017534641261764431,0.0016218747475437087
4,0.0,279,0.0918210833867893,0.0017843031972615653,0.0017843031972615653,0.0016352031726192008
4,0.0,280,0.09147601398317089,0.001818881250654965,0.001818881250654965,0.0016207023209719497
4,0.0,281,0.09159693681983956,0.0018240664559447445,0.0018240664559447445,0.0016206335775146112
4,0.0,282,0.0918732762872104,0.00185117500814706,0.00185117500814706,0.001614129295144241
4,0.0,283,0.09189537694413769,0.001877338905197203,0.0018773389051972029,0.001615201053091517
4,0.0,284,0.09196138289703713,0.001954023807270292,0.001954023807270292,0.0016254167289539456
4,0.0,285,0.09222917394165607,0.0019436239644249188,0.0019436239644249186,0.0016270797661550253
4,0.0,286,0.09241670828136858,0.00198150896372531,0.0019815089637253095,0.0016280746151864382
4,0.0,287,0.092583005405069,0.00197818062791627,0.0019781806279162706,0.0016346472343061677
4,0.0,288,0.0931376576719995,0.0020166026452792096,0.0020166026452792096,0.0016476381799155454
4,0.0,289,0.09332200766630454,0.0020688696455836942,0.0020688696455836942,0.0016485036798680327
4,0.0,290,0.09342172408973487,0.002078900670420298,0.002078900670420298,0.0016622269077533225
4,0.0,291,0.09343965490103125,0.0019878812373705307,0.001987881237370531,0.0016538927005469355
4,0.0,292,0.09341206366265911,0.001949571520424019,0.001949571520424019,0.0016516589731255821
4,0.0,293,0.09337733700492107,0.001966589525791145,0.001966589525791145,0.001641684080320558
4,0.0,294,0.09338781496152747,0.001935257447963501,0.001935257447963501,0.00166538897878249
4,0.0,295,0.09347325340135841,0.0019470053899733003,0.0019470053899733003,0.0016635373355419058
4,0.0,296,0.09358455059514607,0.0019372792846940408,0.0019372792846940408,0.0016402940044264829
4,0.0,297,0.09335572005830492,0.001979211785932907,0.001979211785932907,0.0016570530577742762
4,0.0,298,0.0934315238628445,0.0019998630094517356,0.0019998630094517356,0.0016390245286353304
4,0.0,299,0.09367672814030072,0.001986592025229096,0.001986592025229096,0.0016408343379340884
4,0.0,300,0.09397330585430777,0.0019786125082092137,0.0019786125082092137,0.0016522309536074014
4,0.0,301,0.09386356942917164,0.001938814492049146,0.001938814492049146,0.0016623849551945249
4,0.0,302,0.0935906722002188,0.0019370365715570272,0.0019370365715570272,0.0016500407546455465
4,0.0,303,0.09374961998711805,0.0019400023364785268,0.001940002336478527,0.0016485800756550978
4,0.0,304,0.09390226260548797,0.001910339367409944,0.0019103393674099443,0.00166947688652789
4,0.0,305,0.09412668019857878,0.0018863351223825102,0.0018863351223825104,0.0016544452301190187
4,0.0,306,0.0940031909921959,0.0018621425599001631,0.0018621425599001631,0.0016676982191292165
4,0.0,307,0.09443688942737069,0.0018997355587275647,0.0018997355587275647,0.0016736978705843538
4,0.0,308,0.09463355572086914,0.001920665252543098,0.001920665252543098,0.001673804415084564
4,0.0,309,0.09492550945790859,0.002010736542482652,0.002010736542482652,0.0016907115163720472
4,0.0,310,0.09466797754363883,0.0020186825881667175,0.0020186825881667175,0.0016937752471281966
4,0.0,311,0.0947970441056003,0.0020009272029514764,0.002000927202951477,0.001702443303501928
4,0.0,312,0.09500977823119192,0.0020729777187262185,0.0020729777187262185,0.0016779622295603203
4,0.0,313,0.09507109054665758,0.002072671614526864,0.002072671614526864,0.0016559135094573046
4,0.0,314,0.09511171860953688,0.0020409457594709334,0.002040945759470934,0.0016658935437334776
4,0.0,315,0.09485260669409103,0.0020485923182688892,0.0020485923182688892,0.001660019457089652
4,0.0,316,0.0946672383185066,0.0020607031413903396,0.0020607031413903396,0.0016694551258804376
4,0.0,317,0.09469533665871338,0.0019346813336910897,0.0019346813336910897,0.0016407895363815966
4,0.0,318,0.09463294967835793,0.0019092777859573019,0.0019092777859573019,0.0016332645065133692
4,0.0,319,0.09467933921623704,0.0018572684570074033,0.0018572684570074033,0.0016273208334688872
4,0.0,320,0.09439532544644817,0.0018611767089787494,0.0018611767089787492,0.0016286781839361982
4,0.0,321,0.09448226935276005,0.0018595988721369105,0.0018595988721369105,0.001626264400036158
4,0.0,322,0.09473861414413581,0.0019160835753314106,0.0019160835753314104,0.001646044219711111
4,0.0,323,0.09463685531531893,0.001959482778847437,0.001959482778847437,0.0016591084853610565
4,0.0,324,0.09489665035523406,0.001971203220347857,0.0019712032203478566,0.0016600292797785384
4,0.0,325,0.09513501054011404,0.0019754059519443787,0.0019754059519443787,0.001658242735055925
4,0.0,326,0.09515732167593931,0.0019389744288882676,0.0019389744288882673,0.0016553943593428605
4,0.0,327,0.09504611160097125,0.001898901412686939,0.0018989014126869392,0.0016401467393238345
4,0.0,328,0.09532972011326903,0.0018912781937435357,0.0018912781937435357,0.0016410584835446235
4,0.0,329,0.09544891988153863,0.0018502172710269764,0.0018502172710269762,0.0016516670560857598
4,0.0,330,0.09563445596662198,0.0018885158844105686,0.0018885158844105686,0.0016496234028293547
4,0.0,331,0.09549212819993654,0.0018681070171037064,0.0018681070171037064,0.0016486692585066488
4,0.0,332,0.09604057953600235,0.0018539601327726097,0.00185396013277261,0.0016445213098478263
4,0.0,333,0.0959407731215895,0.0019046176719874294,0.0019046176719874294,0.0016546293352544554
4,0.0,334,0.09627699067214815,0.0019281224114460816,0.0019281224114460816,0.001650153423117186
4,0.0,335,0.09649086568389473,0.0020329603836464014,0.0020329603836464014,0.0016658722957399491
4,0.0,336,0.09666091367464853,0.002070228349717445,0.002070228349717445,0.0016755220915576545
4,0.0,337,0.09659688768816733,0.002024484779040483,0.002024484779040483,0.001664973981366721
4,0.0,338,0.09656210182397523,0.0019729195642391706,0.0019729195642391706,0.0016695180022114756
4,0.0,339,0.09659423320604091,0.001967909984886592,0.001967909984886592,0.0016844874079417994
4,0.0,340,0.0967250853068092,0.001957600084184341,0.0019576000841843404,0.0016773953944842208
4,0.0,341,0.09677655545413479,0.0019515130024135988,0.0019515130024135988,0.001670901558974599
4,0.0,342,0.09643970961619708,0.001900615223065689,0.001900615223065689,0.0016686336386198591
4,0.0,343,0.0960277587357686,0.0018283845370764373,0.0018283845370764373,0.0016520070509249178
4,0.0,344,0.0960329527219946,0.0019208574836873337,0.0019208574836873339,0.001653808943347374
4,0.0,345,0.09603498690279805,0.001947085409922117,0.0019470854099221172,0.0016579458179595257
4,0.0,346,0.09615600127508467,0.002000310121603692,0.0020003101216036915,0.0016542224955924565
4,0.0,347,0.09674534676693666,0.0019796370160780922,0.0019796370160780922,0.0016831518865065768
4,0.0,348,0.09639440389646857,0.001986057937840649,0.001986057937840649,0.0016798446698121597
4,0.0,349,0.09647150708313411,0.0019528367652021114,0.0019528367652021114,0.0016982388419869538
4,0.0,350,0.09674878553503266,0.001997753860962412,0.0019977538609624117,0.0017151961401706667
4,0.0,351,0.09756767183715194,0.002021057211436624,0.002021057211436624,0.0017337028666193975
4,0.0,352,0.09773497727542023,0.002038776181921573,0.002038776181921573,0.0017313130263829177
4,0.0,353,0.09757611505474802,0.002103905735128819,0.002103905735128819,0.001730071662438374
4,0.0,354,0.09714653790230396,0.002040876750360081,0.002040876750360081,0.001723999001804569
4,0.0,355,0.09687350993301774,0.0020451635028240103,0.0020451635028240103,0.0017313176220037263
4,0.0,356,0.09684435436122651,0.002026156834058316,0.0020261568340583158,0.0017408820280806184
4,0.0,357,0.09714735407064228,0.002026462565638122,0.002026462565638122,0.001718816980469067
4,0.0,358,0.09686084033469924,0.0020414702936986033,0.0020414702936986033,0.0017130735320231342
4,0.0,359,0.09648722091395126,0.002002456311090798,0.0020024563110907986,0.0017176551363908398
4,0.0,360,0.09642813776129593,0.0019698840890849823,0.0019698840890849823,0.0016992675295535349
4,0.0,361,0.09653109476956875,0.0019599430272956775,0.0019599430272956775,0.0017085116777054714
4,0.0,362,0.0967816444098073,0.001988309941750152,0.001988309941750152,0.0017196693840256306
4,0.0,363,0.09744860001060045,0.0019624622728641144,0.0019624622728641144,0.0017423024602504398
4,0.0,364,0.09759612511149013,0.0020193252814711088,0.0020193252814711088,0.0017633731899469583
4,0.0,365,0.09766087495784577,0.001973271685481117,0.001973271685481117,0.0017427681467575558
4,0.0,366,0.09736690646430933,0.0019741303931343534,0.0019741303931343534,0.001731137736852905
4,0.0,367,0.09751780036921197,0.0019244049917702798,0.0019244049917702798,0.0017572501070472705
4,0.0,368,0.09765956395640871,0.0019264641814853859,0.001926464181485386,0.001759423182614068
4,0.0,369,0.09754065375735602,0.001916195176239314,0.001916195176239314,0.0017572369540667578
4,0.0,370,0.09710618697193237,0.0018774377629576645,0.0018774377629576645,0.0017520311358466382
4,0.0,371,0.09697567305479281,0.0018911279762536704,0.0018911279762536706,0.0017407696874684414
4,0.0,372,0.09712305184630075,0.0019337259309235551,0.0019337259309235553,0.001749731656826985
4,0.0,373,0.09724497281991511,0.0019366492628734814,0.0019366492628734814,0.0017738318174901197
4,0.0,374,0.09757269800898218,0.0019767031468257224,0.001976703146825722,0.0017725796419909912
4,0.0,375,0.09754516856942014,0.002037028515141752,0.002037028515141752,0.0017688022629099953
4,0.0,376,0.0981043485170094,0.0020256297664899415,0.0020256297664899415,0.0017772976980785491
4,0.0,377,0.09772101446798366,0.0019945807087124994,0.0019945807087124994,0.0017739802724241374
4,0.0,378,0.09748845137916402,0.0018982003125139909,0.0018982003125139909,0.0017740486151219534
4,0.0,379,0.09732833319093519,0.001962265999681088,0.0019622659996810883,0.0017598214258924766
4,0.0,380,0.09743316062189258,0.0019301950224250154,0.0019301950224250152,0.001752182674887914
4,0.0,381,0.09696717846333083,0.0019349041146709128,0.0019349041146709126,0.0017397125335809956
4,0.0,382,0.09729991505471744,0.0019391168059587959,0.0019391168059587959,0.0017571178698119153
4,0.0,383,0.0974515712758508,0.0019502456861552775,0.0019502456861552775,0.0017722360539538407
4,0.0,384,0.0973706903069028,0.0018548278104592553,0.0018548278104592553,0.0017672551108021167
4,0.0,385,0.09715694434785602,0.0018367262319823982,0.0018367262319823982,0.0017549805115081069
4,0.0,386,0.09755353319547191,0.0019183074970193182,0.0019183074970193182,0.0017831399236130268
4,0.0,387,0.09734849191750364,0.001886220733147653,0.0018862207331476531,0.0017605855591123376
4,0.0,388,0.09791275394590014,0.001914766062219955,0.001914766062219955,0.0017866872508803461
4,0.0,389,0.09808454349402757,0.0019192732029030147,0.0019192732029030147,0.0017881375562352985
4,0.0,390,0.09798340245424421,0.0018562464866047454,0.0018562464866047456,0.0017677822392873743
4,0.0,391,0.0978456594242741,0.0019311794219031926,0.0019311794219031926,0.0017569674919042512
4,0.0,392,0.09805068623005492,0.002030647640558417,0.0020306476405584175,0.001765805827266377
4,0.0,393,0.09816580141367699,0.0019669295830228193,0.0019669295830228198,0.0017709854015868945
4,0.0,394,0.09802558804131761,0.001928206234417583,0.001928206234417583,0.00175481649011259
4,0.0,395,0.09804387133861267,0.001901615321080258,0.001901615321080258,0.0017604749644861207
4,0.0,396,0.09798453677135699,0.0019234604317076482,0.0019234604317076482,0.0017619777407027089
4,0.0,397,0.0980352694156352,0.0019078701761694994,0.0019078701761694994,0.0017652038246864798
4,0.0,398,0.09818500558523101,0.0019398485276876098,0.0019398485276876098,0.001753312378512925
4,0.0,399,0.09784837642034123,0.0019758923315882472,0.0019758923315882472,0.0017582076029464921
4,0.0,400,0.0977646761410523,0.002010545002705069,0.0020105450027050695,0.0017601214696441735
4,0.0,401,0.09814697767497543,0.0019732875598448417,0.0019732875598448417,0.001774497675969223
4,0.0,402,0.09834452620427037,0.0019360897866213512,0.0019360897866213512,0.0017759891951859576
4,0.0,403,0.09824698707175925,0.0020588251718087,0.0020588251718087,0.0017992082139538209
4,0.0,404,0.09826553510515515,0.0020688721253962644,0.0020688721253962644,0.0017953029012171906
4,0.0,405,0.09843162833295623,0.002139230765467501,0.002139230765467501,0.0017852335746252215
4,0.0,406,0.09850996681678484,0.0020649008896708302,0.0020649008896708302,0.0018004482107316269
4,0.0,407,0.0989934673357072,0.0020369505368621477,0.0020369505368621477,0.0017973558561415047
4,0.0,408,0.09912940918607088,0.002121170793478114,0.002121170793478114,0.001801553010132004
4,0.0,409,0.09940505051881039,0.0021473958517598045,0.002147395851759805,0.0018098116838754514
4,0.0,410,0.09973631619569616,0.00224248346113145,0.00224248346113145,0.0018068436911147132
4,0.0,411,0.09982940254220396,0.002263982087471621,0.0022639820874716205,0.0018087736687476504
4,0.0,412,0.09984100035527758,0.0022671899205520623,0.0022671899205520623,0.0018036156151362013
4,0.0,413,0.0996743104240727,0.0022188264230770323,0.0022188264230770323,0.0017904283700629455
4,0.0,414,0.100038058432218,0.0021746004631524535,0.0021746004631524535,0.0017961119091124056
4,0.0,415,0.10010399337596348,0.0022063906316753435,0.0022063906316753435,0.0017958502022116917
4,0.0,416,0.10038699076249487,0.0022135381037196727,0.002213538103719673,0.0018170869199691654
4,0.0,417,0.10022265300881954,0.0021629345705497524,0.0021629345705497524,0.0018225333569545624
4,0.0,418,0.1001394848165223,0.0021517549415714715,0.0021517549415714715,0.0018102537292062225
4,0.0,419,0.10034542182855496,0.002209392670230134,0.002209392670230134,0.0018038569909369525
4,0.0,420,0.10002285839132087,0.0021523657033959355,0.0021523657033959355,0.0017984754553334841
4,0.0,421,0.0998006185944951,0.002086648419494755,0.0020866484194947544,0.0018034109449946924
4,0.0,422,0.09982575743647369,0.0021304449048336472,0.0021304449048336472,0.0018146688928895765
4,0.0,423,0.09968568438893383,0.002131042389009085,0.002131042389009085,0.0018312717703917604
4,0.0,424,0.10000341252298739,0.0021039542841541094,0.0021039542841541094,0.001831924373246857
4,0.0,425,0.09985908648100013,0.002030280023616062,0.002030280023616062,0.0018182643998664971
4,0.0,426,0.09947985730787308,0.002021786737913793,0.002021786737913793,0.0018062067922438479
4,0.0,427,0.099468195817446,0.002000049577958225,0.002000049577958225,0.001810472461465671
4,0.0,428,0.0994761823763655,0.001957991027349401,0.001957991027349401,0.0018300426175085855
4,0.0,429,0.09996698052292724,0.0019597237077805725,0.0019597237077805725,0.0018341491418472236
4,0.0,430,0.09967719983807273,0.0019865475851213914,0.0019865475851213914,0.0018182971038991245
4,0.0,431,0.09961223726199366,0.0020323586811332424,0.0020323586811332424,0.0018389386357852374
4,0.0,432,0.09950799288946224,0.002041212474474784,0.002041212474474784,0.0018210498803734113
4,0.0,433,0.09990569878432544,0.0020444030015930987,0.0020444030015930987,0.001836798710459501
4,0.0,434,0.10015492689671047,0.001982835097941249,0.001982835097941249,0.0018521504752335226
4,0.0,435,0.09984745947896369,0.0018658375161901717,0.0018658375161901717,0.0018266277722629172
4,0.0,436,0.09995139653968867,0.001850995811172279,0.0018509958111722787,0.0018351483703397732
4,0.0,437,0.0999001604759703,0.001882187006462076,0.0018821870064620761,0.0018363753102500194
4,0.0,438,0.09982611860714519,0.0018596245469099542,0.001859624546909954,0.0018260587335286798
4,0.0,439,0.09991390322194901,0.0018369907621517746,0.0018369907621517744,0.0018276019208620865
4,0.0,440,0.09960942793363434,0.0018251472733325923,0.0017640106882656217,0.0018251472733325923
4,0.0,441,0.09943434121475385,0.0018312501507842544,0.0018312501507842544,0.0018291505928529329
4,0.0,442,0.09988781807435429,0.0018673086414731717,0.0018673086414731717,0.001830876615975497
4,0.0,443,0.10011066476792391,0.0018464128807296992,0.0018464128807296992,0.0018391558535483202
4,0.0,444,0.10017280333089398,0.0018700888023198152,0.0018700888023198152,0.0018568468622861044
4,0.0,445,0.0998328006277366,0.001950314997818973,0.001950314997818973,0.0018327124002199618
4,0.0,446,0.09999374622744542,0.0019099601601007766,0.0019099601601007764,0.001828568241891836
4,0.0,447,0.10044703786660428,0.0019341587939032407,0.0019341587939032405,0.0018378132385423857
4,0.0,448,0.10052615586806625,0.0019801313781926165,0.0019801313781926165,0.0018337700180485216
4,0.0,449,0.10037689572897328,0.0020138408214607465,0.002013840821460746,0.001804899472078999
4,0.0,450,0.10051660117338117,0.002080319068697359,0.002080319068697359,0.00180770245026736
4,0.0,451,0.100108043921838,0.0020442095605288885,0.002044209560528888,0.0018091686677114906
4,0.0,452,0.10024054234493435,0.002038503151893331,0.002038503151893331,0.0018171661804938623
4,0.0,453,0.10020712519151792,0.002063557109774321,0.002063557109774321,0.00180724947276117
4,0.0,454,0.10026376371427076,0.002093639704131571,0.002093639704131571,0.0018023225801132368
4,0.0,455,0.10021046488952848,0.0021233691978918365,0.0021233691978918365,0.0018136581320950332
4,0.0,456,0.1006890158674968,0.00218157709268425,0.00218157709268425,0.0018323621050637276
4,0.0,457,0.1009143155436683,0.0022126836299797403,0.0022126836299797403,0.0018543388140456957
4,0.0,458,0.1009011426390216,0.002202226639293158,0.002202226639293158,0.0018558096391223648
4,0.0,459,0.10063711386706231,0.002227707840276344,0.002227707840276344,0.0018412589826812536
4,0.0,460,0.1007533794138779,0.002250758514103473,0.002250758514103473,0.0018389390853351404
4,0.0,461,0.1004080627703377,0.0022761255281923895,0.0022761255281923895,0.001825742955661521
4,0.0,462,0.10057469530596307,0.0021981367949705723,0.0021981367949705723,0.0018332182251802665
4,0.0,463,0.10069494697742574,0.0022583125832472645,0.0022583125832472645,0.0018251771605424087
4,0.0,464,0.10078834233163599,0.0022357515236686356,0.002235751523668635,0.0018160381341288177
4,0.0,465,0.10094671674568784,0.002225574442123454,0.002225574442123454,0.0018093667707038499
4,0.0,466,0.1011498182654006,0.002267348858839098,0.002267348858839098,0.0018054369158505303
4,0.0,467,0.10116324961361102,0.002225760841833023,0.002225760841833023,0.0017969946982447872
4,0.0,468,0.10089286136358938,0.002294359001969128,0.002294359001969128,0.0018058076298440742
4,0.0,469,0.10094335320728616,0.0023323457960826963,0.002332345796082696,0.0018139541322848014
4,0.0,470,0.10095651722317286,0.0022838556182756863,0.0022838556182756863,0.0018230774852727955
4,0.0,471,0.10078008125796731,0.002282362288480313,0.002282362288480313,0.0018264646733736863
4,0.0,472,0.10063681512235853,0.0022493737469939643,0.0022493737469939643,0.0018374411953495148
4,0.0,473,0.1006534816196171,0.0022677565344192247,0.0022677565344192247,0.0018298739938696627
4,0.0,474,0.10080181370422531,0.0022713942449313997,0.0022713942449313997,0.001831840556376995
4,0.0,475,0.10106742269443711,0.0022650862704541685,0.0022650862704541685,0.0018336764222769964
4,0.0,476,0.1009472834009462,0.002213576094715423,0.002213576094715423,0.0018260279994365281
4,0.0,477,0.10059640883893275,0.0022160104849486243,0.0022160104849486243,0.0018204735935410646
4,0.0,478,0.10084219370499019,0.002140661133420604,0.002140661133420604,0.0018158359903234238
4,0.0,479,0.10103496085970295,0.002164442109238911,0.002164442109238911,0.0018126810829394548
4,0.0,480,0.10089764011767396,0.0021585416185305015,0.002158541618530501,0.0018085381724347645
4,0.0,481,0.10106384707730053,0.0021815476567050773,0.0021815476567050773,0.0018144115637644806
4,0.0,482,0.10102931967798548,0.002214230984170021,0.0022142309841700204,0.0018076960683700626
4,0.0,483,0.10126550522309113,0.002178021360446186,0.002178021360446186,0.0018073020192328018
4,0.0,484,0.10132660103045761,0.0021586636134827164,0.002158663613482716,0.0018078195942123534
4,0.0,485,0.10160728447583328,0.002205957958077148,0.002205957958077148,0.0018096751234614175
4,0.0,486,0.10185095923146077,0.002144488712247649,0.002144488712247649,0.0018106938558279733
4,0.0,487,0.10173468562904622,0.002177066522279817,0.002177066522279817,0.00180371739369084
4,0.0,488,0.10220435398920776,0.0021439253254594624,0.002143925325459462,0.0018280006036476481
4,0.0,489,0.10241790686068727,0.002167906235872651,0.002167906235872651,0.0018395263918139304
4,0.0,490,0.10234982782295382,0.0021725719290737835,0.0021725719290737835,0.0018234174419250965
4,0.0,491,0.1027524454801591,0.002167841590469352,0.002167841590469352,0.0018245249120027649
4,0.0,492,0.10254433268569382,0.0021726870703773133,0.0021726870703773133,0.0018466498765148857
4,0.0,493,0.10285616084018248,0.002171250633779809,0.002171250633779809,0.001855952146863242
4,0.0,494,0.102642742972957,0.002195531244759497,0.002195531244759497,0.0018596675136124676
4,0.0,495,0.10282124103950212,0.002196234464597562,0.002196234464597562,0.0018595278375733936
4,0.0,496,0.10267106708142276,0.0021953237962305345,0.0021953237962305345,0.0018636184321618465
4,0.0,497,0.10265317011324018,0.00222201485647406,0.00222201485647406,0.0018644510972356941
4,0.0,498,0.10261024661840572,0.0022951875898712002,0.0022951875898712002,0.0018685013479285799
4,0.0,499,0.10247272537352373,0.002252202360461298,0.002252202360461298,0.001854072408193647
4,0.0,500,0.10229838492431063,0.002262032581101933,0.002262032581101933,0.0018810558854791507
4,0.01,0,0.08248953326874565,0.00024313582948176028,0.00018620048042130164,0.00024313582948176028
4,0.01,1,0.05072449114236662,0.0002381821687145125,0.0001880572221567164,0.0002381821687145125
4,0.01,2,0.041070246456729735,0.00024282829256181733,0.00019431395298106428,0.00024282829256181733
4,0.01,3,0.03713234264781714,0.0002370768752428333,0.00023329207536262517,0.0002370768752428333
4,0.01,4,0.03580364002573232,0.00025968919238696423,0.00025968919238696423,0.00024327431748759115
4,0.01,5,0.03544789925774596,0.00024942746979406827,0.00024162057176752526,0.00024942746979406827
4,0.01,6,0.035653913391940885,0.00026703074251577616,0.0002628084048304184,0.00026703074251577616
4,0.01,7,0.03588348917806524,0.0002774785706548592,0.0002501662387067463,0.0002774785706548592
4,0.01,8,0.036226913167825274,0.0002882282668134604,0.00027162927541044674,0.0002882282668134604
4,0.01,9,0.036754377433454305,0.00030495783299034615,0.0002515207402095092,0.00030495783299034615
4,0.01,10,0.037228402763530156,0.0003233519762252759,0.00026123695345445463,0.0003233519762252759
4,0.01,11,0.03771050274188956,0.00033472428581376404,0.00026051848242625346,0.00033472428581376404
4,0.01,12,0.0382748066331808,0.0003494785646974128,0.00028082873210565323,0.0003494785646974128
4,0.01,13,0.03886118450935376,0.00035068800754115925,0.00035068800754115925,0.0003467195543170756
4,0.01,14,0.0393398874102497,0.00035418127781427816,0.00031041989568278004,0.00035418127781427816
4,0.01,15,0.03995683653930469,0.00035008596024444004,0.00031913605811552647,0.00035008596024444004
4,0.01,16,0.0404310459797482,0.00035780531205198527,0.00030528894408206694,0.00035780531205198527
4,0.01,17,0.040788618482663686,0.00036662782863123834,0.0002868115211762826,0.00036662782863123834
4,0.01,18,0.04112030864407837,0.0003819374259858941,0.00034661081293269264,0.0003819374259858941
4,0.01,19,0.04165381247913036,0.0003901209186311642,0.00033321429882874216,0.0003901209186311642
4,0.01,20,0.042305300621556595,0.00040337561251166295,0.00032908671328418863,0.00040337561251166295
4,0.01,21,0.042622453272004944,0.00041288903150606056,0.00036256114271653066,0.00041288903150606056
4,0.01,22,0.04316968825556526,0.00042133163089930474,0.0003574457937372838,0.00042133163089930474
4,0.01,23,0.04339362651833685,0.00041567871744574333,0.0004127213300023093,0.00041567871744574333
4,0.01,24,0.04367369923825667,0.00042701663488765157,0.0004270166348876516,0.00042258384234637324
4,0.01,25,0.04416402288785644,0.0004385810714707613,0.00043687280720946305,0.0004385810714707613
4,0.01,26,0.04473980173505703,0.00047751583233206793,0.00047751583233206793,0.0004440780299815976
4,0.01,27,0.04512080893116049,0.0005023990425154911,0.0005023990425154911,0.00044946857752062465
4,0.01,28,0.04535086823326901,0.0005338514684730821,0.0005338514684730821,0.00045221885780979086
4,0.01,29,0.045668903721834415,0.0005151302901651944,0.0005151302901651944,0.0004680849412143386
4,0.01,30,0.046033481988503974,0.0005109808330440851,0.0005109808330440851,0.0004839656796878069
4,0.01,31,0.04634585144259772,0.0005026378987899534,0.0005026378987899533,0.0004773162326338697
4,0.01,32,0.04669715895673196,0.0005465504458726922,0.0005465504458726922,0.0004958847687036324
4,0.01,33,0.04697380497633978,0.0005270446361238039,0.0005270446361238039,0.0004919597357605758
4,0.01,34,0.04742360834838232,0.0005201046606335248,0.0005201046606335247,0.0005071263929171301
4,0.01,35,0.04781704404306748,0.0005131633645087592,0.0005131633645087592,0.0005128676224001044
4,0.01,36,0.04801067679379378,0.0005094716697375703,0.0004999890917404044,0.0005094716697375703
4,0.01,37,0.04848748548427446,0.0005259469293837733,0.0005013355258585921,0.0005259469293837733
4,0.01,38,0.049024775101229316,0.0005387368448671847,0.0005202392219051221,0.0005387368448671847
4,0.01,39,0.049299456184015246,0.0005419572596713126,0.0005419572596713126,0.0005410828775841272
4,0.01,40,0.04940803393143598,0.0005522397070208348,0.0005425598971349485,0.0005522397070208348
4,0.01,41,0.04965765145203211,0.0005491915290946812,0.0005266961421903402,0.0005491915290946812
4,0.01,42,0.050074297350334813,0.0005664617586199414,0.0005664617586199413,0.0005649337469768894
4,0.01,43,0.05027142450431424,0.0006030320337962995,0.0006030320337962995,0.0005716549744503252
4,0.01,44,0.05054302353269727,0.0006042688785875868,0.0006042688785875867,0.0005733913680385747
4,0.01,45,0.051199295274576194,0.0006748233907818605,0.0006748233907818605,0.0005968184079543867
4,0.01,46,0.0515111504361091,0.0006865431473612462,0.0006865431473612462,0.0006013616066792768
4,0.01,47,0.05167823709805614,0.0006788511325200983,0.0006788511325200983,0.0006050113435186803
4,0.01,48,0.05239383779109121,0.0007151700151189573,0.0007151700151189573,0.0006284305228592432
4,0.01,49,0.052957167092204535,0.0007553756355999872,0.0007553756355999873,0.0006464704402244214
4,0.01,50,0.05330566769214553,0.0008083870265631077,0.0008083870265631077,0.0006437728384934509
4,0.01,51,0.053856855279281586,0.0008926244766912408,0.0008926244766912407,0.0006478403663089212
4,0.01,52,0.05429440489934171,0.0008922867284820126,0.0008922867284820126,0.0006556171655853996
4,0.01,53,0.0544784936817501,0.0009323867544943034,0.0009323867544943034,0.000661536832255248
4,0.01,54,0.05472400078783908,0.0009991566366622314,0.0009991566366622314,0.0006656776331757014
4,0.01,55,0.05514644538398649,0.0009127981844570353,0.0009127981844570354,0.0006653896083696617
4,0.01,56,0.05534167667074412,0.0009164997082762232,0.0009164997082762234,0.0006615291210884775
4,0.01,57,0.05541324585292143,0.0009098985029385669,0.0009098985029385668,0.0006648486060687703
4,0.01,58,0.05543805546865713,0.0009221186010397352,0.0009221186010397353,0.000671306959721727
4,0.01,59,0.05569605770597782,0.0009982122420562603,0.0009982122420562603,0.0006683282540177102
4,0.01,60,0.0557216371209865,0.0009911703255190763,0.0009911703255190763,0.0006578843425943143
4,0.01,61,0.05597478400618423,0.0009708764314265597,0.0009708764314265597,0.0006689048787854367
4,0.01,62,0.05585852320448023,0.0009912847397239054,0.0009912847397239054,0.0006596709975827605
4,0.01,63,0.05635188568057694,0.0009816867739982091,0.0009816867739982091,0.0006591548957523641
4,0.01,64,0.05675965188218647,0.0010201599118025027,0.0010201599118025027,0.0006704939372663216
4,0.01,65,0.05683017421542258,0.0009492100626861064,0.0009492100626861066,0.0006742073785940056
4,0.01,66,0.05701233978547604,0.0009207015552185075,0.0009207015552185075,0.0006765272392967533
4,0.01,67,0.057414393921480684,0.0009673543300118618,0.0009673543300118618,0.0006856611700765107
4,0.01,68,0.057870798356773265,0.0010169621140607662,0.0010169621140607662,0.0007008115487516475
4,0.01,69,0.05831062004485461,0.0010234931280700829,0.0010234931280700829,0.0007202952090993794
4,0.01,70,0.05891093712671962,0.0010865253871680282,0.001086525387168028,0.0007286320100822003
4,0.01,71,0.05908987899773125,0.0011183253298467125,0.0011183253298467125,0.0007401433230567203
4,0.01,72,0.05933104002895713,0.001151535647911981,0.001151535647911981,0.0007457002863858056
4,0.01,73,0.059632057448142414,0.0011639330155690459,0.0011639330155690459,0.0007556429140492042
4,0.01,74,0.05960987388536124,0.0012049864279299208,0.0012049864279299206,0.0007613129467656996
4,0.01,75,0.05996848116371781,0.00125693908115083,0.00125693908115083,0.000768326726652969
4,0.01,76,0.06018119859565483,0.0012185887350562366,0.0012185887350562366,0.0007750237034869759
4,0.01,77,0.06040922942173639,0.0011723242630053414,0.0011723242630053414,0.000774109848953658
4,0.01,78,0.060786251722915234,0.0011571164124663492,0.0011571164124663492,0.0007851282393117573
4,0.01,79,0.061121252453331026,0.0011939477734199831,0.0011939477734199831,0.0007906475267827254
4,0.01,80,0.06125741996301765,0.001214115820345875,0.001214115820345875,0.0007897098916349248
4,0.01,81,0.06136751754414457,0.0012073018736241095,0.0012073018736241093,0.0007815425158664739
4,0.01,82,0.061715533182247984,0.001206403891924604,0.0012064038919246038,0.000793142490709517
4,0.01,83,0.06165562585502301,0.0012240501530146027,0.0012240501530146025,0.0007940889538329483
4,0.01,84,0.061741229789428614,0.0012037067909789732,0.0012037067909789734,0.0007829466766615228
4,0.01,85,0.06209450192089647,0.0012149582832925367,0.0012149582832925367,0.0007925311439082328
4,0.01,86,0.06244405267054586,0.0011809464930621289,0.0011809464930621289,0.000805400404149809
4,0.01,87,0.062447146666951496,0.0013229604328045387,0.001322960432804539,0.000817144870967181
4,0.01,88,0.062455084911541156,0.0012540065253470597,0.0012540065253470597,0.0008212559083016201
4,0.01,89,0.06252660776499548,0.0012352236100355892,0.0012352236100355892,0.0008243033024658698
4,0.01,90,0.06257896262024522,0.001300103752745383,0.0013001037527453829,0.0008286633264680693
4,0.01,91,0.06302192729780876,0.0012823614400136493,0.0012823614400136493,0.0008416699235536861
4,0.01,92,0.06347530298544349,0.0012704748627751993,0.0012704748627751993,0.0008399091810219029
4,0.01,93,0.06361351835086779,0.0012762266530723814,0.0012762266530723814,0.0008413799714764288
4,0.01,94,0.06385305458562662,0.0012490211897012349,0.0012490211897012349,0.0008390400116725657
4,0.01,95,0.0642504821706912,0.0012906699209063637,0.0012906699209063635,0.0008542278870578309
4,0.01,96,0.06464672382107275,0.0013120014733399277,0.0013120014733399275,0.0008619827952279051
4,0.01,97,0.06511339393747023,0.0012861293816055208,0.0012861293816055206,0.0008709620714724701
4,0.01,98,0.06547923406119391,0.0013045069017730147,0.0013045069017730147,0.0008775867319787735
4,0.01,99,0.06554169075703951,0.0013210521688628944,0.0013210521688628944,0.0008756957676302044
4,0.01,100,0.06567919236033444,0.0013310391888378746,0.0013310391888378744,0.0008796139769874789
4,0.01,101,0.0658865217575433,0.0013837191859325806,0.0013837191859325806,0.0008823593367861379
4,0.01,102,0.0657571149373693,0.0013179253887139317,0.0013179253887139317,0.000886280510899394
4,0.01,103,0.06606798243002453,0.0013735767868398483,0.001373576786839848,0.0008861299519171204
4,0.01,104,0.06623457611549081,0.0014291661648106525,0.0014291661648106523,0.000908076822546438
4,0.01,105,0.06605324360401038,0.0014159937254347426,0.0014159937254347426,0.0008999655938618999
4,0.01,106,0.0661670575562049,0.0014052530946001853,0.0014052530946001855,0.0008947704695196906
4,0.01,107,0.06631201366525899,0.001394637231876433,0.001394637231876433,0.000891005906586273
4,0.01,108,0.06628465864488756,0.0013686442516183085,0.0013686442516183085,0.0008793203916037734
4,0.01,109,0.06655664888576913,0.0013887272789931133,0.001388727278993113,0.0008858984366016041
4,0.01,110,0.06635025748112454,0.0013412106388098655,0.0013412106388098655,0.0008921107555794653
4,0.01,111,0.06636726991818861,0.001366916347762343,0.001366916347762343,0.0008987443368181844
4,0.01,112,0.06668510268241441,0.0013867664696522594,0.0013867664696522594,0.0009107754612548974
4,0.01,113,0.06690163310556643,0.0013718275199430942,0.0013718275199430942,0.0009150261669653899
4,0.01,114,0.06731089158582133,0.0014314476681661966,0.0014314476681661966,0.0009191251409870508
4,0.01,115,0.06746749572102288,0.0015313950562185347,0.0015313950562185347,0.0009183774507996241
4,0.01,116,0.0676552152911336,0.0015157655141369811,0.0015157655141369813,0.0009099199646499822
4,0.01,117,0.06810782727423442,0.0015107045980980466,0.0015107045980980464,0.0009052960813740916
4,0.01,118,0.06828332929672003,0.001455063787034665,0.001455063787034665,0.0009094395196794658
4,0.01,119,0.06792320584640706,0.0013846372773132882,0.0013846372773132882,0.0009106759278978097
4,0.01,120,0.06836984080778548,0.0013886599572731169,0.0013886599572731169,0.0009125274192838396
4,0.01,121,0.06827164834332317,0.0013744289551706676,0.0013744289551706676,0.0009137377757369113
4,0.01,122,0.06834105277567262,0.0013455960013066958,0.0013455960013066958,0.0009135742615419184
4,0.01,123,0.0684033646878339,0.0013641883550963064,0.0013641883550963066,0.000911828055685322
4,0.01,124,0.06890446466808386,0.001386041575864111,0.001386041575864111,0.0009236413749935439
4,0.01,125,0.06913335466726084,0.0013671869705095547,0.0013671869705095547,0.0009198545494130256
4,0.01,126,0.0693155336337838,0.0013439660816105573,0.0013439660816105573,0.0009348053819783609
4,0.01,127,0.0694945406982331,0.0014024879006488372,0.0014024879006488374,0.0009458316730592336
4,0.01,128,0.06977579826469445,0.0014431042193072106,0.0014431042193072106,0.0009660006324550824
4,0.01,129,0.0699628272308762,0.0014932116915772104,0.0014932116915772104,0.0009695814505261849
4,0.01,130,0.07007779931691178,0.0015740729102781757,0.0015740729102781757,0.000985109995829634
4,0.01,131,0.07010108407556419,0.0015848621816342415,0.0015848621816342418,0.000992508476934414
4,0.01,132,0.07016754753891832,0.001604201839164918,0.001604201839164918,0.0010000602727842157
4,0.01,133,0.07032797724057936,0.0015598522218776005,0.0015598522218776003,0.0010069718758962784
4,0.01,134,0.0706676835045925,0.0015470777570498943,0.0015470777570498943,0.0010066564743353753
4,0.01,135,0.07057676343472709,0.0015820205777808826,0.0015820205777808823,0.0010060773726484789
4,0.01,136,0.07059135767225992,0.0016525213570391262,0.0016525213570391262,0.0010126339241860445
4,0.01,137,0.07096351266730434,0.001688454283145487,0.001688454283145487,0.0010257838350132258
4,0.01,138,0.07085382061572966,0.001699459893435531,0.0016994598934355308,0.0010281886390303898
4,0.01,139,0.07086158540360836,0.0016700684692319907,0.0016700684692319907,0.0010179087870455328
4,0.01,140,0.07093796573476545,0.0016705122484842968,0.0016705122484842968,0.0010239760352111229
4,0.01,141,0.0713590113731598,0.0017052452120752298,0.0017052452120752298,0.001017241697437303
4,0.01,142,0.0709544933269257,0.0017002959666075294,0.0017002959666075296,0.0010072648782461003
4,0.01,143,0.0714760987054758,0.0016819128825642513,0.001681912882564251,0.0010146154590601687
4,0.01,144,0.07169273134586822,0.0016927606802121355,0.0016927606802121353,0.0010301939875981385
4,0.01,145,0.07177626238773542,0.0017343021620273135,0.0017343021620273137,0.0010290902518626083
4,0.01,146,0.07196181349541789,0.0016881199988157626,0.0016881199988157626,0.001040260724730292
4,0.01,147,0.07192553131802128,0.0016598680222065778,0.0016598680222065778,0.0010432846555765251
4,0.01,148,0.07198582973579944,0.001631757334968956,0.001631757334968956,0.0010301442052637123
4,0.01,149,0.0722007159871691,0.0016930411918597865,0.0016930411918597865,0.0010476334940359494
4,0.01,150,0.07243013527424841,0.001692394190930301,0.001692394190930301,0.0010554416455223923
4,0.01,151,0.07253253354545647,0.0017058426400658,0.0017058426400658,0.0010546979380663308
4,0.01,152,0.07272995445285826,0.0017143007516916562,0.0017143007516916562,0.0010664322493905887
4,0.01,153,0.07285188403363621,0.0017114895053980113,0.0017114895053980113,0.0010767775281340284
4,0.01,154,0.0729357224532411,0.0017350049435192463,0.001735004943519246,0.001078200044618078
4,0.01,155,0.07324734060579324,0.0018223169372735466,0.0018223169372735466,0.0010718856211475647
4,0.01,156,0.07285173589493077,0.001833787819161275,0.001833787819161275,0.0010654498261744173
4,0.01,157,0.07283672833769908,0.001837322459230522,0.001837322459230522,0.0010664716226467775
4,0.01,158,0.07287214209687433,0.0018417663393633403,0.0018417663393633403,0.0010728527688268668
4,0.01,159,0.0728628629655531,0.0018327445925833557,0.001832744592583356,0.0010895093875650835
4,0.01,160,0.07318113226010577,0.0019154592907888734,0.0019154592907888734,0.0010939515227113374
4,0.01,161,0.07307444835065859,0.0018693590033718593,0.0018693590033718591,0.0010946469608865434
4,0.01,162,0.07341491530151781,0.0018751976886208289,0.0018751976886208287,0.0010980196186752853
4,0.01,163,0.0735862248280282,0.0018891373112677422,0.0018891373112677422,0.0011029794287435305
4,0.01,164,0.07343333805472667,0.0018516385544136054,0.0018516385544136052,0.001090946096747035
4,0.01,165,0.0733846359385153,0.0018357242579568687,0.0018357242579568687,0.0011026833133147707
4,0.01,166,0.07332184889253275,0.0018229417880904419,0.001822941788090442,0.0010945802084286083
4,0.01,167,0.07336856550078945,0.00170677616745452,0.0017067761674545198,0.0011026206242679484
4,0.01,168,0.07346866480843459,0.0016501991461751217,0.0016501991461751217,0.0011083412052451068
4,0.01,169,0.07404887781750297,0.0015931161211961854,0.0015931161211961854,0.001106951825611696
4,0.01,170,0.07417728961211728,0.0016091167187430118,0.0016091167187430116,0.0011077959041893486
4,0.01,171,0.07433007713440833,0.00167088482141089,0.00167088482141089,0.001121518069030157
4,0.01,172,0.07419576322599188,0.00168319844701521,0.00168319844701521,0.001114436563875795
4,0.01,173,0.07396252230806181,0.001653488549316915,0.0016534885493169151,0.00111061948616205
4,0.01,174,0.07372554446353984,0.001654274367680817,0.001654274367680817,0.0011147789024326372
4,0.01,175,0.07380771723101816,0.0016737886643206053,0.001673788664320605,0.0011192254709863185
4,0.01,176,0.0737184560557049,0.0016875446527134217,0.0016875446527134215,0.0011172753726088477
4,0.01,177,0.07361546351377184,0.001677358166744343,0.0016773581667443433,0.0011216927191006372
4,0.01,178,0.07385636652594701,0.001702196316235324,0.001702196316235324,0.001115227842657305
4,0.01,179,0.07393321733730657,0.0016646174177121194,0.0016646174177121194,0.001118756090805991
4,0.01,180,0.07405961076616524,0.0016402396336965045,0.0016402396336965047,0.0011332725510870738
4,0.01,181,0.07373554592110451,0.0015734136950539032,0.001573413695053903,0.0011239055194843812
4,0.01,182,0.07359883472097808,0.0016878643166220557,0.0016878643166220557,0.0011230879092049067
4,0.01,183,0.07346307547473767,0.0016527050881027581,0.0016527050881027584,0.0011356220344179851
4,0.01,184,0.07374461637533253,0.0017030339303659792,0.0017030339303659792,0.0011345851891202826
4,0.01,185,0.07395249546034513,0.0016360246689929034,0.0016360246689929034,0.0011317984048383595
4,0.01,186,0.07418488253091214,0.001637043024732827,0.0016370430247328268,0.0011248826860301307
4,0.01,187,0.07449977827156017,0.001655576470320891,0.001655576470320891,0.001118991956618923
4,0.01,188,0.07461780355056295,0.0016872404664694694,0.0016872404664694694,0.0011167546469244556
4,0.01,189,0.07477897999974827,0.0017092602550161044,0.0017092602550161044,0.0011191445643910826
4,0.01,190,0.07487483238746911,0.0016565585885069732,0.0016565585885069732,0.0011296820905000744
4,0.01,191,0.07503540766707019,0.0016736645420323151,0.0016736645420323154,0.0011393197883118231
4,0.01,192,0.07498051093270246,0.0016826572636424622,0.001682657263642462,0.0011414869123529566
4,0.01,193,0.07498077545994784,0.0016910984040291583,0.001691098404029158,0.001139633284375905
4,0.01,194,0.07530405882683414,0.001703135071950744,0.001703135071950744,0.0011461089407230989
4,0.01,195,0.07531035128453474,0.0017064930939059955,0.0017064930939059957,0.0011348419121499126
4,0.01,196,0.07524297260313272,0.0017860711585728501,0.00178607115857285,0.0011369988044435697
4,0.01,197,0.07561491384322976,0.0018233350674591328,0.0018233350674591328,0.0011446904443709297
4,0.01,198,0.07576747251083979,0.0017621223848070992,0.0017621223848070992,0.0011359971400681462
4,0.01,199,0.07575219461835205,0.0017801451236460616,0.0017801451236460616,0.0011276475601839683
4,0.01,200,0.07576800169463607,0.0017610068863090252,0.0017610068863090252,0.0011280046862885483
4,0.01,201,0.07566780409700896,0.0017598967499158273,0.001759896749915827,0.0011045601341063038
4,0.01,202,0.07579345642135653,0.001779045704962024,0.001779045704962024,0.0011193522841304324
4,0.01,203,0.07588634054788321,0.0018447116647492949,0.0018447116647492946,0.0011304009505324457
4,0.01,204,0.07584044832281714,0.0019112149893072198,0.0019112149893072198,0.001125046235490548
4,0.01,205,0.07617416385566012,0.001890975226709495,0.0018909752267094947,0.0011429317190767094
4,0.01,206,0.07640684188974965,0.0018514002261102575,0.0018514002261102573,0.001152039575763373
4,0.01,207,0.07648980689591355,0.001798447003392655,0.0017984470033926548,0.0011586923614794555
4,0.01,208,0.07672735778844521,0.0018005344100363585,0.0018005344100363585,0.0011498637664302796
4,0.01,209,0.07665575387080582,0.0017564363764638088,0.0017564363764638088,0.0011530084965840795
4,0.01,210,0.07659469024594082,0.0017498640655733123,0.001749864065573312,0.0011468706255474874
4,0.01,211,0.07681993183456262,0.001696536969419428,0.001696536969419428,0.0011512583864821263
4,0.01,212,0.07657283565720345,0.0016939531501896196,0.0016939531501896196,0.00113588976565588
4,0.01,213,0.07668547051157866,0.0017010232269993554,0.0017010232269993556,0.0011296734720893076
4,0.01,214,0.07670180721275285,0.0017921605964139591,0.001792160596413959,0.0011278788101507806
4,0.01,215,0.0766314991445734,0.001755810559867592,0.0017558105598675922,0.0011273041700660448
4,0.01,216,0.07671678314481871,0.001851230996418025,0.001851230996418025,0.0011249960263884585
4,0.01,217,0.0765083633389744,0.0019049762258836719,0.0019049762258836719,0.001122156551505428
4,0.01,218,0.07648320761125778,0.0019529245674261872,0.0019529245674261874,0.0011183111769908682
4,0.01,219,0.07634597864164382,0.0019562067661335943,0.0019562067661335948,0.0011237791600592125
4,0.01,220,0.07640116946177454,0.00194193174764058,0.0019419317476405801,0.0011491291533694446
4,0.01,221,0.07658207520053528,0.0019210522119835305,0.0019210522119835303,0.0011590986975332997
4,0.01,222,0.07706764350448071,0.0018588785833747196,0.0018588785833747196,0.0011730343786605143
4,0.01,223,0.07684594630161046,0.001794013373376259,0.0017940133733762593,0.001165743569321791
4,0.01,224,0.0769846925612267,0.0017950500019365682,0.0017950500019365682,0.0011653501601802292
4,0.01,225,0.07722156969906625,0.0017866899320283314,0.0017866899320283314,0.00117677976557256
4,0.01,226,0.07694815390900477,0.0017674983973475992,0.0017674983973475992,0.0011713934694604644
4,0.01,227,0.07657819326444591,0.0017518735740507975,0.0017518735740507975,0.0011597714226109768
4,0.01,228,0.07682488119599046,0.0016934985481793596,0.0016934985481793596,0.0011645147024270325
4,0.01,229,0.07683455646625534,0.0017434446025872007,0.0017434446025872004,0.0011842518385322214
4,0.01,230,0.07686336739818686,0.0017238676631552913,0.0017238676631552913,0.001182920671116965
4,0.01,231,0.0766048563241843,0.0016774574631369585,0.0016774574631369587,0.001189956011212537
4,0.01,232,0.07692395155570567,0.0016891555904980109,0.0016891555904980109,0.0011892796757301816
4,0.01,233,0.07701332779571315,0.0017242432776723453,0.0017242432776723453,0.0012033576514632026
4,0.01,234,0.0772262179307863,0.001820570469230913,0.001820570469230913,0.0011978030607358837
4,0.01,235,0.0772582673483738,0.0017867826382462826,0.0017867826382462824,0.0011925928072678673
4,0.01,236,0.07749932678049938,0.0018339196465785486,0.0018339196465785486,0.0012048634003827916
4,0.01,237,0.07768815184267673,0.0018278724564050218,0.001827872456405022,0.0012222257763162
4,0.01,238,0.07773974693466923,0.0017917569102987275,0.0017917569102987275,0.001238923290414756
4,0.01,239,0.07798550888039212,0.0018833335229434208,0.001883333522943421,0.0012478981917840566
4,0.01,240,0.07808646056653958,0.0018177532709159033,0.0018177532709159033,0.0012400485871363626
4,0.01,241,0.0779246898227902,0.0018186501479482227,0.0018186501479482227,0.0012532055249418915
4,0.01,242,0.07810381923360779,0.0018518010089812972,0.0018518010089812972,0.0012630752155799877
4,0.01,243,0.07783459588512502,0.001791733770192317,0.0017917337701923173,0.0012581110299882013
4,0.01,244,0.07791209148424248,0.0018057594889907672,0.0018057594889907672,0.0012685577567975548
4,0.01,245,0.07755473791177417,0.0018432763513712618,0.0018432763513712615,0.001259502846873573
4,0.01,246,0.07775325927099533,0.0018280058407621502,0.0018280058407621502,0.0012819431136921547
4,0.01,247,0.07754857230840907,0.001829604202936266,0.001829604202936266,0.001270037293669758
4,0.01,248,0.07760172699626841,0.0018777467057145701,0.0018777467057145701,0.0012775729322852048
4,0.01,249,0.07755463867681077,0.0018717356791175704,0.0018717356791175704,0.0012926503326585468
4,0.01,250,0.07775576745716609,0.001811805151105688,0.001811805151105688,0.0012995235216696917
4,0.01,251,0.07770256918382858,0.001722649053266998,0.0017226490532669977,0.0012875218712465875
4,0.01,252,0.07810000133041313,0.0017093882154420427,0.0017093882154420427,0.0012887370681353518
4,0.01,253,0.07810715340374,0.0017417672238878672,0.0017417672238878672,0.0012832212018070827
4,0.01,254,0.07811794569976264,0.001690024957846589,0.001690024957846589,0.0013004967264386646
4,0.01,255,0.07813184029194692,0.0017304552648397668,0.001730455264839767,0.0012957628584170189
4,0.01,256,0.07809193181227496,0.0016981022093486367,0.001698102209348637,0.0012831916505190613
4,0.01,257,0.07858872925233187,0.0016379155306183691,0.0016379155306183691,0.0012890166323075445
4,0.01,258,0.07859553918474883,0.0016650290263117136,0.0016650290263117136,0.001280193613092055
4,0.01,259,0.07846263820581688,0.0017107976193230991,0.0017107976193230991,0.0012850588884893341
4,0.01,260,0.07871968725652354,0.0017336363037568536,0.0017336363037568536,0.001299361823853791
4,0.01,261,0.07874792978779456,0.0017479674975356737,0.0017479674975356737,0.0013070227140907736
4,0.01,262,0.07862523268405659,0.001799854476841447,0.0017998544768414468,0.0013046528756339311
4,0.01,263,0.07878145881575362,0.0017711802552148926,0.0017711802552148926,0.0012977452209091442
4,0.01,264,0.07906210734210739,0.0018160511530554817,0.0018160511530554817,0.0013032394142041082
4,0.01,265,0.07843285032064898,0.0018004613136863455,0.0018004613136863455,0.0012842760641057845
4,0.01,266,0.078619768369094,0.0017406639120227546,0.0017406639120227546,0.001277598404553203
4,0.01,267,0.07904081328212083,0.0017933997043130601,0.0017933997043130601,0.001285718905393593
4,0.01,268,0.07871101782461602,0.0017735257096730358,0.0017735257096730358,0.0012836754364890677
4,0.01,269,0.07891803667544808,0.0017832074723052422,0.0017832074723052422,0.0012925363863556254
4,0.01,270,0.0791673964157476,0.001845021786531564,0.001845021786531564,0.0012950090587457012
4,0.01,271,0.07911579874171629,0.0018409328566100223,0.0018409328566100223,0.001296658589886913
4,0.01,272,0.07902949572113109,0.0017906891672304413,0.0017906891672304413,0.0012859467173825987
4,0.01,273,0.07917074171786319,0.0017945096904602405,0.0017945096904602405,0.0012958824000817856
4,0.01,274,0.07966455178547689,0.0017910478878727792,0.0017910478878727795,0.0013101122370949003
4,0.01,275,0.0797659015126261,0.0017179798914558465,0.0017179798914558463,0.001315414487462073
4,0.01,276,0.07939462050751302,0.001720457516269578,0.001720457516269578,0.0012936893998265054
4,0.01,277,0.07962269716509313,0.001662613022484958,0.001662613022484958,0.0012891677164833062
4,0.01,278,0.0795028151724368,0.0017289621784233968,0.0017289621784233968,0.0012855449028697059
4,0.01,279,0.07921673939068814,0.0017435671135201938,0.0017435671135201938,0.0012745821873497243
4,0.01,280,0.07947329743713547,0.0017844894047845863,0.0017844894047845863,0.0012860134914883645
4,0.01,281,0.07929604785755841,0.001762386331623489,0.0017623863316234888,0.0012690965084786875
4,0.01,282,0.07895963748911847,0.0017698142451022224,0.0017698142451022221,0.0012770489933695897
4,0.01,283,0.07920249070013473,0.0018478704078270425,0.0018478704078270425,0.0012726564838531568
4,0.01,284,0.07926980387099265,0.0018139735430668495,0.0018139735430668495,0.0012849289514854712
4,0.01,285,0.07955053175415615,0.0018389587519154868,0.0018389587519154868,0.001302678749691583
4,0.01,286,0.07984704161689161,0.0018046226537416909,0.0018046226537416909,0.0012975498450499832
4,0.01,287,0.07993484243308001,0.0018061861147865995,0.0018061861147865995,0.0013067514150387372
4,0.01,288,0.08035647943374766,0.0018326178898201981,0.0018326178898201981,0.0013157241978654702
4,0.01,289,0.08027454040907146,0.0018011894854617538,0.0018011894854617538,0.0013215038336745306
4,0.01,290,0.08047806941674152,0.0017662306076728692,0.001766230607672869,0.0013065424379290547
4,0.01,291,0.08053288693803408,0.0017424309035371777,0.001742430903537178,0.0013232576845034684
4,0.01,292,0.08085607960019117,0.0017917222884484391,0.0017917222884484393,0.0013173675768739844
4,0.01,293,0.0810975082649303,0.0018010088665157994,0.0018010088665157994,0.0013360702747356966
4,0.01,294,0.08111758995258607,0.0018353766113173185,0.0018353766113173187,0.00133528192021393
4,0.01,295,0.08135835647493138,0.001793426210911111,0.001793426210911111,0.0013376434131716945
4,0.01,296,0.08119697383886532,0.0017806157161828447,0.0017806157161828447,0.0013441197429467514
4,0.01,297,0.0814127137970714,0.001741310724401063,0.001741310724401063,0.0013548885009835147
4,0.01,298,0.08144431111967644,0.0017187771285733424,0.0017187771285733424,0.001357556186967242
4,0.01,299,0.08154198244769194,0.0017566549765177938,0.0017566549765177938,0.001366022589927352
4,0.01,300,0.08138012661016926,0.0017118136945957663,0.001711813694595766,0.0013576045019967513
4,0.01,301,0.08091775341578643,0.0016483473186615315,0.0016483473186615315,0.0013461786534963846
4,0.01,302,0.08113623363006829,0.0017153375288380607,0.0017153375288380605,0.0013255082810364274
4,0.01,303,0.0813103009191788,0.0016380852017598977,0.0016380852017598975,0.0013182138912007433
4,0.01,304,0.08118801013411478,0.0016763178640120395,0.0016763178640120395,0.0013182720193609177
4,0.01,305,0.0810912610513334,0.0016337564168361922,0.001633756416836192,0.0013300969076432084
4,0.01,306,0.08124139240128184,0.0016807062424068543,0.0016807062424068543,0.00133586420644217
4,0.01,307,0.08125327703132033,0.0017141063739784745,0.0017141063739784742,0.0013410867868250311
4,0.01,308,0.08108853347191868,0.0017162991630020716,0.0017162991630020716,0.001336244383713867
4,0.01,309,0.0811218281944454,0.0016872684347228762,0.0016872684347228764,0.0013177805112024126
4,0.01,310,0.08083026840261323,0.0016737450584276272,0.001673745058427627,0.0013111238759506742
4,0.01,311,0.08090219588770933,0.0017125648682546823,0.0017125648682546823,0.0013269229152942676
4,0.01,312,0.0808866939330108,0.0017884767106895077,0.0017884767106895077,0.0013383760011839976
4,0.01,313,0.08102247362182496,0.0018176348898112126,0.0018176348898112124,0.0013561751045435828
4,0.01,314,0.08074206582109489,0.0018154551158509318,0.0018154551158509318,0.0013491002531727766
4,0.01,315,0.08087158298855704,0.0018215883563478487,0.0018215883563478489,0.001354160719194195
4,0.01,316,0.08052798093524285,0.0017864601517566553,0.0017864601517566553,0.0013515961948257383
4,0.01,317,0.08035074762845336,0.0017902976864919268,0.0017902976864919266,0.0013532633562549235
4,0.01,318,0.08054288801318459,0.0018129763438128395,0.0018129763438128395,0.0013583346285538256
4,0.01,319,0.08070502925970242,0.0018973248481771075,0.0018973248481771075,0.0013657439200669042
4,0.01,320,0.08065567979103293,0.0018928688880065622,0.001892868888006562,0.001355948068955288
4,0.01,321,0.08079134927957415,0.001884013282647301,0.001884013282647301,0.0013421639687195947
4,0.01,322,0.08094784994388204,0.0019170932943720449,0.0019170932943720449,0.0013307598608921487
4,0.01,323,0.08144338879245416,0.0019609275120803507,0.001960927512080351,0.001352995520468108
4,0.01,324,0.08155895113674494,0.0019117992565642614,0.0019117992565642612,0.0013555084014661644
4,0.01,325,0.08205166927612431,0.0020043159237559077,0.0020043159237559077,0.0013529338869873223
4,0.01,326,0.08208691750184262,0.002034419553474244,0.002034419553474244,0.0013595233205626071
4,0.01,327,0.08209024428559374,0.002055955300064682,0.0020559553000646822,0.0013492533920230268
4,0.01,328,0.08235243300371539,0.0021366517582175966,0.0021366517582175966,0.0013535646722445326
4,0.01,329,0.0822347278966475,0.0021480164937636172,0.0021480164937636172,0.001360288019073093
4,0.01,330,0.08245067875299458,0.002139911585582892,0.002139911585582892,0.0013627314009512107
4,0.01,331,0.08252872469064242,0.0021829813754350416,0.002182981375435041,0.0013786775719520081
4,0.01,332,0.08224765544536256,0.0021429669460945036,0.0021429669460945036,0.0013847241708036546
4,0.01,333,0.08238815626701333,0.0021930407237667504,0.0021930407237667504,0.0013854986371815497
4,0.01,334,0.08274847948482628,0.0022561951825278603,0.0022561951825278603,0.0013879622444190956
4,0.01,335,0.08316877323879619,0.0022542169948396853,0.0022542169948396853,0.0013945647564124382
4,0.01,336,0.08315853430591483,0.002317276677190191,0.002317276677190191,0.00138256089747496
4,0.01,337,0.08284041076445486,0.002328649261805589,0.002328649261805589,0.0013892454034097304
4,0.01,338,0.08300743351451588,0.0023788957975449027,0.0023788957975449027,0.001396366080978872
4,0.01,339,0.08304703559410048,0.0022876725658244642,0.0022876725658244642,0.0013876477208995236
4,0.01,340,0.0830754978275628,0.002314619016834659,0.002314619016834659,0.0013986126166293613
4,0.01,341,0.08357785139700602,0.002346707102993286,0.002346707102993286,0.0014130780549274269
4,0.01,342,0.08355382504553045,0.002367305357353193,0.002367305357353193,0.0014191149817850935
4,0.01,343,0.08323844203948402,0.0022914260117404806,0.0022914260117404806,0.0014284426406149951
4,0.01,344,0.0828570832065986,0.002232481722862075,0.002232481722862075,0.0014230450259775727
4,0.01,345,0.08272477993146034,0.0021860901276694504,0.0021860901276694504,0.0014146190693868509
4,0.01,346,0.08272235367615159,0.002126882964492702,0.002126882964492702,0.0014061854362807443
4,0.01,347,0.08325107960294269,0.0021080115532449008,0.0021080115532449008,0.0014131262913848616
4,0.01,348,0.0836720369058958,0.0021178621759773133,0.0021178621759773133,0.0014324990826513053
4,0.01,349,0.08374633486626235,0.002184437285183593,0.002184437285183593,0.0014166843353445196
4,0.01,350,0.08360831354692642,0.0021460216651006787,0.0021460216651006787,0.0014112775223653169
4,0.01,351,0.08381727352642145,0.002097009697906525,0.002097009697906525,0.001400570643471538
4,0.01,352,0.0838076550140105,0.002143750264722779,0.002143750264722779,0.0014122190239579454
4,0.01,353,0.08379920755733643,0.0021579478878555308,0.0021579478878555308,0.001419649364381939
4,0.01,354,0.08368447414237,0.0022350000781975457,0.0022350000781975457,0.0014149032573099163
4,0.01,355,0.08344762177064617,0.0021988767969242143,0.0021988767969242143,0.0014058468937324224
4,0.01,356,0.0838315056206522,0.0021716471100412167,0.0021716471100412162,0.0013991192943240544
4,0.01,357,0.0840458006919651,0.0021110135229772974,0.0021110135229772974,0.001400493561600279
4,0.01,358,0.08423151580912326,0.0021049261277527203,0.0021049261277527203,0.0014044628884803377
4,0.01,359,0.08445386322561148,0.0021724021570474874,0.0021724021570474874,0.001406266776942204
4,0.01,360,0.08452641265048275,0.00225183877348117,0.0022518387734811697,0.0014130450293278795
4,0.01,361,0.08439568788209063,0.0022073218805267044,0.0022073218805267044,0.0014229352593564143
4,0.01,362,0.0847288435987013,0.0022460737015907164,0.0022460737015907164,0.0014100151664077228
4,0.01,363,0.08501629597671775,0.0023293254334037596,0.0023293254334037596,0.0014070799652887223
4,0.01,364,0.08457180729433625,0.002381502220253509,0.0023815022202535088,0.001397593865107941
4,0.01,365,0.08474870763767359,0.002408750885630886,0.002408750885630886,0.001411297892650202
4,0.01,366,0.08495609721925604,0.002428211598341739,0.002428211598341739,0.001406897508216935
4,0.01,367,0.08524153806050742,0.0024166502690133557,0.0024166502690133557,0.0014040148498871488
4,0.01,368,0.08523676804681019,0.0024593750313785592,0.0024593750313785592,0.0014246828965680184
4,0.01,369,0.08499810544633866,0.0023923526009248693,0.0023923526009248693,0.001412591438932954
4,0.01,370,0.08492709984158717,0.002352943387496093,0.002352943387496093,0.0014113517299060743
4,0.01,371,0.08527313289934967,0.002352689705165857,0.002352689705165857,0.001408159473788599
4,0.01,372,0.0854990993286549,0.002333890199780155,0.002333890199780155,0.001404011878282535
4,0.01,373,0.08526084928016457,0.0023034621405972054,0.002303462140597205,0.0014060617581372772
4,0.01,374,0.08532596782081751,0.002360267092409459,0.002360267092409459,0.0014243809322141076
4,0.01,375,0.08508614784398934,0.0023439107004208366,0.0023439107004208366,0.0014213262547697078
4,0.01,376,0.08512935851253975,0.002251571217365924,0.0022515712173659234,0.0014228122780945616
4,0.01,377,0.08511146684523721,0.0022306818334173867,0.0022306818334173867,0.001416494184637777
4,0.01,378,0.08536052365501558,0.002272720483945107,0.002272720483945107,0.0014165063853968183
4,0.01,379,0.085375008095269,0.0022315685811041684,0.0022315685811041684,0.0014265729348185098
4,0.01,380,0.08537545041476118,0.0023023635820958836,0.0023023635820958836,0.00142602687813153
4,0.01,381,0.08530862324625063,0.002338440089977876,0.002338440089977876,0.001438163379869134
4,0.01,382,0.0854856655756682,0.0022981545258397257,0.0022981545258397257,0.0014436721501357534
4,0.01,383,0.08565125174071149,0.002233581759517335,0.002233581759517335,0.001445182663796096
4,0.01,384,0.08567706057019782,0.002207227013133815,0.002207227013133815,0.0014492182695011978
4,0.01,385,0.08598999044836121,0.0021284187035369314,0.0021284187035369314,0.0014828101727342648
4,0.01,386,0.08599345163104655,0.0021208541841636532,0.0021208541841636532,0.0014983752900041129
4,0.01,387,0.08584849898771804,0.002119241473584751,0.002119241473584751,0.0015056552089464132
4,0.01,388,0.08607561573665633,0.0022113227770469276,0.0022113227770469276,0.0015080537252536753
4,0.01,389,0.0857608489782658,0.0022760951370409924,0.0022760951370409924,0.0015027638199399413
4,0.01,390,0.08561585822799579,0.002274246915817751,0.002274246915817751,0.0015071911716604963
4,0.01,391,0.08583294688922227,0.0023265446660436532,0.0023265446660436532,0.0015197766047600836
4,0.01,392,0.0857403414539692,0.0022919025746531135,0.0022919025746531135,0.0015126653926082348
4,0.01,393,0.08610019034174998,0.002361034414248195,0.002361034414248195,0.001514187899796961
4,0.01,394,0.0861959288479402,0.002393053193200575,0.002393053193200575,0.0015050290633576422
4,0.01,395,0.08661335729606398,0.0024287375861807613,0.0024287375861807613,0.0015066398752393358
4,0.01,396,0.08692021558719709,0.002471407155832801,0.002471407155832801,0.0015231904649176775
4,0.01,397,0.08699297366955855,0.0024197088519601517,0.0024197088519601513,0.0015113441457817714
4,0.01,398,0.08685393340489958,0.002378332189554597,0.002378332189554597,0.0015056832124352329
4,0.01,399,0.08697501125654848,0.0023667125452905597,0.002366712545290559,0.0015092292184126646
4,0.01,400,0.08664610438907251,0.0023956755450891794,0.0023956755450891794,0.0015150311658917181
4,0.01,401,0.08638303674364281,0.0024095587016018582,0.002409558701601858,0.0015142295828774633
4,0.01,402,0.08642124739136872,0.002415107172909834,0.002415107172909834,0.0015042734861378082
4,0.01,403,0.08653220082049001,0.002396203647093976,0.002396203647093976,0.0014964038485203847
4,0.01,404,0.08655230769005919,0.0024215781464482365,0.002421578146448236,0.0014876502756473685
4,0.01,405,0.0870538961747546,0.002456389345480746,0.002456389345480746,0.0014988303598856057
4,0.01,406,0.08703736402525346,0.002430833905187703,0.002430833905187703,0.0014931634979248483
4,0.01,407,0.08732863227890583,0.0025276241342599803,0.0025276241342599803,0.0015017704106858774
4,0.01,408,0.08766967235900841,0.0025549623856232495,0.00255496238562325,0.0015223596768954328
4,0.01,409,0.08763876547538,0.002544187214531681,0.002544187214531681,0.0015098436118941992
4,0.01,410,0.08744286969209437,0.0024601898909496255,0.002460189890949625,0.0015115500913745331
4,0.01,411,0.08740210764893494,0.0023970819220033098,0.0023970819220033093,0.0015087248315380575
4,0.01,412,0.08669142705814088,0.00237364282067531,0.00237364282067531,0.0015078076802373097
4,0.01,413,0.08665499859460352,0.0023946841378984763,0.002394684137898476,0.0015148830439805948
4,0.01,414,0.08705201666075159,0.002320562498247883,0.0023205624982478826,0.0015440858866745428
4,0.01,415,0.08690587454010158,0.0023771811033493516,0.0023771811033493516,0.0015476889534528865
4,0.01,416,0.08669121787689073,0.0023930476221393974,0.002393047622139397,0.0015606877331937332
4,0.01,417,0.08635618442699254,0.0024452185960043148,0.0024452185960043143,0.0015542890707451633
4,0.01,418,0.08620470846452692,0.002433243672139189,0.002433243672139189,0.0015652604064635436
4,0.01,419,0.08599925808317861,0.0024410815612805697,0.0024410815612805692,0.0015759895004233367
4,0.01,420,0.08573141782440254,0.0025390242650394604,0.00253902426503946,0.001568189462540188
4,0.01,421,0.08580975960613305,0.0025254188511340107,0.0025254188511340107,0.0015843445539352632
4,0.01,422,0.08548993552418241,0.002437630657018872,0.002437630657018872,0.0015725450456698191
4,0.01,423,0.08552185222811907,0.002434489404493423,0.002434489404493423,0.001577798626086182
4,0.01,424,0.08529231064016464,0.0023845725003538857,0.0023845725003538852,0.0015645530181850385
4,0.01,425,0.08540664234901868,0.0024383207754267913,0.0024383207754267913,0.0015906953149742095
4,0.01,426,0.08524871246241923,0.0024101751260819557,0.0024101751260819557,0.0015752907204930977
4,0.01,427,0.0853129632915599,0.0024034612157242024,0.0024034612157242024,0.001580444607279577
4,0.01,428,0.08576609387250132,0.0024366823979943605,0.0024366823979943605,0.0015991349119348825
4,0.01,429,0.08595080337543437,0.0024475892127935944,0.0024475892127935944,0.0016011519055369877
4,0.01,430,0.08623690389259416,0.002443576932902978,0.002443576932902978,0.0015925716644095713
4,0.01,431,0.08619260096188118,0.0024212524523521176,0.002421252452352117,0.0016114678804156966
4,0.01,432,0.0862941050764628,0.0024733692907692867,0.0024733692907692867,0.001600289880391133
4,0.01,433,0.08632763960818403,0.0024552258316445272,0.0024552258316445272,0.0016208684184433515
4,0.01,434,0.08644302905782003,0.0025310250335457223,0.0025310250335457223,0.0016170655543715198
4,0.01,435,0.08632181180500056,0.002565134606108876,0.002565134606108876,0.0016186628445165074
4,0.01,436,0.08639892227572304,0.0024922879397902753,0.002492287939790275,0.001628394747601169
4,0.01,437,0.0863930374038089,0.0024654171763924954,0.0024654171763924954,0.0016229230544418988
4,0.01,438,0.08680394944937979,0.002539233354964773,0.002539233354964773,0.001633720998161803
4,0.01,439,0.08697475247626262,0.002594671006118799,0.002594671006118799,0.0016373003743083677
4,0.01,440,0.08741025217872521,0.0025248546111369024,0.0025248546111369024,0.001635811753797337
4,0.01,441,0.08670818228660361,0.0025758540826276736,0.0025758540826276736,0.0016110101901266613
4,0.01,442,0.08699362872223175,0.002583566770245658,0.002583566770245658,0.001597905240897077
4,0.01,443,0.08700055395471488,0.002592280177280322,0.002592280177280322,0.0015897639847089393
4,0.01,444,0.08706631104071504,0.002497178198110629,0.002497178198110629,0.0015834519947978533
4,0.01,445,0.08728558438375787,0.0024167380359986926,0.002416738035998692,0.001593672759236728
4,0.01,446,0.08736856589932045,0.002444499887250381,0.002444499887250381,0.0015764614079313741
4,0.01,447,0.08734812675219099,0.002457367026679927,0.002457367026679927,0.0015815054228904494
4,0.01,448,0.08700196153843025,0.0024871191325020778,0.0024871191325020778,0.0015732086303580277
4,0.01,449,0.08712598435330442,0.0025329793045424836,0.0025329793045424836,0.001575834179722726
4,0.01,450,0.08707348648958703,0.0025015502467107507,0.0025015502467107507,0.00156838208464328
4,0.01,451,0.0869981558983512,0.0024597145535084444,0.0024597145535084444,0.0015628193482068883
4,0.01,452,0.08692008789410113,0.0025247268184707366,0.0025247268184707366,0.0015592835395206617
4,0.01,453,0.08658277571708246,0.002467749813568063,0.002467749813568063,0.0015475762556719007
4,0.01,454,0.08705162228728057,0.0024560504749718175,0.0024560504749718175,0.0015709497419016966
4,0.01,455,0.08696599759996697,0.0025155813897393734,0.0025155813897393734,0.0015786945079600064
4,0.01,456,0.08672154910137907,0.0024367468921286527,0.0024367468921286527,0.0015838032480599696
4,0.01,457,0.08655661600466182,0.0024999050515365977,0.0024999050515365977,0.001589968850124984
4,0.01,458,0.08658694805976021,0.002587437981696003,0.002587437981696003,0.00159574335790676
4,0.01,459,0.08677547913951938,0.0025465197262389922,0.0025465197262389922,0.001593735865462035
4,0.01,460,0.08646545427685476,0.002511383389951351,0.002511383389951351,0.0015710529664569321
4,0.01,461,0.08643631718520643,0.0024739274683432083,0.0024739274683432083,0.0015736332324771275
4,0.01,462,0.0868263528329289,0.002531571092882013,0.0025315710928820127,0.0015953561907244768
4,0.01,463,0.08677560410548295,0.002517720157737657,0.002517720157737657,0.0016049055715772371
4,0.01,464,0.08701464113810324,0.0025037427637262144,0.002503742763726214,0.0016164803759668926
4,0.01,465,0.08702690508661526,0.002571425828965047,0.002571425828965047,0.0016241915624273138
4,0.01,466,0.08735903809525415,0.0026706117524227884,0.0026706117524227884,0.0016356687318502664
4,0.01,467,0.08718141144920728,0.0027047490021478012,0.0027047490021478012,0.0016148707043366465
4,0.01,468,0.08668562367069425,0.0026407921868726,0.0026407921868726,0.0016076803258201606
4,0.01,469,0.08672833064264766,0.002710540672071907,0.002710540672071907,0.0016255391302816922
4,0.01,470,0.08635200725434258,0.0027023520287052217,0.0027023520287052217,0.0016155847455751023
4,0.01,471,0.08628769909160379,0.002721415679263737,0.002721415679263737,0.0016089399184425748
4,0.01,472,0.08642429043421275,0.0026790921778517963,0.0026790921778517963,0.0016018896886077787
4,0.01,473,0.08657882677917182,0.0027370234521326355,0.002737023452132635,0.0015982484852374165
4,0.01,474,0.08661876576794936,0.0027511051357488607,0.0027511051357488607,0.0015885508721469282
4,0.01,475,0.08626482567804476,0.002689140192241754,0.002689140192241754,0.0015768238975039808
4,0.01,476,0.08687743788028059,0.0027191263925657053,0.0027191263925657053,0.0015867017445640981
4,0.01,477,0.08666426432091945,0.0027151212273586675,0.0027151212273586675,0.0015922085548638726
4,0.01,478,0.08647121177218534,0.002732038876411851,0.002732038876411851,0.0015802581728824728
4,0.01,479,0.08637829618999367,0.0027121537333250675,0.002712153733325067,0.0015535739976524343
4,0.01,480,0.08623543948004232,0.0027042440810179738,0.0027042440810179733,0.0015360200263473494
4,0.01,481,0.08657518933754337,0.002837013436314178,0.0028370134363141777,0.0015543707928499996
4,0.01,482,0.08657455512834054,0.0028538346863900116,0.0028538346863900116,0.001538809473521187
4,0.01,483,0.08670939630495307,0.0028481795662053306,0.00284817956620533,0.001541459919396661
4,0.01,484,0.086305112461629,0.0027484704258290186,0.0027484704258290186,0.001535868007765419
4,0.01,485,0.08625694502896078,0.0027160653458774475,0.002716065345877448,0.0015488285740151227
4,0.01,486,0.08659912376384857,0.0027183098815562394,0.0027183098815562394,0.0015485396668107384
4,0.01,487,0.0868750275547441,0.0028072928698466603,0.00280729286984666,0.0015573412832905961
4,0.01,488,0.08748152153033048,0.002859528207631153,0.0028595282076311524,0.0015631395517888315
4,0.01,489,0.0877211949907016,0.0028910829981330173,0.0028910829981330173,0.0015683573045498825
4,0.01,490,0.08763223758013194,0.0029414654236718124,0.0029414654236718124,0.0015595237854754951
4,0.01,491,0.08726935393602811,0.00295148631955457,0.00295148631955457,0.0015501144544169331
4,0.01,492,0.08759209131614863,0.003021421918425718,0.003021421918425718,0.0015718861659547044
4,0.01,493,0.08781907786094201,0.003026049815035491,0.0030260498150354916,0.001577826826094486
4,0.01,494,0.08783733994280508,0.003018452708106486,0.003018452708106486,0.001583430084116186
4,0.01,495,0.08780250264444307,0.0029246264458741376,0.0029246264458741376,0.0015881500195822882
4,0.01,496,0.08798816660326834,0.0028491553889803995,0.0028491553889803995,0.0016074777391042233
4,0.01,497,0.0881677354592932,0.0028910103326502713,0.002891010332650271,0.0016082716709900399
4,0.01,498,0.08832045322475425,0.0029267123922157054,0.0029267123922157054,0.001630667933993447
4,0.01,499,0.0883665171238974,0.0029471359513858894,0.002947135951385889,0.0016304601031242759
4,0.01,500,0.08817351895780269,0.002995055662495345,0.0029950556624953445,0.0016264773627891662
4,0.03,0,0.08226778444793605,0.00024510018761965646,0.00021828363421421505,0.00024510018761965646
4,0.03,1,0.050209400398943324,0.0002834304796719334,0.0002834304796719334,0.0002515413029237026
4,0.03,2,0.04026659661028257,0.00025971613347161235,0.00025971613347161235,0.00025319100739813673
4,0.03,3,0.03685265449964265,0.00026323740792840984,0.00023342650274998678,0.00026323740792840984
4,0.03,4,0.03575149576691318,0.00028080668356074244,0.00028080668356074244,0.0002581360492964577
4,0.03,5,0.035316511378803456,0.0002822867065936841,0.0002822867065936841,0.00026455941340069533
4,0.03,6,0.03515681573921352,0.0003122101107710031,0.00031221011077100304,0.00027990478242085915
4,0.03,7,0.035346094209420025,0.0003444877455934334,0.0003444877455934334,0.00028107867387974447
4,0.03,8,0.03572700591559181,0.000351875487610129,0.000351875487610129,0.00028306088831039287
4,0.03,9,0.03609322271239045,0.0003495452687588364,0.0003495452687588364,0.00029026105392229007
4,0.03,10,0.03646596397707954,0.00035311579089020883,0.0003531157908902088,0.0002926494831620667
4,0.03,11,0.036966116003657956,0.00035698300933770515,0.00035698300933770515,0.000302436362460577
4,0.03,12,0.03716324396728936,0.0003983881894897972,0.0003983881894897972,0.000305337510024741
4,0.03,13,0.03772993573836265,0.0003743211853838427,0.0003743211853838427,0.00031129829335624473
4,0.03,14,0.03846738529777099,0.00035811323900590135,0.00035811323900590135,0.00031794297179456906
4,0.03,15,0.03880967901433072,0.0003710232188351225,0.0003710232188351225,0.00032418120449527856
4,0.03,16,0.03915276584726286,0.0003892700037699363,0.0003892700037699363,0.0003412851548864907
4,0.03,17,0.03958112958555917,0.0003852234020056759,0.00038522340200567584,0.00034632438168037986
4,0.03,18,0.03983825995592639,0.0004579301940442384,0.0004579301940442384,0.0003477993761974955
4,0.03,19,0.04014435657008993,0.00044563087361286806,0.00044563087361286806,0.00034692456956787304
4,0.03,20,0.04037590404026754,0.00040393695241446444,0.00040393695241446444,0.000362442018398256
4,0.03,21,0.04100437734949206,0.0004184230738177246,0.0004184230738177246,0.0003807051945482007
4,0.03,22,0.04131124674227939,0.00041548682135121795,0.00041548682135121795,0.0003955170179733537
4,0.03,23,0.04178552101330065,0.0004222795556132625,0.0004222795556132625,0.00040791051979120453
4,0.03,24,0.0419237540351514,0.0004633464886443925,0.0004633464886443925,0.00041611618953190066
4,0.03,25,0.04228696672603249,0.0005195697942136534,0.0005195697942136534,0.00042012745796648934
4,0.03,26,0.042532716304062926,0.0005232824639617342,0.0005232824639617342,0.000415744528800526
4,0.03,27,0.04304100478109167,0.0004852248189818085,0.00048522481898180845,0.00041969291825091193
4,0.03,28,0.043544825826802636,0.0004728255711246575,0.0004728255711246575,0.0004240851757023881
4,0.03,29,0.04389182321341504,0.0005028803825185531,0.0005028803825185531,0.0004314898151715076
4,0.03,30,0.044263379084692925,0.0005108463652814645,0.0005108463652814645,0.0004437051831257384
4,0.03,31,0.04460082743278771,0.0005087764008848516,0.0005087764008848517,0.0004518608431999185
4,0.03,32,0.04487777173759344,0.000553643086554304,0.000553643086554304,0.00046069147479206596
4,0.03,33,0.04509531509885247,0.0004986686301910673,0.0004986686301910673,0.0004609459128381759
4,0.03,34,0.04547763735923001,0.0005114896517388146,0.0005114896517388146,0.000462125455389445
4,0.03,35,0.046191127030165695,0.0005063941899328742,0.0005063941899328742,0.0004762988044796624
4,0.03,36,0.04655836985501594,0.0004889145483865017,0.0004889145483865017,0.0004836355458941523
4,0.03,37,0.046753679369811105,0.0004905109883353872,0.00047310571078745166,0.0004905109883353872
4,0.03,38,0.04686239295783454,0.0005189698814122528,0.0005189698814122528,0.0004913865492825399
4,0.03,39,0.047342895388617225,0.0005247803447918934,0.0005247803447918934,0.0004937766846050514
4,0.03,40,0.04729357221544926,0.0005445524155762569,0.0005445524155762569,0.0005016326446405658
4,0.03,41,0.047607421438203366,0.0005841548569675638,0.0005841548569675638,0.0005081143232501213
4,0.03,42,0.04767214172725299,0.0006189999559568248,0.0006189999559568248,0.0005151588919888448
4,0.03,43,0.04817640818409828,0.0005844093923986128,0.0005844093923986128,0.0005212293979806178
4,0.03,44,0.048551122822625255,0.0006455386275389193,0.0006455386275389193,0.0005396387956061952
4,0.03,45,0.04909041462003587,0.0006043083511264283,0.0006043083511264283,0.0005419486696473581
4,0.03,46,0.04903401256268607,0.0005717551344937647,0.0005717551344937647,0.0005399994469769809
4,0.03,47,0.049233044971669984,0.0006040426302208181,0.0006040426302208181,0.0005428362291630658
4,0.03,48,0.049300813990054586,0.0006115111204786496,0.0006115111204786495,0.0005458418960916076
4,0.03,49,0.0497851345323946,0.0006237778750486237,0.0006237778750486236,0.0005489837451102894
4,0.03,50,0.05009078200260409,0.000659297957414643,0.000659297957414643,0.0005515632496975186
4,0.03,51,0.050029361645966136,0.0006500570579959442,0.0006500570579959442,0.0005565129131059539
4,0.03,52,0.050055174145086895,0.0006470505447074481,0.0006470505447074481,0.0005547479265937233
4,0.03,53,0.05039686358160602,0.0006922813367096213,0.0006922813367096214,0.0005642893365320148
4,0.03,54,0.05042644732890862,0.0007082665165525765,0.0007082665165525765,0.0005682358502644795
4,0.03,55,0.05077377775712433,0.0007043821502004097,0.0007043821502004098,0.0005812990151313351
4,0.03,56,0.05108383676201488,0.000728493062084834,0.000728493062084834,0.0005852401589088218
4,0.03,57,0.05111998183059453,0.0007258558943562746,0.0007258558943562746,0.0005894563395416829
4,0.03,58,0.0513989108434084,0.000751761847347573,0.0007517618473475728,0.0006002608159293167
4,0.03,59,0.051850886975101915,0.0007438092568662996,0.0007438092568662997,0.0006015047924286917
4,0.03,60,0.05194576650666216,0.0007909748399144448,0.0007909748399144449,0.0006060568808961413
4,0.03,61,0.05223227539482782,0.0008509457822705837,0.0008509457822705837,0.0006163149998323755
4,0.03,62,0.05244448913841205,0.0008619871600884319,0.0008619871600884318,0.0006244982819857155
4,0.03,63,0.05263140042049063,0.0008327638146347555,0.0008327638146347556,0.0006316121750070911
4,0.03,64,0.052842633370655076,0.0008443523251818061,0.0008443523251818062,0.0006279635918373187
4,0.03,65,0.05294935826665083,0.0008314645724354682,0.0008314645724354681,0.0006416738642212254
4,0.03,66,0.05329738512190085,0.0007950764550741259,0.0007950764550741259,0.0006425615605994306
4,0.03,67,0.05338503711060686,0.000792179156771512,0.0007921791567715121,0.0006439357685218348
4,0.03,68,0.05367190242647037,0.000792801728756415,0.0007928017287564151,0.0006398886240567272
4,0.03,69,0.05354960525005958,0.0007772084745186781,0.0007772084745186781,0.0006483598555162152
4,0.03,70,0.0534850663908236,0.0007607183327445179,0.000760718332744518,0.0006560025535174476
4,0.03,71,0.053990414871836506,0.0007368816626756386,0.0007368816626756387,0.0006603596137946591
4,0.03,72,0.054208421479033604,0.000720601153780543,0.000720601153780543,0.0006763657583903959
4,0.03,73,0.05413313615395374,0.0007202289525935155,0.0007202289525935155,0.000664173385111002
4,0.03,74,0.054484802022389624,0.0007677588215145809,0.0007677588215145808,0.000673959048708394
4,0.03,75,0.054364854933132624,0.0007767228626416209,0.0007767228626416209,0.0006794333030524262
4,0.03,76,0.05443885681495924,0.0007957063374246168,0.0007957063374246169,0.0006783516552603839
4,0.03,77,0.05442600808476252,0.0007867805503503405,0.0007867805503503405,0.0006875681076012138
4,0.03,78,0.054636878343398386,0.0007652497624701848,0.0007652497624701848,0.0006906511411637369
4,0.03,79,0.054814545120640296,0.0007717526840510804,0.0007717526840510804,0.0006946175849705476
4,0.03,80,0.05471596167875985,0.0007766981198672447,0.0007766981198672446,0.0006934100485933662
4,0.03,81,0.05509618566649621,0.0008218060946607056,0.0008218060946607055,0.0006880682610263815
4,0.03,82,0.05511834725381335,0.0008232013777262922,0.0008232013777262922,0.0006952039310774558
4,0.03,83,0.05521786779510043,0.0008284794279864768,0.0008284794279864769,0.0007019728987366299
4,0.03,84,0.055294561241977104,0.0008678896501900393,0.0008678896501900392,0.0007147431379160045
4,0.03,85,0.055584812478702166,0.0007935524916479927,0.0007935524916479927,0.0007234597881608248
4,0.03,86,0.055811067213776454,0.0007873115922969535,0.0007873115922969535,0.0007142092420117408
4,0.03,87,0.056363834165331674,0.0007953657350561062,0.0007953657350561061,0.000726629823022728
4,0.03,88,0.05656000442914437,0.0008625594172799195,0.0008625594172799196,0.0007329589901870131
4,0.03,89,0.0568245451257755,0.0008973931094940953,0.0008973931094940953,0.0007277431193050245
4,0.03,90,0.05710784769125392,0.000953486935460126,0.000953486935460126,0.000746133070395183
4,0.03,91,0.05701910955960013,0.0010094177283424567,0.0010094177283424567,0.000747141116586124
4,0.03,92,0.05722665689722028,0.0010226216435679635,0.0010226216435679635,0.0007448365023921344
4,0.03,93,0.05741751814050253,0.0010437006668027099,0.0010437006668027099,0.0007588677516599328
4,0.03,94,0.05740375892500376,0.0010326210664536315,0.0010326210664536315,0.000766545926301207
4,0.03,95,0.05743531782697555,0.0010576862793105714,0.0010576862793105714,0.0007638942460828208
4,0.03,96,0.05771835333166582,0.0011042543694838613,0.0011042543694838613,0.0007707796832054632
4,0.03,97,0.057603078454592324,0.000989579995961461,0.000989579995961461,0.0007587279130677647
4,0.03,98,0.05724332593616573,0.001029304591918659,0.001029304591918659,0.0007553684568102664
4,0.03,99,0.05768645197995859,0.0011127428921963408,0.0011127428921963408,0.000758230907360602
4,0.03,100,0.05759599396848258,0.0010445439219393534,0.0010445439219393532,0.0007625919928458601
4,0.03,101,0.05773237646562915,0.0011202450737774002,0.0011202450737774002,0.0007503400395294288
4,0.03,102,0.0576821154874734,0.001183904814986246,0.001183904814986246,0.0007348013458647846
4,0.03,103,0.05808796814383272,0.0011365521629979035,0.0011365521629979035,0.0007404871038549596
4,0.03,104,0.05822814822786206,0.0011760173320479342,0.0011760173320479342,0.0007435226320360588
4,0.03,105,0.058224664676149736,0.0011912868615533672,0.0011912868615533672,0.000754934389214591
4,0.03,106,0.05841344580749592,0.0011972564802662077,0.0011972564802662077,0.0007687707634990906
4,0.03,107,0.058217813100918885,0.0011857319357441451,0.0011857319357441451,0.0007728624986732521
4,0.03,108,0.05818730543851338,0.0011907698028981184,0.0011907698028981184,0.0007761866766061328
4,0.03,109,0.058225598385694015,0.0011097307548399821,0.0011097307548399821,0.0007672049121360616
4,0.03,110,0.0581705604935531,0.0011022019305656178,0.0011022019305656178,0.0007746605687211603
4,0.03,111,0.05838714968042129,0.0011884370998741399,0.0011884370998741396,0.0007744187541413723
4,0.03,112,0.058542419688911135,0.0012128279215571378,0.0012128279215571378,0.0007910455277078271
4,0.03,113,0.05883096432885683,0.0011920658797919313,0.0011920658797919311,0.0007921604529965123
4,0.03,114,0.059070126426760974,0.0012516716796279889,0.0012516716796279889,0.0008112565767632562
4,0.03,115,0.05894338548637559,0.0012071446219955083,0.0012071446219955083,0.0008337795386190759
4,0.03,116,0.05896239244961961,0.0012383779892307918,0.0012383779892307918,0.0008337803726843211
4,0.03,117,0.059369747188286595,0.0012416560352776663,0.0012416560352776663,0.0008315101451810431
4,0.03,118,0.059090049763953024,0.001220102173261651,0.001220102173261651,0.0008356688305246853
4,0.03,119,0.05913505586053645,0.001176856982830421,0.001176856982830421,0.0008407355965603355
4,0.03,120,0.05932085414055611,0.0012159590484656254,0.0012159590484656254,0.000847185558149241
4,0.03,121,0.05941337195774836,0.0011811546676192273,0.0011811546676192273,0.0008496854660360167
4,0.03,122,0.05950021834287025,0.0011137516792541324,0.0011137516792541326,0.0008540430411603402
4,0.03,123,0.05976973451039504,0.0010953109693537433,0.001095310969353743,0.0008371321132579092
4,0.03,124,0.05994605685202643,0.0011190990036135894,0.0011190990036135894,0.0008416531822359084
4,0.03,125,0.06006522562201874,0.001089670483773182,0.001089670483773182,0.0008466711561429069
4,0.03,126,0.06018080032044434,0.0011181769013789255,0.0011181769013789253,0.0008631301874757301
4,0.03,127,0.06002364168928416,0.0010883153288568164,0.0010883153288568164,0.0008503898005504079
4,0.03,128,0.059866400836887414,0.001087592964440362,0.0010875929644403618,0.0008289783230618939
4,0.03,129,0.059702546539318536,0.0010486538983235855,0.0010486538983235855,0.0008153998237497454
4,0.03,130,0.059578301629622084,0.001048221199096004,0.001048221199096004,0.0008170654539396273
4,0.03,131,0.059813326472726885,0.0011534932206791314,0.0011534932206791312,0.0008259957178132275
4,0.03,132,0.05971247528579705,0.0011869557551114536,0.0011869557551114536,0.0008329149325869723
4,0.03,133,0.0599925576373386,0.0011548274872340098,0.0011548274872340096,0.0008376595530715848
4,0.03,134,0.06012999654714774,0.0011892432802922963,0.0011892432802922963,0.0008371470469370636
4,0.03,135,0.060229998854392,0.0012225633200304094,0.0012225633200304094,0.0008303383225966062
4,0.03,136,0.060134045069577965,0.0012142114477430622,0.0012142114477430622,0.0008225922576201893
4,0.03,137,0.060254238739800105,0.0012042746235810852,0.0012042746235810854,0.0008093898042768726
4,0.03,138,0.060235747905551924,0.0012458090793489784,0.0012458090793489784,0.0008111110032329494
4,0.03,139,0.060344453817601486,0.0012040738946596447,0.0012040738946596447,0.0008136273023681636
4,0.03,140,0.06038771512801247,0.001202286239332078,0.001202286239332078,0.0008190258463537516
4,0.03,141,0.060671501785584274,0.0011948487167983055,0.0011948487167983053,0.0008154502297794211
4,0.03,142,0.06036461141210802,0.0011298280029615646,0.0011298280029615648,0.0008005041384816051
4,0.03,143,0.06058449595589524,0.001093957423459526,0.001093957423459526,0.0008041887173273555
4,0.03,144,0.06071620490198128,0.0011290960644148014,0.0011290960644148014,0.0008121403123928391
4,0.03,145,0.061139760059546716,0.0011397379141263135,0.0011397379141263135,0.0008163270891452142
4,0.03,146,0.06110201135516076,0.0011479267846134162,0.0011479267846134162,0.0008304750778042687
4,0.03,147,0.060632094492721514,0.0011727327012702534,0.0011727327012702534,0.0008263021822645798
4,0.03,148,0.06076762080719407,0.0012113043363943345,0.0012113043363943343,0.0008276243636365644
4,0.03,149,0.0610598840327518,0.001170452304481781,0.001170452304481781,0.0008425177096781009
4,0.03,150,0.061444426904556725,0.0011769094222273933,0.0011769094222273933,0.0008446557054492126
4,0.03,151,0.061510829697998565,0.0011175975718909967,0.0011175975718909965,0.0008636694618135711
4,0.03,152,0.06138159714428238,0.0011421295666889982,0.0011421295666889982,0.0008640666163729303
4,0.03,153,0.06164993068084947,0.0011734065073060438,0.0011734065073060438,0.0008690161843137878
4,0.03,154,0.06188266518160949,0.001181482938137319,0.0011814829381373189,0.0008663944982719093
4,0.03,155,0.062150569412091676,0.0012048201540511396,0.0012048201540511396,0.000864503572340543
4,0.03,156,0.06222458314758531,0.0011786926076732555,0.0011786926076732555,0.0008689043026813591
4,0.03,157,0.06244040603229903,0.001167071278786575,0.001167071278786575,0.0008745432547275019
4,0.03,158,0.06231084290978763,0.0011359756816209596,0.0011359756816209596,0.0008770894778745165
4,0.03,159,0.06246429593758039,0.001136413188827024,0.0011364131888270239,0.0008866026118912011
4,0.03,160,0.06253686701281469,0.0011987611540797863,0.0011987611540797863,0.0008951387191386209
4,0.03,161,0.06234092783849326,0.0011075980621290385,0.0011075980621290385,0.0008933512067991162
4,0.03,162,0.06270671121987827,0.001129880286882774,0.001129880286882774,0.0008919760466610492
4,0.03,163,0.062848016380755,0.0011231201851433063,0.001123120185143306,0.0009040481579303515
4,0.03,164,0.06278344388486803,0.0011471819245614048,0.0011471819245614046,0.000903123843777483
4,0.03,165,0.06263427060370112,0.0011498573536617334,0.0011498573536617334,0.0009012755749379725
4,0.03,166,0.06263073036141226,0.001217704520684832,0.001217704520684832,0.0008974119744010031
4,0.03,167,0.06264381999272353,0.0012726777950778883,0.0012726777950778883,0.0008830657853646597
4,0.03,168,0.0626836982728374,0.0012541494398827168,0.0012541494398827168,0.0008786828958215937
4,0.03,169,0.0627740144314715,0.0013320080891985164,0.0013320080891985164,0.0008877592812719516
4,0.03,170,0.06273914206926831,0.001344079861411953,0.001344079861411953,0.000881649022679541
4,0.03,171,0.06254766832400856,0.0014199300749064769,0.0014199300749064769,0.0008726778702727834
4,0.03,172,0.06266980400109,0.001429720065941918,0.0014297200659419177,0.0008965595570739417
4,0.03,173,0.06269618418134333,0.001464462253724625,0.0014644622537246248,0.000900599750669162
4,0.03,174,0.06289158739413349,0.0014634431254054083,0.0014634431254054083,0.0009055173813117171
4,0.03,175,0.06271452835590462,0.0014529787883983472,0.0014529787883983474,0.0009060908846918062
4,0.03,176,0.06251927927689067,0.001420330197264191,0.001420330197264191,0.000898605800998805
4,0.03,177,0.0625930836101883,0.0014525777833990254,0.0014525777833990254,0.000898341590296774
4,0.03,178,0.06269512896691469,0.001489105990719323,0.001489105990719323,0.0009002829259755838
4,0.03,179,0.06276767714330539,0.0014959436466007686,0.0014959436466007688,0.000904614959797463
4,0.03,180,0.0631166389785108,0.0014805449668174736,0.0014805449668174736,0.0009295040811933542
4,0.03,181,0.06297096739199261,0.0014710909495461093,0.0014710909495461093,0.0009271123171675006
4,0.03,182,0.06327483974792035,0.001508429988565963,0.001508429988565963,0.0009196897857824442
4,0.03,183,0.06317443627230981,0.0015578762026610426,0.0015578762026610428,0.0009260526016697619
4,0.03,184,0.06302582667447212,0.0015720140397801575,0.0015720140397801573,0.000938830391274576
4,0.03,185,0.06302581877324441,0.0015585281294838796,0.0015585281294838796,0.0009429560653726573
4,0.03,186,0.06289660524731945,0.0015520516947326673,0.0015520516947326673,0.0009268073098350723
4,0.03,187,0.0632929156154876,0.0016033415739298272,0.0016033415739298274,0.0009261214030267176
4,0.03,188,0.06331446534264035,0.0015940430080794861,0.0015940430080794864,0.0009275414275889502
4,0.03,189,0.06361212712887579,0.0015716164321149897,0.0015716164321149897,0.0009298901781980478
4,0.03,190,0.06356712336481601,0.0015536641571447486,0.0015536641571447486,0.0009414595361839007
4,0.03,191,0.06371211755437797,0.0016365758758532566,0.0016365758758532564,0.0009602909428782477
4,0.03,192,0.0640162792328047,0.001595293730860729,0.0015952937308607287,0.0009736143800823587
4,0.03,193,0.06395910353080687,0.0015471836150504196,0.0015471836150504196,0.00097687525773998
4,0.03,194,0.06393119672223718,0.0015263952653305681,0.0015263952653305681,0.0009790191890338305
4,0.03,195,0.06381802920432077,0.0014726507524795997,0.0014726507524796,0.0009783965720883317
4,0.03,196,0.06347282422329249,0.0014572608116608962,0.0014572608116608962,0.0009481077816467752
4,0.03,197,0.0636666420674785,0.0014379143218155286,0.0014379143218155286,0.0009478555835852922
4,0.03,198,0.06361013743283929,0.0014083570323332932,0.0014083570323332932,0.0009352941406770684
4,0.03,199,0.06369981345376803,0.001395837104154306,0.001395837104154306,0.0009448145249792254
4,0.03,200,0.06413883297323955,0.0013830908945902682,0.001383090894590268,0.000951072486102882
4,0.03,201,0.06433128346555035,0.0014285974101561397,0.0014285974101561397,0.000948103222106196
4,0.03,202,0.06393063449760462,0.001440004181848807,0.001440004181848807,0.0009448543087747394
4,0.03,203,0.06410635940678724,0.0014933531364533005,0.0014933531364533005,0.0009557459142860646
4,0.03,204,0.06423438462535465,0.0015111410849210792,0.0015111410849210792,0.0009652295153829178
4,0.03,205,0.06418702780931507,0.0015789167403899927,0.0015789167403899927,0.0009690069514716619
4,0.03,206,0.06399839185686451,0.001534402034375131,0.0015344020343751312,0.0009451104602019051
4,0.03,207,0.06425554766915123,0.0015848705005742057,0.0015848705005742057,0.0009673617096385562
4,0.03,208,0.06438154515531312,0.0016477056825571286,0.0016477056825571286,0.0009774894454034151
4,0.03,209,0.06391762573089785,0.0016186232641467078,0.0016186232641467078,0.000979354910289613
4,0.03,210,0.06401620096621131,0.0016551462024644752,0.0016551462024644752,0.0009931742036662647
4,0.03,211,0.06408412380623787,0.0017048439086521504,0.0017048439086521504,0.0009865906000257809
4,0.03,212,0.06378737690509997,0.0017307532975284728,0.0017307532975284728,0.000980317452353859
4,0.03,213,0.0636991048200092,0.0017408794199778941,0.0017408794199778941,0.0009717395352412245
4,0.03,214,0.06366485400195557,0.0016893148695508113,0.0016893148695508113,0.0009535957474840094
4,0.03,215,0.06386358498457896,0.0017615264775103418,0.0017615264775103416,0.0009510529446545125
4,0.03,216,0.0638869549098364,0.0017816784806456314,0.0017816784806456312,0.0009547675535348872
4,0.03,217,0.06413316945160065,0.0017292787216496976,0.0017292787216496978,0.0009611378620976909
4,0.03,218,0.06401503498133279,0.001713924884645052,0.001713924884645052,0.0009611769241222108
4,0.03,219,0.06399763227004747,0.0017238089681862908,0.0017238089681862908,0.0009553198994034256
4,0.03,220,0.06413248144744481,0.0016777619034390279,0.0016777619034390279,0.0009359610309178038
4,0.03,221,0.0640691951032153,0.0017027311777180522,0.0017027311777180522,0.0009363280359947304
4,0.03,222,0.06399479196453677,0.0016750648456103755,0.0016750648456103755,0.0009447092269107853
4,0.03,223,0.06400706461107618,0.0016284797566149564,0.0016284797566149564,0.0009604419696609413
4,0.03,224,0.06413671782606005,0.0016790149545697595,0.0016790149545697595,0.0009670374758732105
4,0.03,225,0.06373343902463173,0.0016759130575323233,0.0016759130575323235,0.0009649539359182307
4,0.03,226,0.06380888548849481,0.0016373052066850741,0.0016373052066850741,0.0009732463888744082
4,0.03,227,0.06364803003437794,0.0016571653083258487,0.0016571653083258487,0.0009631316519244889
4,0.03,228,0.06378512160057098,0.001671853268652543,0.001671853268652543,0.0009447361712173275
4,0.03,229,0.06399124596274569,0.0016050249711953217,0.001605024971195322,0.0009479960986300596
4,0.03,230,0.06374896623959037,0.0016006359203040756,0.0016006359203040756,0.0009294026808479903
4,0.03,231,0.06345779736503535,0.001576571863077525,0.001576571863077525,0.0009238951029621186
4,0.03,232,0.06350046733299301,0.0016216546276872407,0.0016216546276872409,0.0009209445101306756
4,0.03,233,0.06347959145159707,0.0015914374576011187,0.0015914374576011187,0.0009210555035930938
4,0.03,234,0.0635390382707699,0.0015688672000717435,0.0015688672000717435,0.0009210962930938384
4,0.03,235,0.06405329315932537,0.001583712559287402,0.001583712559287402,0.0009377258389958383
4,0.03,236,0.0639675421980939,0.0015726165155452636,0.0015726165155452636,0.0009421651303443281
4,0.03,237,0.0642393726595225,0.0015639859180642164,0.0015639859180642164,0.0009396981451900662
4,0.03,238,0.06425800809995443,0.0016394132501651108,0.0016394132501651108,0.000947383162755157
4,0.03,239,0.06436823748544065,0.0016347926246211497,0.0016347926246211494,0.0009426567786824316
4,0.03,240,0.06417331873417559,0.0016203966653115687,0.0016203966653115687,0.0009381548329129046
4,0.03,241,0.06420642546795706,0.001624695586763919,0.0016246955867639191,0.0009419435629766642
4,0.03,242,0.0644812623509223,0.0016328780144456855,0.0016328780144456855,0.0009454938741222251
4,0.03,243,0.06446977476621278,0.001625732629775926,0.001625732629775926,0.0009439836148563298
4,0.03,244,0.06450002973583341,0.0016951823171970025,0.0016951823171970025,0.0009616174994564341
4,0.03,245,0.06432394538472339,0.0016592559902183757,0.0016592559902183755,0.0009738201399100199
4,0.03,246,0.0643988315611374,0.0016560433542421038,0.0016560433542421038,0.0009782132177241732
4,0.03,247,0.06455370679935439,0.0016322570385386844,0.0016322570385386844,0.0009659810761710563
4,0.03,248,0.06481921537431078,0.0016471357437386283,0.0016471357437386285,0.0009775875697038247
4,0.03,249,0.06525149680804854,0.0016404463128274847,0.0016404463128274847,0.0009679331947632096
4,0.03,250,0.06493929360144204,0.0015963100907361756,0.0015963100907361756,0.0009582873812214074
4,0.03,251,0.06463398950601047,0.001553094837956559,0.0015530948379565593,0.0009571586176693238
4,0.03,252,0.06476654240440186,0.0015481726449878385,0.0015481726449878383,0.0009541934123896334
4,0.03,253,0.06468479153126543,0.0015909497313363252,0.0015909497313363252,0.0009576109094462291
4,0.03,254,0.06474037381938465,0.0016170442761800619,0.0016170442761800619,0.0009575364834748509
4,0.03,255,0.06442840529234739,0.0016218199406611384,0.0016218199406611382,0.0009607547174191985
4,0.03,256,0.06459204793848454,0.0015855457416798265,0.0015855457416798265,0.0009727927698036622
4,0.03,257,0.06471180719621121,0.0015914881522029155,0.0015914881522029155,0.0009612880010932188
4,0.03,258,0.06422680874397954,0.0016169469746494978,0.0016169469746494978,0.0009557138636326341
4,0.03,259,0.06435763020479766,0.0016441643162106647,0.0016441643162106647,0.0009547951450643721
4,0.03,260,0.06466203276344099,0.0017220772808963817,0.001722077280896382,0.0009516078317271646
4,0.03,261,0.06473226356423396,0.0017766391265463823,0.0017766391265463823,0.0009507519238573036
4,0.03,262,0.0648058924709498,0.001761442248297674,0.001761442248297674,0.0009650225843193168
4,0.03,263,0.06459517263388062,0.0017222648827281582,0.0017222648827281582,0.0009668100095487103
4,0.03,264,0.0646544500430501,0.0017425771612340551,0.001742577161234055,0.0009530610850290193
4,0.03,265,0.06473856901814362,0.0017557560726016415,0.0017557560726016415,0.0009567848614698217
4,0.03,266,0.06464110595788654,0.001764236685274937,0.0017642366852749368,0.000948781104784072
4,0.03,267,0.06466057145165266,0.0017742829847545477,0.0017742829847545477,0.0009528126119733963
4,0.03,268,0.06476682812184223,0.001733390248059419,0.001733390248059419,0.000970176453038527
4,0.03,269,0.06452631718357187,0.0017154210330618202,0.0017154210330618202,0.0009747493199578255
4,0.03,270,0.06461554080522107,0.0017466404911212353,0.0017466404911212353,0.0009895962980520417
4,0.03,271,0.06459643557186992,0.0016956266937924822,0.001695626693792482,0.0009751821067667218
4,0.03,272,0.064708499596271,0.0017091786256264103,0.0017091786256264103,0.0009734476484384322
4,0.03,273,0.06492818540312395,0.001818205341223106,0.0018182053412231058,0.0009875090691873062
4,0.03,274,0.06520406560854203,0.0018473434587743245,0.0018473434587743243,0.0009961741577501901
4,0.03,275,0.06474210742601323,0.001806370711366718,0.001806370711366718,0.0009916551334940833
4,0.03,276,0.06482835135453462,0.0018780948896007228,0.0018780948896007226,0.0010029454978667054
4,0.03,277,0.06475021563766255,0.0018935441113715624,0.0018935441113715624,0.001006746205229179
4,0.03,278,0.06470688042567015,0.0019317964232061723,0.0019317964232061723,0.0009878100254772481
4,0.03,279,0.0647753167417061,0.001967324961895392,0.0019673249618953922,0.0009821479533334268
4,0.03,280,0.065048237914062,0.001981422977382398,0.001981422977382398,0.0009872035487896794
4,0.03,281,0.06525362116508973,0.001993001546935299,0.001993001546935299,0.0009917756209044002
4,0.03,282,0.06541612910266724,0.001925880463035032,0.0019258804630350318,0.0009873000550242813
4,0.03,283,0.06497220773020398,0.0019777973862911582,0.0019777973862911582,0.0009840123226099835
4,0.03,284,0.06515247814055065,0.002013525093279733,0.002013525093279733,0.0009800384951477482
4,0.03,285,0.06491597194208802,0.0020062626442548513,0.0020062626442548517,0.0009828113189342918
4,0.03,286,0.06537227440761341,0.0020409219516511847,0.0020409219516511847,0.0009826695980978488
4,0.03,287,0.06552442017250468,0.002049502637281393,0.0020495026372813925,0.0009939983576601804
4,0.03,288,0.06557321845135958,0.0020549006511643704,0.0020549006511643704,0.0009995972180088086
4,0.03,289,0.06579696332908248,0.0021193069388282517,0.0021193069388282517,0.0010186297550946947
4,0.03,290,0.06547363801187944,0.002126282964047077,0.002126282964047077,0.0010232574638988211
4,0.03,291,0.0654116289911686,0.002132561843619211,0.002132561843619211,0.0010088599655047937
4,0.03,292,0.06539286133788795,0.0020705324820819607,0.0020705324820819607,0.0010134321893771037
4,0.03,293,0.06558390791880439,0.0020692643586533673,0.0020692643586533673,0.0010066563409839315
4,0.03,294,0.06569401206927325,0.0020981427813819855,0.0020981427813819855,0.0010136382471136122
4,0.03,295,0.06572310206159178,0.002161603796483195,0.002161603796483195,0.0010225064791431991
4,0.03,296,0.06561735545482571,0.002100444197867414,0.002100444197867414,0.0010156067775954514
4,0.03,297,0.06549740018555314,0.0021066742831218144,0.0021066742831218144,0.0010141916623298472
4,0.03,298,0.06569325200899744,0.0021684542682962756,0.0021684542682962756,0.0010013626256394632
4,0.03,299,0.06585105671223707,0.002108043486627524,0.002108043486627524,0.0010088651471019806
4,0.03,300,0.0655511810637969,0.002204499861483687,0.002204499861483687,0.0010153664739079376
4,0.03,301,0.06552788998474904,0.0021713502694322667,0.0021713502694322667,0.0010158290844545868
4,0.03,302,0.06559939206911115,0.0021590018914865727,0.0021590018914865727,0.0010167901886196844
4,0.03,303,0.06543392876881328,0.0022105317990537936,0.002210531799053793,0.0010175530135462095
4,0.03,304,0.0654626205910369,0.00223399698261525,0.0022339969826152494,0.0010247036987293839
4,0.03,305,0.06575433189865912,0.0023293230181964442,0.002329323018196444,0.0010227993870444956
4,0.03,306,0.06581581790816908,0.002318569950266298,0.0023185699502662983,0.0010228172293810687
4,0.03,307,0.06570765358520941,0.0023769717776620726,0.002376971777662073,0.0010177242314911897
4,0.03,308,0.06583915508600834,0.002454995752194739,0.002454995752194739,0.0010214239897691235
4,0.03,309,0.06594783451758991,0.0024863905482815107,0.0024863905482815107,0.00101643626510071
4,0.03,310,0.06598368047615592,0.002504592034004747,0.002504592034004747,0.0010335515462440831
4,0.03,311,0.06623444388964046,0.0025434837087955913,0.002543483708795591,0.001039262418267922
4,0.03,312,0.06612640762240861,0.0024928135556360705,0.0024928135556360705,0.00104239854223834
4,0.03,313,0.06600993967469386,0.00258260142298394,0.00258260142298394,0.0010388335492414332
4,0.03,314,0.06598737931334248,0.0026370734429411197,0.0026370734429411197,0.0010380273180258593
4,0.03,315,0.06588040295024034,0.002708827342817539,0.002708827342817539,0.001034179578219108
4,0.03,316,0.06598857591927128,0.0027571863480136826,0.0027571863480136826,0.00104651541570178
4,0.03,317,0.06603984850352702,0.002686205490874958,0.002686205490874958,0.0010379674448713016
4,0.03,318,0.0659576075235656,0.002574091851347328,0.002574091851347328,0.001039412427542206
4,0.03,319,0.06596279337486645,0.002487765425793592,0.002487765425793592,0.0010288886015400415
4,0.03,320,0.06610808335467484,0.002494719612924531,0.002494719612924531,0.0010092777672541478
4,0.03,321,0.06607788675367485,0.0025055771759809916,0.002505577175980991,0.001008660088258401
4,0.03,322,0.06645757855288441,0.0025103292666984454,0.0025103292666984454,0.0010117159056448844
4,0.03,323,0.06631554172104893,0.0025189272425848374,0.0025189272425848374,0.001016854314618549
4,0.03,324,0.06627491696984021,0.0025194847307669034,0.0025194847307669034,0.0010218921293233714
4,0.03,325,0.06615474326287532,0.00248531206728113,0.0024853120672811294,0.0010279000049099422
4,0.03,326,0.06640768876347485,0.0024292180562099173,0.0024292180562099173,0.001021452468483294
4,0.03,327,0.06644042729933902,0.002424260687929939,0.0024242606879299384,0.0010213238988917518
4,0.03,328,0.06626802151312079,0.0023245102004884974,0.002324510200488498,0.0010056829110534516
4,0.03,329,0.06655452643444872,0.0023659053605809863,0.0023659053605809863,0.0010133713173309257
4,0.03,330,0.06647095190080095,0.002278323481746121,0.0022783234817461214,0.0010277506917244336
4,0.03,331,0.06658184985934266,0.0023023206593484236,0.0023023206593484236,0.0010316454411723652
4,0.03,332,0.0667763465854565,0.002222863645475465,0.002222863645475465,0.0010324966455569282
4,0.03,333,0.0663112047856796,0.0021933811893713466,0.0021933811893713466,0.0010301134326155686
4,0.03,334,0.06622941474320594,0.0022400459501313737,0.0022400459501313737,0.0010551822795786426
4,0.03,335,0.06632146722933611,0.0022497887372834083,0.0022497887372834083,0.0010448181616255093
4,0.03,336,0.06631053726439216,0.002234168848350866,0.002234168848350866,0.0010486638120236938
4,0.03,337,0.06605099660545019,0.002221935934278986,0.002221935934278986,0.001047591953496957
4,0.03,338,0.06588558132587674,0.0021694267255737373,0.0021694267255737373,0.0010355906731918964
4,0.03,339,0.06583040932242791,0.00217496475787963,0.0021749647578796303,0.0010276799608754552
4,0.03,340,0.06588555993311856,0.0022103307380759215,0.002210330738075921,0.0010393238550883695
4,0.03,341,0.06583746385787137,0.002215025861559685,0.002215025861559685,0.001046953022228534
4,0.03,342,0.06593738185471759,0.002280796085845356,0.002280796085845356,0.001054700501473704
4,0.03,343,0.06629778404116277,0.0023372788417242263,0.0023372788417242263,0.0010582922720515395
4,0.03,344,0.06627847904806691,0.002284053501347842,0.002284053501347842,0.0010447546141926047
4,0.03,345,0.06637579417635557,0.0023203111786686457,0.0023203111786686452,0.0010402292994000526
4,0.03,346,0.06653665211301661,0.0022798862554083174,0.0022798862554083174,0.0010507333094195031
4,0.03,347,0.06641386449767894,0.002290268277806853,0.002290268277806853,0.001040921157371281
4,0.03,348,0.06643665195172177,0.0022355219844929115,0.0022355219844929115,0.0010414113719726557
4,0.03,349,0.06646024319882174,0.0022890669067209463,0.0022890669067209463,0.0010446242908174806
4,0.03,350,0.0662049461130693,0.002240365060781278,0.002240365060781278,0.0010366907968632688
4,0.03,351,0.0662683008306696,0.002272059519317141,0.002272059519317141,0.001030942831579638
4,0.03,352,0.06638310027378337,0.002279783296991337,0.002279783296991337,0.0010161208557956938
4,0.03,353,0.06658948786256767,0.002299072064855195,0.002299072064855195,0.0010273251545437302
4,0.03,354,0.0666391728058573,0.002326091789402822,0.002326091789402822,0.0010178884396187314
4,0.03,355,0.06631350235219861,0.002328613104823406,0.002328613104823406,0.0010272735929950426
4,0.03,356,0.0663774956398098,0.0023847435816861276,0.0023847435816861276,0.0010364899194911105
4,0.03,357,0.06638199982253873,0.0023091616658230405,0.0023091616658230405,0.001033457159156277
4,0.03,358,0.06655842677143269,0.0022980997828321837,0.0022980997828321833,0.0010452241558439007
4,0.03,359,0.06652837798472225,0.002390096612152396,0.002390096612152396,0.0010381136361288731
4,0.03,360,0.06626488955531945,0.002377228778198248,0.002377228778198248,0.001036860765261381
4,0.03,361,0.06605331912534938,0.002403377013764628,0.002403377013764628,0.0010452715055794433
4,0.03,362,0.06563812976903124,0.0024076649771150624,0.0024076649771150624,0.001044874568677174
4,0.03,363,0.06547038511835489,0.002363258212171551,0.0023632582121715516,0.0010388356796752682
4,0.03,364,0.06554386765658976,0.002401811867225482,0.002401811867225482,0.0010386119639042687
4,0.03,365,0.0657390733174606,0.002437402618317147,0.002437402618317147,0.0010275767090359767
4,0.03,366,0.06565501741398634,0.002371924342376815,0.002371924342376815,0.0010347468790624739
4,0.03,367,0.06587146804157028,0.0024395228468996276,0.002439522846899628,0.0010347137193847035
4,0.03,368,0.06595398681446832,0.0024538973637782775,0.0024538973637782775,0.0010323513712940146
4,0.03,369,0.06620806257093331,0.002461320714310287,0.002461320714310287,0.0010408651954385909
4,0.03,370,0.06565658213956461,0.0024071351932771863,0.0024071351932771863,0.0010266689222620988
4,0.03,371,0.06563882044458699,0.002371212966842707,0.002371212966842707,0.001019330925817191
4,0.03,372,0.06559119312641808,0.0023476538050179003,0.0023476538050179003,0.0010202754729366288
4,0.03,373,0.06568425883759493,0.002422376533364113,0.002422376533364113,0.00101721388263273
4,0.03,374,0.0658504758380125,0.0023784993657302205,0.0023784993657302205,0.0010242547013021687
4,0.03,375,0.0656849474561377,0.0023261114950276045,0.002326111495027605,0.0010135202470845405
4,0.03,376,0.0658931695975858,0.0023038004877145293,0.0023038004877145293,0.0010056734852997413
4,0.03,377,0.0662927453954289,0.0022898252889332685,0.002289825288933269,0.0010140318602764372
4,0.03,378,0.06658528449273506,0.002325930092623604,0.002325930092623604,0.0010166365613984193
4,0.03,379,0.06676312229543689,0.0022903402716095878,0.0022903402716095878,0.0010320216035105301
4,0.03,380,0.06656770358937533,0.002249517912190386,0.002249517912190386,0.0010257772487973808
4,0.03,381,0.06633152592515204,0.0023202558275375778,0.0023202558275375778,0.0010244819515222686
4,0.03,382,0.06619995824890411,0.0023375269006898017,0.0023375269006898017,0.0010266007614879334
4,0.03,383,0.06606457519562539,0.00229821872348039,0.00229821872348039,0.001016054633413594
4,0.03,384,0.06629051822793283,0.0023173784617798593,0.0023173784617798593,0.0010278144518733215
4,0.03,385,0.06620254284852714,0.002319267276699541,0.0023192672766995407,0.001018786981444877
4,0.03,386,0.0662093993042825,0.00231904039970233,0.00231904039970233,0.0010145204009164909
4,0.03,387,0.06590771547943682,0.0023542775066971193,0.0023542775066971193,0.0010073874778509487
4,0.03,388,0.06606182702360204,0.0023932765640219673,0.0023932765640219673,0.0010192512543617256
4,0.03,389,0.06612519911254447,0.0024230382483580973,0.0024230382483580973,0.0010217029645752953
4,0.03,390,0.06621261351569237,0.00242776023685714,0.00242776023685714,0.001013262738855567
4,0.03,391,0.06608748069190286,0.0024054487693023867,0.0024054487693023867,0.0010125547020442443
4,0.03,392,0.06632600845771455,0.002466185790277658,0.002466185790277658,0.0010195702375627577
4,0.03,393,0.06639170059171125,0.0024837891854342844,0.0024837891854342844,0.001025946110658028
4,0.03,394,0.06637525840838557,0.0025465117240749202,0.0025465117240749207,0.0010036803173871008
4,0.03,395,0.06645423238370522,0.0024791572916962254,0.0024791572916962254,0.0010201711631950743
4,0.03,396,0.06644679301838333,0.0024877187216724743,0.0024877187216724743,0.001014110617236791
4,0.03,397,0.06662166932054049,0.002457029019659475,0.002457029019659475,0.001013756299349299
4,0.03,398,0.06659926680742194,0.0025253851290822395,0.0025253851290822395,0.0010287562676461292
4,0.03,399,0.06674527729926094,0.002542852401366751,0.002542852401366751,0.0010273585599229066
4,0.03,400,0.06653592607370691,0.002604554812069038,0.002604554812069038,0.0010335754796717126
4,0.03,401,0.06644635019785172,0.002616233095254843,0.0026162330952548434,0.001036351757045883
4,0.03,402,0.06629673035932819,0.002658084929794214,0.002658084929794214,0.0010341252186778854
4,0.03,403,0.06657464246162301,0.002755283873218169,0.002755283873218169,0.0010505297913585016
4,0.03,404,0.06673571526898388,0.0027237123149892184,0.0027237123149892184,0.0010477352885727195
4,0.03,405,0.06664289885354671,0.0027626464999975166,0.002762646499997516,0.001044024971648107
4,0.03,406,0.06641519449088397,0.0027123251325679447,0.002712325132567945,0.0010489652183131644
4,0.03,407,0.0665723659181932,0.002647150043604117,0.002647150043604117,0.0010536919337874552
4,0.03,408,0.06624557181987116,0.002638723697591705,0.0026387236975917053,0.0010599036040833392
4,0.03,409,0.06660151389865694,0.0027096980531980987,0.0027096980531980987,0.0010697218255469256
4,0.03,410,0.0666806719988495,0.0027570026444698336,0.0027570026444698336,0.001073864005129617
4,0.03,411,0.06696646686124931,0.0027552284312971406,0.0027552284312971406,0.0010764369571906922
4,0.03,412,0.0670938348796746,0.002760918304623208,0.002760918304623208,0.0010682357517082502
4,0.03,413,0.06720605542797474,0.0027143644435713614,0.0027143644435713614,0.001056508219125832
4,0.03,414,0.06696389111155977,0.0026674492679947827,0.0026674492679947823,0.0010324597416893212
4,0.03,415,0.06699134750795466,0.002591699691946011,0.002591699691946011,0.0010295036799512808
4,0.03,416,0.06662945312226275,0.0024912955899786767,0.0024912955899786767,0.0010102053816784557
4,0.03,417,0.06670137937539956,0.002569552164146668,0.0025695521641466677,0.0010111949758953504
4,0.03,418,0.0668589259935564,0.0025578881793463437,0.0025578881793463437,0.0010126228423361415
4,0.03,419,0.06670529729493452,0.002539634082561283,0.0025396340825612836,0.0010262866998663064
4,0.03,420,0.06678207780702139,0.0025836948847171347,0.0025836948847171347,0.0010327490830070469
4,0.03,421,0.06623176357722488,0.002573636702811892,0.0025736367028118914,0.001011643274475551
4,0.03,422,0.06595969053263219,0.0025828343053673325,0.0025828343053673325,0.0010281781579980216
4,0.03,423,0.06587469868517197,0.0025626626515835513,0.002562662651583551,0.0010149702052262917
4,0.03,424,0.0663594710610768,0.0025931153054430073,0.0025931153054430073,0.0010295172126364427
4,0.03,425,0.06661209701631071,0.0026189997387732287,0.0026189997387732287,0.0010333156856166077
4,0.03,426,0.06689291115707843,0.0025177159684099614,0.0025177159684099614,0.0010273317382459887
4,0.03,427,0.06651106354024368,0.0024407336314151004,0.0024407336314151004,0.0010153234377203437
4,0.03,428,0.0664733395729802,0.0024450516868175986,0.0024450516868175986,0.0010331663765619937
4,0.03,429,0.06639718460722967,0.002527118910282761,0.002527118910282761,0.00103182631023958
4,0.03,430,0.06617297053553245,0.00252465761259075,0.0025246576125907494,0.0010190880320858956
4,0.03,431,0.06589943985729357,0.002480957198007588,0.002480957198007588,0.0009933183890185342
4,0.03,432,0.06600628843169348,0.0024255695628604143,0.0024255695628604143,0.0009858851083460757
4,0.03,433,0.0659609807865635,0.0024967309212072662,0.0024967309212072662,0.0009932901002979594
4,0.03,434,0.0657014844569065,0.0024441780753059264,0.0024441780753059264,0.000993361630624077
4,0.03,435,0.06598495769979784,0.002390236474892927,0.002390236474892927,0.0010004666541862444
4,0.03,436,0.0658337453853737,0.002398319892543047,0.002398319892543047,0.0010037175087252558
4,0.03,437,0.06589369836138201,0.0024183485796117833,0.0024183485796117833,0.0009959312314505176
4,0.03,438,0.06586097903438459,0.002328973353678786,0.002328973353678786,0.001000582020227446
4,0.03,439,0.06616027692207462,0.0023118943389187135,0.002311894338918714,0.0010011628077285447
4,0.03,440,0.06637360419347282,0.0023557918221429495,0.0023557918221429495,0.001016539013028026
4,0.03,441,0.06632703809232718,0.002360158794225807,0.002360158794225807,0.0010173640768098222
4,0.03,442,0.06664098736022032,0.0024104589095737183,0.0024104589095737183,0.0010265296782297458
4,0.03,443,0.06648745283088543,0.002482145370496081,0.002482145370496081,0.0010210446548645916
4,0.03,444,0.0668967296798269,0.0024347271373733326,0.0024347271373733326,0.001025608480447088
4,0.03,445,0.06705342347148573,0.0024583768285639496,0.0024583768285639496,0.00102381866891647
4,0.03,446,0.06681945333352153,0.0024176796510194326,0.0024176796510194326,0.001007459264485528
4,0.03,447,0.0667986303097224,0.002405106626962821,0.0024051066269628204,0.0010074640541870388
4,0.03,448,0.0668170905763992,0.0024866493773919515,0.0024866493773919515,0.0010243645436668924
4,0.03,449,0.06675049513625245,0.002483125151977361,0.002483125151977361,0.0010174001860251492
4,0.03,450,0.0669940579752625,0.0025531838562324236,0.002553183856232424,0.0010230156437319776
4,0.03,451,0.06707167145460584,0.002588054538567564,0.002588054538567564,0.0010242701036258669
4,0.03,452,0.06705591917352688,0.0024855753446873133,0.0024855753446873133,0.0010146412022324154
4,0.03,453,0.06702770110633299,0.002487906374124039,0.002487906374124039,0.0010280138828310682
4,0.03,454,0.0669080248054293,0.002442794402953786,0.002442794402953786,0.0010362552082906927
4,0.03,455,0.06669136447496496,0.0023718405927765675,0.0023718405927765675,0.0010341032041856965
4,0.03,456,0.06643684487881824,0.002336226641503544,0.0023362266415035446,0.0010365585044591805
4,0.03,457,0.06664775486946546,0.00233245391499163,0.0023324539149916297,0.0010442189145294556
4,0.03,458,0.06668441834062383,0.0023479336219938,0.0023479336219938,0.0010543505518165078
4,0.03,459,0.0669068780767895,0.002402434463152033,0.002402434463152033,0.0010569164584091034
4,0.03,460,0.06711254328213019,0.002435407549589249,0.002435407549589249,0.0010726399698200184
4,0.03,461,0.06703420558412272,0.0023816536670177323,0.0023816536670177323,0.0010679683088353834
4,0.03,462,0.0671358646629751,0.0023855887065158377,0.0023855887065158377,0.0010711892162846325
4,0.03,463,0.06752749785908461,0.002365624567381137,0.0023656245673811366,0.0010707928284421897
4,0.03,464,0.06745996329582576,0.0024423312916380608,0.0024423312916380608,0.0010771264262172486
4,0.03,465,0.06752329598496032,0.0025311934385670956,0.0025311934385670956,0.0010728594189199326
4,0.03,466,0.0674845109102135,0.0024610185506166015,0.0024610185506166015,0.0010712712026815655
4,0.03,467,0.06768694659224232,0.002516019059658731,0.0025160190596587306,0.001067594221609203
4,0.03,468,0.06795747521930641,0.0026465755376992844,0.0026465755376992844,0.0010760017454045827
4,0.03,469,0.06787382565417306,0.0027725607722886305,0.0027725607722886305,0.0010821551673504618
4,0.03,470,0.06795907687305763,0.0027703937931694476,0.002770393793169447,0.00108344755631743
4,0.03,471,0.06767563654920525,0.0027499550102579756,0.0027499550102579756,0.0010957333283859766
4,0.03,472,0.06768695106593799,0.0027406137991030583,0.0027406137991030583,0.0010960219910954756
4,0.03,473,0.06771296443503146,0.002676801972752898,0.002676801972752898,0.0010834274165444024
4,0.03,474,0.06770471280433413,0.0026630734509140276,0.0026630734509140276,0.0010805498825918216
4,0.03,475,0.06740459779761696,0.0026740067459666414,0.0026740067459666414,0.001074399757741368
4,0.03,476,0.06735183993276064,0.0027158510098163977,0.0027158510098163977,0.0010578997725890205
4,0.03,477,0.06733016411166773,0.0026987796855648927,0.0026987796855648927,0.0010560427712355768
4,0.03,478,0.06710084039726744,0.0026605812005063476,0.0026605812005063476,0.0010483215151685867
4,0.03,479,0.06681129548405616,0.0026047496601650597,0.0026047496601650597,0.001043258827551733
4,0.03,480,0.06722768730911624,0.0026546148054260427,0.0026546148054260427,0.0010521135814278305
4,0.03,481,0.06687258236263287,0.0026336361832106202,0.0026336361832106202,0.0010395081166267456
4,0.03,482,0.06671450287742368,0.002599441167596292,0.002599441167596292,0.0010430780822146362
4,0.03,483,0.0670635510080763,0.002626447629453445,0.002626447629453445,0.001049155661708914
4,0.03,484,0.06717112860914705,0.0026562024144709383,0.0026562024144709383,0.0010594480622629849
4,0.03,485,0.06709857574736462,0.002627982999552648,0.0026279829995526486,0.0010626229573343314
4,0.03,486,0.06719655276308216,0.0026994786497806338,0.0026994786497806338,0.0010760734489269506
4,0.03,487,0.0674474223351362,0.0027568093816817303,0.00275680938168173,0.0010736567011381843
4,0.03,488,0.0672722771571992,0.002677177197174737,0.0026771771971747372,0.0010806889276385465
4,0.03,489,0.06734580392965443,0.0026710201581053514,0.0026710201581053514,0.0010842947035215357
4,0.03,490,0.06708516903175035,0.0027031783196522895,0.0027031783196522895,0.001077670742892388
4,0.03,491,0.0673620910822693,0.0027165104949553854,0.0027165104949553854,0.0010897836988307073
4,0.03,492,0.06746350945870312,0.0028031456989166858,0.002803145698916686,0.0011023452314574678
4,0.03,493,0.06729426274793232,0.002770424560651214,0.0027704245606512135,0.0010853709799729383
4,0.03,494,0.06739170032526974,0.002773939896220429,0.002773939896220429,0.0010893887902590368
4,0.03,495,0.06716585665433775,0.0027214371947391295,0.0027214371947391295,0.001085263058925871
4,0.03,496,0.06732340668665403,0.002726913253756423,0.002726913253756423,0.001083243637318142
4,0.03,497,0.06721551928185132,0.00278924959167808,0.0027892495916780795,0.0010960016673084692
4,0.03,498,0.067151619074577,0.0027890145313343366,0.0027890145313343366,0.001093649783715278
4,0.03,499,0.06677697536053058,0.002732739706922655,0.0027327397069226546,0.0010908193379915775
4,0.03,500,0.0668522252432608,0.0027248028240310918,0.0027248028240310918,0.0011027413972494752
4,0.05,0,0.08263291264863108,0.00024190848822431847,0.0002419084882243185,0.00024069729199029943
4,0.05,1,0.05016977364436675,0.0002528618242209908,0.0002528618242209908,0.0002506426039097125
4,0.05,2,0.04050179667731589,0.0002726340553601282,0.0002726340553601282,0.0002541908590269254
4,0.05,3,0.03659534697040391,0.00031916714043292644,0.00031916714043292644,0.00024844891642501586
4,0.05,4,0.03495420267714162,0.0002493665559595387,0.00024936655595953877,0.00024104383013121627
4,0.05,5,0.03424931921258697,0.00026399095310321037,0.00026399095310321037,0.000245951424707162
4,0.05,6,0.034001905028936644,0.00029368243233183014,0.00029368243233183014,0.0002510950827442306
4,0.05,7,0.034186394603211344,0.0003314456403345365,0.0003314456403345365,0.0002615041589694317
4,0.05,8,0.03414005160132082,0.0003471285501457324,0.0003471285501457324,0.0002636417243797359
4,0.05,9,0.03445755346701089,0.00034093648760649854,0.00034093648760649854,0.00026612820717889434
4,0.05,10,0.03493560443463869,0.000381521843157742,0.00038152184315774193,0.00027222399144661587
4,0.05,11,0.035180621737804466,0.0003631968280939393,0.0003631968280939393,0.0002812445927879801
4,0.05,12,0.0358149054864128,0.0004066625236710612,0.0004066625236710612,0.0002878208593191158
4,0.05,13,0.036207191398662485,0.0003601790175605431,0.0003601790175605431,0.0002999087142093941
4,0.05,14,0.036507708698818184,0.0003581741005207008,0.0003581741005207008,0.0003110260988623131
4,0.05,15,0.036653806844034346,0.00039421738421129053,0.0003942173842112905,0.00031257759337368246
4,0.05,16,0.0367964678030136,0.00039223327565088387,0.00039223327565088387,0.00031460835522603047
4,0.05,17,0.03735409059999411,0.00040419636810326884,0.0004041963681032688,0.00032618634039343724
4,0.05,18,0.03746059211968638,0.0004438010217071766,0.00044380102170717654,0.00033157303586800886
4,0.05,19,0.03771904302319084,0.0004642965335466368,0.00046429653354663683,0.0003351739287686165
4,0.05,20,0.03804478077800315,0.00046565375304524336,0.0004656537530452433,0.0003375673138830651
4,0.05,21,0.03822782978974184,0.00046092631581408334,0.0004609263158140833,0.0003424793106242609
4,0.05,22,0.038770660316216864,0.0004944896956123599,0.0004944896956123599,0.0003529163513870751
4,0.05,23,0.03891636041789663,0.0005204360576656347,0.0005204360576656347,0.00035765262405809255
4,0.05,24,0.03913933062211991,0.0005204353122514187,0.0005204353122514187,0.0003605983709037747
4,0.05,25,0.03947416096314657,0.0005103195996529808,0.0005103195996529808,0.00037148732354528344
4,0.05,26,0.03976156728528097,0.000498034163988332,0.000498034163988332,0.000370339417974237
4,0.05,27,0.0398994081346803,0.0004979154176533581,0.0004979154176533581,0.0003660027300749383
4,0.05,28,0.040307713079891457,0.0005106875109850379,0.0005106875109850379,0.0003735454311665181
4,0.05,29,0.04048293743633633,0.0004977520351791966,0.0004977520351791966,0.00037996886693230253
4,0.05,30,0.04088031174110784,0.0005253791236042513,0.0005253791236042513,0.0003865049227807655
4,0.05,31,0.041121527766451726,0.0005352761482766586,0.0005352761482766587,0.0003935043685178664
4,0.05,32,0.04151836220958557,0.0005598456352329908,0.0005598456352329908,0.00039803039550830943
4,0.05,33,0.041452879073441785,0.0005525372625062518,0.0005525372625062518,0.0004062302865919807
4,0.05,34,0.041764414054920325,0.0005321520030766452,0.0005321520030766452,0.0004124072613661395
4,0.05,35,0.041969103566274465,0.0005189083154141447,0.0005189083154141446,0.0004039065138720092
4,0.05,36,0.04225198006793659,0.0004959672643409372,0.0004959672643409372,0.0004058515148379356
4,0.05,37,0.04233626441483296,0.0005476312189050303,0.0005476312189050303,0.00041493468920502144
4,0.05,38,0.04211035641110347,0.0005948063415526241,0.0005948063415526241,0.0004075404930850874
4,0.05,39,0.04267300884865101,0.0005667468362930938,0.0005667468362930938,0.0004134307944535686
4,0.05,40,0.04251138469633017,0.0005503386193258085,0.0005503386193258085,0.0004203303223169819
4,0.05,41,0.042646247398085396,0.0005824642811904948,0.0005824642811904948,0.0004214106217875416
4,0.05,42,0.042730312573970655,0.0006069088164611076,0.0006069088164611076,0.00042566261632404675
4,0.05,43,0.0431044852428873,0.0006458042951105966,0.0006458042951105966,0.0004426146528606768
4,0.05,44,0.04315488106288721,0.0006764369840389034,0.0006764369840389033,0.00043691869609948286
4,0.05,45,0.04349388646512541,0.0007010166661078585,0.0007010166661078585,0.00043613754154503
4,0.05,46,0.04364990002895168,0.0006651374460345764,0.0006651374460345765,0.0004332886885982145
4,0.05,47,0.04345778418885627,0.0006737940898106908,0.0006737940898106908,0.0004275198891777095
4,0.05,48,0.04384307933786279,0.0006547094727102611,0.000654709472710261,0.00043666317184657614
4,0.05,49,0.043908678460252565,0.0006394780271635476,0.0006394780271635476,0.0004328161465337978
4,0.05,50,0.043980382582044744,0.0006661215146557553,0.0006661215146557553,0.00042979362317803677
4,0.05,51,0.0439310751057506,0.0006357731856042371,0.0006357731856042371,0.00043559451368068407
4,0.05,52,0.04412780947701065,0.0006769237423906472,0.0006769237423906472,0.0004351903718270633
4,0.05,53,0.044700566110122,0.0006720254526341173,0.0006720254526341173,0.00044046404336195753
4,0.05,54,0.04462203323748983,0.0007015258214924047,0.0007015258214924047,0.00044032002134953457
4,0.05,55,0.044880232402293635,0.0007058020329971901,0.0007058020329971901,0.0004479068519586667
4,0.05,56,0.044915378821141674,0.0007198191719017046,0.0007198191719017046,0.00044813924265274513
4,0.05,57,0.04495315580448373,0.000777271187141773,0.0007772711871417728,0.00046577884779550147
4,0.05,58,0.045200770241392275,0.0007776888892324876,0.0007776888892324876,0.0004706215740265115
4,0.05,59,0.04554700961444612,0.0008038248159469327,0.0008038248159469328,0.0004864734550404303
4,0.05,60,0.04568032381059125,0.0007849784404408361,0.0007849784404408361,0.0004788374255985697
4,0.05,61,0.045853673271827385,0.0007230966756467287,0.0007230966756467287,0.0004790471863073737
4,0.05,62,0.04627130774349731,0.0007568670506384667,0.0007568670506384666,0.0004947490157972702
4,0.05,63,0.04615417594496269,0.0007683650382660644,0.0007683650382660644,0.0004961823766884692
4,0.05,64,0.04625967174561431,0.000805407269509017,0.000805407269509017,0.0005006882248601815
4,0.05,65,0.04633465143239557,0.000783005603112862,0.000783005603112862,0.0004881930212050675
4,0.05,66,0.046357470440779265,0.0007574095054521233,0.0007574095054521234,0.0004870963449002478
4,0.05,67,0.04651603091661298,0.0007827215777488416,0.0007827215777488416,0.0004933168406954086
4,0.05,68,0.04651590108285027,0.0007909467711284511,0.000790946771128451,0.00048751381829692715
4,0.05,69,0.04650072478490545,0.0008276232848910463,0.0008276232848910463,0.0004761612873223902
4,0.05,70,0.04626790105326192,0.0008065893695769158,0.0008065893695769158,0.00048554982808928155
4,0.05,71,0.0465583292519389,0.0007973596951447406,0.0007973596951447406,0.0004903171445690595
4,0.05,72,0.047042963045442754,0.0008255206498704404,0.0008255206498704403,0.0005030498973879208
4,0.05,73,0.04694271676428266,0.0008374360324121607,0.0008374360324121607,0.000506409642648243
4,0.05,74,0.046811324029707654,0.0008661443711164723,0.0008661443711164724,0.0005010176081059638
4,0.05,75,0.0468586750746184,0.0008598307439084924,0.0008598307439084924,0.0005103413273545434
4,0.05,76,0.046628704201571454,0.0007891795442949427,0.0007891795442949427,0.0005013595540106401
4,0.05,77,0.046617236074035374,0.0008393677582277559,0.0008393677582277559,0.0005102899989392984
4,0.05,78,0.0464044365555948,0.000819046808134858,0.000819046808134858,0.0005061399617268763
4,0.05,79,0.046578974559789585,0.000854168326938897,0.000854168326938897,0.0005105915660160566
4,0.05,80,0.04657952917569324,0.0008663763888708052,0.0008663763888708053,0.0005131120483056974
4,0.05,81,0.04655244843392576,0.000892346650085139,0.0008923466500851391,0.0005146653661931617
4,0.05,82,0.046892272590333996,0.0008851080585886628,0.0008851080585886628,0.000525829993738062
4,0.05,83,0.0470849428431896,0.0008748620281898727,0.0008748620281898727,0.0005315102982323256
4,0.05,84,0.0472918699631895,0.0008861748764476995,0.0008861748764476993,0.0005280906289428489
4,0.05,85,0.04731945609950164,0.0008957615499632272,0.0008957615499632271,0.0005214503203498396
4,0.05,86,0.04729728491463569,0.0009145122943368316,0.0009145122943368316,0.0005260748520055835
4,0.05,87,0.04730911276949201,0.0008846082080426788,0.0008846082080426787,0.0005329259216457705
4,0.05,88,0.04711917613438073,0.0009187300963706186,0.0009187300963706186,0.0005405366020385121
4,0.05,89,0.04719964912273973,0.000940489451250711,0.000940489451250711,0.0005300265383165664
4,0.05,90,0.047130721752927665,0.0009899657758285134,0.0009899657758285134,0.0005381706238191075
4,0.05,91,0.04724439264809681,0.0009442901110277315,0.0009442901110277315,0.0005349928943388775
4,0.05,92,0.04753057544271207,0.0009431397878455548,0.0009431397878455548,0.0005380679141618882
4,0.05,93,0.04760376341083301,0.0009701961385215776,0.0009701961385215776,0.0005526718574768839
4,0.05,94,0.0477134035022564,0.000989915735912611,0.0009899157359126113,0.0005488982634401775
4,0.05,95,0.04773430929480561,0.0009674615128291052,0.0009674615128291052,0.0005481951195816456
4,0.05,96,0.047809045810333954,0.0009643644728099725,0.0009643644728099725,0.0005417345916854211
4,0.05,97,0.048358800457847344,0.000904456603106484,0.000904456603106484,0.0005481730741970902
4,0.05,98,0.04831560279612166,0.0008768362874853976,0.0008768362874853976,0.0005497723408649783
4,0.05,99,0.04827676462482399,0.0009066439065359545,0.0009066439065359544,0.0005561582844455737
4,0.05,100,0.04802754280191287,0.0008259112915062015,0.0008259112915062014,0.0005496888640962511
4,0.05,101,0.048307587175254844,0.0008567553573608095,0.0008567553573608095,0.0005578583049570322
4,0.05,102,0.048481364289851066,0.0008403756284081173,0.0008403756284081172,0.0005596757416066023
4,0.05,103,0.048909117449029704,0.0008998150483893484,0.0008998150483893485,0.0005614287334925402
4,0.05,104,0.048618056925266225,0.0009721401396050652,0.0009721401396050652,0.0005515157243739336
4,0.05,105,0.048709006861252,0.0009935937211059307,0.0009935937211059307,0.0005661156981050648
4,0.05,106,0.048923680052237024,0.000968680519682111,0.000968680519682111,0.000564891578814111
4,0.05,107,0.04875295763324586,0.0010284767727905984,0.0010284767727905982,0.0005711709379580621
4,0.05,108,0.048748281318301494,0.0009301711862478483,0.0009301711862478483,0.0005873935126468938
4,0.05,109,0.04882831567045533,0.0009724451860100009,0.000972445186010001,0.0005881196602498906
4,0.05,110,0.048804459783687144,0.0009860340532117297,0.0009860340532117297,0.000584377457598152
4,0.05,111,0.049004117084886466,0.0009790685071197872,0.0009790685071197872,0.0005988985269750353
4,0.05,112,0.0490388343515202,0.0010234761058870235,0.0010234761058870235,0.0005886853688332984
4,0.05,113,0.04888593404789229,0.0010042910319494275,0.0010042910319494275,0.0005917612350929209
4,0.05,114,0.04884532702922915,0.0010462464713858757,0.0010462464713858757,0.0005908071701100987
4,0.05,115,0.04911445256321114,0.0010228613882032067,0.0010228613882032067,0.0005925377085205609
4,0.05,116,0.049097733099670735,0.0010693087235313491,0.0010693087235313491,0.0005938120877185223
4,0.05,117,0.04920587935485155,0.0010860725222888701,0.0010860725222888701,0.0005884083886158383
4,0.05,118,0.04919944982909478,0.0011001398885653127,0.0011001398885653127,0.0005975458557270112
4,0.05,119,0.048920840442179855,0.001042239579159194,0.001042239579159194,0.0005860738609898391
4,0.05,120,0.04873813203186128,0.0010184794083824384,0.0010184794083824384,0.0005765570443434906
4,0.05,121,0.04867606817180214,0.001058008215965472,0.001058008215965472,0.0005799999451854125
4,0.05,122,0.048847870531802964,0.0010387057396326657,0.0010387057396326657,0.0005877514410265594
4,0.05,123,0.04905071082143646,0.0010363291881723764,0.0010363291881723764,0.0005894439981947322
4,0.05,124,0.048867974402642705,0.0010270711332956283,0.0010270711332956283,0.0005986362788132941
4,0.05,125,0.04887813620311862,0.0010142604914862522,0.001014260491486252,0.000598187464885197
4,0.05,126,0.049144047431752845,0.0009955375160275977,0.0009955375160275977,0.0005977676942413928
4,0.05,127,0.049073642327902414,0.001038857660661579,0.0010388576606615788,0.0005933599161618452
4,0.05,128,0.0491071824020312,0.0010259137360994863,0.0010259137360994863,0.0005893577698056198
4,0.05,129,0.04899813346029718,0.001041203136469891,0.001041203136469891,0.0005936106934686969
4,0.05,130,0.04901487777440129,0.0010562562086144146,0.0010562562086144144,0.0005978198549478102
4,0.05,131,0.0488795455423183,0.0010160907293066852,0.0010160907293066854,0.0005944695703577848
4,0.05,132,0.04913369967091989,0.001041588798995941,0.001041588798995941,0.0006134899783126206
4,0.05,133,0.04936445781614733,0.0010181331717540774,0.0010181331717540774,0.0006094252694201358
4,0.05,134,0.049538012550140495,0.001032154108698692,0.0010321541086986922,0.0006066397633937615
4,0.05,135,0.04964344823052192,0.0010729786681154057,0.0010729786681154057,0.000607533152410115
4,0.05,136,0.04969113277473811,0.001075567403618565,0.001075567403618565,0.0006123809561440606
4,0.05,137,0.049733225295252446,0.0010532786067231515,0.0010532786067231515,0.0006184981969963577
4,0.05,138,0.04957499583477884,0.0010638169815141187,0.0010638169815141187,0.0006252611465885629
4,0.05,139,0.04957761772223585,0.0010516244562079936,0.0010516244562079936,0.000638467309276565
4,0.05,140,0.04953459224544074,0.001116220781151046,0.001116220781151046,0.0006310463542767336
4,0.05,141,0.04941953172948288,0.00112278386922296,0.00112278386922296,0.0006377444763449336
4,0.05,142,0.049599469542903146,0.0011632183277463977,0.0011632183277463974,0.0006271040950980971
4,0.05,143,0.04971955029862455,0.0011691271481299693,0.0011691271481299693,0.0006151811914909708
4,0.05,144,0.049693346039689376,0.0011413458975634365,0.0011413458975634363,0.0006126008086580752
4,0.05,145,0.049646262694859764,0.001093667615355832,0.001093667615355832,0.0005961511861042348
4,0.05,146,0.049638268857567565,0.001080356337325974,0.001080356337325974,0.0006041361286647171
4,0.05,147,0.04963222052272444,0.001087044147333904,0.001087044147333904,0.0006070229903977275
4,0.05,148,0.04953269403571867,0.0011019609220982354,0.0011019609220982354,0.0005954340069747969
4,0.05,149,0.04949356568784276,0.0011001977221352386,0.0011001977221352386,0.0005894643305723113
4,0.05,150,0.049941951321471015,0.0010894800156178803,0.0010894800156178803,0.0006132023686707589
4,0.05,151,0.049838586648644316,0.0010692198324639272,0.0010692198324639272,0.0006156271490100612
4,0.05,152,0.04957600900850048,0.0011582689455481698,0.0011582689455481696,0.0006107794387022964
4,0.05,153,0.04970894450651143,0.0011706784557349698,0.0011706784557349698,0.0006185540585185848
4,0.05,154,0.04985263864738384,0.0012126108178168442,0.0012126108178168442,0.0006358505234347555
4,0.05,155,0.04988261593767864,0.001174832081415004,0.001174832081415004,0.0006361889527844607
4,0.05,156,0.049977693356813534,0.0011802790964917241,0.0011802790964917241,0.0006302347355642083
4,0.05,157,0.04995894682192525,0.0011282803835519686,0.0011282803835519686,0.0006334374788166371
4,0.05,158,0.04977974767271297,0.0011649525377136264,0.0011649525377136264,0.0006303552741528758
4,0.05,159,0.049585928517544835,0.0011659145033779174,0.0011659145033779174,0.0006287304670614967
4,0.05,160,0.04966734369110492,0.0011028236640887306,0.0011028236640887304,0.000616712024748585
4,0.05,161,0.04946563572232901,0.001165675217717109,0.001165675217717109,0.0005975876107093853
4,0.05,162,0.04927172478455656,0.0011515520502271709,0.0011515520502271706,0.0005967973685915421
4,0.05,163,0.04958785754891013,0.0011737241528835029,0.0011737241528835029,0.0005938198748100951
4,0.05,164,0.04960786117962467,0.00114041320350343,0.00114041320350343,0.0005967597481331751
4,0.05,165,0.04953599902405012,0.0011974572658570227,0.0011974572658570227,0.0005873370546493219
4,0.05,166,0.049506051586763695,0.0012371572576776913,0.001237157257677691,0.0006004586271238816
4,0.05,167,0.04940616450952986,0.001208385159261726,0.001208385159261726,0.0006001129092267721
4,0.05,168,0.04937719704458746,0.0012926698665591712,0.0012926698665591712,0.0006040003139685282
4,0.05,169,0.049241781993356194,0.0012850127791304816,0.0012850127791304816,0.0005965088948501447
4,0.05,170,0.04939092396846208,0.0012528517833373728,0.0012528517833373728,0.0006035295625852076
4,0.05,171,0.04935461954147524,0.0012214556114134491,0.0012214556114134491,0.0005945102058668873
4,0.05,172,0.04916640723424893,0.0011868132488159725,0.0011868132488159725,0.0005905301533859025
4,0.05,173,0.04930587935311799,0.0011947122209753063,0.0011947122209753063,0.0005924895386578102
4,0.05,174,0.04953353941184975,0.0011682880023035122,0.0011682880023035122,0.0005907680594701358
4,0.05,175,0.049624176042763306,0.0011962669646282168,0.0011962669646282168,0.0006083424878544592
4,0.05,176,0.04993133265859125,0.0012205304756226858,0.0012205304756226858,0.0006082012518876899
4,0.05,177,0.049799899938177884,0.001213447512009912,0.001213447512009912,0.0006069906389585434
4,0.05,178,0.04976992895480014,0.0012282274497712525,0.0012282274497712525,0.0006100616072865592
4,0.05,179,0.0498186094411536,0.0012240947741337705,0.0012240947741337705,0.0006178941674791265
4,0.05,180,0.049843737618286844,0.001232610414400116,0.001232610414400116,0.0006173072114605108
4,0.05,181,0.05008661426165033,0.001160978337868702,0.001160978337868702,0.000622555404165635
4,0.05,182,0.049992494162629283,0.0011593411466418882,0.001159341146641888,0.0006206894492795827
4,0.05,183,0.049810357072345136,0.0012049923688026711,0.0012049923688026711,0.0006185617274723713
4,0.05,184,0.049996203543915235,0.001169708603490513,0.0011697086034905132,0.0006205550796797799
4,0.05,185,0.0499813482129178,0.0011476300244605913,0.0011476300244605913,0.0006254342231208405
4,0.05,186,0.04985284743341418,0.0011530019810432734,0.0011530019810432734,0.0006218997217605382
4,0.05,187,0.049868187194101146,0.0011281714668558217,0.0011281714668558217,0.000616422118479916
4,0.05,188,0.04957379445949847,0.001164824725860042,0.001164824725860042,0.0006194445765469234
4,0.05,189,0.049783693629538335,0.0011881157286956663,0.001188115728695666,0.0006102858024769898
4,0.05,190,0.050036433417226786,0.001205949960531198,0.001205949960531198,0.0006033800378973058
4,0.05,191,0.04978220082313951,0.0012037138381409988,0.0012037138381409988,0.0005935486940969929
4,0.05,192,0.04998281657064031,0.0012397889883959707,0.0012397889883959707,0.0006038687950378141
4,0.05,193,0.04964449011784393,0.0012277149369361738,0.0012277149369361738,0.0006085171583837919
4,0.05,194,0.05000640828208912,0.0012069816289415841,0.0012069816289415841,0.0006184159611981691
4,0.05,195,0.05013246516665239,0.0011771224527682238,0.001177122452768224,0.0006168568217247453
4,0.05,196,0.050182909253050925,0.0011576944305295939,0.0011576944305295939,0.0006203293190736154
4,0.05,197,0.050246253533516264,0.0011565077882134977,0.0011565077882134977,0.0006211722969381939
4,0.05,198,0.050280459869220404,0.0011664965294204892,0.0011664965294204892,0.0006216707949758869
4,0.05,199,0.05060961135860745,0.0011710013149867945,0.0011710013149867945,0.0006331917834507924
4,0.05,200,0.05044057200357228,0.0011876974143772193,0.001187697414377219,0.0006325173541443119
4,0.05,201,0.05049949735942234,0.001213791702496473,0.001213791702496473,0.0006203558913264266
4,0.05,202,0.05038009455408969,0.0012415036969167794,0.0012415036969167796,0.0006140963288024073
4,0.05,203,0.050324251537606585,0.001248060473654163,0.001248060473654163,0.000613323785031475
4,0.05,204,0.050647392371676654,0.0012238349632442281,0.0012238349632442281,0.000630823805912468
4,0.05,205,0.05069224102409494,0.0012412082957888476,0.0012412082957888476,0.0006312807549937696
4,0.05,206,0.05090986526972582,0.0012889610851045483,0.0012889610851045483,0.0006390300409853213
4,0.05,207,0.050718131406545235,0.0012644086615702344,0.0012644086615702344,0.0006367783687361363
4,0.05,208,0.0507226238643185,0.0012647590052045185,0.0012647590052045185,0.000629406118155974
4,0.05,209,0.050777837453004945,0.0012811934425861714,0.0012811934425861714,0.0006219529958799067
4,0.05,210,0.05069856174258062,0.0012899939193070844,0.0012899939193070844,0.0006247577091816889
4,0.05,211,0.05058399955681435,0.0012367306502487194,0.0012367306502487194,0.0006228345092209464
4,0.05,212,0.05041029582071868,0.0012590954849223976,0.0012590954849223976,0.0006223824284070209
4,0.05,213,0.05017929422934488,0.0012757183105384779,0.0012757183105384779,0.0006239019686034518
4,0.05,214,0.05027763777034909,0.0012696722275708026,0.0012696722275708026,0.0006095345928347579
4,0.05,215,0.05008491179529495,0.0013335976670625584,0.0013335976670625584,0.0006072625902802175
4,0.05,216,0.04982443174879504,0.0013222756603874087,0.0013222756603874087,0.0006014118291625872
4,0.05,217,0.04974826681140806,0.0013715555789130158,0.0013715555789130158,0.0006014368774240614
4,0.05,218,0.04964510544043913,0.0013518484213725617,0.0013518484213725615,0.0005958692001801516
4,0.05,219,0.04950545532456464,0.001330439749868527,0.0013304397498685272,0.000596462410808563
4,0.05,220,0.049476255301664725,0.0013300955545365756,0.0013300955545365756,0.0006085843559544598
4,0.05,221,0.049545832578499364,0.0013266286580697819,0.0013266286580697819,0.0006202194861396186
4,0.05,222,0.04955193866506686,0.001282338815284214,0.001282338815284214,0.0006197791685857369
4,0.05,223,0.04939556844867598,0.0012862359103713388,0.0012862359103713388,0.0006242190959568519
4,0.05,224,0.04956683556641506,0.0013270565415961124,0.0013270565415961124,0.0006369119553416631
4,0.05,225,0.04985986055438965,0.001340203266519005,0.001340203266519005,0.0006451290911226417
4,0.05,226,0.05014146342232186,0.0013627867141310737,0.0013627867141310737,0.0006461785687225518
4,0.05,227,0.05025884302630383,0.0013547169194720848,0.0013547169194720848,0.000645401217895718
4,0.05,228,0.05013794615590849,0.0013088831297161769,0.001308883129716177,0.0006347813542511219
4,0.05,229,0.0500300959346668,0.0013180269019618593,0.0013180269019618593,0.0006302624071207165
4,0.05,230,0.05027870639333388,0.0012896674998476888,0.0012896674998476888,0.0006388368654870834
4,0.05,231,0.050553081231655694,0.001289976480978133,0.001289976480978133,0.0006437168268842253
4,0.05,232,0.05035468295900569,0.0013183341386852389,0.0013183341386852386,0.0006350223638685695
4,0.05,233,0.050273758171096763,0.0012989088316083363,0.0012989088316083363,0.0006438967293953251
4,0.05,234,0.0505474531411037,0.0012615243636341221,0.0012615243636341221,0.0006508563315185157
4,0.05,235,0.05008716494902907,0.001248974336453196,0.0012489743364531957,0.0006404890681323051
4,0.05,236,0.05012272233205333,0.0013044556351029348,0.0013044556351029348,0.0006326170876979142
4,0.05,237,0.04993020385827094,0.0012882524359551701,0.0012882524359551701,0.0006354320587727176
4,0.05,238,0.049840119717047424,0.0013156549014147138,0.0013156549014147138,0.0006209921427432081
4,0.05,239,0.04986204132825598,0.0013156225635527366,0.0013156225635527366,0.0006199272959381539
4,0.05,240,0.04985088575008949,0.001343064567616803,0.001343064567616803,0.0006275281957642807
4,0.05,241,0.049931773637286785,0.001361271343687697,0.001361271343687697,0.0006328992776039161
4,0.05,242,0.04968647712298889,0.001340434874570183,0.001340434874570183,0.0006344659759726085
4,0.05,243,0.049886433175269106,0.0012964107740831947,0.0012964107740831947,0.0006237457871020488
4,0.05,244,0.04964819580073009,0.0013038390437106375,0.0013038390437106375,0.0006251778964094446
4,0.05,245,0.049386356344712556,0.001311272235440577,0.001311272235440577,0.0006186262268031969
4,0.05,246,0.049661948402952454,0.0012864814387021557,0.0012864814387021557,0.0006260326806321214
4,0.05,247,0.04967017544309998,0.00126445337138947,0.00126445337138947,0.0006217038887343607
4,0.05,248,0.04982234559954683,0.0012813643431201667,0.0012813643431201667,0.0006222643334374457
4,0.05,249,0.05019564105140019,0.0013238201898600958,0.0013238201898600958,0.0006283875522267988
4,0.05,250,0.05041851694355661,0.0012899696124559989,0.0012899696124559986,0.0006423715090638568
4,0.05,251,0.0502486221365268,0.0012647466373214402,0.0012647466373214402,0.0006269166170092305
4,0.05,252,0.05033371981651829,0.0012824279915291813,0.0012824279915291815,0.000633184453948056
4,0.05,253,0.05043885897441661,0.0013040328132988385,0.0013040328132988385,0.0006316951114951441
4,0.05,254,0.05051762868725613,0.0012630391408538126,0.0012630391408538126,0.0006418171406111633
4,0.05,255,0.050426451833423806,0.0012806244831696314,0.0012806244831696314,0.0006484695043481377
4,0.05,256,0.050734176847027426,0.001305685162084309,0.001305685162084309,0.0006415228271647434
4,0.05,257,0.05093280587032532,0.0013131828874730675,0.0013131828874730675,0.000649885847298736
4,0.05,258,0.05098272309812915,0.0013292589301049517,0.0013292589301049517,0.0006454470762912897
4,0.05,259,0.05118179921033631,0.001348582030275023,0.001348582030275023,0.000657606929629108
4,0.05,260,0.051140308970516704,0.0013501329508575006,0.0013501329508575006,0.0006623516707779052
4,0.05,261,0.05132860511736691,0.0014463977828532324,0.0014463977828532324,0.0006678308728805354
4,0.05,262,0.05132631139804969,0.0014879487405597411,0.0014879487405597411,0.0006761621760513389
4,0.05,263,0.0513445016784798,0.0014274172800691843,0.0014274172800691843,0.0006627794254488196
4,0.05,264,0.051601429217746825,0.0014174106429077778,0.0014174106429077778,0.0006539167337720457
4,0.05,265,0.05168861021337947,0.0014636875298896198,0.0014636875298896198,0.0006662911988604691
4,0.05,266,0.05151357014683464,0.0014172351172180024,0.0014172351172180024,0.0006714925993785564
4,0.05,267,0.0514914077211871,0.0014312287332693505,0.0014312287332693503,0.0006731606323073277
4,0.05,268,0.051463188153571135,0.001482641957309391,0.0014826419573093909,0.0006803150019368168
4,0.05,269,0.051601672416798555,0.0014710728247688174,0.0014710728247688176,0.000681761623593373
4,0.05,270,0.05187763586748593,0.0014379948503346965,0.0014379948503346965,0.0006932615483715674
4,0.05,271,0.0519289763491666,0.0014086074875864893,0.0014086074875864893,0.0006805831457359132
4,0.05,272,0.051939551357306636,0.0014550419577453143,0.0014550419577453145,0.0006921683114545442
4,0.05,273,0.05165056863715274,0.0014785396842529447,0.0014785396842529447,0.0006850152112460447
4,0.05,274,0.051606272131708666,0.0015091856510299317,0.001509185651029932,0.000682452263528503
4,0.05,275,0.05200585904218384,0.0014872790765859585,0.0014872790765859585,0.0006923715202359908
4,0.05,276,0.05196099004784237,0.0014772459585229273,0.0014772459585229276,0.0006833959019589207
4,0.05,277,0.051859342331762266,0.0014357737247021817,0.001435773724702182,0.0006829984414468858
4,0.05,278,0.05160061252116667,0.0014676833780446783,0.0014676833780446783,0.0006713149293328448
4,0.05,279,0.051737612831969745,0.0013977460832834015,0.0013977460832834015,0.0006581585112594731
4,0.05,280,0.05184723132499938,0.001393968707846364,0.001393968707846364,0.0006637753808884997
4,0.05,281,0.051602055633124096,0.0014392479106220208,0.001439247910622021,0.0006582887904018528
4,0.05,282,0.05139864536590109,0.001515133607322571,0.0015151336073225708,0.0006701516441438962
4,0.05,283,0.051149227278933326,0.0014505787117603166,0.0014505787117603164,0.0006699811573241372
4,0.05,284,0.051276278650240835,0.001414952909913861,0.0014149529099138612,0.0006712917116020664
4,0.05,285,0.051400745702999705,0.0014201512905472507,0.0014201512905472507,0.0006665469631188439
4,0.05,286,0.05128254368629604,0.0013664772406804314,0.0013664772406804314,0.0006572160524256605
4,0.05,287,0.051519863741272355,0.0013978433779931398,0.0013978433779931398,0.0006626887408313045
4,0.05,288,0.0513021569991484,0.0014253075457887942,0.0014253075457887942,0.0006593496252193996
4,0.05,289,0.051220731651891796,0.001403929714700491,0.0014039297147004908,0.0006614244963128237
4,0.05,290,0.05153038005840435,0.0014486081248372923,0.0014486081248372925,0.000666424365648252
4,0.05,291,0.05141924564246752,0.001444951371195957,0.001444951371195957,0.0006690337527161753
4,0.05,292,0.051491559952103735,0.0015030197764668999,0.0015030197764668999,0.0006725323750355
4,0.05,293,0.051457815769474786,0.0014658126630491305,0.0014658126630491307,0.000678745538082454
4,0.05,294,0.0517225993900026,0.0014618738415092462,0.0014618738415092462,0.0006831526589200811
4,0.05,295,0.05173164755474273,0.0015332917828906173,0.0015332917828906173,0.0006802563853876506
4,0.05,296,0.05182207169836231,0.0015194562330949183,0.0015194562330949183,0.0006722574922350906
4,0.05,297,0.0520351259504601,0.001555485554181305,0.0015554855541813051,0.000688966694312124
4,0.05,298,0.05175842910500831,0.0014877102103695737,0.0014877102103695737,0.0006800357487729517
4,0.05,299,0.051606200627436725,0.0014890848809875471,0.0014890848809875473,0.0006905731454145602
4,0.05,300,0.05158627919003697,0.0014993397699176807,0.001499339769917681,0.0006880051400321633
4,0.05,301,0.05137391685206554,0.0015243449185820082,0.0015243449185820082,0.0006841623404643423
4,0.05,302,0.051199073110050494,0.00154506392735588,0.0015450639273558798,0.0006809362327077466
4,0.05,303,0.05111716905397159,0.001499777497846588,0.0014997774978465883,0.0006755921902460229
4,0.05,304,0.05104054864275568,0.0014331817006050136,0.0014331817006050136,0.0006690087746280399
4,0.05,305,0.05090544615378725,0.0014549212820221017,0.0014549212820221017,0.0006724425081112798
4,0.05,306,0.050765275735637966,0.0014322626608605084,0.0014322626608605084,0.0006695863413493174
4,0.05,307,0.05082940682433144,0.0015051801863602767,0.0015051801863602767,0.0006688887313532054
4,0.05,308,0.05101442034978329,0.0014758413322068355,0.0014758413322068355,0.0006747432784026598
4,0.05,309,0.05079637108717259,0.0014736210350281501,0.0014736210350281501,0.0006772479974230052
4,0.05,310,0.05086168116065743,0.0015204515932566469,0.0015204515932566469,0.0006867802423773573
4,0.05,311,0.05073428454248992,0.0015565364546913474,0.0015565364546913474,0.0006727787279704905
4,0.05,312,0.05100556757332662,0.0015855075319602635,0.0015855075319602635,0.0006665382698239227
4,0.05,313,0.051271076369921224,0.0015728137927764477,0.0015728137927764475,0.0006660241311497136
4,0.05,314,0.05102236542019865,0.001566802261109079,0.0015668022611090788,0.0006807614907400742
4,0.05,315,0.05083122976550747,0.0015285844131422478,0.0015285844131422478,0.0006866087055109648
4,0.05,316,0.050861753733859066,0.001504761468348509,0.001504761468348509,0.0006898094686773303
4,0.05,317,0.05086184312271672,0.0015164772279116197,0.0015164772279116195,0.000685190199599214
4,0.05,318,0.05060995996369341,0.0015026848649679367,0.0015026848649679367,0.0006749706994993805
4,0.05,319,0.05061012662792126,0.001519743143411629,0.001519743143411629,0.000671308323855683
4,0.05,320,0.050807092526001144,0.0015273841174325796,0.0015273841174325798,0.0006715021475667064
4,0.05,321,0.0505456654099287,0.0014709148970781973,0.0014709148970781973,0.0006744572907066596
4,0.05,322,0.0506416947994243,0.0014889464270233343,0.0014889464270233343,0.0006837035369996965
4,0.05,323,0.050827479072484104,0.0015036219093776705,0.0015036219093776703,0.0006973852079704189
4,0.05,324,0.05078134145865854,0.0014989128110787725,0.0014989128110787725,0.0007004950688775409
4,0.05,325,0.05077457722132947,0.0015075248160055766,0.0015075248160055764,0.0006918571763084392
4,0.05,326,0.050803508219320156,0.0015427331646925243,0.0015427331646925245,0.0006971315823500316
4,0.05,327,0.05077557501004535,0.001517414932069143,0.001517414932069143,0.0006917652424962655
4,0.05,328,0.05059419845523262,0.0015059836182314303,0.0015059836182314303,0.0006840795509415822
4,0.05,329,0.05072968931980889,0.0014694796984418784,0.0014694796984418784,0.0006772108834649616
4,0.05,330,0.05072217356679675,0.0014913196222729938,0.0014913196222729938,0.0006725181149438285
4,0.05,331,0.050693285044627806,0.0015091909291576906,0.0015091909291576906,0.0006633041780893891
4,0.05,332,0.05099259081466661,0.001505312974437902,0.0015053129744379019,0.0006604630417554152
4,0.05,333,0.050797508534879986,0.0014932793828254017,0.0014932793828254017,0.0006658228125054397
4,0.05,334,0.050935894312069734,0.0014570221223909271,0.001457022122390927,0.000668712899147903
4,0.05,335,0.05088201370259198,0.0014629436521404553,0.001462943652140455,0.0006681691129398408
4,0.05,336,0.0509413535315071,0.001403883818694644,0.001403883818694644,0.0006634781831149182
4,0.05,337,0.05132529229581421,0.0015127137510703174,0.0015127137510703172,0.0006743197871594097
4,0.05,338,0.05140611596859125,0.0015051141949951419,0.0015051141949951417,0.000682624489741949
4,0.05,339,0.05116682647177913,0.001486920202655337,0.0014869202026553368,0.0006745558980744637
4,0.05,340,0.05126953959726477,0.0014981402601060643,0.0014981402601060643,0.0006780808409500822
4,0.05,341,0.051413873720964065,0.0014737924514824636,0.0014737924514824636,0.0006787367601203058
4,0.05,342,0.051518408194912026,0.001549073741560026,0.001549073741560026,0.0006889403481834411
4,0.05,343,0.051432836946613415,0.0015786596063946828,0.0015786596063946826,0.000693220078502871
4,0.05,344,0.0515464213412645,0.0015251466627849127,0.0015251466627849127,0.0006832332215923332
4,0.05,345,0.05172658584336119,0.001576201621709458,0.0015762016217094577,0.0006845306317135783
4,0.05,346,0.0519517776188911,0.0015680884090435237,0.0015680884090435235,0.0006885143676970794
4,0.05,347,0.05202611998442706,0.001602195259261359,0.0016021952592613587,0.0006925717054377895
4,0.05,348,0.05178121995584569,0.0015654843506962119,0.0015654843506962119,0.0006866641734436567
4,0.05,349,0.05183220597891926,0.0015373348246820679,0.0015373348246820679,0.0006982793530646047
4,0.05,350,0.05209125070658831,0.0015996424636998776,0.0015996424636998774,0.0007014947492772903
4,0.05,351,0.05225038655268177,0.001597431458137058,0.0015974314581370583,0.0007068691386699301
4,0.05,352,0.05232864479195343,0.001567532202833701,0.001567532202833701,0.00069967154066475
4,0.05,353,0.052075273286064976,0.001530221168548549,0.0015302211685485488,0.0006976300889629349
4,0.05,354,0.05196669345373782,0.0015441931780704767,0.0015441931780704767,0.0007150774811575448
4,0.05,355,0.0520069328890171,0.001653514503656336,0.001653514503656336,0.0007143308033071879
4,0.05,356,0.05196593602946762,0.0016098528988985178,0.0016098528988985178,0.0007033017711210089
4,0.05,357,0.05210891111644201,0.0016494060162623564,0.0016494060162623564,0.0007004456325455661
4,0.05,358,0.05208764146208555,0.001676020085266921,0.0016760200852669212,0.0007030703908437098
4,0.05,359,0.0521397315100048,0.0016662759195429997,0.0016662759195429997,0.0006990146268372662
4,0.05,360,0.0521036279572113,0.0016461286181704104,0.0016461286181704104,0.0006993569414052683
4,0.05,361,0.05177047524082971,0.0016328328925921999,0.0016328328925921999,0.0006941150833262926
4,0.05,362,0.05180523182215883,0.001707461715090414,0.0017074617150904141,0.0007076942350442276
4,0.05,363,0.052059537881732204,0.001696928012124264,0.0016969280121242642,0.0007051042196613105
4,0.05,364,0.05184520210326901,0.001699631528095814,0.0016996315280958143,0.0007072291228579995
4,0.05,365,0.0518211771847424,0.0016773469563520368,0.0016773469563520365,0.0007113696290006719
4,0.05,366,0.052136946970541206,0.0016739125775970841,0.001673912577597084,0.0007105231009355631
4,0.05,367,0.05200020477341775,0.0016664207591479646,0.0016664207591479648,0.0007113023219183228
4,0.05,368,0.052051316847742335,0.0016678622459909806,0.0016678622459909806,0.0007101669363426058
4,0.05,369,0.051923549685114194,0.0016280006222886448,0.0016280006222886448,0.0007164375915985863
4,0.05,370,0.05188358663404085,0.0016501845486208515,0.0016501845486208513,0.0007162304855408749
4,0.05,371,0.051919169956711295,0.0016341555452009191,0.0016341555452009193,0.0007040485301050125
4,0.05,372,0.0519827768661012,0.001668758969629817,0.0016687589696298168,0.0007156694557928923
4,0.05,373,0.05239554434540293,0.0016802919041663924,0.0016802919041663926,0.0007188443818275733
4,0.05,374,0.0525273736104852,0.0016376798869007073,0.0016376798869007073,0.0007283623898906774
4,0.05,375,0.05233073355350208,0.0016089519783617785,0.0016089519783617785,0.0007304367045898517
4,0.05,376,0.05213663079821328,0.001578405117680435,0.001578405117680435,0.0007269327791919182
4,0.05,377,0.051962271411678876,0.0015574216584246015,0.0015574216584246013,0.0007002455500443169
4,0.05,378,0.051897633735384634,0.0015804031900520717,0.0015804031900520717,0.0006964122891621474
4,0.05,379,0.05204208054330263,0.0015318937331615912,0.001531893733161591,0.0007014837723446042
4,0.05,380,0.052106533042072994,0.0015929010029649526,0.0015929010029649524,0.0007066820480547141
4,0.05,381,0.05205950211527994,0.00163621467437287,0.00163621467437287,0.0007090545809337597
4,0.05,382,0.051830347790079535,0.0016411698689964313,0.0016411698689964313,0.0006968104430512002
4,0.05,383,0.051845937746374124,0.0015823711290516818,0.0015823711290516816,0.0007021507700300083
4,0.05,384,0.051767227625001494,0.001572235269733321,0.001572235269733321,0.000711924326650347
4,0.05,385,0.051795870670380016,0.0015899843967779829,0.0015899843967779829,0.000704976759220908
4,0.05,386,0.05149738909131763,0.0015475546460354996,0.0015475546460354996,0.0007019255816733161
4,0.05,387,0.05137042564383298,0.0015496504311881328,0.0015496504311881326,0.0006870724538259191
4,0.05,388,0.05119398142427319,0.0015999945817034178,0.0015999945817034176,0.0006920366058861529
4,0.05,389,0.05094269116444119,0.0016207585188155566,0.0016207585188155564,0.0006892738802392336
4,0.05,390,0.05096991089422564,0.0016034336702401408,0.0016034336702401405,0.0006910675988149446
4,0.05,391,0.05108301600527153,0.0016419115979507263,0.0016419115979507263,0.0007024859306839432
4,0.05,392,0.05114354852183043,0.0016379263756786402,0.00163792637567864,0.0006975865098056883
4,0.05,393,0.05114688065002756,0.0016537264720237457,0.0016537264720237455,0.0007113160165340545
4,0.05,394,0.05123684481353849,0.0017496166912361012,0.0017496166912361014,0.0007094170917970653
4,0.05,395,0.05134822236034801,0.0017393710087180044,0.0017393710087180044,0.000709928306942651
4,0.05,396,0.0512589046285157,0.0017495647092442737,0.0017495647092442734,0.000722036231405962
4,0.05,397,0.05133740322944167,0.001795448430583075,0.001795448430583075,0.000718852714909701
4,0.05,398,0.051370604444373344,0.0017483124048660813,0.0017483124048660813,0.0007157986651549473
4,0.05,399,0.05129421182404714,0.0016957018930262744,0.0016957018930262742,0.0007032232487668376
4,0.05,400,0.05160275849555092,0.0017034988258187438,0.0017034988258187436,0.0007038695968800289
4,0.05,401,0.05149770397285312,0.0017062296936986943,0.001706229693698694,0.0006968962179762337
4,0.05,402,0.05169250680775255,0.0017549596920465342,0.0017549596920465342,0.0007046457957306658
4,0.05,403,0.05157753227491912,0.0016998367608632044,0.0016998367608632044,0.0007090921231898302
4,0.05,404,0.05182818684488384,0.001752072054179141,0.001752072054179141,0.0007246641478228242
4,0.05,405,0.05175473027990558,0.001791197085558936,0.001791197085558936,0.0007200031459471567
4,0.05,406,0.05166018778728523,0.0017756773565210885,0.0017756773565210885,0.0007236424417853636
4,0.05,407,0.05146635635967204,0.0017606681188585814,0.0017606681188585816,0.0007217873585816528
4,0.05,408,0.05142635086321652,0.0017343340785886284,0.0017343340785886281,0.0007364781355974145
4,0.05,409,0.05144754897834084,0.0017594739280139807,0.0017594739280139807,0.0007340053765441701
4,0.05,410,0.051584261698449416,0.00171554923041575,0.00171554923041575,0.0007242294619677114
4,0.05,411,0.05152412495045007,0.0016813465031222008,0.0016813465031222008,0.0007221780396487048
4,0.05,412,0.05152922154073266,0.001681928550919888,0.001681928550919888,0.000723457227472287
4,0.05,413,0.05144974518073601,0.0016906409431816053,0.0016906409431816053,0.0007273475399343335
4,0.05,414,0.0511092432995723,0.0016814650463277071,0.001681465046327707,0.0007135337273689985
4,0.05,415,0.051168500604138294,0.00171385899935628,0.00171385899935628,0.0007177905071572057
4,0.05,416,0.05122448458532865,0.0016867052149395995,0.0016867052149395995,0.0007379314491002829
4,0.05,417,0.051270446612706265,0.0017083899080291597,0.0017083899080291597,0.000740442527891111
4,0.05,418,0.051317765271058365,0.0017189262998751793,0.0017189262998751793,0.0007433625366641623
4,0.05,419,0.05140197544774594,0.0016710625705467982,0.0016710625705467982,0.00073137644094835
4,0.05,420,0.05163459557790642,0.0016438205104047972,0.0016438205104047972,0.0007224953291565888
4,0.05,421,0.05170021917621721,0.001633587697122611,0.0016335876971226113,0.0007147415172168492
4,0.05,422,0.051572973166062644,0.0016182218536318585,0.0016182218536318585,0.0007126082106102731
4,0.05,423,0.051372346829997334,0.0016060634927435324,0.0016060634927435324,0.0007106694498741114
4,0.05,424,0.051157418492017784,0.001547474225794654,0.001547474225794654,0.0007027934047758609
4,0.05,425,0.051315609380388406,0.0015652948224945391,0.001565294822494539,0.0007239894312538195
4,0.05,426,0.051312116608968436,0.0015595405830959798,0.0015595405830959798,0.0007161397067024546
4,0.05,427,0.051324696707646146,0.0015592407212662088,0.0015592407212662088,0.0007284339079027655
4,0.05,428,0.051403338751812126,0.0015050245681075092,0.0015050245681075092,0.0007222672045371863
4,0.05,429,0.05129736785930425,0.001513764651362436,0.001513764651362436,0.0007163170866737014
4,0.05,430,0.05161861913018346,0.001510936178616566,0.0015109361786165662,0.0007117548362829333
4,0.05,431,0.05150372528984393,0.0014935070415500206,0.0014935070415500208,0.0007247980142764213
4,0.05,432,0.051761049445761306,0.0015071390620274145,0.0015071390620274147,0.0007195749285661041
4,0.05,433,0.051800743157184144,0.0014980186417133433,0.0014980186417133433,0.000713607284687491
4,0.05,434,0.051788327584831734,0.0014698224395643007,0.0014698224395643005,0.0007169811321542647
4,0.05,435,0.05176921202559461,0.001545731591014246,0.0015457315910142458,0.0007189308411132609
4,0.05,436,0.051711404053634474,0.0016017754007562031,0.0016017754007562031,0.0007006610697320557
4,0.05,437,0.05156589225884204,0.001586872604801209,0.0015868726048012091,0.0006972193066237508
4,0.05,438,0.05153375283399359,0.0016232382951507245,0.0016232382951507248,0.0006864155150632212
4,0.05,439,0.05135309115705801,0.0016358846726923417,0.0016358846726923417,0.0006943654443020778
4,0.05,440,0.051329866608095125,0.0016712416399979006,0.0016712416399979008,0.0006944352244818314
4,0.05,441,0.051174289557623126,0.0016369097712619057,0.0016369097712619057,0.0006859100299267636
4,0.05,442,0.051447311605841664,0.0016743075821417175,0.0016743075821417175,0.0006805900759389653
4,0.05,443,0.051600438957911346,0.0016409224586497666,0.0016409224586497666,0.0006709686981912886
4,0.05,444,0.05163381596074825,0.0016587117365412054,0.0016587117365412052,0.0006743148471556924
4,0.05,445,0.05171324099854307,0.0016591814946364126,0.0016591814946364126,0.0006784279512042777
4,0.05,446,0.051787483114534814,0.001673473704031613,0.0016734737040316131,0.0006891484321233514
4,0.05,447,0.05178608248191536,0.0016619805847709465,0.0016619805847709465,0.0007044984092752233
4,0.05,448,0.05175591086898219,0.0016552700716274031,0.0016552700716274031,0.000703589948149432
4,0.05,449,0.05196844869907714,0.0016273687530398806,0.0016273687530398806,0.0007012566364108122
4,0.05,450,0.05196840005166044,0.001634021730194313,0.001634021730194313,0.0007138786784274155
4,0.05,451,0.05185120093553671,0.001639808911975097,0.0016398089119750972,0.000712180647705873
4,0.05,452,0.051986692341861686,0.0016819716589431529,0.0016819716589431529,0.0007124152497555618
4,0.05,453,0.052021099654375375,0.001679245718652832,0.001679245718652832,0.0007305621575932213
4,0.05,454,0.05210471843263824,0.0016759440371243738,0.001675944037124374,0.000740520224056985
4,0.05,455,0.05201385253720211,0.0017056942457515142,0.0017056942457515142,0.0007274965094240778
4,0.05,456,0.051581686542510316,0.0016738350132500437,0.0016738350132500437,0.0007148474561811409
4,0.05,457,0.0515731209793995,0.0016547262146449056,0.0016547262146449054,0.0007035738776893355
4,0.05,458,0.05163280261709729,0.001661336351363565,0.001661336351363565,0.0007096562386854279
4,0.05,459,0.051544936399879414,0.0016525294860767934,0.0016525294860767934,0.0007105078808173815
4,0.05,460,0.05159512283271315,0.0016442864351270162,0.001644286435127016,0.0007024783225834385
4,0.05,461,0.051403340865497596,0.0016342114532784465,0.0016342114532784465,0.0007038347957903231
4,0.05,462,0.05145469843279211,0.0015998749683938378,0.0015998749683938378,0.0006976390519853591
4,0.05,463,0.05163307043967529,0.0015700024255728483,0.0015700024255728483,0.0006905948514773836
4,0.05,464,0.051488327413379456,0.0015762974248495726,0.0015762974248495723,0.0006845659227629726
4,0.05,465,0.051412688280429955,0.0015797132387736824,0.0015797132387736826,0.0006923304836094895
4,0.05,466,0.05145722478437496,0.0016047093808449348,0.001604709380844935,0.0006807379484893443
4,0.05,467,0.05120092907385028,0.0016481358264931242,0.0016481358264931242,0.0006730880071598715
4,0.05,468,0.05137500529160755,0.0017237889153102562,0.0017237889153102562,0.0006850935511676954
4,0.05,469,0.05136193795856868,0.0017107340541253067,0.0017107340541253064,0.0006825202219167473
4,0.05,470,0.051567623842039036,0.0017185359752186064,0.0017185359752186064,0.0006804340601650834
4,0.05,471,0.05190486649728461,0.0016901765171371708,0.0016901765171371706,0.0006801804987483488
4,0.05,472,0.05175997853856963,0.0016934407831631108,0.0016934407831631108,0.0006708477654404942
4,0.05,473,0.05175794810064172,0.001730015688181101,0.0017300156881811008,0.0006737108574462079
4,0.05,474,0.05173455929827348,0.0017544704843679188,0.001754470484367919,0.0006790345341152202
4,0.05,475,0.05153362337026026,0.0017402162613675868,0.0017402162613675866,0.0006770756210324554
4,0.05,476,0.05133320607591238,0.001683168016801985,0.001683168016801985,0.0006811639773077623
4,0.05,477,0.051145782083244794,0.0016671212746967045,0.0016671212746967043,0.0006590538957743417
4,0.05,478,0.05142056194233176,0.001686547896604596,0.001686547896604596,0.0006750418588351435
4,0.05,479,0.051671144663435246,0.0016228331985462313,0.0016228331985462315,0.0006858335879028666
4,0.05,480,0.05149050330847152,0.0015090900973807925,0.0015090900973807925,0.0006891579252285665
4,0.05,481,0.05154323850446086,0.0015058072394764494,0.0015058072394764494,0.0007019595440306292
4,0.05,482,0.05167797464615875,0.001550332687663711,0.001550332687663711,0.0007090601515366295
4,0.05,483,0.051438454934748044,0.0014927203194357041,0.0014927203194357041,0.0006911926152344056
4,0.05,484,0.05149755643861351,0.0015054720539124588,0.0015054720539124588,0.000688451487390651
4,0.05,485,0.05139446376152737,0.0014783130987026968,0.0014783130987026968,0.0006967301681473806
4,0.05,486,0.051294856753689985,0.001497782897326445,0.001497782897326445,0.0006977655263468299
4,0.05,487,0.05136882164176685,0.0014715621906943267,0.0014715621906943267,0.0006912525074859368
4,0.05,488,0.05160299801009454,0.0015105169376423424,0.0015105169376423422,0.0007032619694882807
4,0.05,489,0.05164532697418298,0.001568987172722475,0.001568987172722475,0.0007003812347935466
4,0.05,490,0.052030810344089656,0.001524269402901674,0.001524269402901674,0.0007031403645282171
4,0.05,491,0.05223545122706072,0.0015482670248032585,0.0015482670248032585,0.0007098364537594642
4,0.05,492,0.052139662023336794,0.0015938927355160888,0.0015938927355160885,0.0007160105964491389
4,0.05,493,0.05184178164767636,0.001523039024088752,0.0015230390240887522,0.0007110490935004104
4,0.05,494,0.05196464390821528,0.0015527045127017166,0.0015527045127017166,0.0007108743806247947
4,0.05,495,0.05196290933679555,0.0015514901335679826,0.0015514901335679826,0.0007064929453873627
4,0.05,496,0.052249604995500354,0.00155826070759207,0.0015582607075920697,0.0007034972183519798
4,0.05,497,0.05242287877926075,0.0015719393493871215,0.0015719393493871215,0.0007047011915924446
4,0.05,498,0.05246439286903644,0.0015952380880587408,0.0015952380880587408,0.000717244403497973
4,0.05,499,0.052284566939629046,0.0016046717633255551,0.001604671763325555,0.000716897607047959
4,0.05,500,0.05234086457487532,0.0016394689112186052,0.0016394689112186052,0.0007226652180033168
4,0.1,0,0.0825164723689031,0.0002565947080179591,0.00025659470801795906,0.0002485829831351321
4,0.1,1,0.05051771314486984,0.00025751240765958176,0.0002279781446560452,0.00025751240765958176
4,0.1,2,0.04053690605220732,0.0002683274982854458,0.0002683274982854458,0.0002442133769873264
4,0.1,3,0.03645283930665721,0.0002540475493935528,0.0002540475493935528,0.00023846887692733373
4,0.1,4,0.03483763369577021,0.00030972025411075006,0.00030972025411075006,0.00023331531118139825
4,0.1,5,0.034079661068742,0.0003152119941310839,0.0003152119941310839,0.0002377358979407485
4,0.1,6,0.03356602432388724,0.00032957676776116285,0.0003295767677611629,0.00023941297831985247
4,0.1,7,0.033622479177424086,0.0003400925471206561,0.00034009254712065614,0.00023589667318341746
4,0.1,8,0.033657249100289936,0.00037876875133538424,0.0003787687513353842,0.00024251071758067983
4,0.1,9,0.03374204722738516,0.0003804321943484261,0.0003804321943484261,0.00024479362058340306
4,0.1,10,0.033640746623685026,0.000363478204910769,0.000363478204910769,0.00025145721247198344
4,0.1,11,0.03408360302467105,0.0003550836198756361,0.0003550836198756361,0.0002627642530337054
4,0.1,12,0.03449851654001447,0.0003965955157980648,0.00039659551579806487,0.00027158525728030906
4,0.1,13,0.034353687900907905,0.0003680038575141409,0.0003680038575141409,0.0002735152431818294
4,0.1,14,0.03471127045451221,0.00040940431651988993,0.00040940431651988993,0.0002759396879313874
4,0.1,15,0.03496113350127614,0.0003990769682501703,0.00039907696825017025,0.0002812957885670939
4,0.1,16,0.03507311190298492,0.0003688496351598193,0.0003688496351598193,0.00027597306955040937
4,0.1,17,0.03527790247732833,0.0003986294983160302,0.00039862949831603027,0.00028635730016208
4,0.1,18,0.035249466450628555,0.00040899040231816926,0.00040899040231816926,0.0002877881380193334
4,0.1,19,0.03530039704809402,0.0004231993882920587,0.00042319938829205863,0.00028977110921763323
4,0.1,20,0.03550568363514565,0.0004508987810920881,0.0004508987810920881,0.0002973037919424322
4,0.1,21,0.03595600763024924,0.0004473149743837396,0.0004473149743837396,0.0002994571974115166
4,0.1,22,0.03564250194434178,0.00042984926377909183,0.00042984926377909183,0.00029649472391672394
4,0.1,23,0.0359830760587997,0.0004238515751028447,0.0004238515751028447,0.00031014080463701336
4,0.1,24,0.03604927965557576,0.0004121303010835919,0.00041213030108359195,0.00030401428198792023
4,0.1,25,0.03640062383623107,0.0004259370947964592,0.0004259370947964592,0.000303567773504279
4,0.1,26,0.03629057389329414,0.0004231982793797976,0.0004231982793797976,0.0003064886920143656
4,0.1,27,0.036387480186702945,0.000427156291314036,0.000427156291314036,0.00030038247655281866
4,0.1,28,0.03651327802198217,0.0004159814570135364,0.00041598145701353644,0.0003062663074486058
4,0.1,29,0.03666338393756715,0.0004179309239605463,0.0004179309239605463,0.00031407312009099845
4,0.1,30,0.03679671845823228,0.0003964337057429464,0.0003964337057429464,0.0003217532362858599
4,0.1,31,0.03674546823934975,0.0003594334921758,0.00035943349217579994,0.0003164792332427987
4,0.1,32,0.03687608501969935,0.0003816718581911022,0.0003816718581911022,0.00032079207096899454
4,0.1,33,0.03717669984387406,0.00042145528472970156,0.00042145528472970156,0.00032978937409533824
4,0.1,34,0.03725835789173504,0.0004639039967794973,0.0004639039967794973,0.0003265952366942937
4,0.1,35,0.03726934801611368,0.0004611508256804565,0.0004611508256804564,0.00033373877326796716
4,0.1,36,0.03728590573078982,0.00042629168823128005,0.00042629168823128005,0.0003390349721432356
4,0.1,37,0.037400253121439915,0.0004676490370607279,0.0004676490370607279,0.00034018002718912295
4,0.1,38,0.03750212904331289,0.0005060324425817381,0.0005060324425817381,0.00033733715290205327
4,0.1,39,0.037567580752861505,0.0004696074643874634,0.0004696074643874634,0.00034212959006477714
4,0.1,40,0.03767995383674953,0.0004268505598955603,0.0004268505598955603,0.0003384821973480775
4,0.1,41,0.0378446819411521,0.00042927869235458925,0.00042927869235458925,0.00034701611012936994
4,0.1,42,0.03784043398483201,0.00043578285035077364,0.00043578285035077364,0.0003495680136677628
4,0.1,43,0.03798509122696391,0.0004336052681936102,0.0004336052681936102,0.00034943501145162165
4,0.1,44,0.038255181354848684,0.0004221168125198902,0.0004221168125198902,0.00035226826353544914
4,0.1,45,0.03824401495495771,0.0004444444735768584,0.0004444444735768584,0.00035914487521532354
4,0.1,46,0.038299795938723034,0.00047936654085638415,0.00047936654085638415,0.00035745528377591017
4,0.1,47,0.03829217976259968,0.0004855385361699212,0.0004855385361699212,0.00035782640381804617
4,0.1,48,0.03828811110818444,0.0005287330809168549,0.0005287330809168549,0.00035531397311702425
4,0.1,49,0.038403382339641606,0.0005500946789741949,0.0005500946789741949,0.00036411464867890423
4,0.1,50,0.038401378363024236,0.0005668346682828244,0.0005668346682828244,0.00036790516655587784
4,0.1,51,0.03843797174578674,0.000614193805671852,0.000614193805671852,0.00036961843200976466
4,0.1,52,0.03845268989210125,0.0005833663939848402,0.0005833663939848402,0.00037228368522297054
4,0.1,53,0.0383274349241188,0.0006119931921408026,0.0006119931921408026,0.0003667038122903106
4,0.1,54,0.03854573513441005,0.0006262801236869558,0.0006262801236869558,0.0003702752534914259
4,0.1,55,0.038593291675371615,0.0006204250474761624,0.0006204250474761624,0.00037060150291904985
4,0.1,56,0.038733093102810236,0.0005856872889902383,0.0005856872889902383,0.00037112278769034566
4,0.1,57,0.03875464418525779,0.0006134391666390058,0.0006134391666390059,0.00037585607225200217
4,0.1,58,0.03867148388557422,0.0005863153853992817,0.0005863153853992817,0.00037433058940087183
4,0.1,59,0.038614602616747803,0.0006177758121118629,0.0006177758121118629,0.00037463720360612717
4,0.1,60,0.038737400787112304,0.0005979747859115724,0.0005979747859115725,0.0003794613709048923
4,0.1,61,0.03857193637567326,0.00058711961633264,0.00058711961633264,0.0003728963103637012
4,0.1,62,0.038922432584927356,0.000591626921225939,0.000591626921225939,0.00038185475551166684
4,0.1,63,0.03865113229790488,0.0005938985303386938,0.0005938985303386938,0.0003794425896893234
4,0.1,64,0.038734306820259835,0.0006304559622646561,0.0006304559622646561,0.0003793371831581732
4,0.1,65,0.038943328033040264,0.0006156707412835751,0.0006156707412835751,0.000377841066728935
4,0.1,66,0.038982122316267416,0.0006106965651222527,0.0006106965651222526,0.00037722235245348304
4,0.1,67,0.03927963826364514,0.0006215409498422358,0.0006215409498422358,0.0003892442081016984
4,0.1,68,0.03918897874318361,0.0006380843071825239,0.0006380843071825239,0.00038720197354561554
4,0.1,69,0.03877014544894121,0.0006540066714630467,0.0006540066714630467,0.00037835352707495936
4,0.1,70,0.038868487432453816,0.0006091272506402837,0.0006091272506402837,0.0003801399782033943
4,0.1,71,0.03889110281253933,0.0006069047089745366,0.0006069047089745366,0.00037219749995103587
4,0.1,72,0.03892019918082948,0.0006067512791998274,0.0006067512791998274,0.00037268543141777313
4,0.1,73,0.03860537798087485,0.0006403060648998278,0.0006403060648998277,0.0003731237197070735
4,0.1,74,0.038529579962507485,0.0006652078603321693,0.0006652078603321695,0.0003760750530392887
4,0.1,75,0.038466551559635374,0.0006601741987014763,0.0006601741987014763,0.0003734264718295423
4,0.1,76,0.03853422800858442,0.00066744174669522,0.00066744174669522,0.0003684597644514241
4,0.1,77,0.03859390453545822,0.0006717631851522501,0.0006717631851522501,0.00038094066891827144
4,0.1,78,0.03875715850624136,0.0006571664021177625,0.0006571664021177625,0.0003717075970600499
4,0.1,79,0.03882966465491578,0.0006482486168971256,0.0006482486168971256,0.00037220331540081667
4,0.1,80,0.03874841439217816,0.0006434324336957595,0.0006434324336957594,0.0003678015450144791
4,0.1,81,0.0387785980935935,0.000602632246928299,0.0006026322469282991,0.0003669313928188188
4,0.1,82,0.03878216130720106,0.0005882955951118566,0.0005882955951118567,0.00036333962290414223
4,0.1,83,0.03855237535676877,0.0005881851139387731,0.0005881851139387731,0.0003674998172339523
4,0.1,84,0.03833967017706785,0.000583723704004624,0.000583723704004624,0.0003660505570125916
4,0.1,85,0.03857934188142769,0.0005846473267494933,0.0005846473267494933,0.000362916827617087
4,0.1,86,0.038480507414213584,0.0005694720291591477,0.0005694720291591477,0.00035968670141326575
4,0.1,87,0.03843419465575451,0.0006041617397401384,0.0006041617397401384,0.00035321680064202365
4,0.1,88,0.038774261585366517,0.0005795921855909487,0.0005795921855909487,0.0003604710946380458
4,0.1,89,0.03892796978490477,0.0006209458616959856,0.0006209458616959855,0.0003728005473021614
4,0.1,90,0.03888154963734632,0.0006572672463148059,0.000657267246314806,0.0003745558936088824
4,0.1,91,0.03881144314428047,0.0006366018902976572,0.0006366018902976572,0.00038516137226518766
4,0.1,92,0.0391438433014537,0.0006923408998622975,0.0006923408998622975,0.00039644332853056724
4,0.1,93,0.03935649078242645,0.0006973293864187461,0.0006973293864187461,0.00039760375959276315
4,0.1,94,0.039700359919781034,0.0007116704036911419,0.000711670403691142,0.0004088811421200915
4,0.1,95,0.03969521956417689,0.0007151678348971765,0.0007151678348971765,0.00040704148247205604
4,0.1,96,0.03948780893738356,0.0006692192008325293,0.0006692192008325293,0.00040346676513991096
4,0.1,97,0.039734582742932026,0.000684134908086021,0.000684134908086021,0.00041106542276478434
4,0.1,98,0.03987793912691506,0.000704205969290985,0.000704205969290985,0.000405662987062309
4,0.1,99,0.039816143532809795,0.0006828521021869332,0.0006828521021869332,0.00040798490140759306
4,0.1,100,0.040024089866995044,0.0006772527824418064,0.0006772527824418064,0.00041591837524383485
4,0.1,101,0.04010804643888915,0.0006702064298295871,0.0006702064298295871,0.0004221238170039546
4,0.1,102,0.04006268819278154,0.0006869425606944492,0.0006869425606944492,0.0004218031924080544
4,0.1,103,0.04010827469499934,0.000683430097967796,0.000683430097967796,0.0004230017777768889
4,0.1,104,0.04015160952804379,0.0006486485001311848,0.0006486485001311848,0.00041837477224092426
4,0.1,105,0.040192773421318446,0.0006431888619241189,0.0006431888619241189,0.0004245323091320715
4,0.1,106,0.040350612581788195,0.0006872209686882649,0.0006872209686882649,0.0004211606077144932
4,0.1,107,0.04031852481704547,0.0006919749985506696,0.0006919749985506696,0.00043548540716101285
4,0.1,108,0.04023464886205156,0.000740224395013192,0.0007402243950131919,0.00042847859874124743
4,0.1,109,0.040245956903827526,0.0007259129235234162,0.000725912923523416,0.00042934971567004784
4,0.1,110,0.04016707072051,0.0007093425085180316,0.0007093425085180315,0.0004383394354160473
4,0.1,111,0.04029001120044128,0.0007088015212055598,0.0007088015212055598,0.00042904025160914416
4,0.1,112,0.03995133685702808,0.0007006099612497701,0.00070060996124977,0.0004217816188293379
4,0.1,113,0.039991668117655844,0.0006744157481607454,0.0006744157481607454,0.0004186191487496004
4,0.1,114,0.03982223573880885,0.0007354222344043473,0.0007354222344043473,0.0004159841343902057
4,0.1,115,0.03974811558351178,0.0007288532772544467,0.0007288532772544467,0.000420209648426477
4,0.1,116,0.039728367813318795,0.000697815104057505,0.000697815104057505,0.0004148413581958094
4,0.1,117,0.03984610558122822,0.0006751954667247803,0.0006751954667247803,0.00042634675948771027
4,0.1,118,0.039843052951486206,0.000634752580400949,0.000634752580400949,0.0004305915586995674
4,0.1,119,0.03983231743570882,0.000671921715625074,0.000671921715625074,0.00042801377217937983
4,0.1,120,0.03963912682677005,0.000673209759451491,0.000673209759451491,0.0004246267388590421
4,0.1,121,0.03979848199932277,0.0007064727586148367,0.0007064727586148367,0.0004258297010978644
4,0.1,122,0.03960856344673892,0.0006617814087515395,0.0006617814087515395,0.00041206071899382954
4,0.1,123,0.03982910126615387,0.00066814297649294,0.0006681429764929402,0.0004197808946219889
4,0.1,124,0.039770896738458274,0.000658847998295703,0.000658847998295703,0.00041415742483157743
4,0.1,125,0.03946394108940283,0.0006737980303484838,0.0006737980303484838,0.00039818472549565736
4,0.1,126,0.039579352525299566,0.0006989756220254809,0.0006989756220254809,0.000392817043140234
4,0.1,127,0.03981033520551467,0.0007561194317855802,0.0007561194317855802,0.0003951866625063727
4,0.1,128,0.0398302069926658,0.0007521368271355963,0.0007521368271355963,0.0003909647864696635
4,0.1,129,0.03979435495782004,0.0007588448959724863,0.0007588448959724863,0.0003920971019907648
4,0.1,130,0.03994629551962462,0.0007721662871616124,0.0007721662871616124,0.0003971857739305096
4,0.1,131,0.040177712828259785,0.0008040265927211533,0.0008040265927211532,0.0003977921483896397
4,0.1,132,0.03994723874887528,0.0006987159364859632,0.0006987159364859632,0.00039929250541978375
4,0.1,133,0.03978777384849466,0.0007128215812657198,0.0007128215812657198,0.0004040511023270661
4,0.1,134,0.039836728055136834,0.0007111397473861136,0.0007111397473861136,0.00039762340822280294
4,0.1,135,0.03984059900184616,0.0007269169300475013,0.0007269169300475013,0.000390173318166266
4,0.1,136,0.03974076302194167,0.0007096958783729503,0.0007096958783729503,0.00038334155053940734
4,0.1,137,0.03978501938123626,0.0007260830974118016,0.0007260830974118016,0.0003926106723649969
4,0.1,138,0.03979720790748145,0.0007385463515707206,0.0007385463515707208,0.0003975731308006452
4,0.1,139,0.039629194105473727,0.0007435301640766395,0.0007435301640766394,0.00040248491605990723
4,0.1,140,0.03985122744595653,0.0007289729683736543,0.0007289729683736543,0.00040287896252737097
4,0.1,141,0.0396427806755595,0.0007106955699688617,0.0007106955699688618,0.0003939678426919222
4,0.1,142,0.03966786536629465,0.0006729896194768368,0.0006729896194768368,0.0004031598108138611
4,0.1,143,0.039487809331820486,0.000605885914496658,0.000605885914496658,0.0004027750043720366
4,0.1,144,0.03941656251398819,0.0005763489252569423,0.0005763489252569423,0.0004056677655391055
4,0.1,145,0.03944510910244781,0.000598877760411289,0.000598877760411289,0.0004087561637664523
4,0.1,146,0.03929198999175329,0.0006193250930436161,0.0006193250930436161,0.0004019104635912322
4,0.1,147,0.039269616317181066,0.000619286726718652,0.000619286726718652,0.00040081070461061387
4,0.1,148,0.03931142385965167,0.0006897649769558598,0.0006897649769558598,0.00040739206481721065
4,0.1,149,0.039475756660056344,0.0006668112884256682,0.0006668112884256682,0.0004021233722036195
4,0.1,150,0.03962299539292603,0.0006894123898369168,0.0006894123898369168,0.0004062948312113859
4,0.1,151,0.03967936436551767,0.0006633246595575774,0.0006633246595575774,0.00040297483278202835
4,0.1,152,0.039858776433724145,0.0006322321743850697,0.0006322321743850697,0.0004101489365459286
4,0.1,153,0.040129199963428404,0.0006727847252593208,0.0006727847252593206,0.00041613036554456035
4,0.1,154,0.040214115739575826,0.000657399672735146,0.0006573996727351459,0.00042126914483937475
4,0.1,155,0.040004139474129584,0.0006762323731190233,0.0006762323731190233,0.0004213611987311999
4,0.1,156,0.040298803625110506,0.0007082256193940089,0.0007082256193940088,0.00042017605580918987
4,0.1,157,0.04059371054903698,0.0007171530808809024,0.0007171530808809024,0.00041326796051767813
4,0.1,158,0.0406816560533936,0.0006927506780402018,0.0006927506780402017,0.00041847750031523184
4,0.1,159,0.04045541745226959,0.0006920424011940783,0.0006920424011940783,0.00041726987241063544
4,0.1,160,0.04039601318611816,0.0007211536064219559,0.0007211536064219559,0.0004133951923790728
4,0.1,161,0.04032853479008059,0.0007246140570738857,0.0007246140570738857,0.0004163993745878796
4,0.1,162,0.040318118399508364,0.0007515691844333157,0.0007515691844333157,0.00040473705933990344
4,0.1,163,0.040280837710444245,0.0008062421575274198,0.0008062421575274198,0.0004159618012436312
4,0.1,164,0.04011471370828388,0.0007725911414165681,0.0007725911414165681,0.000417979907706279
4,0.1,165,0.04027089130010086,0.0007147500223467949,0.0007147500223467949,0.00042608336944796935
4,0.1,166,0.040723235581171635,0.0007351010198941108,0.0007351010198941107,0.00043131671763014726
4,0.1,167,0.04087367622173762,0.0007621552164105501,0.0007621552164105501,0.0004282511027317074
4,0.1,168,0.040607778938747216,0.0007543637773675582,0.0007543637773675582,0.00042565229600155226
4,0.1,169,0.040560764201372154,0.0007286310226491347,0.0007286310226491346,0.0004187107895232545
4,0.1,170,0.04071093483789711,0.0007394164635182171,0.000739416463518217,0.0004183081509075199
4,0.1,171,0.04070338948489368,0.0007208294325567033,0.0007208294325567033,0.00042448752368722556
4,0.1,172,0.040513683704233264,0.0007356205251371379,0.0007356205251371379,0.0004169953845445962
4,0.1,173,0.040438177794621395,0.0007302042087122447,0.0007302042087122447,0.00041090378867493553
4,0.1,174,0.040361218963149106,0.0007252858246395878,0.0007252858246395878,0.0004127527012494759
4,0.1,175,0.040391269539700965,0.0007359538361611329,0.0007359538361611328,0.00041928804337142996
4,0.1,176,0.040764717538566926,0.0007703180596857314,0.0007703180596857314,0.00042417465168805734
4,0.1,177,0.040692408618013994,0.0007497840211492921,0.0007497840211492921,0.00042617161158504686
4,0.1,178,0.04044612280242196,0.0007554715649903894,0.0007554715649903893,0.000412140933916238
4,0.1,179,0.04050234883413258,0.0007724120981234307,0.0007724120981234306,0.00041481998017260294
4,0.1,180,0.040583639333832446,0.0007340601679695879,0.0007340601679695879,0.0004029167843529818
4,0.1,181,0.040365356865986315,0.0007251093591078158,0.0007251093591078159,0.0004034692259652673
4,0.1,182,0.04035388675713311,0.0006942312901336069,0.0006942312901336069,0.00040271287235078655
4,0.1,183,0.04029809479709186,0.0007123051170291918,0.0007123051170291918,0.00039890238907200576
4,0.1,184,0.0401595366090092,0.0006998469688508249,0.0006998469688508248,0.00041033743538565525
4,0.1,185,0.04039775122940602,0.0006901154142880906,0.0006901154142880906,0.0004209094996410674
4,0.1,186,0.04035220184667776,0.0007276012272466127,0.0007276012272466126,0.0004151326140037066
4,0.1,187,0.04021769945784604,0.0006808715035551035,0.0006808715035551035,0.00040916352854278055
4,0.1,188,0.04035801308654073,0.0007079751483719497,0.0007079751483719497,0.000415476909988678
4,0.1,189,0.04057483518317005,0.0007180111537510505,0.0007180111537510505,0.0004153297557386724
4,0.1,190,0.040606189064830316,0.0006970739758800524,0.0006970739758800524,0.0004032579402855007
4,0.1,191,0.04071482082098265,0.0007351740223609468,0.0007351740223609468,0.00041432005861381425
4,0.1,192,0.040655357148424526,0.0007550395056907227,0.0007550395056907228,0.0004284911834097927
4,0.1,193,0.04068019036379029,0.0007596090688226315,0.0007596090688226315,0.000427888567173484
4,0.1,194,0.04060839979288109,0.000779534509445778,0.000779534509445778,0.00042992372139538405
4,0.1,195,0.040598374201717274,0.0008280638467040247,0.0008280638467040247,0.0004457308065189051
4,0.1,196,0.04082809159081851,0.0008518071738003937,0.0008518071738003937,0.0004369676322228346
4,0.1,197,0.040986755463963194,0.0008717094956014257,0.0008717094956014257,0.0004357854273366673
4,0.1,198,0.040726845724572504,0.0008803126388560135,0.0008803126388560135,0.0004335585675490067
4,0.1,199,0.04059996677085091,0.0008812994541370914,0.0008812994541370914,0.00042699081838767125
4,0.1,200,0.04055627468596385,0.0008999578566210656,0.0008999578566210656,0.00042093980905695696
4,0.1,201,0.04068897506386879,0.0009186336783943695,0.0009186336783943696,0.00042817193927502097
4,0.1,202,0.040710158708880145,0.0009070038080269914,0.0009070038080269914,0.00043081031050142953
4,0.1,203,0.04068820255193086,0.000904349980729143,0.0009043499807291429,0.0004318422856890229
4,0.1,204,0.04083717922129123,0.0009216775700789909,0.0009216775700789909,0.0004370265271107446
4,0.1,205,0.04084721590004438,0.0009122922759736151,0.0009122922759736151,0.0004447192323179918
4,0.1,206,0.0408104091031508,0.0008963507524893695,0.0008963507524893696,0.0004459616636770698
4,0.1,207,0.040650210374204306,0.0008946763847928838,0.0008946763847928837,0.00043708944213037717
4,0.1,208,0.04043175025216588,0.00084022315920333,0.0008402231592033301,0.00044304204280632033
4,0.1,209,0.0403377920990878,0.0008231484604865848,0.0008231484604865848,0.0004512329747987499
4,0.1,210,0.04051920903481442,0.0007729167403163929,0.000772916740316393,0.0004453861696571986
4,0.1,211,0.04036197512529471,0.0007857563527695954,0.0007857563527695954,0.0004479018669816276
4,0.1,212,0.03996566161863502,0.0007982718921550472,0.0007982718921550471,0.00044447849245716483
4,0.1,213,0.039883164904161154,0.0008552393981904022,0.0008552393981904022,0.0004415870568327469
4,0.1,214,0.040266896708720426,0.0008792402830465597,0.0008792402830465596,0.00045194140801514996
4,0.1,215,0.040618560890613824,0.0009008531071245841,0.0009008531071245841,0.00045048466260173755
4,0.1,216,0.04064270677531141,0.0009415822052899575,0.0009415822052899575,0.00045226427820709296
4,0.1,217,0.04070166398790994,0.0009460927000994931,0.0009460927000994931,0.00045290771232855097
4,0.1,218,0.040593792147826026,0.000929779128320445,0.0009297791283204451,0.0004443300776461956
4,0.1,219,0.041019304018011786,0.0009281873271943841,0.0009281873271943841,0.00044500649901610135
4,0.1,220,0.04116201795402947,0.0009141400002477079,0.0009141400002477079,0.000449076606008201
4,0.1,221,0.041211944086288664,0.0009079229965555833,0.0009079229965555833,0.00045086401921613003
4,0.1,222,0.04110202950008393,0.0009290638708518503,0.0009290638708518503,0.0004547198655486165
4,0.1,223,0.04106065322174643,0.0008854211224020935,0.0008854211224020935,0.0004456336533550027
4,0.1,224,0.04099982652128331,0.0009151289497375547,0.0009151289497375547,0.000443776846558685
4,0.1,225,0.04098501586754813,0.0009331646873420873,0.0009331646873420873,0.0004494855990343396
4,0.1,226,0.04096675427292432,0.0009468212551413652,0.0009468212551413652,0.00045952477804430563
4,0.1,227,0.04109402293489908,0.0009135800823753344,0.0009135800823753344,0.00045941636335413046
4,0.1,228,0.04084900643757769,0.0009287071366720161,0.0009287071366720161,0.00045660352253498027
4,0.1,229,0.041053234807779,0.0009546717731612723,0.0009546717731612722,0.00046168655956257455
4,0.1,230,0.04084169658186428,0.0008875402007483812,0.0008875402007483811,0.0004587514639290908
4,0.1,231,0.04117356934539849,0.0008602650267395568,0.0008602650267395568,0.00046746244705886343
4,0.1,232,0.0410832838376987,0.0009012434258472479,0.0009012434258472478,0.00045608241864545447
4,0.1,233,0.04100943450657215,0.0009128643572032556,0.0009128643572032557,0.0004481241840900644
4,0.1,234,0.041137869276981175,0.0009321587125864026,0.0009321587125864025,0.0004451977603522634
4,0.1,235,0.04105833132754135,0.0008602375041048994,0.0008602375041048996,0.00045139271879545865
4,0.1,236,0.04092620061142303,0.0008455186364871651,0.0008455186364871651,0.00044156399806222576
4,0.1,237,0.04103069702473456,0.0008347352009198095,0.0008347352009198095,0.00045001840477676126
4,0.1,238,0.040812881063368514,0.0008754102355010159,0.0008754102355010158,0.00046019152227561494
4,0.1,239,0.041063156078512485,0.0008758535162152639,0.000875853516215264,0.00046363589582989117
4,0.1,240,0.04082599536947546,0.0008813805566195366,0.0008813805566195366,0.0004436705149786019
4,0.1,241,0.0409252385545237,0.0008671916851137577,0.0008671916851137577,0.00043540224914013614
4,0.1,242,0.040677788670470845,0.0008599344299984311,0.0008599344299984312,0.00044268289924648236
4,0.1,243,0.04101997187734575,0.0008835892204087419,0.0008835892204087419,0.00044373012705421755
4,0.1,244,0.040982077231110435,0.0008699496395848155,0.0008699496395848156,0.0004398481378263732
4,0.1,245,0.041116657362329695,0.000891890048621411,0.000891890048621411,0.0004439302073104619
4,0.1,246,0.04100866039926124,0.0008922183876797811,0.0008922183876797811,0.00043935402759370866
4,0.1,247,0.04102209312527026,0.0009162243633267657,0.0009162243633267657,0.0004561367062936361
4,0.1,248,0.04090732491567479,0.0009290853722455781,0.0009290853722455781,0.00046256405433932286
4,0.1,249,0.0409785568731635,0.0009254966173196891,0.0009254966173196891,0.000472969792089186
4,0.1,250,0.040944032820713246,0.0008910626744367251,0.000891062674436725,0.0004615909043512524
4,0.1,251,0.04110119020214851,0.0009038933467215463,0.0009038933467215463,0.00046891232879353454
4,0.1,252,0.04124636290256065,0.0008600203313842323,0.0008600203313842324,0.0004727469159049011
4,0.1,253,0.0411808293374222,0.0008463286081811539,0.0008463286081811539,0.0004685489990095889
4,0.1,254,0.0411006174504857,0.00085436904983906,0.0008543690498390601,0.00045945616991941053
4,0.1,255,0.04105525672440034,0.0008847959504180825,0.0008847959504180827,0.00045024113841984323
4,0.1,256,0.04091933276718288,0.0009136857221980177,0.0009136857221980177,0.0004443036442848342
4,0.1,257,0.04086317179652801,0.0009063126344721728,0.0009063126344721728,0.00044426537767034183
4,0.1,258,0.04087459255286796,0.0008483037761781526,0.0008483037761781526,0.0004393258433141568
4,0.1,259,0.040952243250731594,0.0008960996686837779,0.0008960996686837778,0.000434376547856807
4,0.1,260,0.04086066463878641,0.0008715739660716352,0.0008715739660716352,0.000437413233810381
4,0.1,261,0.04067768583873344,0.0008574676877243213,0.0008574676877243213,0.0004379089662601158
4,0.1,262,0.040648268719203996,0.0008392645654478678,0.0008392645654478678,0.00043428601271000013
4,0.1,263,0.040662207783848214,0.0009179946857535367,0.0009179946857535366,0.00044654815101698094
4,0.1,264,0.0408859881298107,0.0009444417292511502,0.0009444417292511502,0.0004601478830409683
4,0.1,265,0.040910308706210555,0.0009171419860788038,0.0009171419860788038,0.00045984876713779356
4,0.1,266,0.040747643602125315,0.0009453011202674432,0.0009453011202674432,0.00045869714713349673
4,0.1,267,0.04098740480737575,0.0009289852932323572,0.0009289852932323572,0.0004508321054153298
4,0.1,268,0.04121052875812293,0.0009700044091919861,0.000970004409191986,0.0004512704005428407
4,0.1,269,0.04112726374750354,0.0009651834762669657,0.0009651834762669657,0.0004466631139708389
4,0.1,270,0.04098483759671481,0.0009711217834713711,0.0009711217834713711,0.0004459465498306218
4,0.1,271,0.04095400724638595,0.0009605755236719869,0.0009605755236719869,0.000445367927040609
4,0.1,272,0.04082332673541854,0.000987362314011564,0.000987362314011564,0.0004473045850432535
4,0.1,273,0.04101543164928324,0.0010025485370392848,0.001002548537039285,0.0004591413561218851
4,0.1,274,0.04082736698546118,0.00097892867562723,0.00097892867562723,0.00044769080015615535
4,0.1,275,0.04064887350394626,0.0009423327497576156,0.0009423327497576156,0.0004442984812099741
4,0.1,276,0.040791860484649195,0.0009646337643245052,0.0009646337643245052,0.0004530192756126232
4,0.1,277,0.040736922627077475,0.0009433743341665694,0.0009433743341665694,0.00045735309338798503
4,0.1,278,0.040817330842779984,0.0009490967355778319,0.0009490967355778319,0.0004634902841751615
4,0.1,279,0.04075468084946966,0.000970101709385906,0.000970101709385906,0.0004567474891061694
4,0.1,280,0.0406108865968926,0.0009070430954009033,0.0009070430954009034,0.0004589738860628708
4,0.1,281,0.04068174249636971,0.0008420674705465361,0.000842067470546536,0.0004570473475146826
4,0.1,282,0.040614572376517916,0.0008251166428698804,0.0008251166428698804,0.00046147043683306
4,0.1,283,0.040793847720125724,0.0008079832844096575,0.0008079832844096575,0.00044961832895432124
4,0.1,284,0.0408385076203772,0.0008598612598107629,0.000859861259810763,0.00045120420671939754
4,0.1,285,0.040781042081292095,0.0008314478770871766,0.0008314478770871765,0.0004640811499600833
4,0.1,286,0.04092499539044239,0.0008884653892076355,0.0008884653892076355,0.0004567235639367311
4,0.1,287,0.04081208377408792,0.0008704479423763454,0.0008704479423763452,0.00045612320659544264
4,0.1,288,0.0404430738952644,0.0008490665661351304,0.0008490665661351304,0.00045753130921296806
4,0.1,289,0.0405290089928952,0.000820470338876538,0.000820470338876538,0.00045862702652809144
4,0.1,290,0.0405451600855438,0.000819172471785892,0.0008191724717858921,0.0004581494206795121
4,0.1,291,0.040390355663706946,0.000850864329394082,0.000850864329394082,0.0004588170915853115
4,0.1,292,0.040357912825658065,0.0008562091599911525,0.0008562091599911525,0.0004548227557735419
4,0.1,293,0.040331371011626,0.0008433946997524622,0.0008433946997524622,0.0004473113001768503
4,0.1,294,0.0402860583374212,0.0008446330090629779,0.0008446330090629779,0.0004396229019527525
4,0.1,295,0.040289216137628384,0.0008513507972067786,0.0008513507972067786,0.00043605223812294593
4,0.1,296,0.039822845026128616,0.0008731928066292756,0.0008731928066292757,0.0004447620089390089
4,0.1,297,0.03968946252803076,0.0009124978966901703,0.0009124978966901703,0.0004432048953911498
4,0.1,298,0.03956974699371015,0.0009078432311114875,0.0009078432311114873,0.00043390874785852147
4,0.1,299,0.0397480156339038,0.0009193573976638403,0.0009193573976638404,0.00044561654891776565
4,0.1,300,0.039492529651768034,0.0008220768606951868,0.0008220768606951869,0.00044335617961573955
4,0.1,301,0.03974133347857431,0.0008070763320272976,0.0008070763320272975,0.0004417269072491813
4,0.1,302,0.039837984474385926,0.0007834910069376575,0.0007834910069376575,0.00043637647651473976
4,0.1,303,0.039838827966155226,0.0007519723551502954,0.0007519723551502954,0.00043740917950531663
4,0.1,304,0.03996090630323365,0.0007731971148591113,0.0007731971148591114,0.0004305118921291111
4,0.1,305,0.03987854922056587,0.0007536647994436515,0.0007536647994436514,0.00042937077247642174
4,0.1,306,0.03997434963071425,0.000717414349979941,0.0007174143499799408,0.0004347328534904218
4,0.1,307,0.039945617862073436,0.0007146208102467682,0.0007146208102467682,0.0004301107160726096
4,0.1,308,0.03993788095605918,0.0007277975240015956,0.0007277975240015956,0.00042922536025077917
4,0.1,309,0.03995391583519014,0.0007342010618835477,0.0007342010618835476,0.0004236272583386716
4,0.1,310,0.039929578364474076,0.0007374995211723711,0.000737499521172371,0.0004269219193026187
4,0.1,311,0.040061590756378974,0.0007578263042081047,0.0007578263042081047,0.00043069433735932127
4,0.1,312,0.03989526871264551,0.0007652420229889162,0.0007652420229889161,0.00041797652226171475
4,0.1,313,0.0399226954491279,0.0007423973990406971,0.0007423973990406971,0.0004195472252983884
4,0.1,314,0.040149833670771705,0.0007587868395561412,0.0007587868395561413,0.0004161428081753463
4,0.1,315,0.040232615327171053,0.0007785276796157483,0.0007785276796157483,0.00041836174920516765
4,0.1,316,0.04041784317121459,0.0007981845727859015,0.0007981845727859014,0.00043084536134994016
4,0.1,317,0.04041087572255837,0.0007784442211270825,0.0007784442211270825,0.0004420407988842067
4,0.1,318,0.040466162787046726,0.000800677215050459,0.000800677215050459,0.0004370992773187926
4,0.1,319,0.04049187497178499,0.0007400881939195706,0.0007400881939195706,0.0004383741377887401
4,0.1,320,0.040655616669519765,0.0007393748280191552,0.0007393748280191551,0.000435189950079986
4,0.1,321,0.040606050887828996,0.00071317351544574,0.00071317351544574,0.0004347850499236184
4,0.1,322,0.0405252777893925,0.0006898462375164247,0.0006898462375164247,0.0004305079452275315
4,0.1,323,0.04052921411117095,0.0006794448623175819,0.0006794448623175819,0.00042085574316338655
4,0.1,324,0.040670887943078396,0.000709530748342261,0.000709530748342261,0.00042804510151459973
4,0.1,325,0.04085563669282374,0.0007415580346957456,0.0007415580346957455,0.000433914605981756
4,0.1,326,0.0407766534681045,0.0007563548801708091,0.000756354880170809,0.00044309640614560947
4,0.1,327,0.040540932329415885,0.000754670480340377,0.0007546704803403771,0.0004322323807716091
4,0.1,328,0.040629163286965204,0.0008254651311742104,0.0008254651311742104,0.0004359715093633865
4,0.1,329,0.040828060258272854,0.0008235948580608659,0.0008235948580608659,0.0004426081774892462
4,0.1,330,0.04072463315914661,0.0008126255471604165,0.0008126255471604163,0.0004306877983823481
4,0.1,331,0.04068657964239887,0.0008572851941845166,0.0008572851941845166,0.00042507210269365965
4,0.1,332,0.04064807648638317,0.0008893959738577654,0.0008893959738577653,0.00041879120808034756
4,0.1,333,0.04073527785638395,0.0008624791988388255,0.0008624791988388255,0.0004219074495230355
4,0.1,334,0.04059115996913669,0.0008114835375370247,0.0008114835375370248,0.00043589151847851624
4,0.1,335,0.040760570528549804,0.0008170940035175014,0.0008170940035175014,0.00043463684276870537
4,0.1,336,0.04086441559654766,0.0008460553892248374,0.0008460553892248375,0.0004342286915028275
4,0.1,337,0.040686548035123546,0.0008466486363831518,0.0008466486363831517,0.00043528510688334586
4,0.1,338,0.04053173826365611,0.000866161045907344,0.000866161045907344,0.0004258006648428308
4,0.1,339,0.04067001384935213,0.0008590941038945131,0.0008590941038945131,0.00042892072577923506
4,0.1,340,0.0407637080177509,0.0008447941498137069,0.0008447941498137069,0.0004382828243007306
4,0.1,341,0.0408633706719325,0.0008880434028782579,0.0008880434028782579,0.000440153697393666
4,0.1,342,0.040827193840082536,0.0008842907954860919,0.000884290795486092,0.00042240347234453855
4,0.1,343,0.04074881433948125,0.0008146165662583194,0.0008146165662583194,0.0004279557879203197
4,0.1,344,0.0409772127760742,0.0008489604724049147,0.0008489604724049146,0.00043447471625622205
4,0.1,345,0.041042314664761825,0.0008447903590082648,0.000844790359008265,0.00043240796354176346
4,0.1,346,0.0411640746987306,0.0008169918005837328,0.0008169918005837328,0.00044072753020886344
4,0.1,347,0.041162455893925816,0.0007965181284436993,0.0007965181284436993,0.00043786579372686257
4,0.1,348,0.041089078489709,0.0008685586479998965,0.0008685586479998965,0.0004473713516140753
4,0.1,349,0.041052211891111225,0.0008552703768731144,0.0008552703768731144,0.00044446558520489546
4,0.1,350,0.040757132026013936,0.0008210973716664651,0.0008210973716664651,0.00044101230709021243
4,0.1,351,0.04066191615743004,0.0008414535579309973,0.0008414535579309972,0.00043601685761547214
4,0.1,352,0.04062826957893873,0.000811244006037476,0.000811244006037476,0.0004478049594918136
4,0.1,353,0.04040211790930513,0.0007864657494123779,0.000786465749412378,0.00045139601227484446
4,0.1,354,0.040566033073633885,0.0008134771799068912,0.0008134771799068912,0.00044953075187926443
4,0.1,355,0.04087008454510035,0.0008497935661662904,0.0008497935661662904,0.0004468671315901157
4,0.1,356,0.040753079094957255,0.0008162022006632101,0.0008162022006632101,0.0004395573406396047
4,0.1,357,0.04061492701376641,0.0007862368165662269,0.0007862368165662269,0.0004313928762186959
4,0.1,358,0.040552571451071315,0.0008483359422956365,0.0008483359422956366,0.00041970011419932465
4,0.1,359,0.040441574631489896,0.0008553666973899091,0.000855366697389909,0.00041822392720873233
4,0.1,360,0.040468106346549085,0.0008882250066071925,0.0008882250066071924,0.0004145791607943293
4,0.1,361,0.04042023322258412,0.0008698841459554895,0.0008698841459554895,0.0004144961685778056
4,0.1,362,0.04067170400689603,0.0008047816663920088,0.0008047816663920089,0.0004160785619710918
4,0.1,363,0.040719036702723095,0.0008106701983601712,0.0008106701983601713,0.0004080529286529308
4,0.1,364,0.0406190569784826,0.0007879518544258065,0.0007879518544258065,0.00040686050826801263
4,0.1,365,0.04061912527955775,0.0007780543966051951,0.0007780543966051952,0.0003983024245410924
4,0.1,366,0.04049601491767304,0.0007965027340420915,0.0007965027340420915,0.00040577900167171083
4,0.1,367,0.040795826801837916,0.0008331195893196577,0.0008331195893196579,0.00041337429070965957
4,0.1,368,0.0407909332677296,0.0008324202452970966,0.0008324202452970965,0.00040578461624413094
4,0.1,369,0.04059008261440565,0.0008661168761173645,0.0008661168761173645,0.0004162618075269069
4,0.1,370,0.040690858662677784,0.00085370856282325,0.0008537085628232499,0.00041721589871517094
4,0.1,371,0.04063030688063806,0.0008286013093758406,0.0008286013093758405,0.0004126964141063332
4,0.1,372,0.04086208812119115,0.0008492850604211557,0.0008492850604211557,0.00042307530120215585
4,0.1,373,0.04094270597810823,0.0008408287777984998,0.0008408287777984998,0.00043102544248144957
4,0.1,374,0.041110611678581876,0.0008650927952933315,0.0008650927952933317,0.0004298858784165572
4,0.1,375,0.041084769548585844,0.000838829578612477,0.0008388295786124771,0.00043856628196934234
4,0.1,376,0.04121319804774773,0.0008696365781161865,0.0008696365781161863,0.00044073925938606487
4,0.1,377,0.041335371874330784,0.0008695894001553095,0.0008695894001553095,0.00044055946118930006
4,0.1,378,0.04124152245373146,0.0008628462821013751,0.0008628462821013753,0.0004325181755859619
4,0.1,379,0.04123014049579306,0.0008624393978164548,0.0008624393978164548,0.00042923952213629204
4,0.1,380,0.04123543666285542,0.0008473416385991639,0.0008473416385991639,0.00042787699240440973
4,0.1,381,0.04114238817459503,0.0008278825145032809,0.0008278825145032809,0.00043400759392991256
4,0.1,382,0.04109861316713534,0.0008296244608358586,0.0008296244608358586,0.0004253156317593317
4,0.1,383,0.041130286393032636,0.0008053417325481671,0.0008053417325481671,0.0004181548644836692
4,0.1,384,0.04123354940844138,0.0008163485983247973,0.0008163485983247972,0.0004257328732662556
4,0.1,385,0.0410185433321773,0.0008015085329018299,0.0008015085329018299,0.000421712775768017
4,0.1,386,0.040818252178934165,0.0007939047497119263,0.0007939047497119263,0.0004195526154377079
4,0.1,387,0.040811054357823534,0.0007930039271407337,0.0007930039271407337,0.0004220123267474186
4,0.1,388,0.04092091961748117,0.000830611115672495,0.000830611115672495,0.0004189060967305029
4,0.1,389,0.040840344257700556,0.0008613054951888949,0.000861305495188895,0.00042951820669166876
4,0.1,390,0.04069012560085066,0.0008765656815839703,0.0008765656815839703,0.00043502645826998146
4,0.1,391,0.040676811067608676,0.0009329188672155211,0.0009329188672155212,0.0004221453541818268
4,0.1,392,0.04043117751794533,0.0009648441953095475,0.0009648441953095476,0.00042198053752218195
4,0.1,393,0.04036320414571408,0.0009229743121328725,0.0009229743121328725,0.0004239886169548174
4,0.1,394,0.04044056523478386,0.0008703061200322179,0.0008703061200322179,0.00042032812340955
4,0.1,395,0.04049472517837952,0.0008557521199115899,0.0008557521199115899,0.00041468870256222793
4,0.1,396,0.04053744646212203,0.0008735918852450494,0.0008735918852450494,0.00040719653158262793
4,0.1,397,0.040643373946307675,0.0008882244031367577,0.0008882244031367578,0.00041717787657791867
4,0.1,398,0.040390823401986756,0.0008798223776068615,0.0008798223776068614,0.0004126064683060776
4,0.1,399,0.04021488546782845,0.0008705600348076625,0.0008705600348076627,0.000418105254606272
4,0.1,400,0.0403980528281717,0.0008156445997796411,0.0008156445997796412,0.0004167241428329601
4,0.1,401,0.04056204300207836,0.0008444310059094535,0.0008444310059094536,0.00041346121604043403
4,0.1,402,0.04052395593822955,0.0008380175268940482,0.0008380175268940482,0.00042343483157127314
4,0.1,403,0.0404505708105125,0.0008161890768965854,0.0008161890768965854,0.00041613819876075897
4,0.1,404,0.04058244534666722,0.0008018228367971488,0.0008018228367971487,0.0004139184002013634
4,0.1,405,0.040587348156189806,0.0008217062399848904,0.0008217062399848905,0.0004149749161270208
4,0.1,406,0.04052025775647568,0.0008123143124366074,0.0008123143124366074,0.00041208662095442214
4,0.1,407,0.04061029890206684,0.0008316810550404956,0.0008316810550404955,0.00041874851125297576
4,0.1,408,0.04055855734610738,0.0008499219333787947,0.0008499219333787947,0.00041392862680345667
4,0.1,409,0.04058932988884286,0.0008225142791442959,0.0008225142791442958,0.0004165686776071782
4,0.1,410,0.04069865598087626,0.000785600136830692,0.0007856001368306919,0.00042217096548361523
4,0.1,411,0.04090210294008832,0.0008112560215679204,0.0008112560215679204,0.00042539395704964346
4,0.1,412,0.04101117390919674,0.000853461255097719,0.0008534612550977191,0.0004181569435366276
4,0.1,413,0.041232984676225784,0.0008064921970147538,0.0008064921970147537,0.0004266366372588562
4,0.1,414,0.04121455129796158,0.0007815318445643701,0.0007815318445643701,0.0004260140635451169
4,0.1,415,0.0407524508834515,0.000774993671893807,0.0007749936718938071,0.0004293497044674519
4,0.1,416,0.040616624667301905,0.0007873803050351899,0.0007873803050351898,0.0004290165702407682
4,0.1,417,0.04052189774299811,0.0007908398559506909,0.0007908398559506909,0.0004163019298004617
4,0.1,418,0.04060674045616204,0.0007516037707532295,0.0007516037707532294,0.0004219965325548987
4,0.1,419,0.04061382663980119,0.0007329950261100981,0.0007329950261100981,0.00041773784084877847
4,0.1,420,0.04068563003796767,0.0007271959283080702,0.0007271959283080701,0.0004314454584182155
4,0.1,421,0.0408194715594686,0.0007602298921820236,0.0007602298921820236,0.00043055964495303527
4,0.1,422,0.04068984229537545,0.0008400733758073993,0.0008400733758073993,0.0004353088258170843
4,0.1,423,0.04057938679355457,0.0008334785429341368,0.0008334785429341368,0.00043425955821118164
4,0.1,424,0.0405672380271584,0.0008162754539697082,0.0008162754539697081,0.00044779096211356204
4,0.1,425,0.04057800092397326,0.0008398002938761851,0.0008398002938761852,0.00044769194615807724
4,0.1,426,0.040355366852537405,0.0007913783398512894,0.0007913783398512893,0.0004338296050823019
4,0.1,427,0.040847578692873435,0.0008177110902554359,0.0008177110902554358,0.0004339357031114587
4,0.1,428,0.040981584686195664,0.000854668369760048,0.0008546683697600482,0.00044463682113636766
4,0.1,429,0.041008853843880505,0.0008134419847300592,0.0008134419847300592,0.0004380607009693601
4,0.1,430,0.04089762831761306,0.0007882459363766995,0.0007882459363766996,0.00044900873431497675
4,0.1,431,0.04101834204767215,0.0007961456509409027,0.0007961456509409027,0.0004523105298122518
4,0.1,432,0.04089369697339739,0.0007889909463282578,0.0007889909463282578,0.000451928195134632
4,0.1,433,0.04119039918182256,0.0008386904959696626,0.0008386904959696625,0.0004546578682926148
4,0.1,434,0.04135136051217701,0.0008935452482297285,0.0008935452482297285,0.0004613304528683703
4,0.1,435,0.041689924922673045,0.0009248114349618732,0.0009248114349618732,0.00047012339673214185
4,0.1,436,0.04173826583779457,0.0009795365673258155,0.0009795365673258155,0.00046509638669256574
4,0.1,437,0.04171346306591177,0.0009604797960304781,0.0009604797960304781,0.0004671547297209272
4,0.1,438,0.041390367460593484,0.0009937720113835232,0.0009937720113835232,0.0004637504031557561
4,0.1,439,0.041680739430416065,0.0009553992791822631,0.0009553992791822631,0.00047073014967388796
4,0.1,440,0.041528332154751386,0.0009549771877338628,0.0009549771877338628,0.0004634543631553114
4,0.1,441,0.041303630857973964,0.0009741863895427351,0.0009741863895427351,0.00045216905423708736
4,0.1,442,0.04143257976279559,0.0009744551395638363,0.0009744551395638363,0.0004579610456976356
4,0.1,443,0.04128459908894577,0.0009847589842303754,0.0009847589842303754,0.00045245644912632403
4,0.1,444,0.0412342709322412,0.0010053007636742295,0.0010053007636742295,0.00045689167444266303
4,0.1,445,0.04126742497844362,0.0009622930034479636,0.0009622930034479636,0.0004660036773731225
4,0.1,446,0.041214300849036135,0.0009502507409698799,0.0009502507409698799,0.00046659786798534014
4,0.1,447,0.04133558994122441,0.000969965712280834,0.000969965712280834,0.0004668575894608928
4,0.1,448,0.041213421649516684,0.0009528090182082997,0.0009528090182082997,0.00047259478007329855
4,0.1,449,0.041192991442222326,0.0009389182014408261,0.0009389182014408262,0.00047715783673007485
4,0.1,450,0.040941076841392796,0.0009205895783937704,0.0009205895783937702,0.0004821034175485254
4,0.1,451,0.04075792577019945,0.000873861987473635,0.000873861987473635,0.00047580224714115145
4,0.1,452,0.04062610660205593,0.000845427449671385,0.000845427449671385,0.00047321567490380133
4,0.1,453,0.04087028692663407,0.0008574901348359696,0.0008574901348359697,0.0004739472477772018
4,0.1,454,0.040955047899413004,0.0008737522109997799,0.0008737522109997798,0.00047803112232780307
4,0.1,455,0.040961061450224975,0.000883309593852719,0.000883309593852719,0.0004659657519799315
4,0.1,456,0.04093356825574997,0.0008418220378043853,0.0008418220378043853,0.0004553322888297017
4,0.1,457,0.04094518364458117,0.0008245682450116485,0.0008245682450116485,0.00045845283871023454
4,0.1,458,0.0409724948099467,0.0008460804421674815,0.0008460804421674815,0.0004582130217730342
4,0.1,459,0.04115057499167547,0.0008650144866326865,0.0008650144866326865,0.00047070906316730416
4,0.1,460,0.04118877764831148,0.0008567253679529295,0.0008567253679529295,0.000461736101753591
4,0.1,461,0.04117958394403879,0.0008543183385111046,0.0008543183385111046,0.0004546673852769372
4,0.1,462,0.04110587737718598,0.000855030684127875,0.000855030684127875,0.00045897955297413505
4,0.1,463,0.041190123741164465,0.0008227410950561934,0.0008227410950561934,0.0004612419398114604
4,0.1,464,0.04133864383486234,0.0008292148155988323,0.0008292148155988323,0.00046477983979864297
4,0.1,465,0.041251951983782946,0.0007984816388266726,0.0007984816388266725,0.0004560831727984529
4,0.1,466,0.04121874896014399,0.0008129308582973693,0.0008129308582973693,0.00044999404577216536
4,0.1,467,0.04144999767664621,0.0008575819268133349,0.0008575819268133349,0.0004570014783708914
4,0.1,468,0.04126051254408713,0.0008631851599596197,0.0008631851599596197,0.00044627335591002233
4,0.1,469,0.040950642058994964,0.0008680891611477339,0.0008680891611477338,0.0004444821643435961
4,0.1,470,0.04091982648614071,0.0008890833938961848,0.0008890833938961848,0.00043051369263896635
4,0.1,471,0.04098489728673428,0.0009126172978901826,0.0009126172978901826,0.0004398175297904196
4,0.1,472,0.04117492088036844,0.0009110412284102066,0.0009110412284102066,0.000438567206630325
4,0.1,473,0.04120954922593659,0.0008723081905958801,0.0008723081905958802,0.0004445243227096019
4,0.1,474,0.04101274932610926,0.0008062829551532777,0.0008062829551532775,0.0004323592187713992
4,0.1,475,0.04105242782646149,0.0008270974293891904,0.0008270974293891903,0.0004388932616684284
4,0.1,476,0.04104390071785743,0.0008331163460963556,0.0008331163460963556,0.0004431992136020733
4,0.1,477,0.04097787009175455,0.0008264515922128594,0.0008264515922128594,0.00043820071050872133
4,0.1,478,0.040881680016086594,0.0008567052623515026,0.0008567052623515026,0.0004367869343838455
4,0.1,479,0.04079782296323023,0.0009007584777377166,0.0009007584777377167,0.0004369063453376787
4,0.1,480,0.040728139624931464,0.0008791272829685483,0.0008791272829685483,0.0004496604100321935
4,0.1,481,0.04085350933454899,0.0009026376402821534,0.0009026376402821534,0.0004479443045085617
4,0.1,482,0.04101756174015957,0.0009021665312722458,0.0009021665312722458,0.0004438984690019634
4,0.1,483,0.04081947324424121,0.0008972268524532305,0.0008972268524532305,0.00044625859918545385
4,0.1,484,0.04103795802485651,0.0008697830382805653,0.0008697830382805653,0.00044197718519141865
4,0.1,485,0.0411361718330172,0.0008461551117355493,0.0008461551117355493,0.0004382963791302525
4,0.1,486,0.04107255681860923,0.0007997345091946852,0.0007997345091946851,0.00043469288086772
4,0.1,487,0.041335207263294385,0.0008404480263615861,0.000840448026361586,0.0004361276989935275
4,0.1,488,0.04119927535367637,0.0008643554175782103,0.0008643554175782103,0.0004325397794781032
4,0.1,489,0.041219990791897115,0.0008459113433921148,0.0008459113433921148,0.0004348470565901256
4,0.1,490,0.04093988884493946,0.0008729411930288392,0.0008729411930288393,0.00042720669980803966
4,0.1,491,0.04087882187022975,0.0008664057352011103,0.0008664057352011104,0.0004332704393398539
4,0.1,492,0.04081923862938346,0.0008753449911654258,0.0008753449911654258,0.00043998161527501923
4,0.1,493,0.041011317392777406,0.0008993111339170439,0.0008993111339170439,0.0004392803647544156
4,0.1,494,0.040951895955477886,0.0009486473838966415,0.0009486473838966415,0.0004418744648046558
4,0.1,495,0.041036904597550154,0.0009429973290763133,0.0009429973290763132,0.0004434292094795564
4,0.1,496,0.04111305199304587,0.0009194384487479353,0.0009194384487479353,0.00044269249627913233
4,0.1,497,0.04109250077523879,0.0008559801544531768,0.0008559801544531768,0.0004404312485520966
4,0.1,498,0.04131095005322723,0.000831057294612888,0.000831057294612888,0.0004392987018409564
4,0.1,499,0.04127959143255384,0.0008661772090833125,0.0008661772090833125,0.0004366321740648665
4,0.1,500,0.04159256159747695,0.0009244743287646068,0.0009244743287646068,0.0004465456918968567
4,0.2,0,0.08274159772957575,0.00024593889204322777,0.00020185621580512923,0.00024593889204322777
4,0.2,1,0.050516377580755896,0.00024713032192072724,0.00018491153586556316,0.00024713032192072724
4,0.2,2,0.04029154106049794,0.00023580661584169,0.0001685325529922045,0.00023580661584169
4,0.2,3,0.035775991597418906,0.00023189540816947213,0.00021842162657764792,0.00023189540816947213
4,0.2,4,0.033796033868561934,0.00024188479377273002,0.00024188479377273,0.00023340370638888575
4,0.2,5,0.03264378879165359,0.00024114794788700515,0.00023640368509311488,0.00024114794788700515
4,0.2,6,0.03190379531643273,0.0002389354810242532,0.0002389354810242532,0.00023540161297234152
4,0.2,7,0.03158989611376314,0.000244276924791515,0.000244276924791515,0.00022957097606417855
4,0.2,8,0.031270023689125896,0.0002546344971960426,0.00025463449719604253,0.00023165028522479375
4,0.2,9,0.03097207156881614,0.00024145413878159466,0.00023975581800613554,0.00024145413878159466
4,0.2,10,0.030887428512289837,0.0002633844686715614,0.0002633844686715614,0.00023866150785832222
4,0.2,11,0.030775832868858464,0.0002952003292925172,0.0002952003292925172,0.00023408085169751645
4,0.2,12,0.030737993933196085,0.0003198904732303835,0.0003198904732303835,0.00022800322625627433
4,0.2,13,0.0308038169606921,0.0003265991838056386,0.0003265991838056386,0.00023639204260250226
4,0.2,14,0.03120303652778452,0.000294543854909827,0.000294543854909827,0.00023960538874387094
4,0.2,15,0.031405668060282166,0.0003323579096893124,0.0003323579096893124,0.00023515995143418608
4,0.2,16,0.031431299195419475,0.00034365825440975964,0.0003436582544097597,0.00023484245915620532
4,0.2,17,0.03153762806196688,0.00032555607462269074,0.00032555607462269074,0.00024136771209802606
4,0.2,18,0.03139741933648741,0.00036731047291021276,0.00036731047291021276,0.00024852672825883344
4,0.2,19,0.03139245483551006,0.0003692780492860334,0.00036927804928603344,0.00025462343701390867
4,0.2,20,0.031481691430770405,0.0003341537254333932,0.0003341537254333932,0.0002531985199515921
4,0.2,21,0.031527563861057394,0.00034974277563712706,0.00034974277563712706,0.00024730984545927933
4,0.2,22,0.03146671291031427,0.00035862190537861555,0.00035862190537861555,0.00025085866137715336
4,0.2,23,0.03160340868712392,0.00033368160522272535,0.00033368160522272535,0.00025267392924592535
4,0.2,24,0.0316986291729208,0.00030248950723000254,0.00030248950723000254,0.00025845402051253295
4,0.2,25,0.031820939423221166,0.00029097283757324125,0.00029097283757324125,0.00025785819708207876
4,0.2,26,0.031947461237795925,0.0003303469027531197,0.0003303469027531196,0.0002589072193748373
4,0.2,27,0.031979564781614005,0.0002976930033411367,0.00029769300334113675,0.00026092160854219076
4,0.2,28,0.03212628178832456,0.0002821361461205067,0.0002821361461205067,0.00025569606402267933
4,0.2,29,0.03188706475402802,0.00032922372975430843,0.00032922372975430843,0.00025496237016272037
4,0.2,30,0.03174805382438507,0.0003273418579525422,0.0003273418579525422,0.00025501699757008296
4,0.2,31,0.031843427449130164,0.0003173856140631408,0.0003173856140631408,0.0002570658368874254
4,0.2,32,0.03177990935476272,0.00033038318317411684,0.0003303831831741169,0.00025614564302124296
4,0.2,33,0.03169705093710113,0.0002969498279222218,0.0002969498279222218,0.0002511848887037978
4,0.2,34,0.0318966678018996,0.00035228595975226305,0.00035228595975226305,0.0002557962531782772
4,0.2,35,0.03193953931745259,0.00034242681797340576,0.00034242681797340576,0.0002528162839810955
4,0.2,36,0.03207166650676032,0.0003665549357526508,0.0003665549357526508,0.0002543251430198353
4,0.2,37,0.03216418787227251,0.00037974624944578394,0.00037974624944578394,0.00025678920537047263
4,0.2,38,0.03217718182044294,0.000374957868988647,0.0003749578689886471,0.00025838697360265774
4,0.2,39,0.03198284458463251,0.00036568153065792865,0.00036568153065792865,0.00025555333072526163
4,0.2,40,0.031765906636055594,0.0003631691560806005,0.0003631691560806005,0.0002514857147061159
4,0.2,41,0.03164176968079547,0.0003626732410864236,0.0003626732410864236,0.00024814653975753574
4,0.2,42,0.031578867904914244,0.00037832874046823874,0.00037832874046823874,0.00024587213446283535
4,0.2,43,0.03161376497827865,0.00036853936208248566,0.00036853936208248566,0.0002493617132950733
4,0.2,44,0.03170712424233565,0.00037739470152186233,0.0003773947015218623,0.000244565661360003
4,0.2,45,0.031888184459863946,0.0003885470756756727,0.0003885470756756727,0.0002471372562725134
4,0.2,46,0.03195924718043362,0.00040010886755656677,0.00040010886755656677,0.000258659154147536
4,0.2,47,0.03182602160778085,0.0004201362723693226,0.0004201362723693226,0.00025326112568834717
4,0.2,48,0.03170475975926175,0.00043957798792119854,0.0004395779879211986,0.00026400298232633095
4,0.2,49,0.031903239360018265,0.0004711486158574928,0.0004711486158574928,0.00026546472618933
4,0.2,50,0.03202256187374191,0.00044215447951616364,0.00044215447951616364,0.00026311180726839797
4,0.2,51,0.03195838029738624,0.00038065724286624595,0.00038065724286624595,0.0002643879583946747
4,0.2,52,0.03212913963015915,0.0004237462922087305,0.0004237462922087305,0.00026900675812152207
4,0.2,53,0.032093831801492556,0.00046179437139725373,0.0004617943713972538,0.00026967471397593596
4,0.2,54,0.03190019979959068,0.00044091816291887457,0.0004409181629188746,0.00027210286852377057
4,0.2,55,0.03182432782765308,0.00046388001703423455,0.00046388001703423455,0.000274224112809218
4,0.2,56,0.03221277898477113,0.0005163832056042255,0.0005163832056042255,0.00027871175735672574
4,0.2,57,0.03230986536978133,0.0005140026333382928,0.0005140026333382929,0.000278308066464701
4,0.2,58,0.03224663763916355,0.0005426486708945897,0.0005426486708945898,0.00027772727436014725
4,0.2,59,0.03228275163754774,0.0005272332867184253,0.0005272332867184253,0.0002808563900100062
4,0.2,60,0.032169206043965795,0.0005214427298011452,0.0005214427298011452,0.0002744037874594166
4,0.2,61,0.032164008115781594,0.000532404699100159,0.0005324046991001589,0.0002659129029570344
4,0.2,62,0.03238929971146142,0.0005486348424459246,0.0005486348424459246,0.000269583588985722
4,0.2,63,0.03234437185418544,0.000535512951858299,0.000535512951858299,0.00027112955711724746
4,0.2,64,0.0323265657448866,0.0005078544179118121,0.0005078544179118121,0.00026682509453453384
4,0.2,65,0.03226540942036031,0.000490338835132959,0.000490338835132959,0.0002597911973781717
4,0.2,66,0.032178082356715605,0.0004852430120571791,0.0004852430120571791,0.0002602357224640814
4,0.2,67,0.0321725708752764,0.00047240285618531554,0.0004724028561853156,0.00025856172958149806
4,0.2,68,0.03213746355379805,0.0004851321358065673,0.0004851321358065673,0.00026931818448161173
4,0.2,69,0.03226244629036575,0.0005111203868236015,0.0005111203868236015,0.00027444689119106124
4,0.2,70,0.03222359969938381,0.000498309111743534,0.000498309111743534,0.0002733231556888973
4,0.2,71,0.032103454199155695,0.000495255063501821,0.000495255063501821,0.00027219383402736285
4,0.2,72,0.03204653239957101,0.0004768175542404018,0.0004768175542404018,0.0002694024284709709
4,0.2,73,0.032294366286813016,0.0005035954474564705,0.0005035954474564705,0.0002749510944726134
4,0.2,74,0.032233449436827946,0.0005074950397371139,0.0005074950397371139,0.00027555881895539175
4,0.2,75,0.03257350109996519,0.0005213356396041538,0.0005213356396041538,0.0002827331203123528
4,0.2,76,0.03244480201941656,0.0005161835143451724,0.0005161835143451724,0.00027732961815534016
4,0.2,77,0.0323981252618101,0.00047988444557831445,0.00047988444557831445,0.00028495055073991934
4,0.2,78,0.03244631757495095,0.0004996899457616926,0.0004996899457616925,0.0002807265500900127
4,0.2,79,0.03236862035780759,0.0005123533205127188,0.0005123533205127188,0.0002732622021154583
4,0.2,80,0.03219778871625228,0.00048622591449211714,0.00048622591449211714,0.0002691358982002323
4,0.2,81,0.032335091973034503,0.000472132580244658,0.00047213258024465793,0.00026212137239163807
4,0.2,82,0.032314063110170294,0.0005116777356595372,0.0005116777356595372,0.0002628004471985981
4,0.2,83,0.03200597140214715,0.0004982792388829411,0.0004982792388829411,0.0002444500988517878
4,0.2,84,0.032055589347770024,0.0005007494344041799,0.0005007494344041799,0.0002518062349462522
4,0.2,85,0.03236480887216354,0.0005228290985483078,0.0005228290985483078,0.0002603302974752868
4,0.2,86,0.03235997839368083,0.00046257610344002453,0.00046257610344002453,0.0002627339294326664
4,0.2,87,0.03237303752281989,0.0004491873616392608,0.0004491873616392608,0.000264458449499492
4,0.2,88,0.03210541323652404,0.00044962467346228554,0.0004496246734622856,0.00026624065993316513
4,0.2,89,0.03222316849128692,0.00048297889739441606,0.000482978897394416,0.0002665500030418487
4,0.2,90,0.03230390808203922,0.000494323361379614,0.000494323361379614,0.00026978113180355887
4,0.2,91,0.03251653989325788,0.0005145465722000697,0.0005145465722000697,0.0002733149915922277
4,0.2,92,0.03238830914407735,0.000499086895186492,0.0004990868951864919,0.00026727748252503545
4,0.2,93,0.032305359267768306,0.00046801110575187763,0.00046801110575187763,0.0002638359192592231
4,0.2,94,0.03237829223573305,0.00046846962271431344,0.0004684696227143135,0.0002624176921359996
4,0.2,95,0.032383601927225836,0.0004846947040966562,0.0004846947040966562,0.0002698455005118499
4,0.2,96,0.032302269497346076,0.000503665232928722,0.000503665232928722,0.0002656998379093772
4,0.2,97,0.03216574248242558,0.0004913540139391825,0.0004913540139391827,0.00026866425716506333
4,0.2,98,0.032474439730375455,0.00048425481304720664,0.0004842548130472067,0.00027134178603148044
4,0.2,99,0.032296275166046745,0.0005266522204385285,0.0005266522204385285,0.00027284306383061835
4,0.2,100,0.032269655670506256,0.0005882090162596116,0.0005882090162596117,0.0002694568761723939
4,0.2,101,0.03241326777155797,0.0005827904640547201,0.0005827904640547201,0.00028007006397447507
4,0.2,102,0.03253353105194532,0.0005723146616906112,0.0005723146616906112,0.00027430377617489567
4,0.2,103,0.03240042340573702,0.0005897982169988629,0.0005897982169988629,0.0002686666952189874
4,0.2,104,0.03242278360821687,0.0005761486522194291,0.0005761486522194291,0.00026724116803681643
4,0.2,105,0.032392773876117435,0.00053426794387861,0.00053426794387861,0.0002649042022021403
4,0.2,106,0.03237043338791224,0.0005535151616531833,0.0005535151616531832,0.0002593010722088535
4,0.2,107,0.032128064178595254,0.00048804442304801267,0.00048804442304801267,0.00025780713185220947
4,0.2,108,0.03227262899913213,0.0004614611081072696,0.0004614611081072696,0.00026406190008717656
4,0.2,109,0.03236619849663849,0.000463290772486374,0.00046329077248637396,0.0002638330323485763
4,0.2,110,0.03256693246322239,0.0004638459656724408,0.0004638459656724408,0.0002753607145106864
4,0.2,111,0.032438885915747784,0.0004812914276569631,0.0004812914276569631,0.0002633899115964057
4,0.2,112,0.03240251139177653,0.00047082694270983466,0.00047082694270983466,0.00025410155765790104
4,0.2,113,0.03232554130388781,0.0005518749034290529,0.000551874903429053,0.0002611773407103494
4,0.2,114,0.032510839271624514,0.0005289206497468516,0.0005289206497468516,0.0002686630018854584
4,0.2,115,0.03248568902748537,0.000522806115787356,0.000522806115787356,0.00026610601723575146
4,0.2,116,0.03264407976106464,0.0005569630553321637,0.0005569630553321637,0.0002670696702643018
4,0.2,117,0.03246599828081948,0.0005511195190415471,0.0005511195190415472,0.00026497249691908047
4,0.2,118,0.03250655353356546,0.0005522720171723625,0.0005522720171723625,0.0002603543635164127
4,0.2,119,0.03263682952410217,0.000515765344839039,0.000515765344839039,0.00026376962135347054
4,0.2,120,0.032664396096067964,0.0004998364243860939,0.0004998364243860939,0.0002649269086011462
4,0.2,121,0.03259465253162667,0.00045607158134037575,0.0004560715813403758,0.00026520544194216246
4,0.2,122,0.03270919635718014,0.00048036067025451643,0.00048036067025451643,0.0002719469513642541
4,0.2,123,0.032502319991259535,0.0004803844538770393,0.0004803844538770393,0.0002647224239420109
4,0.2,124,0.032257957703773175,0.0004568199853213773,0.00045681998532137724,0.0002640899272348461
4,0.2,125,0.03219806407307532,0.00046431418166800894,0.00046431418166800894,0.00026057340062389896
4,0.2,126,0.03229475243184464,0.000490773089994543,0.000490773089994543,0.00026722210500988323
4,0.2,127,0.03214098426820397,0.0004663620703622807,0.0004663620703622807,0.00026943185494380465
4,0.2,128,0.03209006043898311,0.0004775861673696981,0.0004775861673696981,0.0002658142786850223
4,0.2,129,0.031961253782976616,0.00046926244424219774,0.00046926244424219763,0.0002591191472799913
4,0.2,130,0.032061793124437146,0.000546674581142427,0.000546674581142427,0.0002643624149277267
4,0.2,131,0.03208563483397929,0.0005014213996609588,0.0005014213996609588,0.00025611798561669377
4,0.2,132,0.032193461126149625,0.0005337018174763569,0.0005337018174763569,0.000259767870799461
4,0.2,133,0.031923401980253244,0.0005012945269448802,0.0005012945269448801,0.00025444790611384713
4,0.2,134,0.03203084414354553,0.0004929971719061496,0.0004929971719061496,0.0002582985302037883
4,0.2,135,0.03214444858324442,0.0004946419708623692,0.0004946419708623691,0.00025561478441777497
4,0.2,136,0.03232038796668522,0.0004697059644842425,0.00046970596448424253,0.00025595270123251405
4,0.2,137,0.03260579845267615,0.0004433123505308665,0.00044331235053086645,0.00026032322878427795
4,0.2,138,0.032377170791043894,0.0004207595661028022,0.0004207595661028022,0.00025669652205009846
4,0.2,139,0.032197201750089235,0.00043488810623730403,0.000434888106237304,0.000263353239950953
4,0.2,140,0.03200407617081015,0.00041016801710286224,0.00041016801710286224,0.00026467684675215666
4,0.2,141,0.03215104505486491,0.00042052750937332306,0.000420527509373323,0.00027404523405959484
4,0.2,142,0.03212651627324171,0.00041934405534988325,0.0004193440553498833,0.00026191054288992173
4,0.2,143,0.032058659753813966,0.0004805541239425058,0.00048055412394250573,0.00026529714577354217
4,0.2,144,0.03200351073637443,0.0004069220595204825,0.0004069220595204825,0.00025748150170243507
4,0.2,145,0.032013293559954845,0.00041168125400995094,0.00041168125400995094,0.0002599815693790793
4,0.2,146,0.03242734186535059,0.00044843960727317204,0.00044843960727317204,0.00026426309735095243
4,0.2,147,0.03211250718707794,0.00043793784209349417,0.0004379378420934942,0.0002645988065468718
4,0.2,148,0.03204033964615733,0.0004185829572053191,0.0004185829572053191,0.000265574234551803
4,0.2,149,0.032150625501044576,0.00043268325153032104,0.000432683251530321,0.00027116000511930645
4,0.2,150,0.032208016705722584,0.00044081727305259456,0.0004408172730525945,0.00027446046729158355
4,0.2,151,0.03197201379516206,0.0004151516919832415,0.00041515169198324154,0.00027165376598078125
4,0.2,152,0.03193927208491136,0.00040702213555808206,0.000407022135558082,0.0002627720918498129
4,0.2,153,0.031776691144367236,0.00040597757160885765,0.00040597757160885765,0.0002611634557684362
4,0.2,154,0.032095003576814024,0.0004041514039224682,0.00040415140392246817,0.00025861252004949427
4,0.2,155,0.03211385391884039,0.0003789046500681116,0.0003789046500681116,0.00026625285630148433
4,0.2,156,0.032113433702622915,0.0004048349315988727,0.00040483493159887277,0.0002701662350433297
4,0.2,157,0.03212846696269984,0.00041174999520011437,0.0004117499952001143,0.0002646026091855168
4,0.2,158,0.03191677282246123,0.00042940561500289594,0.0004294056150028959,0.0002623070509532716
4,0.2,159,0.03199346336795933,0.00041476384891902493,0.00041476384891902493,0.00026328347174582806
4,0.2,160,0.03191528740544651,0.0004393950018186067,0.0004393950018186067,0.0002656995184045134
4,0.2,161,0.03177188577409759,0.000445258791264819,0.00044525879126481894,0.00026432865514776545
4,0.2,162,0.031722322519578454,0.00040745940420609843,0.0004074594042060984,0.00026413173872744117
4,0.2,163,0.03172625918086222,0.00041361411029327725,0.00041361411029327725,0.00026723215957817907
4,0.2,164,0.031609506304049254,0.0003732893654295186,0.0003732893654295185,0.00026310320133466426
4,0.2,165,0.03186281984545346,0.0003684025719814251,0.00036840257198142505,0.00026564186873454074
4,0.2,166,0.03192337383264535,0.0003761714329218509,0.00037617143292185083,0.000257670286940733
4,0.2,167,0.031860863322732004,0.00038529532281455527,0.00038529532281455527,0.0002545836561371121
4,0.2,168,0.032013879467929905,0.00036549621734757775,0.00036549621734757775,0.0002555490831732613
4,0.2,169,0.03212611605184922,0.0003874804281263979,0.0003874804281263979,0.00024844742178732274
4,0.2,170,0.03223812523525203,0.0004161463957137697,0.0004161463957137697,0.00025516240678110546
4,0.2,171,0.0322667526572887,0.00038394102843874046,0.0003839410284387405,0.00025954132357337763
4,0.2,172,0.032318602534052984,0.0003972943883438402,0.0003972943883438402,0.00026065975069003303
4,0.2,173,0.03243202477746451,0.0004099632476517142,0.0004099632476517142,0.0002571294080205533
4,0.2,174,0.032358099965847396,0.00042270677611652046,0.0004227067761165204,0.00025726089565861725
4,0.2,175,0.03253840877282096,0.00044597099323566945,0.00044597099323566945,0.00026585885899151307
4,0.2,176,0.03245390501160994,0.00042279484729556714,0.00042279484729556714,0.0002615322258876636
4,0.2,177,0.03239877614882667,0.0003944006993879033,0.00039440069938790327,0.0002673598107564334
4,0.2,178,0.03249494750602149,0.0003986935583889388,0.0003986935583889388,0.00026818741804536837
4,0.2,179,0.03250734248262551,0.0004773425062804913,0.0004773425062804913,0.00026915743901246756
4,0.2,180,0.032487164146706465,0.0004573593016020453,0.0004573593016020454,0.00027086086539475883
4,0.2,181,0.032438997244450075,0.00047128017818610023,0.00047128017818610023,0.00027469824678754394
4,0.2,182,0.032134309621546835,0.00046747311132566417,0.0004674731113256641,0.00027640355718710184
4,0.2,183,0.032375225698839855,0.0005012745938457654,0.0005012745938457654,0.000269525717251122
4,0.2,184,0.03245965964330285,0.0004965906825260768,0.0004965906825260768,0.00027725355742206297
4,0.2,185,0.03247892082997762,0.0005137309123929322,0.0005137309123929322,0.00028302558496519906
4,0.2,186,0.032698852594678876,0.0005246158504769035,0.0005246158504769035,0.00028574420235214393
4,0.2,187,0.03297640443045424,0.0005792911424846633,0.0005792911424846633,0.000286347042874927
4,0.2,188,0.03298567922541012,0.0005638504186401075,0.0005638504186401075,0.00028706243778990376
4,0.2,189,0.03313158051249147,0.0005932770486328618,0.0005932770486328618,0.0002886199345292319
4,0.2,190,0.03311409761550582,0.0005679959063548366,0.0005679959063548366,0.00028108423023854657
4,0.2,191,0.03306106045621452,0.000558534668727355,0.000558534668727355,0.00028463672496550874
4,0.2,192,0.03299824400453669,0.0005555848934136252,0.0005555848934136252,0.0002818245753891476
4,0.2,193,0.032845426873084234,0.0005622142441248785,0.0005622142441248786,0.0002762128775022657
4,0.2,194,0.032834022058382095,0.0005502183720611884,0.0005502183720611883,0.0002740625294963935
4,0.2,195,0.032835653161292125,0.0005125975612002176,0.0005125975612002175,0.0002779444864283804
4,0.2,196,0.03279336308684132,0.0004924941082076419,0.0004924941082076419,0.00027172652212122643
4,0.2,197,0.03253869722321361,0.00048342720245247165,0.0004834272024524717,0.00026605638036981255
4,0.2,198,0.03244965204354571,0.0005081589017467477,0.0005081589017467477,0.00027078370714654247
4,0.2,199,0.032565559161322886,0.0005227196568899379,0.0005227196568899379,0.0002795880116352685
4,0.2,200,0.032764242163932575,0.0005830264012575834,0.0005830264012575834,0.0002865891952703256
4,0.2,201,0.0326283373926396,0.0005985754179624894,0.0005985754179624894,0.0002900384480732842
4,0.2,202,0.032627052590139566,0.0005540905131390105,0.0005540905131390105,0.00027922491626420167
4,0.2,203,0.03274271979834469,0.0005560825275557048,0.0005560825275557048,0.00028344540082818207
4,0.2,204,0.03286150364815673,0.0005482094148936003,0.0005482094148936002,0.0002882257466305755
4,0.2,205,0.03279111614258693,0.0005550986810098894,0.0005550986810098894,0.0002791052482823118
4,0.2,206,0.03273471257274234,0.0005503499571631237,0.0005503499571631236,0.0002786928913132804
4,0.2,207,0.03260008970110463,0.0005563241594842505,0.0005563241594842505,0.00027334037085318427
4,0.2,208,0.03272382111744357,0.0005196602473955629,0.0005196602473955629,0.0002703054034505672
4,0.2,209,0.03270279011094099,0.0005121602736215589,0.0005121602736215589,0.00026580357142903365
4,0.2,210,0.032598689312746294,0.0005149612685894618,0.0005149612685894618,0.00026391323112349025
4,0.2,211,0.032739260274395644,0.0005170358832083996,0.0005170358832083996,0.00025929811388442607
4,0.2,212,0.032795127605964446,0.0005095928939664782,0.0005095928939664783,0.0002634513013221713
4,0.2,213,0.032844646732149915,0.0005028837501981707,0.0005028837501981707,0.00026788944376935747
4,0.2,214,0.03288964972251443,0.0004807177596799669,0.00048071775967996685,0.00027204528469987137
4,0.2,215,0.03284458034764158,0.00046785867361961135,0.00046785867361961135,0.0002744471478066562
4,0.2,216,0.03287477263441226,0.0005307850637677079,0.0005307850637677079,0.0002793946498176001
4,0.2,217,0.0328564844081225,0.0004926759194495228,0.0004926759194495228,0.00027591877196055716
4,0.2,218,0.033036850581644774,0.00049275556278861,0.0004927555627886099,0.0002764557611947624
4,0.2,219,0.03310639616200584,0.0004757962895093641,0.00047579628950936403,0.00027578217546626047
4,0.2,220,0.03290775896170488,0.0005007252147043745,0.0005007252147043745,0.0002691744273750473
4,0.2,221,0.032734060394207794,0.0005095284244702389,0.0005095284244702389,0.00026396803488715914
4,0.2,222,0.032631460198772236,0.0004990492492779285,0.0004990492492779285,0.0002653627419053434
4,0.2,223,0.03261854162625188,0.0005072939876110649,0.0005072939876110649,0.00027083815842798473
4,0.2,224,0.032474173409791654,0.0004982891479156621,0.0004982891479156621,0.0002730803982220557
4,0.2,225,0.03257745501039309,0.0005397716491924876,0.0005397716491924876,0.0002732879475973082
4,0.2,226,0.032643898927244425,0.0005259948282123949,0.0005259948282123948,0.000270819531626205
4,0.2,227,0.03272817192221223,0.0005279485176230755,0.0005279485176230754,0.0002639298717438543
4,0.2,228,0.032571977415453666,0.0005442145347262066,0.0005442145347262066,0.0002735622437294524
4,0.2,229,0.03255463664572341,0.0005480079790874234,0.0005480079790874235,0.00027083734701057155
4,0.2,230,0.03241611804378939,0.000548460709542803,0.0005484607095428028,0.0002678908511342342
4,0.2,231,0.03229593804208618,0.0005661895572700982,0.0005661895572700982,0.00026542065086760644
4,0.2,232,0.03221059053517385,0.0005532283454464883,0.0005532283454464883,0.0002624571830639725
4,0.2,233,0.0321146299563187,0.0005472528538391925,0.0005472528538391925,0.0002653855546854751
4,0.2,234,0.0322438084058664,0.0005371607702769842,0.0005371607702769842,0.00026206542813320897
4,0.2,235,0.03224259119531975,0.0005184275287512724,0.0005184275287512724,0.00026656969617021124
4,0.2,236,0.03225577628158782,0.0005522553988278419,0.0005522553988278419,0.0002609177970782051
4,0.2,237,0.03242103638235676,0.0005476761002093095,0.0005476761002093095,0.000260158087973728
4,0.2,238,0.03235551119739394,0.0005314389193401538,0.0005314389193401538,0.0002622857540913239
4,0.2,239,0.032521768589062215,0.0005371121088217373,0.0005371121088217373,0.0002579186164144629
4,0.2,240,0.03260335547467211,0.0005344510790132558,0.0005344510790132558,0.00026170362472197913
4,0.2,241,0.03266524905442573,0.0005684682034266759,0.000568468203426676,0.000264031109719489
4,0.2,242,0.03265735782888688,0.0005514555739832787,0.0005514555739832787,0.00025778843108681203
4,0.2,243,0.032502574985782344,0.0005666085707537015,0.0005666085707537015,0.00025197973704771224
4,0.2,244,0.03229744699675141,0.0005375965940037008,0.0005375965940037008,0.00024818360497775823
4,0.2,245,0.032246197226953856,0.0005033762615665731,0.0005033762615665732,0.0002494348273357765
4,0.2,246,0.0322649185677851,0.0004995849391446709,0.000499584939144671,0.00025253271773917823
4,0.2,247,0.03235283614004393,0.0004956986830229644,0.0004956986830229644,0.00026511229002482644
4,0.2,248,0.03218693343776492,0.000495028933432198,0.000495028933432198,0.00025721290014649325
4,0.2,249,0.03226682416593123,0.0004932577251163899,0.0004932577251163899,0.00026206277062165863
4,0.2,250,0.03237817345300282,0.0005125905198805359,0.0005125905198805359,0.00026903164173714767
4,0.2,251,0.032438223890924184,0.0005223293012531785,0.0005223293012531785,0.00026633223496648657
4,0.2,252,0.03248078248137696,0.0005117321292101335,0.0005117321292101336,0.0002630021621665234
4,0.2,253,0.03254482539266469,0.0004774785353603307,0.0004774785353603307,0.00025883895155307245
4,0.2,254,0.032532235830993766,0.000514658939431178,0.000514658939431178,0.0002586827009645259
4,0.2,255,0.03265051382824625,0.00046025720294307065,0.0004602572029430706,0.00025787636745855684
4,0.2,256,0.03272613281728727,0.00047841489578851685,0.0004784148957885169,0.00025605682352252497
4,0.2,257,0.032851008381861724,0.0005012249851679332,0.0005012249851679332,0.00026680374600013246
4,0.2,258,0.03264173430921823,0.0004550271257503224,0.0004550271257503224,0.00025923197522642415
4,0.2,259,0.03258132698359451,0.0004585427166661097,0.00045854271666610964,0.0002603043816376481
4,0.2,260,0.032454107352845867,0.0004359190252487855,0.00043591902524878543,0.00026034615192872205
4,0.2,261,0.032370302329020446,0.0004353561920001089,0.00043535619200010887,0.00026141800693616884
4,0.2,262,0.03230430334843676,0.0004230697537737862,0.0004230697537737862,0.00026302115268782815
4,0.2,263,0.032381529919519925,0.0005126146809353068,0.0005126146809353068,0.0002684763805761327
4,0.2,264,0.03231827751733511,0.0005115911589121454,0.0005115911589121454,0.00026705013659608146
4,0.2,265,0.03244347343070582,0.0004985141898787805,0.0004985141898787805,0.00026664890260662743
4,0.2,266,0.03236578289368459,0.00048671868320484873,0.0004867186832048487,0.0002678384120565659
4,0.2,267,0.03250357962565156,0.0004887002540793565,0.0004887002540793565,0.0002753981020258827
4,0.2,268,0.03250274795063878,0.0005195841208589182,0.0005195841208589182,0.0002821111751816812
4,0.2,269,0.032530314077528114,0.000464016264617258,0.00046401626461725805,0.00028683714655937517
4,0.2,270,0.03262888152786728,0.00047210440076038814,0.00047210440076038814,0.0002823162129692793
4,0.2,271,0.03261976572754734,0.0005008091535586364,0.0005008091535586362,0.0002812100090929859
4,0.2,272,0.03252749704071271,0.0005169460870416329,0.000516946087041633,0.0002834500333523625
4,0.2,273,0.03240149451565326,0.0005115536548614215,0.0005115536548614214,0.00027202653817494555
4,0.2,274,0.03242960657488157,0.0005181670368314683,0.0005181670368314683,0.00026616840772520847
4,0.2,275,0.03251828614371579,0.0004957796166772351,0.0004957796166772352,0.0002682739162002626
4,0.2,276,0.032699867853259484,0.0004715270654626443,0.0004715270654626443,0.00027409384907721695
4,0.2,277,0.032760115947895116,0.0004828291915239492,0.0004828291915239492,0.0002824149676470444
4,0.2,278,0.03313413902309435,0.000504441741857369,0.000504441741857369,0.00028858412320112615
4,0.2,279,0.032987671676323035,0.0005151791051695001,0.0005151791051695001,0.00028568750715967164
4,0.2,280,0.03301937778291904,0.0005109249463307986,0.0005109249463307985,0.000294108584966008
4,0.2,281,0.032566669754142484,0.0004971806462579434,0.0004971806462579433,0.0002904010555798447
4,0.2,282,0.03255974641807006,0.0004902233882292374,0.0004902233882292374,0.0002934521583861108
4,0.2,283,0.032306918744792266,0.0005193692372508255,0.0005193692372508255,0.0002843682380777629
4,0.2,284,0.03237966412657734,0.0005128355497531971,0.0005128355497531971,0.0002844941323708572
4,0.2,285,0.032298624321195,0.0004598089067619224,0.00045980890676192236,0.0002851132356408434
4,0.2,286,0.032456640404277357,0.00047547176560838164,0.00047547176560838164,0.0002817365869217327
4,0.2,287,0.03246336143903307,0.0004914686277217488,0.0004914686277217489,0.0002798452838497347
4,0.2,288,0.03244652797321405,0.0004981266937940176,0.0004981266937940177,0.00027492050532225046
4,0.2,289,0.03257089019687818,0.0004669236603854711,0.000466923660385471,0.0002648357082930636
4,0.2,290,0.032483662582050446,0.0004801723338953831,0.00048017233389538314,0.000264723929014067
4,0.2,291,0.03271908796318987,0.0004523758052175532,0.0004523758052175532,0.00026413065418710423
4,0.2,292,0.03288487667194126,0.0004657959166627402,0.00046579591666274015,0.0002703264561629742
4,0.2,293,0.03281384866169742,0.0004959113029385324,0.0004959113029385324,0.00027720672438960223
4,0.2,294,0.03280678738291404,0.0004669110829473004,0.00046691108294730037,0.000275827406398833
4,0.2,295,0.032659675121746876,0.0004795253874945385,0.0004795253874945385,0.00027698879347721534
4,0.2,296,0.0325484761608971,0.00047078985528104124,0.00047078985528104124,0.0002789263848634383
4,0.2,297,0.032472475847979236,0.0005076832097753517,0.0005076832097753516,0.0002720102631245684
4,0.2,298,0.032520726055213424,0.0004719961243884288,0.00047199612438842873,0.000277867864126488
4,0.2,299,0.03262052339305419,0.00046077715138782865,0.0004607771513878286,0.0002858976292802135
4,0.2,300,0.03267420978999317,0.0004664571468756472,0.0004664571468756472,0.00027705999734784723
4,0.2,301,0.0328306009680618,0.00047700737450274055,0.0004770073745027405,0.0002703015595044947
4,0.2,302,0.032591657907004794,0.000476054997157671,0.000476054997157671,0.0002649745943289203
4,0.2,303,0.0325607059184539,0.0004434160166640429,0.00044341601666404295,0.0002735025568218793
4,0.2,304,0.03230301182907556,0.0004545167031581678,0.0004545167031581677,0.00027485464978975016
4,0.2,305,0.032318081604973764,0.0004159519758281247,0.0004159519758281247,0.0002732366758419512
4,0.2,306,0.03228600169299171,0.0004414703626731794,0.0004414703626731794,0.00026423341397327206
4,0.2,307,0.032195789820067516,0.00047470167804053415,0.00047470167804053415,0.0002648505401710054
4,0.2,308,0.032100844118910885,0.0004706818274175106,0.0004706818274175107,0.0002705009507342243
4,0.2,309,0.03242639151974913,0.00047860263117235875,0.00047860263117235875,0.00027308123013299745
4,0.2,310,0.032373060975330534,0.00047963127142063597,0.000479631271420636,0.0002697979912332616
4,0.2,311,0.03223398693373898,0.0005119698301666485,0.0005119698301666485,0.000272412758448013
4,0.2,312,0.032186256065744864,0.000490736074522932,0.0004907360745229319,0.00028059874096538254
4,0.2,313,0.032183754863047684,0.0004976247158012618,0.0004976247158012618,0.00028779744590097246
4,0.2,314,0.032369054538867806,0.000442547049427094,0.00044254704942709393,0.0002887280453393568
4,0.2,315,0.032449841510057434,0.0004290406868575047,0.0004290406868575047,0.00028140914121679215
4,0.2,316,0.032312383889564616,0.0004414011851001135,0.0004414011851001136,0.0002743772319110884
4,0.2,317,0.03231756337352513,0.00043334764200768947,0.00043334764200768947,0.0002792937947949782
4,0.2,318,0.032223894874099365,0.0004182267157026136,0.00041822671570261355,0.000285868877833866
4,0.2,319,0.03232526759554434,0.00046213791183541506,0.00046213791183541506,0.0002901415758326582
4,0.2,320,0.032434761717737265,0.000427933366917272,0.0004279333669172719,0.0002882018577650897
4,0.2,321,0.03260498289966538,0.00044890796744369315,0.0004489079674436932,0.0002985448403440726
4,0.2,322,0.03251412710577644,0.00044779355067906863,0.0004477935506790687,0.00029129683536139483
4,0.2,323,0.032600481272125156,0.0004980633284478591,0.0004980633284478591,0.0002946359966723541
4,0.2,324,0.032694099819744575,0.00043214541312492906,0.000432145413124929,0.000290860072314916
4,0.2,325,0.032868854127218024,0.0004418310034265132,0.0004418310034265132,0.00028613316929281983
4,0.2,326,0.032794101558785,0.00045098777490498786,0.00045098777490498786,0.0002810647189332843
4,0.2,327,0.032786957512666005,0.0004495166455040663,0.0004495166455040663,0.0002824189809455868
4,0.2,328,0.032946716399357194,0.00045463607959059195,0.00045463607959059195,0.00028394153790502164
4,0.2,329,0.03312425319030363,0.00044324357020676924,0.0004432435702067692,0.0002860681902552746
4,0.2,330,0.03334879947070169,0.0004517901146965391,0.0004517901146965391,0.0002886254218734979
4,0.2,331,0.03312365405719522,0.00043962267568024,0.00043962267568024,0.0002830417988641799
4,0.2,332,0.03288008287691954,0.0004547799505893495,0.0004547799505893496,0.00028774580097775125
4,0.2,333,0.03278435984203602,0.0004831278499245145,0.00048312784992451453,0.0002880475378971383
4,0.2,334,0.032910016528418296,0.0004824750802441022,0.0004824750802441022,0.00029589105724978895
4,0.2,335,0.03302365046935166,0.0004825575313209792,0.00048255753132097923,0.00029758815942159864
4,0.2,336,0.03296768870655735,0.0004975349449123608,0.0004975349449123609,0.00029028988864908444
4,0.2,337,0.03292750780732537,0.0004937217671478936,0.0004937217671478936,0.0002969892818878558
4,0.2,338,0.03287877568331986,0.0004865871947893446,0.0004865871947893446,0.00029939248129538744
4,0.2,339,0.03290343169696085,0.0004998554887132798,0.0004998554887132798,0.0002919918580698856
4,0.2,340,0.032975649401843984,0.0004698311934868077,0.0004698311934868077,0.00028768792827387125
4,0.2,341,0.032894627672582624,0.0004926851354200626,0.0004926851354200626,0.0002897973333471686
4,0.2,342,0.032796440572837024,0.00045678743542145947,0.00045678743542145947,0.0002835699353207294
4,0.2,343,0.03265218914463631,0.0005089354568341602,0.0005089354568341602,0.00028048332530103377
4,0.2,344,0.0327683918191525,0.00047690649252587434,0.00047690649252587434,0.00028615645183718835
4,0.2,345,0.03268420611715373,0.00048793158972756874,0.0004879315897275688,0.0002890473383549138
4,0.2,346,0.032627504356393784,0.0004781543019425319,0.0004781543019425319,0.00027217822293667285
4,0.2,347,0.03258510518361017,0.0005010492389115437,0.0005010492389115437,0.0002799705454997588
4,0.2,348,0.032643531291052234,0.00047897758658491004,0.00047897758658491004,0.0002821691911603482
4,0.2,349,0.03244647669540833,0.0004889612016480167,0.0004889612016480167,0.0002782334263094929
4,0.2,350,0.03239526818912556,0.0004904099587704137,0.0004904099587704137,0.00028045762606518907
4,0.2,351,0.032375954629371824,0.00048812860712317275,0.00048812860712317275,0.00027795972322305765
4,0.2,352,0.0322811397687564,0.0005066398395350364,0.0005066398395350364,0.00027727326588358785
4,0.2,353,0.032479664797249626,0.0005148447351602928,0.0005148447351602928,0.00028255507328603185
4,0.2,354,0.03206821198640582,0.00048622993963576326,0.00048622993963576326,0.0002724187904789249
4,0.2,355,0.031965400093776124,0.0004699957513761338,0.0004699957513761338,0.0002686793719992428
4,0.2,356,0.03205741220385919,0.00045780013323014845,0.0004578001332301484,0.000267750960771759
4,0.2,357,0.032363723177194124,0.0004967708683219127,0.0004967708683219127,0.0002741077905018227
4,0.2,358,0.03223036061685074,0.0004842332848847679,0.00048423328488476794,0.0002766759285132767
4,0.2,359,0.032389973517716955,0.0004565961971722453,0.0004565961971722453,0.00027629168682441734
4,0.2,360,0.03234230429665875,0.00048612109528198055,0.00048612109528198055,0.00026993603086290855
4,0.2,361,0.032212404136475505,0.0004703974080964309,0.00047039740809643095,0.0002726897160806637
4,0.2,362,0.03221730392607069,0.0004807385300254568,0.00048073853002545677,0.00027309499234981906
4,0.2,363,0.032328889038736756,0.0004649004373245237,0.0004649004373245237,0.00027827288797274637
4,0.2,364,0.03234536124927704,0.000495833463275849,0.0004958334632758489,0.0002796003489707038
4,0.2,365,0.03259376221466025,0.0005202152806176547,0.0005202152806176547,0.0002792242780240564
4,0.2,366,0.03263194598026477,0.0005357446523972125,0.0005357446523972125,0.0002910822919464167
4,0.2,367,0.03252776448878688,0.0005053090683556224,0.0005053090683556224,0.0002817661846079739
4,0.2,368,0.03247751764678743,0.00047330995096609183,0.00047330995096609183,0.00027592682973057273
4,0.2,369,0.03249345847553139,0.000438190762096363,0.00043819076209636294,0.0002776228620547844
4,0.2,370,0.03234334958979337,0.0004339279985629524,0.0004339279985629524,0.00027505126457883416
4,0.2,371,0.03226377645073347,0.0004191342234072705,0.0004191342234072705,0.0002712442038335187
4,0.2,372,0.03213536044012939,0.0004570713682892767,0.0004570713682892767,0.00027109728559418945
4,0.2,373,0.032455922301125296,0.0005033036925492502,0.0005033036925492502,0.0002762247036350646
4,0.2,374,0.032362104716348615,0.0004947388528243879,0.0004947388528243879,0.00026784632543346465
4,0.2,375,0.03250031694321877,0.0004906749774366581,0.0004906749774366581,0.0002674605017158189
4,0.2,376,0.032656158899562276,0.0004950472118333787,0.0004950472118333786,0.0002761264708587262
4,0.2,377,0.032803805216990625,0.0004708002131226481,0.00047080021312264817,0.00027722998851165007
4,0.2,378,0.032780661260587735,0.00044071341889404984,0.0004407134188940499,0.00027907520977499994
4,0.2,379,0.03273044810925536,0.0004381101952430473,0.0004381101952430473,0.00027383910225941004
4,0.2,380,0.03267346881441022,0.0004360246823155386,0.0004360246823155387,0.00026815538791364084
4,0.2,381,0.032539274889856945,0.0004489388870174017,0.0004489388870174017,0.0002732571931894208
4,0.2,382,0.03257961104892281,0.0004620972371960123,0.0004620972371960123,0.00027206932704047776
4,0.2,383,0.03236155272308729,0.00046024970112782456,0.00046024970112782456,0.0002724845695613598
4,0.2,384,0.0324237843045136,0.0005137400682316974,0.0005137400682316973,0.00027105788986376487
4,0.2,385,0.03232161684531956,0.000493404972588863,0.000493404972588863,0.0002675591311821991
4,0.2,386,0.03229491055403594,0.0004729279282647252,0.0004729279282647253,0.0002740716000153672
4,0.2,387,0.032259124867463324,0.0004694361001067994,0.0004694361001067994,0.0002701854308263053
4,0.2,388,0.03235136873624354,0.0005028566845811499,0.0005028566845811499,0.000269771686582336
4,0.2,389,0.032329146815340055,0.0004982165251748885,0.0004982165251748885,0.0002627798295212679
4,0.2,390,0.032324778041863705,0.0004548532027613249,0.00045485320276132484,0.00025682620815608366
4,0.2,391,0.03226297137481398,0.0004669458493548813,0.0004669458493548813,0.0002541284804720382
4,0.2,392,0.03220299622559396,0.0004547420604974532,0.00045474206049745313,0.00025779880456721895
4,0.2,393,0.03198149742575243,0.0004725033638232846,0.0004725033638232846,0.00025553078133645215
4,0.2,394,0.03208361742882315,0.0004639809490178805,0.00046398094901788057,0.00025707665116818796
4,0.2,395,0.03200905307254713,0.0004725369760121967,0.0004725369760121967,0.0002509394095833866
4,0.2,396,0.03193585500771711,0.0004554974861636552,0.00045549748616365514,0.00025563769642061813
4,0.2,397,0.03205606094672344,0.0004905967048071129,0.0004905967048071129,0.0002616854135145711
4,0.2,398,0.03214932159871642,0.00045993239051502735,0.0004599323905150273,0.0002630103718627607
4,0.2,399,0.03197500936266364,0.0004493938324288954,0.00044939383242889537,0.0002549687228684377
4,0.2,400,0.03190010959354231,0.00046466849093484974,0.00046466849093484974,0.00025372247042626175
4,0.2,401,0.032059402441483115,0.0004092033914839691,0.00040920339148396907,0.00025349456368834816
4,0.2,402,0.03213984416476414,0.0004346481943928436,0.00043464819439284355,0.0002544781550587753
4,0.2,403,0.03218020434482558,0.0004423343560299986,0.0004423343560299987,0.00025836543812771253
4,0.2,404,0.032148649704637274,0.0003964284076267474,0.0003964284076267474,0.0002568464410296295
4,0.2,405,0.03229667622276376,0.00043442285604635615,0.00043442285604635615,0.0002599714771941377
4,0.2,406,0.03216350881410217,0.00044339571595287535,0.00044339571595287535,0.00025882857615448877
4,0.2,407,0.03221972559844709,0.00043948912573400507,0.000439489125734005,0.0002703120251982072
4,0.2,408,0.03240739664936729,0.0004741360393303247,0.00047413603933032464,0.0002636206275607926
4,0.2,409,0.03258324726144089,0.0004839597690282999,0.00048395976902829987,0.00026774647044071527
4,0.2,410,0.03252011469202267,0.0004580670647656036,0.0004580670647656036,0.00026063514112220203
4,0.2,411,0.032600637582233374,0.00046123390849283757,0.0004612339084928375,0.0002597253000092683
4,0.2,412,0.03253903430375725,0.00048117512546870945,0.0004811751254687095,0.0002634376272214655
4,0.2,413,0.03261003902241448,0.00044898686456241056,0.0004489868645624105,0.0002704563618782548
4,0.2,414,0.03276379487693957,0.00046897548903259876,0.0004689754890325988,0.0002725217230390797
4,0.2,415,0.032597424007029,0.0005256764834878774,0.0005256764834878774,0.0002748359778636668
4,0.2,416,0.03267079028614603,0.0004996375179038311,0.0004996375179038311,0.0002735535459985854
4,0.2,417,0.032574495181403144,0.0005155403790064114,0.0005155403790064114,0.00027669315341849704
4,0.2,418,0.032586143004418394,0.0005117088577636004,0.0005117088577636004,0.00028203124156924494
4,0.2,419,0.0326923323770448,0.0005102532239922324,0.0005102532239922324,0.00028059670664845246
4,0.2,420,0.03266549560418117,0.0004849351785921361,0.00048493517859213607,0.00028712008857534663
4,0.2,421,0.03254125963665805,0.0005243159770808793,0.0005243159770808793,0.00028614371595259223
4,0.2,422,0.03262846414296469,0.0005512676544495222,0.0005512676544495222,0.0002914278358723846
4,0.2,423,0.03246879583428463,0.0005745608119516971,0.0005745608119516971,0.0002810395869116734
4,0.2,424,0.03257137781137957,0.0006088611303737286,0.0006088611303737286,0.00028620421874884995
4,0.2,425,0.03261618496518346,0.0006148311504068743,0.0006148311504068743,0.00027841857840229123
4,0.2,426,0.03245347454017285,0.0005891417802207281,0.0005891417802207281,0.0002792511526743466
4,0.2,427,0.03235017180046576,0.0005515611514423778,0.0005515611514423778,0.00027173735421960355
4,0.2,428,0.03233552279676847,0.0005439737605994801,0.0005439737605994801,0.0002732238942800948
4,0.2,429,0.03246760320673265,0.0005724773013643125,0.0005724773013643125,0.00028087918345905897
4,0.2,430,0.032553803940931596,0.0005691013501246222,0.0005691013501246222,0.00027729177364813057
4,0.2,431,0.032674305126657206,0.0006177693853459969,0.0006177693853459969,0.00028046736073429634
4,0.2,432,0.03245402827981796,0.0005968192087484694,0.0005968192087484694,0.00027923765779429364
4,0.2,433,0.032344211086855854,0.0005979255649027502,0.0005979255649027502,0.0002856375071040438
4,0.2,434,0.032358664034613446,0.0005449641634184538,0.0005449641634184537,0.0002811556916482604
4,0.2,435,0.032036471783261224,0.0005403767970816435,0.0005403767970816435,0.0002838373688891058
4,0.2,436,0.03215546515695233,0.0005531088530040276,0.0005531088530040276,0.00027879299734999587
4,0.2,437,0.032473766271698644,0.0005995867751527286,0.0005995867751527286,0.0002777811847489758
4,0.2,438,0.03252359626544376,0.0005805803575754447,0.0005805803575754447,0.00027846607350170196
4,0.2,439,0.03253727473689696,0.0005551539376529571,0.0005551539376529571,0.00028336142417706304
4,0.2,440,0.032270330685660514,0.0005630322358901454,0.0005630322358901454,0.00027366567601942265
4,0.2,441,0.03243003599498816,0.0005729923313364379,0.0005729923313364379,0.00027875340343864113
4,0.2,442,0.03236029915302828,0.0005442031654233714,0.0005442031654233714,0.00027438061417471826
4,0.2,443,0.032361709666116026,0.000523074611623254,0.000523074611623254,0.0002678872220681103
4,0.2,444,0.032436090333078656,0.00048165428333788785,0.00048165428333788785,0.00027527073238065936
4,0.2,445,0.03244238949709907,0.00047822944942085436,0.00047822944942085436,0.0002829961110454811
4,0.2,446,0.03244480203855159,0.0004758720879136258,0.00047587208791362583,0.0002835463334136537
4,0.2,447,0.03233795145656147,0.0004659294911436838,0.00046592949114368374,0.0002819001898634797
4,0.2,448,0.032421001839758525,0.00044149962000713324,0.0004414996200071332,0.0002761635818512346
4,0.2,449,0.03235487941541792,0.00045688783581172073,0.00045688783581172073,0.0002728137031229927
4,0.2,450,0.03245662682141994,0.0004430188478193307,0.0004430188478193307,0.0002701836345946529
4,0.2,451,0.03234334170693556,0.00041392671595077215,0.00041392671595077215,0.0002644188326826553
4,0.2,452,0.03228461389730363,0.00043654626520298626,0.00043654626520298626,0.00027977623662995974
4,0.2,453,0.03246747512400962,0.000443503765960348,0.00044350376596034803,0.00027085264497574764
4,0.2,454,0.03241223951649446,0.0004731133300202628,0.00047311333002026285,0.00026515507683707754
4,0.2,455,0.03271583555589581,0.000454508283741679,0.000454508283741679,0.00026756807857981755
4,0.2,456,0.0323727270422763,0.0004542242416809037,0.00045422424168090373,0.0002642394093335043
4,0.2,457,0.03233681563420087,0.0004668036060239029,0.0004668036060239029,0.00025296328692663586
4,0.2,458,0.032328196887701395,0.00046997035784754343,0.00046997035784754343,0.0002657384504659858
4,0.2,459,0.03242771841006056,0.00048584645090821654,0.00048584645090821654,0.0002767275501669855
4,0.2,460,0.0326470729645792,0.0005316540219744793,0.0005316540219744793,0.0002793781373242255
4,0.2,461,0.03254562558383325,0.000557500814032436,0.0005575008140324359,0.0002780272750054452
4,0.2,462,0.03246740907745256,0.0005423821711489304,0.0005423821711489304,0.00026801429252668545
4,0.2,463,0.03247951344553691,0.0005012601578609037,0.0005012601578609037,0.0002676179614671727
4,0.2,464,0.03228345965825557,0.0004781969316061836,0.00047819693160618365,0.00026963745819756944
4,0.2,465,0.032283375394393216,0.000437828661624951,0.00043782866162495103,0.00026584978321344876
4,0.2,466,0.03218737394597669,0.0004544932042051025,0.00045449320420510247,0.0002583591348686335
4,0.2,467,0.0325320117872194,0.00044470883824127065,0.0004447088382412706,0.00025715255957549756
4,0.2,468,0.03241604034041913,0.00043151937173306306,0.00043151937173306306,0.0002563709186187309
4,0.2,469,0.032402016322792014,0.00045694758901579726,0.00045694758901579726,0.0002543717252320083
4,0.2,470,0.03232519571277747,0.0004535297324634647,0.0004535297324634647,0.0002538081189535016
4,0.2,471,0.03229034508169312,0.000456257729356052,0.000456257729356052,0.00026046562422183794
4,0.2,472,0.03224507771172409,0.0004803311342328795,0.00048033113423287944,0.0002577027909815291
4,0.2,473,0.032208289785066894,0.0004522437799172604,0.0004522437799172604,0.00025392696400076736
4,0.2,474,0.03241397409198035,0.0004659875720560255,0.0004659875720560255,0.00026085834718437585
4,0.2,475,0.032380379267618095,0.00048327068242709167,0.00048327068242709167,0.0002637514049064867
4,0.2,476,0.03236819805559334,0.0004958690156875012,0.0004958690156875012,0.0002777582971892421
4,0.2,477,0.032320524870347936,0.0004774984023824124,0.00047749840238241236,0.00028007804876134155
4,0.2,478,0.032288701052402294,0.0004840425212249929,0.00048404252122499287,0.00026699225205510776
4,0.2,479,0.03229047852926872,0.0004279930912094071,0.00042799309120940705,0.00026561358177344967
4,0.2,480,0.03218389055408037,0.00040974425857755523,0.00040974425857755523,0.00026522255804797666
4,0.2,481,0.03210587173055498,0.0004430536028773026,0.0004430536028773026,0.0002628900991634859
4,0.2,482,0.03220099796925805,0.00041957386116411535,0.00041957386116411535,0.000260901778917413
4,0.2,483,0.03224698231054467,0.00044476116704564387,0.0004447611670456439,0.0002593802343414694
4,0.2,484,0.032294326524686806,0.00048486497487218623,0.0004848649748721863,0.00026836560701301083
4,0.2,485,0.03222656675793741,0.0004485277925519942,0.0004485277925519942,0.000269570526535051
4,0.2,486,0.032256266426210066,0.0004671482901657027,0.00046714829016570263,0.00027296918085675245
4,0.2,487,0.03253104798756499,0.0004754896987724746,0.00047548969877247467,0.00026709795118606773
4,0.2,488,0.03257939100182122,0.00047846898855146883,0.00047846898855146883,0.0002730377810730752
4,0.2,489,0.032567587483539516,0.0004727635891112803,0.0004727635891112802,0.0002697364215541839
4,0.2,490,0.03267400217638306,0.0005045137387951713,0.0005045137387951713,0.0002725153485753942
4,0.2,491,0.03270285685779676,0.0004952600430848418,0.0004952600430848418,0.00027593224082717423
4,0.2,492,0.03276266858927138,0.00045779786974868,0.00045779786974868,0.0002749103188489984
4,0.2,493,0.032763352986146486,0.00046861804908542373,0.0004686180490854237,0.0002704196915524925
4,0.2,494,0.03260728574955309,0.0004798392304937055,0.0004798392304937055,0.000272891694681068
4,0.2,495,0.0325817531073551,0.00046530007425088645,0.00046530007425088645,0.00026314001887502435
4,0.2,496,0.032554178477527014,0.00045659379228971353,0.00045659379228971353,0.0002697121122887425
4,0.2,497,0.03281936523971813,0.000416928119665777,0.000416928119665777,0.000273898799127273
4,0.2,498,0.03280821127671169,0.00043345922679686365,0.00043345922679686365,0.0002624033195578167
4,0.2,499,0.03247157023877846,0.0003801484075744076,0.0003801484075744077,0.0002606111432879762
4,0.2,500,0.03240514810294164,0.0003648710362363761,0.0003648710362363761,0.00025597429196823546
4,0.3,0,0.08271628429928689,0.00024783761593321106,0.00022551997884547107,0.00024783761593321106
4,0.3,1,0.05099949575814114,0.00025866893997874944,0.00025866893997874944,0.0002535087872733698
4,0.3,2,0.04028630897831315,0.00025841849496461303,0.00025841849496461303,0.0002314211858199043
4,0.3,3,0.03553361258974657,0.0002568283429867471,0.0002568283429867471,0.0002234549329109456
4,0.3,4,0.03297649285740438,0.00024547733828425745,0.0002454773382842575,0.00021302150616989116
4,0.3,5,0.03153639741114613,0.0002615271878387042,0.0002615271878387042,0.00022162738364118646
4,0.3,6,0.030753776353839055,0.00023664253601479317,0.00023664253601479317,0.00020700745712702744
4,0.3,7,0.03013576000365659,0.00024869107785556574,0.00024869107785556574,0.00020393541697932176
4,0.3,8,0.029649062241091973,0.00026166577668107856,0.00026166577668107856,0.00020072951292634912
4,0.3,9,0.029199951618224373,0.00024294514858198298,0.00024294514858198298,0.0002029866200892618
4,0.3,10,0.02899964032307079,0.00022881682751974206,0.00022881682751974203,0.00020231605564095362
4,0.3,11,0.02897814608633911,0.00023562700631446105,0.00023562700631446105,0.00020355935837756538
4,0.3,12,0.028893964241915124,0.00021468077615023235,0.00021468077615023235,0.000206465766688263
4,0.3,13,0.028635977197556006,0.00020817276024589864,0.00017914181491824273,0.00020817276024589864
4,0.3,14,0.028830792128117632,0.00020661229183214754,0.0001938802739252498,0.00020661229183214754
4,0.3,15,0.028859888937647682,0.00021687866004398246,0.00021687866004398246,0.00021144758799053855
4,0.3,16,0.02879867598245574,0.00023598225250650288,0.00023598225250650288,0.00020497330049025698
4,0.3,17,0.028690298709478625,0.0002350539231171349,0.00023505392311713488,0.00020268129650800087
4,0.3,18,0.028521182408870558,0.00028775152919298185,0.00028775152919298185,0.00020484923394830856
4,0.3,19,0.028481836284969787,0.0002677280867535096,0.0002677280867535096,0.00019921329237444673
4,0.3,20,0.028773279196148988,0.0002721819239120593,0.0002721819239120593,0.00019908629918027686
4,0.3,21,0.028777919281029653,0.0002748833513907403,0.0002748833513907403,0.00020086199613063494
4,0.3,22,0.028648097697296947,0.0002557807945864931,0.0002557807945864931,0.00020830457371804454
4,0.3,23,0.028601756827564422,0.00024765270886063735,0.00024765270886063735,0.00020139026618380912
4,0.3,24,0.028873918672854475,0.0002707600743475892,0.0002707600743475892,0.00020960117511452964
4,0.3,25,0.029070756155668998,0.00023392301219096653,0.00023392301219096656,0.00020991772511044614
4,0.3,26,0.02894335469869908,0.000209859085117966,0.00019041837067960076,0.000209859085117966
4,0.3,27,0.02894358045948165,0.00021216845341972914,0.00020776173556999396,0.00021216845341972914
4,0.3,28,0.028849741189593558,0.0002625032777469367,0.0002625032777469367,0.00021698830295478524
4,0.3,29,0.028939891328243053,0.0002583538592535288,0.0002583538592535288,0.00020758351307402446
4,0.3,30,0.028909095058163706,0.0002741250995457991,0.0002741250995457991,0.00020315476165096112
4,0.3,31,0.028859662648133833,0.00029044060883080006,0.0002904406088308,0.00021401916770365532
4,0.3,32,0.029090543323671263,0.00032049729673820247,0.0003204972967382024,0.0002138343567358466
4,0.3,33,0.02924855295843397,0.00030898786168107696,0.0003089878616810769,0.0002076166777466737
4,0.3,34,0.029095465455907837,0.0003031293007355038,0.00030312930073550374,0.00020758956546026877
4,0.3,35,0.028999609003691796,0.0002791990688939391,0.0002791990688939391,0.00020734300692389063
4,0.3,36,0.02904725276927328,0.0002844665558505733,0.0002844665558505733,0.00021761219299547865
4,0.3,37,0.02911469998450136,0.0002636696087230689,0.000263669608723069,0.00021756699972405407
4,0.3,38,0.02903652194519541,0.00028367071266402304,0.00028367071266402304,0.00022551791538954805
4,0.3,39,0.028915010266125953,0.00031320178003895176,0.00031320178003895176,0.00021518538982350687
4,0.3,40,0.028903638834333795,0.0002963501729069358,0.0002963501729069358,0.00021804858271790167
4,0.3,41,0.028868907560034275,0.0003009019524025173,0.0003009019524025173,0.00021464216858967073
4,0.3,42,0.028618110572797444,0.0002734243971683646,0.0002734243971683646,0.00020740481839566095
4,0.3,43,0.02884363431502984,0.00030502769607904296,0.00030502769607904296,0.0002208269174821108
4,0.3,44,0.02879944561371475,0.00030349003842388155,0.00030349003842388155,0.00021853684440923662
4,0.3,45,0.02878225510995412,0.0003096277916445787,0.0003096277916445787,0.00021455595184818193
4,0.3,46,0.02885774494643501,0.00029714859277098324,0.0002971485927709832,0.00021832268197787203
4,0.3,47,0.028760864476733185,0.0003070733097832595,0.0003070733097832595,0.00021416406928868718
4,0.3,48,0.028701762697041385,0.0002966927083428097,0.0002966927083428097,0.00021056189274969685
4,0.3,49,0.02882902903760878,0.00027981815594698746,0.00027981815594698746,0.0002068516928550455
4,0.3,50,0.0287442810367614,0.00028096180968717834,0.00028096180968717834,0.000206211531811897
4,0.3,51,0.028824562694184028,0.0003318612149055401,0.0003318612149055401,0.0002158969983084553
4,0.3,52,0.02891692028516369,0.00033557059700609087,0.00033557059700609087,0.00021724675228483866
4,0.3,53,0.029085787204122592,0.00030059021604960555,0.00030059021604960555,0.00022516955046084826
4,0.3,54,0.028646468548813322,0.00029495606047557103,0.00029495606047557103,0.00021490827397951015
4,0.3,55,0.0287104092187595,0.0002978400860610949,0.0002978400860610949,0.00021513293533052138
4,0.3,56,0.028846919872064662,0.0003304346592770594,0.0003304346592770593,0.00021547944324091264
4,0.3,57,0.028809265361948628,0.0002857907584813881,0.0002857907584813881,0.00021557165998602965
4,0.3,58,0.028576292199522506,0.00024851937876218595,0.00024851937876218595,0.00021382330112755855
4,0.3,59,0.028723167516568966,0.00028504365065214893,0.00028504365065214893,0.0002101044265365731
4,0.3,60,0.028534727237485756,0.0002788541436801731,0.0002788541436801731,0.0002021020221403223
4,0.3,61,0.028863792847057198,0.0003023188542333332,0.0003023188542333332,0.00020270773531904344
4,0.3,62,0.02882789931527421,0.00029410372686622215,0.0002941037268662221,0.00020663372673172207
4,0.3,63,0.028827654889327325,0.00026201207218331976,0.00026201207218331976,0.0002121463544539753
4,0.3,64,0.02880464341496059,0.0003055852139302204,0.0003055852139302204,0.00020402937333227424
4,0.3,65,0.028568278756821976,0.00030017307979296487,0.0003001730797929649,0.00020150549071560627
4,0.3,66,0.028602688543988782,0.0002999846755518286,0.0002999846755518286,0.00020573445088393325
4,0.3,67,0.028577919820260627,0.0002935454518741543,0.0002935454518741543,0.00020235614185945742
4,0.3,68,0.028737541183394784,0.0002701458550915112,0.0002701458550915112,0.00020446299781473615
4,0.3,69,0.02878409762982947,0.0002469225613789612,0.0002469225613789612,0.00020277382103874977
4,0.3,70,0.0286425623405702,0.00022195814484928363,0.00022195814484928365,0.00020041461598835903
4,0.3,71,0.02857267277559183,0.00028889156922344713,0.00028889156922344713,0.00020696320754545823
4,0.3,72,0.028543325823113655,0.0002549084984949083,0.0002549084984949083,0.0002071082733127572
4,0.3,73,0.02856553199482687,0.000240651517583858,0.000240651517583858,0.0002060297477432538
4,0.3,74,0.02883457118459347,0.00025807449544230606,0.00025807449544230606,0.00021201610676391705
4,0.3,75,0.028939451045705954,0.00026521718838581,0.00026521718838580993,0.00021413492188837778
4,0.3,76,0.028836869759976916,0.0002970128112009364,0.0002970128112009364,0.00021487428704036846
4,0.3,77,0.02853782611453872,0.00026999235709751935,0.0002699923570975193,0.00021393288125811467
4,0.3,78,0.02862942330493186,0.00027134734674954234,0.00027134734674954234,0.00021777277388750326
4,0.3,79,0.02852547397614871,0.00027181164247629455,0.0002718116424762945,0.00021885152451800024
4,0.3,80,0.028588580298617997,0.0002535458930983711,0.0002535458930983711,0.0002098471901787602
4,0.3,81,0.02861311584120828,0.000263730437210825,0.00026373043721082494,0.00020367080298005797
4,0.3,82,0.02875985412451025,0.00032261297156505276,0.00032261297156505276,0.000203083031254553
4,0.3,83,0.028881027860419548,0.0002659747978761841,0.0002659747978761841,0.0002029675671901184
4,0.3,84,0.028830270840362097,0.00024858235589784615,0.00024858235589784615,0.00020926591779267905
4,0.3,85,0.02889580363416319,0.000272560278733125,0.000272560278733125,0.0002140807163506487
4,0.3,86,0.028794846046275954,0.00024424851217297864,0.00024424851217297864,0.00021354068074261928
4,0.3,87,0.028634662062960517,0.00027652501156835366,0.00027652501156835366,0.00020579095485337673
4,0.3,88,0.028453110926278617,0.00023902884637682064,0.00023902884637682064,0.00019908614366146918
4,0.3,89,0.028595699614639043,0.00023876251248815768,0.0002387625124881577,0.0002009526541620354
4,0.3,90,0.028586801667202618,0.0002531251412852771,0.0002531251412852771,0.00019916114547315213
4,0.3,91,0.028731846565439992,0.00027051728697210267,0.0002705172869721027,0.0002011092036051916
4,0.3,92,0.028807827921925672,0.00023154318935966227,0.00023154318935966224,0.00021276777281126698
4,0.3,93,0.02872970167625239,0.00022589347184465147,0.00022589347184465145,0.00021205441003805078
4,0.3,94,0.028720431690845996,0.0002136139575250341,0.00021361395752503406,0.00020695717496850175
4,0.3,95,0.02875885038416229,0.0002233581528328889,0.0002233581528328889,0.00020097291869360781
4,0.3,96,0.028778394751478222,0.00022008969135951337,0.00022008969135951337,0.0001960555702992549
4,0.3,97,0.028846524621249182,0.00022749163423121965,0.00022749163423121965,0.00019923272051203202
4,0.3,98,0.02878650312193499,0.0002116533884830957,0.0002116533884830957,0.00020003703012451556
4,0.3,99,0.02860336699463513,0.0002028728885605376,0.0002028728885605376,0.00020123598681457463
4,0.3,100,0.028565676412603744,0.00024150541527763412,0.00024150541527763415,0.0002039516711748414
4,0.3,101,0.02854546944570312,0.00021982960617635065,0.00021982960617635065,0.00020699598012832994
4,0.3,102,0.028468487622666863,0.00020589238357866083,0.00019501321167869466,0.00020589238357866083
4,0.3,103,0.028499923323559502,0.00023729206731296722,0.0002372920673129672,0.00020364036901417558
4,0.3,104,0.028443657944701925,0.00021454866326314805,0.00021454866326314808,0.0002016776519642228
4,0.3,105,0.028616405526388486,0.00020332862937030402,0.00020332862937030402,0.00020014108975731105
4,0.3,106,0.028743156337293085,0.0002042421024074782,0.0002042421024074782,0.0002017952201154439
4,0.3,107,0.028852320909290543,0.00023266947082348176,0.00023266947082348176,0.00021175342369335963
4,0.3,108,0.0289674896219162,0.00023319414778827084,0.00023319414778827084,0.00020970023481119604
4,0.3,109,0.02872880768256753,0.0002216541932851493,0.0002216541932851493,0.0002028233803023204
4,0.3,110,0.02873998585753514,0.00027823634805375846,0.0002782363480537584,0.00020261834128322692
4,0.3,111,0.028641420849704013,0.0002605090940067256,0.0002605090940067256,0.0002000261607801842
4,0.3,112,0.028567565349911176,0.0002462489765243216,0.0002462489765243216,0.0001989777375840972
4,0.3,113,0.0286213999958503,0.0002546994102532345,0.00025469941025323443,0.00020337680596664996
4,0.3,114,0.02869307244902155,0.00031230015285548196,0.00031230015285548196,0.00020396199009995673
4,0.3,115,0.02873671967166961,0.00030213210200732824,0.0003021321020073282,0.00020054240800123247
4,0.3,116,0.0287916268313576,0.00027581631443902063,0.00027581631443902063,0.0002102121511108899
4,0.3,117,0.028691630709983353,0.000263505108431471,0.000263505108431471,0.00020636316134641712
4,0.3,118,0.02850581470254122,0.0002785666242339388,0.0002785666242339388,0.00019621456108241127
4,0.3,119,0.028565512130346804,0.00028642706286700307,0.00028642706286700307,0.00019857702724179787
4,0.3,120,0.02873732927795048,0.00029384466988378053,0.00029384466988378053,0.0001992556710194261
4,0.3,121,0.028624146319008312,0.00028202313494437534,0.0002820231349443753,0.00019885246253032815
4,0.3,122,0.02855155015671375,0.00032137500160459503,0.00032137500160459503,0.00020827809339798577
4,0.3,123,0.028287296345471294,0.0002581971225413538,0.0002581971225413538,0.0002027507959774141
4,0.3,124,0.028392614263163033,0.00024408274785517128,0.00024408274785517128,0.0002010424998594925
4,0.3,125,0.028446934421546385,0.00021238490563304336,0.00021238490563304333,0.00019945197550645045
4,0.3,126,0.028548020976019592,0.00021886507311528807,0.00021886507311528807,0.00020356580893961964
4,0.3,127,0.028342618919535954,0.0002518011155191914,0.0002518011155191914,0.00019710012426541327
4,0.3,128,0.028519231275481838,0.00024908972811671186,0.0002490897281167118,0.00019270961892113323
4,0.3,129,0.028470188653058618,0.0002472226783263902,0.0002472226783263902,0.00018928712797921672
4,0.3,130,0.02868555991435217,0.0002130857779476263,0.0002130857779476263,0.00019774912615536097
4,0.3,131,0.02862076705515532,0.00023037236850274582,0.0002303723685027458,0.00020027151269205184
4,0.3,132,0.028592668153053065,0.00025273871502979814,0.00025273871502979814,0.00020405019291003785
4,0.3,133,0.02860003109198585,0.00025793060565136046,0.00025793060565136046,0.0002129909649934173
4,0.3,134,0.028679138873350937,0.00023884366876739162,0.0002388436687673916,0.0002057415132142029
4,0.3,135,0.028516054481394666,0.00020530480800502886,0.0001971486516913058,0.00020530480800502886
4,0.3,136,0.028371978307903896,0.00020565592380103953,0.0002044185559090922,0.00020565592380103953
4,0.3,137,0.028245363372285538,0.00021107218385958278,0.00019280861023488486,0.00021107218385958278
4,0.3,138,0.028331933114600322,0.0002490782248867146,0.00024907822488671457,0.00020361478923986792
4,0.3,139,0.028438644448367155,0.00026717323904378785,0.0002671732390437879,0.0002015065149227148
4,0.3,140,0.028511766879683955,0.00026360325393474774,0.0002636032539347478,0.0002046479965086071
4,0.3,141,0.02854731957500636,0.00025477670511984447,0.00025477670511984447,0.00021051771849519736
4,0.3,142,0.028527828499238704,0.00026010546461313676,0.00026010546461313676,0.00021327258598179857
4,0.3,143,0.028480068130036937,0.00026020959499245604,0.000260209594992456,0.00020589190911408613
4,0.3,144,0.028459211153043455,0.00027152069644693254,0.00027152069644693254,0.0002038582218077807
4,0.3,145,0.028540002979314506,0.00025102920502961606,0.00025102920502961606,0.00020505991307886206
4,0.3,146,0.028683024175543803,0.00027419673743677076,0.00027419673743677076,0.00021018106194532464
4,0.3,147,0.028548207981113422,0.00023549253194551497,0.00023549253194551497,0.00020206116711380363
4,0.3,148,0.02882156665869409,0.00024116261594290517,0.00024116261594290514,0.0002097124483082063
4,0.3,149,0.028840199944492006,0.00023280263655142634,0.00023280263655142631,0.00020482633501517345
4,0.3,150,0.028829548089184916,0.0002375750801079915,0.00023757508010799152,0.00021043801416491744
4,0.3,151,0.028855647608564555,0.00024600578785519974,0.00024600578785519974,0.00020920081451241527
4,0.3,152,0.028751179476175396,0.0002064887689790905,0.0002064887689790905,0.0002040327431886043
4,0.3,153,0.028735650304227388,0.00023988899812746133,0.00023988899812746136,0.00020070780922668601
4,0.3,154,0.028593217392436164,0.0002687366255443454,0.0002687366255443454,0.0002052637089576016
4,0.3,155,0.028380177758201505,0.0002649394306838019,0.0002649394306838019,0.00020334293400109044
4,0.3,156,0.028428600548817674,0.00025299137811461117,0.00025299137811461117,0.00020802840692293835
4,0.3,157,0.028443473469221825,0.00027674290421458294,0.00027674290421458294,0.00020572234457981272
4,0.3,158,0.02835294171693385,0.00026550348063218845,0.00026550348063218845,0.00019957813110764585
4,0.3,159,0.028268011152817536,0.00027992690003304034,0.00027992690003304034,0.0002082495500201459
4,0.3,160,0.02854864152424972,0.0002685159746197806,0.0002685159746197806,0.00021039944860756736
4,0.3,161,0.02853727320419044,0.0002812504081529704,0.0002812504081529704,0.00020219847308541983
4,0.3,162,0.02844285577882683,0.00024314929645508624,0.00024314929645508621,0.0002002913093465635
4,0.3,163,0.028676908086774595,0.00025703956659828124,0.00025703956659828124,0.00020279531133839154
4,0.3,164,0.02861273696173924,0.0002648518384600654,0.0002648518384600654,0.0001954470542993056
4,0.3,165,0.02870189812831418,0.00028764738012581557,0.00028764738012581557,0.00020599480584193607
4,0.3,166,0.028715915552095708,0.0003203045417714924,0.0003203045417714924,0.0002063084447019874
4,0.3,167,0.028769579384019677,0.000274270675685983,0.000274270675685983,0.00020208769012508516
4,0.3,168,0.028624156463731988,0.00027980917168875024,0.00027980917168875024,0.00019778687396698787
4,0.3,169,0.02877413021820047,0.00022630739655729395,0.00022630739655729395,0.00020172851169394148
4,0.3,170,0.02882128719479992,0.0002761365190119423,0.0002761365190119423,0.00020265310414322165
4,0.3,171,0.02871712102598088,0.0002949532805868345,0.0002949532805868345,0.00020022314224407348
4,0.3,172,0.028611025187979828,0.00030639035005077897,0.00030639035005077897,0.0001981834960840227
4,0.3,173,0.02858687273780791,0.0002695844947131561,0.0002695844947131561,0.00020117153229416967
4,0.3,174,0.028469850224741838,0.0002692625183722898,0.00026926251837228974,0.00020076336331709935
4,0.3,175,0.02870820495459476,0.00029089452597468946,0.00029089452597468946,0.00020029608370656542
4,0.3,176,0.028963815559850097,0.0002483291919884766,0.0002483291919884766,0.0002096000593476964
4,0.3,177,0.028885208500954076,0.0002747078728658791,0.00027470787286587914,0.0002101001165175387
4,0.3,178,0.02911836426254216,0.00028125844915078487,0.0002812584491507848,0.00021688197000199326
4,0.3,179,0.028762769738313435,0.00028434190311553886,0.00028434190311553886,0.00020933153264304053
4,0.3,180,0.028892870474412854,0.0002372456446617069,0.00023724564466170693,0.00021487738153968503
4,0.3,181,0.02888203221865932,0.00021710297933908744,0.00020020946661256905,0.00021710297933908744
4,0.3,182,0.028830388962421547,0.00022068594611368854,0.00022068594611368854,0.00021141205579936102
4,0.3,183,0.028784445161636325,0.00021051326814332849,0.00020261154039501563,0.00021051326814332849
4,0.3,184,0.02883830194523247,0.00020823319168371284,0.00020823319168371284,0.00020435559817135628
4,0.3,185,0.028809009271165573,0.0002257144052325264,0.0002257144052325264,0.00021198466482082488
4,0.3,186,0.028777355514851558,0.00025233100612738935,0.00025233100612738935,0.0002051126162362129
4,0.3,187,0.028696052917693053,0.0002548711011918463,0.0002548711011918463,0.00020269911831352665
4,0.3,188,0.02853695714903247,0.0002416569688571799,0.0002416569688571799,0.0002023027510558686
4,0.3,189,0.0285920019171101,0.000274230609291944,0.0002742306092919439,0.00020395449518693373
4,0.3,190,0.028677202534944914,0.0002531742590857336,0.00025317425908573355,0.00020339965793207253
4,0.3,191,0.028484804091650374,0.00024295594348184232,0.00024295594348184232,0.00020081646626321078
4,0.3,192,0.02860332477728882,0.00023301574590223152,0.00023301574590223152,0.00019729697912720227
4,0.3,193,0.028841840561291045,0.0002170361225369036,0.0002170361225369036,0.00020259686459517232
4,0.3,194,0.028737570712908014,0.00020779760070403766,0.00020390797428567977,0.00020779760070403766
4,0.3,195,0.0288881864981815,0.00022724253339515558,0.00022724253339515558,0.00020594475356589497
4,0.3,196,0.0287900737655556,0.00023779895087181355,0.00023779895087181358,0.00021202545997490692
4,0.3,197,0.028720984418758318,0.00021872261195463082,0.00021872261195463082,0.0002186712235842791
4,0.3,198,0.028690607008263987,0.000239476188452302,0.00023947618845230202,0.00021235408805310842
4,0.3,199,0.028585572049688535,0.0002576383452296931,0.0002576383452296931,0.0002085648523033833
4,0.3,200,0.02872815439646779,0.00030962335530816947,0.0003096233553081694,0.00020974220589564343
4,0.3,201,0.028708777595526813,0.0003279842042411737,0.0003279842042411737,0.00020272876994460926
4,0.3,202,0.028577265997437283,0.00031147116913286967,0.00031147116913286967,0.00020229793821396766
4,0.3,203,0.028620746174134036,0.0002620120358955648,0.0002620120358955648,0.0001974552240593894
4,0.3,204,0.028234724483926946,0.0002651745972624019,0.0002651745972624019,0.00019703623160911818
4,0.3,205,0.028313313867741028,0.00027719917269367745,0.00027719917269367745,0.0002033148442987076
4,0.3,206,0.02836797802119996,0.00028221924856580715,0.0002822192485658072,0.00020787925300926947
4,0.3,207,0.028297312826578394,0.0002454150861372405,0.0002454150861372405,0.00020379397097974587
4,0.3,208,0.028527647501823225,0.0002631823356327837,0.0002631823356327837,0.00020645924516802196
4,0.3,209,0.028757750813874536,0.00026360655806130013,0.00026360655806130013,0.000206600105042313
4,0.3,210,0.02878703928137707,0.0002858917260499009,0.0002858917260499009,0.0002020731607531447
4,0.3,211,0.02891803800588133,0.00028334299672643816,0.00028334299672643816,0.00021531600653423147
4,0.3,212,0.028752349182251825,0.00028523502066503593,0.00028523502066503593,0.00020694400726779357
4,0.3,213,0.028605309713183383,0.0003493980751314705,0.0003493980751314705,0.000213029411313078
4,0.3,214,0.02863566689545357,0.00032220277975332186,0.00032220277975332186,0.00020645776917768303
4,0.3,215,0.028900356120699845,0.0003203027202356448,0.0003203027202356448,0.00021467753999109457
4,0.3,216,0.028959200622935048,0.00029114129084532777,0.00029114129084532777,0.00022372961182682004
4,0.3,217,0.028902315496330006,0.00026700771907524806,0.00026700771907524806,0.0002211318945783496
4,0.3,218,0.028949204555391028,0.00028160892125540153,0.00028160892125540153,0.00021921635709068723
4,0.3,219,0.028840430351041856,0.00027282275493020124,0.00027282275493020124,0.00021782644145464406
4,0.3,220,0.028811258739560672,0.00027094310492977363,0.00027094310492977363,0.00021687019750155773
4,0.3,221,0.02875071471018875,0.00025637810482156574,0.0002563781048215658,0.0002160242131876684
4,0.3,222,0.02869174126754989,0.00029062168854381243,0.0002906216885438125,0.00021865348380644523
4,0.3,223,0.028775609649867386,0.00030849625250524865,0.00030849625250524865,0.00021579887414774213
4,0.3,224,0.028617833679995524,0.00029205203005852306,0.0002920520300585231,0.00020921479483202766
4,0.3,225,0.02864523495160331,0.00026052152851352103,0.00026052152851352103,0.000209753483054088
4,0.3,226,0.028428810166982527,0.0002615819560092619,0.0002615819560092619,0.00020616391197243096
4,0.3,227,0.02835601107685546,0.00021887331755000115,0.00021887331755000118,0.0001999346291174847
4,0.3,228,0.02841748655653486,0.000224500474599222,0.00022450047459922196,0.00020296177026431466
4,0.3,229,0.028496205425093006,0.00023131580621450643,0.00023131580621450643,0.00019688348927419288
4,0.3,230,0.028701000068281936,0.00026259828248094994,0.0002625982824809499,0.00020019983220169636
4,0.3,231,0.028579288817919896,0.0002821396126650939,0.00028213961266509383,0.0002031147824970309
4,0.3,232,0.028565186360864574,0.0002526318376955405,0.0002526318376955405,0.0001993634218125193
4,0.3,233,0.028461195996458476,0.00020930926644611525,0.00020930926644611525,0.00019218374207005654
4,0.3,234,0.02846007439458998,0.0002343340428050499,0.00023433404280504987,0.00019736500005040168
4,0.3,235,0.02848087402198785,0.00022577250780570046,0.00022577250780570046,0.00019445589756550313
4,0.3,236,0.028518905475817164,0.00024258080969087405,0.00024258080969087408,0.00019753611596116583
4,0.3,237,0.028512987598210835,0.00026939991538979004,0.00026939991538979004,0.0002042549300872584
4,0.3,238,0.02872360214736851,0.0002390465958824822,0.00023904659588248217,0.000202391422840215
4,0.3,239,0.028450791366887954,0.00023855512308244026,0.00023855512308244023,0.0002014714696447994
4,0.3,240,0.028506580211457834,0.00024031564322795284,0.0002403156432279528,0.0002027121784827166
4,0.3,241,0.028419800827174872,0.00021837849281516647,0.00021837849281516647,0.00020690938293057155
4,0.3,242,0.02854867675857893,0.0002418703184154876,0.00024187031841548762,0.00021124114901457697
4,0.3,243,0.028592964715918347,0.00023277582765681727,0.00023277582765681725,0.00022232734908045253
4,0.3,244,0.02866846318328971,0.00023266650905767882,0.00023266650905767882,0.0002163996787803304
4,0.3,245,0.028683534923070856,0.00022253273268170792,0.00022253273268170792,0.00021175360740303977
4,0.3,246,0.028631607514403627,0.00020999924592864292,0.0002064102516155033,0.00020999924592864292
4,0.3,247,0.028515720781345132,0.0002238303478557592,0.00022383034785575917,0.00020484321107508795
4,0.3,248,0.02855633486005442,0.00023178259487908773,0.00023178259487908773,0.0002078097989957068
4,0.3,249,0.02860603090906209,0.00022946564283565484,0.00022946564283565484,0.00020737828259673118
4,0.3,250,0.028909275501554157,0.0002405885106635195,0.0002405885106635195,0.00021348408511783
4,0.3,251,0.02889674368610137,0.0002861562467313446,0.00028615624673134453,0.0002141997530840611
4,0.3,252,0.02888991236054596,0.0003190671400213036,0.00031906714002130355,0.00021692775815528075
4,0.3,253,0.028622202879106346,0.0003057709383291934,0.00030577093832919334,0.00021782757287629694
4,0.3,254,0.02867315576410191,0.0002726339588896594,0.0002726339588896594,0.00021252668565405438
4,0.3,255,0.028724226833680595,0.00024840021038080655,0.00024840021038080655,0.00020941014213245613
4,0.3,256,0.028849295475106822,0.00027694869133615765,0.00027694869133615765,0.00021148948011203667
4,0.3,257,0.028906316054032214,0.00021230373300149466,0.00021131155091814164,0.00021230373300149466
4,0.3,258,0.029071136578558275,0.00023905843884040862,0.00023905843884040862,0.00021557816103439945
4,0.3,259,0.029048518147670715,0.00024496560172111237,0.00024496560172111237,0.00021292555651158645
4,0.3,260,0.02913789017466935,0.00025273558319096907,0.0002527355831909691,0.00021536044970799954
4,0.3,261,0.02911724267455013,0.0002605712925505604,0.0002605712925505604,0.00022151446297087268
4,0.3,262,0.02899851060830806,0.0002331468684084224,0.0002331468684084224,0.00021160409317718903
4,0.3,263,0.028988483763514657,0.00020940143444972339,0.000205297468199892,0.00020940143444972339
4,0.3,264,0.02889497925737348,0.00022542241492941802,0.00022542241492941805,0.00021224523094303397
4,0.3,265,0.028935825572740336,0.00024416337212419836,0.00024416337212419836,0.00020886131991046584
4,0.3,266,0.02904969534122171,0.0002527854842886498,0.00025278548428864976,0.00021096121371135248
4,0.3,267,0.02905489285688522,0.0002382849855938853,0.0002382849855938853,0.00020678473144081065
4,0.3,268,0.02920541115818668,0.00023205915980859936,0.00023205915980859936,0.00021070133938566707
4,0.3,269,0.028979457141009368,0.00023690428997784365,0.00023690428997784365,0.00021030564853841802
4,0.3,270,0.029148682421615942,0.0002444163569082136,0.0002444163569082136,0.00021640408145163695
4,0.3,271,0.02893693090994078,0.00025034180589428865,0.00025034180589428865,0.00021772572601246891
4,0.3,272,0.02875783136619389,0.0002871818986732094,0.0002871818986732094,0.0002096374113697979
4,0.3,273,0.028724236014818178,0.00027586304480173247,0.00027586304480173247,0.00021129281053572637
4,0.3,274,0.028836812467937442,0.0003232724993255419,0.0003232724993255419,0.00019977227633041113
4,0.3,275,0.02874979305782856,0.00032758186300877037,0.00032758186300877037,0.00020395822304149208
4,0.3,276,0.02890960029919303,0.0003212914541306955,0.0003212914541306954,0.00020657008680078116
4,0.3,277,0.029067644723823553,0.0003333840450289072,0.0003333840450289072,0.0002075420693794026
4,0.3,278,0.029029417589147993,0.0003620065026702747,0.00036200650267027477,0.0002057327562093719
4,0.3,279,0.02908771053181231,0.00036995165903168007,0.00036995165903168007,0.00020557837809908014
4,0.3,280,0.029087454780977753,0.0003292932862693426,0.0003292932862693426,0.00020562336719065488
4,0.3,281,0.028980853177307312,0.0003285488973814426,0.0003285488973814426,0.0002055840191617029
4,0.3,282,0.028897054235559137,0.00033369481979176723,0.0003336948197917672,0.00020722870234623
4,0.3,283,0.02895185163350582,0.0003105914611627937,0.0003105914611627937,0.00021178207144882444
4,0.3,284,0.02890490027804386,0.0003074616033949978,0.0003074616033949978,0.00020797141495196829
4,0.3,285,0.029011394612464245,0.00030072669803912636,0.00030072669803912636,0.00021222874539463175
4,0.3,286,0.028999945876033995,0.00031055129390842305,0.00031055129390842305,0.00020747332676444605
4,0.3,287,0.028938401481539998,0.00027200476039708466,0.00027200476039708466,0.00021502997742393204
4,0.3,288,0.02895077614764202,0.0002797737781476171,0.0002797737781476171,0.00021376459795046388
4,0.3,289,0.028930445581581084,0.0003009754074753353,0.0003009754074753353,0.00021973763057736497
4,0.3,290,0.029008827513213327,0.0002982703061880848,0.00029827030618808487,0.0002165331673240981
4,0.3,291,0.02902813161339563,0.0003268228368689952,0.0003268228368689952,0.00021677476855941813
4,0.3,292,0.029072039531541072,0.0002900680578219918,0.00029006805782199176,0.00021160720233420033
4,0.3,293,0.028881626514679303,0.00032100718047915625,0.0003210071804791562,0.00020602873741756798
4,0.3,294,0.028973871661377472,0.00029002338402393313,0.00029002338402393313,0.00021535714348986878
4,0.3,295,0.02880477382089817,0.0002772324982149191,0.00027723249821491917,0.00020705964886537137
4,0.3,296,0.028706644519321593,0.0002663497946914544,0.0002663497946914544,0.00020275386304768756
4,0.3,297,0.028649042262935794,0.0002904734867820171,0.0002904734867820171,0.0002028848005719774
4,0.3,298,0.02866204877176635,0.0003121398932145776,0.0003121398932145776,0.00020608223489919535
4,0.3,299,0.028988541787856214,0.000286814161289408,0.000286814161289408,0.00020843978076030598
4,0.3,300,0.028932094683394347,0.0003263681649472444,0.0003263681649472444,0.0002192690616390419
4,0.3,301,0.02899550349374524,0.0002772235072260684,0.00027722350722606833,0.00020975427753827395
4,0.3,302,0.02903662856097278,0.0002534156516416596,0.0002534156516416596,0.00021364607538690316
4,0.3,303,0.028925742829979322,0.000251686159722339,0.000251686159722339,0.00021417384568025527
4,0.3,304,0.028770977877437917,0.0002689601659616985,0.00026896016596169843,0.00021105407359647835
4,0.3,305,0.028800363795104932,0.0002839685083135323,0.0002839685083135322,0.00020935612473821225
4,0.3,306,0.029124843723332083,0.0002861329772455196,0.0002861329772455196,0.00021550166738599602
4,0.3,307,0.029026458272368275,0.0003342406257180204,0.0003342406257180204,0.00021865935684097987
4,0.3,308,0.028853448699581348,0.0003117081245097549,0.0003117081245097549,0.00021669529893824583
4,0.3,309,0.02908205449863284,0.0003400805305077512,0.00034008053050775116,0.00021384690642254145
4,0.3,310,0.028969183097949675,0.0002972629488371743,0.0002972629488371743,0.0002068180028457049
4,0.3,311,0.0290569637690781,0.0002864347650269808,0.0002864347650269808,0.00021626282259330548
4,0.3,312,0.02897635858348968,0.0002893436992228044,0.0002893436992228044,0.00021665174330517015
4,0.3,313,0.028910394482913843,0.00030680995351787627,0.0003068099535178762,0.000208285418349991
4,0.3,314,0.028872544735110788,0.0002995642473114612,0.0002995642473114611,0.0002099633309254233
4,0.3,315,0.028613991811976037,0.00030304682354300843,0.00030304682354300843,0.00021173241943223562
4,0.3,316,0.02912871924232073,0.0003152714106025788,0.0003152714106025788,0.0002197988366253952
4,0.3,317,0.029102781915021577,0.000342301839714712,0.000342301839714712,0.0002162868149122053
4,0.3,318,0.028816027524784127,0.0003042559103438255,0.0003042559103438255,0.00020783922054330077
4,0.3,319,0.0288675955509218,0.00030054500744104256,0.00030054500744104256,0.00020328467521525784
4,0.3,320,0.028718689679165958,0.0003263800469880448,0.0003263800469880448,0.0002062141096062006
4,0.3,321,0.02892351478651906,0.0002679676680489629,0.0002679676680489629,0.0001961769660664253
4,0.3,322,0.028819592147113198,0.00028849567575794406,0.00028849567575794406,0.00020091490721823566
4,0.3,323,0.028861689021161534,0.00023482913503169368,0.00023482913503169368,0.0001971635833661753
4,0.3,324,0.028491021546932994,0.00022623148269531045,0.00022623148269531045,0.00019161999691823416
4,0.3,325,0.028689668265173798,0.00025684166265194504,0.00025684166265194504,0.0001963203573899282
4,0.3,326,0.02856870651436099,0.00025857847530923054,0.00025857847530923054,0.00020448847266660078
4,0.3,327,0.028455242806273106,0.00026329463090032446,0.00026329463090032446,0.00019588755587687277
4,0.3,328,0.02861287379298935,0.0002597807499997118,0.0002597807499997118,0.00020140410093461632
4,0.3,329,0.02854580995935978,0.00027546294458843246,0.00027546294458843246,0.0002084876893815579
4,0.3,330,0.028889830675695092,0.0002728109888693556,0.0002728109888693556,0.0002077576150388462
4,0.3,331,0.028808013513318836,0.00027524121366036784,0.00027524121366036784,0.00020381716389447947
4,0.3,332,0.02901359924291005,0.0003127391837767049,0.0003127391837767049,0.00020360600199491067
4,0.3,333,0.028884981140672818,0.0003212057778353993,0.00032120577783539936,0.0002030081840230725
4,0.3,334,0.028943002973698458,0.00031129939288801375,0.00031129939288801375,0.00020731234500212975
4,0.3,335,0.02896658464649431,0.00030353954605720436,0.00030353954605720436,0.000203028810243412
4,0.3,336,0.028795321845497282,0.0002688101517054107,0.0002688101517054107,0.00019517472360624832
4,0.3,337,0.028923697066845677,0.00023856486368859333,0.0002385648636885933,0.0001976648775230908
4,0.3,338,0.02896183047016983,0.00025455883581583353,0.0002545588358158336,0.00020165780786959088
4,0.3,339,0.028833780280390842,0.0002625718073378524,0.0002625718073378524,0.00019664477972672855
4,0.3,340,0.02870787977431886,0.00025472082354377446,0.00025472082354377446,0.00019205314244544734
4,0.3,341,0.028706386659321032,0.0002731925418309836,0.0002731925418309836,0.00019604653729822687
4,0.3,342,0.028613851562220575,0.0002567706449662269,0.0002567706449662268,0.00019566061097148898
4,0.3,343,0.02857024269190456,0.00024055874463157904,0.000240558744631579,0.0002033932729346013
4,0.3,344,0.02868734958075887,0.00024020413082483192,0.00024020413082483192,0.00020424553717284197
4,0.3,345,0.028774467458621812,0.00023505303374719342,0.00023505303374719342,0.00020350503886444173
4,0.3,346,0.028429677077126483,0.00019485904459319367,0.00018114267364613578,0.00019485904459319367
4,0.3,347,0.028378375901731076,0.00019613690585453206,0.0001591742189036358,0.00019613690585453206
4,0.3,348,0.028474823436213676,0.00019974706996195193,0.00019974706996195196,0.00019250147363657108
4,0.3,349,0.02840049186404807,0.00022887190903403144,0.00022887190903403144,0.0001865608610444971
4,0.3,350,0.02839080602133249,0.00025709201717750345,0.0002570920171775034,0.00019008426257094763
4,0.3,351,0.028532850271847213,0.000275389577455299,0.000275389577455299,0.00019950444721856728
4,0.3,352,0.028442795592965354,0.00022908600793043434,0.0002290860079304343,0.00020197892847849034
4,0.3,353,0.028642735571961977,0.00022700128633057698,0.00022700128633057698,0.00019747323907575711
4,0.3,354,0.028693504061564214,0.00021829469622025387,0.0002182946962202539,0.0001949306616108582
4,0.3,355,0.028873100018068507,0.0002428139810055347,0.0002428139810055347,0.00019655180714830812
4,0.3,356,0.02906626448994036,0.00026971221718020077,0.00026971221718020077,0.0002040730177316868
4,0.3,357,0.02893402212171921,0.00031188400568266057,0.00031188400568266057,0.00020258345873629843
4,0.3,358,0.028919066816930846,0.000306172026929116,0.00030617202692911606,0.00021191639628151507
4,0.3,359,0.028949418196097507,0.0003001643619009829,0.0003001643619009829,0.0002092922560307746
4,0.3,360,0.029071381127410277,0.0003273824743983117,0.0003273824743983117,0.00020727896896290398
4,0.3,361,0.02924669681953066,0.00029126232883155306,0.00029126232883155306,0.0002049292613140339
4,0.3,362,0.029331611363484316,0.00031102068739862095,0.0003110206873986209,0.00020951584589695916
4,0.3,363,0.029043344951931338,0.00032689890741499037,0.00032689890741499037,0.00020698206856095932
4,0.3,364,0.028959109185199682,0.0003585738342940752,0.0003585738342940752,0.0002114121594253824
4,0.3,365,0.02904252209640914,0.00034682638486065534,0.00034682638486065534,0.00020902006114313136
4,0.3,366,0.0291633852150622,0.0003493603069985041,0.0003493603069985041,0.00020596763355997693
4,0.3,367,0.029061383670866126,0.0003956148849911574,0.0003956148849911574,0.0002124588906913644
4,0.3,368,0.02900765002066879,0.0003903640375881347,0.0003903640375881347,0.0002119505737822136
4,0.3,369,0.028995118709751966,0.0003927494686775869,0.00039274946867758694,0.00021315832254664924
4,0.3,370,0.029171057344611673,0.000364119528979338,0.00036411952897933797,0.00021467693113556195
4,0.3,371,0.029080974418807932,0.0003560858395402508,0.0003560858395402508,0.00020625654710182124
4,0.3,372,0.029083074221269416,0.0003445892088183377,0.0003445892088183377,0.0002013369137816214
4,0.3,373,0.029047945483171345,0.0003782523357601102,0.00037825233576011013,0.00020518564547968043
4,0.3,374,0.02884179338910713,0.0003657124314350853,0.00036571243143508533,0.00020831023126436217
4,0.3,375,0.02875796656713989,0.0003636344249245454,0.0003636344249245454,0.00020340219822225658
4,0.3,376,0.028779007723538984,0.0003307692702989901,0.0003307692702989901,0.00020592462011833119
4,0.3,377,0.028782052136696174,0.0002908989532762702,0.0002908989532762702,0.00020316229218965288
4,0.3,378,0.028723051957812794,0.00026179634486195194,0.0002617963448619519,0.00019338582678673138
4,0.3,379,0.02879305858765419,0.0002321717701837467,0.0002321717701837467,0.00019690908177082388
4,0.3,380,0.02882229159058249,0.0002829022688999732,0.0002829022688999732,0.000197173359759167
4,0.3,381,0.028921482201672025,0.00024576967036305105,0.00024576967036305105,0.00019528072206399224
4,0.3,382,0.029181596961089237,0.00027322828175648103,0.00027322828175648103,0.00020596124005389687
4,0.3,383,0.029055469890189457,0.0002867598061090322,0.0002867598061090322,0.00021230482026202358
4,0.3,384,0.02898247539590178,0.000318558358385244,0.000318558358385244,0.0002139800733830669
4,0.3,385,0.028975189891014292,0.00029101301217397235,0.00029101301217397235,0.00021760383048883915
4,0.3,386,0.02896350749668991,0.00027166123027288006,0.00027166123027288,0.0002210719865425716
4,0.3,387,0.028807159399690047,0.0002595216584622224,0.0002595216584622224,0.00021720710343132546
4,0.3,388,0.0286689099269296,0.00030754448527742554,0.00030754448527742554,0.00021745194679725024
4,0.3,389,0.02868960436375705,0.00028285421023628105,0.00028285421023628105,0.00021536345705545882
4,0.3,390,0.028726394968550072,0.00027155408538185607,0.00027155408538185607,0.00020791635433002663
4,0.3,391,0.028645024372576423,0.0002963790930867178,0.0002963790930867178,0.00021187387326381874
4,0.3,392,0.02864972106703896,0.0002780671463870569,0.0002780671463870569,0.00020810363771765406
4,0.3,393,0.02858226525062241,0.00026481888681966284,0.0002648188868196628,0.000208778754598213
4,0.3,394,0.028560702526183764,0.0002426228980132182,0.0002426228980132182,0.00021260301539781303
4,0.3,395,0.02842093053486319,0.00022162469422695966,0.0002192031860944978,0.00022162469422695966
4,0.3,396,0.02857745191965744,0.00023963523356966432,0.0002396352335696643,0.00021727609777958795
4,0.3,397,0.028696368793774414,0.00021431740552468369,0.00021210830073681357,0.00021431740552468369
4,0.3,398,0.02849834012199162,0.00027949957578250826,0.00027949957578250826,0.00021800010773464083
4,0.3,399,0.02852700264354452,0.00030556605801671254,0.0003055660580167125,0.0002175763649698148
4,0.3,400,0.028491597646080963,0.0002868246635195694,0.0002868246635195694,0.0002124535035120399
4,0.3,401,0.028758974909791773,0.00029630845774498857,0.0002963084577449886,0.0002194637276765082
4,0.3,402,0.0287454587298803,0.00030288377792177983,0.00030288377792177983,0.0002164831695967496
4,0.3,403,0.028800336101735022,0.0003138506091244643,0.0003138506091244643,0.0002165609350766077
4,0.3,404,0.028951401658094667,0.00029829189436965376,0.00029829189436965376,0.00021571111393106572
4,0.3,405,0.028658796104601533,0.00024520005456246847,0.0002452000545624684,0.00021920201383556685
4,0.3,406,0.02863351671845,0.00021574774259272022,0.00017895682207948576,0.00021574774259272022
4,0.3,407,0.028565678204633783,0.00021506110842844147,0.0001802391348087104,0.00021506110842844147
4,0.3,408,0.02851512542504252,0.00021495912442138547,0.00020703945950112455,0.00021495912442138547
4,0.3,409,0.028554650628891044,0.00023644755749978097,0.00023644755749978094,0.0002037144926189558
4,0.3,410,0.028615133829305826,0.0002574739149039553,0.0002574739149039553,0.00020103456151086263
4,0.3,411,0.028672687663428557,0.00021691744939064482,0.00021691744939064482,0.0002005018841943235
4,0.3,412,0.028337119161703235,0.0002293345679748511,0.0002293345679748511,0.00019471177008267395
4,0.3,413,0.0283056792130998,0.00028522381958699536,0.0002852238195869954,0.00019872440066837888
4,0.3,414,0.02823477370389192,0.0002750491979744154,0.00027504919797441543,0.00020373647161654252
4,0.3,415,0.02814531036850982,0.0002692300041084691,0.0002692300041084691,0.00020204972066701162
4,0.3,416,0.02819921570581818,0.0002549614297639245,0.0002549614297639245,0.00020364424912039337
4,0.3,417,0.028508166543575884,0.0002636632851391025,0.0002636632851391025,0.0002168148340291527
4,0.3,418,0.02859040293704358,0.00027012099913510635,0.00027012099913510635,0.00021261621054380735
4,0.3,419,0.028525361714353492,0.0002480654123125217,0.0002480654123125217,0.00021325338661745517
4,0.3,420,0.02863216941106752,0.00025038134489929477,0.00025038134489929477,0.00020496724033910104
4,0.3,421,0.02875547927286645,0.0002556002655752129,0.00025560026557521284,0.00020544734305821252
4,0.3,422,0.02874148633867878,0.0002643955428003243,0.0002643955428003243,0.00021284022209571037
4,0.3,423,0.02894883360890515,0.00029708490881354995,0.00029708490881354995,0.0002145633527734524
4,0.3,424,0.028862435425471233,0.00027101285426656596,0.00027101285426656596,0.00022232087782399587
4,0.3,425,0.029017217042955765,0.00028333365049128023,0.00028333365049128023,0.00021764694823337373
4,0.3,426,0.02905731551964765,0.00029875532170251624,0.0002987553217025162,0.00021734502513661395
4,0.3,427,0.02898432459626141,0.00029760665156717506,0.00029760665156717506,0.00021528616901548956
4,0.3,428,0.028991083091534958,0.00026799865967964455,0.00026799865967964455,0.000222004009305647
4,0.3,429,0.028936949741605805,0.00024891561743926676,0.0002489156174392668,0.00021516956281231
4,0.3,430,0.028904609177971045,0.00022940671715888556,0.00022940671715888553,0.00021386473521492645
4,0.3,431,0.02888407740303971,0.00028077965895703324,0.00028077965895703324,0.00021096499606924798
4,0.3,432,0.029089215057850663,0.00030397118852656555,0.0003039711885265656,0.00021552567929470346
4,0.3,433,0.029144751415547017,0.0003121178642760968,0.0003121178642760968,0.0002122021774576919
4,0.3,434,0.02932451599161195,0.00032069939804362614,0.00032069939804362614,0.00021396254478710965
4,0.3,435,0.029328848091595482,0.00030164741926819763,0.00030164741926819763,0.00021330409268812385
4,0.3,436,0.029112426888385744,0.0003340814177203726,0.0003340814177203726,0.00021855201767437667
4,0.3,437,0.029324602521974177,0.00032720457427673065,0.0003272045742767307,0.00021917558514326165
4,0.3,438,0.029027064201041158,0.0003545330617997236,0.0003545330617997236,0.00021712167331369193
4,0.3,439,0.02884565899184847,0.00031959206129661546,0.0003195920612966154,0.00021679135648595534
4,0.3,440,0.02886558089339644,0.0003171520241546702,0.00031715202415467025,0.00021012800564580936
4,0.3,441,0.028727924970998943,0.00031687373597303047,0.00031687373597303047,0.00020696281494882694
4,0.3,442,0.028610726416743736,0.00031516757422242914,0.0003151675742224291,0.0002102626298891711
4,0.3,443,0.028636227302081523,0.00029871301998607913,0.00029871301998607913,0.00020570770388714745
4,0.3,444,0.028632293065027358,0.0002784283965223623,0.0002784283965223623,0.0002052431850618758
4,0.3,445,0.028744009119580378,0.0002640212306512955,0.0002640212306512955,0.00020773689206666495
4,0.3,446,0.028598170279101713,0.00026507515543145073,0.00026507515543145073,0.00021005114822020187
4,0.3,447,0.02868042560114705,0.0002865051469573235,0.0002865051469573235,0.00021790877256988364
4,0.3,448,0.028862812895246275,0.0003185686651484053,0.0003185686651484053,0.00021201525550106128
4,0.3,449,0.029024009659628307,0.00031421626893767126,0.0003142162689376713,0.00021537103615429796
4,0.3,450,0.028919615727003346,0.00029011067555686837,0.00029011067555686837,0.00021033063796147643
4,0.3,451,0.02888730505670474,0.00025120724654875383,0.00025120724654875383,0.00020077693302347134
4,0.3,452,0.029061995683851687,0.00025207967191757003,0.0002520796719175701,0.00021215564671551193
4,0.3,453,0.02886445938405049,0.00024638990670291546,0.00024638990670291546,0.0002080758926260117
4,0.3,454,0.02869268035514573,0.00028231316520604147,0.00028231316520604147,0.00021311316763302768
4,0.3,455,0.028696560601788382,0.00025639519353557843,0.00025639519353557843,0.00021347387407492758
4,0.3,456,0.028852349506230283,0.00024257711070902995,0.00024257711070902995,0.00021192629419126266
4,0.3,457,0.028681734113999748,0.00022583388280461906,0.00022583388280461903,0.00021427109332725918
4,0.3,458,0.02861344696312327,0.00022913209312532622,0.0002291320931253262,0.00021605869181653113
4,0.3,459,0.028731386675283722,0.0002328138518464393,0.00023281385184643932,0.00021488752954815156
4,0.3,460,0.02857592097132018,0.0002688125199809381,0.0002688125199809381,0.00021936455769299955
4,0.3,461,0.02843608561241391,0.00027991336871226093,0.00027991336871226093,0.0002147273774184225
4,0.3,462,0.028542304552630886,0.0002853670485028976,0.0002853670485028976,0.00020727358456536303
4,0.3,463,0.028558821448764097,0.0003199358663913061,0.0003199358663913061,0.0002006018924669201
4,0.3,464,0.02874357544377042,0.00028887551020579646,0.00028887551020579646,0.00021016391657416932
4,0.3,465,0.028731063258187375,0.0002495799683513737,0.00024957996835137374,0.00020906232962649633
4,0.3,466,0.02876481692585281,0.0002738822407955972,0.0002738822407955972,0.00020216522240573765
4,0.3,467,0.028702220235159077,0.00024268828300651895,0.00024268828300651895,0.00020195277471954137
4,0.3,468,0.028846601715781867,0.00028374133061922493,0.0002837413306192249,0.00020581945864150925
4,0.3,469,0.028907580271374238,0.00026040836530783596,0.000260408365307836,0.00020545158362696286
4,0.3,470,0.028946806529661816,0.0002750244530846785,0.0002750244530846785,0.00021153574096012174
4,0.3,471,0.029127933318860166,0.0002724015952629896,0.00027240159526298953,0.00020954555380347636
4,0.3,472,0.02897728949653207,0.00023043755810500476,0.0002304375581050048,0.00021104292046594838
4,0.3,473,0.029126629710782136,0.000278706198598868,0.000278706198598868,0.00021114340771340577
4,0.3,474,0.029071074566315244,0.0002695882363010011,0.0002695882363010011,0.00020789757671250286
4,0.3,475,0.029151784128650528,0.00026104693097789934,0.00026104693097789934,0.00020829218477123057
4,0.3,476,0.02923628453609368,0.00024819894598510843,0.00024819894598510843,0.00020985286646709345
4,0.3,477,0.029294744087937707,0.00026404773130996425,0.00026404773130996425,0.00020796564392595938
4,0.3,478,0.029259430548507093,0.0002786323812048231,0.0002786323812048231,0.0002146555374351864
4,0.3,479,0.029313613185768507,0.00026622909355998993,0.00026622909355998993,0.00021440983724943923
4,0.3,480,0.029304124444168442,0.00025759093018093627,0.0002575909301809362,0.00021680849140286708
4,0.3,481,0.029300768916210244,0.0002310478919585823,0.0002310478919585823,0.0002141802687461603
4,0.3,482,0.029120666440955494,0.0002712574390483369,0.0002712574390483369,0.0002094206561855193
4,0.3,483,0.029205369484078845,0.0003147894439929609,0.0003147894439929609,0.00021136301853119793
4,0.3,484,0.02905165276886029,0.00026252359888831917,0.00026252359888831917,0.00021034919264108996
4,0.3,485,0.02913616029759713,0.00023715384308383474,0.00023715384308383472,0.0002128117485134017
4,0.3,486,0.029168350598389847,0.0002304101916309339,0.0002304101916309339,0.00020910823905007312
4,0.3,487,0.02880224715626599,0.00025173196727696685,0.00025173196727696685,0.00021209805368785847
4,0.3,488,0.028807261406864848,0.00026680825748681653,0.00026680825748681653,0.00021012041532564071
4,0.3,489,0.02880975580914864,0.0002342072616131548,0.0002342072616131548,0.00021264028202199768
4,0.3,490,0.028761523405678797,0.00024712299560911117,0.0002471229956091112,0.00020825093820846328
4,0.3,491,0.02872451441734764,0.0002537653666189507,0.0002537653666189507,0.00021145863095838765
4,0.3,492,0.028612164524560987,0.0002996470676262132,0.00029964706762621317,0.00021810987357435513
4,0.3,493,0.02882156778238743,0.0002632477142338183,0.0002632477142338183,0.00021337555676055256
4,0.3,494,0.028743186676101755,0.0002689742695179927,0.0002689742695179927,0.00021378542296649527
4,0.3,495,0.028773973283781708,0.0002505659711465959,0.0002505659711465959,0.00021351229833593794
4,0.3,496,0.028831612244146102,0.00025051181797860475,0.00025051181797860475,0.00020795947843296948
4,0.3,497,0.028916746636430943,0.00025341145996346265,0.00025341145996346265,0.00021316606570692402
4,0.3,498,0.028714167595374204,0.0002310422352452439,0.0002310422352452439,0.0002119077076470596
4,0.3,499,0.029040990865017925,0.0002624170830725937,0.0002624170830725937,0.00021353907202698087
4,0.3,500,0.028993223442124832,0.00028707410641522517,0.00028707410641522517,0.0002117711680139484
4,0.4,0,0.08228767519627364,0.00026861312927903237,0.00026861312927903237,0.00025591130231131546
4,0.4,1,0.050593374415011966,0.00031896583897888793,0.00031896583897888793,0.000249926378759266
4,0.4,2,0.04017340847182557,0.0003088326254292754,0.0003088326254292754,0.00024043814822000608
4,0.4,3,0.03548043244894072,0.00023910854776622995,0.00023910854776622992,0.00022901226343814842
4,0.4,4,0.03254429572670167,0.00023850765332060608,0.00023850765332060608,0.00022177454917582504
4,0.4,5,0.031143441897979598,0.000240267069045306,0.000240267069045306,0.00021550164059190398
4,0.4,6,0.030222965746216118,0.00028518096706845716,0.00028518096706845716,0.0002144089721059269
4,0.4,7,0.029298422385077134,0.000269798898335828,0.000269798898335828,0.0002069510776103264
4,0.4,8,0.028894680492466455,0.0002305754536010287,0.0002305754536010287,0.000200314367665437
4,0.4,9,0.028560287011079745,0.000232628143086702,0.000232628143086702,0.00019633119145676242
4,0.4,10,0.028313130534727688,0.00025020810747131773,0.00025020810747131773,0.00019569723260195508
4,0.4,11,0.027924194472031618,0.00020276186052715342,0.00020276186052715342,0.00020046859335166335
4,0.4,12,0.02780600875060117,0.00023460935374118878,0.00023460935374118878,0.00020088464083103168
4,0.4,13,0.027810805165727263,0.00024766043036949706,0.00024766043036949706,0.00020164527508243887
4,0.4,14,0.02787703590852908,0.0002433972181957408,0.0002433972181957408,0.0001906754126410145
4,0.4,15,0.02779432672715281,0.0002485504834033572,0.00024855048340335727,0.00018465912874863336
4,0.4,16,0.027759950978194052,0.0002241974191851971,0.00022419741918519711,0.00018896963179053258
4,0.4,17,0.027511059046086295,0.00020432611442258266,0.00020432611442258266,0.00019630216715796293
4,0.4,18,0.027547086397169584,0.00021392467935666456,0.00021392467935666453,0.00019156531451181773
4,0.4,19,0.027314238823136196,0.0002136877103425154,0.00021368771034251536,0.0001869945447810578
4,0.4,20,0.027460085599976095,0.0002165057616334648,0.0002165057616334648,0.0001911309258185721
4,0.4,21,0.027511189640721755,0.00020576767261027958,0.0002057676726102796,0.0001932867803022345
4,0.4,22,0.027433821555065848,0.0002177783483292241,0.0002177783483292241,0.0001874173836186702
4,0.4,23,0.02743351110878243,0.00019641067518753416,0.00019641067518753414,0.0001873336706260121
4,0.4,24,0.027577170548645488,0.00019260976678684092,0.00018671140120748222,0.00019260976678684092
4,0.4,25,0.02757729059859216,0.00019136931816442307,0.0001877013030456991,0.00019136931816442307
4,0.4,26,0.027517245608250973,0.00022666738791420334,0.00022666738791420334,0.00018999782236979462
4,0.4,27,0.02736211050400361,0.0002218064827765878,0.00022180648277658776,0.00019013981083368367
4,0.4,28,0.027331909142161468,0.00023370784694109976,0.00023370784694109976,0.0001934859748883681
4,0.4,29,0.027491497362263494,0.00021771343287383023,0.00021771343287383023,0.00019361236047816673
4,0.4,30,0.02747363952005726,0.00023601600630398918,0.00023601600630398918,0.0001956765144546756
4,0.4,31,0.027612674615442378,0.0002488688000725603,0.0002488688000725603,0.00019375335014276216
4,0.4,32,0.02765058151411965,0.00023229941266138387,0.00023229941266138384,0.00019407867392132134
4,0.4,33,0.027561222607256665,0.00024275274930723065,0.00024275274930723065,0.00019496996140214179
4,0.4,34,0.027667523465668246,0.00023913727636790293,0.00023913727636790293,0.00019446019193223267
4,0.4,35,0.027723588844511978,0.00022835139642627463,0.00022835139642627466,0.00019174771370243312
4,0.4,36,0.02762657819032875,0.00026146445171129705,0.00026146445171129705,0.00019463885692330991
4,0.4,37,0.02744311272668775,0.00021963443974519476,0.00021963443974519476,0.0001932100960349752
4,0.4,38,0.02734293737361931,0.0001955115836699064,0.00019551158366990637,0.00018981837099734032
4,0.4,39,0.027220831898103856,0.00019848080252587853,0.00019848080252587853,0.00018316287906989606
4,0.4,40,0.027407955312691693,0.00018988909239010563,0.00018009962536767317,0.00018988909239010563
4,0.4,41,0.027339375781874283,0.00019024078703073498,0.00018820700573707598,0.00019024078703073498
4,0.4,42,0.027377500259456233,0.0002224564687864466,0.0002224564687864466,0.0001938140403464909
4,0.4,43,0.027351823768654155,0.0002327159837182921,0.0002327159837182921,0.0001894312786552988
4,0.4,44,0.02732291485282702,0.0002257987182935811,0.00022579871829358106,0.00018683951035218776
4,0.4,45,0.027375154124718012,0.00023020291799313988,0.00023020291799313988,0.0001893810128947262
4,0.4,46,0.027386922819257403,0.00022483721525271558,0.00022483721525271558,0.0001907568360477458
4,0.4,47,0.027227451860035178,0.0002450295980856853,0.00024502959808568527,0.00017962016252791934
4,0.4,48,0.027190404705602116,0.0002613520390740934,0.0002613520390740934,0.0001847044415327574
4,0.4,49,0.02714424706192414,0.00024792539845659657,0.00024792539845659657,0.00018262972997788325
4,0.4,50,0.027121209699591087,0.00024177379635490387,0.00024177379635490387,0.00017654250833672354
4,0.4,51,0.02721773969700981,0.00023514522728387057,0.00023514522728387057,0.00018930574679926787
4,0.4,52,0.027128060925082405,0.00020249844062330188,0.00020249844062330188,0.0001861014776206395
4,0.4,53,0.027194891043992996,0.0002306440402394709,0.00023064404023947086,0.00018987244924311518
4,0.4,54,0.027178959734818063,0.00022358857507525037,0.00022358857507525035,0.0001889103904307009
4,0.4,55,0.027045014484333853,0.00022357952266085915,0.00022357952266085915,0.0001929953710934302
4,0.4,56,0.027049050166102546,0.0002362162454633599,0.00023621624546335987,0.00019405488759184782
4,0.4,57,0.027075870771295512,0.00020019539366986655,0.00020019539366986655,0.00019501419667506396
4,0.4,58,0.027138649312936705,0.00019145829141782353,0.00018998021976061522,0.00019145829141782353
4,0.4,59,0.027387810502726505,0.00021604395704380439,0.00021604395704380439,0.00018884447319489911
4,0.4,60,0.027354384439723847,0.0002641049306134141,0.0002641049306134141,0.00019100279275032457
4,0.4,61,0.027193279519498174,0.00023238772445761824,0.00023238772445761824,0.00019623129536845685
4,0.4,62,0.027261768544824042,0.0002534411787096361,0.00025344117870963615,0.00019000411193549572
4,0.4,63,0.027437166672890218,0.00029933856296868525,0.00029933856296868525,0.00019043475966450745
4,0.4,64,0.02734865782375597,0.00029272833305055433,0.00029272833305055433,0.00018347240627042028
4,0.4,65,0.02730778782792982,0.00026527088251329087,0.00026527088251329087,0.0001885136151262244
4,0.4,66,0.027657704785226875,0.0002654957908084889,0.0002654957908084889,0.0001884764146145515
4,0.4,67,0.027414546478116024,0.00023413282763964444,0.00023413282763964444,0.0001899406141093755
4,0.4,68,0.02738551781368098,0.0002489223797124743,0.0002489223797124743,0.00018674165602611403
4,0.4,69,0.02753132680728388,0.0002453814254796069,0.000245381425479607,0.0001895252449349278
4,0.4,70,0.027539440591488475,0.0002778067310255956,0.00027780673102559565,0.000193855279374129
4,0.4,71,0.027554118425011088,0.00028456598835052547,0.00028456598835052547,0.000187152577029424
4,0.4,72,0.02731837554957708,0.00025297554563611795,0.00025297554563611795,0.00018202716730569314
4,0.4,73,0.027267788328409627,0.00023782091042190962,0.00023782091042190962,0.0001854392771712921
4,0.4,74,0.027303993274767978,0.00023841879621118163,0.00023841879621118163,0.0001880131269394339
4,0.4,75,0.027238755744839544,0.0002275075466326702,0.0002275075466326702,0.00018862620937425413
4,0.4,76,0.027454150238845954,0.00024252336839585833,0.00024252336839585833,0.00018566829113608323
4,0.4,77,0.02741070440580854,0.00023659659067586472,0.00023659659067586474,0.00018718000147744589
4,0.4,78,0.02741169064730545,0.00022364297615251117,0.00022364297615251117,0.0001878980872540838
4,0.4,79,0.027356908719699303,0.00023654526351119727,0.00023654526351119724,0.00018303714213047386
4,0.4,80,0.027524605587626854,0.0002680293300566247,0.00026802933005662464,0.00018025827021405738
4,0.4,81,0.027607794229168755,0.00021923913720411431,0.00021923913720411431,0.00018946660831019421
4,0.4,82,0.027605054197849765,0.00021657873976705757,0.00021657873976705757,0.0001945764480158795
4,0.4,83,0.027475834926616014,0.00020043009954688587,0.00018766858916906477,0.00020043009954688587
4,0.4,84,0.027565831539507542,0.00021502469127234933,0.0002150246912723493,0.00019549144137315667
4,0.4,85,0.027411151547851294,0.00023206253687005975,0.00023206253687005975,0.00019257893844126152
4,0.4,86,0.027411440588703866,0.00024836796693420636,0.0002483679669342063,0.0001915493181092216
4,0.4,87,0.027393556751769015,0.00023703242416885185,0.00023703242416885185,0.00018877563827881242
4,0.4,88,0.02740651965806431,0.00022001270910329904,0.00022001270910329904,0.00018986223384253014
4,0.4,89,0.027260141154725238,0.00020587858838279666,0.00020587858838279666,0.0001880192687228177
4,0.4,90,0.027423311013385875,0.00020759021549603213,0.0002075902154960321,0.00019221760752416529
4,0.4,91,0.027494515581412558,0.00021680699046248267,0.00021680699046248267,0.00019354038999931018
4,0.4,92,0.027475702778835476,0.00020281522902331923,0.00020281522902331926,0.0001844077585363491
4,0.4,93,0.02749391181811967,0.0002077007068250596,0.0002077007068250596,0.0001789734528491001
4,0.4,94,0.027675776992769276,0.0001997349291200853,0.0001997349291200853,0.00018579073792446765
4,0.4,95,0.027652217147227025,0.00021746584919647775,0.00021746584919647775,0.00018634106335807348
4,0.4,96,0.02777762344438261,0.00018963108646568832,0.00018963108646568834,0.00018292717202121205
4,0.4,97,0.027506778551804698,0.00019187048970985805,0.00019187048970985802,0.00019168007808084377
4,0.4,98,0.027651451217545458,0.00018630425654568334,0.00016858253784365158,0.00018630425654568334
4,0.4,99,0.027613984463687357,0.00018727770640525988,0.00018170396793113438,0.00018727770640525988
4,0.4,100,0.027532714982386127,0.0002049867542770142,0.00020498675427701424,0.0001898324979367432
4,0.4,101,0.027568335186377822,0.0002382659553968563,0.0002382659553968563,0.00019598994180639222
4,0.4,102,0.027575634146575993,0.00023614452479915748,0.00023614452479915748,0.0001978076782601062
4,0.4,103,0.02752307232768587,0.00021606966320838407,0.00021606966320838404,0.00019107120428857823
4,0.4,104,0.02777325912475375,0.00019380898482043618,0.00018974774761592374,0.00019380898482043618
4,0.4,105,0.027541844615966007,0.00026360336360749763,0.00026360336360749763,0.0001964745252666364
4,0.4,106,0.027435784051870825,0.00023899151376906755,0.00023899151376906752,0.00019314841197985743
4,0.4,107,0.027462595992190704,0.0002222696897139768,0.0002222696897139768,0.00018920984902033857
4,0.4,108,0.027404674142109245,0.0002771776310707203,0.00027717763107072034,0.0001927213579709072
4,0.4,109,0.027444961109407508,0.00025520703620449846,0.00025520703620449846,0.0001846090907700891
4,0.4,110,0.02740219281079488,0.00026747153283098276,0.00026747153283098276,0.00019050245753435516
4,0.4,111,0.0274265661065328,0.0002348933925058056,0.00023489339250580557,0.00018566367652992477
4,0.4,112,0.02753594799662261,0.00022755583771990993,0.00022755583771990993,0.00018001570933920546
4,0.4,113,0.027302481118643387,0.00025431294770526797,0.00025431294770526797,0.00018409753487939277
4,0.4,114,0.02737995066548427,0.00021947965493833324,0.00021947965493833324,0.00018583270150395243
4,0.4,115,0.027483469433739947,0.00020214152786247064,0.00020214152786247061,0.00019751181030935175
4,0.4,116,0.02762003293683444,0.0001993039305735847,0.0001993039305735847,0.00019418586949489122
4,0.4,117,0.027562205398659192,0.00021046063534426048,0.00021046063534426048,0.00019510854439082375
4,0.4,118,0.02743869125632908,0.00023124548572755576,0.00023124548572755574,0.0001890813621914221
4,0.4,119,0.02751673650846955,0.00024997591847440573,0.00024997591847440573,0.00018950956396317795
4,0.4,120,0.02748793631304195,0.00025944045479609466,0.00025944045479609466,0.00018504139517669296
4,0.4,121,0.02751748482928339,0.00021966802293502707,0.00021966802293502707,0.0001778230987285427
4,0.4,122,0.02745112717514313,0.00021291919238555069,0.00021291919238555066,0.00018603097709123527
4,0.4,123,0.02755387178742173,0.00020784124839149677,0.00020784124839149677,0.00018996104879013062
4,0.4,124,0.027520945365758453,0.0001850669068426932,0.00018265052050957657,0.0001850669068426932
4,0.4,125,0.0274976959942308,0.00018505188278264412,0.0001806580415982071,0.00018505188278264412
4,0.4,126,0.027419372907321035,0.0001936735782399706,0.0001774450627464109,0.0001936735782399706
4,0.4,127,0.027634107403109606,0.00018764923682040884,0.00018426248873243512,0.00018764923682040884
4,0.4,128,0.02749552226615107,0.0001869893773231445,0.00018595665713582417,0.0001869893773231445
4,0.4,129,0.027359513408099383,0.0001936517728344958,0.00016939644232928677,0.0001936517728344958
4,0.4,130,0.027481222677236315,0.0002060230990340668,0.0002060230990340668,0.00019255086910404128
4,0.4,131,0.027440934849963215,0.00023883278649038057,0.00023883278649038055,0.000186260979906799
4,0.4,132,0.027414878616547695,0.00021848922764651393,0.00021848922764651393,0.0001880328499208321
4,0.4,133,0.027463942194049004,0.0002128790746125764,0.00021287907461257636,0.00019048591628200492
4,0.4,134,0.027361472963403164,0.0002344241123170426,0.0002344241123170426,0.00018955803191072983
4,0.4,135,0.02739082463238588,0.00021430907615003358,0.00021430907615003358,0.00019289720433305206
4,0.4,136,0.027372524204681857,0.0002466745259765881,0.0002466745259765881,0.0001893709786728441
4,0.4,137,0.027481730074735256,0.00021533744894027882,0.00021533744894027882,0.0001860086557423393
4,0.4,138,0.02741303826964486,0.00022433633885626992,0.00022433633885626992,0.000184592896515184
4,0.4,139,0.027496376939429253,0.00020998468316860199,0.00020998468316860199,0.0001773643830786373
4,0.4,140,0.02742359199402963,0.00019818260504439982,0.00019818260504439984,0.00018518467390504442
4,0.4,141,0.027447328729180077,0.00021318260841820792,0.00021318260841820792,0.00019352910065861093
4,0.4,142,0.027521724054504284,0.0002158653639958529,0.00021586536399585292,0.00019675668857381987
4,0.4,143,0.027524206091059846,0.00020986952941392728,0.0002098695294139273,0.00019392388899821446
4,0.4,144,0.02750128901623504,0.00019606737773593882,0.00019606737773593882,0.0001957504317497793
4,0.4,145,0.02740424021736365,0.00024703081824277467,0.00024703081824277467,0.0001951586317733228
4,0.4,146,0.027533459006921123,0.0002467518299224495,0.0002467518299224495,0.00019686672145852155
4,0.4,147,0.027488849777520138,0.00024883776603407685,0.00024883776603407685,0.0001959361920464825
4,0.4,148,0.027597584141342453,0.00021213796451304934,0.00021213796451304934,0.0001882998008561259
4,0.4,149,0.0277238873896322,0.00023418576817901826,0.00023418576817901823,0.00018842028787160298
4,0.4,150,0.027770044464896938,0.00023738498706139076,0.00023738498706139078,0.00018784342668994053
4,0.4,151,0.027795053239831956,0.00022884795788740604,0.00022884795788740604,0.00018901803117740557
4,0.4,152,0.027846100477170354,0.0002607784331446754,0.0002607784331446754,0.0001887187222259335
4,0.4,153,0.02767202116970885,0.0002586160835597878,0.0002586160835597878,0.00018886265545979588
4,0.4,154,0.02758417602092987,0.0002468040709423992,0.0002468040709423992,0.00018594515963902958
4,0.4,155,0.027732494056771008,0.00020789572209595192,0.0002078957220959519,0.00019093629879535727
4,0.4,156,0.027565965430846297,0.00025641134085772205,0.00025641134085772205,0.000196901608128426
4,0.4,157,0.027602902328383385,0.00021236002282706061,0.00021236002282706064,0.00019554158168695983
4,0.4,158,0.027547277370196802,0.00020926093695901703,0.000209260936959017,0.00019471079248603438
4,0.4,159,0.02751986260944365,0.0002206242479938019,0.00022062424799380187,0.00019174688413365696
4,0.4,160,0.02767228183678782,0.00022489731556754093,0.0002248973155675409,0.00019185644662023143
4,0.4,161,0.02757658118114362,0.00019449323189228926,0.00018763218631687018,0.00019449323189228926
4,0.4,162,0.0275358329856452,0.00019733029520775907,0.00019733029520775905,0.00019090723014347248
4,0.4,163,0.027459622540046306,0.00018944304396378817,0.00014573398461884476,0.00018944304396378817
4,0.4,164,0.02738995077118146,0.0001858490327542408,0.00015831331464979535,0.0001858490327542408
4,0.4,165,0.027186870515744883,0.0001814745859572192,0.000150220045252031,0.0001814745859572192
4,0.4,166,0.02721869912506689,0.00018474815403684124,0.0001462340097943019,0.00018474815403684124
4,0.4,167,0.027278912416580082,0.0001836820587410412,0.00016180833174743342,0.0001836820587410412
4,0.4,168,0.027221900655212922,0.00019108154032584115,0.00019108154032584115,0.00018039605314462334
4,0.4,169,0.027209732582238237,0.00020581953347710645,0.00020581953347710645,0.00017585126585648148
4,0.4,170,0.027418851473299415,0.00020571032303766227,0.00020571032303766225,0.0001805562417611057
4,0.4,171,0.02718025515936116,0.00021073617237280437,0.00021073617237280437,0.00017991360606232337
4,0.4,172,0.027227635711338394,0.0002161497231802266,0.00021614972318022662,0.0001738623237249042
4,0.4,173,0.027230998192471895,0.0001837248892745559,0.00018372488927455592,0.00017630661638147683
4,0.4,174,0.02736195194773594,0.00020915830074271955,0.00020915830074271955,0.00018462847307997225
4,0.4,175,0.027350919941346485,0.00020414713368125374,0.00020414713368125374,0.00017966357761853231
4,0.4,176,0.027448145829397426,0.00023730810444866845,0.00023730810444866845,0.00018223115378303173
4,0.4,177,0.02722647172981572,0.00023314257772772244,0.00023314257772772242,0.00019026207275638595
4,0.4,178,0.027184430404939335,0.00022434822432753777,0.00022434822432753777,0.00018812481366874804
4,0.4,179,0.027036315033689355,0.00018083183164202687,0.00018083183164202687,0.00017911760006521422
4,0.4,180,0.027055092355076693,0.00021020001135635497,0.00021020001135635494,0.0001850616630156849
4,0.4,181,0.026968914840870148,0.00018326772364464318,0.00018034098416604073,0.00018326772364464318
4,0.4,182,0.026887839578402805,0.00019053054954529572,0.00019053054954529572,0.0001866092353669904
4,0.4,183,0.027028442370398184,0.00020202558598796878,0.00020202558598796878,0.00018894449110208575
4,0.4,184,0.02705610583841573,0.00021674119206534516,0.00021674119206534516,0.00018787307507299133
4,0.4,185,0.027096234126725707,0.0002404662875387348,0.0002404662875387348,0.00019307995806291874
4,0.4,186,0.027128639129834296,0.00024597319684723087,0.00024597319684723087,0.00019093998382194575
4,0.4,187,0.027177951786849588,0.0002652669068813403,0.0002652669068813403,0.00018615056673562569
4,0.4,188,0.02707457656351094,0.00020774464436105865,0.00020774464436105865,0.00019134326418372903
4,0.4,189,0.027186825504144717,0.00020989413063745592,0.00020989413063745592,0.0001898678623839852
4,0.4,190,0.027286944474015244,0.0002261782275235146,0.0002261782275235146,0.0001889614607964758
4,0.4,191,0.027368924702121374,0.00022987194393785017,0.00022987194393785017,0.0001869397192400248
4,0.4,192,0.027483436641689115,0.0002468709473542141,0.00024687094735421417,0.00019249076231173625
4,0.4,193,0.027410134832260846,0.0001829026414733793,0.00018290264147337933,0.00018112795537880228
4,0.4,194,0.027275297223757558,0.0001995235887522253,0.0001995235887522253,0.00017939046995457526
4,0.4,195,0.027274703040364588,0.00019927960202473013,0.00019927960202473013,0.000175874943194992
4,0.4,196,0.02726887583253057,0.0001808023916777661,0.00016661894042369096,0.0001808023916777661
4,0.4,197,0.02740502680599784,0.00018505016503858,0.00016619014195138948,0.00018505016503858
4,0.4,198,0.027386713891204558,0.00018723323248173853,0.00017585159760215164,0.00018723323248173853
4,0.4,199,0.027518045407386442,0.00019859109591530055,0.00018171303313588107,0.00019859109591530055
4,0.4,200,0.02735516523912616,0.00019205106167115827,0.00018180207033688283,0.00019205106167115827
4,0.4,201,0.02712219589263297,0.00018557588096868697,0.00017875351919129388,0.00018557588096868697
4,0.4,202,0.027160003157024534,0.00020923330071466158,0.00020923330071466155,0.00018277821094423252
4,0.4,203,0.027288460909423176,0.00020193283332088237,0.00020193283332088237,0.0001898897406501265
4,0.4,204,0.02722732952595438,0.00020114625032230856,0.00020114625032230854,0.00018986091978032957
4,0.4,205,0.027118763368968228,0.00019564960067797998,0.00018558036704906868,0.00019564960067797998
4,0.4,206,0.02716872271110823,0.00020850217576413112,0.00020850217576413112,0.000192170007760098
4,0.4,207,0.0271977415759642,0.0002063710595678889,0.0002063710595678889,0.00018892411192811379
4,0.4,208,0.02738813579791135,0.00021486300736643456,0.00021486300736643454,0.0001955925783223663
4,0.4,209,0.02735991986704438,0.00023741570846883662,0.00023741570846883662,0.00019814907767572867
4,0.4,210,0.02754191308123072,0.00027652299825962375,0.0002765229982596238,0.00019793115390345334
4,0.4,211,0.02745921083348512,0.00025771478416036997,0.00025771478416036997,0.0001892070032299421
4,0.4,212,0.027453660553287098,0.00022576166314269377,0.00022576166314269375,0.00018838290482690035
4,0.4,213,0.027368664770472683,0.00023036789505690374,0.00023036789505690374,0.00019682506400453615
4,0.4,214,0.027321778139902216,0.00019377734518460368,0.00019377734518460368,0.000186371937257278
4,0.4,215,0.027517805357195543,0.000201140753676034,0.00016918390606996122,0.000201140753676034
4,0.4,216,0.02743858962719064,0.00020002256490197088,0.000190313149140905,0.00020002256490197088
4,0.4,217,0.02750092476189202,0.00019759960530573987,0.00018602500569866271,0.00019759960530573987
4,0.4,218,0.02739831992702113,0.0001898497361833374,0.00018107320936591406,0.0001898497361833374
4,0.4,219,0.02732225113378938,0.0001926298263847913,0.0001926298263847913,0.00018830258225497722
4,0.4,220,0.027458825603419244,0.00018239679404433956,0.00018239679404433954,0.00018145697462337572
4,0.4,221,0.027242924548295123,0.00018253606267828093,0.00016803450380025389,0.00018253606267828093
4,0.4,222,0.02725170579591271,0.00019725489509771937,0.00019725489509771937,0.00018541732056869293
4,0.4,223,0.027491009712276897,0.00023424621858884537,0.00023424621858884537,0.0001907075135751716
4,0.4,224,0.027440949971640486,0.00021559506088681549,0.00021559506088681546,0.00019494736631310575
4,0.4,225,0.02753038970673682,0.00022831340415317315,0.00022831340415317315,0.00019065743597837068
4,0.4,226,0.027454305309730743,0.00021369459986606183,0.00021369459986606183,0.00019463820039047653
4,0.4,227,0.027474167207768817,0.0002120667832135136,0.0002120667832135136,0.00019650775279865567
4,0.4,228,0.027332324742781338,0.0002094921591284831,0.00020949215912848307,0.0001927275418367166
4,0.4,229,0.027483287991227727,0.0001800001284055447,0.0001476372761975984,0.0001800001284055447
4,0.4,230,0.027454796982543776,0.00018886306168690704,0.00017048475481465768,0.00018886306168690704
4,0.4,231,0.027355386166614714,0.00019426996418567827,0.00018290939798035254,0.00019426996418567827
4,0.4,232,0.027397941574103215,0.00020302948859322377,0.00020302948859322377,0.0001957405624449044
4,0.4,233,0.02761000136372933,0.0001920742486957831,0.0001684614607968699,0.0001920742486957831
4,0.4,234,0.02773762030217136,0.00018731647707972946,0.00014644667473864148,0.00018731647707972946
4,0.4,235,0.027736456394155784,0.0002188141046538624,0.00021881410465386244,0.00019515183567254344
4,0.4,236,0.027646047032504895,0.0002410408783150799,0.00024104087831507988,0.00019581271885588328
4,0.4,237,0.027703335784856002,0.0002319930966494898,0.0002319930966494898,0.00019736323602941966
4,0.4,238,0.027596396468243616,0.0002531333139659219,0.00025313331396592184,0.00019759391765540815
4,0.4,239,0.027557395112757517,0.00021766113217420898,0.00021766113217420898,0.00019648607096082337
4,0.4,240,0.027515807324040506,0.00019205858260504087,0.00018239119581080993,0.00019205858260504087
4,0.4,241,0.02760015514737555,0.00019582430000857865,0.00019582430000857865,0.00019218269284944535
4,0.4,242,0.02759749567374522,0.00023992620530558618,0.0002399262053055862,0.00019340391552633221
4,0.4,243,0.02768683004394968,0.00020566285631491474,0.00020566285631491474,0.0001928780284221348
4,0.4,244,0.027707797425381094,0.00022730544129687217,0.00022730544129687214,0.00018918122734540738
4,0.4,245,0.027518431706594574,0.000187764392445484,0.00017912698058327923,0.000187764392445484
4,0.4,246,0.027642525408304672,0.00018869076543116226,0.00018514009165783088,0.00018869076543116226
4,0.4,247,0.02763575112723854,0.00019872973007602798,0.000190331812208088,0.00019872973007602798
4,0.4,248,0.02745705103223801,0.00019260960032763732,0.0001791149431613652,0.00019260960032763732
4,0.4,249,0.027525281870207988,0.00019889324523693962,0.0001988932452369396,0.00019278836650749988
4,0.4,250,0.027406247679554664,0.00018718957669975039,0.00018718957669975039,0.00018449899723746365
4,0.4,251,0.027423502673533644,0.00019132176939525754,0.00019132176939525757,0.00018439684734137285
4,0.4,252,0.027337549858040704,0.00019088712063257326,0.00019088712063257323,0.00018993497308398134
4,0.4,253,0.027440908483245045,0.00020470552445215332,0.00020470552445215332,0.00018420129015009212
4,0.4,254,0.027517493892974216,0.0001883916034653859,0.00017938178051639272,0.0001883916034653859
4,0.4,255,0.027406561463515992,0.0002006102554616925,0.00020061025546169248,0.00018833207123474858
4,0.4,256,0.02736509517139986,0.00020169606827074777,0.00020169606827074777,0.00018456103616888725
4,0.4,257,0.027400439700054402,0.00021975698684582743,0.00021975698684582746,0.0001880365727697969
4,0.4,258,0.027527242299263732,0.0001945526825814186,0.00019455268258141862,0.0001897557775382934
4,0.4,259,0.027679955644498697,0.00019546272174577144,0.00016541931320355552,0.00019546272174577144
4,0.4,260,0.027817390373126052,0.00019464996358425769,0.00019464996358425766,0.00019288320896694043
4,0.4,261,0.027826806676673303,0.00020068333025597925,0.00020068333025597925,0.0001902690483244
4,0.4,262,0.027614599266444006,0.00020986747315861066,0.00020986747315861066,0.0001885474549456049
4,0.4,263,0.02755246792662273,0.00018420263608276216,0.00018420263608276218,0.00018370038874163436
4,0.4,264,0.02760677077784206,0.00019892217975388978,0.00019892217975388976,0.0001890830488643483
4,0.4,265,0.02768811731678333,0.0002062254887664023,0.0002062254887664023,0.00018257953099876562
4,0.4,266,0.02762643889349621,0.00021825149935522073,0.00021825149935522076,0.0001946087514735534
4,0.4,267,0.027425536370372993,0.00019177733798872435,0.00019177733798872432,0.00018894092229391717
4,0.4,268,0.027795779477452206,0.0001908923301423561,0.00016774322982325766,0.0001908923301423561
4,0.4,269,0.0276764304681499,0.00018564660199532084,0.000181007539113754,0.00018564660199532084
4,0.4,270,0.027382271183750372,0.00022563764758087954,0.00022563764758087954,0.0001855599821404628
4,0.4,271,0.027633260743869573,0.00021583651985745066,0.00021583651985745066,0.00018813043589483735
4,0.4,272,0.027450158456005902,0.00018533656876061665,0.00016930236805667712,0.00018533656876061665
4,0.4,273,0.027324645124619833,0.00018346854104299244,0.0001697625431270549,0.00018346854104299244
4,0.4,274,0.027327250943724443,0.00018984675890363855,0.00018910320333816137,0.00018984675890363855
4,0.4,275,0.027544932083797023,0.00020032222155675204,0.00020032222155675201,0.0001916095036340507
4,0.4,276,0.027561347280665834,0.0001994191042926322,0.00019941910429263222,0.00018671887018034022
4,0.4,277,0.027553747865033576,0.00020112210334118164,0.00020112210334118164,0.00018988841691305953
4,0.4,278,0.027677449623974126,0.00020739654101477976,0.00020739654101477973,0.00019340798405917994
4,0.4,279,0.027517663946950956,0.0002200856780998269,0.00022008567809982688,0.00018990614879617286
4,0.4,280,0.027606084647153823,0.00023875108410076562,0.00023875108410076565,0.00019087606860422065
4,0.4,281,0.02734498738463306,0.00019793413462346885,0.00019793413462346885,0.00018863307176202596
4,0.4,282,0.02744911474034751,0.00019268250360301295,0.00018011918111513506,0.00019268250360301295
4,0.4,283,0.02736917876120628,0.00021366571028959413,0.00021366571028959413,0.0001855299184191174
4,0.4,284,0.027503469153747132,0.00019130399079149936,0.00019130399079149934,0.0001872196473666651
4,0.4,285,0.0274436290189713,0.0001985327573955261,0.0001985327573955261,0.00018319868807234273
4,0.4,286,0.027242874187476625,0.00019329739335590372,0.00019329739335590372,0.00018325188277330465
4,0.4,287,0.0273520999818604,0.00022359157316297217,0.00022359157316297214,0.00017906329534022008
4,0.4,288,0.02737613194578181,0.00024439610742347015,0.0002443961074234701,0.00018121318264939404
4,0.4,289,0.027405573603174825,0.00022047481629046333,0.00022047481629046335,0.00018510509100876798
4,0.4,290,0.027376888843630442,0.0002176870927311645,0.0002176870927311645,0.00018668280462069443
4,0.4,291,0.027316066428791034,0.00023624157964190865,0.00023624157964190863,0.00018333546104138057
4,0.4,292,0.0273365744143289,0.0002456026263810214,0.0002456026263810214,0.0001753392793889225
4,0.4,293,0.027274780646434137,0.00023131968400010638,0.00023131968400010635,0.0001798624732415202
4,0.4,294,0.02733770680443486,0.00022701226316084643,0.0002270122631608464,0.00019387331897216867
4,0.4,295,0.027382851074676563,0.00021938113687687528,0.00021938113687687528,0.00018893170288458242
4,0.4,296,0.027244181115919006,0.0002097794613041863,0.0002097794613041863,0.0001831854652815372
4,0.4,297,0.027254117530207338,0.00024925040905617106,0.00024925040905617106,0.00019442584522972773
4,0.4,298,0.0272285171197888,0.0002267792812795026,0.0002267792812795026,0.0001872634536802595
4,0.4,299,0.02729525007961915,0.0002015612636370227,0.0002015612636370227,0.0001846147532192736
4,0.4,300,0.02755104814164595,0.00018855240352071075,0.00017875637905287667,0.00018855240352071075
4,0.4,301,0.02742909562662921,0.0001832921556239844,0.00018228654563006707,0.0001832921556239844
4,0.4,302,0.02736973661136453,0.00017992986364643486,0.00017992986364643486,0.00017735599325271605
4,0.4,303,0.027364458336802344,0.0002482854645032262,0.0002482854645032262,0.00017798590106998544
4,0.4,304,0.027490062117111417,0.00020648439690244556,0.00020648439690244556,0.000182667783404579
4,0.4,305,0.02754775337309084,0.00023907723011115314,0.00023907723011115312,0.00018562191404369115
4,0.4,306,0.027508092528868253,0.00023635480910710467,0.00023635480910710467,0.00018564123876592498
4,0.4,307,0.02760862847559647,0.00026936391074252496,0.00026936391074252496,0.00018988252540418107
4,0.4,308,0.027537117545019297,0.0002685983047318804,0.00026859830473188035,0.00019341497383747186
4,0.4,309,0.02741522693179387,0.000241784080900046,0.00024178408090004598,0.00018665977481746845
4,0.4,310,0.02757250428664417,0.000222871596502991,0.000222871596502991,0.00018622533809691354
4,0.4,311,0.027406733812545308,0.0002269887394857984,0.0002269887394857984,0.0001848855374758205
4,0.4,312,0.027553317738039942,0.00022807084469604844,0.00022807084469604844,0.0001902758533561973
4,0.4,313,0.02744638466446887,0.0001973886891077041,0.0001973886891077041,0.00018418048867402956
4,0.4,314,0.027384613806576294,0.00024173787023982156,0.00024173787023982156,0.00019091147403355927
4,0.4,315,0.027633136585178655,0.00023075902951148327,0.00023075902951148324,0.00018635864380366817
4,0.4,316,0.027532353656219748,0.00022378252965457896,0.00022378252965457894,0.00019069146857940186
4,0.4,317,0.027422469953492304,0.0002602487254718699,0.00026024872547186984,0.00018956748140998305
4,0.4,318,0.027380961402374195,0.00024655749441003066,0.00024655749441003066,0.0001897314445953534
4,0.4,319,0.027194738418942533,0.0002348157884852269,0.0002348157884852269,0.00018782492112774812
4,0.4,320,0.027404826297301517,0.000244795714849999,0.000244795714849999,0.00019773591930607264
4,0.4,321,0.02736961970994606,0.00026400452501921997,0.00026400452501922,0.00019151154544762183
4,0.4,322,0.027280461555532296,0.000235815631940614,0.000235815631940614,0.0001871663256650183
4,0.4,323,0.027391353717235268,0.00021353011045578267,0.0002135301104557827,0.00018538501856109275
4,0.4,324,0.027127972974679646,0.00022202585596157914,0.00022202585596157914,0.00018362395128195056
4,0.4,325,0.027323953101854093,0.00018452484035994467,0.00018452484035994467,0.00018422538775090446
4,0.4,326,0.02740085015227909,0.00021509570903934248,0.0002150957090393425,0.00018301617033610474
4,0.4,327,0.027431409679860037,0.00021174485547512616,0.00021174485547512613,0.00018582915361922694
4,0.4,328,0.027302201875058517,0.00020847187107779193,0.0002084718710777919,0.00018599218794434247
4,0.4,329,0.027205454082497634,0.00018692579782949364,0.00018692579782949364,0.00017712220026624108
4,0.4,330,0.027203581394611872,0.00023187969272600882,0.00023187969272600882,0.0001737941695066727
4,0.4,331,0.027242827673588946,0.00025245199957806236,0.00025245199957806236,0.0001851986870810259
4,0.4,332,0.027321820683652912,0.00023823711673870974,0.00023823711673870977,0.00017775014775464897
4,0.4,333,0.027210836262736418,0.00022265432311384224,0.00022265432311384224,0.00018409264933094512
4,0.4,334,0.027426685783754245,0.00019309137060926756,0.00019309137060926756,0.00018080541576434288
4,0.4,335,0.02730176426366947,0.0002159304889477078,0.00021593048894770782,0.00017973501800193868
4,0.4,336,0.02723473107187902,0.00017967963829049598,0.0001746019500435776,0.00017967963829049598
4,0.4,337,0.02736054460448983,0.00019103120422973548,0.00019103120422973545,0.0001784528278503998
4,0.4,338,0.027255810876699624,0.0002132422931336833,0.00021324229313368328,0.0001774476854688511
4,0.4,339,0.02722850618743311,0.00026705849781637767,0.00026705849781637767,0.00018091830530680446
4,0.4,340,0.027232231805474166,0.00024080517665420472,0.00024080517665420472,0.00018024680416016325
4,0.4,341,0.027438183861548424,0.0002431436152374839,0.0002431436152374839,0.00018342899039225502
4,0.4,342,0.027319249744804628,0.00023360756874232346,0.00023360756874232346,0.000181496450098905
4,0.4,343,0.027346179751618883,0.00021951727110467158,0.00021951727110467158,0.00018247264062808886
4,0.4,344,0.027461545101019783,0.0002165331532103327,0.0002165331532103327,0.00018252011435386617
4,0.4,345,0.02738988063487187,0.0002011775372404271,0.0002011775372404271,0.0001786280720297443
4,0.4,346,0.027385055426797714,0.00023718287652832034,0.0002371828765283203,0.00018597596207509627
4,0.4,347,0.027382542083118057,0.00021093398772539887,0.00021093398772539887,0.00018738168817388704
4,0.4,348,0.027497944540553054,0.00024072397212829117,0.00024072397212829117,0.00018346380737566998
4,0.4,349,0.027354284593408038,0.00022191565362780853,0.00022191565362780853,0.000182449528218298
4,0.4,350,0.027537674382231005,0.00023257832748211702,0.000232578327482117,0.00018412015153695312
4,0.4,351,0.02748457501791118,0.0002405881575098515,0.00024058815750985148,0.00018636963337170277
4,0.4,352,0.02735713219612379,0.00022443007588626853,0.0002244300758862685,0.00019361400130465714
4,0.4,353,0.027441151385505517,0.0002807635156936352,0.00028076351569363526,0.0001876677835487289
4,0.4,354,0.02746216690662608,0.00023843154855644183,0.00023843154855644183,0.0001889498208576842
4,0.4,355,0.027433767562223894,0.00023921719450091937,0.0002392171945009194,0.00018718852089178259
4,0.4,356,0.02744159888558802,0.0001994973777409156,0.0001994973777409156,0.0001920946780014561
4,0.4,357,0.02751303390513315,0.00019575310512321716,0.00019186719303226397,0.00019575310512321716
4,0.4,358,0.027272622789576907,0.0001989679478269135,0.0001989679478269135,0.00019126137595749834
4,0.4,359,0.027304386023838275,0.00019483432860744742,0.00019451572066816707,0.00019483432860744742
4,0.4,360,0.027355292398472685,0.0001908468003959183,0.00017103721759354702,0.0001908468003959183
4,0.4,361,0.02743391746472631,0.00018720526478886265,0.00018720526478886262,0.00018683275142209905
4,0.4,362,0.027430061799131687,0.000223518885490166,0.00022351888549016597,0.00018741792451846802
4,0.4,363,0.02760657762012666,0.0002655289863184255,0.0002655289863184255,0.00018688838805241137
4,0.4,364,0.02751150466696998,0.0002529936885610645,0.0002529936885610646,0.00018651609731708786
4,0.4,365,0.027476598540212078,0.0002402992340639354,0.0002402992340639354,0.0001897058240036225
4,0.4,366,0.027185567702318315,0.0002728555411027998,0.00027285554110279984,0.0001928739735450308
4,0.4,367,0.027389406387735078,0.00026096401263372347,0.0002609640126337234,0.000193155090612141
4,0.4,368,0.02740144680287393,0.00023096581349475243,0.00023096581349475243,0.0001891393271901841
4,0.4,369,0.02742371749323929,0.00023835352094302267,0.00023835352094302267,0.00018239976383696362
4,0.4,370,0.027380660772320077,0.00022879576139455974,0.00022879576139455974,0.00018559092530602236
4,0.4,371,0.027357638520724075,0.00022511766927501916,0.00022511766927501916,0.00018904506638008528
4,0.4,372,0.027297032203094297,0.00018953416214780963,0.00018953416214780963,0.0001893561645092119
4,0.4,373,0.027378352704478467,0.00022286903334267898,0.00022286903334267898,0.0001913392108002832
4,0.4,374,0.02741143128841389,0.00020021813151035905,0.00020021813151035903,0.00018907798409338955
4,0.4,375,0.027506620702938127,0.00021111880078971708,0.00021111880078971708,0.00019018655672354962
4,0.4,376,0.027377980013487478,0.0002325488819817308,0.00023254888198173077,0.0001933657820396067
4,0.4,377,0.027413725607386433,0.00023028198989121304,0.00023028198989121307,0.00018951241291446195
4,0.4,378,0.0273510947342002,0.00022772450029388326,0.00022772450029388323,0.00019111218644680698
4,0.4,379,0.027408666439162992,0.0002542414589701367,0.0002542414589701367,0.0001871952708128319
4,0.4,380,0.02758590740396212,0.00024947133469142537,0.0002494713346914253,0.00019612273788296078
4,0.4,381,0.02768136356016496,0.0002276250404950679,0.0002276250404950679,0.000191683449201758
4,0.4,382,0.02754531842471573,0.00022555146854078229,0.00022555146854078229,0.00019082846041320597
4,0.4,383,0.027511318188328072,0.0002238369717854533,0.0002238369717854533,0.0001965862114963566
4,0.4,384,0.027598607278247384,0.00022169650549289379,0.00022169650549289379,0.00019668820071313227
4,0.4,385,0.027564044711789717,0.00023744186961438123,0.0002374418696143812,0.00018984095095909775
4,0.4,386,0.027685435938258354,0.00025729500536228364,0.00025729500536228364,0.0001887055283171867
4,0.4,387,0.027516849218680382,0.0002691843065037967,0.0002691843065037967,0.00019202250004411871
4,0.4,388,0.02746912954839091,0.00025703605756652044,0.00025703605756652044,0.00018960522705407294
4,0.4,389,0.027285501002346405,0.0002157511004143833,0.0002157511004143833,0.0001893543251973157
4,0.4,390,0.02755991074358172,0.00020059239864887192,0.0002005923986488719,0.0001962654344751549
4,0.4,391,0.02758430515086337,0.0002030726750700759,0.00020307267507007587,0.0001992648319098709
4,0.4,392,0.027603816686990378,0.00020420853980861599,0.00020420853980861599,0.00019558660532167674
4,0.4,393,0.027443356367347564,0.00019418721064070943,0.00018771598330033704,0.00019418721064070943
4,0.4,394,0.027347560654324587,0.0002320149439337472,0.0002320149439337472,0.0001889344255340843
4,0.4,395,0.02722143002056968,0.0002170499897355726,0.0002170499897355726,0.0001844005325024725
4,0.4,396,0.027281422781680012,0.00022108709383945215,0.00022108709383945215,0.00018864662323681472
4,0.4,397,0.02737459297598345,0.00023376694981899776,0.00023376694981899778,0.00018865454312008313
4,0.4,398,0.027429039951267883,0.00023892217570078666,0.00023892217570078663,0.00019369418909280056
4,0.4,399,0.027424402895514635,0.00021620497059776845,0.00021620497059776845,0.00019633092835109049
4,0.4,400,0.027404109317472464,0.00021908146953879886,0.00021908146953879883,0.0001888755546107709
4,0.4,401,0.02735783305454431,0.00023426067518238092,0.0002342606751823809,0.0001835282386849043
4,0.4,402,0.02749314141714835,0.00023573604620624896,0.00023573604620624893,0.0001837930281679087
4,0.4,403,0.027494230639368098,0.00025459886005587545,0.00025459886005587545,0.00018500425821300754
4,0.4,404,0.027594012005355203,0.0002392671251381402,0.0002392671251381402,0.00017980468344985619
4,0.4,405,0.02754909140025154,0.0002536528408388914,0.0002536528408388914,0.0001807971219459752
4,0.4,406,0.027317910035063165,0.00024408247472208335,0.00024408247472208335,0.00018291142150946788
4,0.4,407,0.027440504295421272,0.00020887591474624245,0.00020887591474624245,0.00018987342707868483
4,0.4,408,0.027533192805835164,0.00020757335952625608,0.00020757335952625606,0.00018899084093669738
4,0.4,409,0.027508931933607164,0.00020532040818547906,0.00020532040818547906,0.0001856191964843841
4,0.4,410,0.0272769520316189,0.00019510024869516282,0.0001951002486951628,0.00018416788040820787
4,0.4,411,0.027350598348755906,0.0001896538900305647,0.0001701387922001903,0.0001896538900305647
4,0.4,412,0.027442240997772628,0.00019308544890340315,0.0001782990864781195,0.00019308544890340315
4,0.4,413,0.027327622731387682,0.0001858338581747777,0.00017322910544070495,0.0001858338581747777
4,0.4,414,0.027353834090097732,0.00019745312654584126,0.00019745312654584124,0.00018573683818955095
4,0.4,415,0.02716385723280128,0.0001853969857410063,0.0001853969857410063,0.00018427116715235536
4,0.4,416,0.027212154379450793,0.00021778225366908018,0.00021778225366908015,0.0001836060444965894
4,0.4,417,0.027277375107666764,0.00022267035269095563,0.00022267035269095566,0.00018550376098587038
4,0.4,418,0.027161561603569636,0.00024066962506146604,0.00024066962506146602,0.00018145618886834195
4,0.4,419,0.02711553309668665,0.0002136231216865619,0.0002136231216865619,0.00018395258310936445
4,0.4,420,0.027027019137176266,0.00021703199707303968,0.00021703199707303968,0.000174918276358243
4,0.4,421,0.02705965405813607,0.0002297968135905809,0.0002297968135905809,0.00017103036339396498
4,0.4,422,0.027255075803512194,0.0002042982146115742,0.00020429821461157417,0.0001801014253475921
4,0.4,423,0.027271910244913544,0.0001894686781145426,0.0001894686781145426,0.00018029156523024725
4,0.4,424,0.02730833605207118,0.00018991318780211568,0.00017007070111558844,0.00018991318780211568
4,0.4,425,0.027311649580116965,0.00021032751083197544,0.00021032751083197544,0.0001863262409331796
4,0.4,426,0.027310474966617048,0.000255715790791807,0.000255715790791807,0.00018383345205951558
4,0.4,427,0.027590897359864808,0.0003031463096651777,0.00030314630966517763,0.00018414445725530455
4,0.4,428,0.027554620515737607,0.000303609021189142,0.000303609021189142,0.00018849339214627807
4,0.4,429,0.027547729176266737,0.00030393456878282163,0.0003039345687828216,0.00019167466581847015
4,0.4,430,0.02738764796803308,0.0002503490848770263,0.00025034908487702633,0.00019389413423921448
4,0.4,431,0.02749392021366129,0.00022665453731460634,0.00022665453731460637,0.0001933790315500926
4,0.4,432,0.02747830160361213,0.00020546424499057675,0.00020546424499057675,0.0001908630081107669
4,0.4,433,0.027522744249729666,0.00021592956302254846,0.00021592956302254846,0.0001888228691406579
4,0.4,434,0.027508648273628686,0.00025718222961035943,0.00025718222961035943,0.00018563959186327812
4,0.4,435,0.02751543805314841,0.00027096874648705426,0.00027096874648705426,0.00019255565336941292
4,0.4,436,0.02749527593598525,0.0002478399425125272,0.0002478399425125272,0.00019489994698918613
4,0.4,437,0.027587685054540765,0.0002780687836386337,0.0002780687836386337,0.0001992804568801917
4,0.4,438,0.027463475385649132,0.00026880781593285766,0.00026880781593285766,0.00019933586053665187
4,0.4,439,0.027509140671247472,0.00027311241155985764,0.00027311241155985764,0.00019738850980670732
4,0.4,440,0.027594067022197178,0.00025418363568855936,0.00025418363568855936,0.00019302051999624083
4,0.4,441,0.027615350066254585,0.00023290703766996437,0.00023290703766996437,0.00018882908022426677
4,0.4,442,0.02756209108335892,0.00020630281629030082,0.0002063028162903008,0.00019210015810710372
4,0.4,443,0.02738364834833864,0.0002178769987780946,0.00021787699877809464,0.0001866711506153938
4,0.4,444,0.02716955756905613,0.00021637494289994998,0.00021637494289994998,0.00018419700769085214
4,0.4,445,0.027116435108425766,0.0001953400814580399,0.00019534008145803992,0.00019049413362511326
4,0.4,446,0.02724874639453212,0.00018483298988613195,0.00017437341883764295,0.00018483298988613195
4,0.4,447,0.027309757032454345,0.00017918592513356806,0.00017353481469822453,0.00017918592513356806
4,0.4,448,0.02731620833015426,0.00018127021743874556,0.00015890658334902406,0.00018127021743874556
4,0.4,449,0.027369272627373615,0.00019992698220048312,0.00019992698220048312,0.00018806027334935198
4,0.4,450,0.027440219344266676,0.00019040768264037115,0.00018713841677059497,0.00019040768264037115
4,0.4,451,0.027364353523381395,0.00021848202347758325,0.00021848202347758325,0.00019014113781946993
4,0.4,452,0.02757797717609089,0.00022391780101849103,0.000223917801018491,0.00019395040752387128
4,0.4,453,0.027667853101646985,0.00020859607665243952,0.00020859607665243952,0.00019142160987958094
4,0.4,454,0.027815400290438365,0.00022341881625616414,0.00022341881625616416,0.00019259642671128462
4,0.4,455,0.02775068261090531,0.00019524482713343267,0.00019524482713343267,0.00019413043887970803
4,0.4,456,0.027646446097704717,0.0001913444512114448,0.00017907732085221603,0.0001913444512114448
4,0.4,457,0.027637977320474794,0.00021092601830279,0.00021092601830278998,0.00019098129250206568
4,0.4,458,0.02776096650632478,0.0002137951911124419,0.0002137951911124419,0.00018990619724288811
4,0.4,459,0.02774740779239467,0.00022018590686775764,0.00022018590686775764,0.00019623287477953363
4,0.4,460,0.02765584164096185,0.00023750943346846442,0.00023750943346846442,0.00019981198686325798
4,0.4,461,0.027701764399898764,0.00022193365029451765,0.00022193365029451762,0.00019998852814874776
4,0.4,462,0.027650297920092007,0.00021890759532610293,0.00021890759532610296,0.00019568385092293342
4,0.4,463,0.027595198348938095,0.00023668926825872719,0.0002366892682587272,0.00019475865520531997
4,0.4,464,0.027577038127179706,0.00021806088852625229,0.00021806088852625229,0.0001938654183879983
4,0.4,465,0.027644020899582077,0.00021124769903127795,0.00021124769903127795,0.00019402856660126838
4,0.4,466,0.027509443449298978,0.0002167640467323158,0.0002167640467323158,0.00019466734800700343
4,0.4,467,0.02750281683200433,0.00022248523221814643,0.0002224852322181464,0.00019068927268875793
4,0.4,468,0.027463365626505858,0.00022177334666266885,0.00022177334666266885,0.0001959255909766555
4,0.4,469,0.027447860304723452,0.00019886116972977282,0.00019886116972977284,0.00019458271133379149
4,0.4,470,0.02755152320215705,0.00024498644593695966,0.0002449864459369596,0.0001942480754418923
4,0.4,471,0.027570508057074148,0.0002731335489348865,0.0002731335489348865,0.00018996994100878582
4,0.4,472,0.02752469292891789,0.00023779564777605755,0.00023779564777605758,0.00019092020043027984
4,0.4,473,0.027366901610348496,0.00020287786252230135,0.00020287786252230135,0.00018702151809638987
4,0.4,474,0.027525596225686202,0.00023260272668870893,0.00023260272668870893,0.0001908628787021012
4,0.4,475,0.027503066972065168,0.00022220532849400446,0.00022220532849400446,0.00019225709700206262
4,0.4,476,0.02771693904730029,0.00027595799159154847,0.00027595799159154847,0.00018962753056437563
4,0.4,477,0.02752057289279419,0.00025261255243365675,0.00025261255243365675,0.00018900938185845633
4,0.4,478,0.027562781072183518,0.0002271595661641444,0.0002271595661641444,0.00019057421454854066
4,0.4,479,0.027665781567689497,0.0002263383163308995,0.0002263383163308995,0.00019474706702589964
4,0.4,480,0.027509964807657248,0.00022638718393646785,0.00022638718393646782,0.00019377492093323006
4,0.4,481,0.02764801599017917,0.00023928479668526695,0.00023928479668526692,0.0001989984911273893
4,0.4,482,0.027683538206555964,0.00026475278972099394,0.00026475278972099394,0.0001987950492385127
4,0.4,483,0.027784566971274,0.00026252309694031875,0.00026252309694031875,0.00019260090501470239
4,0.4,484,0.02782347360180089,0.00030455423560210495,0.00030455423560210495,0.00019711861596839186
4,0.4,485,0.02775707810826604,0.0002890672414054612,0.00028906724140546127,0.00019430651361384115
4,0.4,486,0.027689699904665622,0.0002705265774544146,0.0002705265774544146,0.00019350800886519135
4,0.4,487,0.027527331679483534,0.0002906200892946982,0.0002906200892946982,0.00019810098331479826
4,0.4,488,0.027891702668693334,0.0002881004492512434,0.0002881004492512435,0.00020038133110370296
4,0.4,489,0.028134147749063542,0.00024737222419113613,0.00024737222419113613,0.00019965549673392247
4,0.4,490,0.028008359250710425,0.00024381578899997577,0.00024381578899997574,0.00020293744284598282
4,0.4,491,0.027968432656343203,0.0002332860454027464,0.0002332860454027464,0.00019549263022956416
4,0.4,492,0.027841879556039836,0.00022281938124310712,0.00022281938124310715,0.00019681766061041637
4,0.4,493,0.0278061312250059,0.00025047045752896906,0.00025047045752896906,0.00019736946710466994
4,0.4,494,0.027657055986978242,0.00025307923445611036,0.00025307923445611036,0.0001945084508218473
4,0.4,495,0.027706726695368385,0.0002611184076405998,0.00026111840764059973,0.00019573952753567227
4,0.4,496,0.027607195237879776,0.0002917627315396432,0.0002917627315396432,0.00020091309451715283
4,0.4,497,0.027694808329879472,0.00026063883916704086,0.00026063883916704086,0.00020050404846722115
4,0.4,498,0.027411133450347715,0.00023375805597734028,0.00023375805597734028,0.00019504197649436987
4,0.4,499,0.027673567919610717,0.00023885333496217274,0.00023885333496217274,0.00019077959543690716
4,0.4,500,0.027586728510649274,0.00022880575750426675,0.00022880575750426675,0.00019111707629776534
4,0.5,0,0.08236788551891856,0.00025136392093216565,0.00025136392093216565,0.00025071188036678406
4,0.5,1,0.05010794925319927,0.0002612167915426945,0.0002612167915426945,0.0002471456758036716
4,0.5,2,0.03987556211434985,0.00024194859999607696,0.00021586197620265395,0.00024194859999607696
4,0.5,3,0.03503161096536989,0.0002316636836906628,0.00020209869840250185,0.0002316636836906628
4,0.5,4,0.0322981344413736,0.0002187380174367322,0.0002187380174367322,0.00021426475918074014
4,0.5,5,0.030542119471412294,0.00021904838672956865,0.00021904838672956868,0.00019945375196376804
4,0.5,6,0.02947562054829102,0.00020181630553039326,0.00020181630553039326,0.00019694192035070728
4,0.5,7,0.028533872673254575,0.00023590142175661146,0.0002359014217566115,0.00019515278093029775
4,0.5,8,0.028195049249458606,0.00022314335852950966,0.00022314335852950968,0.00019064324593795866
4,0.5,9,0.02783097607311873,0.0001940180763409579,0.00017707775947409368,0.0001940180763409579
4,0.5,10,0.02759237894397761,0.00019260662364526895,0.0001747392920895668,0.00019260662364526895
4,0.5,11,0.0275015466258602,0.00019385295670268612,0.00019385295670268612,0.00018705614260439306
4,0.5,12,0.027118330175011703,0.00020733173055293794,0.0002073317305529379,0.00018907872329524124
4,0.5,13,0.027063157809610758,0.00020708538845466308,0.00020708538845466308,0.00018206453659975704
4,0.5,14,0.02681019883540327,0.00018815309550817574,0.0001881530955081757,0.00017811534530741912
4,0.5,15,0.02699402702731253,0.00018004621383133337,0.00015504405917317449,0.00018004621383133337
4,0.5,16,0.026945969028559492,0.0002204211516721034,0.0002204211516721034,0.00018715665708542647
4,0.5,17,0.027135912139757815,0.00018573023121545143,0.00015664048592788652,0.00018573023121545143
4,0.5,18,0.02704954599653935,0.00018839379582125506,0.00018839379582125506,0.00017819636439792813
4,0.5,19,0.027032667419226882,0.00020317103959577903,0.00020317103959577903,0.00017631117701630828
4,0.5,20,0.026746459530396487,0.00018873855321428952,0.00018873855321428952,0.0001718585556482474
4,0.5,21,0.026635955119100756,0.00019784737890610662,0.0001978473789061066,0.0001766187892522513
4,0.5,22,0.026761328409602284,0.00024732467920655563,0.00024732467920655563,0.0001839787358125662
4,0.5,23,0.02672411467210019,0.0002176139508469241,0.0002176139508469241,0.00017449611119859079
4,0.5,24,0.026716176371922137,0.0001999125068715437,0.00019991250687154369,0.00017660716149757875
4,0.5,25,0.026953720784645394,0.0002325966269389485,0.0002325966269389485,0.00018224477496825943
4,0.5,26,0.02695500435522191,0.00019815304685558954,0.00019815304685558952,0.00017585613908417607
4,0.5,27,0.026991844066061664,0.00017900540559822882,0.00017900540559822882,0.0001754926769872921
4,0.5,28,0.027028819752937205,0.0001889745285082925,0.00018897452850829248,0.0001756250298247516
4,0.5,29,0.026919161231360365,0.00018461086721223484,0.00018461086721223484,0.0001797297102888838
4,0.5,30,0.026901273435389166,0.00017927994522925198,0.00017351538003730006,0.00017927994522925198
4,0.5,31,0.02671034335797808,0.00017794705160053395,0.0001391558438900722,0.00017794705160053395
4,0.5,32,0.026953318652096735,0.00018260971209592725,0.0001641932140168505,0.00018260971209592725
4,0.5,33,0.026908142867708394,0.00018736840395355278,0.00018736840395355278,0.00017490378922245902
4,0.5,34,0.026715896307029637,0.00017768073755348613,0.00017768073755348613,0.00016982821651493826
4,0.5,35,0.026628806372789717,0.00016852402800979075,0.00016321461848604036,0.00016852402800979075
4,0.5,36,0.026591379788735665,0.0001950957235913818,0.0001950957235913818,0.0001750841363629551
4,0.5,37,0.026586078383120933,0.00020745404198324277,0.00020745404198324277,0.00017615613102545555
4,0.5,38,0.02670824901347983,0.00018465058833811107,0.00018465058833811105,0.00018011226388814678
4,0.5,39,0.026680640503121977,0.00018068059355242822,0.00016333933509771263,0.00018068059355242822
4,0.5,40,0.026704266559954934,0.00018043649582623604,0.00018043649582623607,0.00017730145688670234
4,0.5,41,0.026594585138726413,0.00018835243282999532,0.00018835243282999532,0.00017928251429415033
4,0.5,42,0.026568161200991335,0.00018001552811191957,0.00018001552811191954,0.00017197815414497848
4,0.5,43,0.026613967398358786,0.0001833971218639777,0.0001833971218639777,0.00017619314533368953
4,0.5,44,0.026627772158194455,0.00017562291835586567,0.00016657470118823308,0.00017562291835586567
4,0.5,45,0.026617282663847122,0.00020339188128205068,0.00020339188128205068,0.00017209998517427283
4,0.5,46,0.02688400566299099,0.000189811087131272,0.00018981108713127197,0.00017738440507928014
4,0.5,47,0.026934040317967936,0.00019048510021785613,0.00019048510021785613,0.00017849851006285938
4,0.5,48,0.026848311941624105,0.00017669665371353662,0.0001733200566991421,0.00017669665371353662
4,0.5,49,0.026680901641014245,0.00018483134975930422,0.00017964380588894442,0.00018483134975930422
4,0.5,50,0.02636523638475693,0.00021845467444667806,0.00021845467444667806,0.00018159925225857016
4,0.5,51,0.026522805707713756,0.00024116619809633452,0.0002411661980963345,0.0001773383388204547
4,0.5,52,0.02647497696350354,0.00019090056475104802,0.000190900564751048,0.00017793335623430688
4,0.5,53,0.026553190117347657,0.0001723116645652715,0.00015029368832660068,0.0001723116645652715
4,0.5,54,0.026593373259132243,0.00017302450343501834,0.00016849788402597868,0.00017302450343501834
4,0.5,55,0.026512114005783138,0.0001743879812816397,0.00015983831287726794,0.0001743879812816397
4,0.5,56,0.026351532623341778,0.0001780624902104166,0.00016192365392668465,0.0001780624902104166
4,0.5,57,0.02633948018194241,0.00018706913782461158,0.00018269827834825267,0.00018706913782461158
4,0.5,58,0.026330363873546907,0.00017883247659505178,0.00017883247659505178,0.00017327735608195591
4,0.5,59,0.026239577205165027,0.00017168610636911466,0.0001491188857107182,0.00017168610636911466
4,0.5,60,0.026388162119678274,0.00017546675644319407,0.00015112154750134522,0.00017546675644319407
4,0.5,61,0.0262579071007194,0.00018000062685959666,0.00018000062685959669,0.00017195932864394172
4,0.5,62,0.026338356113522577,0.00019616095274617958,0.00019616095274617958,0.0001711691827000752
4,0.5,63,0.026471342355178132,0.00019267316841058602,0.00019267316841058604,0.0001819750075792956
4,0.5,64,0.026560088927566946,0.00022264645658626569,0.00022264645658626566,0.00018346340204123993
4,0.5,65,0.02662286646820764,0.00020726580434704314,0.00020726580434704311,0.00018464249166255117
4,0.5,66,0.026921470676651297,0.00021179087137298988,0.00021179087137298988,0.00018220193245326505
4,0.5,67,0.026717436487836747,0.0001845651066153847,0.0001744041538737512,0.0001845651066153847
4,0.5,68,0.026858039204973965,0.00018979768431946794,0.00018077903198605036,0.00018979768431946794
4,0.5,69,0.026830250439715837,0.00019365435006153033,0.0001936543500615303,0.00019148416168823654
4,0.5,70,0.026679461341124564,0.00017622554829191706,0.00014949529446352724,0.00017622554829191706
4,0.5,71,0.02667986925433284,0.0001786450428390914,0.00017413764300911635,0.0001786450428390914
4,0.5,72,0.02671172588392496,0.000187689034857277,0.000187689034857277,0.00017596639879982736
4,0.5,73,0.02659370994878234,0.00017988317990280157,0.000173574024373974,0.00017988317990280157
4,0.5,74,0.026689387659326276,0.00018041458387505204,0.00016095984665652897,0.00018041458387505204
4,0.5,75,0.026593621072353493,0.00017773489549104184,0.00015500337703214592,0.00017773489549104184
4,0.5,76,0.026546890619023638,0.00017835572921580652,0.00016203487662600497,0.00017835572921580652
4,0.5,77,0.02641782884455912,0.00017930958950484397,0.00017535254270498383,0.00017930958950484397
4,0.5,78,0.026577937566792064,0.00019949380805186253,0.00019949380805186253,0.0001784487388236399
4,0.5,79,0.026618610168821336,0.00019875577401522093,0.00019875577401522093,0.00018040107801297933
4,0.5,80,0.026558295149099156,0.00022148324962892538,0.0002214832496289254,0.00017309558744909822
4,0.5,81,0.026593808525365407,0.00021471998842692623,0.00021471998842692623,0.0001771429178719457
4,0.5,82,0.02647303195202658,0.000198642747377642,0.000198642747377642,0.0001790274751386986
4,0.5,83,0.02670208201639667,0.0001862124790286464,0.0001760017931809042,0.0001862124790286464
4,0.5,84,0.02690972131234199,0.0001948068651291749,0.00019480686512917493,0.00018930792008235272
4,0.5,85,0.026856753489592388,0.0001935893291549159,0.0001916310179928576,0.0001935893291549159
4,0.5,86,0.02693719420402611,0.000198007389344781,0.000198007389344781,0.00018270284438247906
4,0.5,87,0.026989325253572723,0.0002230242298106969,0.00022302422981069686,0.00019313375204672221
4,0.5,88,0.026919279171178766,0.00019408873680449914,0.00019408873680449912,0.0001892725508127963
4,0.5,89,0.027095277043120942,0.00018993264162439798,0.00016094431678351576,0.00018993264162439798
4,0.5,90,0.027089792103156516,0.0001895928592618065,0.0001621188307865252,0.0001895928592618065
4,0.5,91,0.026981270323480907,0.000184025212450099,0.00015743568849675585,0.000184025212450099
4,0.5,92,0.02697471896671958,0.00018754683417321225,0.00016947889906758092,0.00018754683417321225
4,0.5,93,0.02700337265877488,0.00018963253863674227,0.00018963253863674224,0.0001891861487216376
4,0.5,94,0.026682365361469375,0.0001850686729920058,0.000141562061026977,0.0001850686729920058
4,0.5,95,0.026746400983356986,0.00018084180048576708,0.00015677125411171176,0.00018084180048576708
4,0.5,96,0.02690686989422538,0.00020817098149419265,0.00020817098149419262,0.00018074416417535852
4,0.5,97,0.027035121017785477,0.00018643636198162886,0.00018643636198162886,0.00018165157307622687
4,0.5,98,0.02690868145666467,0.00018390865352723788,0.00018390865352723785,0.0001785192194599542
4,0.5,99,0.0267315178693144,0.00018434060385415753,0.00015909432773927653,0.00018434060385415753
4,0.5,100,0.02677137503167163,0.00018469298645311987,0.00017201003942102976,0.00018469298645311987
4,0.5,101,0.026853613453279617,0.00018320072655903576,0.0001574743921787399,0.00018320072655903576
4,0.5,102,0.0269145847133094,0.00017800068252229353,0.00016037227756182646,0.00017800068252229353
4,0.5,103,0.027018876156766302,0.00017932668008061644,0.0001585920488388693,0.00017932668008061644
4,0.5,104,0.027225955123882272,0.00018407895220017668,0.00018407895220017668,0.0001776744200195068
4,0.5,105,0.027158827280217405,0.00021106527695792914,0.00021106527695792914,0.00018225980721595295
4,0.5,106,0.02693205687486594,0.00021743578046540702,0.00021743578046540702,0.00018568338340834876
4,0.5,107,0.02684343976993604,0.00018465355378366908,0.00018465355378366905,0.00017622739191406117
4,0.5,108,0.02679807631686638,0.00017977091110597308,0.00015539091718718621,0.00017977091110597308
4,0.5,109,0.02655050398398706,0.00018429064679236266,0.00018429064679236266,0.00017493989012853825
4,0.5,110,0.02637300824619018,0.00017254505293794748,0.00016952533454325973,0.00017254505293794748
4,0.5,111,0.026415255991844806,0.00018584319412688583,0.00018584319412688583,0.0001633302552146112
4,0.5,112,0.026557193433556257,0.00020205443997672068,0.00020205443997672068,0.00016988667671790915
4,0.5,113,0.026667935052001414,0.0001985660818353615,0.0001985660818353615,0.0001677541634690275
4,0.5,114,0.026796541967828748,0.00018680645760224055,0.00018680645760224055,0.00017632046278043576
4,0.5,115,0.026976255065606566,0.00019370790541017887,0.00019370790541017884,0.00018037503544685336
4,0.5,116,0.026842357127081187,0.00020845151526101085,0.00020845151526101085,0.00017956281232108897
4,0.5,117,0.02667912119225556,0.00018005365519076658,0.00017731520198602558,0.00018005365519076658
4,0.5,118,0.026702932425417526,0.00018289842517441143,0.00018289842517441146,0.00017512731731096032
4,0.5,119,0.026581472751280814,0.0001861461481646395,0.0001861461481646395,0.0001741400774603074
4,0.5,120,0.02665842654350948,0.00018855167147776168,0.00018855167147776168,0.00017357210534543207
4,0.5,121,0.026441930885465335,0.00022254883118808048,0.00022254883118808048,0.00017606884846433303
4,0.5,122,0.02649572093769547,0.00021147997251869737,0.0002114799725186974,0.00017365316828336976
4,0.5,123,0.026511373770214796,0.00021687477817341176,0.00021687477817341176,0.00017358540392357875
4,0.5,124,0.02666125029493017,0.00020797778439766626,0.00020797778439766626,0.00017681572195080345
4,0.5,125,0.026580690405982158,0.00019098551986269384,0.00019098551986269384,0.0001754925909305923
4,0.5,126,0.02669026822322976,0.00019059862055770507,0.0001905986205577051,0.00017802349328231785
4,0.5,127,0.026601606463169447,0.0001779202863259003,0.0001545303364895685,0.0001779202863259003
4,0.5,128,0.02656034772077821,0.00017230512663618934,0.0001667017278519389,0.00017230512663618934
4,0.5,129,0.026502814783764983,0.00017081829665132676,0.00017053703213667772,0.00017081829665132676
4,0.5,130,0.026566709383919213,0.00016937647517624725,0.00015708366033669667,0.00016937647517624725
4,0.5,131,0.026461235860820977,0.00017104514469210017,0.00017104514469210017,0.0001697073165184498
4,0.5,132,0.02638279110968935,0.00019291946637756764,0.00019291946637756764,0.00017359116779221994
4,0.5,133,0.02645375271689549,0.00018347002197519361,0.00018347002197519361,0.00017413484664802577
4,0.5,134,0.02629965980133457,0.00018667102156600665,0.00018667102156600665,0.0001777608417586173
4,0.5,135,0.026453876311951435,0.00019473946621575487,0.00019473946621575487,0.00017471413798301355
4,0.5,136,0.026567305219796254,0.0001747821735233854,0.0001747821735233854,0.00017111131255989905
4,0.5,137,0.026393491465477818,0.00017236084518395682,0.00017236084518395682,0.0001707429882715937
4,0.5,138,0.0266143488124044,0.00019886263933378522,0.00019886263933378522,0.00017194383887722466
4,0.5,139,0.02656674300373014,0.00018927164745532934,0.00018927164745532937,0.0001778134607377014
4,0.5,140,0.026657542211172447,0.00016977562107282158,0.00015915746420980966,0.00016977562107282158
4,0.5,141,0.026465504411889926,0.00017200619800333185,0.00017154332994909164,0.00017200619800333185
4,0.5,142,0.02644284929773527,0.0001846045936787899,0.00018460459367878994,0.0001792493362727126
4,0.5,143,0.026501613812772294,0.00018114381906035942,0.00016287407890545866,0.00018114381906035942
4,0.5,144,0.0265687530266983,0.00018464263515652633,0.0001728476335371984,0.00018464263515652633
4,0.5,145,0.026691794528857022,0.00021527263860882163,0.00021527263860882163,0.00018286005089826436
4,0.5,146,0.02666789115813563,0.0001962088472689324,0.00019620884726893238,0.00018140289941948217
4,0.5,147,0.026828281576124335,0.0002017861641877481,0.0002017861641877481,0.00018421810368306936
4,0.5,148,0.027030230733280165,0.0001838633509206816,0.0001783143653038617,0.0001838633509206816
4,0.5,149,0.02681382006733465,0.0001788568714825803,0.00014401231206622795,0.0001788568714825803
4,0.5,150,0.02684256701684085,0.00020756022375820218,0.00020756022375820215,0.00017749575150114124
4,0.5,151,0.026975532734903846,0.0002612559175584381,0.0002612559175584381,0.00017795216317941534
4,0.5,152,0.026777829805416445,0.0002578583583426759,0.0002578583583426759,0.00017791438189267874
4,0.5,153,0.026960181764248217,0.0002520585799304465,0.0002520585799304465,0.00018036261254163484
4,0.5,154,0.02694877908977793,0.00025045391238598294,0.00025045391238598294,0.00018010555710156061
4,0.5,155,0.026945375431398334,0.00023095898618098978,0.00023095898618098976,0.0001873333818513278
4,0.5,156,0.02693226235138606,0.00023508592981687004,0.00023508592981687004,0.0001790639306145935
4,0.5,157,0.02704014589525821,0.00024579420189144125,0.00024579420189144125,0.00018303628910340116
4,0.5,158,0.026763110340746667,0.0002172021507992498,0.0002172021507992498,0.00017946683367909617
4,0.5,159,0.026588144709343942,0.0002147813831012525,0.0002147813831012525,0.00017788911104772638
4,0.5,160,0.02663765289932974,0.0002074693088204393,0.0002074693088204393,0.00017829674886086128
4,0.5,161,0.026507449947345885,0.00018114053715074488,0.00018004508592298887,0.00018114053715074488
4,0.5,162,0.0265104784350212,0.00017973568286911522,0.00015045317921157217,0.00017973568286911522
4,0.5,163,0.026701980091480216,0.00019581754433329031,0.00019581754433329031,0.00018218701323681756
4,0.5,164,0.026599468820262494,0.00017842076762385943,0.00017842076762385943,0.00017613521620944578
4,0.5,165,0.026510947848242282,0.00019611409909625694,0.00019611409909625694,0.00017284378784801943
4,0.5,166,0.02653798886218554,0.00018679472566116,0.00018679472566116,0.00017325320613204706
4,0.5,167,0.026425944807118507,0.00018266722456530685,0.00018266722456530685,0.00018018582318636575
4,0.5,168,0.026567368296996356,0.00019891143440427386,0.00019891143440427386,0.00017197075812123397
4,0.5,169,0.026391750633557066,0.00021677523482740012,0.00021677523482740012,0.00017553508191729483
4,0.5,170,0.02634210289101895,0.00020215795238474868,0.00020215795238474868,0.00017607645393996236
4,0.5,171,0.026587638085010933,0.0002064013542749873,0.0002064013542749873,0.00017919275481350047
4,0.5,172,0.026723510870652892,0.00019116038535449834,0.00019116038535449832,0.00018619906260235641
4,0.5,173,0.026871531206730685,0.0001934796555724887,0.00019347965557248866,0.00018041799550616195
4,0.5,174,0.026830839788594133,0.00018166518885083532,0.00017953580780776212,0.00018166518885083532
4,0.5,175,0.026729195394096756,0.0001847721222286787,0.00018477212222867872,0.00018050273042765277
4,0.5,176,0.02674195689132192,0.00021348025058739328,0.00021348025058739328,0.000175489611749791
4,0.5,177,0.026605130319864733,0.00023202440625113985,0.00023202440625113985,0.00016871709349411493
4,0.5,178,0.02659695881380861,0.00022418621258792111,0.0002241862125879211,0.0001702600328024043
4,0.5,179,0.0265936191993167,0.0002071740954267333,0.0002071740954267333,0.00017342124484034713
4,0.5,180,0.026736058450189167,0.00025896996830484126,0.00025896996830484126,0.0001830788125825209
4,0.5,181,0.026726931111500932,0.0002468427948283363,0.0002468427948283363,0.00018423897418455286
4,0.5,182,0.026575560594917925,0.00022862080243184261,0.00022862080243184261,0.00017780360311013028
4,0.5,183,0.026693580850585152,0.00021275196867981308,0.00021275196867981308,0.0001724042650567233
4,0.5,184,0.026622734845366803,0.00022052719588997333,0.00022052719588997333,0.00016995066472445632
4,0.5,185,0.026675458587623678,0.00024122927055638654,0.00024122927055638657,0.00017787644167415308
4,0.5,186,0.02679738547309763,0.0001890487178359601,0.0001890487178359601,0.00017832722132694634
4,0.5,187,0.026676888805411112,0.00019218807010720637,0.00019218807010720637,0.00018056110247153013
4,0.5,188,0.026817595326623405,0.00019430767419741386,0.00019430767419741386,0.00017639338393149814
4,0.5,189,0.02679413434103673,0.00017073574727502125,0.00014557898676153606,0.00017073574727502125
4,0.5,190,0.026836039730510353,0.00017736032251776659,0.00014258002634430755,0.00017736032251776659
4,0.5,191,0.02671900858339743,0.00017493031863175413,0.00017493031863175413,0.00017451492207380177
4,0.5,192,0.026553869460072512,0.0001729800376521413,0.00017251021317633982,0.0001729800376521413
4,0.5,193,0.026618480548876,0.0001722406618277964,0.00015943900150730897,0.0001722406618277964
4,0.5,194,0.026732419197792588,0.00018239633761638988,0.00018239633761638988,0.00017628229765284225
4,0.5,195,0.02660188776986723,0.0001874719151971621,0.00018747191519716212,0.00016752669575025307
4,0.5,196,0.026571231238739647,0.00018137181149044016,0.00018137181149044016,0.00016891069650046866
4,0.5,197,0.0266538128249666,0.000185416519054567,0.00018541651905456697,0.00017178154912651238
4,0.5,198,0.026684929593918293,0.00021093514599646493,0.00021093514599646493,0.0001696179434155274
4,0.5,199,0.026671907631085994,0.0001762691222450509,0.00016047042000545778,0.0001762691222450509
4,0.5,200,0.026527947787805654,0.00018400591868144504,0.00018400591868144507,0.00018001766118425801
4,0.5,201,0.026657538635926317,0.00017814975206652646,0.00017241485932125938,0.00017814975206652646
4,0.5,202,0.026682670553249268,0.00020632345615094667,0.00020632345615094664,0.00017841456769957873
4,0.5,203,0.026807684678198922,0.00018700276481411446,0.00018700276481411446,0.00017673979521247316
4,0.5,204,0.026883889702595434,0.0001816832206078069,0.0001816666903432439,0.0001816832206078069
4,0.5,205,0.02685540880649811,0.00018773214965041248,0.0001669495762898035,0.00018773214965041248
4,0.5,206,0.026762025421971935,0.00018400489206406623,0.00017210421296663927,0.00018400489206406623
4,0.5,207,0.026846671920458864,0.0001853635709939251,0.00018536357099392507,0.00017590527948153543
4,0.5,208,0.02697680183897832,0.00022019295702081386,0.00022019295702081388,0.00017324165922996245
4,0.5,209,0.026841353683372857,0.00023536283930416263,0.00023536283930416266,0.00017947953590399544
4,0.5,210,0.02694275548648345,0.00018390846901785801,0.00018270670988817307,0.00018390846901785801
4,0.5,211,0.026898021203172803,0.0002254729394353596,0.0002254729394353596,0.00018227596729532164
4,0.5,212,0.02679415260545965,0.0002365822657379503,0.0002365822657379503,0.00017198198679753543
4,0.5,213,0.026734811351970287,0.00022526473441875322,0.00022526473441875322,0.00017111047395564362
4,0.5,214,0.0268240455410363,0.00020300072458078277,0.0002030007245807828,0.00017956593764973503
4,0.5,215,0.026819387124562704,0.0001835266261841149,0.00017752198325215576,0.0001835266261841149
4,0.5,216,0.0267123479998234,0.00019136488117267318,0.0001913648811726732,0.00018068311869743716
4,0.5,217,0.026913674942132405,0.0002108797151545683,0.00021087971515456827,0.00018905694747979566
4,0.5,218,0.02697209999663442,0.00020846391282878127,0.00020846391282878127,0.000190705199509044
4,0.5,219,0.026986344990241964,0.0001942452411669292,0.00019264420904748053,0.0001942452411669292
4,0.5,220,0.02695275847033084,0.00018871298771231299,0.00018860231440439866,0.00018871298771231299
4,0.5,221,0.026944078678860995,0.00018609888941555262,0.00015452885080630848,0.00018609888941555262
4,0.5,222,0.026829382224559727,0.00018731695816231957,0.0001756513339639415,0.00018731695816231957
4,0.5,223,0.026645009372183212,0.00018383627619802535,0.00017832576091041235,0.00018383627619802535
4,0.5,224,0.02680804262757909,0.0002112342272161108,0.0002112342272161108,0.00018167089795868412
4,0.5,225,0.026696431250682065,0.00022535806012438826,0.00022535806012438826,0.000175239138606091
4,0.5,226,0.02660721611240831,0.00019515983606635423,0.00019515983606635426,0.0001780241867715787
4,0.5,227,0.02662267924621472,0.0002149951763827298,0.00021499517638272976,0.00017272642677357492
4,0.5,228,0.026709638372603057,0.00021464625201640962,0.00021464625201640964,0.00018509726712904412
4,0.5,229,0.026845285263021216,0.00020245828521947502,0.00020245828521947502,0.00017943839193238693
4,0.5,230,0.0267478036023664,0.00020390407981089938,0.00020390407981089938,0.00018547159321436355
4,0.5,231,0.026754664859942975,0.00021681484797976395,0.00021681484797976395,0.00018270957282474407
4,0.5,232,0.026789079251223532,0.00019132034483209672,0.00019132034483209672,0.00018065465446349288
4,0.5,233,0.0267947454353458,0.00017512392012561652,0.00016669238708089365,0.00017512392012561652
4,0.5,234,0.026813312692666003,0.00018456791622909773,0.00018456791622909773,0.00017928914241807658
4,0.5,235,0.026557632549264625,0.00021679512859618404,0.00021679512859618404,0.000175537058946303
4,0.5,236,0.026536355966983286,0.00020060666082281437,0.00020060666082281437,0.0001756208592692716
4,0.5,237,0.026468464307649486,0.00017107753728994818,0.0001556953786324283,0.00017107753728994818
4,0.5,238,0.02658173523320101,0.00016996391832029478,0.00013420417209092071,0.00016996391832029478
4,0.5,239,0.026619173213503523,0.00016604176000711734,0.0001244047324159945,0.00016604176000711734
4,0.5,240,0.026787798326020365,0.000180952971151517,0.00018095297115151702,0.00017456766979783377
4,0.5,241,0.02675270286384212,0.00017369970704297997,0.00017369970704297994,0.00017184890015559598
4,0.5,242,0.02695952797048427,0.0002022147047773259,0.0002022147047773259,0.0001718582633629284
4,0.5,243,0.026839257893221564,0.0002047290363219099,0.00020472903632190993,0.0001759021892104753
4,0.5,244,0.026845285732302,0.00018358464824469182,0.00018358464824469185,0.00018169553059870346
4,0.5,245,0.02685778446469122,0.00017967634716194658,0.00017745979744775186,0.00017967634716194658
4,0.5,246,0.026717798576416596,0.00017481371734189328,0.0001559092551979825,0.00017481371734189328
4,0.5,247,0.026616231819248288,0.00017317999791141914,0.00012616111452429102,0.00017317999791141914
4,0.5,248,0.026627517271047743,0.00017309075259825483,0.00013997072211600325,0.00017309075259825483
4,0.5,249,0.026479479332239934,0.00016978089832029355,0.00015474599247210414,0.00016978089832029355
4,0.5,250,0.0262948765842198,0.0001746525517934609,0.0001746525517934609,0.00016850642310917776
4,0.5,251,0.026424565914248344,0.00019049838302751567,0.00019049838302751567,0.00017153979534131588
4,0.5,252,0.02644687536762276,0.0001774393995342448,0.0001774393995342448,0.00017382188491351936
4,0.5,253,0.02645320255853816,0.00017448330092740476,0.00013163383579732114,0.00017448330092740476
4,0.5,254,0.02646678265354402,0.00017485287277037,0.00015642788618221696,0.00017485287277037
4,0.5,255,0.02652224221205664,0.0001798228015227301,0.0001798228015227301,0.00017320282835051057
4,0.5,256,0.026359525553608307,0.00017120487843875587,0.0001701913119547283,0.00017120487843875587
4,0.5,257,0.026491422270701455,0.00018116709874613487,0.00018116709874613487,0.00017899427894141765
4,0.5,258,0.026446273462818817,0.0001827273202357235,0.00017031057174881435,0.0001827273202357235
4,0.5,259,0.026605495593150497,0.00017527181458677128,0.00015273551612714656,0.00017527181458677128
4,0.5,260,0.026826349932148205,0.00018590761671402983,0.00018590761671402983,0.00017943301156991736
4,0.5,261,0.026553765676712488,0.00017561518361315417,0.0001733447168144362,0.00017561518361315417
4,0.5,262,0.026362936821978305,0.00017501907306044243,0.0001535381837405289,0.00017501907306044243
4,0.5,263,0.02641736941602656,0.00017842806018717283,0.00015737716660624802,0.00017842806018717283
4,0.5,264,0.0263383685985698,0.00018129180390067176,0.0001812918039006718,0.000174075242249167
4,0.5,265,0.02641768033903451,0.0001809922235909226,0.0001809922235909226,0.0001720935637601302
4,0.5,266,0.026306893899770235,0.00017857638209098676,0.00017857638209098676,0.00017053862831262537
4,0.5,267,0.02629244081597041,0.00019587541295742098,0.00019587541295742098,0.00016884251594560736
4,0.5,268,0.026374294406412778,0.00022474416026836138,0.00022474416026836138,0.00016743534348019615
4,0.5,269,0.02628915531777509,0.00025189859578263955,0.0002518985957826396,0.0001672388773910686
4,0.5,270,0.026385389762910553,0.00023197016551376422,0.00023197016551376422,0.00017194109169640123
4,0.5,271,0.026468392381586832,0.00022168515291642716,0.00022168515291642716,0.00016941144197950625
4,0.5,272,0.026451309338823507,0.0001842621708219331,0.0001842621708219331,0.00017454305453796685
4,0.5,273,0.026611390998060525,0.00019557198865855684,0.00019557198865855687,0.00017323582027138203
4,0.5,274,0.02653141138157282,0.00019689193991406377,0.00019689193991406377,0.00017073158202840605
4,0.5,275,0.02654218684077274,0.00019834831400014201,0.000198348314000142,0.00017791868671320098
4,0.5,276,0.0265324829862242,0.00017848726580206576,0.0001782086363730416,0.00017848726580206576
4,0.5,277,0.02630615274508845,0.00017775876559253016,0.00017775876559253016,0.0001748063453573414
4,0.5,278,0.026253455075013685,0.00017755259480285515,0.00017755259480285515,0.00016781384025546346
4,0.5,279,0.026377207725198144,0.00017863460190734094,0.00017863460190734094,0.00017055658676423248
4,0.5,280,0.026484650560182066,0.00020794579612666802,0.00020794579612666802,0.0001745834581935293
4,0.5,281,0.02646848248185456,0.00020708408460126088,0.00020708408460126088,0.00017253930483988408
4,0.5,282,0.026523367216591882,0.00021956079726237333,0.00021956079726237333,0.0001663959056656211
4,0.5,283,0.026455382235470337,0.00019088918938366242,0.00019088918938366242,0.0001677782766064196
4,0.5,284,0.026642488321579904,0.00021348874775049728,0.00021348874775049728,0.00017420415243912156
4,0.5,285,0.026637797779456178,0.00024263109830208418,0.0002426310983020842,0.00018132782011299393
4,0.5,286,0.026744977589122764,0.00022128615891301028,0.0002212861589130103,0.00017744527667478652
4,0.5,287,0.026637280199545713,0.00020551441234414192,0.00020551441234414192,0.00017592172087847456
4,0.5,288,0.026681530513944195,0.00017709103694634636,0.0001767954833618209,0.00017709103694634636
4,0.5,289,0.02675526594671518,0.0001745024417806773,0.00013901303534357746,0.0001745024417806773
4,0.5,290,0.02666370962450113,0.00017218571184319937,0.00016511195840020188,0.00017218571184319937
4,0.5,291,0.026561870458792814,0.0001716072556688477,0.00017150270673753736,0.0001716072556688477
4,0.5,292,0.026356936074041586,0.00017764375932837224,0.0001756504691921399,0.00017764375932837224
4,0.5,293,0.026517607878371197,0.0001717605066173332,0.00015728397038414148,0.0001717605066173332
4,0.5,294,0.026559812609077124,0.00017410934112025998,0.00017410934112025998,0.00017367598399711744
4,0.5,295,0.02678498611675955,0.00017580697614719,0.00015684787941291586,0.00017580697614719
4,0.5,296,0.026664478979308015,0.00019891915162031335,0.00019891915162031335,0.00017152160767244196
4,0.5,297,0.026481066082207565,0.00021148547224968898,0.00021148547224968898,0.00017638632478138186
4,0.5,298,0.026586813005426743,0.0002343166571568819,0.0002343166571568819,0.00017547235365214989
4,0.5,299,0.026889122353755072,0.0002330682698641698,0.00023306826986416976,0.00017675370693365946
4,0.5,300,0.02664130414867775,0.00023110191662655268,0.0002311019166265527,0.00017394125081228058
4,0.5,301,0.02665538409954043,0.00020319087748701348,0.00020319087748701348,0.00017548118801013953
4,0.5,302,0.026648022707916486,0.00019214522014243554,0.00019214522014243557,0.00017385439179459328
4,0.5,303,0.02652249037303426,0.00019138471889071097,0.00019138471889071097,0.00017358577863999813
4,0.5,304,0.026397525141632846,0.00017830867670884712,0.00017830867670884715,0.0001756607472915423
4,0.5,305,0.026571027373937253,0.00019054921265946988,0.0001905492126594699,0.0001690652237341694
4,0.5,306,0.02648153942702017,0.00017900698722719536,0.00017900698722719534,0.00016806948244030642
4,0.5,307,0.026340915596336625,0.00017610770850450387,0.00017610770850450387,0.00016935115416629324
4,0.5,308,0.02626645795939271,0.00018080056198107225,0.00018080056198107225,0.0001666460731971005
4,0.5,309,0.026301507755836798,0.00017546946885793857,0.0001601648530394727,0.00017546946885793857
4,0.5,310,0.026196439035306527,0.00018186512679169153,0.00015173898739500303,0.00018186512679169153
4,0.5,311,0.026264002378329758,0.00018218102183913498,0.00016874530592457998,0.00018218102183913498
4,0.5,312,0.026341634674011384,0.00017722526077656333,0.00016856169026622375,0.00017722526077656333
4,0.5,313,0.026338541334496438,0.00017665299893483864,0.00017665299893483864,0.00017455300994513823
4,0.5,314,0.026285223135053083,0.0001770361920587674,0.0001770361920587674,0.00016980528787950816
4,0.5,315,0.026260301256996306,0.0001702839844663267,0.0001702839844663267,0.00016678874076818257
4,0.5,316,0.02643742416528773,0.00019054870522174257,0.00019054870522174257,0.00017694536291071092
4,0.5,317,0.026620242342904752,0.00021162254506412482,0.0002116225450641248,0.00017910456426975464
4,0.5,318,0.02672160197847741,0.0001757273166422785,0.0001702720290825479,0.0001757273166422785
4,0.5,319,0.026320175790399022,0.00019069029417866922,0.0001906902941786692,0.00017309130050219051
4,0.5,320,0.026114158585128264,0.00018497720815022653,0.00018497720815022653,0.00018072910673464542
4,0.5,321,0.026294049847154544,0.00018341248203860558,0.00016768710576925986,0.00018341248203860558
4,0.5,322,0.02659479187170152,0.00018434382776020582,0.00014327965908847356,0.00018434382776020582
4,0.5,323,0.026633770657498033,0.0001828565064883935,0.0001828565064883935,0.00018145265367352652
4,0.5,324,0.026652958675730972,0.00018313031338765674,0.00017144068767464555,0.00018313031338765674
4,0.5,325,0.026658182873812532,0.0001855996256219056,0.00013954736530017212,0.0001855996256219056
4,0.5,326,0.026673665281879786,0.00017979371733351868,0.0001640992238888558,0.00017979371733351868
4,0.5,327,0.026495274126407987,0.00018916593632575893,0.00018916593632575896,0.00018174855083870873
4,0.5,328,0.02649238836316791,0.00018162606613752671,0.00016205276979737652,0.00018162606613752671
4,0.5,329,0.02661328879942708,0.0001887589849384285,0.0001887589849384285,0.00018134101214505922
4,0.5,330,0.02659543437400338,0.00019289655740633435,0.00019289655740633435,0.00017752696006563374
4,0.5,331,0.0266527548015641,0.00017642025793396888,0.00016883325626573014,0.00017642025793396888
4,0.5,332,0.026593339322100052,0.00018425123366653723,0.00018425123366653723,0.00017538845750749425
4,0.5,333,0.026470254097030868,0.0001886567612290489,0.00018865676122904892,0.00017451557486985198
4,0.5,334,0.02638538941680924,0.0001968502466724992,0.0001968502466724992,0.00017021169619222502
4,0.5,335,0.026592080095308376,0.00017665923755450972,0.00016386345857293902,0.00017665923755450972
4,0.5,336,0.02663870346004587,0.0001796105085522271,0.0001796105085522271,0.0001739724489135519
4,0.5,337,0.026672088507436076,0.0001978620191981093,0.0001978620191981093,0.00017208693446778275
4,0.5,338,0.026741952666135934,0.00019524034508674914,0.00019524034508674911,0.00017804551505872068
4,0.5,339,0.026708371612780477,0.00018070322619042982,0.0001800645851095444,0.00018070322619042982
4,0.5,340,0.026751169822140337,0.0001868324409359124,0.0001868324409359124,0.00017713035653988315
4,0.5,341,0.026669063074112175,0.00017105556144030487,0.00017080427237414116,0.00017105556144030487
4,0.5,342,0.026546576453168037,0.00021922514792898252,0.0002192251479289825,0.00017921888925097952
4,0.5,343,0.026531098887921115,0.00020352446886320907,0.00020352446886320907,0.00017231787879950513
4,0.5,344,0.026648319530217863,0.00019568455850297966,0.00019568455850297963,0.00017448585089549143
4,0.5,345,0.02666192015051877,0.00017019497650789514,0.00017019497650789514,0.00016706765323250847
4,0.5,346,0.026626497490696045,0.00017498340093047122,0.00017498340093047122,0.0001732058666719681
4,0.5,347,0.02645618898924166,0.00017480529637144701,0.00017480529637144701,0.00017216695800625833
4,0.5,348,0.026443982005909306,0.000184347518841217,0.00018434751884121702,0.00017395808436105025
4,0.5,349,0.026577797809609234,0.0001748309355897705,0.00017307971130447016,0.0001748309355897705
4,0.5,350,0.026680072824812127,0.0001779645245034862,0.00016029001491682762,0.0001779645245034862
4,0.5,351,0.026808810780525435,0.00017906250730574062,0.00017290956527585256,0.00017906250730574062
4,0.5,352,0.02660899857008445,0.00019045512077652145,0.00019045512077652145,0.0001721353122274161
4,0.5,353,0.026764926251514227,0.00021245197621667795,0.00021245197621667792,0.0001752261444620695
4,0.5,354,0.026827755690407917,0.00018445005877548842,0.00018445005877548842,0.00017287910006320365
4,0.5,355,0.026981532185241873,0.00020182339393979965,0.00020182339393979965,0.00017233448790177837
4,0.5,356,0.02672946723551278,0.00017923994622578312,0.00017923994622578312,0.00017125198225972498
4,0.5,357,0.0269740814683165,0.00020072073659701837,0.00020072073659701834,0.00017313839942733453
4,0.5,358,0.026980756670701385,0.0001894201110727214,0.0001894201110727214,0.00017443697642071485
4,0.5,359,0.027050587222511364,0.00020523564002799066,0.00020523564002799066,0.00017765600343417555
4,0.5,360,0.02695071965596528,0.0001858227122740906,0.00018582271227409063,0.0001788681116133851
4,0.5,361,0.026759129400314757,0.00018030361176254862,0.0001803036117625486,0.0001782142954130369
4,0.5,362,0.026677691843773343,0.00019963782859701773,0.0001996378285970177,0.00017795447983770177
4,0.5,363,0.02658758957033329,0.0002010668141384294,0.00020106681413842938,0.0001788478792660778
4,0.5,364,0.026663404437069792,0.00020697436348313838,0.00020697436348313838,0.00017705604892408406
4,0.5,365,0.026601692656834916,0.00021664100514320558,0.00021664100514320558,0.00017140919280019486
4,0.5,366,0.02650092991244663,0.00022085988817900095,0.00022085988817900098,0.0001771380067811769
4,0.5,367,0.026526262287687494,0.00021304097822913055,0.00021304097822913057,0.0001834273945942047
4,0.5,368,0.026437958239881397,0.00019772275828252114,0.00019772275828252114,0.00017460575536027413
4,0.5,369,0.026374963508068568,0.00019470312858037173,0.00019470312858037173,0.00017895055777504727
4,0.5,370,0.02635686454233598,0.00019572333198795955,0.00019572333198795953,0.000173757531356869
4,0.5,371,0.02645044671154924,0.00021478861913716842,0.00021478861913716842,0.00017877933514701943
4,0.5,372,0.02656133782185059,0.00019570553862283723,0.00019570553862283723,0.00017808643665840718
4,0.5,373,0.02652901652692863,0.00021837661680983888,0.0002183766168098389,0.00017843466581161902
4,0.5,374,0.02664030384199485,0.00020135590253701356,0.0002013559025370136,0.0001785267182968109
4,0.5,375,0.026780934863745567,0.00020923920530524205,0.00020923920530524208,0.00017881715199548
4,0.5,376,0.026697983764687613,0.0002003642110306947,0.00020036421103069473,0.00017794460506620664
4,0.5,377,0.0266544863748869,0.00018787210715692302,0.00018787210715692302,0.00017051688493694756
4,0.5,378,0.026671611360977652,0.0002032191818567082,0.00020321918185670817,0.00017693938711654182
4,0.5,379,0.02682411203204691,0.0001817060777429281,0.0001817060777429281,0.00017719704918266755
4,0.5,380,0.026675029335456995,0.0001911204557037332,0.0001911204557037332,0.00017586458000653184
4,0.5,381,0.02666361615928695,0.00020509628313904383,0.0002050962831390438,0.0001789660819301141
4,0.5,382,0.02661271257036864,0.00020801104332933583,0.00020801104332933583,0.00018145362903321098
4,0.5,383,0.026570810930881927,0.00020903516357423277,0.00020903516357423274,0.0001778469038203756
4,0.5,384,0.026604838565498088,0.00018708034336117123,0.0001870803433611712,0.00017751306449943535
4,0.5,385,0.02654033945458841,0.00018324360667074246,0.0001735801908897225,0.00018324360667074246
4,0.5,386,0.026681335166221,0.00018725552061655363,0.0001634110297276488,0.00018725552061655363
4,0.5,387,0.026654901027595792,0.00017927444386434946,0.00015575139167064864,0.00017927444386434946
4,0.5,388,0.02670445194763466,0.0001784146649903211,0.00014937630730626756,0.0001784146649903211
4,0.5,389,0.026465700267958712,0.00018069607060271144,0.00014009481956748831,0.00018069607060271144
4,0.5,390,0.026698100359207874,0.00017578257374812703,0.00015737724203067664,0.00017578257374812703
4,0.5,391,0.026822185525259504,0.00019821141072529425,0.00019821141072529425,0.00017839535975256105
4,0.5,392,0.02696774017858915,0.00017969311749580115,0.00017969311749580115,0.00017663145082989822
4,0.5,393,0.02690313811384705,0.00018240964202743373,0.00018240964202743376,0.00017662972365097482
4,0.5,394,0.026832012986916166,0.00017729963212031829,0.00017729963212031829,0.00017278561452778208
4,0.5,395,0.026943997086112736,0.00021650047648120188,0.0002165004764812019,0.0001811659613018825
4,0.5,396,0.02711098081713937,0.0002109227498990164,0.0002109227498990164,0.00018148789372995246
4,0.5,397,0.02710181552014835,0.00019314911089222177,0.00019314911089222175,0.00018347472271851666
4,0.5,398,0.027145758695643698,0.00018856567786175395,0.00018856567786175395,0.00018024386282133162
4,0.5,399,0.02690818206906723,0.0001801756702628937,0.00015231682744939725,0.0001801756702628937
4,0.5,400,0.026886011790323634,0.00018114789918352857,0.00017769555912795047,0.00018114789918352857
4,0.5,401,0.02677219523544865,0.00020548342267121388,0.00020548342267121388,0.000180594464095867
4,0.5,402,0.026770423605921023,0.00018026216931794564,0.00018026216931794564,0.00017533371216547802
4,0.5,403,0.02673516751164358,0.00017430601083174413,0.00015535937921425398,0.00017430601083174413
4,0.5,404,0.026745328144601215,0.0001791069116939564,0.0001791069116939564,0.00017511538446909186
4,0.5,405,0.026361656187988542,0.00018703563441778613,0.00018703563441778613,0.00017355029921878039
4,0.5,406,0.026441739032510885,0.00017724094769858115,0.00017724094769858115,0.00017282654944863273
4,0.5,407,0.02645806370142238,0.00016511890186896158,0.00015760187728777457,0.00016511890186896158
4,0.5,408,0.02643353875592703,0.00017270783005730934,0.00017270783005730934,0.00016439939178264555
4,0.5,409,0.0263866802841897,0.00016224873830151986,0.00015244730599519413,0.00016224873830151986
4,0.5,410,0.026435554667068997,0.00017837329197782422,0.00017837329197782422,0.00016621167769809175
4,0.5,411,0.026415679383651587,0.00017546717698249252,0.00017546717698249255,0.00016781160130783794
4,0.5,412,0.026579972419927038,0.0001697020178531668,0.00015016864719959912,0.0001697020178531668
4,0.5,413,0.02635949017632937,0.0001723635290097976,0.0001723635290097976,0.0001717357129362772
4,0.5,414,0.026414987615926432,0.00016941356986726754,0.00015522828948870594,0.00016941356986726754
4,0.5,415,0.026458782696600538,0.00017084865174609592,0.0001573317462050093,0.00017084865174609592
4,0.5,416,0.02620939110798418,0.00016864648306073266,0.00014970032762943604,0.00016864648306073266
4,0.5,417,0.02625602977778503,0.0001690221572719344,0.00012968277864622873,0.0001690221572719344
4,0.5,418,0.0261237602731066,0.0001802016594020545,0.00018020165940205453,0.0001697956424558898
4,0.5,419,0.026432572503592138,0.00019153293964778472,0.00019153293964778472,0.0001686802393511532
4,0.5,420,0.026527919016386504,0.00016866334987302912,0.00016866334987302912,0.00016721488730221155
4,0.5,421,0.026476285768127404,0.0001649880043695982,0.0001643676010207145,0.0001649880043695982
4,0.5,422,0.026575171077575854,0.00018289470877107331,0.00018289470877107331,0.00017003157192574552
4,0.5,423,0.026835912427864983,0.00019943135518284242,0.00019943135518284242,0.00017174174669325155
4,0.5,424,0.02678025342988215,0.00017593500846985896,0.00017593500846985896,0.00016882159543587315
4,0.5,425,0.026572053718441627,0.00017979115959911143,0.00017979115959911146,0.00016748598916735167
4,0.5,426,0.026448661503634473,0.00018191617347507828,0.0001819161734750783,0.00017289459915509814
4,0.5,427,0.02664591501189495,0.00019597382065747698,0.000195973820657477,0.00017054117166524261
4,0.5,428,0.026590372930118004,0.0001825844019173779,0.00018258440191737786,0.0001749045777586979
4,0.5,429,0.026462499807949957,0.0001862484276288029,0.0001862484276288029,0.00016943524629133984
4,0.5,430,0.026621103792203792,0.0001686575947905392,0.00014731167938542637,0.0001686575947905392
4,0.5,431,0.026565952549660644,0.0001666445341621688,0.00015566847502602153,0.0001666445341621688
4,0.5,432,0.026520189318375142,0.00017224190150300246,0.00017183289953201899,0.00017224190150300246
4,0.5,433,0.026375285835582404,0.0001660955282065243,0.00016609552820652434,0.0001649219970792681
4,0.5,434,0.026605460430055777,0.00020397007895595054,0.00020397007895595054,0.00017118730356771076
4,0.5,435,0.026560102745520335,0.0002100088066446582,0.0002100088066446582,0.00017305660295073957
4,0.5,436,0.026546978953053694,0.00022691333722868936,0.00022691333722868936,0.00017428140391379085
4,0.5,437,0.026480215066293313,0.00017326019387358134,0.00017326019387358134,0.0001699763558366082
4,0.5,438,0.02647871367967333,0.0001694904404571968,0.00013985342999329404,0.0001694904404571968
4,0.5,439,0.026663879261289037,0.00019802714264211723,0.00019802714264211723,0.00017227167383560007
4,0.5,440,0.026640496690782597,0.00018746738287503238,0.00018746738287503235,0.0001729441982572918
4,0.5,441,0.026673264325976283,0.00017492236733330634,0.00015158305603344462,0.00017492236733330634
4,0.5,442,0.02649811749052217,0.00018533355494274698,0.00018533355494274698,0.00017308905712306826
4,0.5,443,0.026457315832202188,0.00017666148377590534,0.00017498947874532538,0.00017666148377590534
4,0.5,444,0.026472373364745658,0.00018526629289976576,0.00018526629289976573,0.0001723329189918042
4,0.5,445,0.026489513033987295,0.0001821234745160482,0.00018212347451604816,0.00016583223666302873
4,0.5,446,0.026363243684853942,0.00021202224194250005,0.00021202224194250005,0.00016780887648143865
4,0.5,447,0.026504378098492775,0.0002153029412941808,0.0002153029412941808,0.00016776533886489397
4,0.5,448,0.026392486663424156,0.00018490315437223948,0.00018490315437223948,0.00016839706929867916
4,0.5,449,0.02656580353381071,0.0001736717123752109,0.0001736717123752109,0.0001679359599556232
4,0.5,450,0.026582193786683382,0.00017010782063845033,0.00016811101808017305,0.00017010782063845033
4,0.5,451,0.026720630961809978,0.00017020163440282834,0.000149393501515874,0.00017020163440282834
4,0.5,452,0.026659317351255127,0.00017543579958681973,0.0001630062726544643,0.00017543579958681973
4,0.5,453,0.026490657434639797,0.00017712475660938836,0.00016375690215222682,0.00017712475660938836
4,0.5,454,0.026468679104197458,0.00017463614946582168,0.0001692746352738436,0.00017463614946582168
4,0.5,455,0.026408500013089416,0.00017653727718186117,0.00017468608514799465,0.00017653727718186117
4,0.5,456,0.02642915235971455,0.00019024573953939402,0.00019024573953939402,0.0001736201258956474
4,0.5,457,0.026298394152683337,0.00017429604007561378,0.00016789302042180955,0.00017429604007561378
4,0.5,458,0.026243284230355886,0.0001735364309053549,0.0001692962304045549,0.0001735364309053549
4,0.5,459,0.026390344942737256,0.00019461268865614915,0.00019461268865614915,0.00017841805677312126
4,0.5,460,0.026657280088183466,0.00020632018194733365,0.00020632018194733365,0.00017557452800048633
4,0.5,461,0.026706962573028445,0.0001831384615082397,0.0001831384615082397,0.00017812547112298452
4,0.5,462,0.026681186736877062,0.00017961760960354592,0.00017961760960354594,0.0001780134581270469
4,0.5,463,0.02677654485166998,0.0001821527785139438,0.0001604428484451645,0.0001821527785139438
4,0.5,464,0.026711821622457197,0.00017812015509595565,0.0001497055884294302,0.00017812015509595565
4,0.5,465,0.0265905857714927,0.00018070663239888192,0.00015512178100019714,0.00018070663239888192
4,0.5,466,0.026468089000735395,0.00017725773489879823,0.00016867383636175214,0.00017725773489879823
4,0.5,467,0.026435480522152367,0.0001721838760006264,0.00015946637380093685,0.0001721838760006264
4,0.5,468,0.026276715484351287,0.00016833516620872005,0.00016474689010414963,0.00016833516620872005
4,0.5,469,0.026364472119335954,0.00017166844955890547,0.00013555722237493375,0.00017166844955890547
4,0.5,470,0.02616196108649381,0.00017277436368130797,0.00014966478984102034,0.00017277436368130797
4,0.5,471,0.02607863760376817,0.0001815150494698134,0.0001815150494698134,0.00017072459404110767
4,0.5,472,0.026372267898348678,0.0001722445246099069,0.00016922506029767436,0.0001722445246099069
4,0.5,473,0.026539885882088287,0.00017727732695763107,0.0001512591934663718,0.00017727732695763107
4,0.5,474,0.02639632102192696,0.0001752556261511822,0.00016909173318307243,0.0001752556261511822
4,0.5,475,0.026577903229871653,0.000175015286812273,0.0001647518315756484,0.000175015286812273
4,0.5,476,0.026587543206306363,0.00016919180816677164,0.0001390763544682936,0.00016919180816677164
4,0.5,477,0.02662919191131367,0.00016809832166773657,0.00014567979382649804,0.00016809832166773657
4,0.5,478,0.026717428320607705,0.00017431950758576615,0.00016248509822179506,0.00017431950758576615
4,0.5,479,0.02664286909270861,0.00018084195767729508,0.00016983978546729133,0.00018084195767729508
4,0.5,480,0.026614583429777947,0.00018338642643863604,0.000183386426438636,0.00017725443798362575
4,0.5,481,0.026612521294822087,0.00017630541828776396,0.00017630541828776396,0.00017495811143066804
4,0.5,482,0.026690869400963456,0.00018269514295104342,0.00018269514295104342,0.00017605895155070576
4,0.5,483,0.026632805405152345,0.00020841831187106292,0.0002084183118710629,0.00017474924108994982
4,0.5,484,0.02654720686735702,0.00017966136425924572,0.00017966136425924572,0.0001648655929657751
4,0.5,485,0.02661768417596311,0.0001902849682468171,0.00019028496824681707,0.00016496160069668435
4,0.5,486,0.026637140269561325,0.00019969226877056487,0.00019969226877056487,0.00017317822837964708
4,0.5,487,0.026861798108660927,0.0001970450210236828,0.0001970450210236828,0.00016874560218261986
4,0.5,488,0.026789777638952777,0.00021133683719963501,0.00021133683719963501,0.00016715300288565717
4,0.5,489,0.026830152172471786,0.00019219535593367664,0.00019219535593367661,0.00016777224895967818
4,0.5,490,0.026837375675395292,0.00017144661918633064,0.00017043392946927512,0.00017144661918633064
4,0.5,491,0.026949644917404418,0.00017717108991504565,0.00017717108991504565,0.0001746411296347373
4,0.5,492,0.026970260444749587,0.00017795532781387204,0.00015083039667338404,0.00017795532781387204
4,0.5,493,0.026709442023932974,0.0002071268051118459,0.0002071268051118459,0.0001855064810217082
4,0.5,494,0.02685878205933383,0.00021892800882966548,0.00021892800882966545,0.00018125299371377047
4,0.5,495,0.026619604646639254,0.00017871089799785303,0.00017871089799785303,0.00017870574791455687
4,0.5,496,0.026642823934284413,0.00021281539162230738,0.00021281539162230738,0.00017591238300907112
4,0.5,497,0.02641842932432961,0.00017676264871926823,0.00016024147630887238,0.00017676264871926823
4,0.5,498,0.026503096485849427,0.00017704424661029716,0.0001572274926576212,0.00017704424661029716
4,0.5,499,0.026428906324237354,0.00017704894921934255,0.00012751132155115505,0.00017704894921934255
4,0.5,500,0.026574966662765973,0.00017226819950185638,0.00015448642262465122,0.00017226819950185638
4,0.7,0,0.0821401185196477,0.00026057773918046197,0.00026057773918046197,0.00025036005725152794
4,0.7,1,0.0500562071768108,0.0002897385220051359,0.0002897385220051359,0.00024484339507117945
4,0.7,2,0.03991417943444731,0.00025191792615094103,0.00025191792615094103,0.00022985585388664612
4,0.7,3,0.0347880518035039,0.00022091108372077672,0.00022091108372077672,0.0002172497723016558
4,0.7,4,0.03210921718616508,0.00023931025351215087,0.0002393102535121509,0.000209916515426865
4,0.7,5,0.03019637110275862,0.0002522360103044912,0.0002522360103044912,0.00019967570091413664
4,0.7,6,0.02902805494644022,0.000248138029054941,0.000248138029054941,0.00019396134579080298
4,0.7,7,0.02840953374421627,0.000256381285670352,0.000256381285670352,0.0001929194450850811
4,0.7,8,0.027615829363722037,0.00023158375843734125,0.00023158375843734125,0.000189414569537712
4,0.7,9,0.02725189084885064,0.00019459152310549288,0.00018897687097247623,0.00019459152310549288
4,0.7,10,0.027046877798056073,0.00018421282504512969,0.00015849573387719004,0.00018421282504512969
4,0.7,11,0.026697294141539676,0.00017781342500614445,0.00017781342500614445,0.0001744023212653691
4,0.7,12,0.026575371317885118,0.00017802617899897668,0.00017802617899897666,0.00017498764732895269
4,0.7,13,0.02655859419458125,0.0001842708466644996,0.0001842708466644996,0.00018042600463484773
4,0.7,14,0.02636696281339613,0.00017791165182441993,0.00017561409492339053,0.00017791165182441993
4,0.7,15,0.026593318554073507,0.00018372090609886324,0.00016897956589297303,0.00018372090609886324
4,0.7,16,0.026653453907996245,0.00017868756216273722,0.0001702605110002894,0.00017868756216273722
4,0.7,17,0.026473410285840018,0.0001945817382902334,0.0001945817382902334,0.00017368877808928245
4,0.7,18,0.026455464009501214,0.00020574608381857166,0.00020574608381857164,0.00017495355518809666
4,0.7,19,0.026410568107782317,0.00021705112798394924,0.0002170511279839492,0.00017508331736907045
4,0.7,20,0.026439963674666386,0.00017657863083517234,0.0001572525104133539,0.00017657863083517234
4,0.7,21,0.026371713320643884,0.00017394111824933813,0.00015060623527622378,0.00017394111824933813
4,0.7,22,0.026201857178876534,0.00017249885607455279,0.00017179260169859398,0.00017249885607455279
4,0.7,23,0.026031256164092634,0.0001835776630388569,0.0001835776630388569,0.00017290148149751885
4,0.7,24,0.02611095014401571,0.00017633757532666293,0.00017633757532666295,0.0001642135900793343
4,0.7,25,0.026068229475239974,0.00018378598468229756,0.00018378598468229756,0.00017073976110061127
4,0.7,26,0.025956329961813185,0.00017337577350425766,0.00017337577350425766,0.00017259299621991662
4,0.7,27,0.025878794116602915,0.0001811563894083697,0.0001811563894083697,0.00018003323938929058
4,0.7,28,0.02578432315907657,0.0001722899856943154,0.00013571716868231192,0.0001722899856943154
4,0.7,29,0.025719148791388813,0.0001686814454869284,0.00014804633111035844,0.0001686814454869284
4,0.7,30,0.025884770182115602,0.00017207518797562866,0.0001525116928979985,0.00017207518797562866
4,0.7,31,0.025963015289897688,0.00017077135791182367,0.00017077135791182367,0.00016422228469211925
4,0.7,32,0.025940644196505457,0.00016867008271253988,0.0001632947859920958,0.00016867008271253988
4,0.7,33,0.026018743573581853,0.00016910435017774064,0.00015368394253375655,0.00016910435017774064
4,0.7,34,0.02620687347683465,0.0002055673479908451,0.0002055673479908451,0.0001711890027290888
4,0.7,35,0.025946009700227316,0.0002200735350573037,0.00022007353505730369,0.00017243345670178364
4,0.7,36,0.026008274827983457,0.00021459102945153654,0.00021459102945153654,0.00016930163479448465
4,0.7,37,0.026009582834294463,0.00022363754708320665,0.00022363754708320665,0.0001684181970166637
4,0.7,38,0.025850891778493538,0.00020472842661236045,0.00020472842661236045,0.00017223225056377947
4,0.7,39,0.02586763206603813,0.00018409902675098005,0.00018409902675098005,0.0001692636995516382
4,0.7,40,0.025900424754544998,0.0001732015103453228,0.0001410821962530222,0.0001732015103453228
4,0.7,41,0.025821003284962885,0.00017169079463261495,0.00011143377074910401,0.00017169079463261495
4,0.7,42,0.025862750049851876,0.00016529047944506683,0.00015989842621980896,0.00016529047944506683
4,0.7,43,0.02584847439830716,0.00016110315124404174,0.00014552769099432144,0.00016110315124404174
4,0.7,44,0.025842278361866405,0.00017929466707044,0.00017929466707044002,0.00016342733536072322
4,0.7,45,0.025783393288537078,0.00017904035393026915,0.00017904035393026915,0.00015939028296064139
4,0.7,46,0.025829315221141857,0.00019162947691986402,0.00019162947691986402,0.00016493480989353585
4,0.7,47,0.025826679556417768,0.0001819207410724719,0.00018192074107247188,0.00015904630977834965
4,0.7,48,0.02583388788683605,0.00018235942299659792,0.0001823594229965979,0.00016367690383363575
4,0.7,49,0.025811593281394006,0.0001624508122555413,0.00015992687670327618,0.0001624508122555413
4,0.7,50,0.025696049427984802,0.00016318218652620726,0.00013097281854444114,0.00016318218652620726
4,0.7,51,0.02588725804526354,0.0001790760781912013,0.0001790760781912013,0.0001689770441791943
4,0.7,52,0.025857282096970347,0.00016769414041102872,0.00016073677027578679,0.00016769414041102872
4,0.7,53,0.025890706766608138,0.00016370308618933541,0.00015541253682082852,0.00016370308618933541
4,0.7,54,0.02575213434788987,0.0001655017115227442,0.0001476873852174345,0.0001655017115227442
4,0.7,55,0.025977518021207624,0.0001670141608881531,0.00014487042869682114,0.0001670141608881531
4,0.7,56,0.026058989414319396,0.00016708817915130067,0.0001620762966631974,0.00016708817915130067
4,0.7,57,0.02601077243339363,0.00016309262562857338,0.00014104145167008312,0.00016309262562857338
4,0.7,58,0.0259320063336241,0.00016646840449244878,0.00016193888606927254,0.00016646840449244878
4,0.7,59,0.025966448942147616,0.00016782598740347019,0.0001491900401462708,0.00016782598740347019
4,0.7,60,0.025987321375403136,0.000177007298952193,0.000177007298952193,0.00016625074911845648
4,0.7,61,0.025992688366123083,0.00016595915495706836,0.00016595915495706836,0.00016075396352008305
4,0.7,62,0.025952023797936343,0.00017068590699747784,0.00015946414030909692,0.00017068590699747784
4,0.7,63,0.02578431657352525,0.00017357637976588618,0.00013512541824024313,0.00017357637976588618
4,0.7,64,0.0257829786008801,0.00017340236075608686,0.0001400293929267834,0.00017340236075608686
4,0.7,65,0.025803911700073554,0.0001748126040433923,0.0001748126040433923,0.0001703333304498646
4,0.7,66,0.025974039657902136,0.00017183297835778917,0.00015435090959407363,0.00017183297835778917
4,0.7,67,0.02586555321212305,0.00016774212820086954,0.00014823520973202751,0.00016774212820086954
4,0.7,68,0.025853547471718603,0.00016616525915634115,0.00015401561481949796,0.00016616525915634115
4,0.7,69,0.02590922526595766,0.0001683577512192391,0.00013372771928699446,0.0001683577512192391
4,0.7,70,0.026065083609509362,0.00017196139859218044,0.00016413227545934505,0.00017196139859218044
4,0.7,71,0.02627073389776169,0.0001704242421564505,0.0001603781938013194,0.0001704242421564505
4,0.7,72,0.026031691120551856,0.00018637849856615126,0.00018637849856615126,0.00017095149223775123
4,0.7,73,0.02623174208577884,0.00017738612923539316,0.0001773861292353932,0.00017455868907576412
4,0.7,74,0.026106084039301574,0.0001923964372179911,0.0001923964372179911,0.00016946311382491877
4,0.7,75,0.025865344212187256,0.00020131506516284637,0.0002013150651628464,0.00016509064014773886
4,0.7,76,0.025942123697983537,0.0001834470011659639,0.0001834470011659639,0.00016714220595097836
4,0.7,77,0.02590144412368906,0.00018210041578313512,0.00018210041578313514,0.00016510206902263012
4,0.7,78,0.026010309188942145,0.0001804212198449792,0.0001804212198449792,0.00016879869430454745
4,0.7,79,0.026058916441895938,0.0001787723815793308,0.00017877238157933077,0.00016026838648638102
4,0.7,80,0.025979271017542552,0.000162550101350261,0.00016093488779084597,0.000162550101350261
4,0.7,81,0.025865316841774868,0.00016242402234643402,0.00014837134380200296,0.00016242402234643402
4,0.7,82,0.025964490311483568,0.0001708884149062695,0.00013735672084519006,0.0001708884149062695
4,0.7,83,0.025858085191974262,0.0001827208683477907,0.0001827208683477907,0.00016870713294417022
4,0.7,84,0.026085789417810312,0.00019783619120034184,0.0001978361912003418,0.00016601823463428494
4,0.7,85,0.02601076961614415,0.00016858701565724437,0.0001685870156572444,0.0001609854114686058
4,0.7,86,0.025989008246629343,0.00016308705248644726,0.0001551870182380298,0.00016308705248644726
4,0.7,87,0.025846429222208454,0.00016232740125787025,0.00016232740125787025,0.00015957357852013892
4,0.7,88,0.025857455786582783,0.00016128878790564098,0.00015105166790011643,0.00016128878790564098
4,0.7,89,0.025865549814353888,0.00015865963601135262,0.00015081826438108814,0.00015865963601135262
4,0.7,90,0.02588208136637116,0.00016356684970903891,0.00015039545083701418,0.00016356684970903891
4,0.7,91,0.025886309105648063,0.00016870683377081372,0.00015015005986956608,0.00016870683377081372
4,0.7,92,0.025840962206208067,0.00017133179803441786,0.00016274810983495628,0.00017133179803441786
4,0.7,93,0.025810531578569672,0.00018452443023702763,0.00018452443023702763,0.00016826057899598797
4,0.7,94,0.02579970518994065,0.00021656921343419147,0.0002165692134341915,0.00016786004843789381
4,0.7,95,0.02590787324143273,0.0001708764029102126,0.00016760259468707705,0.0001708764029102126
4,0.7,96,0.02608772132646669,0.00021207118224744043,0.00021207118224744043,0.00016796716820183545
4,0.7,97,0.02616568682067737,0.00018389960791625684,0.00018389960791625684,0.00017162621472730828
4,0.7,98,0.026195411850900078,0.00019846306152932738,0.00019846306152932738,0.0001750176322011049
4,0.7,99,0.0260887523212273,0.00018616254895563683,0.00018616254895563683,0.00017959290869282025
4,0.7,100,0.0259710495641207,0.00021294925193052528,0.00021294925193052528,0.0001767015248503343
4,0.7,101,0.025910355462412073,0.00021385524317241484,0.00021385524317241484,0.00017409076141957207
4,0.7,102,0.025915558707713934,0.00020234564941573575,0.00020234564941573575,0.00017187643329139745
4,0.7,103,0.026080468546216002,0.00018680860020108277,0.00018680860020108277,0.00017332412759274682
4,0.7,104,0.025904968150251402,0.00017206608626004087,0.00016858963778407379,0.00017206608626004087
4,0.7,105,0.025704485782320464,0.0001655245906235699,0.00013597885105644063,0.0001655245906235699
4,0.7,106,0.02595544710162072,0.0001670515430701484,0.00014132802045611084,0.0001670515430701484
4,0.7,107,0.025919423542262895,0.0001633535143936674,0.00014305874838549778,0.0001633535143936674
4,0.7,108,0.02579070549482143,0.0001630454117732027,0.00015239594238156153,0.0001630454117732027
4,0.7,109,0.02588098197801998,0.00016194896333042775,0.0001562218987745759,0.00016194896333042775
4,0.7,110,0.026029788976788797,0.00016322554782544128,0.0001214991808861778,0.00016322554782544128
4,0.7,111,0.025980852548093437,0.00016623660983013612,0.00015710688453421859,0.00016623660983013612
4,0.7,112,0.025864116318012217,0.00016746720181558893,0.000152959691755136,0.00016746720181558893
4,0.7,113,0.025850780389874543,0.00016245298835957351,0.00013566782542969862,0.00016245298835957351
4,0.7,114,0.02590710502664485,0.00016002149903764404,0.00012059943542154242,0.00016002149903764404
4,0.7,115,0.025936034627036524,0.00018750179819017419,0.00018750179819017416,0.00016164247971219166
4,0.7,116,0.025895161536104116,0.00020013350870511388,0.00020013350870511388,0.00016218105054928967
4,0.7,117,0.02583007100108108,0.0002187871343367904,0.0002187871343367904,0.0001670528856831496
4,0.7,118,0.025756328403670068,0.00021921127393922935,0.00021921127393922932,0.00016833219497970967
4,0.7,119,0.025936387295495366,0.0001914244088972602,0.00019142440889726017,0.00016689530102711152
4,0.7,120,0.026158282432058765,0.0001852198021752068,0.00018521980217520677,0.00016576125012931524
4,0.7,121,0.025922106731891586,0.00017779078049253577,0.00017779078049253574,0.00017250427434608226
4,0.7,122,0.02599026764869713,0.00016366068377947742,0.00016100482668678236,0.00016366068377947742
4,0.7,123,0.026012526276175122,0.00017288817766524761,0.00017288817766524761,0.00016919130055694466
4,0.7,124,0.02603437025847622,0.0001770037691958712,0.0001770037691958712,0.0001664655338276832
4,0.7,125,0.025897441762569764,0.00018174837914473505,0.00018174837914473505,0.00015938039032272383
4,0.7,126,0.026022120222972733,0.00017715074943809754,0.00017715074943809754,0.00015945016411371426
4,0.7,127,0.026013251444942095,0.0001801527797815213,0.00018015277978152127,0.00016372301629491418
4,0.7,128,0.026007050506236615,0.00019690056340278814,0.00019690056340278814,0.00016717790040617235
4,0.7,129,0.026076847050228093,0.00019781398248075655,0.00019781398248075655,0.0001642015319170344
4,0.7,130,0.026125720844115477,0.00017788793458762406,0.00017788793458762403,0.00016864241670682366
4,0.7,131,0.026172220286448954,0.00017007898855564004,0.00016206617607906855,0.00017007898855564004
4,0.7,132,0.026159726026301195,0.00017365556949592117,0.00015922219917947582,0.00017365556949592117
4,0.7,133,0.025940709387910748,0.00021790635339668195,0.00021790635339668195,0.0001714123293598568
4,0.7,134,0.02577698363001846,0.00017822434753307433,0.00017822434753307433,0.0001665437113677876
4,0.7,135,0.025735590865356255,0.00019129093810020352,0.0001912909381002035,0.00016453719979685427
4,0.7,136,0.025746662057817126,0.00017033631161058184,0.00014628765828916983,0.00017033631161058184
4,0.7,137,0.025674498770774767,0.0001669374887446482,0.00014569037132628637,0.0001669374887446482
4,0.7,138,0.02570486185898574,0.00018994235472398572,0.00018994235472398572,0.00016619473624968745
4,0.7,139,0.025724949278737322,0.00020512983879500594,0.00020512983879500594,0.0001650229905920396
4,0.7,140,0.025793242660576633,0.0001648614848499268,0.00016357861701646168,0.0001648614848499268
4,0.7,141,0.02586219868715301,0.00016424566026405335,0.00016206109753346513,0.00016424566026405335
4,0.7,142,0.02617899290435183,0.00017544878162310113,0.00017544878162310113,0.000165598817387618
4,0.7,143,0.025954290491573006,0.00017119066398732134,0.000165515120511706,0.00017119066398732134
4,0.7,144,0.026036324150871273,0.00017251924304030074,0.00016586741198734475,0.00017251924304030074
4,0.7,145,0.025992390427435542,0.00019141098112019028,0.0001914109811201903,0.00016487963682092617
4,0.7,146,0.026075243230657946,0.0001724040780338697,0.0001724040780338697,0.0001697800916106248
4,0.7,147,0.026134039461962147,0.00020759069087782523,0.0002075906908778252,0.00016165261370818586
4,0.7,148,0.026086683833459808,0.00017410936065535032,0.00017410936065535032,0.00016561898632783877
4,0.7,149,0.02624754978472923,0.0002084361864410394,0.00020843618644103936,0.00016963403356176336
4,0.7,150,0.026174192023048513,0.0001938407409696541,0.0001938407409696541,0.00017106097257240378
4,0.7,151,0.02606302535246757,0.00017330112553497348,0.00016559558873471442,0.00017330112553497348
4,0.7,152,0.025884005522554935,0.00017169321765230628,0.0001615596646474439,0.00017169321765230628
4,0.7,153,0.025930070729575944,0.0001696101570436373,0.00013188874148164513,0.0001696101570436373
4,0.7,154,0.026058499501184957,0.00017387033253405857,0.00014776763388002818,0.00017387033253405857
4,0.7,155,0.025858675482797817,0.0001983967710566817,0.0001983967710566817,0.00017270122615761112
4,0.7,156,0.0257611276674252,0.00018277838687628888,0.00018277838687628888,0.00016660195511407707
4,0.7,157,0.025788701293405294,0.0001690552643588557,0.00016884135008701014,0.0001690552643588557
4,0.7,158,0.0257847331493901,0.0001709285500485695,0.00015045332635481092,0.0001709285500485695
4,0.7,159,0.02600577731400594,0.00017678299787377022,0.0001767829978737702,0.00017343278742685934
4,0.7,160,0.02601171512602616,0.00020712153621487678,0.0002071215362148768,0.00016986002924753362
4,0.7,161,0.026074653333768922,0.00018235096775876268,0.00018235096775876268,0.00016718253762418192
4,0.7,162,0.025863390829253968,0.00016480535679538042,0.00013695112003792143,0.00016480535679538042
4,0.7,163,0.026024672681262098,0.0001698655338905462,0.0001341446834792603,0.0001698655338905462
4,0.7,164,0.025863373101979274,0.00017483449411500983,0.0001511598126387605,0.00017483449411500983
4,0.7,165,0.025678030238751832,0.00016729908318767453,0.00016729908318767453,0.00016430167233183089
4,0.7,166,0.02580552680039037,0.00016538721836543226,0.00015645833118745864,0.00016538721836543226
4,0.7,167,0.025821817054929103,0.00016099494676289735,0.00015721462401708394,0.00016099494676289735
4,0.7,168,0.02602858032164511,0.00016518162504988037,0.00011181787353719694,0.00016518162504988037
4,0.7,169,0.026029471582899786,0.00016613120295650273,0.00011213626525288557,0.00016613120295650273
4,0.7,170,0.02603116110625577,0.00016404088881695947,0.00011907126133822578,0.00016404088881695947
4,0.7,171,0.026073685173316395,0.00016387402013147933,0.00013567244920669678,0.00016387402013147933
4,0.7,172,0.026005484458417064,0.00018942099078119934,0.00018942099078119937,0.0001650410985923864
4,0.7,173,0.026018229062346795,0.00017113987256308735,0.00013827844883129877,0.00017113987256308735
4,0.7,174,0.025974171036467063,0.00017082191520042975,0.0001276335818634681,0.00017082191520042975
4,0.7,175,0.025999814028599588,0.00017561913789314752,0.00013682945231365166,0.00017561913789314752
4,0.7,176,0.026068733270743334,0.00016923538431095085,0.00015204844454892732,0.00016923538431095085
4,0.7,177,0.025872499599038885,0.0001697423891434475,0.0001697423891434475,0.00016606505085275301
4,0.7,178,0.02602925270039395,0.000173629120259877,0.00015452517800353168,0.000173629120259877
4,0.7,179,0.025918724656752306,0.00017987892897058773,0.0001669900414181503,0.00017987892897058773
4,0.7,180,0.02567010461005907,0.00018375649240099767,0.00018375649240099767,0.00016780834509754356
4,0.7,181,0.025661922960827033,0.00021203389619138335,0.00021203389619138335,0.00016397244574706499
4,0.7,182,0.0257115342961986,0.00020967365880014574,0.00020967365880014574,0.00016511574494178973
4,0.7,183,0.02583356772354813,0.00017715304989274723,0.00017715304989274723,0.0001674796332911872
4,0.7,184,0.025728214201246664,0.00016741570436761035,0.00016741570436761038,0.00015771056772981157
4,0.7,185,0.025812031539447423,0.00015863685513788965,0.00015471784618739177,0.00015863685513788965
4,0.7,186,0.02577627127374712,0.00017243354121355145,0.00017243354121355145,0.0001682867115099534
4,0.7,187,0.025583393744974193,0.00019503241033196566,0.00019503241033196566,0.00017194010280143342
4,0.7,188,0.025633071392690863,0.000218486096428595,0.000218486096428595,0.0001631373915200182
4,0.7,189,0.025740921894818018,0.0001747159389008973,0.0001747159389008973,0.00016367108388455582
4,0.7,190,0.025791026925822594,0.0001702644426812482,0.0001702644426812482,0.0001601375788910432
4,0.7,191,0.025874991793233788,0.00021398832634883635,0.00021398832634883635,0.00016765812391667233
4,0.7,192,0.025866019171590485,0.00018559024865091894,0.0001855902486509189,0.00016802700160178612
4,0.7,193,0.025947103715657747,0.00017314067878734796,0.00016772324056198954,0.00017314067878734796
4,0.7,194,0.02600664164605384,0.0002061897222459617,0.0002061897222459617,0.00017455891015982178
4,0.7,195,0.025959889083975795,0.00020231318809143774,0.00020231318809143774,0.00016413079721822952
4,0.7,196,0.02585849404206394,0.00016208380932303606,0.00015852697109021766,0.00016208380932303606
4,0.7,197,0.025802152077171066,0.00016813678438328474,0.0001591956066151303,0.00016813678438328474
4,0.7,198,0.025766522201754717,0.00018018294608417853,0.00018018294608417853,0.0001647836457818059
4,0.7,199,0.025895694131352513,0.00018391695363464413,0.00018391695363464413,0.0001601121997650695
4,0.7,200,0.02596127825865814,0.00022407189475803126,0.00022407189475803126,0.00015913703355259558
4,0.7,201,0.02580062093235706,0.00016896162540746293,0.00016896162540746293,0.0001627186124513785
4,0.7,202,0.02592784740854873,0.00016030823084786018,0.00015612844038487086,0.00016030823084786018
4,0.7,203,0.02585030826774294,0.00016389683429165528,0.00015101910179081123,0.00016389683429165528
4,0.7,204,0.02589196816775655,0.00017100446537780546,0.0001571432641630914,0.00017100446537780546
4,0.7,205,0.025865396550918594,0.00017198602229712913,0.0001389142554049494,0.00017198602229712913
4,0.7,206,0.025965316648057825,0.00017238450425335238,0.00011812378143109288,0.00017238450425335238
4,0.7,207,0.026123437947514514,0.00017947982490946552,0.0001794798249094655,0.000169966053608725
4,0.7,208,0.026184392851696117,0.00017440944006903803,0.00017114537056331524,0.00017440944006903803
4,0.7,209,0.026200866360934768,0.00017510101713624939,0.0001246924220729563,0.00017510101713624939
4,0.7,210,0.026297994178061442,0.00017741248688817193,0.00014944601283414737,0.00017741248688817193
4,0.7,211,0.026285063593406082,0.0001696939314567279,0.00014636327611937681,0.0001696939314567279
4,0.7,212,0.02622208788310978,0.00017719157547549594,0.00017115984712104214,0.00017719157547549594
4,0.7,213,0.02613978305137559,0.0001795728448692296,0.0001795728448692296,0.0001735096277805844
4,0.7,214,0.026328353794848828,0.00020753430961170712,0.00020753430961170714,0.0001725783122416846
4,0.7,215,0.026233456882392925,0.00017546468084329847,0.00017081801518167446,0.00017546468084329847
4,0.7,216,0.026418237935002968,0.00017501058889960602,0.00014987192256405975,0.00017501058889960602
4,0.7,217,0.02634308125478047,0.00020055507684702147,0.00020055507684702147,0.0001674912978884718
4,0.7,218,0.02618632820716234,0.00016723795755668307,0.00015902099499461156,0.00016723795755668307
4,0.7,219,0.026024219238945476,0.00018007773370344113,0.00018007773370344113,0.00016968219819892523
4,0.7,220,0.02581609428923667,0.00018950555512597765,0.00018950555512597765,0.00017026900235903367
4,0.7,221,0.025785512573564866,0.00016729934211195626,0.0001363436234754714,0.00016729934211195626
4,0.7,222,0.02568264203914872,0.00016905556514947202,0.0001491201756409523,0.00016905556514947202
4,0.7,223,0.02573246565675791,0.000188116052367032,0.000188116052367032,0.0001676439333410324
4,0.7,224,0.02565191457389395,0.0002035135436825824,0.00020351354368258238,0.00016642524517872822
4,0.7,225,0.02564918926362756,0.00021964258672777857,0.00021964258672777857,0.00017472543516942537
4,0.7,226,0.025711155916353017,0.0002021453270730402,0.0002021453270730402,0.00016743268897810766
4,0.7,227,0.025657582115437807,0.00019200287019748607,0.00019200287019748607,0.00016445323806616266
4,0.7,228,0.02581035342013118,0.00019822553663255575,0.00019822553663255575,0.00016714204912701138
4,0.7,229,0.025663192200710574,0.00019910705745642,0.00019910705745642,0.00017328408929424483
4,0.7,230,0.025808944424869616,0.00021690472668538629,0.00021690472668538629,0.00016757077087531795
4,0.7,231,0.025924932709605362,0.00019997836708845936,0.00019997836708845936,0.00016379654867225624
4,0.7,232,0.02601128729507243,0.00022655571952720223,0.00022655571952720223,0.00016761846756023472
4,0.7,233,0.025960833873421813,0.00022495158450767247,0.00022495158450767247,0.00016811551456477497
4,0.7,234,0.02623441065492769,0.0002145659483139287,0.00021456594831392872,0.00016233119203475115
4,0.7,235,0.02611694150156062,0.0002070256739695979,0.0002070256739695979,0.00016301213925703332
4,0.7,236,0.026239502141427416,0.00016454351653435244,0.00016400279272677984,0.00016454351653435244
4,0.7,237,0.02613731304704519,0.00017266166750177435,0.00015490889419630076,0.00017266166750177435
4,0.7,238,0.026143155021067455,0.00018220352336965982,0.0001822035233696598,0.0001665757646776062
4,0.7,239,0.026073630979160278,0.00019453029364899745,0.00019453029364899745,0.00016459486785617172
4,0.7,240,0.02596665915260886,0.0001723573962760094,0.0001633046620416158,0.0001723573962760094
4,0.7,241,0.02587427706454161,0.0001736571264647539,0.0001535326959729468,0.0001736571264647539
4,0.7,242,0.026174282247254384,0.00017317253369366115,0.00015607623715789857,0.00017317253369366115
4,0.7,243,0.026266739851992175,0.00018653976812209625,0.00018653976812209625,0.00017149029010277665
4,0.7,244,0.026397247829521055,0.00019107000613740506,0.00019107000613740504,0.00017384817911298182
4,0.7,245,0.026199314199632204,0.00017589398139197443,0.0001692223191702692,0.00017589398139197443
4,0.7,246,0.025922831831506756,0.00017220013323779304,0.00017220013323779304,0.0001672862541614358
4,0.7,247,0.025929491172260066,0.00020688393469837547,0.00020688393469837544,0.0001685926384757518
4,0.7,248,0.025954434786571567,0.00022783721855334734,0.00022783721855334734,0.00016966352680152953
4,0.7,249,0.026063374436853224,0.00022429787071492666,0.00022429787071492663,0.00017129752567776154
4,0.7,250,0.025984011607926977,0.0001974569677397909,0.00019745696773979088,0.00016378542640122447
4,0.7,251,0.02616024500522089,0.0001844850648612112,0.00018448506486121118,0.00016120961540175884
4,0.7,252,0.02623473673014293,0.00017786282859481663,0.0001778628285948166,0.00016636286739484167
4,0.7,253,0.026175650775036932,0.0001855295181447075,0.0001855295181447075,0.00016800692626475552
4,0.7,254,0.02591460342177515,0.00019892034322463144,0.00019892034322463144,0.00017231540090264803
4,0.7,255,0.02586681227304277,0.00017171443662868452,0.0001717144366286845,0.00017073116540687402
4,0.7,256,0.02601080022345956,0.00022267835470727343,0.00022267835470727343,0.00016821951949098956
4,0.7,257,0.025887432955651202,0.00016763336949428235,0.00015840049354355458,0.00016763336949428235
4,0.7,258,0.025907174012561308,0.00017322851545634668,0.00017311924743799496,0.00017322851545634668
4,0.7,259,0.025823719834564284,0.00017575037812533195,0.00017575037812533195,0.0001694810141636925
4,0.7,260,0.0255934595067987,0.00020006530176175727,0.0002000653017617573,0.00017198799303668732
4,0.7,261,0.025643084673563958,0.00017575599841753432,0.0001757559984175343,0.00016607970775252035
4,0.7,262,0.025818713197919077,0.00018335036049775322,0.00018335036049775322,0.00016675589276551395
4,0.7,263,0.02587613798840326,0.00021472115007940167,0.00021472115007940167,0.00016383761618357295
4,0.7,264,0.025853789981585155,0.00020480686008900293,0.0002048068600890029,0.00016038832102856346
4,0.7,265,0.025793418485843003,0.00016390999183847673,0.00016390999183847673,0.00015916006694179
4,0.7,266,0.025848195907441578,0.00018247298837936743,0.0001824729883793674,0.0001658839507521265
4,0.7,267,0.025826752290959307,0.00016783728277563716,0.00016783728277563716,0.0001627977476598595
4,0.7,268,0.025960976004880624,0.00016539570550845936,0.00016527282669254786,0.00016539570550845936
4,0.7,269,0.02591255360288931,0.00018410331367200853,0.00018410331367200853,0.00016771099873377806
4,0.7,270,0.025943667123726588,0.00016981428062874248,0.00016981428062874248,0.0001668606052795884
4,0.7,271,0.0260548732610957,0.00017159650387818626,0.00014729159517460805,0.00017159650387818626
4,0.7,272,0.0261674682050911,0.00017412915321201618,0.00011850753143544526,0.00017412915321201618
4,0.7,273,0.026064545849679332,0.0001684102555551708,0.00015343107617943048,0.0001684102555551708
4,0.7,274,0.02606456327952362,0.00016987238667010303,0.00015259727423586853,0.00016987238667010303
4,0.7,275,0.02595369136526511,0.0001737943750184536,0.0001710937616633303,0.0001737943750184536
4,0.7,276,0.02596401137689213,0.00017346126547151646,0.00017181454673510267,0.00017346126547151646
4,0.7,277,0.026048633337962993,0.00017608413039462816,0.00015821517369559625,0.00017608413039462816
4,0.7,278,0.026010162709213372,0.00017552243033455722,0.00013300032125055516,0.00017552243033455722
4,0.7,279,0.026036844590146827,0.0001748859164203085,0.00013212413381515667,0.0001748859164203085
4,0.7,280,0.025803236071757225,0.00017273175799683443,0.0001286205990128962,0.00017273175799683443
4,0.7,281,0.025848286262095736,0.00017397082346769626,0.00014582686390811437,0.00017397082346769626
4,0.7,282,0.025903426551203444,0.000165299048394066,0.00012979130887768553,0.000165299048394066
4,0.7,283,0.026061134579163515,0.0001659892698826352,0.00012738690968958115,0.0001659892698826352
4,0.7,284,0.025864060116639647,0.00016661433068215835,0.000158188719236285,0.00016661433068215835
4,0.7,285,0.025823195955069548,0.0001654303372835422,0.0001486405552229714,0.0001654303372835422
4,0.7,286,0.02589168680910383,0.00016107296682551017,0.00015016418193203077,0.00016107296682551017
4,0.7,287,0.026022925647740988,0.0001627048094107903,0.00014400602291848923,0.0001627048094107903
4,0.7,288,0.02624674789555282,0.0001719046255126655,0.0001719046255126655,0.00017171953086829835
4,0.7,289,0.026133049125087716,0.00017909131774914667,0.00017909131774914664,0.00017061919376514718
4,0.7,290,0.026092391986087708,0.0001645101510696662,0.00015812700610523523,0.0001645101510696662
4,0.7,291,0.025907663972602864,0.00016594160684251023,0.00014728504530978686,0.00016594160684251023
4,0.7,292,0.025988144734925292,0.00016493748449872048,0.00015575185456271853,0.00016493748449872048
4,0.7,293,0.02628087829378602,0.00016219198544029838,0.00014233358354466747,0.00016219198544029838
4,0.7,294,0.026187071204639523,0.00016140113286560592,0.00014656670468045862,0.00016140113286560592
4,0.7,295,0.0259352848862615,0.00017083087222499307,0.00017083087222499307,0.00016454023659649773
4,0.7,296,0.02594495265978474,0.00017419244900950616,0.00017419244900950616,0.00016681110998757577
4,0.7,297,0.025828127520109958,0.00016576439378975893,0.00015064110935623934,0.00016576439378975893
4,0.7,298,0.02582866244321321,0.00016690561741190574,0.00013152719138714102,0.00016690561741190574
4,0.7,299,0.025832318092507748,0.0001668156485526407,0.00014196527415787267,0.0001668156485526407
4,0.7,300,0.025900442934973136,0.00017172929135090021,0.00016475645419903253,0.00017172929135090021
4,0.7,301,0.02594260801074651,0.00017262504284996992,0.00017262504284996992,0.00016670084547885992
4,0.7,302,0.026031298504528635,0.00018560840735974202,0.00018560840735974202,0.00016638514355890845
4,0.7,303,0.025958777800081118,0.00016288304598659036,0.00015600887364916285,0.00016288304598659036
4,0.7,304,0.025897236009243835,0.00016184262295826612,0.00016184262295826612,0.0001595964850259977
4,0.7,305,0.025980794950915844,0.00016539641189821478,0.00015571594723003923,0.00016539641189821478
4,0.7,306,0.025991973211686746,0.00016840288958893009,0.0001272155555207563,0.00016840288958893009
4,0.7,307,0.026050167265829958,0.00016931347170645353,9.770283952133817e-05,0.00016931347170645353
4,0.7,308,0.02609495899081141,0.0001726094326085115,0.0001140738366071612,0.0001726094326085115
4,0.7,309,0.026255995710818054,0.00017649088339907274,0.00014937281140263556,0.00017649088339907274
4,0.7,310,0.026293723526871822,0.00017398402732484038,0.00015892694423155453,0.00017398402732484038
4,0.7,311,0.02639585730355628,0.00016813031554137756,0.00015977773129501096,0.00016813031554137756
4,0.7,312,0.02618446730825497,0.00016761181210348975,0.00016761181210348975,0.00016607542948822822
4,0.7,313,0.02629235810343977,0.0001646361682323769,0.00014696111579320294,0.0001646361682323769
4,0.7,314,0.026153178860612025,0.0001643497990125413,0.00014025824125343854,0.0001643497990125413
4,0.7,315,0.026114688325197036,0.00016621246508189064,0.00015958069363017883,0.00016621246508189064
4,0.7,316,0.026185228210877546,0.00017872065960087787,0.00017872065960087787,0.00017181599430561657
4,0.7,317,0.026164799630770074,0.000170290549009986,0.00015883961216062878,0.000170290549009986
4,0.7,318,0.025887682495366618,0.00017744071057876072,0.00017744071057876072,0.00016262519473931965
4,0.7,319,0.026036081870056866,0.0001940702137105957,0.0001940702137105957,0.000162508411901741
4,0.7,320,0.025888407850504894,0.0001918828243480184,0.0001918828243480184,0.00016753153563068432
4,0.7,321,0.02574209626235132,0.0001932285117393871,0.00019322851173938713,0.00016974294718816345
4,0.7,322,0.02599855237994096,0.0001693877793863844,0.0001598739201360455,0.0001693877793863844
4,0.7,323,0.025950200349922008,0.00016828856326907738,0.0001644888209609781,0.00016828856326907738
4,0.7,324,0.025860745430746963,0.0001671794248770298,0.00015795735552710067,0.0001671794248770298
4,0.7,325,0.02581864799976129,0.0001795115372106178,0.0001795115372106178,0.00016035192661699395
4,0.7,326,0.025755314595148963,0.00016576590831064296,0.00015963309532702888,0.00016576590831064296
4,0.7,327,0.025758234493303507,0.0001605207421914532,0.00015955394092468625,0.0001605207421914532
4,0.7,328,0.025832959310924653,0.000169251724441607,0.00014458265374213874,0.000169251724441607
4,0.7,329,0.02577562166672953,0.000165456143429554,0.00016328388725600325,0.000165456143429554
4,0.7,330,0.025976962230011537,0.00018132095394711879,0.00018132095394711879,0.00016549506395924354
4,0.7,331,0.026022606902239623,0.00016971091898185248,0.00016971091898185248,0.000168443846640171
4,0.7,332,0.02584543027070577,0.00016670020281956514,0.00011850891058499564,0.00016670020281956514
4,0.7,333,0.02584818780652072,0.00017027230820858743,0.00016933291829192865,0.00017027230820858743
4,0.7,334,0.026004020700959037,0.0001894232526912686,0.0001894232526912686,0.00016781878038887667
4,0.7,335,0.025888194618943833,0.0002209646329816024,0.0002209646329816024,0.0001659029395287238
4,0.7,336,0.0257815275243133,0.0001792604326417057,0.0001792604326417057,0.0001635039207672965
4,0.7,337,0.02582542804227312,0.00019604878708011852,0.00019604878708011852,0.00016061393801757625
4,0.7,338,0.025770024152607117,0.00019063816994112156,0.00019063816994112159,0.00016434234646215372
4,0.7,339,0.025692091345405385,0.00021200129263414943,0.00021200129263414943,0.00016458365642593584
4,0.7,340,0.02589355088263782,0.00022617505260663043,0.00022617505260663043,0.0001659384357637654
4,0.7,341,0.02598167514679881,0.00020028499540595328,0.00020028499540595326,0.0001645866125493614
4,0.7,342,0.025916480396202667,0.00018870759773299082,0.00018870759773299082,0.0001703655227511287
4,0.7,343,0.025899198758685776,0.0001707274256764324,0.0001696966295080076,0.0001707274256764324
4,0.7,344,0.02583999152472799,0.0001857825561532247,0.0001857825561532247,0.00017034753331425973
4,0.7,345,0.02599632358471212,0.00016802118158893402,0.00016718875081115617,0.00016802118158893402
4,0.7,346,0.02586242021802678,0.00019187867462566876,0.00019187867462566876,0.00016393447246222613
4,0.7,347,0.02578643486088929,0.0002060935638630186,0.00020609356386301858,0.0001625227240227078
4,0.7,348,0.02567664329592345,0.00018486257907025607,0.00018486257907025604,0.0001620802211350526
4,0.7,349,0.025879920851716642,0.00017664068193150168,0.00017664068193150168,0.00016109561548154365
4,0.7,350,0.025847748922956968,0.0001945282666298384,0.0001945282666298384,0.00017007705429277937
4,0.7,351,0.025727259631612064,0.00018229985326159872,0.00018229985326159872,0.00017074155788670357
4,0.7,352,0.025761772913675887,0.0001754357063809955,0.0001754357063809955,0.00016943022501991195
4,0.7,353,0.025810762040364983,0.0001803983860735019,0.0001803983860735019,0.0001714846022427867
4,0.7,354,0.025595474808746178,0.00016657544146894617,0.00015947159755866542,0.00016657544146894617
4,0.7,355,0.025742873694301904,0.00016724720954414796,0.00016724720954414796,0.00016648501305391335
4,0.7,356,0.025722204938644872,0.00016759825277194162,0.00015994927628250127,0.00016759825277194162
4,0.7,357,0.025593224086459355,0.00016747672411002358,0.00016747672411002358,0.00016377854213178126
4,0.7,358,0.02571868364170003,0.00015968165950249467,0.0001475278188619515,0.00015968165950249467
4,0.7,359,0.025866726334372942,0.00018227072674759597,0.00018227072674759597,0.00016147705174431235
4,0.7,360,0.025933273578490075,0.0001685121790049116,0.0001685121790049116,0.00016326341953421124
4,0.7,361,0.02591876254332701,0.0001607540457558346,0.00015633198045570895,0.0001607540457558346
4,0.7,362,0.026006848300894243,0.00016561158105381164,0.0001226425517581943,0.00016561158105381164
4,0.7,363,0.026045786752445708,0.00017067720246446665,0.00012118238638805018,0.00017067720246446665
4,0.7,364,0.025932922126879334,0.00017069096854861835,0.00013309351344804524,0.00017069096854861835
4,0.7,365,0.025807285988511907,0.00016508540073968103,0.00012560707382742816,0.00016508540073968103
4,0.7,366,0.025782948711481832,0.00016231240574962364,0.00014075636786265624,0.00016231240574962364
4,0.7,367,0.025838461846295145,0.00017111927059787629,0.00014386768594346706,0.00017111927059787629
4,0.7,368,0.025741814382088064,0.0001658543042672816,0.00016474189167867058,0.0001658543042672816
4,0.7,369,0.025810692945952327,0.00016275997931229242,0.0001570932926720746,0.00016275997931229242
4,0.7,370,0.025926086359123215,0.00016680944789688752,0.0001523168056876949,0.00016680944789688752
4,0.7,371,0.026111676058680224,0.00017388795927556413,0.0001738879592755641,0.00016993654218217742
4,0.7,372,0.0261847241380567,0.000166395156793653,0.00015661064460290852,0.000166395156793653
4,0.7,373,0.02597958287788783,0.00017501159032490282,0.00017501159032490285,0.0001646717758307387
4,0.7,374,0.02587494040358575,0.00018364058713965091,0.00018364058713965091,0.0001664459787849078
4,0.7,375,0.025748237493206674,0.00017319958650011426,0.00017319958650011426,0.00017056341929286707
4,0.7,376,0.02582783161773173,0.00017081376031097346,0.0001678933300953814,0.00017081376031097346
4,0.7,377,0.025750875354357702,0.00016565519230410606,0.00016565519230410606,0.00016291706715101172
4,0.7,378,0.025717545747161598,0.00016924234557812723,0.00016613208779291632,0.00016924234557812723
4,0.7,379,0.02592043693829532,0.00016616674405966374,0.00014920421259217054,0.00016616674405966374
4,0.7,380,0.025869680199745226,0.00016758909788615033,0.00014862539933247233,0.00016758909788615033
4,0.7,381,0.025720434166347124,0.00016507091895694818,0.00014587697601936304,0.00016507091895694818
4,0.7,382,0.025932299510186257,0.00016991194471238335,0.00016479912802722118,0.00016991194471238335
4,0.7,383,0.026039874383578538,0.0001678490521765593,0.0001489193943540135,0.0001678490521765593
4,0.7,384,0.026151622540819833,0.00016551608205805368,0.0001649725384175362,0.00016551608205805368
4,0.7,385,0.026068276945704683,0.00016846947849468523,0.00016846947849468526,0.00016785271727155678
4,0.7,386,0.026046198850961398,0.0001732877959308807,0.0001732877959308807,0.00016725686063935512
4,0.7,387,0.025896905531109522,0.00016451563780053486,0.000140069954130408,0.00016451563780053486
4,0.7,388,0.025881168997699898,0.00016757296333015575,0.0001332521318703813,0.00016757296333015575
4,0.7,389,0.025959188849981704,0.00017350957212452773,0.00010728497913450844,0.00017350957212452773
4,0.7,390,0.025999634238170085,0.00016662436717235844,9.694389142569712e-05,0.00016662436717235844
4,0.7,391,0.026029794162815287,0.00017554861692813166,8.954563924768007e-05,0.00017554861692813166
4,0.7,392,0.026017671741888137,0.00016680161424287513,0.00011471206879502282,0.00016680161424287513
4,0.7,393,0.025901810929525763,0.00016627395554475426,0.00013227395098288827,0.00016627395554475426
4,0.7,394,0.025894195270593237,0.00017252745711386364,0.00017252745711386364,0.00016445841087767035
4,0.7,395,0.025912314160328073,0.00017005648775529717,0.00017005648775529717,0.00016576238948962752
4,0.7,396,0.02586131295248461,0.00020454238692498526,0.00020454238692498524,0.00016520745213080145
4,0.7,397,0.02576152088826305,0.00019067115142069058,0.00019067115142069058,0.0001661551329602407
4,0.7,398,0.025673961497163594,0.00018200901239007967,0.00018200901239007964,0.00016951633544177313
4,0.7,399,0.025705366393086952,0.00019006284958042422,0.00019006284958042422,0.00016216694096845584
4,0.7,400,0.025742108681498305,0.00016725088285378137,0.00015725190995885327,0.00016725088285378137
4,0.7,401,0.025996356610334902,0.00017191462981695852,0.00017191462981695855,0.00017100703047292376
4,0.7,402,0.025929203794307135,0.00017439203422001275,0.00017439203422001275,0.00016850872906120113
4,0.7,403,0.02590771769447204,0.00016565575117110862,0.00015899246040512128,0.00016565575117110862
4,0.7,404,0.026025685324464583,0.0001873645069281734,0.0001873645069281734,0.00017063174989144313
4,0.7,405,0.02603724794841143,0.00021456789954826902,0.00021456789954826902,0.0001702810476110559
4,0.7,406,0.026066370281867916,0.00020422338707493505,0.00020422338707493508,0.0001647167844731524
4,0.7,407,0.026182600527916995,0.0001841512925306923,0.00018415129253069226,0.00016853658529911606
4,0.7,408,0.026288818878027944,0.00020786634556180624,0.00020786634556180624,0.0001721062202454796
4,0.7,409,0.025892574912965937,0.00017675794888670233,0.00017675794888670233,0.00016609015840442898
4,0.7,410,0.025922234146787244,0.00017013766113716002,0.00015112702499100788,0.00017013766113716002
4,0.7,411,0.0256875652259186,0.0001657199502222033,0.0001646667365613236,0.0001657199502222033
4,0.7,412,0.025772911283977115,0.00016331989421815442,0.00015607354009973702,0.00016331989421815442
4,0.7,413,0.025852444676784617,0.00016727182197621876,0.00015987715324883826,0.00016727182197621876
4,0.7,414,0.025743037073331334,0.00017556429543357413,0.00017556429543357413,0.0001707011265787481
4,0.7,415,0.0258092255353316,0.00016835759908403873,0.0001662963216657582,0.00016835759908403873
4,0.7,416,0.02581075152382517,0.00019729430635205062,0.00019729430635205062,0.0001687755668998905
4,0.7,417,0.025893401306445202,0.0001687567237305646,0.00016501039990907606,0.0001687567237305646
4,0.7,418,0.026027569591477704,0.00018495679311814826,0.00018495679311814826,0.0001633460277470191
4,0.7,419,0.026144635476396973,0.00018696011825746438,0.00018696011825746438,0.00016452468118306342
4,0.7,420,0.026104548248228127,0.0001715817449726103,0.0001586319574036334,0.0001715817449726103
4,0.7,421,0.026084734398203614,0.00020018899679423183,0.00020018899679423183,0.00016767614932444513
4,0.7,422,0.02597255570729057,0.00018039877211072796,0.00018039877211072796,0.00016697303573040296
4,0.7,423,0.025999301401573013,0.00016969729809558352,0.00014611470675039964,0.00016969729809558352
4,0.7,424,0.026250269436253103,0.00017993225372328487,0.00017993225372328487,0.00017121525746380576
4,0.7,425,0.026197889584594656,0.00017215739546575767,0.00016311046213468683,0.00017215739546575767
4,0.7,426,0.026036396959801974,0.00017168895405275222,0.00015635659345813584,0.00017168895405275222
4,0.7,427,0.026027558221375122,0.00017713341893724603,0.00016896942548885787,0.00017713341893724603
4,0.7,428,0.026002493342785586,0.0001739157426720128,0.0001658224445409036,0.0001739157426720128
4,0.7,429,0.025849498318348596,0.0001694260596461365,0.0001541689469703008,0.0001694260596461365
4,0.7,430,0.025820564776531926,0.000158774024481178,0.0001448801483951592,0.000158774024481178
4,0.7,431,0.025674550048405298,0.00016766645762566576,0.0001586515810453994,0.00016766645762566576
4,0.7,432,0.025700213698653364,0.00019865610653359205,0.00019865610653359202,0.00016223068730796897
4,0.7,433,0.025680005566626453,0.00020013356647115556,0.0002001335664711556,0.00016782772325335562
4,0.7,434,0.025669280896411777,0.0001719803336633608,0.0001484730059632375,0.0001719803336633608
4,0.7,435,0.02577973226409488,0.00019200451808567857,0.0001920045180856786,0.00016470041435595118
4,0.7,436,0.025729933289814585,0.0001631768735632256,0.00015125991701865017,0.0001631768735632256
4,0.7,437,0.02569322103440123,0.00016463930299700065,0.00015469318577803178,0.00016463930299700065
4,0.7,438,0.02572120755762492,0.00016739722937832946,0.00013864050949808976,0.00016739722937832946
4,0.7,439,0.025671472479752,0.0001631421832625347,0.00013487979568044562,0.0001631421832625347
4,0.7,440,0.025773643157717806,0.00018173785970489707,0.00018173785970489707,0.00016930141776811918
4,0.7,441,0.02577187870134567,0.00016816425855986514,0.00015178328820840534,0.00016816425855986514
4,0.7,442,0.025870039435149334,0.00017273556269342208,0.00017273556269342208,0.00016182924332625132
4,0.7,443,0.02590444786367242,0.0001736975311170672,0.0001736975311170672,0.00016805213042146258
4,0.7,444,0.02603567603154822,0.00017301708144728994,0.00015523924484039264,0.00017301708144728994
4,0.7,445,0.026025955351249973,0.00017287467305822645,0.00017287467305822645,0.00017153814183917845
4,0.7,446,0.02602068115775794,0.000188006702535402,0.000188006702535402,0.00017199610283199037
4,0.7,447,0.026051653499337003,0.00018134928307066782,0.00018134928307066785,0.00016341179541247454
4,0.7,448,0.02603091940087313,0.0001739577781855881,0.00017314612316506216,0.0001739577781855881
4,0.7,449,0.026166223498510388,0.0001698930062812633,0.00015010027454496032,0.0001698930062812633
4,0.7,450,0.026018878664897042,0.00016848528774451638,0.0001547503991840189,0.00016848528774451638
4,0.7,451,0.025829521706199732,0.00020021795287493145,0.00020021795287493142,0.00016890592241444532
4,0.7,452,0.02570886504719223,0.00016761107525084092,0.00016761107525084092,0.0001622573587484614
4,0.7,453,0.02569512786621624,0.00018452297938017647,0.00018452297938017647,0.0001655398521842529
4,0.7,454,0.025795221362059216,0.00021084848783139843,0.00021084848783139846,0.0001703602782191698
4,0.7,455,0.02585537662065151,0.0002099526791975586,0.0002099526791975586,0.00016981206038309447
4,0.7,456,0.025882848559397036,0.0001671833774440871,0.0001671833774440871,0.00016224037120992192
4,0.7,457,0.025957772938971564,0.00016792904721224506,0.00013224033791650887,0.00016792904721224506
4,0.7,458,0.02588604003064634,0.000170036225490837,0.00015321049911602198,0.000170036225490837
4,0.7,459,0.02588718242938771,0.0001762505174149196,0.0001762505174149196,0.00016884210984398438
4,0.7,460,0.02575212070431097,0.00016511514209535306,0.0001546444671169112,0.00016511514209535306
4,0.7,461,0.025651912470498302,0.00017744619471555024,0.00017744619471555024,0.0001652221363969134
4,0.7,462,0.025541544436950614,0.00016369727049615052,0.00015796912247153296,0.00016369727049615052
4,0.7,463,0.025913449795553902,0.0001668649928797756,0.00016686499287977557,0.00016293909019536574
4,0.7,464,0.02596783769246517,0.00016477256164482596,0.00016477256164482596,0.0001639675885359738
4,0.7,465,0.026061492334468715,0.00017734990971999702,0.000177349909719997,0.00016180590133001187
4,0.7,466,0.02612552976659384,0.0001702712086269849,0.0001702712086269849,0.00016640180786677434
4,0.7,467,0.026069033929036804,0.00017267796159937544,0.00015450349871774633,0.00017267796159937544
4,0.7,468,0.025764451544111285,0.00017457437302095553,0.00017457437302095553,0.00016481883962189152
4,0.7,469,0.025633661632119328,0.00016015578415159702,0.00015011760192434146,0.00016015578415159702
4,0.7,470,0.025804205527355354,0.00016835146239720046,0.00015536111260698845,0.00016835146239720046
4,0.7,471,0.02577089425710001,0.0001746261417561344,0.0001746261417561344,0.00016634749205098837
4,0.7,472,0.025904616531858805,0.0001764445705986814,0.0001764445705986814,0.00016279413682693464
4,0.7,473,0.0258149334501829,0.0001641260367564638,0.00015541100735277891,0.0001641260367564638
4,0.7,474,0.02575253086847613,0.00019997932554033794,0.0001999793255403379,0.00016579130214938257
4,0.7,475,0.025839322128269584,0.00020213153278417342,0.0002021315327841734,0.00016577872716342835
4,0.7,476,0.025915892114806306,0.00018488661147610794,0.00018488661147610794,0.00016625640036726532
4,0.7,477,0.02571196774484266,0.00022297421614256573,0.00022297421614256573,0.00016227806202521837
4,0.7,478,0.025716231568514426,0.00019006835006358567,0.0001900683500635857,0.00016697302260263428
4,0.7,479,0.025686946918425272,0.0001816920880382036,0.0001816920880382036,0.0001629138542902084
4,0.7,480,0.025915023122270123,0.00016886730410641123,0.00016304213864593015,0.00016886730410641123
4,0.7,481,0.026102193842545588,0.00018779470515248938,0.0001877947051524894,0.00017044805179530886
4,0.7,482,0.02598753080704159,0.0001886898113724384,0.0001886898113724384,0.00016937274932540654
4,0.7,483,0.02589558144721666,0.00016424156439076516,0.00016103533769548526,0.00016424156439076516
4,0.7,484,0.026207028211921866,0.00017652656169868521,0.0001723705134500292,0.00017652656169868521
4,0.7,485,0.026132450598267062,0.00016907767346243473,0.00014728105147930476,0.00016907767346243473
4,0.7,486,0.02614746796718709,0.0001736729420902819,0.0001713863048525609,0.0001736729420902819
4,0.7,487,0.026174994873260148,0.00017418031249327994,0.00016848597201835164,0.00017418031249327994
4,0.7,488,0.02629684542927532,0.0001801365137151126,0.0001801365137151126,0.0001748310820525419
4,0.7,489,0.026265341928044986,0.00017864335748008287,0.00017017734431941034,0.00017864335748008287
4,0.7,490,0.02622489637790727,0.00018873576824869696,0.00018873576824869696,0.00017610819256937404
4,0.7,491,0.02630974284628559,0.00020445473167981926,0.00020445473167981926,0.00017169535524866913
4,0.7,492,0.02597940771150392,0.00017105521596686517,0.00015507640369272717,0.00017105521596686517
4,0.7,493,0.02613912260593063,0.00017511262789017155,0.00016465908621387563,0.00017511262789017155
4,0.7,494,0.026036288161170835,0.00017526369760361742,0.0001669888046104934,0.00017526369760361742
4,0.7,495,0.025903945920421365,0.00019813267016146203,0.00019813267016146203,0.00016874096608665817
4,0.7,496,0.026228480665656837,0.0001797870924610945,0.0001797870924610945,0.00017242623312639971
4,0.7,497,0.026182299854985706,0.00017862346898013515,0.00017862346898013512,0.00016807842045600598
4,0.7,498,0.026235379908198932,0.0001710953002757806,0.0001710953002757806,0.00016447668621648038
4,0.7,499,0.026034219437122044,0.000206727326475564,0.000206727326475564,0.00016817133293494348
4,0.7,500,0.02590105305666196,0.00020417685725039969,0.0002041768572503997,0.0001623710563088222
4,0.9,0,0.08272563678048721,0.0002554058122950323,0.00024165755168910027,0.0002554058122950323
4,0.9,1,0.05061197936767051,0.00026089651397126723,0.0002506802212309086,0.00026089651397126723
4,0.9,2,0.039772042148580405,0.00024243345050305065,0.00024243345050305068,0.00023536450800874914
4,0.9,3,0.034637345756176205,0.00021047704814256444,0.00020431141543027524,0.00021047704814256444
4,0.9,4,0.03170926811596611,0.00022512921794254933,0.0002251292179425493,0.00020790803641806353
4,0.9,5,0.029942764674148616,0.0002092348299422756,0.0002092348299422756,0.0002032779691877201
4,0.9,6,0.028822672752439587,0.00019382671100608422,0.00017773859654550468,0.00019382671100608422
4,0.9,7,0.028022690534032658,0.00018606877483269763,0.0001817521626063646,0.00018606877483269763
4,0.9,8,0.027264786158997852,0.00018122718457315616,0.00018122718457315613,0.00017647541795955712
4,0.9,9,0.026859112566818274,0.00017860981678225263,0.00015768328784665576,0.00017860981678225263
4,0.9,10,0.026393754332249605,0.00016778082927360228,0.0001544595923152738,0.00016778082927360228
4,0.9,11,0.026332739522697917,0.0001666849483539469,0.00014235006758082436,0.0001666849483539469
4,0.9,12,0.02635665043898827,0.00016818731122347007,0.00013565268612790316,0.00016818731122347007
4,0.9,13,0.0262186869471987,0.0001691395499554233,0.0001317348274708432,0.0001691395499554233
4,0.9,14,0.026143692260269705,0.00017542388282757628,0.00017542388282757628,0.0001698615728111018
4,0.9,15,0.026324353371756693,0.0001844309494055591,0.0001844309494055591,0.00017363796633845582
4,0.9,16,0.026278323503194735,0.0001835629556853306,0.0001835629556853306,0.00017099355493546087
4,0.9,17,0.02639406654365821,0.00022693459052321687,0.00022693459052321684,0.0001708776501389927
4,0.9,18,0.02630718769063778,0.00019385719474366257,0.00019385719474366257,0.00017158706075962984
4,0.9,19,0.02632216620142083,0.00018918651625039016,0.0001891865162503902,0.00017107276592653973
4,0.9,20,0.026233001751357687,0.0001778458722274293,0.0001778458722274293,0.00016837031105082663
4,0.9,21,0.026483371805526353,0.00017084970749313414,0.0001697295937893452,0.00017084970749313414
4,0.9,22,0.026219331762960506,0.00016446791677058835,0.00014505569992678566,0.00016446791677058835
4,0.9,23,0.026101975149707916,0.0001680278603068312,0.00014891801542660983,0.0001680278603068312
4,0.9,24,0.025926788537275803,0.00016252909244896424,0.0001490375249958914,0.00016252909244896424
4,0.9,25,0.025744454818522982,0.00018391392293935682,0.0001839139229393568,0.00016562408751421483
4,0.9,26,0.025707653543777634,0.00016869684830918142,0.00016354123567122848,0.00016869684830918142
4,0.9,27,0.025806024851501668,0.00017266076701447764,0.00017266076701447764,0.00015825437783736419
4,0.9,28,0.025608286463395902,0.00016184126596100888,0.00016184126596100888,0.00016022806801122943
4,0.9,29,0.025646355820747768,0.0001633981631044519,0.0001633981631044519,0.00016015482138219406
4,0.9,30,0.025671392764577656,0.00016279104835847585,0.00016279104835847585,0.00016171015372380565
4,0.9,31,0.025712604784210367,0.00016831107952702384,0.00013455426371730459,0.00016831107952702384
4,0.9,32,0.025711368105538212,0.00016659956875088617,0.00012408156052424687,0.00016659956875088617
4,0.9,33,0.02591088951396412,0.00016637901193877058,0.000125322651366884,0.00016637901193877058
4,0.9,34,0.025751183352807464,0.0001757536298236787,0.00017575362982367873,0.0001666926466776489
4,0.9,35,0.02583579877118964,0.00016054137599630982,0.00013963619286848947,0.00016054137599630982
4,0.9,36,0.02608007273210427,0.00019150435598845389,0.0001915043559884539,0.000170630622495306
4,0.9,37,0.025876151788684947,0.00018793442519811829,0.0001879344251981183,0.00016122933568531593
4,0.9,38,0.025901310332315033,0.00017399957579254555,0.00017399957579254555,0.00016975679830395361
4,0.9,39,0.025954213151876907,0.0001684339395251954,0.00016728760691433645,0.0001684339395251954
4,0.9,40,0.02596280336591775,0.00016654404531958264,0.00016600781417285844,0.00016654404531958264
4,0.9,41,0.025911396942816,0.00016901601685356905,0.0001578403045686304,0.00016901601685356905
4,0.9,42,0.025990562360029956,0.00017420783031279625,0.00015914993810072907,0.00017420783031279625
4,0.9,43,0.026136488028172682,0.0001781405126122175,0.0001630260641840863,0.0001781405126122175
4,0.9,44,0.0258433983478288,0.0001677396980418021,0.0001496135400948788,0.0001677396980418021
4,0.9,45,0.02602032963963456,0.00016898496229536457,0.00016034226861450578,0.00016898496229536457
4,0.9,46,0.026058287356806417,0.00016864828094268172,0.0001249844513624039,0.00016864828094268172
4,0.9,47,0.025834651202856537,0.00017438373622380833,0.00017438373622380833,0.00016214248384582112
4,0.9,48,0.025712799564393634,0.00016193236221192462,0.00016193236221192462,0.00015879637060432186
4,0.9,49,0.025710400217842152,0.00016268666908666673,0.00015201435771954714,0.00016268666908666673
4,0.9,50,0.025827767324637825,0.0001674693975323211,0.0001650437533818023,0.0001674693975323211
4,0.9,51,0.025753744678347654,0.00016287643400001838,0.0001581487402588283,0.00016287643400001838
4,0.9,52,0.025809419223603428,0.00016253718163602548,0.0001625371816360255,0.0001603303213844556
4,0.9,53,0.02590738049089814,0.00016350166584208492,0.00015016035427082073,0.00016350166584208492
4,0.9,54,0.026023831395593344,0.00017020575758511258,0.00014505861355336517,0.00017020575758511258
4,0.9,55,0.02601443817113664,0.0001719815246696349,0.00015849740297082377,0.0001719815246696349
4,0.9,56,0.025716675850155354,0.00017156556342934006,0.00015428129861239909,0.00017156556342934006
4,0.9,57,0.025764469875286432,0.00018049699982321653,0.00018049699982321653,0.00017530383582962909
4,0.9,58,0.025912987610088277,0.00017092166058892879,0.00017092166058892879,0.0001697774754846337
4,0.9,59,0.025996373461921393,0.0001688301324597391,0.0001670928759076188,0.0001688301324597391
4,0.9,60,0.026083839314007276,0.00017036203112380283,0.00016466006632597828,0.00017036203112380283
4,0.9,61,0.02597683881544662,0.00017045676204803723,0.00014115788299130246,0.00017045676204803723
4,0.9,62,0.02586226407960295,0.00016769737058551227,0.00015010488625215153,0.00016769737058551227
4,0.9,63,0.025859561223458748,0.0001725390969178747,0.00016945540558355028,0.0001725390969178747
4,0.9,64,0.02579857425382813,0.0001950225025526234,0.0001950225025526234,0.00016795589028774287
4,0.9,65,0.025816622856791403,0.0001715392922772007,0.0001715392922772007,0.00016783948877858507
4,0.9,66,0.025533030689929195,0.00016837340527768563,0.00014543784713957924,0.00016837340527768563
4,0.9,67,0.025564365467623404,0.00017080106644568816,0.000142796083798474,0.00017080106644568816
4,0.9,68,0.025647717396701335,0.0001699223408429333,0.00014523708040612083,0.0001699223408429333
4,0.9,69,0.025705811929588686,0.0001686389927721214,0.0001212453929250183,0.0001686389927721214
4,0.9,70,0.025737894267347978,0.00016851735429847896,0.00016025896231294283,0.00016851735429847896
4,0.9,71,0.025647130236619447,0.00016294570329366143,0.0001500863828250536,0.00016294570329366143
4,0.9,72,0.025608897486104565,0.00016001429387536267,0.0001570029251504931,0.00016001429387536267
4,0.9,73,0.02551144490315182,0.00015948088247662873,0.00015260881287165783,0.00015948088247662873
4,0.9,74,0.02555231429525555,0.00016213297161300161,0.0001488867943871974,0.00016213297161300161
4,0.9,75,0.0255640013337966,0.00016197908857217688,0.00016197908857217688,0.00015802591085896787
4,0.9,76,0.025570545362757127,0.0001626976084345963,0.00014687809446134985,0.0001626976084345963
4,0.9,77,0.0255058869517848,0.00016586389585106025,0.00016586389585106025,0.00016339024968605782
4,0.9,78,0.02570459580857013,0.00016862397086623367,0.00016862397086623367,0.00016507194321417365
4,0.9,79,0.025783649346450593,0.00018943414217213048,0.00018943414217213048,0.0001607389470082201
4,0.9,80,0.025810336837433955,0.00018850992341814095,0.00018850992341814095,0.0001708503733449182
4,0.9,81,0.025818355206490905,0.00017322440851097074,0.00017113760267959064,0.00017322440851097074
4,0.9,82,0.025843759453102935,0.00017352892587126534,0.00017102444978854607,0.00017352892587126534
4,0.9,83,0.025952129843568216,0.000188078703481889,0.000188078703481889,0.00017467186109797797
4,0.9,84,0.026036824756750586,0.00018945111635326623,0.00018945111635326623,0.0001796078344139572
4,0.9,85,0.02576918618771674,0.0001902947556239437,0.0001902947556239437,0.00017604890056116757
4,0.9,86,0.025783989335393855,0.0001699608089780229,0.00016380121930633753,0.0001699608089780229
4,0.9,87,0.025818259759805992,0.00020027230154314623,0.0002002723015431462,0.00017349298617786832
4,0.9,88,0.025783660885257728,0.00016943950311331497,0.00016708848292867106,0.00016943950311331497
4,0.9,89,0.025783260646652737,0.00018012688870880188,0.0001801268887088019,0.00017238882864100728
4,0.9,90,0.025843658977517305,0.00021039727236064882,0.0002103972723606488,0.00017394203444183573
4,0.9,91,0.025743675325484654,0.00017562800514512583,0.00017562800514512583,0.0001685857211330043
4,0.9,92,0.02556823084433538,0.00016765224811842252,0.00014367848472127736,0.00016765224811842252
4,0.9,93,0.025590711833838733,0.00017021130469930482,0.0001635801057326801,0.00017021130469930482
4,0.9,94,0.025632640978221488,0.00017256187146914127,0.00017256187146914127,0.00017214944475242157
4,0.9,95,0.025797107205494947,0.000172334120879997,0.0001512400697309131,0.000172334120879997
4,0.9,96,0.02568011282732022,0.00016318975261292782,0.00015531253519225716,0.00016318975261292782
4,0.9,97,0.02571455834430987,0.0001782738295208561,0.0001782738295208561,0.00016479330639372215
4,0.9,98,0.025620353528243264,0.00016301071793474057,0.00016199053053353292,0.00016301071793474057
4,0.9,99,0.02556321745522245,0.0001633027163178389,0.00014853038764638726,0.0001633027163178389
4,0.9,100,0.02562211178718462,0.00017239735787911737,0.00017239735787911737,0.0001628893375767339
4,0.9,101,0.025663735401335017,0.0001567811678107581,0.00013577654696073974,0.0001567811678107581
4,0.9,102,0.025898453612014313,0.0001589993280390621,0.00014851734091240272,0.0001589993280390621
4,0.9,103,0.025957956868843328,0.00016587775987543838,0.00014894068115998103,0.00016587775987543838
4,0.9,104,0.02606608431052108,0.000171008530970296,0.00017077464332705938,0.000171008530970296
4,0.9,105,0.025948014520080477,0.0001882628782247373,0.0001882628782247373,0.0001627995895492245
4,0.9,106,0.025734625999403564,0.000193813526729337,0.000193813526729337,0.00016478444249971662
4,0.9,107,0.026162406273798244,0.00019077839191778944,0.00019077839191778946,0.00017205393553900442
4,0.9,108,0.02619654700099854,0.00016736984093499474,0.00016406906433080192,0.00016736984093499474
4,0.9,109,0.026177919517780594,0.00020462010099558202,0.00020462010099558202,0.00016820162716227574
4,0.9,110,0.026210310745056354,0.00020104674142228237,0.00020104674142228237,0.00016777544714752175
4,0.9,111,0.026198034415075636,0.00020509101762795936,0.00020509101762795933,0.00016936162264229016
4,0.9,112,0.026146811026799763,0.00016507653427775347,0.00015334761933028215,0.00016507653427775347
4,0.9,113,0.02610818166262053,0.00017914501313284834,0.00017914501313284832,0.0001693783295113177
4,0.9,114,0.02594473173863309,0.0001671189509324884,0.00015485389970694948,0.0001671189509324884
4,0.9,115,0.025961682956230955,0.00019623446788028448,0.00019623446788028445,0.00016767942526010098
4,0.9,116,0.02609701145226797,0.00020729985369565443,0.00020729985369565443,0.00016793119098286002
4,0.9,117,0.026130172782038583,0.00017243578431026354,0.00017243578431026352,0.00016940889884619123
4,0.9,118,0.026008121042860415,0.00016844753869347856,0.00016844753869347856,0.00016551895767235838
4,0.9,119,0.026138829265729493,0.00017470318165858977,0.00017470318165858977,0.00016552795797071667
4,0.9,120,0.0261783548262201,0.0001772190983337477,0.0001772190983337477,0.00017066208175165742
4,0.9,121,0.026234322480885416,0.00016790018084617323,0.00014632597369871738,0.00016790018084617323
4,0.9,122,0.026078660150675104,0.00016929008173534045,0.00014149390444992012,0.00016929008173534045
4,0.9,123,0.02614948382689122,0.00017241259757265164,0.000138127598033142,0.00017241259757265164
4,0.9,124,0.026082848144142825,0.0001677736416502857,0.0001663977070763867,0.0001677736416502857
4,0.9,125,0.026031087164112503,0.0001864600898408125,0.0001864600898408125,0.00016803899508662456
4,0.9,126,0.025799918194414007,0.00017252822966046954,0.00016003722010241635,0.00017252822966046954
4,0.9,127,0.025680906116556615,0.0001709493368112439,0.00014221912503701879,0.0001709493368112439
4,0.9,128,0.025768429451729594,0.0001671734643454727,0.00013781103665772815,0.0001671734643454727
4,0.9,129,0.02589305439723708,0.0001721167768264561,0.0001721167768264561,0.0001689060335876675
4,0.9,130,0.02589058687351767,0.000166289065722064,0.0001616006619881009,0.000166289065722064
4,0.9,131,0.025698924949442804,0.00015924997529049746,0.00015540825545386284,0.00015924997529049746
4,0.9,132,0.02572466911424409,0.000166114517905542,0.000166114517905542,0.0001622137004833643
4,0.9,133,0.025653665169159033,0.0001671132643842224,0.00016711326438422237,0.0001602409603823186
4,0.9,134,0.025657897079444957,0.00019210094382824706,0.00019210094382824706,0.0001621173318214923
4,0.9,135,0.02561365901299474,0.00019942600794200957,0.00019942600794200954,0.0001646336936203743
4,0.9,136,0.025565168300641303,0.0001718484287900252,0.0001718484287900252,0.00016253704165088186
4,0.9,137,0.025538211413969426,0.00017675415454912325,0.00017675415454912322,0.00016343950540137402
4,0.9,138,0.025629168090544,0.00016532931012114293,0.00016532931012114293,0.00016358754911442952
4,0.9,139,0.025803445486882112,0.0001657630324235916,0.00014873883302407673,0.0001657630324235916
4,0.9,140,0.02588826239650054,0.0001679529887896737,0.0001679529887896737,0.00016620949006351438
4,0.9,141,0.02598928856779637,0.00017008069721416742,0.00016171765398371443,0.00017008069721416742
4,0.9,142,0.02593191414687582,0.00016889910584216795,0.00016889910584216798,0.0001648953853163307
4,0.9,143,0.025828118808237897,0.00016866141690764864,0.00015632705242176075,0.00016866141690764864
4,0.9,144,0.026035056620649703,0.00016748801558660666,0.00015757511803683527,0.00016748801558660666
4,0.9,145,0.025884245971331345,0.00016317719513352934,0.00013589049212800388,0.00016317719513352934
4,0.9,146,0.025781258199755384,0.00016555345527131328,0.00016122515030461153,0.00016555345527131328
4,0.9,147,0.02574409864447018,0.0001691469688598672,0.0001611309123518741,0.0001691469688598672
4,0.9,148,0.025769255255289687,0.000164012053653707,0.00016246893024808413,0.000164012053653707
4,0.9,149,0.025773520386460438,0.00016354549530815977,0.00016200198762796235,0.00016354549530815977
4,0.9,150,0.0257762039025954,0.00018233255674084,0.00018233255674083998,0.0001616821322054307
4,0.9,151,0.025876345009089332,0.00018746503421111432,0.0001874650342111143,0.00015602683556247753
4,0.9,152,0.025876324971438432,0.00018581608788940856,0.00018581608788940853,0.00015757296288298648
4,0.9,153,0.025814471068274433,0.00016271906558068438,0.00015442309225063535,0.00016271906558068438
4,0.9,154,0.025917328811765897,0.00016254169506977654,0.00014208499780772442,0.00016254169506977654
4,0.9,155,0.02569188613430525,0.00016410516903425426,0.00016410516903425423,0.0001589474958540853
4,0.9,156,0.025654269788491946,0.00015919837808285077,0.00015242589924780565,0.00015919837808285077
4,0.9,157,0.025482794993058867,0.00015566301399105056,0.00013834266192449098,0.00015566301399105056
4,0.9,158,0.02562525055174246,0.00017547803479277905,0.00017547803479277903,0.00015853533864498435
4,0.9,159,0.025624544560073615,0.00018636749689030944,0.00018636749689030944,0.00016253850122447267
4,0.9,160,0.025521397102654723,0.00016204864022635276,0.00014776699413952154,0.00016204864022635276
4,0.9,161,0.02568121633076492,0.0001750755255150172,0.00017507552551501718,0.00016274007643392874
4,0.9,162,0.025630939495663158,0.00019008548059680705,0.00019008548059680705,0.0001624319845526374
4,0.9,163,0.02571535044098943,0.00016565561091932038,0.00016439677817343316,0.00016565561091932038
4,0.9,164,0.02589544796686671,0.00016991695892294118,0.0001536745063849132,0.00016991695892294118
4,0.9,165,0.02572588697491868,0.00016800956416807825,0.00015871235520557736,0.00016800956416807825
4,0.9,166,0.02574952198694523,0.00016621616214951602,0.00013700144379097983,0.00016621616214951602
4,0.9,167,0.025801016658978083,0.00018692728772539443,0.00018692728772539443,0.00016473559416687648
4,0.9,168,0.02590655926628978,0.0001845172365590009,0.00018451723655900089,0.00016498350626566017
4,0.9,169,0.02584686769200164,0.0001815603287572185,0.00018156032875721846,0.00016859499296515025
4,0.9,170,0.025809921147620922,0.00019876888583716292,0.00019876888583716292,0.00017205264195362298
4,0.9,171,0.025946991089122743,0.000184856349141517,0.000184856349141517,0.00017336114992328589
4,0.9,172,0.025853268680428743,0.00017171595950845326,0.00017171595950845326,0.00016376383779423208
4,0.9,173,0.025606216976321258,0.0001689937198536173,0.000167606344954174,0.0001689937198536173
4,0.9,174,0.025653102905578172,0.0001726366685279426,0.00016002262222696682,0.0001726366685279426
4,0.9,175,0.025894700748476624,0.00017261192297397148,0.00014976574882472583,0.00017261192297397148
4,0.9,176,0.02585446148396038,0.0001688083900984276,0.00015347915772839074,0.0001688083900984276
4,0.9,177,0.025917812927162266,0.00017001302665854365,0.0001546614229072637,0.00017001302665854365
4,0.9,178,0.025875887429258504,0.0001686659149201756,0.00016330785089679347,0.0001686659149201756
4,0.9,179,0.025732040808482508,0.00016808539808396195,0.00016238413889200668,0.00016808539808396195
4,0.9,180,0.02577580219058954,0.00017587120985512752,0.00017587120985512752,0.00016810150590274942
4,0.9,181,0.025704590627307608,0.0001849625996198562,0.00018496259961985623,0.0001687388555560163
4,0.9,182,0.02564759855841857,0.0002020289577143035,0.0002020289577143035,0.00016993884068412123
4,0.9,183,0.025664093769680804,0.00021627883697992236,0.00021627883697992233,0.00016434181932581661
4,0.9,184,0.02593668547560004,0.000193240596385606,0.00019324059638560598,0.00016673183935748118
4,0.9,185,0.025846328209157166,0.0001747199557196662,0.0001747199557196662,0.0001705144426198179
4,0.9,186,0.025670088584309168,0.00016546796098999657,0.00016507748571512312,0.00016546796098999657
4,0.9,187,0.025773777774433314,0.00019135486028029603,0.00019135486028029605,0.0001698033926895354
4,0.9,188,0.025603522129318816,0.00018286266313412495,0.00018286266313412498,0.00016424436626198246
4,0.9,189,0.02558014893244497,0.00016963450181607285,0.00016963450181607285,0.00016448911604760244
4,0.9,190,0.02561027895927152,0.00017635856061561835,0.00017635856061561835,0.00016799467984877524
4,0.9,191,0.025527816076432303,0.00016809289991936,0.00014551194680459723,0.00016809289991936
4,0.9,192,0.02585080961713291,0.0001730987871574843,0.0001358905656726503,0.0001730987871574843
4,0.9,193,0.025877037802060642,0.00017075049323971402,0.00017075049323971402,0.00016453027963767022
4,0.9,194,0.02567019502178266,0.0001670532596187335,0.00016061487976987891,0.0001670532596187335
4,0.9,195,0.0257797625004697,0.00019319925791496596,0.00019319925791496596,0.00017269625250321578
4,0.9,196,0.025915690683683008,0.00020021281537306587,0.00020021281537306587,0.00017265459130522958
4,0.9,197,0.02561991903042476,0.0001788826144292074,0.0001788826144292074,0.00017080052838257901
4,0.9,198,0.025579996389690753,0.00017679362837687225,0.00017679362837687225,0.0001664093249596524
4,0.9,199,0.02558545944944787,0.0001571322924243514,0.00015297396764469613,0.0001571322924243514
4,0.9,200,0.025677705462617953,0.00016879594332060643,0.00016879594332060643,0.00016032903436363313
4,0.9,201,0.02585045561957359,0.00016581573367580504,0.000148678318738865,0.00016581573367580504
4,0.9,202,0.025948493720938236,0.00016325896045912383,0.00015922368136042455,0.00016325896045912383
4,0.9,203,0.02590296580457339,0.0001689163374764859,0.0001495797007720603,0.0001689163374764859
4,0.9,204,0.025824422876507793,0.00017033502797367145,0.0001437201473481764,0.00017033502797367145
4,0.9,205,0.025846634486328176,0.00016621040163827412,0.00016218759261012948,0.00016621040163827412
4,0.9,206,0.025814863807251183,0.00016776289228719076,0.0001503302286075445,0.00016776289228719076
4,0.9,207,0.025928865426059648,0.0001651755370751349,0.00015976456100751294,0.0001651755370751349
4,0.9,208,0.025811958557314742,0.00018757762705065863,0.00018757762705065863,0.0001627339344558352
4,0.9,209,0.025905155581717843,0.00017747643054477123,0.00017747643054477123,0.0001658731800613846
4,0.9,210,0.025858480602438803,0.00017778050595264037,0.0001777805059526404,0.00016768277761204653
4,0.9,211,0.02584954075793434,0.00016956445757464682,0.00016833557272018435,0.00016956445757464682
4,0.9,212,0.025893101184088288,0.00017658788424605235,0.00017658788424605235,0.00016691661983351912
4,0.9,213,0.02566691812524362,0.00016432010412633852,0.00016432010412633852,0.00016080628764372068
4,0.9,214,0.025749498227172863,0.00015811765077959134,0.00014605542486369454,0.00015811765077959134
4,0.9,215,0.025810597868776028,0.00016036120127871232,0.00015090790248705792,0.00016036120127871232
4,0.9,216,0.025854451371214813,0.000162749764469546,0.00014473833855226586,0.000162749764469546
4,0.9,217,0.02578581796491956,0.00016576503055111438,0.00016576503055111438,0.0001623670298297461
4,0.9,218,0.025929055377424286,0.00016075055784031824,0.00014405078158795782,0.00016075055784031824
4,0.9,219,0.026059754086749768,0.0001843139233064412,0.00018431392330644123,0.00016253842236535175
4,0.9,220,0.025997195511862956,0.0001687143178082318,0.00014354480764608015,0.0001687143178082318
4,0.9,221,0.026082661601764555,0.00017033025809196794,0.0001602958248633351,0.00017033025809196794
4,0.9,222,0.026237621309777328,0.00017930797602536935,0.00017930797602536935,0.00017657828453859878
4,0.9,223,0.026302809942534585,0.00017046351568210255,0.000166616606757236,0.00017046351568210255
4,0.9,224,0.02600837671512308,0.00017759085928610802,0.00017759085928610802,0.00016810696471564283
4,0.9,225,0.02599668986687183,0.00017085664613342722,0.00017085664613342722,0.00016262817975308704
4,0.9,226,0.02582789398787054,0.0001945832197972242,0.00019458321979722417,0.0001658382100447256
4,0.9,227,0.025873879904747828,0.0001977401857801861,0.0001977401857801861,0.00016871553340218505
4,0.9,228,0.026080256242936035,0.0001854051154401341,0.0001854051154401341,0.00017128376315704268
4,0.9,229,0.026196627574910158,0.00017330395931118862,0.00017330395931118862,0.00017188748816711073
4,0.9,230,0.026107329099505867,0.0001665712164301495,0.0001665712164301495,0.00016226339287705684
4,0.9,231,0.025851721429982245,0.00017606540827595822,0.00017606540827595822,0.00016274245011348347
4,0.9,232,0.02584016156107711,0.0001654235334037032,0.0001538125521620221,0.0001654235334037032
4,0.9,233,0.025579327182579693,0.0001643210517008859,0.00015649015270986907,0.0001643210517008859
4,0.9,234,0.025657564432282717,0.00017025827848484386,0.00014151106062966961,0.00017025827848484386
4,0.9,235,0.0256956578623142,0.0001727966709237762,0.00015380077933024156,0.0001727966709237762
4,0.9,236,0.02573388629455148,0.00017595352747490348,0.00017595352747490348,0.00017091301394982493
4,0.9,237,0.02576191985377712,0.00016578390618487686,0.00016415196578623277,0.00016578390618487686
4,0.9,238,0.02572100095998887,0.0001632179885697373,0.00014299868780069962,0.0001632179885697373
4,0.9,239,0.02577249698261694,0.00016928060299865235,0.0001248852489710891,0.00016928060299865235
4,0.9,240,0.025739145953823463,0.0001711478003418528,0.00014523206836182542,0.0001711478003418528
4,0.9,241,0.025662160427658467,0.00017274435531481111,0.0001710613736762199,0.00017274435531481111
4,0.9,242,0.025751266887722054,0.0001729924441918258,0.0001606108187996936,0.0001729924441918258
4,0.9,243,0.025949802056304913,0.00017603540690919894,0.0001561165738806405,0.00017603540690919894
4,0.9,244,0.025925333244277336,0.0001782274853949498,0.0001782274853949498,0.00017301778782503673
4,0.9,245,0.02577414227836487,0.00017009143706879932,0.00013064909918894193,0.00017009143706879932
4,0.9,246,0.025716894980595102,0.00016645814794279142,0.0001516614504464976,0.00016645814794279142
4,0.9,247,0.025890551210004432,0.00017282583299851428,0.00017253228730165733,0.00017282583299851428
4,0.9,248,0.025870713370693996,0.000188360270465734,0.00018836027046573398,0.00017001627590172838
4,0.9,249,0.025856046064848814,0.0001720248481224812,0.00016496710725681825,0.0001720248481224812
4,0.9,250,0.02586851084580089,0.00018803221550762794,0.00018803221550762794,0.00017373728614433472
4,0.9,251,0.02606604825160094,0.0001720640137714767,0.0001703616448306064,0.0001720640137714767
4,0.9,252,0.02609011648381738,0.0001694619736328309,0.00013283981904563017,0.0001694619736328309
4,0.9,253,0.02619623896118153,0.0001685544411804654,0.00012301124516210532,0.0001685544411804654
4,0.9,254,0.026042829421172687,0.00016616673344245288,0.0001134688370849241,0.00016616673344245288
4,0.9,255,0.02598999711861621,0.000165910779472599,0.00013063149937937528,0.000165910779472599
4,0.9,256,0.026171371190651136,0.00016840111524386365,0.0001316525740624438,0.00016840111524386365
4,0.9,257,0.02612760885341968,0.00017197290170129984,0.00014916601060413376,0.00017197290170129984
4,0.9,258,0.02617089628817534,0.0001968692306962953,0.0001968692306962953,0.00017296443861512732
4,0.9,259,0.02605260208813625,0.0001676789045867889,0.00016233529580827137,0.0001676789045867889
4,0.9,260,0.026047469235098274,0.00016559326347260093,0.00015818774050684628,0.00016559326347260093
4,0.9,261,0.02624381095498616,0.00017493347033718684,0.0001659725908082937,0.00017493347033718684
4,0.9,262,0.026247991025787683,0.00017580456305054293,0.00017209122473337888,0.00017580456305054293
4,0.9,263,0.026163769039355078,0.00020040151934095211,0.00020040151934095211,0.00017337520385556603
4,0.9,264,0.026145286305239105,0.00019448391308770854,0.0001944839130877085,0.00017322064461945807
4,0.9,265,0.02599077695365702,0.0001758447530566195,0.0001758447530566195,0.00017133240006172423
4,0.9,266,0.025747641598147117,0.00016935319440318042,0.0001661125997266671,0.00016935319440318042
4,0.9,267,0.025887307961326347,0.0001693939930923332,0.00014046912017241558,0.0001693939930923332
4,0.9,268,0.025737371470188713,0.0001718712481766012,0.000161155379293303,0.0001718712481766012
4,0.9,269,0.02572168024048784,0.0001732922349423042,0.00015620369120520852,0.0001732922349423042
4,0.9,270,0.025701146695192325,0.00017117794060038933,0.0001698569106348212,0.00017117794060038933
4,0.9,271,0.025735433212131717,0.00016954239710466522,0.00016954239710466522,0.00016846885098753357
4,0.9,272,0.025900848173064005,0.00016719423493554854,0.00016719423493554857,0.00016591617145906423
4,0.9,273,0.025739773646155522,0.00017671097612674788,0.00015689945735706864,0.00017671097612674788
4,0.9,274,0.0258224277260936,0.0001756242542225295,0.00013627760765735398,0.0001756242542225295
4,0.9,275,0.025909540227188946,0.00016989612115276542,0.00015003463401374697,0.00016989612115276542
4,0.9,276,0.02591087797666668,0.0001787875288818697,0.0001787875288818697,0.00016950363860609486
4,0.9,277,0.026054680569823126,0.0001856458610267681,0.00018564586102676807,0.0001734012047391256
4,0.9,278,0.02609299969802485,0.0001977041883296433,0.0001977041883296433,0.0001692418311430331
4,0.9,279,0.02611996259312873,0.00020078712657431314,0.00020078712657431314,0.00016931651494750752
4,0.9,280,0.026057639872323252,0.00019452729707641672,0.00019452729707641672,0.00016936335535845887
4,0.9,281,0.02605431635141898,0.00016614941304567973,0.00015638764771242768,0.00016614941304567973
4,0.9,282,0.025937225538677295,0.00018739626380250642,0.0001873962638025064,0.00016694617418837362
4,0.9,283,0.026037213899365468,0.0001648256708396007,0.00016059748572568996,0.0001648256708396007
4,0.9,284,0.025971780898535936,0.00017168862324008302,0.00014195195183442966,0.00017168862324008302
4,0.9,285,0.025777295084824195,0.00016585587225102793,0.00014513600697113865,0.00016585587225102793
4,0.9,286,0.02561779132736635,0.00018041102198575935,0.00018041102198575933,0.00016268376501344916
4,0.9,287,0.025641258992935498,0.00016102958672816476,0.00015814599612311048,0.00016102958672816476
4,0.9,288,0.025757126140731453,0.00016803175862412168,0.00016803175862412168,0.00016371969147214462
4,0.9,289,0.02575497597232234,0.00016464188072036582,0.00016464188072036582,0.0001638985168046668
4,0.9,290,0.02569940163608726,0.00018925187463431146,0.00018925187463431146,0.00016039211336685717
4,0.9,291,0.025976032953821726,0.0001833100884062112,0.0001833100884062112,0.00016748138123998338
4,0.9,292,0.026048068895186818,0.000179736921492395,0.00017973692149239503,0.00016425301162004973
4,0.9,293,0.025827383914552395,0.00018212814749100814,0.00018212814749100814,0.00016469189233597934
4,0.9,294,0.025876548635958417,0.00017776145779669738,0.00017776145779669738,0.00016459786124772407
4,0.9,295,0.02595094720947695,0.00016459490639046459,0.00013631339876175237,0.00016459490639046459
4,0.9,296,0.026063040679060276,0.00016531465221982045,0.00016531465221982048,0.00016208290814708493
4,0.9,297,0.026149289530315985,0.0001674603567771045,0.0001674603567771045,0.00016615588705887159
4,0.9,298,0.026165784520682935,0.0001692143938511483,0.0001579569516495547,0.0001692143938511483
4,0.9,299,0.026066920385046065,0.00016972616479317892,0.00014316972407176688,0.00016972616479317892
4,0.9,300,0.025958349708365188,0.00016793368998740022,0.00014096475333327983,0.00016793368998740022
4,0.9,301,0.02594116554677196,0.00017933313776469096,0.00017933313776469098,0.00016427159690883458
4,0.9,302,0.025871039702648913,0.0001622995638005506,0.0001340215455384992,0.0001622995638005506
4,0.9,303,0.02586985506201681,0.00016059327528476053,0.00016059327528476053,0.00016044333750692748
4,0.9,304,0.02578504875160329,0.00016798743237318752,0.0001629276259194937,0.00016798743237318752
4,0.9,305,0.02576920230346216,0.00016355845159186192,0.00014464720007645727,0.00016355845159186192
4,0.9,306,0.025746189897410388,0.00016385493478919972,0.00016385493478919972,0.00016329869477275385
4,0.9,307,0.025969845622195575,0.00018152240387772368,0.00018152240387772368,0.0001684303410134321
4,0.9,308,0.02579199633994373,0.00017880302279792528,0.00017880302279792525,0.00016332844192364613
4,0.9,309,0.02605363075668475,0.00018411907565091452,0.00018411907565091455,0.00015930286140930757
4,0.9,310,0.025941499214172332,0.00017174757370319935,0.00015039897104274374,0.00017174757370319935
4,0.9,311,0.025844438522003122,0.00016955617301876377,0.00016521575770755295,0.00016955617301876377
4,0.9,312,0.025819483570150657,0.0001721879926625579,0.000133860868857496,0.0001721879926625579
4,0.9,313,0.025692759654483085,0.0001663337826122952,0.00012591940520781543,0.0001663337826122952
4,0.9,314,0.025830953102083224,0.0001735851451696853,0.00010274023192461273,0.0001735851451696853
4,0.9,315,0.025603315245670857,0.00017114003350733177,0.00011589550395072028,0.00017114003350733177
4,0.9,316,0.025618984258376564,0.00016854447929981893,0.00011194790529074118,0.00016854447929981893
4,0.9,317,0.0255462754179087,0.0001672654368082611,0.00013246241873340856,0.0001672654368082611
4,0.9,318,0.02560251797291395,0.0001657867603102213,0.00013542928812346718,0.0001657867603102213
4,0.9,319,0.02546799226453295,0.00016289066315020763,0.00013740645397731385,0.00016289066315020763
4,0.9,320,0.025394763757779288,0.000182408197430804,0.000182408197430804,0.00015597720593831573
4,0.9,321,0.02573433383033325,0.00016609321536548507,0.0001616290815824136,0.00016609321536548507
4,0.9,322,0.025775213216131264,0.00017485676596796961,0.00017292805078521716,0.00017485676596796961
4,0.9,323,0.025834507609045952,0.0001717425626701679,0.0001717425626701679,0.00016686025052843875
4,0.9,324,0.025999186545078858,0.00016666727343298525,0.00016373233155634595,0.00016666727343298525
4,0.9,325,0.02603662919080644,0.0001763289270736628,0.0001763289270736628,0.00016259878267931358
4,0.9,326,0.025975990754629412,0.0001636127816736556,0.00015870764742810007,0.0001636127816736556
4,0.9,327,0.025789246789001803,0.0001763369376912288,0.0001763369376912288,0.00016259424192827674
4,0.9,328,0.025762927823951953,0.0001982141587754625,0.0001982141587754625,0.0001689925489268727
4,0.9,329,0.025841276387596743,0.00020219977218990354,0.00020219977218990357,0.00016555819792437026
4,0.9,330,0.025762150786628787,0.00020062699968220111,0.00020062699968220111,0.0001690103754596949
4,0.9,331,0.025982787999912153,0.00019007194046118141,0.0001900719404611814,0.0001733588640455758
4,0.9,332,0.02600859459912033,0.00020252454961228398,0.00020252454961228398,0.00016599033389382811
4,0.9,333,0.02587042907243436,0.000201779055249753,0.000201779055249753,0.00016756454861349075
4,0.9,334,0.025928920758030872,0.00019951311362947295,0.00019951311362947298,0.00017455003208469846
4,0.9,335,0.025930913612319768,0.0002116122549163749,0.00021161225491637492,0.00016896662941220567
4,0.9,336,0.02580311062134729,0.0002279205744909069,0.0002279205744909069,0.00016728101271492544
4,0.9,337,0.025722251594507046,0.00019739016111414175,0.00019739016111414175,0.00016876826959440853
4,0.9,338,0.025699972094371134,0.00018428814824941213,0.00018428814824941213,0.0001672695914055621
4,0.9,339,0.025833744258036213,0.00020262058472975323,0.0002026205847297532,0.00016547788432659036
4,0.9,340,0.025701276437229754,0.00017644511877549436,0.00017644511877549436,0.00016790923035750173
4,0.9,341,0.025679602992207187,0.00016721390051274655,0.00014744962680140518,0.00016721390051274655
4,0.9,342,0.025741543081644423,0.00016819363461807,0.00016819363461807,0.00016573320849528185
4,0.9,343,0.025900388400998998,0.00017478752350235852,0.00017478752350235855,0.00016456124889967103
4,0.9,344,0.025950263003541762,0.00020785182152960286,0.00020785182152960286,0.00016780354015492936
4,0.9,345,0.02611988062187808,0.0001771924828864165,0.0001771924828864165,0.0001700287571507015
4,0.9,346,0.02614755691927746,0.00016660495182470574,0.00014377152804944432,0.00016660495182470574
4,0.9,347,0.026186499793625084,0.00016398052002438934,0.00014168770882235296,0.00016398052002438934
4,0.9,348,0.025960715866031887,0.00016378684600279993,0.00010738151977257614,0.00016378684600279993
4,0.9,349,0.025951369826995176,0.0001579569486823797,0.00012642764092706357,0.0001579569486823797
4,0.9,350,0.025727319532759467,0.00016225333655888233,0.00013073899828077028,0.00016225333655888233
4,0.9,351,0.025916445012809715,0.00017670758126846466,0.00017670758126846466,0.00016718767983470468
4,0.9,352,0.02575960479134659,0.0002116047075157726,0.00021160470751577256,0.00016549358177367222
4,0.9,353,0.025736269300194226,0.00021609561211361714,0.00021609561211361714,0.00016315482796504311
4,0.9,354,0.025761485100925147,0.0001790132010749212,0.0001790132010749212,0.00016118617360597767
4,0.9,355,0.025841062939105455,0.00019985477953416274,0.00019985477953416274,0.00016269417407312507
4,0.9,356,0.025940395602459913,0.00022671298191370056,0.00022671298191370056,0.0001640088390189237
4,0.9,357,0.02585732149595858,0.00020182317033647237,0.00020182317033647237,0.00015948718554433523
4,0.9,358,0.02586522417543874,0.00017282276194786967,0.00017282276194786967,0.00016464211976492525
4,0.9,359,0.025871626244720707,0.00020309889103137894,0.00020309889103137894,0.00017194491022864554
4,0.9,360,0.025928474586391782,0.00019068481298691227,0.00019068481298691227,0.00016744727589500184
4,0.9,361,0.026126267169489757,0.00020071243299738342,0.00020071243299738342,0.00017318422884292757
4,0.9,362,0.02606371189971501,0.00017155713876816804,0.00017155713876816804,0.00016685798803789913
4,0.9,363,0.026056826548037045,0.00017355534737845357,0.00017355534737845355,0.00017007202967011625
4,0.9,364,0.026095818652778876,0.00018701234610761283,0.00018701234610761283,0.0001714284073971154
4,0.9,365,0.02588223554597726,0.00016663668712428594,0.0001605006515499782,0.00016663668712428594
4,0.9,366,0.025793548338540175,0.0001690923093162,0.00014576198308306943,0.0001690923093162
4,0.9,367,0.02581494095117599,0.00016428741029887527,0.00013747534078279968,0.00016428741029887527
4,0.9,368,0.02580379708931564,0.0001677975414673249,0.00014794028150999923,0.0001677975414673249
4,0.9,369,0.025958641988672922,0.00018405716387224927,0.00018405716387224924,0.00016954514698978797
4,0.9,370,0.025920614867716105,0.00017546122938574707,0.00017546122938574707,0.00017169214823851205
4,0.9,371,0.02566697854867149,0.0001889179128847576,0.00018891791288475762,0.00016952205601600162
4,0.9,372,0.025608977652337807,0.0002068141816803613,0.00020681418168036134,0.00016854533355190507
4,0.9,373,0.025647779586208376,0.00017207796991213663,0.00016236687161978492,0.00017207796991213663
4,0.9,374,0.025827066337828497,0.00017413117253473048,0.00015805446505356695,0.00017413117253473048
4,0.9,375,0.02557392633239148,0.00019350063087213295,0.00019350063087213295,0.00017206556334574072
4,0.9,376,0.025748432125202968,0.00016684456435680316,0.0001600286783626206,0.00016684456435680316
4,0.9,377,0.025741786898942562,0.00016794764606995898,0.00013807023018010434,0.00016794764606995898
4,0.9,378,0.025691277189843882,0.0001728768135694977,0.00016196419527208776,0.0001728768135694977
4,0.9,379,0.02575421707029573,0.00017343715375109763,0.00016257015363538608,0.00017343715375109763
4,0.9,380,0.025895854967533712,0.0001746220593926151,0.00014010092431148685,0.0001746220593926151
4,0.9,381,0.025882098782273547,0.00017674182245699686,0.00017674182245699686,0.00016541437200482266
4,0.9,382,0.025856683213840423,0.0001655650149311661,0.00013775490991593795,0.0001655650149311661
4,0.9,383,0.02564997559526407,0.0001747491522734823,0.00017474915227348232,0.00015922641577872647
4,0.9,384,0.025812967547560916,0.0001699362174309351,0.0001699362174309351,0.00016440818568634762
4,0.9,385,0.02589180486165847,0.0001676713122970828,0.0001499790490135099,0.0001676713122970828
4,0.9,386,0.025810245538122098,0.0001629638656935409,0.00013701861325024207,0.0001629638656935409
4,0.9,387,0.02597446379941086,0.00016371497442980147,0.00012218633531625164,0.00016371497442980147
4,0.9,388,0.026022764966501417,0.0001616225053298275,0.00014884199474682783,0.0001616225053298275
4,0.9,389,0.02588095917149102,0.00017589845875239156,0.00017589845875239156,0.0001663367487646403
4,0.9,390,0.025876425022949203,0.00019210325938026382,0.00019210325938026382,0.00016902815978142742
4,0.9,391,0.026154956754681713,0.00017243487621685044,0.00015882313462291115,0.00017243487621685044
4,0.9,392,0.026149585457426478,0.00016363365686189346,0.00014983096982716055,0.00016363365686189346
4,0.9,393,0.0261675027963288,0.00020617800752896918,0.0002061780075289692,0.00016455869902508717
4,0.9,394,0.026142653395427387,0.0001647717770557038,0.00016290437658603895,0.0001647717770557038
4,0.9,395,0.026010640468757187,0.00016711460021253752,0.0001498128203619729,0.00016711460021253752
4,0.9,396,0.026088210132573737,0.00015987609579510445,0.00013866342736888605,0.00015987609579510445
4,0.9,397,0.02607812033114611,0.00016412778245712486,0.00015764448264342034,0.00016412778245712486
4,0.9,398,0.025799247293407476,0.00016454750745369736,0.0001436246332336432,0.00016454750745369736
4,0.9,399,0.02585642267682479,0.00017037584791411856,0.00015097496187541608,0.00017037584791411856
4,0.9,400,0.02584274397495477,0.0001843829944172268,0.00018438299441722678,0.00016881858167881888
4,0.9,401,0.026027329347004455,0.00018219683491139789,0.00018219683491139789,0.0001735531638998164
4,0.9,402,0.025941719059519378,0.00019055768598696604,0.00019055768598696604,0.00017094501657612522
4,0.9,403,0.025692808686987624,0.00018397778735013153,0.00018397778735013153,0.00016824783589875077
4,0.9,404,0.025615394251613466,0.0001748752336158765,0.0001748752336158765,0.0001709040811989454
4,0.9,405,0.02566308932224915,0.00018407619114359816,0.00018407619114359816,0.00016691111214641558
4,0.9,406,0.025769214315784213,0.00016786376490634137,0.00016786376490634137,0.0001641328468497499
4,0.9,407,0.025748661692687056,0.0001769317182776096,0.00017693171827760958,0.00016222084167756323
4,0.9,408,0.02559841878612095,0.00016323968357941565,0.00014742944675570491,0.00016323968357941565
4,0.9,409,0.025488558752287612,0.00016568409753859272,0.0001363326538756745,0.00016568409753859272
4,0.9,410,0.0256354441990558,0.00016075660406822116,0.00014740996977349665,0.00016075660406822116
4,0.9,411,0.02566526980841812,0.00015759844630717902,0.00014148910414406784,0.00015759844630717902
4,0.9,412,0.02571760755231518,0.00016568884850989623,0.00015927712253756239,0.00016568884850989623
4,0.9,413,0.02575226996705405,0.00016339685994518486,0.0001279306982505832,0.00016339685994518486
4,0.9,414,0.02565314308747102,0.0001594355608545413,0.000146448564902611,0.0001594355608545413
4,0.9,415,0.025606779279419782,0.000159161977905874,0.00015414560814203812,0.000159161977905874
4,0.9,416,0.025663532263781885,0.0001643777665785535,0.0001643777665785535,0.00015823150926704284
4,0.9,417,0.02552432102506191,0.000159783480029676,0.0001222002756021812,0.000159783480029676
4,0.9,418,0.02545675461286064,0.00016113144742615216,0.00014191909047637418,0.00016113144742615216
4,0.9,419,0.02556145985086899,0.00016596103873362284,0.00015411509340186667,0.00016596103873362284
4,0.9,420,0.02565203507797891,0.0001641014921236779,0.00014531983223706231,0.0001641014921236779
4,0.9,421,0.025787952562808667,0.00017165845378288666,0.00017165845378288666,0.00016468561019621788
4,0.9,422,0.02583891508017083,0.00016836552034421785,0.00016836552034421785,0.0001584524355705546
4,0.9,423,0.025826378243795117,0.0001940640085655316,0.0001940640085655316,0.0001608077220496894
4,0.9,424,0.02588425325937014,0.0001694912534261359,0.00016949125342613586,0.00015638691250369267
4,0.9,425,0.025805095406016422,0.0001627149560508918,0.00015634757047180517,0.0001627149560508918
4,0.9,426,0.02570023935784905,0.00015659036261999497,0.00015659036261999497,0.00015636973763597696
4,0.9,427,0.025746924854287926,0.00016901930083144506,0.00016901930083144506,0.00016007015270440164
4,0.9,428,0.025922580819992328,0.00019492541587392528,0.00019492541587392528,0.00016666625934742208
4,0.9,429,0.025868834315028805,0.0001875631607497634,0.0001875631607497634,0.0001682671674007615
4,0.9,430,0.025790696265924326,0.000168899645377607,0.000168899645377607,0.0001627500962717611
4,0.9,431,0.025787800264298624,0.00016994429430867877,0.00016994429430867877,0.00016268778906257104
4,0.9,432,0.025911021734755502,0.00016861501864689064,0.00016326490093547226,0.00016861501864689064
4,0.9,433,0.02604171941704268,0.00017655644221282955,0.00017655644221282955,0.00016655716837262824
4,0.9,434,0.026128626453976452,0.00016708271695951127,0.00014832057994078096,0.00016708271695951127
4,0.9,435,0.02591151061654368,0.00017180112061369673,0.00013478238340191502,0.00017180112061369673
4,0.9,436,0.026037843119995237,0.00017025455697362334,0.00015671525004380397,0.00017025455697362334
4,0.9,437,0.026032290017352303,0.00016814849714504577,0.0001637641728765367,0.00016814849714504577
4,0.9,438,0.026020418472015597,0.00018496923527280273,0.00018496923527280273,0.00016931876669034867
4,0.9,439,0.02596816942454681,0.0001847094277932739,0.0001847094277932739,0.00017162815560012703
4,0.9,440,0.025988020920486476,0.0001671000170050465,0.0001588943625153816,0.0001671000170050465
4,0.9,441,0.025853708818851448,0.00017092737389450674,0.00017092737389450674,0.0001697841439849346
4,0.9,442,0.025860630544693418,0.0001750964349012584,0.0001750964349012584,0.0001720985243035363
4,0.9,443,0.025739843682731887,0.00017011765822045585,0.00012683437797122809,0.00017011765822045585
4,0.9,444,0.02584014055334188,0.00016844248347226446,0.0001170079675547151,0.00016844248347226446
4,0.9,445,0.02581619255532392,0.0001683214434843992,0.00013123927602497914,0.0001683214434843992
4,0.9,446,0.026011119599428204,0.00018568766263444216,0.00018568766263444216,0.00016495213519063685
4,0.9,447,0.025956657628693435,0.00017572179222571542,0.00017572179222571542,0.0001621954493904936
4,0.9,448,0.02589913048410173,0.00020918233774980184,0.00020918233774980184,0.00015997105843739405
4,0.9,449,0.025697327164331454,0.00020052693965633955,0.00020052693965633958,0.00017255029516935773
4,0.9,450,0.02577223380574869,0.00017066564169001622,0.00017066564169001622,0.0001693682510079259
4,0.9,451,0.02574626642016386,0.00019115523155432897,0.00019115523155432897,0.00017562859097537407
4,0.9,452,0.025873424208064648,0.0001750333701030539,0.0001750333701030539,0.00016892912177021076
4,0.9,453,0.025912012229723145,0.00018722458699661198,0.00018722458699661198,0.00016871054954310257
4,0.9,454,0.02618737652990138,0.00018555970386333295,0.00018555970386333292,0.00016576171324792464
4,0.9,455,0.025882034790819162,0.0001719803690202884,0.0001719803690202884,0.00016866763343441487
4,0.9,456,0.02582697734274108,0.00017387977541072564,0.0001738797754107256,0.00016887640084965977
4,0.9,457,0.025840415286924937,0.00016362938656133978,0.0001636293865613398,0.0001609287135162756
4,0.9,458,0.02587890178043382,0.00018135241196990672,0.00018135241196990672,0.00016070102332079632
4,0.9,459,0.025721691603031928,0.00017342140033484114,0.00017342140033484114,0.00016553005125426642
4,0.9,460,0.02582663083887563,0.00017788048015362172,0.00017788048015362172,0.0001661620685228637
4,0.9,461,0.025829689541010427,0.00016825737857884343,0.0001406061518695269,0.00016825737857884343
4,0.9,462,0.025838413179138355,0.00018642887978740207,0.0001864288797874021,0.00016061423063844045
4,0.9,463,0.025822840269559465,0.00017060076935581912,0.00017060076935581912,0.00016136048293773447
4,0.9,464,0.025751796372323832,0.00015655130645599724,0.00015580024401316158,0.00015655130645599724
4,0.9,465,0.025947308308266515,0.000158771191140818,0.000158771191140818,0.00015505038303579322
4,0.9,466,0.02621181743302111,0.00016519880403384856,0.00016157539646486822,0.00016519880403384856
4,0.9,467,0.026175074247503437,0.0001662118387371913,0.00014335643396042052,0.0001662118387371913
4,0.9,468,0.026219350698214607,0.00017400458151939482,0.00016983586825243055,0.00017400458151939482
4,0.9,469,0.026058441734645863,0.0001727966323296267,0.0001539180945175045,0.0001727966323296267
4,0.9,470,0.026059697111220744,0.00016753979212111978,0.00016084618059156985,0.00016753979212111978
4,0.9,471,0.026014476874414993,0.0001833112131542234,0.00018331121315422343,0.000171053630508951
4,0.9,472,0.02610777941827983,0.0002031002013670943,0.0002031002013670943,0.0001686907393864673
4,0.9,473,0.02606481590441271,0.00021103055953195646,0.00021103055953195648,0.0001696764581670066
4,0.9,474,0.02575907220750848,0.00018148255159309963,0.00018148255159309963,0.00016956319845255242
4,0.9,475,0.025785009898526026,0.00017331710258312088,0.00017331710258312088,0.0001680450161965621
4,0.9,476,0.025870400686351224,0.0001893796449656995,0.0001893796449656995,0.0001697828917143462
4,0.9,477,0.025951987102644163,0.0001837947525710991,0.00018379475257109912,0.0001737185944323249
4,0.9,478,0.02602139189060904,0.0002055949547451514,0.0002055949547451514,0.0001710239530595906
4,0.9,479,0.02603580707917911,0.00019145635700988737,0.00019145635700988737,0.00016403780306374903
4,0.9,480,0.02597847780452307,0.0001710144135030276,0.00015211529640152643,0.0001710144135030276
4,0.9,481,0.025936532083752257,0.00016883755626650302,0.00015010802779168435,0.00016883755626650302
4,0.9,482,0.025901793850019797,0.0001656151830257262,0.00011616063710807258,0.0001656151830257262
4,0.9,483,0.025983740025983398,0.00017100665594721622,0.00013313809916743686,0.00017100665594721622
4,0.9,484,0.02585945283890386,0.00016741409618978423,0.00014355342405022978,0.00016741409618978423
4,0.9,485,0.02557364359390917,0.0001619976279448161,0.00016199762794481606,0.00016142339613186895
4,0.9,486,0.025599459731107707,0.0001605831768568939,0.00016043375886384213,0.0001605831768568939
4,0.9,487,0.025604051318070604,0.00017047420867421706,0.00017047420867421706,0.00016342642827656717
4,0.9,488,0.025507026785138297,0.00016565575677699484,0.00016565575677699482,0.0001608451121598343
4,0.9,489,0.025580955601131553,0.0001731894292773516,0.00017318942927735157,0.00016510640472445346
4,0.9,490,0.02559550746472244,0.00019101536282289702,0.000191015362822897,0.0001623720887895958
4,0.9,491,0.025563544051842302,0.0001886603433069303,0.00018866034330693027,0.00015861420801970298
4,0.9,492,0.025559938661437815,0.00017074324346829465,0.00017074324346829465,0.0001538784112257153
4,0.9,493,0.025517356691959037,0.00018774124710855522,0.00018774124710855525,0.00015210162412965567
4,0.9,494,0.025423833521714675,0.00020254455327297835,0.00020254455327297833,0.00015020073693962802
4,0.9,495,0.025444257165183594,0.00020741955500189167,0.00020741955500189167,0.00015923719409673563
4,0.9,496,0.025537301013960536,0.00016365791606699995,0.00015598683831535067,0.00016365791606699995
4,0.9,497,0.025478997969752303,0.00016460471138243215,0.00016460471138243215,0.0001613520198733068
4,0.9,498,0.025574038975358034,0.0001610691279337271,0.00013664559676577052,0.0001610691279337271
4,0.9,499,0.025761109077134685,0.00016617082487647663,0.00016123790577344713,0.00016617082487647663
4,0.9,500,0.025928375462846775,0.00016539931982602693,0.00015355272297044352,0.00016539931982602693
4,1.0,0,0.08267176296370593,0.0002755324168643998,0.00027553241686439976,0.0002533596214022773
4,1.0,1,0.05085698974137352,0.00027829402117584624,0.00027829402117584624,0.0002457393564028377
4,1.0,2,0.040304708764090424,0.000260992992921766,0.000260992992921766,0.0002436528658841254
4,1.0,3,0.03501825644312093,0.00024217018524067287,0.00024217018524067287,0.0002207068167445449
4,1.0,4,0.03186960925745929,0.00020495522027304367,0.0001948269737758105,0.00020495522027304367
4,1.0,5,0.029912396387267743,0.00020577325368027446,0.0001981032275296816,0.00020577325368027446
4,1.0,6,0.028709956565140755,0.00019425254476036636,0.00018481159915174954,0.00019425254476036636
4,1.0,7,0.02777518028492539,0.00018755160240854202,0.00015005259287026522,0.00018755160240854202
4,1.0,8,0.027327326505012253,0.00018295244300701397,0.00013680325049986492,0.00018295244300701397
4,1.0,9,0.026825765818845333,0.00017810829932040829,0.00012286348945146037,0.00017810829932040829
4,1.0,10,0.026347458302489295,0.00017708231689929558,0.00013750239315886984,0.00017708231689929558
4,1.0,11,0.026156648008836648,0.00016755726176318704,0.00014418159039436272,0.00016755726176318704
4,1.0,12,0.026191216855814378,0.0001765363868403885,0.00015829474893316528,0.0001765363868403885
4,1.0,13,0.026044902160610093,0.00017005967442909137,0.00016358700179861752,0.00017005967442909137
4,1.0,14,0.026160215061227864,0.00017269084616555427,0.00016962735801145023,0.00017269084616555427
4,1.0,15,0.026037653211678006,0.00017256318774920578,0.00017256318774920578,0.00016882611550363485
4,1.0,16,0.02594903842184993,0.00016727954324394808,0.00014635857731566418,0.00016727954324394808
4,1.0,17,0.02611611948067494,0.00017126257282319278,0.0001712625728231928,0.00016961465462439647
4,1.0,18,0.025985125409662524,0.0001699610035514065,0.00015072950746392895,0.0001699610035514065
4,1.0,19,0.025848584232769083,0.0001671265422190849,0.0001667966353855599,0.0001671265422190849
4,1.0,20,0.025840732188310966,0.00016603080597930026,0.00014378181583532442,0.00016603080597930026
4,1.0,21,0.02565482876231827,0.00016897897836563625,0.00016674337887836644,0.00016897897836563625
4,1.0,22,0.02568546556574332,0.0001688381956200558,0.00015450880352553146,0.0001688381956200558
4,1.0,23,0.025797430111430448,0.00019713662307078924,0.00019713662307078926,0.00017316122510938056
4,1.0,24,0.025586613719573128,0.00018679240670317924,0.00018679240670317924,0.00017211784685061042
4,1.0,25,0.025757525000061388,0.00016829359369794473,0.0001618676667094529,0.00016829359369794473
4,1.0,26,0.025885082251799623,0.00018215831539183532,0.0001821583153918353,0.0001701313919055556
4,1.0,27,0.02574390099636207,0.0001703085432430041,0.000149288164812811,0.0001703085432430041
4,1.0,28,0.025858652550384664,0.00017374838691104256,0.00017374838691104256,0.00016353423098255967
4,1.0,29,0.025837727131868875,0.00016438877952920734,0.0001414671102920224,0.00016438877952920734
4,1.0,30,0.02593786007006067,0.00016481619717734734,0.00013229790729724701,0.00016481619717734734
4,1.0,31,0.025896222079312196,0.0001631490151244835,0.00016289278274307236,0.0001631490151244835
4,1.0,32,0.025701302178258105,0.00016308979376648323,0.00014829489662970143,0.00016308979376648323
4,1.0,33,0.025785714569722458,0.00016391237490129835,0.0001440518006817404,0.00016391237490129835
4,1.0,34,0.02575872423091637,0.00016369903422596444,0.00015544411170406188,0.00016369903422596444
4,1.0,35,0.025641474204248876,0.00016748777298861985,0.00014074176884257766,0.00016748777298861985
4,1.0,36,0.02578656478731025,0.00017659468052022865,0.00017659468052022865,0.000167706572224951
4,1.0,37,0.025822780451137062,0.00017258198105382812,0.00017258198105382812,0.00017146447330447832
4,1.0,38,0.025686053512280805,0.00016857011556767015,0.00016059102389486175,0.00016857011556767015
4,1.0,39,0.025796855663726272,0.000165952523422147,0.00013281270737667487,0.000165952523422147
4,1.0,40,0.0260488756394245,0.00016502031271300462,0.0001560796324735391,0.00016502031271300462
4,1.0,41,0.02605868877590128,0.00016271782034939813,0.0001541707108117298,0.00016271782034939813
4,1.0,42,0.026068537632144055,0.00016761601350731705,0.00014018209583093263,0.00016761601350731705
4,1.0,43,0.025915610619894804,0.00016386181293782988,0.00012771102283553253,0.00016386181293782988
4,1.0,44,0.02592196023973823,0.0001664477048965869,0.00015503654655669535,0.0001664477048965869
4,1.0,45,0.026120368376113836,0.00016266535771918589,0.00013127896869405734,0.00016266535771918589
4,1.0,46,0.026036909282073962,0.0001658086119067212,0.00014465039974205225,0.0001658086119067212
4,1.0,47,0.02606872610615263,0.0001666837074347076,0.00014601803283353142,0.0001666837074347076
4,1.0,48,0.025875744974352955,0.0001789517379248399,0.0001789517379248399,0.00016381024611374884
4,1.0,49,0.02570614723446182,0.00017966926349765146,0.00017966926349765146,0.00017436245305541025
4,1.0,50,0.02572904140889042,0.00017166626357552561,0.0001400365149796226,0.00017166626357552561
4,1.0,51,0.025766231938073543,0.0001707104837470395,0.00013339054082829726,0.0001707104837470395
4,1.0,52,0.025842953615432977,0.00017799319159122402,0.00017799319159122402,0.0001691972621167087
4,1.0,53,0.02572737138688704,0.00016777443627587633,0.0001615008903476936,0.00016777443627587633
4,1.0,54,0.025858043199186935,0.0001681737978242184,0.00014637234116663954,0.0001681737978242184
4,1.0,55,0.025834015535082303,0.0001756556812954828,0.0001756556812954828,0.00016890643343736898
4,1.0,56,0.025870252217460896,0.00020711941755549972,0.00020711941755549972,0.00016641881464177926
4,1.0,57,0.02574262612824218,0.00019322303073981967,0.00019322303073981967,0.0001671584909524944
4,1.0,58,0.025812264328383152,0.0001617421470770795,0.00014707849830348138,0.0001617421470770795
4,1.0,59,0.025830767554590076,0.0001624566497748544,0.0001624566497748544,0.00016009818766078346
4,1.0,60,0.02584258467380668,0.00016558907079441664,0.00016558907079441664,0.00016285393532725108
4,1.0,61,0.025760472710135617,0.00017060653218097015,0.00017060653218097015,0.00016557045927194437
4,1.0,62,0.025869438362930822,0.00015765960178855238,0.00014207752827398074,0.00015765960178855238
4,1.0,63,0.025847396813400533,0.00016613362907171806,0.00016613362907171806,0.00015849583032066472
4,1.0,64,0.025921394097856952,0.00016584441113842564,0.00016584441113842564,0.0001632148190355124
4,1.0,65,0.025841457469395424,0.0001647773525636998,0.00016117789314185925,0.0001647773525636998
4,1.0,66,0.025933536188972584,0.00017643578169079373,0.00017643578169079376,0.00016557369327636342
4,1.0,67,0.02576959346965997,0.00019459189406436115,0.00019459189406436113,0.00016925483780086064
4,1.0,68,0.025718952480766874,0.00020335025096299223,0.00020335025096299223,0.00016620101752705285
4,1.0,69,0.025773371224326474,0.0001819454925055155,0.0001819454925055155,0.00016997296032047647
4,1.0,70,0.025676656200481186,0.00018940872939389737,0.00018940872939389737,0.0001651582457822612
4,1.0,71,0.025713028988144,0.0001732976163384693,0.0001732976163384693,0.00016363350993701237
4,1.0,72,0.025779937696903742,0.00017728653657386848,0.00017728653657386848,0.0001671221746372916
4,1.0,73,0.025701144935935387,0.00019042217380306513,0.0001904221738030651,0.00016230266874919628
4,1.0,74,0.025919965007236197,0.00016811742642113185,0.00016811742642113185,0.00016616753374206408
4,1.0,75,0.02590130562133717,0.0001765561681489015,0.0001765561681489015,0.00016645294873631638
4,1.0,76,0.025969714895319154,0.0001680394244297661,0.00016327802180611786,0.0001680394244297661
4,1.0,77,0.02576166774099094,0.00016871491645965495,0.00016871491645965495,0.00016669179934490034
4,1.0,78,0.02561929409344533,0.00016479684338732034,0.00016479684338732034,0.00016262678743463803
4,1.0,79,0.025688601950393873,0.00016462469445786975,0.0001468682490805133,0.00016462469445786975
4,1.0,80,0.02548848569746558,0.00016295841250240235,0.00014258099059015754,0.00016295841250240235
4,1.0,81,0.02550539673232184,0.00016328269409350687,0.00015198104752411237,0.00016328269409350687
4,1.0,82,0.025718995140216337,0.00017478294168316957,0.00017478294168316957,0.00016275173151679542
4,1.0,83,0.025533271563783447,0.00016038705212745888,0.00015352605439319613,0.00016038705212745888
4,1.0,84,0.02579043165999141,0.00015829700935133427,0.00014467533661351016,0.00015829700935133427
4,1.0,85,0.025886113585768162,0.0001650227855720634,0.00011385482228416022,0.0001650227855720634
4,1.0,86,0.025943585527161216,0.00017411673789131712,0.00015771038436560622,0.00017411673789131712
4,1.0,87,0.025774878746110667,0.00019735671767152124,0.0001973567176715212,0.00017301920381795606
4,1.0,88,0.02605310670095001,0.00017175269381913445,0.00016412201441384325,0.00017175269381913445
4,1.0,89,0.02604852248738664,0.00017905245661890894,0.00016065325542113988,0.00017905245661890894
4,1.0,90,0.025995291727011458,0.00017377759301215686,0.00015454945234548166,0.00017377759301215686
4,1.0,91,0.025970418813526422,0.00017272292161758364,0.00016918923855229064,0.00017272292161758364
4,1.0,92,0.025903640803034075,0.0001861415220161541,0.00018614152201615412,0.0001714869483054167
4,1.0,93,0.025858153287940087,0.0001824666429007147,0.00018246664290071473,0.00016494464703913948
4,1.0,94,0.02583028600390763,0.00019559242551700295,0.00019559242551700295,0.00016335081977751723
4,1.0,95,0.02564171474240217,0.00016716454874517707,0.0001671645487451771,0.00016423121243693692
4,1.0,96,0.025753782071614283,0.00016394912553958186,0.00013360659061530054,0.00016394912553958186
4,1.0,97,0.025865709075465062,0.0001698654070052868,0.0001698654070052868,0.0001619956619378094
4,1.0,98,0.02570660431211762,0.0001648337141914425,0.00016020052848304066,0.0001648337141914425
4,1.0,99,0.025542571803391714,0.00015475395099186426,0.00013961428084241685,0.00015475395099186426
4,1.0,100,0.025368307097159756,0.00016860728305066275,0.00016860728305066275,0.0001524328961730897
4,1.0,101,0.02557555141841006,0.000155796717984102,0.00015511992190388207,0.000155796717984102
4,1.0,102,0.025652233698451894,0.00016259663535532744,0.00016259663535532742,0.00015981857720801835
4,1.0,103,0.025620362031254798,0.00018733700372370907,0.0001873370037237091,0.00017117457384555388
4,1.0,104,0.025756410864807667,0.0002165107634270692,0.0002165107634270692,0.00016692671655527493
4,1.0,105,0.025774850372265557,0.00019398492357055263,0.00019398492357055265,0.00016741938553445213
4,1.0,106,0.02581224508179846,0.00019000994013601476,0.00019000994013601476,0.0001679850233437421
4,1.0,107,0.025857573266607606,0.0001688363455546302,0.00013103903678784884,0.0001688363455546302
4,1.0,108,0.02597595481615088,0.00016753002788139477,0.00015688546220400703,0.00016753002788139477
4,1.0,109,0.0260899232538922,0.00017282623143492908,0.0001687713258136742,0.00017282623143492908
4,1.0,110,0.02598750872338349,0.00018153799175268527,0.00018153799175268527,0.00017068076837704543
4,1.0,111,0.02593964512572338,0.00017549515669961074,0.00014097562100590913,0.00017549515669961074
4,1.0,112,0.025967127660844396,0.00017483657490749812,0.00015445434971334115,0.00017483657490749812
4,1.0,113,0.026043666599485416,0.00017250733671775618,0.00015307266526783895,0.00017250733671775618
4,1.0,114,0.02586411660528082,0.00016848039800249426,0.00013464244257508238,0.00016848039800249426
4,1.0,115,0.02595412117503417,0.00017151716044307695,0.00013931494692495842,0.00017151716044307695
4,1.0,116,0.02586712258009122,0.00016711591591762564,0.00016398662997576624,0.00016711591591762564
4,1.0,117,0.025712701636914137,0.00016890419687565556,0.00016890419687565556,0.00016799234956481018
4,1.0,118,0.025507632121408587,0.00020338768092815327,0.00020338768092815327,0.00016769952157634995
4,1.0,119,0.025423070805852276,0.00019716468396572731,0.0001971646839657273,0.00016241909505756972
4,1.0,120,0.025668732932136132,0.00016195295949482873,0.00016195295949482873,0.0001579317968430462
4,1.0,121,0.025588526791445344,0.00016158333491035227,0.0001583222211441064,0.00016158333491035227
4,1.0,122,0.025657410023978686,0.00016565418715750452,0.00015847892763109226,0.00016565418715750452
4,1.0,123,0.02571774851537155,0.00016757835848408076,0.00015046292363636032,0.00016757835848408076
4,1.0,124,0.025668342163700637,0.00018021811769701753,0.00018021811769701753,0.0001671059956864108
4,1.0,125,0.025890420654757742,0.00017508294177798743,0.00014311612851335953,0.00017508294177798743
4,1.0,126,0.02592671809122519,0.00016929000016579744,0.00014068317899881502,0.00016929000016579744
4,1.0,127,0.02580460160949035,0.00016909456117585617,0.00016909456117585617,0.00016783491439989934
4,1.0,128,0.02588555213675456,0.00018259868783438083,0.00018259868783438086,0.0001689603015701415
4,1.0,129,0.025675098672175052,0.00016525408032538422,0.0001603013707185546,0.00016525408032538422
4,1.0,130,0.02580210221002368,0.0001680350574238428,0.00016803505742384278,0.00016429298293431222
4,1.0,131,0.02586509014853974,0.00018712496741288596,0.00018712496741288596,0.00016048009887012827
4,1.0,132,0.025866495970328935,0.0001608057830141067,0.00014364813989785718,0.0001608057830141067
4,1.0,133,0.025772722903016593,0.0001598523165719532,0.00014568829055297417,0.0001598523165719532
4,1.0,134,0.025864707653224964,0.0001658595070547305,0.0001658595070547305,0.00016039855659450195
4,1.0,135,0.026008682628963404,0.00016774227855755698,0.00016774227855755695,0.00016536878290115536
4,1.0,136,0.02584296151275494,0.00016242468064206822,0.00013671227811011568,0.00016242468064206822
4,1.0,137,0.025870533616753587,0.00016668208272399863,0.00016668208272399863,0.00016001144365548062
4,1.0,138,0.026087315741519228,0.00019316093911253348,0.00019316093911253345,0.0001633289205534669
4,1.0,139,0.025938486517980464,0.00017358873689833496,0.00017358873689833496,0.00016336865875252578
4,1.0,140,0.02577367821843334,0.00018087109884805044,0.00018087109884805041,0.00016503621343872814
4,1.0,141,0.02581482631672585,0.0001699826552768094,0.00016607663182319327,0.0001699826552768094
4,1.0,142,0.025792000448086896,0.00017513515283383376,0.00017513515283383376,0.0001691639017520935
4,1.0,143,0.02580768533633819,0.00016924264477975187,0.00016924264477975187,0.00016715979594346652
4,1.0,144,0.02582374835210081,0.0001658257481327608,0.00014769250677707126,0.0001658257481327608
4,1.0,145,0.025978260756462097,0.00016625492540704208,0.00016625492540704205,0.0001654040852144732
4,1.0,146,0.02583963524540907,0.00016944750357560998,0.00015152355990867634,0.00016944750357560998
4,1.0,147,0.025800143703745275,0.00016427838950963466,0.00015359239915583686,0.00016427838950963466
4,1.0,148,0.025680696718940473,0.000162093401041081,0.00011320141710711686,0.000162093401041081
4,1.0,149,0.02578384017233076,0.0001668351634425794,0.00014362874308010697,0.0001668351634425794
4,1.0,150,0.025767856275645856,0.00018988391211573465,0.00018988391211573468,0.00016783805122381768
4,1.0,151,0.02560161078675855,0.00017000850872159244,0.00016237427859441223,0.00017000850872159244
4,1.0,152,0.02569258391200569,0.0001703532914400631,0.00015131521754677629,0.0001703532914400631
4,1.0,153,0.02580750869695541,0.000174394976097442,0.00015844454677091074,0.000174394976097442
4,1.0,154,0.025773089420677638,0.00017133921675412526,0.00017133921675412526,0.00016862659508834046
4,1.0,155,0.025646393154173816,0.00018275078609704526,0.00018275078609704526,0.0001629641368925753
4,1.0,156,0.025566914149359878,0.00017049881261960617,0.00017049881261960617,0.0001658151930504084
4,1.0,157,0.025799110095714346,0.00018322050077183613,0.00018322050077183613,0.00016501971440270277
4,1.0,158,0.025838289932810628,0.0002101578244537507,0.0002101578244537507,0.0001721442318495429
4,1.0,159,0.02569467241465289,0.00016795694196605418,0.0001679569419660542,0.00016511553285938522
4,1.0,160,0.025569821434025978,0.00017494646962076495,0.00017494646962076495,0.0001654058181012741
4,1.0,161,0.02569155240724984,0.00018070525572565728,0.00018070525572565728,0.000166659884587595
4,1.0,162,0.0257062488208808,0.0001655278726319705,0.0001605729939298087,0.0001655278726319705
4,1.0,163,0.025639521703536002,0.00015859541831970454,0.00015652237292236256,0.00015859541831970454
4,1.0,164,0.025473673732593606,0.0001820014913687461,0.00018200149136874606,0.00015720321600099803
4,1.0,165,0.025751906918155584,0.0001591868384735487,0.00014060774453022217,0.0001591868384735487
4,1.0,166,0.025742946638507003,0.00016812954935007003,0.00016812954935007003,0.0001610187077426129
4,1.0,167,0.025949399596925694,0.0001663032550500723,0.00016343654274465712,0.0001663032550500723
4,1.0,168,0.02602098080102069,0.00019866630297077337,0.00019866630297077337,0.00017046254829979665
4,1.0,169,0.025958384412763658,0.000161703851669404,0.00015693634309430486,0.000161703851669404
4,1.0,170,0.02614518112456092,0.00016265423027981876,0.00013055062645881126,0.00016265423027981876
4,1.0,171,0.02586429124827901,0.00016251004952685583,0.0001394801581804921,0.00016251004952685583
4,1.0,172,0.025787946115727337,0.0001655851971901176,0.00014800801363491957,0.0001655851971901176
4,1.0,173,0.025919117312939378,0.00017026609609999892,0.0001300360286441545,0.00017026609609999892
4,1.0,174,0.026042011231523846,0.00016699800582690053,0.0001555481347603188,0.00016699800582690053
4,1.0,175,0.02583552310914454,0.00017235332520282063,0.00017235332520282063,0.00016705105892987957
4,1.0,176,0.025873336259925963,0.00019559075141908168,0.00019559075141908168,0.00016975014884120358
4,1.0,177,0.025834280008980384,0.00019462660282093536,0.00019462660282093536,0.00017132022781405796
4,1.0,178,0.02576215497505102,0.00020019452712944654,0.00020019452712944657,0.0001700710830161109
4,1.0,179,0.025900179816938033,0.0001734236975785331,0.00017342369757853313,0.00016811498257563695
4,1.0,180,0.025901805658068353,0.00019369829285227212,0.0001936982928522721,0.00016617252815931735
4,1.0,181,0.02599982134180926,0.00016780970690387007,0.00016780970690387007,0.00016386590387319438
4,1.0,182,0.025734198901225084,0.0001731804098980664,0.0001731804098980664,0.00015766774952575253
4,1.0,183,0.025788818108170727,0.00016006667349863346,0.0001548146258034453,0.00016006667349863346
4,1.0,184,0.02577396184268223,0.0001660668976328619,0.0001660668976328619,0.00016425335910759192
4,1.0,185,0.02578785035667848,0.00017847254519219013,0.00017847254519219013,0.00016476530445641867
4,1.0,186,0.02589673000049823,0.00017152457379962594,0.00017152457379962594,0.00016319695437672798
4,1.0,187,0.025708616486812233,0.00015951913111374953,0.00015316197434822671,0.00015951913111374953
4,1.0,188,0.025878806994204587,0.00018927874222475,0.00018927874222475,0.00016398366131269458
4,1.0,189,0.025668677884651436,0.00016620678774169462,0.00014447977988521902,0.00016620678774169462
4,1.0,190,0.025478997629614284,0.0001632287492655083,0.00015169518422445349,0.0001632287492655083
4,1.0,191,0.025631879898130202,0.0001611066577627421,0.00015387882070754587,0.0001611066577627421
4,1.0,192,0.025735578287849347,0.00020053095891971992,0.00020053095891971992,0.0001643386366400585
4,1.0,193,0.02563267418792368,0.00016702891250279877,0.0001665480049100396,0.00016702891250279877
4,1.0,194,0.025671728368811028,0.00016660329038726803,0.0001255866453677536,0.00016660329038726803
4,1.0,195,0.025909339691553856,0.00016429532701766773,0.00011052354451813239,0.00016429532701766773
4,1.0,196,0.025729850401517252,0.00016685419726423842,0.00011687328971030021,0.00016685419726423842
4,1.0,197,0.025708685033164393,0.00016528506360740386,0.00012812483428298265,0.00016528506360740386
4,1.0,198,0.02558005423440892,0.0001621832063393356,0.00013968775791721235,0.0001621832063393356
4,1.0,199,0.025640506221252215,0.00016354696961457346,0.00015472083765898553,0.00016354696961457346
4,1.0,200,0.02567259867385596,0.00016502006258618462,0.00014519803888866781,0.00016502006258618462
4,1.0,201,0.02569363572592701,0.00016435262626538646,0.0001297956893914962,0.00016435262626538646
4,1.0,202,0.025797128844546144,0.00017228608722139835,0.00014716598666183632,0.00017228608722139835
4,1.0,203,0.025786731044127303,0.00016856789005282073,0.00016673384241099395,0.00016856789005282073
4,1.0,204,0.025827497263715478,0.0001709975155816549,0.00014668847307364066,0.0001709975155816549
4,1.0,205,0.025749061607936812,0.0001982820217819224,0.0001982820217819224,0.00016539768076730707
4,1.0,206,0.025835642010475366,0.00016736206102654108,0.00016736206102654108,0.00016689012920517368
4,1.0,207,0.025987083046404923,0.00018778002657107644,0.00018778002657107644,0.00017189476181572695
4,1.0,208,0.02574572046041373,0.00016736556182605434,0.0001641840125416998,0.00016736556182605434
4,1.0,209,0.025633931100544106,0.00019061190539099369,0.0001906119053909937,0.0001671535012911871
4,1.0,210,0.02568667236006207,0.00018470842049270194,0.00018470842049270194,0.0001675920842424184
4,1.0,211,0.02569056698246792,0.00016819262857614952,0.00016819262857614952,0.00016632789650659362
4,1.0,212,0.025470987823032813,0.0001935743303839566,0.00019357433038395662,0.00016609392672654384
4,1.0,213,0.025423777884667775,0.00019532654800887074,0.0001953265480088707,0.0001588994241392773
4,1.0,214,0.025487133391136414,0.00017695002156824252,0.00017695002156824252,0.0001645120951515637
4,1.0,215,0.025500885732379967,0.00016434474294934825,0.00015676168901236615,0.00016434474294934825
4,1.0,216,0.025618836345620098,0.00016645005258736234,0.00014647626561142306,0.00016645005258736234
4,1.0,217,0.025705164277615666,0.00016675281111896094,0.00013544226873709626,0.00016675281111896094
4,1.0,218,0.025595196656717282,0.00016580874492795407,0.00015877499477190093,0.00016580874492795407
4,1.0,219,0.025682271267966916,0.00016587232020506736,0.00015438960706307372,0.00016587232020506736
4,1.0,220,0.025770266746503633,0.00016366607214819088,0.0001605319427271588,0.00016366607214819088
4,1.0,221,0.02569706160054624,0.0001688338682262216,0.0001594153535904831,0.0001688338682262216
4,1.0,222,0.025882815108679527,0.0001798682222213395,0.0001798682222213395,0.0001753129448532342
4,1.0,223,0.025858714951045077,0.00018583620793235104,0.00018583620793235104,0.00017264625885063427
4,1.0,224,0.02594389866529242,0.0001992670006263535,0.00019926700062635353,0.00017141422901459567
4,1.0,225,0.025961388044146945,0.0001692395802868231,0.0001506895764995118,0.0001692395802868231
4,1.0,226,0.025866503834847326,0.0001695106375881464,0.0001578273484388663,0.0001695106375881464
4,1.0,227,0.025750515772200923,0.000169387589010192,0.00015484010837591748,0.000169387589010192
4,1.0,228,0.02584517411842304,0.00019161763956488257,0.0001916176395648826,0.00017046363042448338
4,1.0,229,0.025866957298517877,0.0001751028289429591,0.0001751028289429591,0.00017087662037804015
4,1.0,230,0.026022383265259998,0.00016731470325288388,0.00016697599580434673,0.00016731470325288388
4,1.0,231,0.02579214488642378,0.00019853695439027978,0.0001985369543902798,0.000163367754704982
4,1.0,232,0.02582767540473472,0.00020566065536467635,0.00020566065536467632,0.0001695039221987689
4,1.0,233,0.025745126129649867,0.00018229413145738702,0.00018229413145738705,0.00017071237024335388
4,1.0,234,0.025810052818083844,0.0001688886580072701,0.00016512837648210852,0.0001688886580072701
4,1.0,235,0.025800881937825322,0.00016970490744308128,0.00016970490744308128,0.00016322462493801492
4,1.0,236,0.025588819075224686,0.00016626934396879347,0.00016626934396879347,0.00016180240506412022
4,1.0,237,0.02573402860464707,0.00017988990358482168,0.00017988990358482168,0.0001694634837022374
4,1.0,238,0.025708573789945174,0.0001712509557099597,0.0001712509557099597,0.00016797254283401148
4,1.0,239,0.02573762883588704,0.00016283884646383634,0.00014361356317909966,0.00016283884646383634
4,1.0,240,0.025570133423603578,0.00016482657013260906,0.000133005223900277,0.00016482657013260906
4,1.0,241,0.025779537412549083,0.00016213057399573776,0.00013798940083251693,0.00016213057399573776
4,1.0,242,0.025677963865158852,0.0001626402252690785,0.0001626402252690785,0.00016204848932176532
4,1.0,243,0.0257143882884186,0.000166541058511068,0.00013848443933341088,0.000166541058511068
4,1.0,244,0.02569833867105765,0.00016681481461850283,0.00016595974123520497,0.00016681481461850283
4,1.0,245,0.025882760670471513,0.00016720921387468113,0.00016578785714881571,0.00016720921387468113
4,1.0,246,0.025878131397723724,0.00017066944828867357,0.0001667929877010149,0.00017066944828867357
4,1.0,247,0.025814918331823308,0.00016896133125932964,0.00015775905338672542,0.00016896133125932964
4,1.0,248,0.025752073925053194,0.00016816554623993874,0.00016816554623993874,0.00016216456831650596
4,1.0,249,0.025627409137661608,0.00016669473287760024,0.0001478575957369167,0.00016669473287760024
4,1.0,250,0.02574624358566322,0.0001740201895574861,0.00014064098557413514,0.0001740201895574861
4,1.0,251,0.025880226985598328,0.00017242208604468219,0.00017242208604468219,0.00016785704897900544
4,1.0,252,0.02584019665469066,0.0001772254878521334,0.0001772254878521334,0.00016832677543559478
4,1.0,253,0.026092093221666647,0.00019533609079338288,0.00019533609079338285,0.00016661949254370722
4,1.0,254,0.02597000952594875,0.00020376367486582453,0.00020376367486582453,0.00016735302684436684
4,1.0,255,0.02584034092869179,0.0001900950920864915,0.00019009509208649147,0.00016740115666158357
4,1.0,256,0.02600398914865123,0.00017659172613192665,0.00017659172613192665,0.000164138298968834
4,1.0,257,0.026030717836843034,0.0001823312275117223,0.00018233122751172234,0.00015993875632540827
4,1.0,258,0.025960769550468336,0.00017856072270881426,0.00017856072270881423,0.00016479533839677742
4,1.0,259,0.02565943360225896,0.0002013150553200361,0.0002013150553200361,0.00015991798928954062
4,1.0,260,0.025856635821643468,0.00023116544210619936,0.00023116544210619933,0.00016167586257554497
4,1.0,261,0.02594459500485645,0.0001876427687693315,0.0001876427687693315,0.00016327592633319168
4,1.0,262,0.0258107065371647,0.00018484192929549807,0.00018484192929549807,0.00016565206578317895
4,1.0,263,0.025845411692476283,0.00017254814867934126,0.00017254814867934126,0.0001621132735300504
4,1.0,264,0.025854145124905897,0.0001704766463387392,0.00016791425640798902,0.0001704766463387392
4,1.0,265,0.025877332104812915,0.00018150196710437717,0.00018150196710437717,0.00016843751254798944
4,1.0,266,0.02582098061761373,0.00020782926556165348,0.00020782926556165346,0.0001701229059548981
4,1.0,267,0.02586481766112975,0.00019143162907795362,0.0001914316290779536,0.00017164439119451004
4,1.0,268,0.02585562588273122,0.00016966532429047603,0.00013815444223862601,0.00016966532429047603
4,1.0,269,0.02568684182552902,0.00016511791394853122,0.00013475373715186997,0.00016511791394853122
4,1.0,270,0.02591205852464665,0.00017090033509043837,0.00017090033509043837,0.00016722504322940436
4,1.0,271,0.025815674629405084,0.00017878194629535166,0.00017878194629535168,0.00016826170420505967
4,1.0,272,0.02601537816036165,0.00016993184021577237,0.00016993184021577237,0.00016911050961679165
4,1.0,273,0.025900170247344943,0.0001865054013330898,0.0001865054013330898,0.00016686207011082442
4,1.0,274,0.0257029921214167,0.00017156133555425548,0.00014034633190994678,0.00017156133555425548
4,1.0,275,0.025790868564794605,0.00016796695952152178,0.00016084964719391626,0.00016796695952152178
4,1.0,276,0.02601469316056334,0.0001685774929077951,0.00016023523068794317,0.0001685774929077951
4,1.0,277,0.026024372552407648,0.00018807602980968192,0.0001880760298096819,0.00016203635810999655
4,1.0,278,0.025905746308104095,0.00016390590910330807,0.00015019159559188805,0.00016390590910330807
4,1.0,279,0.025694026511649665,0.00016408701564458574,0.0001349980345642735,0.00016408701564458574
4,1.0,280,0.025797936497047223,0.00016654058229677665,0.00014252128713758443,0.00016654058229677665
4,1.0,281,0.025692926459901236,0.0001853399555264328,0.0001853399555264328,0.00016796182672090584
4,1.0,282,0.025731747145334053,0.0001658466503342403,0.00015689859215813333,0.0001658466503342403
4,1.0,283,0.025873761438763302,0.00016515560757859732,0.00014365075456014212,0.00016515560757859732
4,1.0,284,0.025898204921517138,0.0001644734700050344,0.00014374518483835738,0.0001644734700050344
4,1.0,285,0.025785632202900224,0.0001712901955541276,0.0001582807037865047,0.0001712901955541276
4,1.0,286,0.025758161218496323,0.00017256635890076013,0.00016956364026111774,0.00017256635890076013
4,1.0,287,0.025718195952058143,0.00016911691997223085,0.00016911691997223085,0.00016840597468072502
4,1.0,288,0.02598462235370254,0.0001707199453256391,0.00013840747267557807,0.0001707199453256391
4,1.0,289,0.02575055363325209,0.00017203699340587986,0.00015440356607798614,0.00017203699340587986
4,1.0,290,0.025626487823493325,0.000169563949429269,0.00016738321915850824,0.000169563949429269
4,1.0,291,0.02566619994953893,0.00020791152536953945,0.00020791152536953945,0.00016720574646893256
4,1.0,292,0.025693214085495512,0.00020982163208489515,0.00020982163208489515,0.00016843423458997128
4,1.0,293,0.025832893241988862,0.0002013394657580683,0.0002013394657580683,0.00017349688317753995
4,1.0,294,0.025605098851119737,0.0001894238911777168,0.00018942389117771683,0.00017091824567050558
4,1.0,295,0.025526845067534647,0.0001681860213256982,0.0001681860213256982,0.00016300816619623797
4,1.0,296,0.025608520565751733,0.0001869883203006172,0.0001869883203006172,0.00016176220429698973
4,1.0,297,0.025596975110723504,0.00018064684733593283,0.00018064684733593286,0.00016374787978478352
4,1.0,298,0.025479860932564786,0.00020293877166359527,0.0002029387716635953,0.00016150117138240332
4,1.0,299,0.025506383471961026,0.00017526799368268933,0.00017526799368268933,0.00016780154966508726
4,1.0,300,0.02557756513855113,0.00017595277947334706,0.00017595277947334706,0.00016403616305585896
4,1.0,301,0.025571895616922517,0.000170114386155535,0.000170114386155535,0.00015982129146054893
4,1.0,302,0.025709930775020203,0.00016429442166057375,0.0001601690765211851,0.00016429442166057375
4,1.0,303,0.025848216155369707,0.00016466016507579454,0.00015978693260512583,0.00016466016507579454
4,1.0,304,0.025868009547365064,0.00017566286429363619,0.00017566286429363619,0.0001639728186438688
4,1.0,305,0.025848866638087928,0.0001748508885212634,0.0001748508885212634,0.00016062815923478002
4,1.0,306,0.02573139776164707,0.00019190977516595254,0.00019190977516595254,0.0001645316413781466
4,1.0,307,0.025614224043723842,0.00016678359720563997,0.00016678359720563997,0.0001639930785587346
4,1.0,308,0.025563325938070904,0.00016656423149625986,0.00016338975108384714,0.00016656423149625986
4,1.0,309,0.025846663291948842,0.0001732201140763111,0.00013767767241938973,0.0001732201140763111
4,1.0,310,0.025775911329708637,0.00016914463035789032,0.0001385214078742487,0.00016914463035789032
4,1.0,311,0.025780732529105867,0.00017232373980840128,0.00012827792128479665,0.00017232373980840128
4,1.0,312,0.025709591476196742,0.0001649447213189947,0.00015593954484756717,0.0001649447213189947
4,1.0,313,0.02574731416860755,0.00015846851748349682,0.00013712824145774866,0.00015846851748349682
4,1.0,314,0.025857575125001267,0.00016017306135463684,0.00013946062203386728,0.00016017306135463684
4,1.0,315,0.025831722100609886,0.00016305225019539937,0.00013460923802178067,0.00016305225019539937
4,1.0,316,0.025806315577447596,0.0001592392730672851,0.0001535695571270928,0.0001592392730672851
4,1.0,317,0.025699383718996573,0.000160537354329197,0.00015439819766684064,0.000160537354329197
4,1.0,318,0.02573345762153996,0.00016611677330009869,0.00016611677330009869,0.00016553173607438513
4,1.0,319,0.025666387802178656,0.00017394671784447285,0.000161352797492245,0.00017394671784447285
4,1.0,320,0.02561958136930092,0.0001765848279934279,0.0001765848279934279,0.0001642675291168972
4,1.0,321,0.02554275684531933,0.00016445670495383253,0.00012592097699529346,0.00016445670495383253
4,1.0,322,0.025633818218699995,0.00016299840282766277,0.00014849910771043062,0.00016299840282766277
4,1.0,323,0.025779362084547248,0.0001683463764525664,0.00016175609154562063,0.0001683463764525664
4,1.0,324,0.025781251480048232,0.00016149515142830262,0.00016149515142830262,0.00015735985441053878
4,1.0,325,0.02579065130382092,0.00016420667647814083,0.00015177649190289402,0.00016420667647814083
4,1.0,326,0.02558851586344653,0.0001619646683699641,0.00015796060219347302,0.0001619646683699641
4,1.0,327,0.025611763674746307,0.0001671816013043626,0.00015061199685597717,0.0001671816013043626
4,1.0,328,0.025651642665308557,0.0001643255931980381,0.00014829013468502128,0.0001643255931980381
4,1.0,329,0.025839693751237444,0.00016527500514221306,0.00016290359023387794,0.00016527500514221306
4,1.0,330,0.025858003210442803,0.00016687700118664164,0.00016687700118664164,0.00016631091072074982
4,1.0,331,0.025847166047177177,0.00018163070825293824,0.00018163070825293827,0.00016487612237607563
4,1.0,332,0.025729573724513233,0.00016965394509801932,0.0001561705582752987,0.00016965394509801932
4,1.0,333,0.025830643928650747,0.00017678027145135434,0.00016911791064340017,0.00017678027145135434
4,1.0,334,0.02564833171936618,0.00018122458170503916,0.00018122458170503916,0.00017075781423543884
4,1.0,335,0.025521399726807746,0.00017301471162576809,0.00016896655386348445,0.00017301471162576809
4,1.0,336,0.025655841425162917,0.00016953575752042625,0.00012942074434857818,0.00016953575752042625
4,1.0,337,0.02570438762351907,0.00016316998561998305,0.00014681348442484695,0.00016316998561998305
4,1.0,338,0.025968187986262724,0.00017001144504440028,0.00016281831614635395,0.00017001144504440028
4,1.0,339,0.02604412155520437,0.00018220426473944352,0.00018220426473944352,0.00016959768102527042
4,1.0,340,0.025959646579881878,0.00017947970939455985,0.00017947970939455985,0.00016842203406058093
4,1.0,341,0.025964267206297943,0.0001666699799382947,0.00015963111889523673,0.0001666699799382947
4,1.0,342,0.0260295084068624,0.00016700595618133652,0.00014264743115110105,0.00016700595618133652
4,1.0,343,0.026007020946351506,0.00016486916100665877,0.00016055949528641654,0.00016486916100665877
4,1.0,344,0.026048737991198348,0.000162603164836556,0.0001527805000814256,0.000162603164836556
4,1.0,345,0.025967913299217733,0.0001703234760605493,0.0001703234760605493,0.00016634975140553988
4,1.0,346,0.02599800039108833,0.00016532904263611467,0.00016532904263611467,0.00016329503905840537
4,1.0,347,0.025963552521210836,0.00016643023406599404,0.00013912255892753236,0.00016643023406599404
4,1.0,348,0.025633572232524496,0.00016687252439033195,0.0001620948245685997,0.00016687252439033195
4,1.0,349,0.025585230255793654,0.00016327954289677428,0.00013731551026080612,0.00016327954289677428
4,1.0,350,0.025716333846359678,0.00017339645060261775,0.00017339645060261775,0.00016629914822887542
4,1.0,351,0.02589062861375765,0.00017305856746021493,0.00015110011001166947,0.00017305856746021493
4,1.0,352,0.02578486633252651,0.00018318293849155912,0.00018318293849155912,0.00017409179195007038
4,1.0,353,0.0256357401972066,0.00018954909644299705,0.00018954909644299707,0.0001554060326580715
4,1.0,354,0.025733500686343672,0.00018557638555258157,0.0001855763855525816,0.00016652990962222512
4,1.0,355,0.02587952953527193,0.00017472472599383443,0.0001747247259938344,0.00017419378317341181
4,1.0,356,0.025915815312224793,0.00020117480399357143,0.0002011748039935714,0.0001745953979901638
4,1.0,357,0.02599732500512435,0.00016740519109094775,0.00016279718684809877,0.00016740519109094775
4,1.0,358,0.025934680242737394,0.00016094324378046468,0.00015162928214892206,0.00016094324378046468
4,1.0,359,0.02576439331760966,0.0001578702349695003,0.00015387334785914105,0.0001578702349695003
4,1.0,360,0.025716815680478452,0.00016262858644161868,0.00015585616632611012,0.00016262858644161868
4,1.0,361,0.025661234565073153,0.0001601262631122619,0.0001186398061352513,0.0001601262631122619
4,1.0,362,0.025705197163375337,0.00016917944520791344,0.0001478524517123286,0.00016917944520791344
4,1.0,363,0.02572299054359202,0.00016766262587080373,0.00015173601980078108,0.00016766262587080373
4,1.0,364,0.025715903509630312,0.00017755389168477276,0.00017755389168477276,0.00016860947999369706
4,1.0,365,0.025730612513905203,0.00017532958787841948,0.00017532958787841948,0.00017073387704307928
4,1.0,366,0.025863866072099635,0.00018779362877304368,0.00018779362877304365,0.000164627435482843
4,1.0,367,0.025921521170281014,0.00019727247075894698,0.00019727247075894695,0.00016908891119809968
4,1.0,368,0.025945503747224197,0.00016578131704230895,0.00016475691563687316,0.00016578131704230895
4,1.0,369,0.025837701735824788,0.0001603360192896257,0.00016033601928962571,0.00015888266434643678
4,1.0,370,0.02574004115698336,0.00017341542581474314,0.00017341542581474317,0.000163474040951055
4,1.0,371,0.02593572597902515,0.00019602209798585526,0.00019602209798585523,0.0001694238757818257
4,1.0,372,0.025780695660295068,0.0001962210758977221,0.0001962210758977221,0.0001709553252369346
4,1.0,373,0.025885899476704066,0.00017117934051543026,0.00015785427392599712,0.00017117934051543026
4,1.0,374,0.025994886372478276,0.00017640562951648414,0.00017640562951648414,0.00016690640509328086
4,1.0,375,0.025956928324007967,0.0001714175609872439,0.00017141756098724387,0.000168749623337278
4,1.0,376,0.025831497218375417,0.0001671644649406516,0.00016086630779415276,0.0001671644649406516
4,1.0,377,0.02562631918886692,0.00016885845625428815,0.00015670332916583842,0.00016885845625428815
4,1.0,378,0.026106566741819968,0.00019082430797333794,0.00019082430797333794,0.00017184804457078115
4,1.0,379,0.02597286491344305,0.000175656722440173,0.00017565672244017298,0.00016855361469455578
4,1.0,380,0.025754793961249085,0.00016407768570860147,0.00016109139463362906,0.00016407768570860147
4,1.0,381,0.02579291188480342,0.0001746709589761365,0.0001746709589761365,0.00016249966534675504
4,1.0,382,0.025721037228640654,0.00016534517334949105,0.00014319675323263377,0.00016534517334949105
4,1.0,383,0.025636114054363165,0.00017250932197707702,0.00017250932197707702,0.00016437353933434476
4,1.0,384,0.025835973725390416,0.0001707039245094631,0.0001707039245094631,0.00016085872696965025
4,1.0,385,0.025612915502960888,0.00017018104226888936,0.0001701810422688894,0.00016363336414275308
4,1.0,386,0.025710586385467103,0.00017362583845769195,0.00017362583845769195,0.0001717817752408852
4,1.0,387,0.025736094652733833,0.00016521448182498123,0.00015619151691512816,0.00016521448182498123
4,1.0,388,0.025659787160737548,0.000167164673374021,0.00015017831722584002,0.000167164673374021
4,1.0,389,0.025693940090392327,0.0001674288672439983,0.00013772024971853567,0.0001674288672439983
4,1.0,390,0.025767922748182497,0.0001703017071805775,0.00015336852826084102,0.0001703017071805775
4,1.0,391,0.025800093426834078,0.00017572732380071344,0.00017572732380071344,0.00016317775720666851
4,1.0,392,0.025780822113547614,0.00019870040104389466,0.00019870040104389466,0.00016295484234632234
4,1.0,393,0.025724206699530374,0.00018249111842312063,0.00018249111842312063,0.0001664956696723971
4,1.0,394,0.025846449992766394,0.00019049020911730236,0.00019049020911730236,0.00017068269596768422
4,1.0,395,0.025934452599041202,0.00018300035695371786,0.00018300035695371786,0.00017068737276312095
4,1.0,396,0.02590410718881595,0.000174893789091408,0.0001619283147748369,0.000174893789091408
4,1.0,397,0.02587266971325819,0.00017859484518700517,0.00017859484518700515,0.00016851703449008752
4,1.0,398,0.025796090013984717,0.00016453890307893294,0.00016230418411724865,0.00016453890307893294
4,1.0,399,0.025903469005117596,0.00016590757098173961,0.00014597745967168113,0.00016590757098173961
4,1.0,400,0.025883902994239098,0.00016678171799733462,0.0001575611574382092,0.00016678171799733462
4,1.0,401,0.025793658370164892,0.00015997392872176827,0.00015997392872176824,0.00015853105428413714
4,1.0,402,0.02577568941044287,0.0001721608134426283,0.00017216081344262828,0.00015467259639691301
4,1.0,403,0.025659565989760262,0.0002050923652163042,0.00020509236521630423,0.00015644484908438597
4,1.0,404,0.025542386318658763,0.00019003879004732347,0.00019003879004732347,0.00015756494323704341
4,1.0,405,0.02560836868900692,0.00020735028255081955,0.00020735028255081955,0.0001649741048726622
4,1.0,406,0.025966862983307904,0.0001904041464040591,0.0001904041464040591,0.0001683818983825231
4,1.0,407,0.025804395570853473,0.00016477149428361864,0.00016407611866639253,0.00016477149428361864
4,1.0,408,0.025745361249120087,0.0001656614641859157,0.00015853794366071266,0.0001656614641859157
4,1.0,409,0.0256055046062288,0.0001660646924029756,0.00016606469240297561,0.00016587337067892292
4,1.0,410,0.025590941241672178,0.0001606739678496412,0.00015949927739666454,0.0001606739678496412
4,1.0,411,0.02585809378017299,0.00015950899533141518,0.0001243596675474164,0.00015950899533141518
4,1.0,412,0.02565479815817258,0.00016325050821474582,0.0001464207046354424,0.00016325050821474582
4,1.0,413,0.025630640395762846,0.00017414072182989955,0.00017414072182989955,0.00016389931745134186
4,1.0,414,0.025706480011775976,0.00018538258798686508,0.00018538258798686508,0.00016312173609653319
4,1.0,415,0.02572532369744833,0.00019281510396987792,0.00019281510396987794,0.00016007525484942818
4,1.0,416,0.02564148924654722,0.00017741663150468753,0.00017741663150468753,0.00016118883476584845
4,1.0,417,0.02568841186178651,0.00018706586636969263,0.00018706586636969263,0.0001630261885976771
4,1.0,418,0.025648269665632644,0.0001672764365234387,0.0001672764365234387,0.00016627241992606904
4,1.0,419,0.02546708839498469,0.00017675486767389925,0.00017675486767389925,0.00015869267149800942
4,1.0,420,0.025660681116153786,0.00017382436626919552,0.00017382436626919552,0.0001682442449785492
4,1.0,421,0.02573672353474486,0.00017963524013370178,0.00017963524013370178,0.00016433977453401196
4,1.0,422,0.025690857830890184,0.00016359383954468897,0.0001585431706230498,0.00016359383954468897
4,1.0,423,0.025811072638031746,0.00015975748630785687,0.00014463523523974506,0.00015975748630785687
4,1.0,424,0.02570092913880771,0.0001682981771451882,0.00015574609436989922,0.0001682981771451882
4,1.0,425,0.02570095621698652,0.00016465892129603418,0.0001480969006991436,0.00016465892129603418
4,1.0,426,0.025720817828588375,0.00017922901645763285,0.00017922901645763282,0.00016868631466055483
4,1.0,427,0.025780565122516343,0.00018780702155405743,0.00018780702155405743,0.00017014399802313174
4,1.0,428,0.02578616224180885,0.00016457997859404096,0.00014801413106008094,0.00016457997859404096
4,1.0,429,0.02568032720872367,0.00015859745015416876,0.0001229152438035956,0.00015859745015416876
4,1.0,430,0.02573058931832166,0.00016334074010144705,0.00016334074010144705,0.00016247519539667885
4,1.0,431,0.02589256053591919,0.0001895359281847425,0.00018953592818474253,0.00017386675675961716
4,1.0,432,0.025975623257230507,0.00017372304414162268,0.00017267622426630266,0.00017372304414162268
4,1.0,433,0.025881519499618828,0.00020022139139908403,0.00020022139139908403,0.00017103381881760604
4,1.0,434,0.025940747301595728,0.0001657886384002689,0.00016578863840026887,0.0001649990253684221
4,1.0,435,0.025862489816209658,0.00017526684725909037,0.00017104123266994592,0.00017526684725909037
4,1.0,436,0.025948747292978403,0.00017031936462239095,0.00016330271818371447,0.00017031936462239095
4,1.0,437,0.025993045251421543,0.00017482890431981,0.0001570221794325899,0.00017482890431981
4,1.0,438,0.025874087042280235,0.00017020613934558328,0.00016624072216681906,0.00017020613934558328
4,1.0,439,0.025915404434441534,0.0001703783971367356,0.0001703783971367356,0.00017034972629276224
4,1.0,440,0.025902913021798837,0.00017046034657833509,0.00017046034657833509,0.00016386474495814484
4,1.0,441,0.025939051094757068,0.0001654271306411111,0.0001617665492183984,0.0001654271306411111
4,1.0,442,0.025760146978818097,0.00016836482794469637,0.00014899623813042782,0.00016836482794469637
4,1.0,443,0.025659242039291798,0.00016924893718785541,0.00015233748118226117,0.00016924893718785541
4,1.0,444,0.025653874988782636,0.00017103558701038566,0.00014409539036821048,0.00017103558701038566
4,1.0,445,0.025870521128537525,0.00016867183136517832,0.00016867183136517832,0.0001674508746633694
4,1.0,446,0.025841815865987987,0.00016493521318012083,0.00016383709126464567,0.00016493521318012083
4,1.0,447,0.025878864133024725,0.00017376071095974113,0.00017376071095974113,0.00017053653011915235
4,1.0,448,0.02575144216189902,0.00018375982253025086,0.00018375982253025086,0.0001692834999520291
4,1.0,449,0.02602251366062821,0.00016605956540481824,0.00015229059529004363,0.00016605956540481824
4,1.0,450,0.0260106022293116,0.0001699273695156551,0.00014781831247899494,0.0001699273695156551
4,1.0,451,0.026199562062770854,0.00018106564501474125,0.00018106564501474122,0.00017277796569589444
4,1.0,452,0.025860397321446744,0.00016627740023086895,0.00016319612220119968,0.00016627740023086895
4,1.0,453,0.025937575441588197,0.00016584750805154902,0.00016025528344493177,0.00016584750805154902
4,1.0,454,0.025968778132395065,0.00017104280524142686,0.00016979726980426003,0.00017104280524142686
4,1.0,455,0.025851207541981534,0.000167679859284027,0.00015933793982844736,0.000167679859284027
4,1.0,456,0.02581008295004861,0.00017329087736059196,0.00013860695876031227,0.00017329087736059196
4,1.0,457,0.025734433743953688,0.00017213191586514282,0.00017213191586514282,0.00016876474596234199
4,1.0,458,0.025708943640367625,0.00016749137245685282,0.00014344580035483264,0.00016749137245685282
4,1.0,459,0.025750864433743827,0.00017124508094008218,0.00016689044684124215,0.00017124508094008218
4,1.0,460,0.0258594101552258,0.00017524189653624888,0.00015101732938725934,0.00017524189653624888
4,1.0,461,0.025640614948819748,0.0001659729120971188,0.00014411701288819125,0.0001659729120971188
4,1.0,462,0.025575995173021074,0.0001661541431560964,0.00015314448343965202,0.0001661541431560964
4,1.0,463,0.025651768209717478,0.0001679286210130055,0.0001389776708348565,0.0001679286210130055
4,1.0,464,0.02563087606944432,0.00015990902981788006,0.00013427296635069516,0.00015990902981788006
4,1.0,465,0.02565736849340523,0.00016477595534541395,0.0001449857904401179,0.00016477595534541395
4,1.0,466,0.025769833545584733,0.00016195961570536087,0.00012502322419552674,0.00016195961570536087
4,1.0,467,0.02580008201185212,0.00016376526123887161,0.00010738350191142723,0.00016376526123887161
4,1.0,468,0.025731974105484102,0.0001625903896938102,0.00013232955801773547,0.0001625903896938102
4,1.0,469,0.025808436204062663,0.00016796855675386128,0.00016542144511057816,0.00016796855675386128
4,1.0,470,0.025928741754645896,0.0001671724951022351,0.00015890214964233774,0.0001671724951022351
4,1.0,471,0.025790784631725825,0.00016631033345454777,0.00015276511672798895,0.00016631033345454777
4,1.0,472,0.025921804411900132,0.00015985360400666454,0.0001051895404627649,0.00015985360400666454
4,1.0,473,0.025899678773219224,0.00017241548756032803,0.000146213601955862,0.00017241548756032803
4,1.0,474,0.025706219113740967,0.00017194434448906224,0.00017072072177167855,0.00017194434448906224
4,1.0,475,0.0253367202299203,0.00016417876415270025,0.00016169348639994205,0.00016417876415270025
4,1.0,476,0.025527779491753357,0.00016709873104968988,0.00015150882936351175,0.00016709873104968988
4,1.0,477,0.025497242199640703,0.00015875534323169755,0.00013948060731527965,0.00015875534323169755
4,1.0,478,0.02565465090862601,0.0001592490693553655,0.00012481869896128442,0.0001592490693553655
4,1.0,479,0.02585211724082269,0.00015845559375482653,0.00014591257512346038,0.00015845559375482653
4,1.0,480,0.02581880660492323,0.0001627745344135752,0.00014181320400130784,0.0001627745344135752
4,1.0,481,0.025749924877277657,0.00015884386457825828,0.0001375960290251077,0.00015884386457825828
4,1.0,482,0.025695115298551615,0.00016184666439284502,0.00012413194495223761,0.00016184666439284502
4,1.0,483,0.02576301109861926,0.00016848564595322145,0.00011776141183950164,0.00016848564595322145
4,1.0,484,0.025934028114747033,0.00016751277401023886,0.00016456896277548783,0.00016751277401023886
4,1.0,485,0.025881726279076457,0.00015935131128488723,0.00015304487064307643,0.00015935131128488723
4,1.0,486,0.02577566296367537,0.00017434556215209407,0.00017434556215209407,0.00016075488671200163
4,1.0,487,0.02601075604113944,0.00017829159339842167,0.00017829159339842167,0.00016024425435630203
4,1.0,488,0.026086600821902353,0.00017951277734387056,0.00017951277734387059,0.0001676177538159241
4,1.0,489,0.026005756823879164,0.00019124038897227422,0.00019124038897227425,0.0001621796174976445
4,1.0,490,0.02581650345083199,0.00020551562470015627,0.00020551562470015627,0.0001624018940146656
4,1.0,491,0.02614009870362477,0.00018227549434367304,0.00018227549434367304,0.00016678883608553416
4,1.0,492,0.026092327174340475,0.0001725087922477369,0.00015631508012627267,0.0001725087922477369
4,1.0,493,0.025910785443665253,0.00018462483009952169,0.0001846248300995217,0.0001666619008097566
4,1.0,494,0.02587059134400727,0.0001798161261348588,0.0001798161261348588,0.00016611920187831243
4,1.0,495,0.0259061840694288,0.00019173038414682593,0.0001917303841468259,0.0001638758395997153
4,1.0,496,0.026002279235688267,0.00017835895592324943,0.00017835895592324943,0.00016601840350405724
4,1.0,497,0.025990254946323614,0.0001688154149560932,0.0001678331482715041,0.0001688154149560932
4,1.0,498,0.026120243514460014,0.00016488113757003533,0.00016488113757003533,0.00016445945737673788
4,1.0,499,0.02611438037349752,0.00017628987065583082,0.00017628987065583082,0.00016923432365297347
4,1.0,500,0.026271495263425204,0.00016929850880944975,0.00016785445070200824,0.00016929850880944975
