k,p,t,variance_mean,sem_total,sem_network,sem_runs
12,0.0,0,0.08248081709997644,0.00024847440324574744,0.0002300988865709009,0.00024847440324574744
12,0.0,1,0.050651614362516244,0.00025559122250936445,0.00025559122250936445,0.00024323376698726838
12,0.0,2,0.03690034331093048,0.00023275677655002066,0.00023275677655002066,0.0002289099618841272
12,0.0,3,0.030718724605308736,0.0002363155980595036,0.0002363155980595036,0.0002084217720934977
12,0.0,4,0.027943811192733713,0.00020410240260816022,0.00020410240260816022,0.00019719880417893126
12,0.0,5,0.02650746856786477,0.00019742380025631142,0.0001974238002563114,0.0001948869102682036
12,0.0,6,0.02600778385220072,0.000196673503405102,0.00019550630715087168,0.000196673503405102
12,0.0,7,0.025911138920710043,0.00019341447372947933,0.00017776989698835519,0.00019341447372947933
12,0.0,8,0.025692966544306355,0.00019319145959160287,0.00018771570019227092,0.00019319145959160287
12,0.0,9,0.026014990728222543,0.00020734674662509613,0.00019630625809811361,0.00020734674662509613
12,0.0,10,0.02606096929407709,0.00024120793348489952,0.00024120793348489952,0.00021174627094320303
12,0.0,11,0.02635328762688298,0.00024957619717371024,0.00024957619717371024,0.00021075038652907424
12,0.0,12,0.026548948267243227,0.0002606641686191179,0.0002606641686191179,0.0002150271828454503
12,0.0,13,0.026421919920391244,0.0002479425941625248,0.0002479425941625248,0.00021184860042735475
12,0.0,14,0.02637544235250108,0.00023311212519298673,0.00023311212519298673,0.00021992519643588594
12,0.0,15,0.026573461459372054,0.00024240233562837932,0.00024240233562837932,0.00021912908555874445
12,0.0,16,0.02720685952666456,0.00025788366119555353,0.0002578836611955535,0.0002287459576997428
12,0.0,17,0.02733801881126613,0.00024559028085764504,0.00024559028085764504,0.0002326367000255819
12,0.0,18,0.027499989967166096,0.0002354802503211076,0.00021727556281342427,0.0002354802503211076
12,0.0,19,0.027748829971770163,0.0002777709752562663,0.0002777709752562663,0.00024451856237246077
12,0.0,20,0.02795877044405479,0.00026024045874753254,0.00026024045874753254,0.00024756533901978793
12,0.0,21,0.02818119984852322,0.000259254781339851,0.00025925478133985094,0.00024983589084318986
12,0.0,22,0.028257987154207163,0.0002527812245421982,0.00024747597704901096,0.0002527812245421982
12,0.0,23,0.028119059311001133,0.0002536840049918244,0.00023188598807730816,0.0002536840049918244
12,0.0,24,0.028197420581122977,0.0002531770840310621,0.00021027745434228082,0.0002531770840310621
12,0.0,25,0.0283300238689656,0.00025674593389056607,0.0002423154165103944,0.00025674593389056607
12,0.0,26,0.02832391299808014,0.00026259382541574263,0.0002433967591266497,0.00026259382541574263
12,0.0,27,0.02845598314875192,0.00027246667380373754,0.0002624475639815045,0.00027246667380373754
12,0.0,28,0.028595453785528264,0.00028499788489449134,0.0002582782251455642,0.00028499788489449134
12,0.0,29,0.028684916890489773,0.00028045915875532594,0.00024187504370038674,0.00028045915875532594
12,0.0,30,0.028689027789709824,0.00028491651910076993,0.0002725417357791212,0.00028491651910076993
12,0.0,31,0.02877506825035008,0.0002874003100329182,0.00025186803780134873,0.0002874003100329182
12,0.0,32,0.028955793967113373,0.00028707787149545583,0.00028400700809069697,0.00028707787149545583
12,0.0,33,0.028841235258185268,0.0003025290896684276,0.0003025290896684276,0.00028947838136445176
12,0.0,34,0.02909803400900011,0.0003086443017495789,0.00030864430174957884,0.0002947690613574235
12,0.0,35,0.02917883508216579,0.00030259353633283614,0.00027067467200608857,0.00030259353633283614
12,0.0,36,0.029209360872773597,0.0003025867770890293,0.0002956055912860819,0.0003025867770890293
12,0.0,37,0.02935480638336572,0.0003015322356818276,0.00026921738301667223,0.0003015322356818276
12,0.0,38,0.029362287198488206,0.0003003425254102882,0.00029113934971879786,0.0003003425254102882
12,0.0,39,0.02945063124623528,0.0003005628413509984,0.0002708213932494578,0.0003005628413509984
12,0.0,40,0.029694968886693922,0.00030460197025178494,0.00025965428660487916,0.00030460197025178494
12,0.0,41,0.029764736928666505,0.00029919447983942435,0.00025275666323667145,0.00029919447983942435
12,0.0,42,0.02984487780763428,0.00030934024005517524,0.0002383112277988116,0.00030934024005517524
12,0.0,43,0.03010511337574684,0.00031646776408327995,0.00027436881206354134,0.00031646776408327995
12,0.0,44,0.03006734071170444,0.00031461175625443653,0.000282391938753562,0.00031461175625443653
12,0.0,45,0.02991890795156822,0.00032694439592441204,0.00031393615357100716,0.00032694439592441204
12,0.0,46,0.030071693240898364,0.00032821564124644914,0.00032393234941101605,0.00032821564124644914
12,0.0,47,0.030122611757430993,0.0003599187098155325,0.0003599187098155325,0.00032379869561985613
12,0.0,48,0.030118490864159117,0.00035282859844636876,0.00035282859844636876,0.0003254335396358022
12,0.0,49,0.030187758820720705,0.0003415412022998333,0.0003415412022998333,0.00032802084511640334
12,0.0,50,0.03048583630035419,0.0003583311574780719,0.0003583311574780719,0.0003192147997904615
12,0.0,51,0.03059868685368992,0.00034117128605145447,0.00034117128605145447,0.00032153880136745634
12,0.0,52,0.0305875428507987,0.0003446221705875846,0.00034462217058758463,0.0003269749625823391
12,0.0,53,0.030683435824168884,0.0003382681247141034,0.00031802028467182444,0.0003382681247141034
12,0.0,54,0.03045573034117136,0.00034078893612767344,0.0003236223965358296,0.00034078893612767344
12,0.0,55,0.030543915271622472,0.00033691311179853835,0.00031453630704066446,0.00033691311179853835
12,0.0,56,0.030743406726985483,0.00035753769098296063,0.00035753769098296063,0.00032577672661540804
12,0.0,57,0.030796977697596643,0.0003608549490443795,0.0003608549490443795,0.0003274967968615653
12,0.0,58,0.03079473926658409,0.00038050098156586324,0.0003805009815658633,0.00033313280221377613
12,0.0,59,0.03072988547408574,0.00039756266997510655,0.00039756266997510655,0.00034105739922370013
12,0.0,60,0.030815863485807074,0.00040037312795489346,0.0004003731279548934,0.0003463991847668404
12,0.0,61,0.030832861379341336,0.00042520221539989086,0.00042520221539989086,0.0003425683857010299
12,0.0,62,0.03099381367179356,0.0004311602837521141,0.000431160283752114,0.00034085602919630266
12,0.0,63,0.031086581768025198,0.0004313182363928167,0.0004313182363928167,0.0003405162738328713
12,0.0,64,0.03122287916261662,0.00040319310528959474,0.00040319310528959474,0.0003501986536436155
12,0.0,65,0.030914002410204828,0.00039187813242640775,0.0003918781324264078,0.00034387348532716357
12,0.0,66,0.03097668207401023,0.0003788510836631939,0.000378851083663194,0.0003480354319966431
12,0.0,67,0.030803655832497168,0.00036639538884093606,0.00036639538884093606,0.0003441445856411734
12,0.0,68,0.030898186409334984,0.00040119597330917953,0.0004011959733091795,0.0003398579888000786
12,0.0,69,0.031105127986945254,0.000406827053129667,0.000406827053129667,0.0003442519719257963
12,0.0,70,0.03127362967380829,0.0004043015715098149,0.0004043015715098149,0.0003574830180207312
12,0.0,71,0.031342950351684565,0.0003757749060670124,0.0003757749060670124,0.0003550711157375306
12,0.0,72,0.03138568209679222,0.00036275464390141674,0.00036275464390141674,0.00036123091214092435
12,0.0,73,0.031308886312919525,0.0003844407163347026,0.0003844407163347026,0.00036025341112458684
12,0.0,74,0.031411763774703144,0.00035995111286279806,0.00035628065423160243,0.00035995111286279806
12,0.0,75,0.031107185914350275,0.0003876570095616572,0.0003876570095616572,0.0003611893599886605
12,0.0,76,0.031178543315801284,0.0003854564468940334,0.00038545644689403334,0.0003686342744010408
12,0.0,77,0.03128101552035282,0.0003773825362049278,0.00037738253620492784,0.0003666015948873931
12,0.0,78,0.03115414150956631,0.00036486440299260886,0.0003643158993451476,0.00036486440299260886
12,0.0,79,0.031212562683537514,0.0003611663238774595,0.00034403292320999763,0.0003611663238774595
12,0.0,80,0.03137518582191721,0.0003618220466533647,0.0003381977608493146,0.0003618220466533647
12,0.0,81,0.03122706614736548,0.0003663804168526069,0.00033348859838680105,0.0003663804168526069
12,0.0,82,0.03138285325716976,0.0003648274241107969,0.00036054762231596993,0.0003648274241107969
12,0.0,83,0.031324957350723145,0.00036393924361447427,0.0003639392436144742,0.0003584288056152212
12,0.0,84,0.03125240692585894,0.00036148919194245796,0.0003391138085187807,0.00036148919194245796
12,0.0,85,0.031448534362582894,0.0003700536135891665,0.0003452422605334575,0.0003700536135891665
12,0.0,86,0.03128216236106421,0.00037173073578847287,0.0003354219213664812,0.00037173073578847287
12,0.0,87,0.031301627031901015,0.00036625668839065646,0.00033161083577225856,0.00036625668839065646
12,0.0,88,0.03152498612798676,0.0003663911276646098,0.0003282311244720354,0.0003663911276646098
12,0.0,89,0.03148306168935386,0.00036357524375133567,0.0003222612431198636,0.00036357524375133567
12,0.0,90,0.031413101672577444,0.000370252615081138,0.00034816619369337266,0.000370252615081138
12,0.0,91,0.031682967856799756,0.00037028296353383913,0.00032847980834850907,0.00037028296353383913
12,0.0,92,0.031809247966672595,0.00036889526983351154,0.00032592732625431414,0.00036889526983351154
12,0.0,93,0.03203005063500962,0.00036921515489036274,0.0002976983014462512,0.00036921515489036274
12,0.0,94,0.03189037611416776,0.0003703410222486127,0.0002687231530900088,0.0003703410222486127
12,0.0,95,0.032059641515311044,0.0003690911519620942,0.00030222269697395993,0.0003690911519620942
12,0.0,96,0.0323236716182327,0.000377745442216597,0.00030684260561693696,0.000377745442216597
12,0.0,97,0.0319845363273514,0.0003683867774464534,0.0003221808757401911,0.0003683867774464534
12,0.0,98,0.031910317131935935,0.0003767891319495632,0.0003254145159070858,0.0003767891319495632
12,0.0,99,0.03165060444560892,0.0003739442529567566,0.00037394425295675664,0.0003727593248679278
12,0.0,100,0.031527710742064195,0.00037858585367780875,0.00037858585367780875,0.0003666660262189128
12,0.0,101,0.03151093222276213,0.00036723503646810804,0.00033491065073496906,0.00036723503646810804
12,0.0,102,0.031584592071151975,0.0003673746840460553,0.00034505030027297674,0.0003673746840460553
12,0.0,103,0.031700288932869455,0.0003724643648988985,0.0002997785463384007,0.0003724643648988985
12,0.0,104,0.031640177368697675,0.00037582519195005035,0.00032452499877982433,0.00037582519195005035
12,0.0,105,0.03138947222494641,0.00037153189578301106,0.0003230447802792186,0.00037153189578301106
12,0.0,106,0.03148676901188906,0.0003773290038943748,0.00034012087595645225,0.0003773290038943748
12,0.0,107,0.03153613683172266,0.00036761747419959906,0.0003518718251872706,0.00036761747419959906
12,0.0,108,0.03211246342645647,0.00037589582773905775,0.0003682537407377223,0.00037589582773905775
12,0.0,109,0.032183982944029306,0.000381476719042541,0.0003551212848315277,0.000381476719042541
12,0.0,110,0.03220623272867792,0.0003893812547590693,0.00038938125475906926,0.00037645275543547215
12,0.0,111,0.032020087314831275,0.00036846056520788124,0.00035919025693539143,0.00036846056520788124
12,0.0,112,0.03185991606578388,0.00036867811506651225,0.00034875980361605865,0.00036867811506651225
12,0.0,113,0.03172641129415903,0.00039458170600794814,0.00039458170600794814,0.0003703860949512364
12,0.0,114,0.03190782248299774,0.000442046349518958,0.00044204634951895797,0.0003873350947763333
12,0.0,115,0.032073090850330666,0.0004511513101381922,0.0004511513101381922,0.0003867043275880561
12,0.0,116,0.03231772224409839,0.0004521495345558444,0.0004521495345558444,0.00038936865306690043
12,0.0,117,0.0322923734806534,0.0004518971870016412,0.0004518971870016412,0.00038731313691981053
12,0.0,118,0.03223539417213389,0.0004357646206437874,0.00043576462064378734,0.0003785780955525477
12,0.0,119,0.03222941266884569,0.0004309927888545374,0.0004309927888545374,0.00038138592182134493
12,0.0,120,0.032299723713475136,0.00040087964591687243,0.0004008796459168725,0.00037684710697967694
12,0.0,121,0.032489716131644614,0.00038959742364141225,0.0003870714990991911,0.00038959742364141225
12,0.0,122,0.03249368158140069,0.00042186499380475603,0.00042186499380475603,0.00039799831868392104
12,0.0,123,0.0325354519817141,0.00040182030164194097,0.00039938947970301304,0.00040182030164194097
12,0.0,124,0.032479806252007436,0.00039176756129684484,0.0003882127905195349,0.00039176756129684484
12,0.0,125,0.03248850881396361,0.00040381933148592517,0.00040381933148592517,0.0003947287454866111
12,0.0,126,0.032525949145701304,0.00039537074819453815,0.000367094878593744,0.00039537074819453815
12,0.0,127,0.0326342249264752,0.0003922035062138575,0.0003839684664340743,0.0003922035062138575
12,0.0,128,0.03215895290998201,0.00038808792213062393,0.00034650272496044627,0.00038808792213062393
12,0.0,129,0.03223562183141078,0.00040264010902844286,0.0004026401090284429,0.0003901337301401723
12,0.0,130,0.03238562729290922,0.00038027647948765274,0.00038027647948765274,0.00037703189549651597
12,0.0,131,0.03234061519318036,0.00040378934612543457,0.00040378934612543457,0.0003733928443904181
12,0.0,132,0.032222206796658166,0.0003797523242166604,0.00036398546036406343,0.0003797523242166604
12,0.0,133,0.03223746833591512,0.0003849089635494223,0.000358096117839105,0.0003849089635494223
12,0.0,134,0.0322508371220604,0.0003886990411308262,0.0003517260707410522,0.0003886990411308262
12,0.0,135,0.032252551957354186,0.00039021290284518845,0.00034736012155388155,0.00039021290284518845
12,0.0,136,0.032128572031092845,0.0003838709180514706,0.0003326967857346176,0.0003838709180514706
12,0.0,137,0.03245235187118077,0.00039666446909517744,0.00035189735555313706,0.00039666446909517744
12,0.0,138,0.0325448140424332,0.00039953166052466486,0.00035027660159262614,0.00039953166052466486
12,0.0,139,0.03263531408345883,0.00039314701980857264,0.0003676695072239444,0.00039314701980857264
12,0.0,140,0.03232868744674321,0.0004181400292998594,0.00041814002929985936,0.0003932254049288841
12,0.0,141,0.032357724441059936,0.0003940588460025354,0.0003860425423515422,0.0003940588460025354
12,0.0,142,0.03252378233984428,0.0004064725977833582,0.0003974732325676067,0.0004064725977833582
12,0.0,143,0.0326158890049322,0.000434064076538137,0.000434064076538137,0.0004142729800812085
12,0.0,144,0.03256013652303232,0.0004394916026802904,0.00043949160268029046,0.00041893072842158854
12,0.0,145,0.03232759456155275,0.0004356277972813206,0.0004356277972813206,0.0004096168400702644
12,0.0,146,0.032265802383699124,0.00042382101889701216,0.00042382101889701216,0.00041282999775904127
12,0.0,147,0.032380577093348024,0.00041018697415179915,0.0004082308893825527,0.00041018697415179915
12,0.0,148,0.03230716339962642,0.000415527437577394,0.000415527437577394,0.0004001658653449696
12,0.0,149,0.03244474234444035,0.00039997981374383963,0.00039997981374383963,0.00039511248506581654
12,0.0,150,0.03242794078200128,0.0004027541593288338,0.0004027541593288338,0.0003958368913688131
12,0.0,151,0.03225126281864216,0.00039365293412550755,0.00039364691800716886,0.00039365293412550755
12,0.0,152,0.03228227879870067,0.0003936611327113993,0.00037090505293106924,0.0003936611327113993
12,0.0,153,0.03226173362824793,0.00039052938811533634,0.00037388031322560045,0.00039052938811533634
12,0.0,154,0.0322965172858903,0.0004177436655770425,0.00041774366557704247,0.0003919904898947903
12,0.0,155,0.032172345279934435,0.0003857955270278795,0.0003530393225284093,0.0003857955270278795
12,0.0,156,0.0321877347777086,0.00040031778631281447,0.00040031778631281447,0.0003756352264451875
12,0.0,157,0.03221299817089437,0.0004034547786025267,0.0004034547786025267,0.00037112226098261257
12,0.0,158,0.032419645049429104,0.000428993260361966,0.000428993260361966,0.00037269263018008036
12,0.0,159,0.032354245161846734,0.0004287029715341847,0.0004287029715341847,0.00038239993209620015
12,0.0,160,0.032344515142697136,0.00039937377088940354,0.00039937377088940354,0.0003793095181082208
12,0.0,161,0.0324542878764306,0.0003903366058233043,0.00037656909171152075,0.0003903366058233043
12,0.0,162,0.03225417883207671,0.0003950497201200452,0.00039504972012004516,0.0003863005777734114
12,0.0,163,0.03239884325957427,0.00040810553941041154,0.00040810553941041154,0.0003825594620600451
12,0.0,164,0.03233997656424387,0.00043987298580829877,0.0004398729858082987,0.00038872111394655675
12,0.0,165,0.03232631601681904,0.0004376402620291028,0.0004376402620291028,0.00038796004005545734
12,0.0,166,0.03237642656507443,0.00042342004237250674,0.00042342004237250674,0.0003858291871195597
12,0.0,167,0.032199183278470496,0.0003934546186571192,0.0003934546186571192,0.0003836512635475385
12,0.0,168,0.032014932671920425,0.0003784217980399544,0.00037593006040301995,0.0003784217980399544
12,0.0,169,0.03214990978052391,0.00037240706896735174,0.00037004846039530943,0.00037240706896735174
12,0.0,170,0.0321070318469012,0.0003740516596932579,0.00034834192262443204,0.0003740516596932579
12,0.0,171,0.03196763214506384,0.00037156925230606485,0.00034136362457989146,0.00037156925230606485
12,0.0,172,0.03194459513857765,0.00037345173866587647,0.00036675627534244745,0.00037345173866587647
12,0.0,173,0.032056096051722785,0.00038878660794784274,0.00038878660794784274,0.0003790446963956119
12,0.0,174,0.031965582552919224,0.00042583051282011003,0.00042583051282011003,0.0003790271906185907
12,0.0,175,0.03211198578231353,0.0004424933506598752,0.0004424933506598751,0.0003824340250596031
12,0.0,176,0.03233229811017578,0.00041154325766931823,0.0004115432576693183,0.00038042365002369336
12,0.0,177,0.032479888513662736,0.0004326974114725687,0.0004326974114725687,0.0003892973082090357
12,0.0,178,0.032330465823224,0.00045458874920698195,0.00045458874920698195,0.00038889410582565773
12,0.0,179,0.03234817438155976,0.00047635629497669573,0.0004763562949766957,0.0003847661738263259
12,0.0,180,0.03236226668186916,0.0004449889574667104,0.0004449889574667104,0.00038997859702656347
12,0.0,181,0.03214675613811615,0.0004583195746898679,0.00045831957468986785,0.00038589311523216853
12,0.0,182,0.032275913719150104,0.0004478819161624684,0.0004478819161624684,0.0003867361873738492
12,0.0,183,0.03234517056497905,0.00046744414908861924,0.0004674441490886192,0.00038538941792078774
12,0.0,184,0.032386988706619366,0.0004264115526678313,0.0004264115526678313,0.00038299355556015223
12,0.0,185,0.03242432389815911,0.0004551406488962205,0.0004551406488962205,0.00039233720106503163
12,0.0,186,0.032201014442036754,0.0003975747313634816,0.00039757473136348153,0.0003814147627792215
12,0.0,187,0.032284977415299496,0.0004162061345191291,0.0004162061345191291,0.00038049468645413257
12,0.0,188,0.032311860789469314,0.0004101877850303199,0.00041018778503031995,0.0003814976649028763
12,0.0,189,0.03223528568538742,0.0003810876859946457,0.0003810876859946457,0.0003803668443582124
12,0.0,190,0.03205712938959774,0.0003823367314793062,0.00038233673147930616,0.00037047604574718854
12,0.0,191,0.03210096780347752,0.000393345348706763,0.00039334534870676303,0.0003738393585929799
12,0.0,192,0.03204400291569908,0.00039492350439360424,0.0003949235043936043,0.0003748525359500468
12,0.0,193,0.032046835129726385,0.0003938133996938904,0.0003938133996938904,0.00037803026855107023
12,0.0,194,0.031863390262228626,0.0003729358613655415,0.00036742924188759953,0.0003729358613655415
12,0.0,195,0.031970209290687675,0.00038624546441102815,0.00034503354002913845,0.00038624546441102815
12,0.0,196,0.03194062561289097,0.0003784721728195565,0.0003519958098935018,0.0003784721728195565
12,0.0,197,0.0320182784673274,0.00041509687869726783,0.00041509687869726783,0.00037613789555923947
12,0.0,198,0.03181575424333622,0.0003871995756597453,0.00038719957565974537,0.0003786001719993492
12,0.0,199,0.031812935222216024,0.00039077775631446773,0.0003907777563144677,0.00037959306672226797
12,0.0,200,0.03191543141238132,0.0004288326789181764,0.0004288326789181764,0.000377662523191318
12,0.0,201,0.03186368883286013,0.0004108588191236743,0.00041085881912367433,0.0003771620920157139
12,0.0,202,0.03190529445924018,0.0004166016126383022,0.0004166016126383021,0.00037618447229527315
12,0.0,203,0.03190437146813024,0.00042795771407382884,0.00042795771407382884,0.0003653173533826184
12,0.0,204,0.03206993250428599,0.0004266103701601377,0.0004266103701601377,0.00037199492759258077
12,0.0,205,0.03200201123707577,0.00039466390063527904,0.0003946639006352791,0.0003730986824231013
12,0.0,206,0.03195647351493365,0.0004256167529553143,0.00042561675295531434,0.00037571095094851684
12,0.0,207,0.031819026090246776,0.00040175562756133987,0.0004017556275613399,0.0003719017922514924
12,0.0,208,0.031853472142254625,0.000380223281062221,0.0003802232810622209,0.00035626882236767534
12,0.0,209,0.03197860362565739,0.00038016002746728793,0.00038016002746728793,0.000363046196804363
12,0.0,210,0.03205614154298479,0.000416799839539564,0.00041679983953956393,0.00036104455940229844
12,0.0,211,0.0320296286271368,0.00039296712555047944,0.00039296712555047944,0.0003636657612155234
12,0.0,212,0.03203898536976459,0.0004058340204491197,0.00040583402044911976,0.0003732562201858942
12,0.0,213,0.03179193024128862,0.0003929584786884206,0.00039295847868842066,0.00036315629220086914
12,0.0,214,0.031701519919197396,0.00039057622908279327,0.0003905762290827932,0.00036650209344868943
12,0.0,215,0.031857080181422685,0.00043380664165523607,0.00043380664165523607,0.00038474074562924775
12,0.0,216,0.03185844287715361,0.0004456407763235323,0.0004456407763235323,0.00038108730835034526
12,0.0,217,0.032012877812319714,0.00046498469513032303,0.00046498469513032303,0.0003789592647583411
12,0.0,218,0.032017310329573764,0.0005007641143560214,0.0005007641143560214,0.00037630151049100385
12,0.0,219,0.032064895455397494,0.000486777824923132,0.00048677782492313195,0.00037866653552761644
12,0.0,220,0.03209044372399297,0.0005010395880352819,0.0005010395880352819,0.0003835840785106338
12,0.0,221,0.03201072898806336,0.0004808127794657013,0.0004808127794657013,0.0003817811584228452
12,0.0,222,0.032035578270613464,0.0004858749966113181,0.0004858749966113181,0.0003831748505412219
12,0.0,223,0.0321809475306081,0.0005023117396632757,0.0005023117396632757,0.00038846073235923953
12,0.0,224,0.032190168690261915,0.0005073176207477082,0.0005073176207477082,0.00038622360272503665
12,0.0,225,0.03207520225303515,0.000525873714011462,0.000525873714011462,0.0003861600786088025
12,0.0,226,0.032077462562412284,0.00048577041172249166,0.00048577041172249166,0.0003862798774800498
12,0.0,227,0.032092063398803335,0.0004499021529554122,0.0004499021529554122,0.000383947063374882
12,0.0,228,0.032035319821011606,0.0004465286881821409,0.0004465286881821409,0.00038531058074773775
12,0.0,229,0.032015771466530764,0.00043649213983259165,0.0004364921398325916,0.0003774587900209518
12,0.0,230,0.032169114610386504,0.00047142685024252574,0.0004714268502425257,0.0003704332223795738
12,0.0,231,0.03230253851483127,0.00045047365365448173,0.0004504736536544818,0.0003735300779300082
12,0.0,232,0.032283949390166405,0.00046662823006429364,0.0004666282300642936,0.00037949473837030334
12,0.0,233,0.03222668010955381,0.0004480700330385054,0.00044807003303850543,0.00038202770821790203
12,0.0,234,0.032013448235197604,0.00047633230957722973,0.0004763323095772297,0.00038450058122727163
12,0.0,235,0.03215331359318064,0.0004811784989639985,0.0004811784989639985,0.00037999783530072694
12,0.0,236,0.03225328849624403,0.0004912724913908166,0.0004912724913908166,0.0003810133798468899
12,0.0,237,0.032324302107188084,0.00045749497314529137,0.00045749497314529137,0.0003845073811886479
12,0.0,238,0.032331808819744276,0.00043182647184486847,0.00043182647184486847,0.0003805707176036097
12,0.0,239,0.03221186320097239,0.0004652902070386451,0.0004652902070386451,0.00037948889732297106
12,0.0,240,0.032287888400007694,0.000457690394370427,0.00045769039437042696,0.0003814194054958181
12,0.0,241,0.03235061213480281,0.0004318880661656228,0.00043188806616562274,0.0003795754966817569
12,0.0,242,0.032514928373476706,0.00046047143084522414,0.0004604714308452241,0.0003941019553175634
12,0.0,243,0.03247221673647191,0.0004796134745037333,0.0004796134745037332,0.0003825923901338979
12,0.0,244,0.03251551091920732,0.0004456859839362892,0.00044568598393628913,0.00038496362376743483
12,0.0,245,0.03218223359677116,0.00038479003584928316,0.00038479003584928316,0.0003821683449238823
12,0.0,246,0.031947168988991734,0.0003867581238094217,0.000373920057187642,0.0003867581238094217
12,0.0,247,0.03209899065791889,0.0004208615143306487,0.0004208615143306486,0.000385950237968236
12,0.0,248,0.03200896001728964,0.00039719092196046117,0.00039719092196046117,0.00038509142779620634
12,0.0,249,0.03192559893514192,0.0003995823710212628,0.00039958237102126286,0.00038037296253757945
12,0.0,250,0.03214277232239905,0.00040166108799668886,0.0004016610879966888,0.00038544871508252747
12,0.0,251,0.031941536850393235,0.00039981930702852087,0.00039981930702852087,0.00038494819087091014
12,0.0,252,0.03203065815966015,0.00039984340277307736,0.00039984340277307736,0.0003828622847248815
12,0.0,253,0.03184316357526683,0.0004062827607798421,0.0004062827607798421,0.0003852578897588326
12,0.0,254,0.03194029139466859,0.00042592928479721654,0.00042592928479721654,0.00038833333099918925
12,0.0,255,0.03190844274743094,0.00046542762916486406,0.0004654276291648641,0.00039248086292954657
12,0.0,256,0.03179359518982682,0.00047933474408961706,0.00047933474408961706,0.0003765149819245849
12,0.0,257,0.03195989016763816,0.0004812327611113406,0.0004812327611113406,0.0003784316907684192
12,0.0,258,0.03187613052803995,0.0004554091292806205,0.0004554091292806205,0.0003717180432957989
12,0.0,259,0.031787574913448205,0.0004650563030555726,0.00046505630305557254,0.00036672397655695916
12,0.0,260,0.03185756454417768,0.0004408435567318874,0.0004408435567318874,0.00036205679907282633
12,0.0,261,0.0315487953092067,0.000461879779273818,0.000461879779273818,0.00035781536631398673
12,0.0,262,0.03168594806156201,0.0004325918540890699,0.0004325918540890699,0.00035677058348167266
12,0.0,263,0.03161978769557022,0.0004036497691687683,0.00040364976916876835,0.00035755817443148456
12,0.0,264,0.03166142088407285,0.00041046331519444765,0.00041046331519444765,0.00035269401424649924
12,0.0,265,0.0316166260385,0.0004436349654906416,0.0004436349654906416,0.00034959920219420243
12,0.0,266,0.031744990905838794,0.00044846961255780787,0.0004484696125578078,0.00035725816383194015
12,0.0,267,0.03195368350293569,0.0004379951407428919,0.0004379951407428919,0.00035892911703214685
12,0.0,268,0.03186050531774906,0.00042405355659886994,0.0004240535565988699,0.00036981167008727446
12,0.0,269,0.03169004000814237,0.0004290766701683209,0.00042907667016832087,0.0003645113469750606
12,0.0,270,0.03182508506830998,0.00036981870451378607,0.00036981870451378607,0.0003672030042497812
12,0.0,271,0.03201574388723912,0.00037536131212324684,0.00037536131212324684,0.000368270657071917
12,0.0,272,0.03216398586715497,0.00038141405295184197,0.000381414052951842,0.0003758832360348145
12,0.0,273,0.03210270007280455,0.0003764349012958432,0.00037313536308115555,0.0003764349012958432
12,0.0,274,0.03196200393556061,0.0003701344413424042,0.00031482128181707067,0.0003701344413424042
12,0.0,275,0.03202410788325326,0.0003698762535222412,0.00032669649973438274,0.0003698762535222412
12,0.0,276,0.032155656327875634,0.00037303847019023236,0.0003248746787267169,0.00037303847019023236
12,0.0,277,0.032172061271624613,0.00037571025856372687,0.0003219352696417298,0.00037571025856372687
12,0.0,278,0.03235924318862463,0.00036941888451945697,0.0002870363061250652,0.00036941888451945697
12,0.0,279,0.032354066786274,0.00036728486066910207,0.00030210461428186423,0.00036728486066910207
12,0.0,280,0.032242750828175876,0.0003613901269462624,0.0003029416135165187,0.0003613901269462624
12,0.0,281,0.03250735636847208,0.00037288049108384164,0.0003434627954511944,0.00037288049108384164
12,0.0,282,0.03249241494915782,0.0003725519196670864,0.00031110371674680976,0.0003725519196670864
12,0.0,283,0.0325372994463189,0.0003753973901031469,0.0003135127903117988,0.0003753973901031469
12,0.0,284,0.03242709976155038,0.0003807449062102631,0.0003150835280563892,0.0003807449062102631
12,0.0,285,0.03206583790207735,0.00036966381806371215,0.0002995120022659079,0.00036966381806371215
12,0.0,286,0.032062206704430975,0.00038718450553893054,0.00034631360139982935,0.00038718450553893054
12,0.0,287,0.03214114553546376,0.0003815217138867072,0.00038152171388670714,0.0003797334213040243
12,0.0,288,0.03227756889913099,0.00038123702292236055,0.0003742758623921224,0.00038123702292236055
12,0.0,289,0.03236268225266135,0.0003867705717258585,0.00034584988330571944,0.0003867705717258585
12,0.0,290,0.03235668607623957,0.00038971700337974764,0.0003459855059683161,0.00038971700337974764
12,0.0,291,0.03227397516941239,0.0003867236190330228,0.0003323744969329073,0.0003867236190330228
12,0.0,292,0.03219366604443057,0.0003852578663874136,0.0003280494967697505,0.0003852578663874136
12,0.0,293,0.03227579133954538,0.00039990697359210576,0.00032308714103579665,0.00039990697359210576
12,0.0,294,0.0325378048248268,0.00039772008862439976,0.0003131450145303328,0.00039772008862439976
12,0.0,295,0.032493204073065385,0.0003937523300185835,0.00034471415613015517,0.0003937523300185835
12,0.0,296,0.03266134144196437,0.0003926000388076623,0.00035919969869789364,0.0003926000388076623
12,0.0,297,0.032482833170169666,0.00039896924305112593,0.0003487165971572292,0.00039896924305112593
12,0.0,298,0.03273847212421401,0.00040564752276192904,0.0003682091811813566,0.00040564752276192904
12,0.0,299,0.032614006900789,0.00039746754319753885,0.0003812445465942567,0.00039746754319753885
12,0.0,300,0.03251385019017058,0.0004406725522834284,0.00044067255228342843,0.0003970904962539946
12,0.0,301,0.03270544879521634,0.00043488423053192034,0.00043488423053192034,0.00040427810582370423
12,0.0,302,0.032731225496800624,0.00042177311643836336,0.00042177311643836336,0.00040376311229797557
12,0.0,303,0.0325297855818634,0.00041372992823117405,0.0004137299282311741,0.0003970407039403549
12,0.0,304,0.03268394546967091,0.00041252668796148696,0.000412526687961487,0.00039767093299244115
12,0.0,305,0.03291553739616514,0.00042812148561664526,0.00042812148561664526,0.00039088507145972154
12,0.0,306,0.03281866211706038,0.0003974909126134695,0.00039749091261346957,0.0003928331604897074
12,0.0,307,0.033183832059070065,0.00041247138791745605,0.000412471387917456,0.00039653718531324985
12,0.0,308,0.03334326986673874,0.00042731691536249464,0.0004273169153624946,0.0004138864528292124
12,0.0,309,0.03314525030358699,0.0004124247690545849,0.0004115166197059331,0.0004124247690545849
12,0.0,310,0.03314834115723627,0.00041646497328590984,0.0004132198660262015,0.00041646497328590984
12,0.0,311,0.03312741642182208,0.00043795278005679224,0.00043795278005679224,0.00042018319084422874
12,0.0,312,0.033348526634002625,0.0004537612149035721,0.0004537612149035721,0.00041014081039805875
12,0.0,313,0.03324959354616901,0.00043312847895878183,0.00043312847895878183,0.00041462839296549337
12,0.0,314,0.03341236684029948,0.00043049125621356476,0.00043049125621356476,0.00041671110510534327
12,0.0,315,0.03346286524034816,0.0004366210921086094,0.00043662109210860936,0.0004242441386373126
12,0.0,316,0.03329132035913919,0.00045029941672413115,0.00045029941672413115,0.00042172001093346116
12,0.0,317,0.03340138934702884,0.0004660180917765219,0.00046601809177652183,0.00041869630871049936
12,0.0,318,0.0332218294004026,0.000505885501015179,0.0005058855010151789,0.0004131272449831734
12,0.0,319,0.03291054947164251,0.0004983606727231825,0.0004983606727231825,0.0004144648821176878
12,0.0,320,0.0328837925244347,0.00046955164579841146,0.0004695516457984114,0.00041652780809447234
12,0.0,321,0.03283686851145343,0.00048631565504654047,0.00048631565504654047,0.00041486535554100575
12,0.0,322,0.03240655723052493,0.00045499153201002937,0.00045499153201002937,0.0004064258174716461
12,0.0,323,0.03230518896859931,0.0004434012763419497,0.0004434012763419497,0.00039778453259244284
12,0.0,324,0.03245432237996549,0.0004789185642026107,0.0004789185642026107,0.000399932244393943
12,0.0,325,0.03247740032852486,0.0004874430853710648,0.0004874430853710648,0.0003931594526180427
12,0.0,326,0.032476963116396466,0.00046416500641649505,0.000464165006416495,0.0003957261216684903
12,0.0,327,0.03250989279313376,0.0004649511085779922,0.00046495110857799215,0.0003929198992926056
12,0.0,328,0.03246422637441994,0.0004571233023011627,0.0004571233023011627,0.0003906090231188786
12,0.0,329,0.03279339011163329,0.000473836413478283,0.0004738364134782831,0.0004036205169948024
12,0.0,330,0.032614090626820705,0.00045688002356132553,0.00045688002356132553,0.00040398539695803517
12,0.0,331,0.032530850940618944,0.00043893769070296084,0.0004389376907029608,0.0003947754507751257
12,0.0,332,0.03249722155728144,0.00043437307052402824,0.0004343730705240282,0.0003886827268660682
12,0.0,333,0.03237967481309937,0.00043159603959581607,0.00043159603959581607,0.0003828681427524944
12,0.0,334,0.03243536528440982,0.0004522425426116714,0.0004522425426116714,0.00038974658595511213
12,0.0,335,0.03230828165565811,0.00043413772884863137,0.00043413772884863137,0.00038653165346826557
12,0.0,336,0.03231443862416454,0.00042667679780363904,0.0004266767978036391,0.0003877829085337221
12,0.0,337,0.032305406220605494,0.00043075160707673366,0.00043075160707673366,0.0003881003373734071
12,0.0,338,0.03199436200046341,0.00046023255693485634,0.0004602325569348563,0.00037883809810197554
12,0.0,339,0.0320293993430441,0.00044008623164417255,0.00044008623164417255,0.0003917177592221588
12,0.0,340,0.03222094004602641,0.0004587631704765699,0.00045876317047656987,0.0003944483125891055
12,0.0,341,0.032240487000432236,0.00048487241133534633,0.0004848724113353463,0.00039636153969716746
12,0.0,342,0.03232418043444788,0.00046471365319768784,0.00046471365319768784,0.0003891725377258793
12,0.0,343,0.03244207446744447,0.00041657690954603673,0.0004165769095460368,0.0003942122428879465
12,0.0,344,0.03241079872952727,0.00042263914507126066,0.0004226391450712606,0.00039151899810422946
12,0.0,345,0.03239680463472234,0.00043524105487426,0.00043524105487426,0.0003880896635800741
12,0.0,346,0.032384952913373136,0.00040023980354206566,0.00040023980354206566,0.0003898711636183131
12,0.0,347,0.03249123541107618,0.0003922704259431755,0.0003858401249014799,0.0003922704259431755
12,0.0,348,0.0325637465596782,0.0003926058064386181,0.00039212917225289404,0.0003926058064386181
12,0.0,349,0.0326284515322495,0.00038707003326265667,0.00038707003326265667,0.0003785089812884549
12,0.0,350,0.03263509358923716,0.00044679611489432806,0.00044679611489432806,0.00038315742271271993
12,0.0,351,0.03271576824919493,0.00045421694311139553,0.00045421694311139553,0.00038842544132503817
12,0.0,352,0.032501906944737105,0.0005055231342374923,0.0005055231342374923,0.000382937271686739
12,0.0,353,0.03230817398559903,0.0004996781175201704,0.0004996781175201704,0.00038230949340984125
12,0.0,354,0.03225708717069696,0.00048427582256969497,0.00048427582256969497,0.000388386894549139
12,0.0,355,0.03230929780267776,0.0005190022108111091,0.0005190022108111091,0.0003929759045697479
12,0.0,356,0.032330981048393215,0.0005066024135481465,0.0005066024135481465,0.0004001693368333466
12,0.0,357,0.032239994004119435,0.0004634188698631561,0.0004634188698631561,0.00039466958858615334
12,0.0,358,0.03223426820419024,0.00046131031269848986,0.0004613103126984899,0.0003986490500679473
12,0.0,359,0.0320489360800029,0.0004620606450369545,0.0004620606450369545,0.00038089521389046374
12,0.0,360,0.03179582108304636,0.0004564187955356035,0.00045641879553560353,0.0003734222107593874
12,0.0,361,0.0320965929501369,0.000471552174052458,0.000471552174052458,0.00037526414679317423
12,0.0,362,0.03185460798787661,0.0004889108971172912,0.0004889108971172913,0.0003695366267351727
12,0.0,363,0.03202622557129941,0.00047098202361244484,0.00047098202361244484,0.00036214478273499716
12,0.0,364,0.03214420199295551,0.00043882761878263275,0.00043882761878263275,0.00036655477160226277
12,0.0,365,0.032211616358626696,0.00045284451487239644,0.00045284451487239644,0.00036897594869717226
12,0.0,366,0.03231840151466694,0.00041961330824122773,0.0004196133082412277,0.00036896991896680535
12,0.0,367,0.03236239252204515,0.00042334118905847735,0.00042334118905847735,0.00036668362734146835
12,0.0,368,0.03241815777485163,0.00039246138327656655,0.00039246138327656655,0.0003745208662472515
12,0.0,369,0.03243879879899561,0.00038991695747967473,0.0003899169574796747,0.0003725232957977665
12,0.0,370,0.03243150599048016,0.00036456616915953,0.0003540752634163006,0.00036456616915953
12,0.0,371,0.03241535509498268,0.0003725405658378121,0.0003725405658378121,0.0003632027437889257
12,0.0,372,0.0324119893774807,0.00043725530301326053,0.00043725530301326053,0.00037494646918068716
12,0.0,373,0.03233750168377152,0.00043650410660472905,0.000436504106604729,0.00036649434040408337
12,0.0,374,0.03242781076320632,0.00036324224563024347,0.0003592699422049732,0.00036324224563024347
12,0.0,375,0.032415034760351166,0.00038629408082375917,0.00038629408082375917,0.0003592825966595563
12,0.0,376,0.03245483677742546,0.00040331900438036247,0.0004033190043803625,0.000354167336792033
12,0.0,377,0.03209319828110437,0.00044950371491217625,0.0004495037149121763,0.0003517196735880299
12,0.0,378,0.03215307921793839,0.0004567793468119725,0.0004567793468119725,0.0003552009898522901
12,0.0,379,0.03232982466732423,0.0004215233927804091,0.0004215233927804091,0.00036412677369236933
12,0.0,380,0.03223877626698436,0.0004398512311591864,0.00043985123115918636,0.0003558784167188376
12,0.0,381,0.03229232178931729,0.00043286159404760135,0.00043286159404760135,0.0003548635298894782
12,0.0,382,0.03239759981632065,0.0004100151774330395,0.0004100151774330395,0.00036274466048478895
12,0.0,383,0.03210189796432737,0.0004156468040190872,0.0004156468040190872,0.000360652596039516
12,0.0,384,0.03225359858620254,0.0003993714471667422,0.0003993714471667422,0.00036394734076231067
12,0.0,385,0.03217053172556928,0.00042061452286703725,0.0004206145228670372,0.0003544225318587376
12,0.0,386,0.03213789356899285,0.0004400441609715462,0.00044004416097154615,0.0003529614015007123
12,0.0,387,0.03215465843687753,0.00040941240098304413,0.00040941240098304413,0.0003516993436406165
12,0.0,388,0.03210518897640529,0.0004274574967483689,0.0004274574967483689,0.00035621263657989184
12,0.0,389,0.03198588994256982,0.00041608992125394137,0.00041608992125394137,0.00036725328127989825
12,0.0,390,0.03208434375274381,0.00045971174898128315,0.00045971174898128315,0.00036893286809324674
12,0.0,391,0.032240204629503645,0.00047923716052973846,0.00047923716052973846,0.0003705937129012619
12,0.0,392,0.03230802809741148,0.00043799406361955687,0.00043799406361955687,0.00037513702981687954
12,0.0,393,0.03228719857698924,0.0004291228882899586,0.0004291228882899586,0.0003839383079811195
12,0.0,394,0.032323496447241085,0.00039142246312500915,0.00039142246312500915,0.0003792594908917609
12,0.0,395,0.03196433511100503,0.00038618207921765104,0.0003861820792176511,0.0003810463880709565
12,0.0,396,0.03202698871458405,0.000379981936269,0.0003532397613409618,0.000379981936269
12,0.0,397,0.03194105123914484,0.0003820451352426843,0.00038204513524268426,0.0003752610852365714
12,0.0,398,0.03201741813413174,0.0004015836047491183,0.0004015836047491183,0.00037427458513348806
12,0.0,399,0.03201142246068046,0.0003708531998669135,0.00036112872545598565,0.0003708531998669135
12,0.0,400,0.031921995372649434,0.0003670528020687836,0.00034449174550454914,0.0003670528020687836
12,0.0,401,0.03200083620964538,0.00036706010351187,0.0003095140537919672,0.00036706010351187
12,0.0,402,0.03184555351136091,0.0003645402926226713,0.0003176296682097678,0.0003645402926226713
12,0.0,403,0.0319772284121115,0.0003638584568085388,0.0003477701912396366,0.0003638584568085388
12,0.0,404,0.03188868332707563,0.0003740284059591067,0.0003202279477322103,0.0003740284059591067
12,0.0,405,0.03189541371337536,0.0003719374156095284,0.00036701360224165603,0.0003719374156095284
12,0.0,406,0.031971676410418884,0.000377804766712628,0.00037780476671262804,0.00036688299294067056
12,0.0,407,0.031855445549410166,0.0003632749063495204,0.0003632749063495204,0.00035470334573979985
12,0.0,408,0.03217846522030642,0.00038160856241432656,0.0003816085624143266,0.0003590485654712378
12,0.0,409,0.032196991568433066,0.00036884692961830837,0.00033344944446290803,0.00036884692961830837
12,0.0,410,0.032258941826026455,0.0003709616338474866,0.0003309864118545961,0.0003709616338474866
12,0.0,411,0.032141457393931774,0.00036276775605834625,0.0003299154475131935,0.00036276775605834625
12,0.0,412,0.03209804471656555,0.00036806387351517866,0.00033227114135454686,0.00036806387351517866
12,0.0,413,0.03176743001978298,0.00037130179931721326,0.0003229155260790172,0.00037130179931721326
12,0.0,414,0.03168889867926359,0.00037324342988672945,0.0002926429920280854,0.00037324342988672945
12,0.0,415,0.03180085939979715,0.00037273876903937847,0.00030588063590456584,0.00037273876903937847
12,0.0,416,0.03174709198546522,0.0003687382483326342,0.0003233227294734632,0.0003687382483326342
12,0.0,417,0.03169722160596662,0.00037725353432567363,0.00034148669680680047,0.00037725353432567363
12,0.0,418,0.031866540370596205,0.0003748322226098742,0.0003309375802417315,0.0003748322226098742
12,0.0,419,0.0318815030944404,0.0003799332217748417,0.00031234712773489003,0.0003799332217748417
12,0.0,420,0.03219180790386766,0.00038390838012551827,0.00032087655453217305,0.00038390838012551827
12,0.0,421,0.03229290316301272,0.00038663343813733164,0.0002936757247173552,0.00038663343813733164
12,0.0,422,0.0321063573790905,0.0003915269461655986,0.0003170155594005136,0.0003915269461655986
12,0.0,423,0.03200802008645239,0.00038321052281101295,0.0003362411575590012,0.00038321052281101295
12,0.0,424,0.031864541130447205,0.0003826318037644747,0.0003409245296134989,0.0003826318037644747
12,0.0,425,0.03161129955748987,0.0003765873358220423,0.00032940706040577217,0.0003765873358220423
12,0.0,426,0.031483371707794916,0.00037140272836876613,0.00032107406959738853,0.00037140272836876613
12,0.0,427,0.03158637453731763,0.00037325993557276333,0.000363681390337853,0.00037325993557276333
12,0.0,428,0.031419465148309296,0.00039223505067845037,0.0003922350506784504,0.00036442211180646837
12,0.0,429,0.03139282366556735,0.0004158289119798292,0.0004158289119798292,0.0003674049747114295
12,0.0,430,0.031564536356742785,0.00039035401688471475,0.00039035401688471475,0.00035845529445498897
12,0.0,431,0.03152030278835179,0.00040204191352622435,0.00040204191352622435,0.0003633357660494627
12,0.0,432,0.03155340814167437,0.000413906118260358,0.00041390611826035796,0.00035840908003978694
12,0.0,433,0.031557358641827155,0.0003890355500352524,0.00038903555003525235,0.0003645649917719243
12,0.0,434,0.0315970916902323,0.0003661465868664934,0.00036378378595041744,0.0003661465868664934
12,0.0,435,0.03175918981124382,0.0003746979959248458,0.00032482237685938875,0.0003746979959248458
12,0.0,436,0.03184335855751875,0.0003834217478156636,0.0003641049412996862,0.0003834217478156636
12,0.0,437,0.03201946321638375,0.0004036717850981549,0.0004036717850981549,0.00038034237496662615
12,0.0,438,0.031917164219605006,0.00039812687837571765,0.00039812687837571765,0.0003824526820415691
12,0.0,439,0.031654278364898716,0.00036881227440874425,0.00034116950753755425,0.00036881227440874425
12,0.0,440,0.03186635758336732,0.000366089068679341,0.0002952864447039011,0.000366089068679341
12,0.0,441,0.03206158615285855,0.0003650808444906023,0.0002855103075154672,0.0003650808444906023
12,0.0,442,0.03183530735329383,0.00036436140609452005,0.00035813571701904054,0.00036436140609452005
12,0.0,443,0.0320359434558575,0.00038899423947185254,0.0003889942394718525,0.000365177723411499
12,0.0,444,0.032112005126795136,0.0003863975598236566,0.00038639755982365664,0.0003717058545729506
12,0.0,445,0.032070423138690934,0.00040429201981035447,0.00040429201981035447,0.00036924491171697407
12,0.0,446,0.032083548933286334,0.0004041445732635637,0.0004041445732635636,0.00037463824670485256
12,0.0,447,0.032145840401534696,0.0003927832330421331,0.0003927832330421331,0.00037612824996098213
12,0.0,448,0.03222558350908227,0.00040139011988063727,0.00040139011988063727,0.0003868777421152986
12,0.0,449,0.0322220895453411,0.0003944212199816411,0.00039442121998164103,0.0003858081616141966
12,0.0,450,0.032297791703032395,0.0003854570265807358,0.0003767455801593611,0.0003854570265807358
12,0.0,451,0.03236577487262845,0.00038814257774281215,0.00035675400774695974,0.00038814257774281215
12,0.0,452,0.032257988367053084,0.0003795962610788679,0.0003597573898848913,0.0003795962610788679
12,0.0,453,0.0324376837887478,0.00037700759547379723,0.0003665549371200754,0.00037700759547379723
12,0.0,454,0.032359626682457926,0.0003788360042054645,0.0003788360042054645,0.00037531720829085983
12,0.0,455,0.03214377247137413,0.00040957580921463255,0.00040957580921463255,0.0003778734690215526
12,0.0,456,0.03232410316981187,0.0004315305393948303,0.0004315305393948303,0.000381605286312402
12,0.0,457,0.03237267784583917,0.00041328503083364363,0.0004132850308336436,0.00037861695381650665
12,0.0,458,0.032342412557500665,0.0003987277563094648,0.0003987277563094648,0.00037377540894919164
12,0.0,459,0.032584688851108226,0.00041609797141697955,0.0004160979714169795,0.0003795488603367075
12,0.0,460,0.03243704121944281,0.0004340067363279135,0.0004340067363279135,0.00037703252041249854
12,0.0,461,0.03243815086558563,0.0004276830984144123,0.0004276830984144123,0.00036750055202361653
12,0.0,462,0.0323549411386367,0.0004191267919323866,0.0004191267919323866,0.00035924370773978776
12,0.0,463,0.0321742580444548,0.0004245199061816342,0.0004245199061816342,0.00036270483068209005
12,0.0,464,0.032308972576746336,0.0003993997509491568,0.0003993997509491568,0.00035822253465361863
12,0.0,465,0.032224875579291094,0.0004348661069249445,0.0004348661069249445,0.0003550503980752527
12,0.0,466,0.032280082929327845,0.00045922706956309924,0.00045922706956309924,0.00035810561280931333
12,0.0,467,0.03241181465378596,0.0004537630874956252,0.0004537630874956252,0.00036536568725145505
12,0.0,468,0.03245064957856534,0.00047135204466823745,0.00047135204466823745,0.0003747631210520007
12,0.0,469,0.03255087902058879,0.0004582297796350446,0.00045822977963504467,0.0003683945075596622
12,0.0,470,0.032468011897993115,0.0004773429723077342,0.0004773429723077342,0.00036970731338431984
12,0.0,471,0.03238199725844661,0.0004920638257338686,0.0004920638257338686,0.00036597173467011726
12,0.0,472,0.03228042888666691,0.0005198428822878621,0.0005198428822878621,0.0003771796924856253
12,0.0,473,0.032263950478395635,0.000490188839956441,0.000490188839956441,0.0003713613246248325
12,0.0,474,0.03239613468285971,0.0005186095656670949,0.0005186095656670949,0.0003720031817539294
12,0.0,475,0.0320436417084892,0.00048199746318075906,0.00048199746318075906,0.0003631131685993619
12,0.0,476,0.03208787026167976,0.0004564837063511676,0.00045648370635116754,0.00035765294523700675
12,0.0,477,0.03203231552221756,0.00048024358762253564,0.0004802435876225357,0.000355099940915656
12,0.0,478,0.03206029200390451,0.0004654191221060711,0.0004654191221060711,0.00035856562291453157
12,0.0,479,0.031911256730936144,0.0004757702858034404,0.00047577028580344046,0.00035606792415818423
12,0.0,480,0.032168186104372616,0.00047770068282865864,0.0004777006828286587,0.0003594775258214093
12,0.0,481,0.03191659651593306,0.00048612117113622596,0.00048612117113622596,0.000352877718250947
12,0.0,482,0.03197591688965394,0.0004895495466888523,0.0004895495466888523,0.00035718640464030385
12,0.0,483,0.03217728474733889,0.00045066929856165153,0.00045066929856165153,0.00035853658210571233
12,0.0,484,0.03227171092560414,0.00046744581329122363,0.00046744581329122363,0.0003579551723365714
12,0.0,485,0.03186133153195556,0.0004772962232716723,0.00047729622327167236,0.0003532706033419287
12,0.0,486,0.03199341537517117,0.0004955052393068433,0.0004955052393068434,0.00035041418112064193
12,0.0,487,0.03202846409775259,0.00043726571853813984,0.00043726571853813984,0.0003564771337661397
12,0.0,488,0.03203196773047372,0.0004221708914729076,0.0004221708914729077,0.00035094340340072053
12,0.0,489,0.03192177999384545,0.0004134944387993613,0.0004134944387993613,0.00034855594691335747
12,0.0,490,0.03234492435281603,0.0004260428938163123,0.0004260428938163123,0.00035538076955229014
12,0.0,491,0.03208571865521123,0.0004088223525142075,0.0004088223525142074,0.00035238496041918187
12,0.0,492,0.031886663220366714,0.000432143646911969,0.00043214364691196894,0.0003478907815903384
12,0.0,493,0.031756293618874255,0.00044242812047990955,0.0004424281204799095,0.00034419808501873867
12,0.0,494,0.031762943442188225,0.0003986339398753854,0.00039863393987538544,0.0003446092387104222
12,0.0,495,0.03180508590139103,0.0003820558425939094,0.0003820558425939094,0.0003505259986347381
12,0.0,496,0.031684528751097084,0.00034968975435255214,0.0003276875026794333,0.00034968975435255214
12,0.0,497,0.03173379559377799,0.0003572651467025951,0.0003572651467025951,0.00034679274484950473
12,0.0,498,0.031818902259744056,0.00035528585698563144,0.00035528585698563144,0.0003493972652630868
12,0.0,499,0.03193217731737226,0.0003660193282396298,0.0003660193282396298,0.0003523953156635896
12,0.0,500,0.03183418989701959,0.00036101236601710927,0.00036101236601710927,0.0003514721395736391
12,0.01,0,0.08251322556386204,0.00025323888565888356,0.00023329401675720954,0.00025323888565888356
12,0.01,1,0.050545607752085865,0.00024476029912242915,0.00023307684171915686,0.00024476029912242915
12,0.01,2,0.03666657426351649,0.00021629604444868143,0.0001991874477084155,0.00021629604444868143
12,0.01,3,0.030473413489613455,0.00020180601829929883,0.00016050723452437778,0.00020180601829929883
12,0.01,4,0.02769552926058176,0.00019445328533823755,0.00017400377984905973,0.00019445328533823755
12,0.01,5,0.026505959387378188,0.00019269021863649498,0.00015869668420156845,0.00019269021863649498
12,0.01,6,0.025939959895327304,0.00019492969536939427,0.00017642827766139356,0.00019492969536939427
12,0.01,7,0.025437030021547128,0.0001880038752641071,0.00015964843936779575,0.0001880038752641071
12,0.01,8,0.02529559316087225,0.00018586915102686063,0.00018082781077837586,0.00018586915102686063
12,0.01,9,0.02543892541338367,0.00019650480858755484,0.00016040132205952685,0.00019650480858755484
12,0.01,10,0.0257058295455419,0.0001980916791079018,0.00017006623666854432,0.0001980916791079018
12,0.01,11,0.025897163951850922,0.00020203168419033777,0.00016086685851756098,0.00020203168419033777
12,0.01,12,0.025898505655813173,0.00020346434321111948,0.00015833464388346173,0.00020346434321111948
12,0.01,13,0.02571501622215875,0.00020057706338013617,0.00017752453286224538,0.00020057706338013617
12,0.01,14,0.026056563902973128,0.00019939936004474609,0.00019939936004474606,0.00019447724479581147
12,0.01,15,0.026359923593393033,0.00020673827828389437,0.00020673827828389434,0.0001996953927578505
12,0.01,16,0.026295198454727664,0.00022171962312391206,0.00022171962312391206,0.0002017401271162039
12,0.01,17,0.026577329242980507,0.00021313072447518594,0.00021313072447518594,0.0002058233487150978
12,0.01,18,0.026749637087421656,0.00022031007680172642,0.00020942535483740995,0.00022031007680172642
12,0.01,19,0.026920582047726713,0.00022002717729452663,0.00021394136080643905,0.00022002717729452663
12,0.01,20,0.02698987599808361,0.00022347265574318258,0.00021171364526365553,0.00022347265574318258
12,0.01,21,0.026997032298963174,0.000224798821031601,0.00020292912077360086,0.000224798821031601
12,0.01,22,0.02704050992793209,0.0002279122040127731,0.00020695739681236573,0.0002279122040127731
12,0.01,23,0.027103180252755908,0.00023283176983232413,0.00019732237384504766,0.00023283176983232413
12,0.01,24,0.027183995258801833,0.00024265475203846056,0.000204818629636173,0.00024265475203846056
12,0.01,25,0.02728810285793365,0.0002412665218247692,0.00021946869951223482,0.0002412665218247692
12,0.01,26,0.027259271369785766,0.00023072836278791926,0.00022586024747834414,0.00023072836278791926
12,0.01,27,0.02730730496718884,0.0002324108515943846,0.00023043175563998238,0.0002324108515943846
12,0.01,28,0.027087894497570476,0.0002371780669927434,0.0002371780669927434,0.0002308737419941993
12,0.01,29,0.027284963604169325,0.00027778358452971395,0.00027778358452971395,0.00023604091440707596
12,0.01,30,0.02737790154439958,0.0002525148242087387,0.0002525148242087387,0.00024840829391379357
12,0.01,31,0.027310052594599024,0.0002532512302020537,0.00021530802806271363,0.0002532512302020537
12,0.01,32,0.027352089037460996,0.00025339393222544173,0.00020023602897333896,0.00025339393222544173
12,0.01,33,0.02752861316807457,0.0002517291657278184,0.0002307568372896538,0.0002517291657278184
12,0.01,34,0.02757829286859492,0.0002479464478690045,0.00023872943225180778,0.0002479464478690045
12,0.01,35,0.02769230660384975,0.0002626344270287976,0.00026263442702879756,0.0002444841908872324
12,0.01,36,0.02774560737963828,0.00025183084186370264,0.00023038026661150612,0.00025183084186370264
12,0.01,37,0.027639962280157724,0.0002489713965911862,0.00024046581631154655,0.0002489713965911862
12,0.01,38,0.027850449029789236,0.00026567851117558324,0.0002656785111755832,0.00025935380955536256
12,0.01,39,0.028154203656448665,0.000264911042308717,0.00024109167611846834,0.000264911042308717
12,0.01,40,0.028105475131129744,0.00027103624930943204,0.00027103624930943204,0.0002613451672817163
12,0.01,41,0.02819638443969514,0.0002857408931022029,0.0002857408931022029,0.0002606086411838915
12,0.01,42,0.028308590110047674,0.0002556867532390545,0.00023717019006168116,0.0002556867532390545
12,0.01,43,0.028435730265524515,0.0002616341756195861,0.0002453132001660311,0.0002616341756195861
12,0.01,44,0.028514947524947775,0.0002655449671164115,0.0002323034408596394,0.0002655449671164115
12,0.01,45,0.028565679355543196,0.0002757970630259109,0.00022040052675222402,0.0002757970630259109
12,0.01,46,0.02849312166043181,0.0002785171392054077,0.00025339964594180164,0.0002785171392054077
12,0.01,47,0.02842186297113476,0.0002755072341688856,0.00020629364407577958,0.0002755072341688856
12,0.01,48,0.028713761006272386,0.00028407349910627706,0.00024400279709467184,0.00028407349910627706
12,0.01,49,0.02860558969980317,0.0002870464241880184,0.00027164736237162416,0.0002870464241880184
12,0.01,50,0.02874744927679142,0.0002939987820840459,0.0002939987820840459,0.0002854871941964191
12,0.01,51,0.02861857438252158,0.0002866771950114964,0.00025707373320591593,0.0002866771950114964
12,0.01,52,0.028588106242010806,0.00028640172724331097,0.00028040371182352214,0.00028640172724331097
12,0.01,53,0.02873358774981321,0.0002907416419011397,0.0002907416419011397,0.00028064673398820123
12,0.01,54,0.02881365280084068,0.00029996084469136947,0.00029996084469136947,0.0002783307136958571
12,0.01,55,0.028751571646998778,0.00028476067164446525,0.00025418373545121843,0.00028476067164446525
12,0.01,56,0.028705572945176908,0.00028849893920692414,0.00028849893920692414,0.000277627175263565
12,0.01,57,0.028858565705469023,0.00030150614069445977,0.00030150614069445977,0.00027695535617137484
12,0.01,58,0.028786719285264342,0.0003273191929627887,0.0003273191929627887,0.00027303304934595874
12,0.01,59,0.028844911933728522,0.0003338712813484392,0.00033387128134843914,0.0002716450821662404
12,0.01,60,0.02885771740417818,0.0003289554658228359,0.0003289554658228359,0.00027494426897434464
12,0.01,61,0.0288741399680071,0.000335646177690421,0.000335646177690421,0.00028299746817831843
12,0.01,62,0.028954708234205064,0.0003327766879819073,0.0003327766879819073,0.00028413013381914224
12,0.01,63,0.028875305015703092,0.0003450349631003044,0.0003450349631003044,0.0002862459938598617
12,0.01,64,0.02911020478880648,0.00039325618094614113,0.00039325618094614113,0.00028745166124619884
12,0.01,65,0.02915564194750843,0.00039651034787745355,0.0003965103478774536,0.00027705179854278425
12,0.01,66,0.02935214423936988,0.00037451962075085916,0.0003745196207508591,0.00029001002720525383
12,0.01,67,0.029335854632128466,0.0003619107832346231,0.0003619107832346231,0.00028977199506980913
12,0.01,68,0.0294973802651771,0.00034747444148157646,0.00034747444148157646,0.00029183704792242984
12,0.01,69,0.029596902644037717,0.00037261087126591423,0.00037261087126591423,0.00029664636874452707
12,0.01,70,0.029504623908411527,0.00037915509581940487,0.0003791550958194049,0.00030119647352703556
12,0.01,71,0.029436775836944776,0.00038713584452190996,0.00038713584452191,0.0003080996661851193
12,0.01,72,0.029367103321117603,0.00035546327587589156,0.00035546327587589156,0.00030898249232940307
12,0.01,73,0.02920064547968609,0.0003183805995024988,0.0003183805995024988,0.0002992615130640394
12,0.01,74,0.02914712985578161,0.000327479859614902,0.000327479859614902,0.0003019880509061545
12,0.01,75,0.0293916077704869,0.00030008679740172725,0.0002827083661710838,0.00030008679740172725
12,0.01,76,0.029347250669607642,0.0003057124950080747,0.0003057124950080747,0.00029948206302250443
12,0.01,77,0.029505244670321243,0.0003415634333876681,0.0003415634333876681,0.0002974084486371699
12,0.01,78,0.02926728036912988,0.000372081875211115,0.000372081875211115,0.0002978935360593684
12,0.01,79,0.029367967419848092,0.00038116437914307303,0.00038116437914307303,0.00030421651631816607
12,0.01,80,0.02952752472188954,0.0003770519877039355,0.00037705198770393545,0.0003132282181112578
12,0.01,81,0.029530794827935837,0.0003793574990530165,0.0003793574990530165,0.0003088271759816934
12,0.01,82,0.029413235531361645,0.0003548673459914307,0.0003548673459914307,0.0003110786760019953
12,0.01,83,0.029392665691462174,0.0003627915106891995,0.0003627915106891995,0.0003047783950007281
12,0.01,84,0.029455340679809604,0.00035369644395456416,0.0003536964439545641,0.0003014782704288482
12,0.01,85,0.029474422841137056,0.00039363929762251777,0.00039363929762251777,0.0003040453742579153
12,0.01,86,0.029374119052095683,0.0004064279876963415,0.00040642798769634155,0.0003008019635009828
12,0.01,87,0.029201131308187227,0.00037603277862341476,0.00037603277862341476,0.00030285443592229086
12,0.01,88,0.02920881006625685,0.0003511520397370342,0.0003511520397370342,0.00030828462646277383
12,0.01,89,0.029332822946622213,0.0003326693738420182,0.00033266937384201817,0.0003116987696893494
12,0.01,90,0.029301867315247233,0.00034763616822139267,0.00034763616822139267,0.0003111680206931054
12,0.01,91,0.029392081269284085,0.0003519832305319802,0.00035198323053198016,0.0003090040874127281
12,0.01,92,0.02921272315913193,0.0003865949121787602,0.00038659491217876013,0.00029846715092075074
12,0.01,93,0.029065449698694772,0.0003773030588674366,0.0003773030588674366,0.0003030472760537449
12,0.01,94,0.029280100892124964,0.0003968359528645795,0.00039683595286457945,0.00029928413862077954
12,0.01,95,0.029241487474919888,0.00035827241152693506,0.000358272411526935,0.0002948073849429774
12,0.01,96,0.029195954262874142,0.0003290679179066264,0.00032906791790662636,0.00029055912035933607
12,0.01,97,0.029204155422377594,0.00031563161187104317,0.00031563161187104317,0.00029029697069402256
12,0.01,98,0.029252129611944965,0.00034919985492945754,0.00034919985492945754,0.00029839788426871185
12,0.01,99,0.02932410004285529,0.00033219389175236417,0.00033219389175236417,0.00030244906863992723
12,0.01,100,0.02931857119017304,0.0003431773212169379,0.0003431773212169379,0.00030519653611798435
12,0.01,101,0.02926451239580028,0.0003296101054899149,0.0003296101054899149,0.00029952888955922996
12,0.01,102,0.029385756995931895,0.0003362385036877377,0.0003362385036877378,0.0002963429816563208
12,0.01,103,0.02942771340078681,0.00033662432030819316,0.00033662432030819316,0.000297226652922838
12,0.01,104,0.029443027581617816,0.0003065622680177636,0.0003065622680177636,0.00030258081117496573
12,0.01,105,0.029396111257533063,0.0003383053546065673,0.0003383053546065673,0.00030504192576038375
12,0.01,106,0.029408944105366427,0.00036017621011807314,0.0003601762101180732,0.0003065869643868067
12,0.01,107,0.02940904673852898,0.00034585072241675557,0.0003458507224167556,0.00030290389072989293
12,0.01,108,0.029563277875675063,0.00037338434970339893,0.00037338434970339893,0.00031259874133541903
12,0.01,109,0.02970628764774286,0.00033485301106601483,0.00033485301106601483,0.0003054784035179429
12,0.01,110,0.029646194802371552,0.00031027940609002,0.00029661331643024945,0.00031027940609002
12,0.01,111,0.029458509636923588,0.00032442530141221803,0.000324425301412218,0.0003097012121565494
12,0.01,112,0.02964165340127734,0.00034172998909805,0.00034172998909804997,0.0003069274393649965
12,0.01,113,0.029518929884898206,0.0003532116068091154,0.0003532116068091154,0.00031105686168130214
12,0.01,114,0.029526761705680058,0.00033086014746180176,0.00033086014746180176,0.00031145465622525216
12,0.01,115,0.029727111415240308,0.0003493477704826897,0.0003493477704826897,0.00031271628220803986
12,0.01,116,0.02951667687021052,0.00035772727997778874,0.0003577272799777888,0.00030253926518739364
12,0.01,117,0.029434838730321933,0.0003494826677907721,0.0003494826677907721,0.00030138075680543377
12,0.01,118,0.02954928424205283,0.00033005605004112366,0.00033005605004112366,0.00030210932835836226
12,0.01,119,0.029275518274925066,0.0003041467941364613,0.0003012209471925121,0.0003041467941364613
12,0.01,120,0.02937598566056594,0.0003014763388873046,0.0003014763388873046,0.00029989100087765845
12,0.01,121,0.02931920721346909,0.0003394574776852216,0.0003394574776852216,0.0002910144557179897
12,0.01,122,0.029622815000968153,0.0003206806680519445,0.0003206806680519445,0.0003029354233625969
12,0.01,123,0.02955379136019292,0.0003687525184713003,0.0003687525184713003,0.0003019822072403618
12,0.01,124,0.0295584138202621,0.0003641544094446036,0.0003641544094446036,0.00030143132651914306
12,0.01,125,0.029503663366348368,0.00039210773721139267,0.0003921077372113926,0.0002964606905591353
12,0.01,126,0.029402244445276428,0.0003816146315798836,0.0003816146315798836,0.00029576654200934646
12,0.01,127,0.029431345974835644,0.0003470773798426591,0.0003470773798426591,0.00030240230484421086
12,0.01,128,0.02938285607816051,0.0003596901159106792,0.0003596901159106792,0.0003041986716565313
12,0.01,129,0.02963200494900316,0.00037515097561557074,0.00037515097561557074,0.0003155568083622236
12,0.01,130,0.029386028653800095,0.0003734255870422852,0.00037342558704228515,0.000307936523727256
12,0.01,131,0.029518673063127974,0.00036378861551902527,0.00036378861551902527,0.0003039701306190823
12,0.01,132,0.029462931941503758,0.0003775080088292353,0.0003775080088292353,0.0003089655889666814
12,0.01,133,0.0294633777458824,0.00038402918829298096,0.00038402918829298096,0.0003046203655337715
12,0.01,134,0.02928674640106032,0.0003914870688589876,0.0003914870688589876,0.000296392991017991
12,0.01,135,0.029377919384071877,0.00038436436574311726,0.00038436436574311726,0.0003056369840393453
12,0.01,136,0.029124369841488654,0.00038811086128710267,0.00038811086128710267,0.0003013449235276904
12,0.01,137,0.02903019721168485,0.00034962830989743995,0.00034962830989743995,0.00029950466267596404
12,0.01,138,0.029151552566725414,0.0003651891130585429,0.0003651891130585429,0.0002959124991077345
12,0.01,139,0.02887505240946538,0.00033471033905754755,0.0003347103390575475,0.00029625708535793374
12,0.01,140,0.029093040575397952,0.00036133874786911527,0.00036133874786911527,0.0002904476180194252
12,0.01,141,0.02899139083894883,0.00030988001177406323,0.0003098800117740632,0.000299306966223438
12,0.01,142,0.029104071340749795,0.00030192850546399463,0.00030192850546399463,0.00028854909844022963
12,0.01,143,0.02922100209893466,0.00031507544515165073,0.00031507544515165073,0.0002943653627081459
12,0.01,144,0.02886652805278621,0.00029846678062661136,0.00029846678062661136,0.000294096063543182
12,0.01,145,0.029009018456622453,0.0002913450082336197,0.00025942214348492607,0.0002913450082336197
12,0.01,146,0.028882604605043483,0.00028763239027545037,0.0002750805586672621,0.00028763239027545037
12,0.01,147,0.02909443935763243,0.0002988490509217049,0.0002988490509217049,0.0002943348323488892
12,0.01,148,0.029170143740875933,0.0002922608713551276,0.0002920436064588262,0.0002922608713551276
12,0.01,149,0.029001288546170404,0.00029829463114515193,0.00029829463114515193,0.0002917450133854104
12,0.01,150,0.029142908225005412,0.0003005948037693608,0.0003005948037693608,0.0002913309709996545
12,0.01,151,0.028883501056563364,0.0003068899776792873,0.00030688997767928727,0.00028900651228576835
12,0.01,152,0.028943462155936853,0.00029336387309106146,0.00029336387309106146,0.0002868997549015355
12,0.01,153,0.028944743567002076,0.0002891181770359018,0.0002874832388879793,0.0002891181770359018
12,0.01,154,0.028855879162039532,0.0002831058485525483,0.0002822359119037242,0.0002831058485525483
12,0.01,155,0.0289115616843917,0.00028731177265567176,0.0002851352088276897,0.00028731177265567176
12,0.01,156,0.02880330635339025,0.00028612651664041637,0.00025413862813711263,0.00028612651664041637
12,0.01,157,0.028875752435392445,0.00028292075369895463,0.0002611546651871978,0.00028292075369895463
12,0.01,158,0.02879237777740452,0.00027489890907645835,0.00023360942204182393,0.00027489890907645835
12,0.01,159,0.02904680699854856,0.00027433699167883966,0.0002619887262832859,0.00027433699167883966
12,0.01,160,0.02863021308640322,0.00027796754803430365,0.00026638010038385073,0.00027796754803430365
12,0.01,161,0.02853762483813999,0.0002796541392523466,0.0002576048047249582,0.0002796541392523466
12,0.01,162,0.028596945305944546,0.00027778019810475915,0.0002253342301389534,0.00027778019810475915
12,0.01,163,0.02858509796708882,0.0002737670081344155,0.0002414858535924345,0.0002737670081344155
12,0.01,164,0.02859667674582891,0.00027830927491063383,0.00022709878924790158,0.00027830927491063383
12,0.01,165,0.028747866468188093,0.00028394861807809924,0.00027733497650504394,0.00028394861807809924
12,0.01,166,0.0289375343732962,0.0002846576087022986,0.0002782976825493373,0.0002846576087022986
12,0.01,167,0.02872520894844082,0.00028613030215969576,0.00025027901705614464,0.00028613030215969576
12,0.01,168,0.028765441404974133,0.0002902579703960386,0.00025348310651618307,0.0002902579703960386
12,0.01,169,0.028948929851900687,0.0003049889172423993,0.00029555255647196224,0.0003049889172423993
12,0.01,170,0.028970603838948596,0.0003027875304408215,0.00026112539813168524,0.0003027875304408215
12,0.01,171,0.028896418284380523,0.0002995018618109718,0.00028245097294782914,0.0002995018618109718
12,0.01,172,0.028668852605029386,0.00029220301729326496,0.00027073362256513844,0.00029220301729326496
12,0.01,173,0.02881716232099579,0.00029075084631869665,0.00023809262451769485,0.00029075084631869665
12,0.01,174,0.028677807258232255,0.000275651163548738,0.0002620830324805588,0.000275651163548738
12,0.01,175,0.028699380590847267,0.00028264960859202253,0.00028264960859202253,0.0002762151848579555
12,0.01,176,0.028830470977502087,0.00027997439195813094,0.00026974226053851265,0.00027997439195813094
12,0.01,177,0.029081907787708566,0.0002991660282906423,0.0002991660282906423,0.00028360579244256483
12,0.01,178,0.029108016934941413,0.00030200856367031755,0.0003020085636703176,0.00028003316805060187
12,0.01,179,0.029077909279876468,0.000284750349164954,0.0002612921614242834,0.000284750349164954
12,0.01,180,0.028921812402001916,0.00029595129618823336,0.0002797636950809787,0.00029595129618823336
12,0.01,181,0.02903411432291953,0.000311381594526542,0.000311381594526542,0.00029616100664656104
12,0.01,182,0.029048455026496736,0.0003282468975985129,0.0003282468975985129,0.000305948642010533
12,0.01,183,0.029172389830214866,0.00030984399058174393,0.00030984399058174393,0.0003067275398605395
12,0.01,184,0.029246044949535376,0.0003057897349382609,0.0003008579233953126,0.0003057897349382609
12,0.01,185,0.029479644682173425,0.00030467487591628005,0.00030467487591628005,0.00030281746677569875
12,0.01,186,0.02925509091272428,0.0003034755435495663,0.0002999069184255398,0.0003034755435495663
12,0.01,187,0.0292219096292715,0.0003049694849281815,0.0002952547394514691,0.0003049694849281815
12,0.01,188,0.029176841172187367,0.0003029929224500905,0.00026093907627761223,0.0003029929224500905
12,0.01,189,0.02907711141254897,0.0002977480088987024,0.0002977480088987024,0.00029238750732314315
12,0.01,190,0.028994894056444568,0.0003168070899014267,0.0003168070899014267,0.0002928701386924501
12,0.01,191,0.02907299084446518,0.0003459798635094329,0.0003459798635094329,0.0002936049230042994
12,0.01,192,0.029109416367339047,0.00031927124050029675,0.0003192712405002967,0.0003017030983279167
12,0.01,193,0.029309194519712898,0.00029888663724579427,0.0002842452003887762,0.00029888663724579427
12,0.01,194,0.02920053629258277,0.00030160254153265806,0.0003016025415326581,0.00028634743638748035
12,0.01,195,0.02904587545771251,0.00031539796583773827,0.0003153979658377382,0.00028705316644088175
12,0.01,196,0.02904666671878128,0.00030834158661641555,0.00030834158661641555,0.0002905194643314268
12,0.01,197,0.029071111066844478,0.0003204128050354982,0.0003204128050354982,0.00028754616632110003
12,0.01,198,0.02905738559980423,0.0002960538060343274,0.0002960538060343274,0.0002893792696737383
12,0.01,199,0.029118171745495122,0.0003347817997318571,0.00033478179973185705,0.0002919846723546782
12,0.01,200,0.02919124871674319,0.0003519520833513157,0.0003519520833513157,0.00029091821570735555
12,0.01,201,0.029127532833046463,0.0003156364252890701,0.0003156364252890701,0.0002869034516482906
12,0.01,202,0.029428434705198726,0.00030144313929107534,0.00030144313929107534,0.00029212703511206944
12,0.01,203,0.029433269311841297,0.00030678076056244445,0.00030678076056244445,0.00029122617842850993
12,0.01,204,0.029143625412354688,0.00028985415646260473,0.0002822693861092555,0.00028985415646260473
12,0.01,205,0.02935523411340963,0.00029706477924128466,0.0002785690096915757,0.00029706477924128466
12,0.01,206,0.029145813707463202,0.00029047937003101327,0.00025121405715373686,0.00029047937003101327
12,0.01,207,0.028940810273332056,0.00029029722257504066,0.0002902972225750406,0.0002878508926545097
12,0.01,208,0.02871077829601872,0.00028090781056343153,0.0002801621668051794,0.00028090781056343153
12,0.01,209,0.028688795137815908,0.00028967573571007964,0.00026438152658272697,0.00028967573571007964
12,0.01,210,0.0287869973724929,0.00028651057569369727,0.00024668737233512393,0.00028651057569369727
12,0.01,211,0.028841478016067842,0.0002905299112298754,0.0002905299112298754,0.00028684529625712537
12,0.01,212,0.028835153741441296,0.000303207824128999,0.000303207824128999,0.00028438487098737727
12,0.01,213,0.028970731794367825,0.0003162805136836461,0.0003162805136836461,0.0002818082446676365
12,0.01,214,0.02906903956747249,0.00028868384669991745,0.00028567971547516593,0.00028868384669991745
12,0.01,215,0.029071957597748013,0.00029026273125020124,0.00028140703408658627,0.00029026273125020124
12,0.01,216,0.028880245258875167,0.00029158817373662184,0.000253906584576416,0.00029158817373662184
12,0.01,217,0.028832777504424378,0.0002960942116937154,0.00026452208694947144,0.0002960942116937154
12,0.01,218,0.02887793853279242,0.0002893548902167137,0.0002836735083756921,0.0002893548902167137
12,0.01,219,0.02922598650076805,0.0002887972137066551,0.00022709776628669374,0.0002887972137066551
12,0.01,220,0.029295943209240376,0.0002912985883128204,0.00021560579428679924,0.0002912985883128204
12,0.01,221,0.029252348500635336,0.0002850132396366561,0.00025867772688861556,0.0002850132396366561
12,0.01,222,0.02929450454683076,0.0002886786825540545,0.00025184389869464726,0.0002886786825540545
12,0.01,223,0.029256676612774236,0.0002838638552544817,0.0002435069481244905,0.0002838638552544817
12,0.01,224,0.029263759275256648,0.0002839629435862514,0.00024614031171120903,0.0002839629435862514
12,0.01,225,0.029170418888412365,0.00028310807092884056,0.00024406664611359224,0.00028310807092884056
12,0.01,226,0.029072326154613148,0.0002876359562871063,0.00024284089123016527,0.0002876359562871063
12,0.01,227,0.029202077366270878,0.0002896921106420309,0.0002528442869531867,0.0002896921106420309
12,0.01,228,0.029309748224297365,0.0002904885255370437,0.00029032336132890066,0.0002904885255370437
12,0.01,229,0.02953939930639531,0.0003059641115723651,0.0003059641115723651,0.00028828473844619664
12,0.01,230,0.0292921087672356,0.0002895659349284057,0.0002895659349284057,0.00028318553112360477
12,0.01,231,0.02944566917405916,0.0002945839745939185,0.0002707440066472021,0.0002945839745939185
12,0.01,232,0.029234745138819424,0.00030954747826178046,0.0003095474782617805,0.00029405054277729215
12,0.01,233,0.029425426114760345,0.0003449948493051852,0.0003449948493051852,0.000303026037498034
12,0.01,234,0.029460760619443263,0.00035807977329512,0.00035807977329511997,0.0002990681446614904
12,0.01,235,0.029520876320547878,0.000353730224446696,0.000353730224446696,0.00030103202018359336
12,0.01,236,0.029517807927820206,0.0003579168936977614,0.0003579168936977614,0.0003032257266140129
12,0.01,237,0.0295147164953243,0.0003479418680410197,0.00034794186804101975,0.00030508014431303803
12,0.01,238,0.02941382693004034,0.00034289135712294987,0.00034289135712294987,0.0003100828016328754
12,0.01,239,0.029652922349244843,0.00035282267181716855,0.00035282267181716855,0.0003091785229277897
12,0.01,240,0.02952268388765985,0.0003622720972243443,0.00036227209722434426,0.0003101358595392385
12,0.01,241,0.029507669531243154,0.0003458870218549098,0.0003458870218549098,0.0003078286911452971
12,0.01,242,0.02936344042722079,0.0003313123647828829,0.0003313123647828829,0.00030576679485868914
12,0.01,243,0.02958292443755201,0.0003611408910360611,0.0003611408910360611,0.0003052246132158708
12,0.01,244,0.029579882500322195,0.00037034541811964216,0.00037034541811964216,0.00030705080899354377
12,0.01,245,0.02962210451584134,0.0003100665312887935,0.0003100665312887935,0.00030407743379001686
12,0.01,246,0.029493902244609328,0.0003406873793168571,0.0003406873793168571,0.00029958701222123404
12,0.01,247,0.029364194092323413,0.00034617366197068505,0.00034617366197068505,0.000296839425406832
12,0.01,248,0.029318314017373295,0.00034709481245218685,0.00034709481245218685,0.00029144008721489114
12,0.01,249,0.029374017110282077,0.0003100981651793704,0.00031009816517937037,0.00029215172490175883
12,0.01,250,0.029324156323189347,0.00032692112473387924,0.00032692112473387924,0.00029225863082969127
12,0.01,251,0.029319817073023384,0.00031344600289486647,0.00031344600289486647,0.0002922377393840564
12,0.01,252,0.02953942796506652,0.0003388317536422555,0.0003388317536422555,0.00029568945066684365
12,0.01,253,0.029523166138096853,0.00037304118944635027,0.0003730411894463502,0.00029734526870673456
12,0.01,254,0.029364033289245074,0.0003521331285211471,0.0003521331285211471,0.00030082112585853
12,0.01,255,0.029508848284900264,0.0003621503754709646,0.00036215037547096453,0.0002937076905930595
12,0.01,256,0.02936529113220223,0.00031794436656363244,0.00031794436656363244,0.00030041611622645
12,0.01,257,0.029254486584607647,0.00033181666750564486,0.00033181666750564486,0.00029031382567171866
12,0.01,258,0.029262665516424223,0.0003495939071868905,0.0003495939071868904,0.0002884380913384821
12,0.01,259,0.02940584153874882,0.0003436541393550275,0.0003436541393550275,0.0002856032908881278
12,0.01,260,0.02932094231932654,0.0003192580012185863,0.0003192580012185863,0.00028858912938843466
12,0.01,261,0.0293868300483018,0.00031145551536040635,0.0003114555153604063,0.0002964524235387501
12,0.01,262,0.02941578059939537,0.0003297576702688507,0.0003297576702688507,0.0002963730790326726
12,0.01,263,0.029236001613990734,0.0003156490071472848,0.0003156490071472848,0.0002991040899716411
12,0.01,264,0.029121906117927598,0.00033172673482473265,0.00033172673482473265,0.00030006765737514954
12,0.01,265,0.02932228031927082,0.0003466133836949056,0.00034661338369490566,0.00030175702393164436
12,0.01,266,0.02937800207534959,0.00035115623045669034,0.00035115623045669034,0.0003114647620791929
12,0.01,267,0.029386964802827455,0.0003429413080572501,0.0003429413080572501,0.00031193409815372873
12,0.01,268,0.029381503435905697,0.00035751794333214223,0.0003575179433321423,0.000305748524042442
12,0.01,269,0.02957143148641177,0.0003362437075259981,0.0003362437075259981,0.00032186543080205756
12,0.01,270,0.0294730704598542,0.0003276106482336517,0.0003276106482336517,0.0003129601141495063
12,0.01,271,0.02947684288723961,0.00034537345817640854,0.00034537345817640854,0.00030580212735001436
12,0.01,272,0.02942357751718001,0.00034783791364685016,0.00034783791364685016,0.0003088375025819238
12,0.01,273,0.029335013283037618,0.00033477735278601066,0.00033477735278601066,0.00031029621465762354
12,0.01,274,0.029113971073843045,0.0003554737888873781,0.00035547378888737803,0.0003042684397526187
12,0.01,275,0.029200864541189305,0.00037677812899340117,0.00037677812899340117,0.00030641052274856906
12,0.01,276,0.029080267614425094,0.0003511197288603858,0.0003511197288603858,0.0003030915070176667
12,0.01,277,0.029079965598017985,0.0003513366845954899,0.00035133668459548994,0.0003027180192936673
12,0.01,278,0.029321159682162385,0.0003346940182228136,0.0003346940182228136,0.00030949842788035914
12,0.01,279,0.02942297126337681,0.00031092135899291057,0.00031092135899291057,0.0003096229248170726
12,0.01,280,0.02942768219966083,0.0003070099315604474,0.00030679668217581705,0.0003070099315604474
12,0.01,281,0.029123041969647528,0.00031445089841716475,0.00031445089841716475,0.0002968865585943704
12,0.01,282,0.02923173559654665,0.00034507946521552814,0.0003450794652155281,0.00030143180555889396
12,0.01,283,0.029103096226660782,0.0003499886766062213,0.0003499886766062213,0.0003062902750750346
12,0.01,284,0.02926002918641884,0.0003014880115655607,0.0003014880115655607,0.00030007724139119517
12,0.01,285,0.029415661794002092,0.0003024596624599718,0.00029077048765005845,0.0003024596624599718
12,0.01,286,0.0294094442927136,0.00032971248989316956,0.00032971248989316956,0.0002998149857276185
12,0.01,287,0.029557097953756398,0.00030337378203112737,0.000302576592273988,0.00030337378203112737
12,0.01,288,0.029468546518238364,0.0003031665692734273,0.00027961339369464373,0.0003031665692734273
12,0.01,289,0.029755339166887048,0.00031234203020469786,0.00025650702165990456,0.00031234203020469786
12,0.01,290,0.02974731063816765,0.000320006075229565,0.0002851539019257998,0.000320006075229565
12,0.01,291,0.029877574601516504,0.00031544864925213157,0.0002855037188066722,0.00031544864925213157
12,0.01,292,0.029866918782108846,0.0003139120485037944,0.00030810696955553584,0.0003139120485037944
12,0.01,293,0.0296316888590783,0.0003136818692948447,0.00028693160779468365,0.0003136818692948447
12,0.01,294,0.02955718332780378,0.0003043709657085337,0.0002853315594296885,0.0003043709657085337
12,0.01,295,0.029534309318242347,0.00031296910913385085,0.000291984464720158,0.00031296910913385085
12,0.01,296,0.02946555355610792,0.00031669488597148835,0.00031669488597148835,0.0003124046132462405
12,0.01,297,0.02942873506327543,0.000316448986968351,0.00031111909130928555,0.000316448986968351
12,0.01,298,0.029489209101388372,0.00030727831484794,0.0002879870337250932,0.00030727831484794
12,0.01,299,0.029353453293101836,0.00030923469147398346,0.00029216849414697056,0.00030923469147398346
12,0.01,300,0.02952419541537314,0.00030933511806627127,0.00028810385037982824,0.00030933511806627127
12,0.01,301,0.02950259559875222,0.0003125064957330851,0.0003049187224767548,0.0003125064957330851
12,0.01,302,0.02942970575360551,0.00032395236478242623,0.00032395236478242623,0.00030971958063504533
12,0.01,303,0.029287017246519616,0.0003202217397971871,0.0003202217397971871,0.0003130979347699524
12,0.01,304,0.029114254001539854,0.0003369176012842959,0.0003369176012842959,0.00030997578900104515
12,0.01,305,0.02933476036745813,0.0003748593099730748,0.0003748593099730747,0.0003025979205750664
12,0.01,306,0.02939711430237426,0.0003457817395121204,0.0003457817395121204,0.0003010643112738078
12,0.01,307,0.029258124975011693,0.0003506921195723986,0.0003506921195723986,0.0003048049785812089
12,0.01,308,0.029292591303744116,0.000339735370928509,0.000339735370928509,0.00030700957062575277
12,0.01,309,0.029074432793816565,0.00034010386060304154,0.0003401038606030415,0.0003036375822483243
12,0.01,310,0.029051512063727806,0.00036969168554651496,0.0003696916855465149,0.00030625081116943126
12,0.01,311,0.029242954130889245,0.00036358320916657567,0.0003635832091665757,0.00031815020290209986
12,0.01,312,0.029180131854455702,0.0003771663635475055,0.00037716636354750543,0.0003084160235018637
12,0.01,313,0.029296835681858112,0.00035932671939569366,0.00035932671939569366,0.0003009449077210793
12,0.01,314,0.029321177904959767,0.0003741286420610499,0.0003741286420610499,0.0003076756019949722
12,0.01,315,0.029248807802570102,0.00034747259126656455,0.00034747259126656455,0.00030402998062793577
12,0.01,316,0.029326890602591058,0.00036399062095639266,0.0003639906209563927,0.0002929899947265045
12,0.01,317,0.02935209034932654,0.0003909381480883705,0.0003909381480883705,0.00030594988086423043
12,0.01,318,0.02948339584961672,0.00039991928803252745,0.00039991928803252745,0.00030621220980925226
12,0.01,319,0.029512786374526277,0.0003520264309574948,0.0003520264309574948,0.0003131979043877219
12,0.01,320,0.029314313436312394,0.0003763019829750303,0.00037630198297503037,0.0003055359715890469
12,0.01,321,0.029507987301935323,0.0003349569673508038,0.00033495696735080376,0.0003102277863107483
12,0.01,322,0.029536925304692388,0.0003511303328412139,0.0003511303328412139,0.00030656081699331316
12,0.01,323,0.029485299791914048,0.00037365587887954306,0.000373655878879543,0.0003015780260563266
12,0.01,324,0.02946213738644303,0.00039509544636283876,0.00039509544636283876,0.00029646132137612903
12,0.01,325,0.029577523148160503,0.0003716655619318911,0.0003716655619318911,0.00030359259801303594
12,0.01,326,0.029473480711221196,0.0004019211370360143,0.00040192113703601433,0.0003000959426517501
12,0.01,327,0.029310169755038577,0.0003689264676539782,0.0003689264676539782,0.0002944930518509242
12,0.01,328,0.029351994428932503,0.0003426146563466918,0.0003426146563466918,0.00029273268066816005
12,0.01,329,0.029165251631377308,0.0003286182638622403,0.0003286182638622403,0.00028526326065622757
12,0.01,330,0.02960189195035307,0.00029474001888040065,0.00029474001888040065,0.00029167917729173266
12,0.01,331,0.02962256816487432,0.0003076543818260771,0.0003076543818260771,0.000299737369411171
12,0.01,332,0.029208950983767815,0.00030195011085722265,0.00030195011085722265,0.0002914351832276934
12,0.01,333,0.029240691623013588,0.0003263372523933484,0.0003263372523933484,0.00029810898766118553
12,0.01,334,0.029376837572319976,0.0003329768042850667,0.0003329768042850667,0.00031000945414880773
12,0.01,335,0.02939609812272336,0.0003135073590626076,0.0003135073590626076,0.0003021593007257541
12,0.01,336,0.029154138100248653,0.00031711816690410417,0.00031711816690410417,0.000294781269918511
12,0.01,337,0.029215494257451232,0.00030366623143846715,0.00030366623143846715,0.0002988395041528998
12,0.01,338,0.029134985310660843,0.0003246658619297833,0.0003246658619297833,0.0002969374215793601
12,0.01,339,0.029273014879216283,0.00028968133087322364,0.00028968133087322364,0.0002881839212809749
12,0.01,340,0.02920568498549571,0.00031967715648697885,0.00031967715648697885,0.0002876920539510141
12,0.01,341,0.029125359149732945,0.000327191704320384,0.000327191704320384,0.00027724725279721003
12,0.01,342,0.02909227678909439,0.00029562107911248326,0.00029562107911248326,0.00027571010219908776
12,0.01,343,0.02925557189801655,0.00030700015713447067,0.0003070001571344706,0.00028235696113902524
12,0.01,344,0.02942981131810001,0.0003422972610266548,0.00034229726102665475,0.0002829994669700484
12,0.01,345,0.029408601317611506,0.00031283182882126467,0.00031283182882126467,0.000286898188113677
12,0.01,346,0.029554318409708548,0.00032041647660751286,0.00032041647660751286,0.00028176186428437817
12,0.01,347,0.029423460953780633,0.0003065953134854101,0.00030659531348541016,0.00028440483849599544
12,0.01,348,0.0295209530172282,0.00029160576579109325,0.00028496968293919206,0.00029160576579109325
12,0.01,349,0.0293644525559091,0.00030850693097295016,0.00030850693097295016,0.0002885522263108499
12,0.01,350,0.02943974180507857,0.000308471020863883,0.000308471020863883,0.00028965419015586325
12,0.01,351,0.029363295927206594,0.0002974616693624283,0.0002974616693624283,0.000292928895917392
12,0.01,352,0.029223360541667864,0.0003349604716196698,0.00033496047161966984,0.00029844770798765805
12,0.01,353,0.029227485113765876,0.00033653163316699084,0.00033653163316699084,0.00029452826555565484
12,0.01,354,0.029226694119626532,0.00030130030492672537,0.00030130030492672537,0.00029282195115104597
12,0.01,355,0.029202457053249985,0.00029031863381532994,0.0002903186338153299,0.0002865692661868708
12,0.01,356,0.029170501959827243,0.00029151480902028977,0.00029151480902028977,0.00028552749231136696
12,0.01,357,0.029117938597839534,0.00029536480647324864,0.00029536480647324864,0.00028528685523433137
12,0.01,358,0.029254987923222904,0.0002968235291004162,0.0002856865507170653,0.0002968235291004162
12,0.01,359,0.029294572640336303,0.00030119848463826986,0.0002929819442496557,0.00030119848463826986
12,0.01,360,0.02940309725012553,0.00032408709279651833,0.00032408709279651833,0.00029447550132682433
12,0.01,361,0.029462872252986765,0.0003008118256320311,0.0003008118256320311,0.00029423055991316003
12,0.01,362,0.02920615432295382,0.0003074266965346625,0.00030742669653466243,0.00029616452006559483
12,0.01,363,0.02931848554214307,0.00031990352759771174,0.00031990352759771174,0.0002981317721668919
12,0.01,364,0.029524405254006344,0.0003106597772732195,0.0003106597772732195,0.0002990350699917958
12,0.01,365,0.029545175187854357,0.0003173594301020751,0.00031735943010207507,0.00029860813440993914
12,0.01,366,0.029584703533785076,0.0003027813680603497,0.00028172369766381436,0.0003027813680603497
12,0.01,367,0.029522452393471267,0.0003070091037129809,0.00030406315772159954,0.0003070091037129809
12,0.01,368,0.0292443335501492,0.00033698034101057575,0.00033698034101057575,0.00029777647285494024
12,0.01,369,0.029299981826673285,0.0003696869590866259,0.0003696869590866259,0.00031016385353407156
12,0.01,370,0.02910822923300482,0.0003556676800358814,0.0003556676800358814,0.00029992656546763957
12,0.01,371,0.028923631159162536,0.00037218010382729665,0.00037218010382729665,0.00030236737225512457
12,0.01,372,0.028924821486972077,0.00036725938035522197,0.000367259380355222,0.0003003405437195433
12,0.01,373,0.028951766053923866,0.000360771835774667,0.000360771835774667,0.00028977989816254834
12,0.01,374,0.028875847607958742,0.0003128729598013324,0.00031287295980133233,0.0002926278622638051
12,0.01,375,0.028775616524703698,0.000350391065566631,0.000350391065566631,0.0002995005843415643
12,0.01,376,0.02889448577695092,0.0003577859038498772,0.0003577859038498772,0.0002935167345863
12,0.01,377,0.028834237577878584,0.0003541982302142147,0.0003541982302142147,0.00030024715197672034
12,0.01,378,0.028999404174261032,0.00035117905378428916,0.00035117905378428916,0.0003065338382655553
12,0.01,379,0.0289774474593945,0.00036085626151312214,0.0003608562615131221,0.00030362033675320133
12,0.01,380,0.029042330126636342,0.0003523288090334702,0.0003523288090334702,0.00030108960813691256
12,0.01,381,0.029045202768812946,0.0003671512719222202,0.0003671512719222202,0.0003044673643010589
12,0.01,382,0.028983478437565244,0.0003468869207282729,0.0003468869207282729,0.0002968167662515581
12,0.01,383,0.02885591702029689,0.0003773167886180532,0.0003773167886180531,0.0002995946856658651
12,0.01,384,0.02890964884609101,0.00042105873490347264,0.00042105873490347264,0.0002955006217966353
12,0.01,385,0.028901304821652804,0.00040302457672748075,0.00040302457672748075,0.0002976486738340301
12,0.01,386,0.02891768813207219,0.0003879686260157333,0.00038796862601573327,0.00029704950975901714
12,0.01,387,0.02881484552313223,0.0003660968194898417,0.00036609681948984176,0.00028756973101272545
12,0.01,388,0.028978881896255256,0.00036277840575077213,0.00036277840575077213,0.00029511692244096795
12,0.01,389,0.02893216917468806,0.0003641484934789439,0.00036414849347894386,0.0002937547350613423
12,0.01,390,0.028723943003992294,0.0003177697869640693,0.0003177697869640693,0.0002920637250969242
12,0.01,391,0.028928272408396658,0.0003591026814015645,0.00035910268140156444,0.0002920110210789017
12,0.01,392,0.0289192486641851,0.0003122328120997738,0.0003122328120997738,0.0002899539802965449
12,0.01,393,0.028903662768181942,0.00029206688903060993,0.00029206688903060993,0.00028559965917084767
12,0.01,394,0.028756768086566485,0.0002979045334427172,0.0002979045334427171,0.0002789835083451306
12,0.01,395,0.029016002908807643,0.0002933417093208649,0.0002933417093208649,0.00028476193845172976
12,0.01,396,0.028880247766708864,0.00032000097257009957,0.00032000097257009957,0.0002911008996950521
12,0.01,397,0.028855896585174724,0.0003018126069525322,0.0003018126069525322,0.0002859313946678242
12,0.01,398,0.028701440781047038,0.0002793043772444973,0.000272552084391673,0.0002793043772444973
12,0.01,399,0.028908218605432964,0.00029813405198440655,0.00029813405198440655,0.0002856542620229396
12,0.01,400,0.028871800102664213,0.0003054780604149673,0.00030547806041496733,0.0002852641219415711
12,0.01,401,0.02888020420702136,0.000299264798407862,0.0002916371517823217,0.000299264798407862
12,0.01,402,0.02884591929688375,0.0003034264108987485,0.0003034264108987485,0.0002962684766687427
12,0.01,403,0.02868226001157007,0.0003032571800780905,0.0003032571800780905,0.00029139519111096935
12,0.01,404,0.028749427496795772,0.0002964264804946253,0.0002964264804946253,0.0002908027658431031
12,0.01,405,0.029015353597039658,0.00029363896172245356,0.0002758101456578259,0.00029363896172245356
12,0.01,406,0.029007653945361242,0.00033022830871410393,0.00033022830871410393,0.00029996309224332316
12,0.01,407,0.029142220293164243,0.0003762504134163589,0.0003762504134163589,0.00030093343837288446
12,0.01,408,0.029127414090899577,0.0003698221766797711,0.0003698221766797711,0.0002975982670055376
12,0.01,409,0.02927266890967777,0.0003549877008132958,0.0003549877008132958,0.0003047633896759913
12,0.01,410,0.029320816418183536,0.00032261576581546606,0.00032261576581546606,0.00031129015509928604
12,0.01,411,0.029136636119258243,0.0003395887598168962,0.0003395887598168962,0.0003083615698397956
12,0.01,412,0.029045815330967496,0.00032686325220101673,0.0003268632522010167,0.0003148678348560649
12,0.01,413,0.029107680310951303,0.00031403656279980477,0.0003022317063418579,0.00031403656279980477
12,0.01,414,0.0292912690706208,0.0003179110618070736,0.00028652233261365905,0.0003179110618070736
12,0.01,415,0.029442357125177263,0.00032873143235726985,0.0003287314323572698,0.00032487342891298406
12,0.01,416,0.029517309487247064,0.0003499760040461087,0.0003499760040461087,0.00032757149019582287
12,0.01,417,0.0292664749451732,0.0003491031781120538,0.0003491031781120538,0.00032392280756503864
12,0.01,418,0.029554515764399596,0.0003803386766232663,0.0003803386766232663,0.00033040916908694083
12,0.01,419,0.02943923689945783,0.0003987544708020246,0.00039875447080202456,0.0003294525517379964
12,0.01,420,0.029333153478166223,0.0003660125400197435,0.0003660125400197435,0.00032038628856238214
12,0.01,421,0.029453122716513177,0.00034687007789791733,0.00034687007789791733,0.00032573354937130917
12,0.01,422,0.029026718312228816,0.0003506427261219905,0.0003506427261219905,0.0003154929086098999
12,0.01,423,0.02886280641596532,0.00036546158389170785,0.00036546158389170785,0.0003058352396916209
12,0.01,424,0.028998807378250904,0.00035210896644672317,0.0003521089664467232,0.000314950643818759
12,0.01,425,0.02906194818419502,0.0003415977289607183,0.0003415977289607183,0.000316872869126642
12,0.01,426,0.02894209385868758,0.00032163840531176994,0.0003216384053117699,0.0003191412523818109
12,0.01,427,0.02898958279378114,0.00033114129780463124,0.00033114129780463124,0.0003107886657459551
12,0.01,428,0.02907691940553506,0.00035876537467366946,0.0003587653746736694,0.00030713737521478445
12,0.01,429,0.02932027150348102,0.00036718648113799314,0.00036718648113799314,0.0003167540267429913
12,0.01,430,0.029261237698799028,0.0003039638145500715,0.0003039638145500715,0.00030251210326601413
12,0.01,431,0.02936202348468396,0.0003029870624942857,0.0002920980392949501,0.0003029870624942857
12,0.01,432,0.029232028355277825,0.00030052356852372926,0.00030052356852372926,0.0002943003227202642
12,0.01,433,0.029354308469706398,0.000343081540691341,0.000343081540691341,0.0002972554839923483
12,0.01,434,0.029182283767488864,0.000373326181060482,0.00037332618106048203,0.0003002435747058939
12,0.01,435,0.029187519394651314,0.00036405163088423017,0.00036405163088423017,0.00029089312693865557
12,0.01,436,0.029364103213889565,0.0003643898306805799,0.00036438983068057983,0.0003010332574113377
12,0.01,437,0.029127598053235483,0.00038708779154649956,0.00038708779154649956,0.0002977585462608446
12,0.01,438,0.029125123809615683,0.0004065664311860715,0.0004065664311860715,0.0003037610203147996
12,0.01,439,0.029164459955975563,0.00039119118335057023,0.00039119118335057023,0.00029817177204611667
12,0.01,440,0.028984022694495366,0.0003833975940923921,0.00038339759409239215,0.0003008942823646564
12,0.01,441,0.029052651386891493,0.0003783965103123496,0.00037839651031234964,0.00029428176565374063
12,0.01,442,0.029071988394691106,0.00036921590963529997,0.00036921590963529997,0.0002942742309024288
12,0.01,443,0.02911744208715234,0.0003655762087074206,0.0003655762087074206,0.0002977256956486924
12,0.01,444,0.02909163902823453,0.00035481318591610607,0.00035481318591610607,0.00029919755310197445
12,0.01,445,0.029088681598513622,0.00033323680934963353,0.00033323680934963353,0.0002951165468645488
12,0.01,446,0.02913231785763738,0.00030867137402380455,0.00030867137402380455,0.0002890572887261232
12,0.01,447,0.0292326681773367,0.0003285843281318305,0.0003285843281318305,0.00028676511380612053
12,0.01,448,0.029222622395561903,0.0003306186266056159,0.0003306186266056159,0.0002874925979389269
12,0.01,449,0.02940008520488765,0.00036624921459717794,0.00036624921459717794,0.0002900928228120943
12,0.01,450,0.02957206698336703,0.0003194285438190944,0.0003194285438190944,0.0002825136191385377
12,0.01,451,0.02942886961699278,0.00032208375313874595,0.0003220837531387459,0.0002806666866262141
12,0.01,452,0.02941247343515853,0.0003107963204132519,0.0003107963204132519,0.0002873176641556015
12,0.01,453,0.029319576233046075,0.0003159485662860669,0.0003159485662860669,0.0002894733573374385
12,0.01,454,0.029202343207431973,0.0003024567489709,0.00030245674897089994,0.00028882878063801585
12,0.01,455,0.029271420705063413,0.00030459583019992064,0.00030459583019992064,0.00028047816669890015
12,0.01,456,0.029293219292980746,0.00029557993853202496,0.00029557993853202496,0.00028057273016148974
12,0.01,457,0.02913980254877835,0.00033185585281140584,0.00033185585281140584,0.0002861781986759259
12,0.01,458,0.029042707247514208,0.00033241491630870226,0.00033241491630870226,0.00028829602361895944
12,0.01,459,0.029283831724993836,0.00033253597229700497,0.00033253597229700497,0.0002915538420129171
12,0.01,460,0.028978741968886494,0.00029765210017340096,0.00029765210017340096,0.00028600197271841377
12,0.01,461,0.029036759412697833,0.00029758238362202565,0.0002975823836220256,0.00028242445819271774
12,0.01,462,0.029118721105454323,0.0003286297465104315,0.0003286297465104315,0.0002829272726051409
12,0.01,463,0.02928456683587208,0.0003249275042553558,0.0003249275042553558,0.0002977164597733027
12,0.01,464,0.029192635893452123,0.00031105336685441186,0.0003103142577309126,0.00031105336685441186
12,0.01,465,0.029326269218667655,0.00034824105075487004,0.00034824105075487004,0.00030715385718581273
12,0.01,466,0.029437400302957144,0.00033509473269046714,0.00033509473269046714,0.0003075976924497573
12,0.01,467,0.029156927134046943,0.00033441507532948724,0.00033441507532948724,0.0003055555415127422
12,0.01,468,0.029075903674485544,0.00032609710059577863,0.00032609710059577863,0.00030032003612285094
12,0.01,469,0.029060549324426234,0.0003526046048557865,0.0003526046048557865,0.0002938438311285654
12,0.01,470,0.029138921478426814,0.0003133484969772871,0.0003133484969772871,0.00029746041255765225
12,0.01,471,0.02933101844020964,0.0002946937037966096,0.0002943527872167436,0.0002946937037966096
12,0.01,472,0.029432911838831066,0.0003167505596239538,0.0003167505596239538,0.00029455355726515044
12,0.01,473,0.029257069796489215,0.0003538865374633702,0.0003538865374633702,0.0002894915030706667
12,0.01,474,0.029037824082954976,0.00032963925758067403,0.00032963925758067403,0.00029831480170049764
12,0.01,475,0.029292277580619686,0.00032806692242826903,0.000328066922428269,0.0002982078752027731
12,0.01,476,0.029279526349472996,0.0003465480838776636,0.00034654808387766357,0.00029909698554732766
12,0.01,477,0.029141292962043635,0.0003074222970347404,0.00030742229703474035,0.00030031562917926766
12,0.01,478,0.028964495863570576,0.00030249956150880816,0.0003024995615088081,0.0003022918590044886
12,0.01,479,0.028921826214726,0.0002920842500184002,0.0002920750378179204,0.0002920842500184002
12,0.01,480,0.029026189595261303,0.0002933237151691309,0.0002839397289153167,0.0002933237151691309
12,0.01,481,0.029103075654324774,0.0002898693941471178,0.0002852783236122612,0.0002898693941471178
12,0.01,482,0.028805340725003865,0.00029266397031697187,0.0002833391200965782,0.00029266397031697187
12,0.01,483,0.028696725116613572,0.00029459534488891786,0.00028051812226353046,0.00029459534488891786
12,0.01,484,0.028957886405720574,0.0003043622672268311,0.0003043622672268311,0.00029414093714506915
12,0.01,485,0.028799425413256214,0.00028518215029306877,0.00027992363121179736,0.00028518215029306877
12,0.01,486,0.02885172320746084,0.00031708134760718103,0.00031708134760718103,0.00028133122913497044
12,0.01,487,0.028869698717197592,0.00033146884504989786,0.00033146884504989786,0.0002837779774544781
12,0.01,488,0.028876866901329058,0.0002995149786973706,0.0002995149786973706,0.00028879078735710793
12,0.01,489,0.028949391459833804,0.0002981744940765662,0.0002981744940765662,0.00028773565165953624
12,0.01,490,0.02871166669927935,0.00029587596166104644,0.0002958759616610464,0.0002861937948113466
12,0.01,491,0.028826838134354646,0.00028476371612968474,0.0002820859973484778,0.00028476371612968474
12,0.01,492,0.028941027579301067,0.0002814427210207386,0.0002792168486874343,0.0002814427210207386
12,0.01,493,0.028724856822249917,0.00028683505776550374,0.00028683505776550374,0.0002822580453155205
12,0.01,494,0.028803293963418682,0.00028535417767906746,0.0002821074591952898,0.00028535417767906746
12,0.01,495,0.02901484316347643,0.0002853788923859815,0.0002738860269272185,0.0002853788923859815
12,0.01,496,0.029162233090766987,0.0002902012525445436,0.0002804173496823218,0.0002902012525445436
12,0.01,497,0.029137394183762457,0.00032143911849349293,0.00032143911849349293,0.0002881640134181511
12,0.01,498,0.02912155550994201,0.0003176531480595802,0.00031765314805958026,0.00028296474384851975
12,0.01,499,0.029200614811396585,0.0003363248648141605,0.0003363248648141605,0.00028899498708886924
12,0.01,500,0.029402731224443614,0.00033190027100782533,0.00033190027100782533,0.00030130700352436874
12,0.03,0,0.08245316739671602,0.0002496256334597518,0.00024942232320942386,0.0002496256334597518
12,0.03,1,0.05028111378963355,0.0002436870802250202,0.00022879312884596773,0.0002436870802250202
12,0.03,2,0.03650522678333893,0.0002482469786430857,0.0002482469786430857,0.00020521421225767018
12,0.03,3,0.029988234394183973,0.00021774001545813888,0.00021774001545813888,0.00018843438969892693
12,0.03,4,0.027297058662064996,0.0001821079308475795,0.00018210793084757947,0.00017573019664773458
12,0.03,5,0.02610055605113587,0.00017909735676631552,0.0001790973567663155,0.00017037682893986084
12,0.03,6,0.02545644862204454,0.0002021420525976657,0.00020214205259766566,0.00017120288133516253
12,0.03,7,0.025046056712834393,0.0001787279784052637,0.00017797763977374782,0.0001787279784052637
12,0.03,8,0.02506809703943031,0.00019160609600045762,0.00019160609600045762,0.0001738181005934196
12,0.03,9,0.0250255426993674,0.00018589605234581866,0.0001626970257980606,0.00018589605234581866
12,0.03,10,0.024868348383616803,0.00018613464195421414,0.00016657982216860168,0.00018613464195421414
12,0.03,11,0.025076022544269928,0.0001853933677461731,0.00017924586277244552,0.0001853933677461731
12,0.03,12,0.025189781174281,0.00018574525043182284,0.000172284199325892,0.00018574525043182284
12,0.03,13,0.025241806220557293,0.0001872017117435614,0.0001732395632653706,0.0001872017117435614
12,0.03,14,0.025383418804116643,0.00019329799524498272,0.00016742516213756194,0.00019329799524498272
12,0.03,15,0.025247938952770055,0.00019558503237180336,0.00019539551385917047,0.00019558503237180336
12,0.03,16,0.02534382725128353,0.00022958586832065798,0.00022958586832065795,0.00019679417060478036
12,0.03,17,0.02539772720623375,0.00019765744476111363,0.00019733719392086495,0.00019765744476111363
12,0.03,18,0.02554398616643721,0.00021562442010698604,0.00021562442010698607,0.00020093294672130527
12,0.03,19,0.02575218986271123,0.00021058531973200363,0.0002105853197320036,0.00020222217034705583
12,0.03,20,0.025614036079047144,0.00023081222272201016,0.00023081222272201016,0.0002039067736966618
12,0.03,21,0.0258066071738506,0.0002087401663401893,0.00017308341577323126,0.0002087401663401893
12,0.03,22,0.025731052242889036,0.0002138551670466666,0.00019469256262496146,0.0002138551670466666
12,0.03,23,0.025753583206620856,0.00021837260779914325,0.00021438574553349785,0.00021837260779914325
12,0.03,24,0.025916281300309884,0.00025507298639628856,0.00025507298639628856,0.0002178968327406048
12,0.03,25,0.02601584549092155,0.000246454416054768,0.000246454416054768,0.0002201357421037246
12,0.03,26,0.026171420765141236,0.00026701469099069396,0.00026701469099069396,0.0002272623924465637
12,0.03,27,0.026144690734605916,0.00023667405246843127,0.00023667405246843127,0.00022986304455242728
12,0.03,28,0.02609478777687715,0.0002578193105781506,0.0002578193105781506,0.0002246822574909052
12,0.03,29,0.026329084526233133,0.00024206301475380643,0.00024206301475380643,0.0002295569240227451
12,0.03,30,0.026339421415168214,0.00026433200170880827,0.00026433200170880827,0.0002368072445907768
12,0.03,31,0.026308995707163937,0.00027846874646742556,0.00027846874646742556,0.0002301337865545934
12,0.03,32,0.02641931438397706,0.0002644416074403636,0.0002644416074403636,0.00023573583255618937
12,0.03,33,0.026319562078584137,0.0003046393221684254,0.0003046393221684254,0.00022885047804819958
12,0.03,34,0.026384889603713886,0.0002942802677088667,0.00029428026770886664,0.00022592612797894975
12,0.03,35,0.02664528879282935,0.00027169959785287515,0.00027169959785287515,0.00022921935077023866
12,0.03,36,0.02656146490452432,0.00024405093983272648,0.00024405093983272648,0.00023251344584650465
12,0.03,37,0.02665349866175951,0.000263735321133228,0.000263735321133228,0.0002339829190974675
12,0.03,38,0.026580175250702623,0.00023539248210624938,0.00022709243712473864,0.00023539248210624938
12,0.03,39,0.026579300363459464,0.00023904447221072435,0.0002272399033794102,0.00023904447221072435
12,0.03,40,0.02659280560680453,0.00023076363466818732,0.0002071360302605341,0.00023076363466818732
12,0.03,41,0.02660638085591549,0.00023182368923939798,0.0002139540635791036,0.00023182368923939798
12,0.03,42,0.026595630985465264,0.00022623900281754732,0.00021564739182826617,0.00022623900281754732
12,0.03,43,0.026755193089195817,0.00022546646284318488,0.00022546646284318488,0.00022389662655072958
12,0.03,44,0.02680859734840175,0.0002459663764199253,0.0002459663764199253,0.00022306311548887095
12,0.03,45,0.02688297513794141,0.00025846264399888806,0.00025846264399888806,0.00022930529619720474
12,0.03,46,0.02684986857988804,0.00025443768304208686,0.00025443768304208686,0.0002250062876952696
12,0.03,47,0.026692369920731006,0.00028648548625854586,0.0002864854862585458,0.00022427309266744106
12,0.03,48,0.026568377124330807,0.00026769398803700936,0.0002676939880370094,0.00021697458233525422
12,0.03,49,0.026632377987960847,0.00026818196585325007,0.00026818196585325007,0.0002234020493679024
12,0.03,50,0.026714737139901155,0.00023888117054542504,0.000238881170545425,0.0002163430380714356
12,0.03,51,0.026678180656607906,0.00022072032050713387,0.00022072032050713384,0.00021799329317688773
12,0.03,52,0.026704632840563906,0.00022070864445307832,0.0002068009138610152,0.00022070864445307832
12,0.03,53,0.02680208934929259,0.00022496840126797675,0.00022091970995450586,0.00022496840126797675
12,0.03,54,0.026668883677901916,0.0002257109507779763,0.0002217766269143908,0.0002257109507779763
12,0.03,55,0.026647015204292353,0.00023003952958909594,0.00021825271345653655,0.00023003952958909594
12,0.03,56,0.026552969764057653,0.0002414281000908367,0.0002414281000908367,0.00022701476811184785
12,0.03,57,0.02667351670750194,0.000269179558453437,0.000269179558453437,0.00023378602398020572
12,0.03,58,0.02646691303147616,0.0002812096973587429,0.00028120969735874284,0.0002278291453864845
12,0.03,59,0.02657072793675009,0.00028960295188132606,0.00028960295188132606,0.0002268947271055766
12,0.03,60,0.026673936086013823,0.000299508655164427,0.0002995086551644269,0.00022982172511106468
12,0.03,61,0.02672424640530494,0.00030594832735590254,0.00030594832735590254,0.00023537765107621
12,0.03,62,0.026863682572892487,0.0002830113879298146,0.0002830113879298146,0.00023553267594676101
12,0.03,63,0.02695696644797275,0.00025911231948641826,0.0002591123194864182,0.00023829549034956477
12,0.03,64,0.026845132875754345,0.0002699289272019218,0.00026992892720192175,0.00024108688218872913
12,0.03,65,0.02668662266753974,0.00028639361951317396,0.0002863936195131739,0.00023895924940961656
12,0.03,66,0.026698124196253736,0.0002664268763953011,0.0002664268763953011,0.00024316527672494845
12,0.03,67,0.02676562521580401,0.00024733674903571883,0.00024733674903571883,0.00023555450952141
12,0.03,68,0.026773722043288574,0.00025477355975456233,0.00025477355975456233,0.00023466274148394758
12,0.03,69,0.026585512641466667,0.0002488948530928699,0.0002488948530928699,0.00023053892192622088
12,0.03,70,0.026508090968278584,0.00025757632725217217,0.00025757632725217217,0.00022586944150845622
12,0.03,71,0.026405830017160344,0.0002631509632028902,0.0002631509632028902,0.00023472183930561813
12,0.03,72,0.0266167503758144,0.0002462799287787613,0.0002462799287787613,0.00023641535541829125
12,0.03,73,0.026585086191062736,0.0002600891955368141,0.00026008919553681403,0.00024241447473706315
12,0.03,74,0.026672345203876378,0.00024085490058381838,0.00023687046216613083,0.00024085490058381838
12,0.03,75,0.02681063445471986,0.0002370843844230146,0.00021026376324458247,0.0002370843844230146
12,0.03,76,0.026825776612205327,0.00024465092728428886,0.00022399512295784359,0.00024465092728428886
12,0.03,77,0.02674821561376636,0.00025160171118430633,0.00023891812925953956,0.00025160171118430633
12,0.03,78,0.026610833036598162,0.0002558304163085629,0.0002558304163085629,0.00024629424803809737
12,0.03,79,0.0266082792821149,0.00025110036496018716,0.00025110036496018716,0.0002457249950829346
12,0.03,80,0.026687418062519275,0.00028024690304659936,0.00028024690304659936,0.0002457857238083667
12,0.03,81,0.026837827710686137,0.00024656082749310604,0.0002439617946941335,0.00024656082749310604
12,0.03,82,0.026833192737801412,0.00025852531095401943,0.00025852531095401943,0.00024745589604338375
12,0.03,83,0.02702355586843763,0.00028348112006341714,0.00028348112006341714,0.00024164283841047348
12,0.03,84,0.02707128548488524,0.00024372281529716066,0.00023610122249658925,0.00024372281529716066
12,0.03,85,0.026896983988756718,0.00024486487210369386,0.00022962521745769585,0.00024486487210369386
12,0.03,86,0.026864297372497948,0.00024152537068648723,0.0002400553391661715,0.00024152537068648723
12,0.03,87,0.02664454050539104,0.00023628018807616405,0.0002163026178549744,0.00023628018807616405
12,0.03,88,0.026482870884894125,0.00023702178604204771,0.0002323917571167678,0.00023702178604204771
12,0.03,89,0.026557782490176665,0.0002821585468823344,0.00028215854688233436,0.00023115159944581213
12,0.03,90,0.026464920133749757,0.0002492671737135634,0.00024926717371356346,0.0002297396432856882
12,0.03,91,0.026605322289766198,0.0002774566978954775,0.00027745669789547745,0.0002256133135035446
12,0.03,92,0.02676900547758732,0.00027847131037351706,0.00027847131037351706,0.00022891386952762966
12,0.03,93,0.026659535954622664,0.00025004058991201137,0.00025004058991201137,0.0002281464552228186
12,0.03,94,0.026715842314845122,0.0002747608129809203,0.0002747608129809203,0.00023229892812406567
12,0.03,95,0.02643264035267923,0.0003063016847863739,0.0003063016847863739,0.0002260829939762656
12,0.03,96,0.02647190767645944,0.0002998294340889202,0.00029982943408892013,0.0002276295149946099
12,0.03,97,0.026535256854486138,0.00031102905762487687,0.00031102905762487687,0.0002322141229880055
12,0.03,98,0.026620237240506543,0.000319884093734045,0.000319884093734045,0.0002299224666146509
12,0.03,99,0.02661079978520993,0.0002884674212959267,0.0002884674212959267,0.00022347075837072866
12,0.03,100,0.026585127867289227,0.0002756460549717285,0.00027564605497172845,0.00022777165692684478
12,0.03,101,0.026660519006856197,0.000264920967953468,0.000264920967953468,0.00023243821059059895
12,0.03,102,0.026724235556637947,0.0002453435853218398,0.0002453435853218398,0.0002325743277638299
12,0.03,103,0.026916845632609168,0.00024708793225011977,0.00024708793225011977,0.00022613354138336189
12,0.03,104,0.027032232551720645,0.0002955774268546216,0.0002955774268546216,0.0002250548481911278
12,0.03,105,0.02688799949844863,0.00025959265714515595,0.00025959265714515595,0.00022338581212956696
12,0.03,106,0.02669149249228236,0.00028150233361548977,0.0002815023336154897,0.00023275953470175932
12,0.03,107,0.026724617234108673,0.0003024899283632896,0.0003024899283632896,0.00023137886282124825
12,0.03,108,0.02670543970687524,0.00030502349678966835,0.00030502349678966835,0.00023061177439465358
12,0.03,109,0.026696798479218842,0.0002761184020339834,0.0002761184020339834,0.00023081415809283722
12,0.03,110,0.026828975570373646,0.00022452367662550112,0.00021449645161684508,0.00022452367662550112
12,0.03,111,0.02699534236939202,0.00023468283340655815,0.00023468283340655815,0.00022818849828978852
12,0.03,112,0.026793851123735703,0.00022977851624862098,0.00021643177297713033,0.00022977851624862098
12,0.03,113,0.02684131905965038,0.0002650871024126666,0.0002650871024126666,0.00022870850069360506
12,0.03,114,0.026952037363143708,0.0002520725246092478,0.0002520725246092478,0.00023296811400444942
12,0.03,115,0.02670793665077152,0.000308210577141002,0.000308210577141002,0.000233514413008216
12,0.03,116,0.026720065380414208,0.00026265238459632505,0.00026265238459632505,0.00023097771624686978
12,0.03,117,0.02669040128742844,0.0002802263687505013,0.0002802263687505013,0.00023190938826058772
12,0.03,118,0.02688641173457233,0.00027688843487660357,0.00027688843487660357,0.00023616564859327483
12,0.03,119,0.02708278158234045,0.00028863752747126356,0.00028863752747126356,0.00024064851563412567
12,0.03,120,0.027370028965214475,0.00027839053181232177,0.00027839053181232177,0.0002505284725041799
12,0.03,121,0.027232321159382435,0.00026001031174888053,0.00026001031174888053,0.00025251221180316646
12,0.03,122,0.027244285032996782,0.0002564523022644346,0.00024366017208530546,0.0002564523022644346
12,0.03,123,0.027375956650016613,0.00026095964907788774,0.00026095964907788774,0.00024896310353234724
12,0.03,124,0.027304709926417273,0.00027679121307712,0.00027679121307712005,0.0002474720382001762
12,0.03,125,0.02732868592822762,0.0002949055553917174,0.0002949055553917174,0.00024452725816756304
12,0.03,126,0.027350381634202718,0.00027449117845744015,0.0002744911784574401,0.00024769047491049744
12,0.03,127,0.027445807446244926,0.0002707887743222282,0.0002707887743222282,0.00024823314694554286
12,0.03,128,0.027220517841944306,0.0002934742828877915,0.0002934742828877915,0.0002488304931873627
12,0.03,129,0.027009981569583685,0.0003010750833548133,0.0003010750833548133,0.00024698160814477045
12,0.03,130,0.02728686103105858,0.00032414327355536634,0.00032414327355536634,0.0002528746194983527
12,0.03,131,0.027287556149675988,0.0003196237215855558,0.0003196237215855558,0.00024481844467658874
12,0.03,132,0.027155593024186932,0.0002773664981403822,0.0002773664981403822,0.0002472923621116243
12,0.03,133,0.027083837378600185,0.00027743220160515204,0.00027743220160515204,0.0002482413616511316
12,0.03,134,0.027126942020289806,0.0002782861649567152,0.0002782861649567152,0.000248374161349562
12,0.03,135,0.02717910586323515,0.00025678728234841897,0.00025678728234841897,0.00024600004495966584
12,0.03,136,0.027089212759454827,0.0002831850803341462,0.0002831850803341462,0.00024740339210768973
12,0.03,137,0.026999676240168413,0.00030513857990683587,0.00030513857990683587,0.00024565220178512313
12,0.03,138,0.026934168538199625,0.0002753778074325133,0.0002753778074325133,0.0002496125890350213
12,0.03,139,0.026751182652371943,0.00026688376580592224,0.00026688376580592224,0.00024931207518467626
12,0.03,140,0.026573565039240778,0.0002953022144180503,0.0002953022144180503,0.00024917045887763733
12,0.03,141,0.026503621776941343,0.000284185930108028,0.000284185930108028,0.000244661290106873
12,0.03,142,0.026568138318665193,0.00026919271935745785,0.0002691927193574578,0.00023563665858970133
12,0.03,143,0.026492179172985682,0.00028136538504854497,0.00028136538504854497,0.00023756407691036564
12,0.03,144,0.026761989146914373,0.000276245575993649,0.000276245575993649,0.00023838584271342094
12,0.03,145,0.026729492172927184,0.0002814144378372399,0.0002814144378372399,0.00024203168898970717
12,0.03,146,0.02692199594463645,0.00029973340322720895,0.0002997334032272089,0.00024350312618455846
12,0.03,147,0.0270342320033799,0.00029176569157079296,0.00029176569157079296,0.00023984446667960204
12,0.03,148,0.026943712484995472,0.0002839900034233827,0.0002839900034233827,0.00023930016000566198
12,0.03,149,0.02688067372734955,0.00027702717089486917,0.00027702717089486917,0.00023718130351287194
12,0.03,150,0.02681235343176367,0.0002597501068533415,0.0002597501068533415,0.00023602266637385343
12,0.03,151,0.026921756824782615,0.00028538860016300455,0.00028538860016300455,0.00024206342081362696
12,0.03,152,0.02692880971535243,0.0002505881184729966,0.00023474372596439216,0.0002505881184729966
12,0.03,153,0.02698657685680611,0.0002563695112537969,0.00025326208771034287,0.0002563695112537969
12,0.03,154,0.02695467849206197,0.0002586705884188848,0.0002586705884188848,0.00024138541595842354
12,0.03,155,0.027022450999247515,0.00027307442284424133,0.00027307442284424133,0.0002447119377100882
12,0.03,156,0.027042501360366344,0.0003090511826029563,0.00030905118260295627,0.0002516285667532
12,0.03,157,0.027038152879656597,0.00032250026645438436,0.00032250026645438436,0.00024070229172498504
12,0.03,158,0.027120844961677628,0.00028721148267859913,0.00028721148267859913,0.0002392929719963215
12,0.03,159,0.02715740449928414,0.0003033002428535198,0.0003033002428535198,0.0002484315891550107
12,0.03,160,0.027269983722228424,0.00032764375145312755,0.00032764375145312755,0.000244917374321984
12,0.03,161,0.027269035716425076,0.00029604464904168094,0.0002960446490416809,0.0002461154091001457
12,0.03,162,0.02750472881466327,0.0003083236736442918,0.0003083236736442918,0.0002560002536413942
12,0.03,163,0.02734742708076289,0.0003305552665398577,0.0003305552665398577,0.00025926845924053785
12,0.03,164,0.027387091627331987,0.0003393807857068112,0.0003393807857068112,0.0002504887436863504
12,0.03,165,0.027468716944531835,0.00036763616944876976,0.00036763616944876976,0.00025991837437866483
12,0.03,166,0.027329451277146272,0.000363087405049931,0.000363087405049931,0.00025151083965706115
12,0.03,167,0.027384238291969096,0.0003530991907145086,0.0003530991907145086,0.00025217990133132
12,0.03,168,0.027239607573243084,0.0003413749308657019,0.0003413749308657019,0.00025844083441011904
12,0.03,169,0.02710975783447004,0.0003316082836945372,0.0003316082836945372,0.00026151101729078954
12,0.03,170,0.026973413853537465,0.00031893732795564136,0.00031893732795564136,0.0002507692636885442
12,0.03,171,0.027037354029266273,0.00036810705253758534,0.00036810705253758534,0.00025171983512023573
12,0.03,172,0.02707734668355875,0.000326491463676898,0.000326491463676898,0.00025688937091722077
12,0.03,173,0.027051256080040862,0.0003192733400293552,0.0003192733400293552,0.00025087977428466635
12,0.03,174,0.027085156739683768,0.00032002825042667645,0.0003200282504266764,0.0002500413928658258
12,0.03,175,0.02708643819596397,0.00030220732385714203,0.000302207323857142,0.000249398762603262
12,0.03,176,0.027215717641613364,0.00031223469283466897,0.000312234692834669,0.0002485300750846835
12,0.03,177,0.027512396764802993,0.00031353345541188264,0.00031353345541188264,0.0002539175569082667
12,0.03,178,0.027505901537671056,0.0003109303945281772,0.0003109303945281772,0.0002610911412105013
12,0.03,179,0.027186284356972314,0.00034129680668687186,0.00034129680668687186,0.00026942720260329366
12,0.03,180,0.027314376706223616,0.00035209533747763153,0.00035209533747763153,0.00025937955741582033
12,0.03,181,0.027266664588208322,0.00034903734399249824,0.00034903734399249824,0.0002547940566473333
12,0.03,182,0.027408860041820717,0.00037280033913288113,0.00037280033913288113,0.00025807115362320266
12,0.03,183,0.027365062573700496,0.0003696984607753403,0.00036969846077534036,0.00026036705142785336
12,0.03,184,0.027382786867469817,0.0003637856924852533,0.0003637856924852533,0.00025083647214517717
12,0.03,185,0.027193017655944323,0.0003720026101521413,0.00037200261015214123,0.00025080483102155613
12,0.03,186,0.02717629617817409,0.00037926266649817436,0.0003792626664981743,0.00024514532515097667
12,0.03,187,0.027187903120135377,0.00038460461528049613,0.00038460461528049613,0.0002467932444200877
12,0.03,188,0.027339853430732166,0.0003750074546954907,0.00037500745469549074,0.00025291482923841467
12,0.03,189,0.027402004515117928,0.0003527325405200984,0.0003527325405200984,0.00025438647379944564
12,0.03,190,0.027347136950693872,0.00037071832723366353,0.0003707183272336635,0.0002495050204251247
12,0.03,191,0.02719590235902969,0.00036513204682658926,0.0003651320468265892,0.00024439156406700046
12,0.03,192,0.02736247188989108,0.00034612882035284665,0.00034612882035284665,0.0002537653983562527
12,0.03,193,0.02746383522962408,0.0003609944403949768,0.00036099444039497684,0.000256509808315763
12,0.03,194,0.027771845185529373,0.00035105837428921156,0.00035105837428921156,0.00026230005596568383
12,0.03,195,0.027530091087195965,0.00031987308669061034,0.00031987308669061034,0.0002622434879151867
12,0.03,196,0.0276457347782643,0.00032367612955032154,0.00032367612955032154,0.00025622543536103423
12,0.03,197,0.02737263920579955,0.0002937411147067255,0.0002937411147067255,0.00025894946919516765
12,0.03,198,0.027240313011500338,0.00027477534086154884,0.0002747753408615488,0.000259577085745774
12,0.03,199,0.027179020738511868,0.00029512549964511855,0.00029512549964511855,0.000254443257894551
12,0.03,200,0.027242880895870254,0.00031933457131418964,0.00031933457131418964,0.00024902955217616683
12,0.03,201,0.02708902751638762,0.0002889968812171443,0.0002889968812171443,0.00024281288350275755
12,0.03,202,0.02713968787699704,0.0002966691538969883,0.0002966691538969883,0.0002391004815325113
12,0.03,203,0.026942670454680708,0.00031478000868613495,0.00031478000868613495,0.0002393131587237909
12,0.03,204,0.026705861041797993,0.0003033477283942548,0.0003033477283942548,0.00023043760289555255
12,0.03,205,0.027011425175269145,0.00031359324991135575,0.00031359324991135575,0.00023039092109696505
12,0.03,206,0.026957034511375835,0.00026983893239419733,0.0002698389323941973,0.00022146562939774365
12,0.03,207,0.026857872822631575,0.0002571922684001525,0.0002571922684001526,0.00022760702448868886
12,0.03,208,0.02684497355352733,0.00027967592582870565,0.00027967592582870565,0.00022667746128761458
12,0.03,209,0.026678796397436904,0.00028292106627094375,0.00028292106627094375,0.000222947674412845
12,0.03,210,0.026840670590102665,0.0002558125084440164,0.0002558125084440164,0.00022598500859805217
12,0.03,211,0.026773412637621972,0.00028429010526488695,0.00028429010526488695,0.00022724530254231945
12,0.03,212,0.02679004653218642,0.00024519957050983987,0.00024519957050983987,0.00022005317515338903
12,0.03,213,0.02678530478960882,0.00024499074718897123,0.0002449907471889713,0.0002217758411026025
12,0.03,214,0.02672993341228083,0.00024197093129974423,0.00024197093129974423,0.00022031450391587595
12,0.03,215,0.02684636182706949,0.0002543318986133892,0.0002543318986133892,0.00022003081568887058
12,0.03,216,0.026814465460273038,0.0002518689349785727,0.0002518689349785727,0.0002273273209485742
12,0.03,217,0.02687078039835378,0.0002487134598790852,0.0002487134598790852,0.00023167079284702134
12,0.03,218,0.02676393477895552,0.0002342177167474133,0.0002342177167474133,0.00023093948177577733
12,0.03,219,0.026669888806469515,0.0002291273987438788,0.00021767250185584966,0.0002291273987438788
12,0.03,220,0.026651222277732714,0.0002466817091728131,0.0002466817091728131,0.00022919024162967958
12,0.03,221,0.026685528467631326,0.0002713467776175916,0.0002713467776175916,0.00023573156221808468
12,0.03,222,0.02670269084178021,0.00023669095662384623,0.00023669095662384626,0.00023516880661400772
12,0.03,223,0.026626987981670302,0.0002625472650267384,0.0002625472650267384,0.00023680666937896477
12,0.03,224,0.026713877955929503,0.0002678246251373742,0.0002678246251373742,0.00023221047511359755
12,0.03,225,0.026698616812069358,0.00029036927781311974,0.00029036927781311974,0.00023431654196827867
12,0.03,226,0.026871709006142473,0.00030165512617995495,0.0003016551261799549,0.00023768487095852817
12,0.03,227,0.02677422012674378,0.0002852596322351045,0.0002852596322351045,0.00023748243770604043
12,0.03,228,0.026999942328227243,0.00030158173962966723,0.00030158173962966723,0.00023377834735893748
12,0.03,229,0.027084042709628078,0.00029660778215267867,0.00029660778215267867,0.00023937376577387741
12,0.03,230,0.02725280039424387,0.00028079158198634715,0.00028079158198634715,0.00024713187312014334
12,0.03,231,0.02708712187267933,0.00025831169906905574,0.00025831169906905574,0.0002429791318289997
12,0.03,232,0.027107502813197418,0.0002558364442758103,0.0002558364442758103,0.00024335530544591092
12,0.03,233,0.027149617464287235,0.0002618961173846104,0.00026189611738461035,0.0002488889214470684
12,0.03,234,0.027259296418696535,0.0002688817289674428,0.0002688817289674428,0.00024004443485730646
12,0.03,235,0.02724105932699887,0.0002893326317241933,0.0002893326317241933,0.00023971048254844784
12,0.03,236,0.027099699750813062,0.0002976651621410394,0.0002976651621410394,0.00023731078627232496
12,0.03,237,0.02712965643730155,0.00030474935389912316,0.0003047493538991232,0.00024689944318110506
12,0.03,238,0.027230071747308533,0.0003151867048883776,0.0003151867048883776,0.0002451675846310437
12,0.03,239,0.027058097489009173,0.0002724962382764172,0.0002724962382764172,0.00024448717310947304
12,0.03,240,0.027002044552896124,0.0002872928961372886,0.0002872928961372886,0.0002443848376590981
12,0.03,241,0.02735537215430939,0.0002718248776749986,0.0002718248776749986,0.0002457184993514594
12,0.03,242,0.027210584548150684,0.0002973781777565107,0.0002973781777565107,0.00023338385805670052
12,0.03,243,0.027068495161148395,0.0003063947935194901,0.0003063947935194901,0.000233715016118225
12,0.03,244,0.027274834317483444,0.00029255666310106453,0.00029255666310106453,0.00022896971304560394
12,0.03,245,0.027370178491723532,0.0002672741349750946,0.0002672741349750946,0.00023741977554157332
12,0.03,246,0.027227717111095378,0.0002695901842786686,0.0002695901842786686,0.0002428053444139163
12,0.03,247,0.027402769454710135,0.00028591627698776903,0.00028591627698776903,0.00024028873888110082
12,0.03,248,0.0271163068992479,0.0002969341672954778,0.0002969341672954778,0.00023414136633155186
12,0.03,249,0.027000923784147847,0.0003263280866509992,0.0003263280866509992,0.00023140934656627854
12,0.03,250,0.02700624657842716,0.0003056941214497267,0.0003056941214497267,0.0002326297711248674
12,0.03,251,0.02691688032728255,0.0002813125106732874,0.0002813125106732874,0.00023253807255293484
12,0.03,252,0.027096627108894437,0.0002667998986339624,0.0002667998986339624,0.00023509927664676868
12,0.03,253,0.027040460658557433,0.00024721583530461753,0.00024721583530461753,0.00023602677156287362
12,0.03,254,0.026999270851939663,0.000276574375152089,0.000276574375152089,0.00023426087927276552
12,0.03,255,0.026999307334398998,0.00024783663997714477,0.0002478366399771448,0.00023082518259236336
12,0.03,256,0.027128963365088223,0.0003062762441254773,0.0003062762441254773,0.00023846730022418069
12,0.03,257,0.026948572461350837,0.00027743742318705534,0.00027743742318705534,0.00023651399129223985
12,0.03,258,0.026648737328750956,0.0002624718457528508,0.0002624718457528508,0.0002346806539476927
12,0.03,259,0.02690017184465653,0.0002986065049352327,0.0002986065049352327,0.00024087869934694828
12,0.03,260,0.026845232687448376,0.00029717274411355957,0.00029717274411355957,0.00023771703348089454
12,0.03,261,0.026793503383544897,0.00028371878767559654,0.00028371878767559654,0.00023122348582680673
12,0.03,262,0.0269036424032302,0.00032923537603072174,0.00032923537603072174,0.00023379123752080433
12,0.03,263,0.027023382656424566,0.00034053639234550245,0.00034053639234550245,0.000237597114768746
12,0.03,264,0.026929725921887023,0.00034680351905875943,0.0003468035190587594,0.0002440895107516985
12,0.03,265,0.02688085945647987,0.0003151720499182798,0.0003151720499182798,0.00023529184662441572
12,0.03,266,0.026756446523116827,0.000308257150207481,0.000308257150207481,0.00023700414582236828
12,0.03,267,0.026672252731138258,0.00025224214803152244,0.00025224214803152244,0.0002342129978464161
12,0.03,268,0.027013402187272495,0.0002909112485633994,0.0002909112485633994,0.0002493515362154555
12,0.03,269,0.02693204887243006,0.00028082283305260066,0.00028082283305260066,0.00024622276709651753
12,0.03,270,0.02700958233640464,0.00029886131463725536,0.00029886131463725536,0.0002471717379115723
12,0.03,271,0.026853250707462084,0.00029122131945019116,0.0002912213194501911,0.0002372506391741464
12,0.03,272,0.026887955643204144,0.00029757511865715047,0.00029757511865715047,0.0002441147450311691
12,0.03,273,0.026845021316688037,0.0003014791469895199,0.0003014791469895199,0.00024719252656235603
12,0.03,274,0.026827531981754235,0.0002919661895519975,0.0002919661895519974,0.0002481031399945771
12,0.03,275,0.026958718527116583,0.00030816648577184757,0.00030816648577184757,0.0002533885407952578
12,0.03,276,0.026851492844584213,0.00029497160297891267,0.0002949716029789126,0.00025543212085867115
12,0.03,277,0.026951012037613915,0.00031395232912644766,0.00031395232912644766,0.00025096974170266443
12,0.03,278,0.026894211542267656,0.0003345608158543313,0.00033456081585433127,0.0002454080162488033
12,0.03,279,0.026725676171804803,0.00033087930584518437,0.00033087930584518437,0.00024991148033677476
12,0.03,280,0.02689086795970448,0.00033393872301897595,0.0003339387230189759,0.0002524799101504
12,0.03,281,0.026649205977806727,0.0003130210507963935,0.0003130210507963935,0.00024825287956926006
12,0.03,282,0.02686644336100875,0.000299656059453759,0.00029965605945375906,0.0002537154034638329
12,0.03,283,0.02708106939455122,0.0002739480907565922,0.0002739480907565922,0.00024690736336339405
12,0.03,284,0.027166719933346278,0.00028518732485283724,0.00028518732485283724,0.00024087956186179794
12,0.03,285,0.027184204945323278,0.0002818370616901405,0.0002818370616901406,0.0002388570485323542
12,0.03,286,0.026805747682751034,0.00029552475412080695,0.00029552475412080695,0.0002367753658738829
12,0.03,287,0.026976516411493325,0.00028888968280863723,0.00028888968280863723,0.00023734814476692194
12,0.03,288,0.02719387541704995,0.0002526801940755733,0.0002526801940755733,0.00023816225331567417
12,0.03,289,0.02714253682292161,0.00029144098254354665,0.00029144098254354665,0.00024236486209548453
12,0.03,290,0.026803446006174226,0.0002933376637396273,0.00029333766373962724,0.00023428376497471883
12,0.03,291,0.02700683144441116,0.00026021974884309665,0.00026021974884309665,0.0002383238248145821
12,0.03,292,0.02721082946134519,0.0002761512023178509,0.0002761512023178509,0.000239402180907092
12,0.03,293,0.027067237205605013,0.0003137501015430033,0.0003137501015430033,0.00023992277612468248
12,0.03,294,0.027055321842214826,0.00033235844078502273,0.0003323584407850228,0.00023508204273615154
12,0.03,295,0.026969700639935708,0.0003272524356665794,0.0003272524356665794,0.00023026783376955715
12,0.03,296,0.027037993270992926,0.000298552570967669,0.0002985525709676689,0.00023797544284140552
12,0.03,297,0.026812266736734598,0.00026253328415668073,0.00026253328415668073,0.00023519225780621706
12,0.03,298,0.026707709706953117,0.0002402305486793762,0.0002402305486793762,0.0002353619615149651
12,0.03,299,0.026759649241465722,0.00027429618475422,0.00027429618475421994,0.00023297545103909294
12,0.03,300,0.02687878170040784,0.00024807070785988483,0.0002480707078598849,0.0002257326447602159
12,0.03,301,0.026738754831098076,0.0002991775975567431,0.0002991775975567431,0.00023527200087635738
12,0.03,302,0.02671042384958516,0.0002751540602513966,0.00027515406025139665,0.00023935447634451169
12,0.03,303,0.026748999847657776,0.00024264371183777475,0.00024264371183777475,0.0002342598062913774
12,0.03,304,0.026833518448869765,0.00026597492347809346,0.00026597492347809346,0.00023386505432485149
12,0.03,305,0.026807325813394782,0.0002630942534828599,0.0002630942534828599,0.0002357072123776013
12,0.03,306,0.026760568733254584,0.0002460486713280867,0.0002460486713280867,0.00022894643841772552
12,0.03,307,0.026743794188556744,0.0002486022707783315,0.0002486022707783315,0.00023440027983965392
12,0.03,308,0.026902303993156445,0.0002896761769038036,0.0002896761769038036,0.00024145304290291224
12,0.03,309,0.027034965480846065,0.0002676015545005455,0.0002676015545005455,0.0002466078799350583
12,0.03,310,0.026843675680289326,0.00025955081690932593,0.00025955081690932593,0.00023868125424640813
12,0.03,311,0.026962574261179154,0.00027461924573796045,0.00027461924573796045,0.00023684227343098905
12,0.03,312,0.026977809423763172,0.0002379217005810281,0.00023718279517260843,0.0002379217005810281
12,0.03,313,0.02704219447917473,0.00025460035405352376,0.00025460035405352376,0.00023586960301373802
12,0.03,314,0.0270015503769286,0.00026275150386033733,0.00026275150386033733,0.00023788340557173493
12,0.03,315,0.0269902213465146,0.00025852668369552416,0.00025852668369552416,0.0002508915313698298
12,0.03,316,0.026904921523005984,0.00026177838597311816,0.00026177838597311816,0.000248204276254132
12,0.03,317,0.026728191398618,0.00027041503681903077,0.00027041503681903077,0.00023799663208259078
12,0.03,318,0.026873007185826633,0.00027951877346293376,0.00027951877346293376,0.00024093901157522845
12,0.03,319,0.027107731225600902,0.00029303587342409686,0.0002930358734240968,0.00024260089402613268
12,0.03,320,0.027007494108948926,0.0002883359981676672,0.0002883359981676672,0.00024008395257315188
12,0.03,321,0.027004707490665372,0.00029846760729916686,0.00029846760729916686,0.00024246867933521538
12,0.03,322,0.027050613160753734,0.0002815859601365117,0.0002815859601365117,0.00024880693940152376
12,0.03,323,0.026928397688045117,0.0003050466341155753,0.0003050466341155753,0.0002497606595744113
12,0.03,324,0.026833989439433083,0.0002987112790745748,0.00029871127907457476,0.0002541320955419823
12,0.03,325,0.0271167398954457,0.00028132944003894444,0.00028132944003894444,0.0002568601248590833
12,0.03,326,0.027129392123622493,0.00031074575295508535,0.00031074575295508535,0.0002517756878543418
12,0.03,327,0.027331691936432263,0.0003121477102696961,0.00031214771026969606,0.0002616681829077482
12,0.03,328,0.02712093728839119,0.000304233746139592,0.000304233746139592,0.0002553581094649626
12,0.03,329,0.02717827268392657,0.0003070331433805284,0.0003070331433805284,0.0002528695896973254
12,0.03,330,0.026989873136140884,0.0003077234227546149,0.0003077234227546149,0.0002569758647830716
12,0.03,331,0.027015184151616394,0.00031337124094408554,0.00031337124094408554,0.0002545949701648656
12,0.03,332,0.026868643933940013,0.0002897164271995582,0.0002897164271995582,0.00025623609343302994
12,0.03,333,0.026734842088437825,0.00028051077173704865,0.0002805107717370487,0.00025189262681244915
12,0.03,334,0.026696260084895018,0.00027916285414022936,0.00027916285414022936,0.00024931835157822015
12,0.03,335,0.026847685549229002,0.0002520477635400081,0.00025146592610618483,0.0002520477635400081
12,0.03,336,0.027005707346095302,0.00025543209917964105,0.00025543209917964105,0.00024520465508404745
12,0.03,337,0.026979300654106492,0.0002770369404658592,0.0002770369404658592,0.00025225726081468314
12,0.03,338,0.02674860289460195,0.0002797576210368425,0.0002797576210368425,0.00025002410016274334
12,0.03,339,0.02690911356446698,0.0002527505353296867,0.00025275053532968666,0.00024946283822390456
12,0.03,340,0.027034380071901856,0.00028168956090238303,0.000281689560902383,0.0002481529582626698
12,0.03,341,0.026974056198739382,0.00029329471068167246,0.00029329471068167246,0.0002513756644278953
12,0.03,342,0.026987701269899415,0.00026634208726268046,0.00026634208726268046,0.000247201402272283
12,0.03,343,0.027071886518930048,0.00025648164604133374,0.0002564816460413337,0.0002526363924163622
12,0.03,344,0.026992216947084098,0.00029438131190854226,0.0002943813119085422,0.0002500764290778164
12,0.03,345,0.02693857854269755,0.0002567394739445759,0.0002567394739445759,0.00023820651515319642
12,0.03,346,0.02675930552530737,0.00025340615135741414,0.00025340615135741414,0.00023543817864970398
12,0.03,347,0.026682714129989002,0.00023684318554126847,0.00022838923196173163,0.00023684318554126847
12,0.03,348,0.02670622363335159,0.0002465210898004952,0.0002465210898004952,0.00024000462905588726
12,0.03,349,0.026669635413757897,0.0002540761951789174,0.0002540761951789174,0.0002450455092777457
12,0.03,350,0.026811640675712126,0.0002703094139218899,0.00027030941392188997,0.0002421591316168954
12,0.03,351,0.02695013583133227,0.000269889188992678,0.000269889188992678,0.00023944217384475275
12,0.03,352,0.026940640830550016,0.00023992483380596717,0.00023992483380596714,0.00023877480213482108
12,0.03,353,0.026977222998969017,0.0002673723313269097,0.0002673723313269097,0.00022804406760273992
12,0.03,354,0.027055273252771805,0.00023461432938553609,0.00023461432938553609,0.00023237402813416322
12,0.03,355,0.02693277354378742,0.00023344846003608646,0.00020739452651365983,0.00023344846003608646
12,0.03,356,0.026934250378037126,0.0002340401653883264,0.00023360512462245768,0.0002340401653883264
12,0.03,357,0.026692954547519642,0.00024502217149737827,0.00024502217149737827,0.00023682516503392432
12,0.03,358,0.026758450785215493,0.0002585147002249507,0.0002585147002249507,0.00023599715258347412
12,0.03,359,0.02682347147891218,0.00027693583823039895,0.000276935838230399,0.0002304262759916174
12,0.03,360,0.026904802788437283,0.0002823306984237157,0.0002823306984237157,0.00022845683832231267
12,0.03,361,0.026710283352583908,0.0002642699268896762,0.0002642699268896762,0.0002261344870907371
12,0.03,362,0.02678568232771294,0.00023093442784855218,0.00023093442784855215,0.00022489082272663275
12,0.03,363,0.026761733640607212,0.00022664013504653343,0.00022381744743518053,0.00022664013504653343
12,0.03,364,0.026768080345045506,0.00022384067434309593,0.00021246954811166997,0.00022384067434309593
12,0.03,365,0.026816079495719576,0.00022658210392327696,0.00022016387392530116,0.00022658210392327696
12,0.03,366,0.026862422164816976,0.00027094389145609037,0.00027094389145609037,0.0002303485744455866
12,0.03,367,0.026772233699746233,0.0002901737342829321,0.0002901737342829321,0.0002307309899184844
12,0.03,368,0.026730780882623973,0.00025214645037469584,0.0002521464503746958,0.00022966714096011792
12,0.03,369,0.026593125044234698,0.00025994606557860775,0.00025994606557860775,0.0002300967474199256
12,0.03,370,0.02677649649702258,0.00025675501235938235,0.00025675501235938235,0.00023096102126884976
12,0.03,371,0.026692777768016165,0.00027458594367594174,0.00027458594367594174,0.00023726699580803973
12,0.03,372,0.026639338089531565,0.00027659786534905994,0.00027659786534905994,0.0002304598715295959
12,0.03,373,0.02663029758072016,0.0002886460675527059,0.0002886460675527059,0.0002284377678006024
12,0.03,374,0.02662485490387286,0.0003009571025096647,0.0003009571025096647,0.00023499313838654551
12,0.03,375,0.026617848936661814,0.00025132752409807616,0.00025132752409807616,0.00023014235287873935
12,0.03,376,0.026602994195237924,0.00028166753275438795,0.00028166753275438795,0.00023628287920227786
12,0.03,377,0.026438543357617073,0.00028012398479667234,0.00028012398479667234,0.00023154380049360265
12,0.03,378,0.02662290022958551,0.0002632183855351229,0.0002632183855351229,0.000231707724026168
12,0.03,379,0.026585864131233417,0.00025027547608693756,0.00025027547608693756,0.0002342024546359436
12,0.03,380,0.026717076056235318,0.00027237009863379554,0.00027237009863379554,0.0002362910546097473
12,0.03,381,0.026705116821493156,0.0002970363689863065,0.0002970363689863065,0.0002363830979127288
12,0.03,382,0.026836568845209834,0.0002584283038274179,0.0002584283038274179,0.0002421906001915427
12,0.03,383,0.026789881698074593,0.00029403256398860035,0.00029403256398860035,0.00024637630713535797
12,0.03,384,0.02681847642420704,0.0002817090480379215,0.0002817090480379215,0.0002530471751036913
12,0.03,385,0.02683365127157326,0.00031015540180436176,0.00031015540180436176,0.0002519758446170932
12,0.03,386,0.02672438359855261,0.0002502000496088999,0.0002502000496088999,0.0002491277309291011
12,0.03,387,0.02676238889301606,0.0002447405169365098,0.00023495725940495695,0.0002447405169365098
12,0.03,388,0.026838295030572102,0.00025384142322059435,0.0002538414232205943,0.00023491489568212173
12,0.03,389,0.0268784514262652,0.00028847153319917036,0.00028847153319917036,0.00023931378980634433
12,0.03,390,0.026768652570763527,0.0002517227451029695,0.0002517227451029695,0.0002449912714118513
12,0.03,391,0.02686005845505527,0.0002676547269906775,0.00026765472699067744,0.0002450500437835726
12,0.03,392,0.02663637811026026,0.00024339474855552117,0.00023805893374569028,0.00024339474855552117
12,0.03,393,0.02642626239065207,0.0002446975952104281,0.0002446975952104281,0.00023161089146713998
12,0.03,394,0.02662261683988394,0.00024050559142802926,0.00024050559142802926,0.00023807581444824466
12,0.03,395,0.026623927653494858,0.00025527481738117923,0.00025527481738117923,0.0002401924037625948
12,0.03,396,0.02683519391802841,0.00027345833127902377,0.00027345833127902377,0.00024119758082522604
12,0.03,397,0.026846302112467815,0.00025644860419235267,0.0002564486041923526,0.00023793211341613542
12,0.03,398,0.026958903157993194,0.00026349948427493953,0.0002634994842749395,0.0002431978742872196
12,0.03,399,0.026933915588552,0.00024115397996856636,0.00024115397996856636,0.00023686184974837515
12,0.03,400,0.026824328175405435,0.0002775375797391032,0.00027753757973910325,0.00023480443380171406
12,0.03,401,0.026800529682041233,0.00029227070476402466,0.00029227070476402466,0.00023275401609451578
12,0.03,402,0.02667352804070454,0.00028252132055595476,0.00028252132055595476,0.00023727673410849084
12,0.03,403,0.026709432884785004,0.0002686583855624769,0.0002686583855624769,0.00023500132934884744
12,0.03,404,0.026712009440217684,0.00024233747629727432,0.0002423374762972743,0.00023098366324482195
12,0.03,405,0.026610029314170495,0.00027234574151574915,0.0002723457415157491,0.00023436240110430914
12,0.03,406,0.02668806775225606,0.00025958591972909914,0.00025958591972909914,0.00023059497494551024
12,0.03,407,0.02660278903645735,0.00028766437818886757,0.0002876643781888676,0.0002245717570078925
12,0.03,408,0.026501134062308036,0.00028320193986586684,0.00028320193986586684,0.00023251251942156057
12,0.03,409,0.026704889803620534,0.0002632788626187873,0.0002632788626187873,0.00023972900703779314
12,0.03,410,0.026716478045525228,0.00025351653824304303,0.00025351653824304303,0.00023372027119971197
12,0.03,411,0.026760320754961025,0.00025801649424667935,0.00025801649424667935,0.00023013034104801987
12,0.03,412,0.02663147628447232,0.0002477735683033936,0.0002477735683033936,0.00022162122690584182
12,0.03,413,0.026664721876082945,0.0002425867087927751,0.00024258670879277508,0.00022589138792598716
12,0.03,414,0.026669814850651084,0.00025674054243779063,0.00025674054243779063,0.00023097812418619552
12,0.03,415,0.026824668823463918,0.00026086208475090784,0.00026086208475090784,0.00023642864936530546
12,0.03,416,0.027162662231357153,0.0002543950338761969,0.0002543950338761969,0.0002363676788002344
12,0.03,417,0.026936874783612338,0.0002738400425717896,0.0002738400425717896,0.0002383554248635739
12,0.03,418,0.02679752182948978,0.00026799440987488666,0.00026799440987488666,0.00023518622845758984
12,0.03,419,0.026653977313572646,0.000277452087597653,0.000277452087597653,0.0002293834315274047
12,0.03,420,0.02665481084597908,0.00025529927980523157,0.00025529927980523157,0.00022652436557869275
12,0.03,421,0.026548951072737966,0.00028214402614969576,0.0002821440261496957,0.0002304463658995245
12,0.03,422,0.026529894895384043,0.0003119406519556206,0.0003119406519556206,0.00023131716045734596
12,0.03,423,0.026537264594361794,0.000276245482343591,0.000276245482343591,0.0002286904191880698
12,0.03,424,0.026415667217250624,0.0002643885968870303,0.0002643885968870303,0.00022577945320940128
12,0.03,425,0.026427038818976626,0.0002820656918361907,0.0002820656918361907,0.00022331009833468266
12,0.03,426,0.026661048558456794,0.0002937182234373101,0.0002937182234373101,0.00022545294749805276
12,0.03,427,0.02651617740967825,0.00030519840918887946,0.00030519840918887946,0.00022627095431086656
12,0.03,428,0.026542917473742423,0.0002912680971993955,0.0002912680971993955,0.00022387278740700512
12,0.03,429,0.026562008085123885,0.0002724738005644516,0.0002724738005644516,0.000226815332906457
12,0.03,430,0.02662530069086566,0.00027795287394416745,0.00027795287394416745,0.00023547841119459046
12,0.03,431,0.026387124239472218,0.00027277921700115816,0.00027277921700115816,0.0002236378968800056
12,0.03,432,0.026424483777020603,0.0002718636418525821,0.0002718636418525821,0.00022476621974478318
12,0.03,433,0.02639039984686246,0.0003019743411979578,0.0003019743411979578,0.00021523245932559935
12,0.03,434,0.026303490335058074,0.0002728013708115116,0.0002728013708115116,0.0002223251266137899
12,0.03,435,0.02645276128449374,0.00027254785932654736,0.00027254785932654736,0.00021971142931452405
12,0.03,436,0.02664344527751966,0.0003025746257420469,0.0003025746257420469,0.00022132458637851393
12,0.03,437,0.02661959322880041,0.00031963369101027764,0.00031963369101027764,0.000216529626685095
12,0.03,438,0.026709118063693846,0.0002977120836671438,0.0002977120836671438,0.00023327399409839398
12,0.03,439,0.026728692115267107,0.0002725248276746915,0.0002725248276746915,0.00023562436913646776
12,0.03,440,0.02665613030572803,0.00030958426036787327,0.00030958426036787327,0.0002323097634182734
12,0.03,441,0.02650040385037854,0.00028459019536349723,0.00028459019536349723,0.00022837914510601145
12,0.03,442,0.026447630494940113,0.00023553225447229794,0.0002355322544722979,0.00022160717841891237
12,0.03,443,0.026650083091271943,0.000265190581056005,0.000265190581056005,0.00022069528544660163
12,0.03,444,0.02657582579094721,0.0002728731586514272,0.0002728731586514272,0.00022683668578406664
12,0.03,445,0.02641198236923575,0.0002641073397161847,0.0002641073397161847,0.00023071710431799006
12,0.03,446,0.026640709167985617,0.00024896761825146516,0.0002489676182514651,0.000244479095855074
12,0.03,447,0.02677112564643887,0.00025213025293957335,0.00023011100807813296,0.00025213025293957335
12,0.03,448,0.026991093859122087,0.00025122091574887156,0.0002512209157488715,0.0002434709219353385
12,0.03,449,0.027040813004931694,0.0002521721282132931,0.00024556184165531303,0.0002521721282132931
12,0.03,450,0.027181947149580978,0.000274429325095904,0.000274429325095904,0.00024732463209471906
12,0.03,451,0.027191052766228536,0.00026609699976564734,0.00026609699976564734,0.0002480060669592259
12,0.03,452,0.027083486639368985,0.00027571474824266226,0.00027571474824266226,0.00024279313398811245
12,0.03,453,0.02702495917651058,0.0002679047994351268,0.0002679047994351268,0.0002460587786991295
12,0.03,454,0.026921237140458177,0.0002523073831537848,0.00025230738315378486,0.0002475068876873447
12,0.03,455,0.027082240691425636,0.00028654356776019666,0.00028654356776019666,0.0002354555047656673
12,0.03,456,0.027165725582503495,0.00030672056699487126,0.00030672056699487126,0.00023835894659862645
12,0.03,457,0.02703554092411554,0.00027415071581323634,0.00027415071581323634,0.00023568689986027007
12,0.03,458,0.026945346938802385,0.00030070549985826883,0.0003007054998582688,0.00023602951478619787
12,0.03,459,0.026845929365071144,0.0003057483921630069,0.0003057483921630068,0.0002304235460405182
12,0.03,460,0.027110603441885206,0.0002997377645014582,0.0002997377645014582,0.0002384873934180481
12,0.03,461,0.026961203126099717,0.0002540504934110387,0.0002540504934110387,0.00023412312874584716
12,0.03,462,0.026697868869268237,0.0002379512485077494,0.00021958494797259115,0.0002379512485077494
12,0.03,463,0.026825939448674323,0.0002587198738340421,0.0002587198738340421,0.00023668667139335276
12,0.03,464,0.026807036151206273,0.00023379535565125616,0.00021411656489106677,0.00023379535565125616
12,0.03,465,0.026806446434315612,0.00027374217886318777,0.00027374217886318777,0.00022855663384621416
12,0.03,466,0.02678782035510485,0.00026695695294686107,0.0002669569529468611,0.0002206223547376586
12,0.03,467,0.0269546728610126,0.0002568610813199679,0.0002568610813199679,0.0002262784853892662
12,0.03,468,0.026951165739975004,0.00026384600364917627,0.00026384600364917627,0.00022190822997119407
12,0.03,469,0.026925941735412885,0.00026748378978023595,0.0002674837897802359,0.00022818800704390828
12,0.03,470,0.027008386881235392,0.00029085756766038733,0.00029085756766038733,0.00023594757777876973
12,0.03,471,0.02688323884265638,0.00032319243012988216,0.00032319243012988216,0.0002348211604777653
12,0.03,472,0.02680766179595068,0.0003197017703174319,0.0003197017703174319,0.0002314377157718842
12,0.03,473,0.02686297142715909,0.0002552621912129193,0.0002552621912129193,0.00023180302935568953
12,0.03,474,0.026840781777713686,0.0002841454913471884,0.0002841454913471884,0.0002321267243727649
12,0.03,475,0.026687465811919116,0.0003073261511169201,0.0003073261511169201,0.0002333714157278318
12,0.03,476,0.02668819579559288,0.00028377018034530187,0.00028377018034530187,0.00023453163142719943
12,0.03,477,0.02661164941218066,0.0002894646991677596,0.0002894646991677596,0.00022628383698108787
12,0.03,478,0.026710417088646302,0.0002490532878499978,0.0002490532878499978,0.00022787909478106823
12,0.03,479,0.02679260800825874,0.00024668770459676444,0.00024668770459676444,0.00022970056183046765
12,0.03,480,0.026936595615230673,0.00024451290024738375,0.00024451290024738375,0.0002309563654047756
12,0.03,481,0.02686124881332325,0.00024167454674687536,0.00024167454674687536,0.0002254506947386059
12,0.03,482,0.02683860093434727,0.00025609388745939513,0.00025609388745939513,0.00023697196929637674
12,0.03,483,0.026879820856752844,0.00025984857991039723,0.00025984857991039723,0.0002338320889081238
12,0.03,484,0.027026857039461987,0.00029033596154683604,0.00029033596154683604,0.00024053800147639547
12,0.03,485,0.027263512623468638,0.0002740461723934039,0.0002740461723934039,0.00024256234779298968
12,0.03,486,0.027413752064288737,0.00029654173773952896,0.00029654173773952896,0.0002522963949222509
12,0.03,487,0.027135148206472656,0.0002680874052753762,0.0002680874052753762,0.0002508668198501527
12,0.03,488,0.02705499993342616,0.00026149453395054516,0.00026149453395054516,0.0002467329432244774
12,0.03,489,0.02694336069842696,0.00026075575515255056,0.0002607557551525505,0.00024709457111537846
12,0.03,490,0.026921300832896906,0.00023700781353038833,0.00022302092695825507,0.00023700781353038833
12,0.03,491,0.02696402938934846,0.000235246318926809,0.00019328793850626448,0.000235246318926809
12,0.03,492,0.02716515341100712,0.0002417173060495907,0.000214776582920498,0.0002417173060495907
12,0.03,493,0.02706254496459577,0.00023839950255300757,0.00023485441693561827,0.00023839950255300757
12,0.03,494,0.026948123353056568,0.0002325037037925059,0.00021662383845344775,0.0002325037037925059
12,0.03,495,0.027055623609190074,0.00023292904667899096,0.0001988378124471383,0.00023292904667899096
12,0.03,496,0.027096215139392366,0.000234109990873119,0.000234109990873119,0.00023106645993470053
12,0.03,497,0.026996137649267733,0.00023960181833007518,0.00023960181833007518,0.00023513938466431842
12,0.03,498,0.026841569577449476,0.000251052165769608,0.000251052165769608,0.0002276691998666548
12,0.03,499,0.02714384810129676,0.0002723090098739046,0.0002723090098739046,0.00023066797603794794
12,0.03,500,0.027214486440404993,0.00028240073385099444,0.0002824007338509944,0.00023712680054250142
12,0.05,0,0.0826365191431245,0.0002609838491435619,0.00026098384914356195,0.00025301607230227366
12,0.05,1,0.05045877431248433,0.0002468503971447872,0.00018071768364173526,0.0002468503971447872
12,0.05,2,0.036861740638179624,0.00021768214078739817,0.0002039397598803645,0.00021768214078739817
12,0.05,3,0.030391086425683875,0.00019778146998720617,0.0001908918140457087,0.00019778146998720617
12,0.05,4,0.02747988604525342,0.0001898397402660756,0.00012447851566961172,0.0001898397402660756
12,0.05,5,0.025950128946030975,0.00017808615078863398,0.00014997616514615144,0.00017808615078863398
12,0.05,6,0.025078792999197356,0.00018205836846176156,0.00014320170921821576,0.00018205836846176156
12,0.05,7,0.0247662643705567,0.00017559958505755904,0.00015536845238428468,0.00017559958505755904
12,0.05,8,0.024523856854707652,0.0001724013499418824,0.00013903025742793027,0.0001724013499418824
12,0.05,9,0.024541476354883112,0.00017725225892166886,0.00012270078062018872,0.00017725225892166886
12,0.05,10,0.02464855889425114,0.00017298341066242893,0.0001293825064475302,0.00017298341066242893
12,0.05,11,0.024397030163577603,0.00017548105938253923,0.00014608499236577145,0.00017548105938253923
12,0.05,12,0.0245416379813865,0.0001730793631507721,0.00015651552127586796,0.0001730793631507721
12,0.05,13,0.024476984762316,0.00017704004553553717,0.00014516764831371535,0.00017704004553553717
12,0.05,14,0.02461410159811437,0.00017484944757681747,0.0001547972744092821,0.00017484944757681747
12,0.05,15,0.024726986046677342,0.00018564064471383873,0.0001596007702232219,0.00018564064471383873
12,0.05,16,0.024652482063314083,0.0001845370453856103,0.00015405033843590244,0.0001845370453856103
12,0.05,17,0.024647050564624517,0.00017929745626311589,0.00015699103388645426,0.00017929745626311589
12,0.05,18,0.024762347415574277,0.00018168249100704154,0.00015712400283893693,0.00018168249100704154
12,0.05,19,0.025116319454250375,0.00019037830788966775,0.00016755067145869662,0.00019037830788966775
12,0.05,20,0.02499029992357211,0.00019020660744510455,0.00016584704193707951,0.00019020660744510455
12,0.05,21,0.0250962714902261,0.00019095668340385328,0.0001572349715547866,0.00019095668340385328
12,0.05,22,0.02504191198563772,0.00018564604426471644,0.00016099607716664547,0.00018564604426471644
12,0.05,23,0.024898051543734902,0.00018241861074312255,0.00016190068996794078,0.00018241861074312255
12,0.05,24,0.024949610863949655,0.00018016093939203978,0.0001703046550612959,0.00018016093939203978
12,0.05,25,0.02491514439921939,0.000179621797721296,0.0001692254266455209,0.000179621797721296
12,0.05,26,0.02491135890277271,0.0001833645870186323,0.00018336458701863229,0.00018052723554651845
12,0.05,27,0.02495506513582358,0.00019289120299272405,0.00019289120299272405,0.0001886781553270245
12,0.05,28,0.024735529407450572,0.00021241548498621642,0.00021241548498621642,0.00018313977242840568
12,0.05,29,0.02493937698372301,0.00020936021822897053,0.00020936021822897053,0.00018515751617655118
12,0.05,30,0.025044190130571527,0.0002592524600556739,0.00025925246005567397,0.00018348031682118338
12,0.05,31,0.02509993366101022,0.0002244768182288472,0.0002244768182288472,0.00018176291658360242
12,0.05,32,0.02508714887802778,0.0002016838855123121,0.0002016838855123121,0.0001862924013336289
12,0.05,33,0.025194459815441973,0.00020866819480429917,0.00020866819480429914,0.00019118210962974221
12,0.05,34,0.025217271762857672,0.00022523515238663527,0.00022523515238663525,0.00019243948114296816
12,0.05,35,0.025170130454535557,0.00021116063549156083,0.0002111606354915608,0.00019197132745115572
12,0.05,36,0.02495819084761288,0.00021537095469260177,0.00021537095469260177,0.00018740343313364163
12,0.05,37,0.025233982955340455,0.00021303716942495598,0.00021303716942495598,0.00018860971864731492
12,0.05,38,0.025343378027092647,0.0002365352537531712,0.0002365352537531712,0.00019387436208850335
12,0.05,39,0.025155873302040232,0.00022665780888986656,0.00022665780888986656,0.00019389856227492757
12,0.05,40,0.02530526976935342,0.00020022236623098194,0.0002002223662309819,0.00019558886809277864
12,0.05,41,0.02532445998522203,0.00021279708058251478,0.00021279708058251478,0.000192106860092022
12,0.05,42,0.025466169924069335,0.0002202207587525643,0.00022022075875256428,0.00019920069960420873
12,0.05,43,0.025380603518254687,0.00021607011164066092,0.00021607011164066095,0.0002055583466272757
12,0.05,44,0.025336829378679766,0.00023223920794548431,0.00023223920794548431,0.0002025379022057446
12,0.05,45,0.025196925230288086,0.00027649128871878474,0.00027649128871878474,0.00020168036305993466
12,0.05,46,0.025200959184790046,0.00023606416675819823,0.00023606416675819823,0.00020549329300378164
12,0.05,47,0.025350096618680634,0.000214106945058325,0.00021410694505832499,0.00020242269217230017
12,0.05,48,0.02554968787714965,0.0002367532289877718,0.0002367532289877718,0.00020713432931034086
12,0.05,49,0.02568161461284384,0.00023236543461905792,0.00023236543461905792,0.00020950214572081793
12,0.05,50,0.02555365438536627,0.00022064099482347157,0.00022064099482347157,0.00020850139478437185
12,0.05,51,0.025453494149129893,0.00020738646760057848,0.00020738646760057845,0.0001974878459432085
12,0.05,52,0.025493837395466887,0.00019925989391525594,0.00019095129373780786,0.00019925989391525594
12,0.05,53,0.02537055799545518,0.00019876729956819748,0.00018931126415529695,0.00019876729956819748
12,0.05,54,0.025473842096954958,0.0002263795712101774,0.0002263795712101774,0.00020130444345095504
12,0.05,55,0.02542411728160456,0.00022624322259885555,0.00022624322259885555,0.00019785962005427002
12,0.05,56,0.025465306448602898,0.00020160110235981361,0.00020160110235981361,0.00020134811853493532
12,0.05,57,0.02550585475286699,0.00022948852275985317,0.00022948852275985317,0.00019838595965602975
12,0.05,58,0.025676300189687914,0.00022336372077815165,0.00022336372077815165,0.00020287032710803823
12,0.05,59,0.025552229814010067,0.0002609200632050345,0.00026092006320503446,0.00019926267312909634
12,0.05,60,0.025434441085329756,0.00026016006201230187,0.00026016006201230187,0.00019771059308012134
12,0.05,61,0.02549686986555755,0.00026730516745883463,0.0002673051674588346,0.0001984643551027735
12,0.05,62,0.025443297584301694,0.00025128693663036477,0.00025128693663036477,0.00020280257407891467
12,0.05,63,0.02544523264419205,0.0002769271873171444,0.0002769271873171444,0.00020406835693277998
12,0.05,64,0.025640412723874722,0.0002581229075671052,0.0002581229075671052,0.0002069429481577266
12,0.05,65,0.025364436201467184,0.00025284389165181135,0.00025284389165181135,0.000199808484048693
12,0.05,66,0.025400560029146035,0.0002371692967249418,0.0002371692967249418,0.00020857283084915973
12,0.05,67,0.02544806193412176,0.0002554657257010092,0.0002554657257010092,0.00020079023126647391
12,0.05,68,0.025484743435690772,0.00024671298867071626,0.00024671298867071626,0.0001993877749015494
12,0.05,69,0.025452530697863355,0.00022760158599016255,0.00022760158599016255,0.00020296589106425962
12,0.05,70,0.025474036121904055,0.00026562696577301547,0.00026562696577301547,0.00020044414912715323
12,0.05,71,0.02540522242620911,0.000259325993976108,0.00025932599397610794,0.00019590694713475068
12,0.05,72,0.025437282025834673,0.0002635356122810978,0.00026353561228109775,0.0002033022348273697
12,0.05,73,0.02549763076367962,0.00027678947553705206,0.00027678947553705206,0.0002034186458075976
12,0.05,74,0.025368507779600445,0.00025570475861983095,0.0002557047586198309,0.00020247186288583767
12,0.05,75,0.025302780062143655,0.00021431380820730644,0.00021431380820730644,0.0002018086666259464
12,0.05,76,0.0254138722467643,0.000203311306070619,0.00019165408315910022,0.000203311306070619
12,0.05,77,0.02510314587533995,0.00019781745613104906,0.000181656748536967,0.00019781745613104906
12,0.05,78,0.02512013864705559,0.00020583978043438983,0.00020583978043438983,0.00020241753883178682
12,0.05,79,0.025191086829765324,0.000234916052865,0.000234916052865,0.00020577696826028414
12,0.05,80,0.025305821302270756,0.0002180355242466915,0.00021803552424669146,0.00020428875831087206
12,0.05,81,0.025361130500269218,0.00022715875385317225,0.00022715875385317225,0.00020008211220626874
12,0.05,82,0.02539529523670685,0.0002069443936778838,0.00020694439367788378,0.00020301226540550465
12,0.05,83,0.025309098499974696,0.0002342838225960735,0.0002342838225960735,0.0001956776290022124
12,0.05,84,0.025528151732252,0.00024722526155440504,0.00024722526155440504,0.000198933364246534
12,0.05,85,0.02542067150235004,0.00023487885143105627,0.00023487885143105627,0.00020575826965906063
12,0.05,86,0.025364156076164143,0.00020790810821131892,0.0002053227621742422,0.00020790810821131892
12,0.05,87,0.025392192197848974,0.00020824359053181644,0.00019675821961540437,0.00020824359053181644
12,0.05,88,0.02530153067305934,0.00020094797618670258,0.00019178230782242766,0.00020094797618670258
12,0.05,89,0.025048325003329656,0.00019781840406704528,0.00018384269309629873,0.00019781840406704528
12,0.05,90,0.025257322549296326,0.00020483139563848111,0.0002048313956384811,0.00019813164459183427
12,0.05,91,0.02527459816743675,0.00019469949121498834,0.00018037382079411974,0.00019469949121498834
12,0.05,92,0.02516752941056281,0.0001885869303007711,0.0001824851984666356,0.0001885869303007711
12,0.05,93,0.025136584619868237,0.00021340568465851855,0.00021340568465851853,0.00019340609361039222
12,0.05,94,0.025176799508289972,0.0001884123380501569,0.0001884123380501569,0.0001873621173574709
12,0.05,95,0.025255815415027156,0.0001981939372479105,0.00018121991113720723,0.0001981939372479105
12,0.05,96,0.02526108198920228,0.00019737862961975055,0.00014880405090640517,0.00019737862961975055
12,0.05,97,0.025370366628607272,0.00018939741237773138,0.0001831892883646962,0.00018939741237773138
12,0.05,98,0.02549115551983887,0.00021434683775310186,0.00021434683775310186,0.0001948960062930344
12,0.05,99,0.02556196008838287,0.0002215497912722314,0.0002215497912722314,0.00020037034513101235
12,0.05,100,0.025409840607417623,0.00021699020903772297,0.00021699020903772297,0.00019674566065739596
12,0.05,101,0.02554941838970315,0.00023176526742507185,0.00023176526742507185,0.00020053415472404425
12,0.05,102,0.025518071163012357,0.00021526805161946566,0.00021526805161946566,0.00019809518722672107
12,0.05,103,0.025368261974138186,0.00019803926239803652,0.00016991807584408342,0.00019803926239803652
12,0.05,104,0.025425437985341044,0.0002056862853149789,0.0001558897001823922,0.0002056862853149789
12,0.05,105,0.025452729987947835,0.00020980247559034855,0.00020980247559034855,0.00020259731802014017
12,0.05,106,0.025170572839711434,0.00020024174743096658,0.00020024174743096658,0.000198656810192806
12,0.05,107,0.025139458493048515,0.00020619367266869738,0.00020619367266869738,0.00019940214124312673
12,0.05,108,0.024957648008155902,0.0001967787222815781,0.00019677872228157813,0.00018957518274395204
12,0.05,109,0.024890161170366305,0.00019439020370371182,0.00019439020370371182,0.00018912570048938598
12,0.05,110,0.02493732659809065,0.00020952259411372078,0.0002095225941137208,0.00019005378340853835
12,0.05,111,0.024807686276909588,0.00018723494842732706,0.00018012919367329573,0.00018723494842732706
12,0.05,112,0.024959864220218328,0.00018906649346678715,0.00018906649346678715,0.0001855831847938764
12,0.05,113,0.02524841739494362,0.00020636823484955093,0.00020636823484955093,0.00019088966441806532
12,0.05,114,0.02520337097698407,0.0001874675927227182,0.00018324352975294952,0.0001874675927227182
12,0.05,115,0.025175173279012815,0.00019458698255130557,0.00019458698255130555,0.0001927045152676425
12,0.05,116,0.025348955886609296,0.00023677745690410223,0.00023677745690410223,0.00018826109848826779
12,0.05,117,0.025224364182668827,0.00024145033805546826,0.00024145033805546826,0.00018908697695255877
12,0.05,118,0.0252823331647091,0.00023460117246251104,0.00023460117246251104,0.0001912729142006892
12,0.05,119,0.025105518373474623,0.00023824588163814158,0.00023824588163814158,0.0001926944648528975
12,0.05,120,0.025211474590241055,0.00023962339860035542,0.00023962339860035545,0.000194108589011618
12,0.05,121,0.02503107850172785,0.0001983466107837313,0.0001983466107837313,0.00019007329500399716
12,0.05,122,0.025262385563736434,0.00020058479009861171,0.00020058479009861174,0.00019186479402519393
12,0.05,123,0.02505513293171195,0.00022481107467950601,0.00022481107467950601,0.00018936544312670678
12,0.05,124,0.025201920055726253,0.00021402243499649536,0.00021402243499649533,0.0001911778401451909
12,0.05,125,0.025216176682596556,0.00020382214799328594,0.00020382214799328596,0.000188128176605794
12,0.05,126,0.025151340497075556,0.00022002988734052802,0.00022002988734052804,0.00018712664941583613
12,0.05,127,0.02536218652642735,0.00019137628421710338,0.00016542841726235137,0.00019137628421710338
12,0.05,128,0.025353504766418334,0.00019599408118921118,0.00017413917064805945,0.00019599408118921118
12,0.05,129,0.025478531416667206,0.00019202881582376224,0.0001805182326485812,0.00019202881582376224
12,0.05,130,0.025523998654270245,0.00020656403967266184,0.00020656403967266184,0.00019287349357573685
12,0.05,131,0.02535661684659727,0.00019413650446026878,0.0001875713779990037,0.00019413650446026878
12,0.05,132,0.025293001169839034,0.0001954813851208,0.0001954813851208,0.00019306814498608584
12,0.05,133,0.025040117444618877,0.00020051956102132214,0.00020051956102132214,0.00019935515858006885
12,0.05,134,0.025150204477365136,0.00022793954014404446,0.00022793954014404446,0.00019549320533998797
12,0.05,135,0.025221265888574835,0.00020385109456127194,0.00020385109456127194,0.00019705078889045724
12,0.05,136,0.02515036164834578,0.00019725565780245475,0.00017244049729892897,0.00019725565780245475
12,0.05,137,0.02518674205710403,0.0002145908568838781,0.00021459085688387813,0.00019844842857852268
12,0.05,138,0.025167918810627396,0.00018970486770910358,0.000188392413484968,0.00018970486770910358
12,0.05,139,0.0251560845213516,0.00019130390118442475,0.00019065754338482658,0.00019130390118442475
12,0.05,140,0.024999688896460464,0.00019138757213029128,0.0001665656586479083,0.00019138757213029128
12,0.05,141,0.024986643505390364,0.00020380818346702495,0.00020380818346702495,0.0001886839848430881
12,0.05,142,0.025098263324290826,0.00020268955905907175,0.00020268955905907172,0.0001823231855129766
12,0.05,143,0.024930138040238314,0.00021215382122578881,0.0002121538212257888,0.00018720169037195845
12,0.05,144,0.025019463432292947,0.00021781885301157494,0.00021781885301157494,0.0001886171164743994
12,0.05,145,0.024981795674109093,0.0002280820135012882,0.0002280820135012882,0.0001853046831898865
12,0.05,146,0.02514881645736694,0.00024419037572757474,0.0002441903757275748,0.00019220007227744305
12,0.05,147,0.025071217361929965,0.00023394110311631685,0.00023394110311631682,0.00019354710970585112
12,0.05,148,0.02487679464340218,0.00023847104370037497,0.00023847104370037497,0.00019506320939661142
12,0.05,149,0.02501700418704522,0.0002558939416433968,0.0002558939416433968,0.00019776455189259604
12,0.05,150,0.025044149207953843,0.0002304352427112742,0.0002304352427112742,0.0002000699431328224
12,0.05,151,0.025222453317386026,0.00021765586689899646,0.00021765586689899644,0.00019930375559646342
12,0.05,152,0.025072649091482435,0.00020703644438055047,0.00020703644438055047,0.00019862641513182462
12,0.05,153,0.025169934094322097,0.00023545804242298426,0.00023545804242298423,0.00019431408871254033
12,0.05,154,0.02526062862111126,0.00023616383647231612,0.00023616383647231612,0.00019317034308795146
12,0.05,155,0.025203600921209372,0.00022457019042830485,0.00022457019042830485,0.00019633768131110962
12,0.05,156,0.02522812447606302,0.00024561977021733987,0.00024561977021733987,0.00019451499677671703
12,0.05,157,0.02521163086177099,0.0002371536653886421,0.00023715366538864212,0.00019639944508501172
12,0.05,158,0.025209538427737252,0.00026261220380744587,0.00026261220380744587,0.00019843580495691526
12,0.05,159,0.025151272831541806,0.000232516191760484,0.000232516191760484,0.0001912945536506442
12,0.05,160,0.02518281273872762,0.0002621131198565952,0.0002621131198565952,0.00019096278588455798
12,0.05,161,0.025285494025451223,0.00022418595733717474,0.0002241859573371747,0.00019234675675037797
12,0.05,162,0.025377115787071046,0.0001916469872221365,0.00017992973531015294,0.0001916469872221365
12,0.05,163,0.025547233473765852,0.00019794059780737938,0.00018822552261547773,0.00019794059780737938
12,0.05,164,0.02545874855503447,0.00019530536659262697,0.00019530536659262694,0.00019485476022789314
12,0.05,165,0.025283795144646775,0.00022488206956139685,0.00022488206956139682,0.00019479403731819804
12,0.05,166,0.025308646206173242,0.00019819341825477082,0.0001981934182547708,0.00019264646192164008
12,0.05,167,0.025423272587061594,0.00021417450019443443,0.00021417450019443443,0.00018556572567227984
12,0.05,168,0.025297577061863894,0.00020989330486437577,0.00020989330486437577,0.0001882387259821229
12,0.05,169,0.025427111602924473,0.00022386160743634114,0.00022386160743634114,0.00019586277429039188
12,0.05,170,0.025460824268849765,0.00019810433449214568,0.0001981043344921457,0.00019738133386285468
12,0.05,171,0.025360690284999973,0.000244183721836035,0.000244183721836035,0.0001914283285307975
12,0.05,172,0.025547937047850678,0.00021530456930823856,0.00021530456930823853,0.0001947014814248466
12,0.05,173,0.025515576607631436,0.000203675587767488,0.000203675587767488,0.00019032205699484492
12,0.05,174,0.025406010502064962,0.00023481977367262617,0.00023481977367262617,0.0001923059696676631
12,0.05,175,0.02535027482495988,0.00022972504522769988,0.00022972504522769988,0.00020285218253361106
12,0.05,176,0.025363633242590566,0.0002342709784272284,0.0002342709784272284,0.000203770382105044
12,0.05,177,0.02518436026237478,0.00020313798525586788,0.00020313798525586788,0.0002000202369328974
12,0.05,178,0.025289746669810147,0.00022642021484743172,0.00022642021484743172,0.00019846794485222768
12,0.05,179,0.025307559513133824,0.00019936001566476044,0.00018369231906851936,0.00019936001566476044
12,0.05,180,0.025485932635232546,0.0002020913085167083,0.00019755498292266173,0.0002020913085167083
12,0.05,181,0.02530967057950706,0.00020312891695358499,0.00020229103214451175,0.00020312891695358499
12,0.05,182,0.0255269752382981,0.00022050994370357253,0.00022050994370357253,0.00020363478853888085
12,0.05,183,0.02536431206547107,0.00022970209662820536,0.0002297020966282054,0.00020060115044197595
12,0.05,184,0.02543755766620666,0.00020919217825149643,0.00020919217825149643,0.0002039751806007932
12,0.05,185,0.025318237689398424,0.0002224365602618296,0.00022243656026182956,0.0002045969328367449
12,0.05,186,0.025335173007189692,0.00020792673791404957,0.00019824775245885334,0.00020792673791404957
12,0.05,187,0.02536642984735547,0.00022407543274906058,0.00022407543274906058,0.00020524778066261407
12,0.05,188,0.02528817996481404,0.00021653594644696994,0.0002165359464469699,0.0002019223107050744
12,0.05,189,0.025240862387993477,0.0002356698035287467,0.0002356698035287467,0.0001959219824401885
12,0.05,190,0.02514967212146222,0.00022186177002989034,0.00022186177002989034,0.0001966779170971482
12,0.05,191,0.025367473069134637,0.00022750322341099437,0.00022750322341099437,0.00019012848207496498
12,0.05,192,0.02543658899964316,0.00020518097490285385,0.00020518097490285385,0.0001980918182784955
12,0.05,193,0.02559668385097237,0.00022495975164507309,0.00022495975164507306,0.0002003843695723837
12,0.05,194,0.02551041126126878,0.00025169863470168196,0.00025169863470168196,0.00020359259395357594
12,0.05,195,0.025357913987125235,0.0002478967887201764,0.00024789678872017636,0.00019964518411861668
12,0.05,196,0.025528327919737612,0.0002484639110529451,0.0002484639110529451,0.00019159542845386863
12,0.05,197,0.025559326126063396,0.00022014554413187713,0.00022014554413187713,0.00019808247645240922
12,0.05,198,0.025517916545742158,0.00024460513532706,0.00024460513532706,0.00019453006073274988
12,0.05,199,0.025567066159320074,0.0002514740493332107,0.0002514740493332107,0.00019873557537130942
12,0.05,200,0.025538726979234063,0.0002518925675994236,0.0002518925675994236,0.00019596572951693038
12,0.05,201,0.025405815668148677,0.00023087925222310739,0.00023087925222310736,0.00019680684690209468
12,0.05,202,0.025525699101925887,0.00023394787162731205,0.00023394787162731202,0.00019910498190259972
12,0.05,203,0.02549753414794577,0.0002255821110529156,0.0002255821110529156,0.00020225071932138106
12,0.05,204,0.02545614509355937,0.00024052998133161773,0.0002405299813316177,0.00020202853875262081
12,0.05,205,0.025317593355658627,0.00024267022865202505,0.00024267022865202503,0.00019284313546609754
12,0.05,206,0.025390154664602826,0.0002300201116007961,0.0002300201116007961,0.00018754610689582284
12,0.05,207,0.025358268752442677,0.0002302687530150969,0.0002302687530150969,0.00019319290293766313
12,0.05,208,0.025419130361833856,0.00022255328764896583,0.0002225532876489658,0.00019354119188480596
12,0.05,209,0.025466695085922277,0.00022251601375844127,0.00022251601375844127,0.0001998747408594976
12,0.05,210,0.02547459013805757,0.00023507338968724052,0.00023507338968724052,0.00019892441080312807
12,0.05,211,0.02563805588365946,0.00023226641617391368,0.00023226641617391368,0.0002033445890520671
12,0.05,212,0.025283328682250562,0.00023911374311335592,0.00023911374311335595,0.00019837948330069842
12,0.05,213,0.025295701641602608,0.00024523666569297944,0.00024523666569297944,0.0002003487489012624
12,0.05,214,0.02529410518710239,0.0002487038737433667,0.0002487038737433667,0.00019978028373827052
12,0.05,215,0.025481961426651534,0.00024797714453583493,0.000247977144535835,0.0001938303336926854
12,0.05,216,0.025476554829763846,0.00022329508955619933,0.00022329508955619933,0.00019254236159557946
12,0.05,217,0.025602545931782968,0.00021254559526662716,0.00021254559526662716,0.00019702331165586924
12,0.05,218,0.02552925806398998,0.0001993837934833924,0.00018645292904194134,0.0001993837934833924
12,0.05,219,0.025405097923008196,0.00025563954132832185,0.00025563954132832185,0.00019920985381649225
12,0.05,220,0.02548566816239176,0.00025295531943873926,0.0002529553194387393,0.0002007927028859775
12,0.05,221,0.02531603203985323,0.00021461488575143914,0.00021461488575143914,0.00019419707462822147
12,0.05,222,0.025489489760644628,0.00020882524661916543,0.00020882524661916543,0.00019649758150119755
12,0.05,223,0.025557577975058594,0.00019823978040921575,0.00018317945220492553,0.00019823978040921575
12,0.05,224,0.025393456421880137,0.00024293506503796213,0.00024293506503796213,0.00019381271167069343
12,0.05,225,0.025344417225304273,0.00021395219210973264,0.00021395219210973266,0.00019574588657803109
12,0.05,226,0.02531329185269722,0.00023914729872764472,0.00023914729872764472,0.00019488125101048968
12,0.05,227,0.02523059868046638,0.00020416610927053135,0.00020416610927053135,0.00019223994930664938
12,0.05,228,0.025129170548603766,0.0002071449692248964,0.00020714496922489642,0.00019441711102382488
12,0.05,229,0.025233962461805665,0.00020428841388254253,0.00020428841388254256,0.00019064267453864224
12,0.05,230,0.025267223467289004,0.0002085930544775985,0.0002085930544775985,0.00018915926953118217
12,0.05,231,0.025251578912818547,0.00020861135575443038,0.00020861135575443038,0.00018743677188170574
12,0.05,232,0.025227149621170564,0.00020485546993400365,0.00020485546993400362,0.00019418528530729508
12,0.05,233,0.025226495216390206,0.00020125674184232674,0.00020125674184232674,0.0001914300546755704
12,0.05,234,0.025326006501245137,0.00019108575138865596,0.00017341990515207275,0.00019108575138865596
12,0.05,235,0.02523360177228151,0.00018676575188952303,0.0001533821740148692,0.00018676575188952303
12,0.05,236,0.025138095058515962,0.0001922135035270141,0.0001922135035270141,0.0001877107409536676
12,0.05,237,0.02515104355013808,0.00019497191440275097,0.00019255588735556502,0.00019497191440275097
12,0.05,238,0.025055859361461964,0.00019599002892266092,0.0001815871240950238,0.00019599002892266092
12,0.05,239,0.024926401653842988,0.00022599698681863758,0.00022599698681863758,0.0002019914640494772
12,0.05,240,0.025030971500668284,0.00025314489969235904,0.00025314489969235904,0.00019996439965664782
12,0.05,241,0.025179938721167024,0.00022533244947750057,0.0002253324494775006,0.00019726002489902934
12,0.05,242,0.025096472822378455,0.00021489778365939223,0.00021489778365939223,0.00019560625948364613
12,0.05,243,0.02517908279792663,0.00022390715378844023,0.00022390715378844023,0.00019648670262623687
12,0.05,244,0.02527294793349127,0.00020065053349989058,0.00020065053349989058,0.00019488700612778158
12,0.05,245,0.025079104186450447,0.00020491714573082933,0.00020491714573082933,0.00019373491131703313
12,0.05,246,0.025050380600392892,0.00020979310677320288,0.00020979310677320288,0.00019574371626685088
12,0.05,247,0.02518220595283408,0.00019782814252809798,0.0001954751215107858,0.00019782814252809798
12,0.05,248,0.025259486285044878,0.00019993389719584522,0.00019362356663892784,0.00019993389719584522
12,0.05,249,0.025232730387204784,0.00019179642258422422,0.00017459857247931356,0.00019179642258422422
12,0.05,250,0.02522278197685917,0.00020405576323991688,0.00015124002179479177,0.00020405576323991688
12,0.05,251,0.02536004246136902,0.00020123466244309504,0.00018169977340107748,0.00020123466244309504
12,0.05,252,0.025185230028746192,0.00020020446732260606,0.00018998108195252152,0.00020020446732260606
12,0.05,253,0.025189809713772538,0.00019674551922638364,0.00017981889843443112,0.00019674551922638364
12,0.05,254,0.025296581683243564,0.00019940457203495164,0.0001994045720349516,0.00019781796929267055
12,0.05,255,0.02529137119609866,0.00019808534997291095,0.00019808534997291097,0.0001940027194789372
12,0.05,256,0.025238356069310148,0.0002083291455193239,0.00020832914551932388,0.00019835170138929868
12,0.05,257,0.025422236408703138,0.0002004125911789382,0.00020041259117893818,0.00019626634460304383
12,0.05,258,0.025524934171103745,0.00019892987616071216,0.00019892987616071218,0.00019331905852432786
12,0.05,259,0.025352317546180662,0.00019272917907587706,0.0001722902371921132,0.00019272917907587706
12,0.05,260,0.025216198850599503,0.00018763035971078329,0.0001822176368215324,0.00018763035971078329
12,0.05,261,0.025050955476507028,0.0001954509050728038,0.00019545090507280377,0.00018388605487805376
12,0.05,262,0.024998299173413403,0.00019179321829800958,0.00016087046806780036,0.00019179321829800958
12,0.05,263,0.02503605216278225,0.00019154481754033963,0.00017273116538004028,0.00019154481754033963
12,0.05,264,0.025200525464701074,0.00018677553454410714,0.00018677553454410714,0.00018337563421298882
12,0.05,265,0.025014822716179334,0.0001860321928373843,0.00017677703537156552,0.0001860321928373843
12,0.05,266,0.02496830938335183,0.0001896512831342513,0.0001896512831342513,0.00018464171567088858
12,0.05,267,0.024845858600284435,0.00018498839308099226,0.00018498839308099226,0.0001824921989579623
12,0.05,268,0.024977611407433244,0.00020792814623580913,0.00020792814623580913,0.0001811336400673447
12,0.05,269,0.02497110603502666,0.00019428102568738598,0.00019428102568738598,0.00018117900316898713
12,0.05,270,0.024967878216502194,0.00020450465405544318,0.00020450465405544318,0.00018381102096719505
12,0.05,271,0.02509961725861592,0.0002170588165977807,0.0002170588165977807,0.00018068840967249114
12,0.05,272,0.0251067139916362,0.0002452832007807548,0.0002452832007807548,0.00019610791622228773
12,0.05,273,0.024956230214851823,0.00020495759860023703,0.000204957598600237,0.00018654858082434663
12,0.05,274,0.02497191999385601,0.00019351443935750114,0.00016899297149084255,0.00019351443935750114
12,0.05,275,0.02489111437726218,0.00018878276785837462,0.0001848548028517825,0.00018878276785837462
12,0.05,276,0.02500886323422399,0.00019048287251192231,0.00016345398156628402,0.00019048287251192231
12,0.05,277,0.025111047536911346,0.00019426851281830758,0.00019426851281830758,0.00019180378479158138
12,0.05,278,0.025299523636196548,0.0002067052497982281,0.0002067052497982281,0.00020090933836441232
12,0.05,279,0.025241063373159876,0.00021858449285787148,0.00021858449285787148,0.00020187722544677618
12,0.05,280,0.02534449148734285,0.00024215290125217744,0.00024215290125217744,0.00019220566184489723
12,0.05,281,0.02537454408367606,0.00023185263823312068,0.0002318526382331207,0.00019518925474131817
12,0.05,282,0.02531606065438385,0.0002477975979888003,0.0002477975979888003,0.00019681154489362902
12,0.05,283,0.0254402120771558,0.0002701107889176974,0.00027011078891769745,0.00019628299442815946
12,0.05,284,0.025221098621318983,0.0002244454578548207,0.0002244454578548207,0.0001999577041286415
12,0.05,285,0.025402796309347643,0.00023497195091399406,0.00023497195091399403,0.00020465447544120712
12,0.05,286,0.02545065349049922,0.0002347564751754456,0.0002347564751754456,0.0002005559728723643
12,0.05,287,0.025267249220836348,0.0001929950244641217,0.00019299502446412168,0.00019125533587275142
12,0.05,288,0.025411244787245834,0.00019693426078280476,0.00019378329921018565,0.00019693426078280476
12,0.05,289,0.02534032985463733,0.00021628466054013143,0.00021628466054013143,0.00019671996595033126
12,0.05,290,0.025226932027749893,0.00021398829492034726,0.00021398829492034728,0.00019693473732613053
12,0.05,291,0.025431390237869268,0.00020397297322510363,0.00020397297322510363,0.00019780675125601925
12,0.05,292,0.025420278956369516,0.00020292693394809982,0.0002029269339480998,0.00020184909428796812
12,0.05,293,0.025408355877934313,0.00020478176184205853,0.00018159032879403573,0.00020478176184205853
12,0.05,294,0.025227850572319695,0.00022540671064211085,0.00022540671064211082,0.00020450199856461725
12,0.05,295,0.02520821988616078,0.00021351562260524013,0.00021351562260524013,0.00020247679945048936
12,0.05,296,0.025146359087488617,0.00019559403113251483,0.00019474670789764657,0.00019559403113251483
12,0.05,297,0.025159710960217335,0.0002042223524010726,0.0002042223524010726,0.00019399164362126023
12,0.05,298,0.02521134764329234,0.00019977269678407347,0.00019977269678407347,0.0001883835690398829
12,0.05,299,0.02503102978372069,0.00021146917272007687,0.00021146917272007687,0.00018479601909925737
12,0.05,300,0.025297539716506955,0.00021765616494864116,0.00021765616494864116,0.00019309343573405507
12,0.05,301,0.0253099365777259,0.0002021153018908796,0.0002003535356063914,0.0002021153018908796
12,0.05,302,0.025171345396044265,0.00021528517616682384,0.00021528517616682381,0.00019404032484200757
12,0.05,303,0.025278814139591488,0.0002240425177947142,0.0002240425177947142,0.00019926064281586725
12,0.05,304,0.025261564658502957,0.00020786119406327385,0.00020786119406327385,0.00019711482412478347
12,0.05,305,0.02526526108957293,0.00019718028030634783,0.00018592875994230315,0.00019718028030634783
12,0.05,306,0.025203003320476636,0.00019997030680195664,0.00019781189505364607,0.00019997030680195664
12,0.05,307,0.025058068419164324,0.0002125395708224112,0.0002125395708224112,0.00019675155593252828
12,0.05,308,0.02516224766064745,0.00021863769090480655,0.00021863769090480655,0.00020062965728111625
12,0.05,309,0.025215546718014115,0.0002141357327726557,0.00021413573277265566,0.0001984155882975385
12,0.05,310,0.02530650852750148,0.0002419803592639708,0.0002419803592639708,0.00019421556790044607
12,0.05,311,0.025234929355515825,0.00020345519657707505,0.00020345519657707505,0.00019911069231381956
12,0.05,312,0.02511031027070436,0.00020970648635137062,0.00020970648635137065,0.0001951426414268626
12,0.05,313,0.024945024483550852,0.00019241288710310884,0.0001924128871031088,0.00018976335581075973
12,0.05,314,0.02512304094105141,0.00019217377838492676,0.00017517309339444405,0.00019217377838492676
12,0.05,315,0.02505180522500051,0.00018999217937081033,0.0001840124896673734,0.00018999217937081033
12,0.05,316,0.025122017763008545,0.00018748598294508442,0.00017661384522480377,0.00018748598294508442
12,0.05,317,0.02497209952184131,0.00021306594282064853,0.00021306594282064853,0.00018855287492380507
12,0.05,318,0.025060291625631278,0.00021900035539755406,0.00021900035539755406,0.00019038977305774944
12,0.05,319,0.025059266786264477,0.00021736198825620192,0.0002173619882562019,0.0001900750602443748
12,0.05,320,0.02506794036296175,0.0002476345469400654,0.0002476345469400654,0.00019884771939889366
12,0.05,321,0.025380993816244334,0.00023354111676057796,0.00023354111676057796,0.00020243733135138679
12,0.05,322,0.025526581861571286,0.00022002869920531617,0.00022002869920531614,0.0001985166632674606
12,0.05,323,0.025268104305003977,0.00019425535045594693,0.000193508606778166,0.00019425535045594693
12,0.05,324,0.025455702919270826,0.00020048770294233266,0.00020048770294233263,0.00019750741878091037
12,0.05,325,0.02530899330518372,0.00019422246352094163,0.00018321266259331215,0.00019422246352094163
12,0.05,326,0.02524943009281837,0.00020147961354984717,0.00018767083453146327,0.00020147961354984717
12,0.05,327,0.02505084200717993,0.00019620106878191545,0.000181543687123818,0.00019620106878191545
12,0.05,328,0.025081824340652134,0.00022326999106462542,0.0002232699910646254,0.00019422642375046859
12,0.05,329,0.025002134787887386,0.0002276353577075938,0.0002276353577075938,0.00019649448611030725
12,0.05,330,0.025084704679841117,0.00025112413192956377,0.00025112413192956377,0.00019878076708903123
12,0.05,331,0.02510851800934741,0.00021087178558945396,0.00021087178558945398,0.00019733186060432877
12,0.05,332,0.025113516604347682,0.00021009368348988777,0.0002100936834898878,0.00019946011114368192
12,0.05,333,0.025085852188972937,0.00021205861331231892,0.00021205861331231892,0.00019899839665337338
12,0.05,334,0.02524518148233486,0.00021456161536963515,0.00021456161536963513,0.00019389659509118725
12,0.05,335,0.02543312760805571,0.00021270036280099575,0.00021270036280099578,0.00019645087478818
12,0.05,336,0.025474010097111262,0.00023348020395936445,0.00023348020395936445,0.00020031231638708248
12,0.05,337,0.02546497609526286,0.0002482633887058536,0.00024826338870585356,0.00019780517279491884
12,0.05,338,0.02544038247634483,0.00022980251159474504,0.000229802511594745,0.00020249998538909112
12,0.05,339,0.02535855411663922,0.00021306380595277895,0.00021306380595277898,0.00019719077260567364
12,0.05,340,0.025058851172798588,0.00021058260667224685,0.00021058260667224685,0.00019250726919696988
12,0.05,341,0.02511099032990877,0.00023457623568662295,0.00023457623568662295,0.0001919416416230252
12,0.05,342,0.025288056235132743,0.000250063018262949,0.000250063018262949,0.0001986926812229158
12,0.05,343,0.02551499257359707,0.00021972683832375807,0.0002197268383237581,0.0001970890055765773
12,0.05,344,0.02546178428592844,0.00020159087716527927,0.00020159087716527927,0.00019995381225480728
12,0.05,345,0.025367780336775447,0.0002063885125927138,0.0002063885125927138,0.0002025704467757401
12,0.05,346,0.025393934024375297,0.00022769344243684923,0.00022769344243684923,0.00019704862073918747
12,0.05,347,0.025308913244523876,0.00021699156047280297,0.000216991560472803,0.00019969449344777783
12,0.05,348,0.025425901510826358,0.00021473319628929872,0.00021473319628929872,0.0002018082324532703
12,0.05,349,0.025602617276177467,0.0002035484675412177,0.0002035484675412177,0.00020109801370375954
12,0.05,350,0.025355206514521077,0.00021018620071043504,0.00021018620071043502,0.000201945292931963
12,0.05,351,0.025205877741221905,0.00020585057657543672,0.00020585057657543672,0.000199089036784557
12,0.05,352,0.025322245819504714,0.00021525776177173388,0.00021525776177173388,0.00019449574185908684
12,0.05,353,0.02547915838445868,0.0002301363706516765,0.00023013637065167654,0.00019915493295127084
12,0.05,354,0.025360434882396324,0.00024944449492501393,0.00024944449492501393,0.00020050042952542642
12,0.05,355,0.025402175905017157,0.00021159615339086328,0.00021159615339086328,0.00020117738914518342
12,0.05,356,0.02563417748126504,0.0002283807470916525,0.0002283807470916525,0.00019906392584201409
12,0.05,357,0.025434436581499083,0.00024034210340219024,0.00024034210340219024,0.0001909855039117864
12,0.05,358,0.025382003074430493,0.0002287519902417099,0.00022875199024170988,0.0001923641840277064
12,0.05,359,0.02558365995346252,0.00022019262877504838,0.00022019262877504838,0.0001948147105746025
12,0.05,360,0.025437436868005408,0.000251610463791616,0.00025161046379161594,0.0001938052232613448
12,0.05,361,0.025214492228176757,0.00023636845979202632,0.00023636845979202635,0.00019210081258728677
12,0.05,362,0.02534425394289761,0.00020368511946309813,0.0002036851194630981,0.0001924120682544322
12,0.05,363,0.02542782720088114,0.00019631703149250419,0.0001829605725144917,0.00019631703149250419
12,0.05,364,0.025352495921530604,0.00019827260019034118,0.00019827260019034118,0.0001915028801503249
12,0.05,365,0.025401318714912854,0.00022166303875018127,0.00022166303875018127,0.00019681381204678848
12,0.05,366,0.025426394641063204,0.0002092299089410002,0.00020922990894100017,0.0001981233160091327
12,0.05,367,0.025557427345803164,0.00022318412805576537,0.00022318412805576534,0.00019946458840919358
12,0.05,368,0.025421853026403863,0.00020455212602098614,0.00019083245870841174,0.00020455212602098614
12,0.05,369,0.02525970256422414,0.00022185504333182627,0.00022185504333182624,0.00020358262425865294
12,0.05,370,0.025272934397704356,0.000221871809867657,0.000221871809867657,0.00020070478707039484
12,0.05,371,0.02523080218889927,0.00020331035843244361,0.0002033103584324436,0.0001894785831064445
12,0.05,372,0.025273190321551606,0.00019528891592551195,0.00019528891592551195,0.00018597862119636084
12,0.05,373,0.02530406298705781,0.00023246776250027132,0.00023246776250027135,0.0001874086558599997
12,0.05,374,0.025070631877385115,0.0002432627003897341,0.00024326270038973406,0.00019169689974661466
12,0.05,375,0.0250461532417321,0.00019687947516191823,0.00019687947516191826,0.0001890214419705145
12,0.05,376,0.024980661208951913,0.00019267408825629604,0.0001724393755087676,0.00019267408825629604
12,0.05,377,0.025095869943926603,0.00020207924451069387,0.00018168051442867894,0.00020207924451069387
12,0.05,378,0.02519152670736117,0.00019311255485522218,0.00016352266485724403,0.00019311255485522218
12,0.05,379,0.025394633924780412,0.00019703382410427605,0.0001936559148918278,0.00019703382410427605
12,0.05,380,0.025315689044640245,0.0002188727453727601,0.00021887274537276012,0.00019548893114313873
12,0.05,381,0.025293074699549535,0.00019752052043569765,0.00018447390509805325,0.00019752052043569765
12,0.05,382,0.02532765072810868,0.00020220146201587743,0.0001862011876730709,0.00020220146201587743
12,0.05,383,0.025319135804995747,0.0002023511996042436,0.0001831772581722884,0.0002023511996042436
12,0.05,384,0.025189513370395194,0.0002049909689847163,0.00019650089530329724,0.0002049909689847163
12,0.05,385,0.025309099657992266,0.00021525126562636313,0.00021525126562636315,0.00020466946155434765
12,0.05,386,0.025294879900185762,0.00023015901874755124,0.00023015901874755127,0.0002109970002139993
12,0.05,387,0.025181024951332467,0.00022486966979898328,0.00022486966979898325,0.00020454977628389326
12,0.05,388,0.02513822406577167,0.00020455087068817532,0.00019627505059806392,0.00020455087068817532
12,0.05,389,0.025188862264370334,0.00021461001379371937,0.00021461001379371935,0.0002004331324191408
12,0.05,390,0.025224678859858695,0.0002262036958970967,0.00022620369589709672,0.00019844734085586077
12,0.05,391,0.025265902966576118,0.0002227810666985725,0.00022278106669857252,0.00019973411427624715
12,0.05,392,0.02517382917395498,0.00020266173918437536,0.00017761558079266808,0.00020266173918437536
12,0.05,393,0.024995161492574403,0.0001991733229674942,0.00017219255509131226,0.0001991733229674942
12,0.05,394,0.024786082529518822,0.0002045462116206621,0.000192183938721268,0.0002045462116206621
12,0.05,395,0.024919079991273397,0.00025387639346161615,0.00025387639346161615,0.00019542724633562258
12,0.05,396,0.024827140030561544,0.0002599565494072468,0.0002599565494072468,0.00019112871879774105
12,0.05,397,0.024750846765868865,0.00023403639863465412,0.00023403639863465412,0.00019274773172337103
12,0.05,398,0.024828116078966688,0.0002063549577012326,0.0002063549577012326,0.00019472583151516266
12,0.05,399,0.024932840457596153,0.00022727256416198608,0.00022727256416198605,0.00019269874913180638
12,0.05,400,0.024861861462099465,0.00021818669890194024,0.00021818669890194024,0.0001952237917981095
12,0.05,401,0.024966179618557748,0.00022710624388875162,0.0002271062438887516,0.00019082823467179058
12,0.05,402,0.024974631733573713,0.0002496055854143435,0.0002496055854143435,0.00019249120469925135
12,0.05,403,0.025187460446391773,0.0002602998778122999,0.00026029987781229987,0.00019694484688272405
12,0.05,404,0.02513479815369237,0.00028596680226174615,0.00028596680226174615,0.00019008097369982235
12,0.05,405,0.02518072825917043,0.00023561951227017299,0.00023561951227017299,0.00018477852706615263
12,0.05,406,0.025251036651403012,0.0002666977453874574,0.0002666977453874574,0.0001930219535510796
12,0.05,407,0.025167895683442056,0.0002660870956055099,0.00026608709560550987,0.00019440326904895163
12,0.05,408,0.025192974961507138,0.0002802543393846793,0.00028025433938467923,0.00019231243214297422
12,0.05,409,0.024981082211394078,0.00027011229703386954,0.0002701122970338696,0.00018989992158696873
12,0.05,410,0.025083420796399167,0.00026653287319186207,0.00026653287319186207,0.0001854250070922894
12,0.05,411,0.02521333507859124,0.00029706040681563845,0.00029706040681563845,0.00018893520251947126
12,0.05,412,0.02531382626315877,0.00031275662574093625,0.00031275662574093625,0.00019118450973510014
12,0.05,413,0.025368561205400302,0.0002577008107013746,0.0002577008107013746,0.0001973545035482516
12,0.05,414,0.02535615570907488,0.00026638425192714726,0.00026638425192714726,0.0002083776186082861
12,0.05,415,0.025514269848171785,0.00024172058812585125,0.00024172058812585123,0.00020921592163911117
12,0.05,416,0.02545741396015361,0.00022591598101817057,0.00022591598101817054,0.00020487753531800069
12,0.05,417,0.025321931288673865,0.0002587402072938365,0.0002587402072938365,0.0001973388273050981
12,0.05,418,0.025425088298185683,0.00026751631793822623,0.00026751631793822623,0.00019669878306418346
12,0.05,419,0.025416856065922765,0.000260510362456185,0.000260510362456185,0.00019522793831130102
12,0.05,420,0.025524648604862022,0.00024303162105832198,0.00024303162105832198,0.00019836952344388643
12,0.05,421,0.025464985621236728,0.00023704182539605953,0.00023704182539605953,0.00020485399092665745
12,0.05,422,0.025532027978297147,0.00022382274559070152,0.00022382274559070152,0.0002040540881145169
12,0.05,423,0.025364118959577645,0.0002345366288450955,0.00023453662884509547,0.00020111438129639706
12,0.05,424,0.025331500550514828,0.00023417473279901643,0.00023417473279901645,0.0001980923226493527
12,0.05,425,0.025384888893510562,0.00022588275378677047,0.00022588275378677045,0.0001941896905878459
12,0.05,426,0.025500289656301415,0.000237055363360581,0.00023705536336058098,0.00019727340079493777
12,0.05,427,0.025420009096918075,0.0002278918531401444,0.00022789185314014442,0.000196299174236811
12,0.05,428,0.025393629564510235,0.0002602770575452762,0.0002602770575452762,0.00020545871387850101
12,0.05,429,0.02528104585395752,0.00021074629336833325,0.00020905665205380887,0.00021074629336833325
12,0.05,430,0.025255553452563178,0.0002069172547421086,0.0002069172547421086,0.00020617815774524306
12,0.05,431,0.025115185830029134,0.0002161776114733505,0.00021617761147335048,0.00020446518334853487
12,0.05,432,0.025225302173450436,0.0002242694244501817,0.0002242694244501817,0.0002043547427916403
12,0.05,433,0.025233463505609562,0.00020399522652403494,0.00018951538917085287,0.00020399522652403494
12,0.05,434,0.025109724640621764,0.00019557317752293317,0.00017570090605772775,0.00019557317752293317
12,0.05,435,0.025205123338501993,0.00019525423833229903,0.0001799174314104218,0.00019525423833229903
12,0.05,436,0.024983383355325253,0.00018910857249969788,0.00016218613034117693,0.00018910857249969788
12,0.05,437,0.02505833213199016,0.00019665064304257994,0.00019665064304257994,0.0001961110220129474
12,0.05,438,0.024933855679705748,0.0002005366169872521,0.0001963094677086575,0.0002005366169872521
12,0.05,439,0.024764298144959382,0.00018612835935895473,0.00017029345270119241,0.00018612835935895473
12,0.05,440,0.024994892571304675,0.00018829826785561398,0.00016598033620109727,0.00018829826785561398
12,0.05,441,0.025002995698432916,0.0002146870315902849,0.0002146870315902849,0.00019020147803279537
12,0.05,442,0.025127964193352902,0.000254517503498371,0.000254517503498371,0.0001922856564992031
12,0.05,443,0.025171706102933438,0.00023515767286836207,0.0002351576728683621,0.0001983795248259676
12,0.05,444,0.025325581475517372,0.0002093442526705565,0.00020934425267055647,0.00019371897350562518
12,0.05,445,0.025118504253238864,0.00020650947739580625,0.00020650947739580622,0.0001967956820419237
12,0.05,446,0.025197763299384154,0.00022627460454792804,0.00022627460454792804,0.0001961551611235881
12,0.05,447,0.025123417914819694,0.00022277819892132557,0.0002227781989213256,0.00019965772655467005
12,0.05,448,0.025236315962382853,0.00022822975508190207,0.00022822975508190207,0.00019157373174720632
12,0.05,449,0.02510716331557633,0.00021734988152362545,0.00021734988152362545,0.0001958050704870441
12,0.05,450,0.02515455343394187,0.0001965777432923569,0.0001965777432923569,0.00019628520835919173
12,0.05,451,0.02530014830094579,0.00020229405124669677,0.0002022940512466968,0.00019910734144687532
12,0.05,452,0.025297258554941474,0.00021605730730047152,0.0002160573073004715,0.000200412125312873
12,0.05,453,0.025211167535043537,0.0002460469441453527,0.0002460469441453527,0.00020279112351296382
12,0.05,454,0.025244652478501616,0.00024715238355153997,0.00024715238355153997,0.00019924044955197483
12,0.05,455,0.02538942917576269,0.0002509797239600147,0.0002509797239600147,0.00020372095651320952
12,0.05,456,0.02537636350513325,0.00024775477688770796,0.00024775477688770796,0.00020762609127259976
12,0.05,457,0.02519054238330066,0.00023523718643417147,0.00023523718643417144,0.00020666490128506601
12,0.05,458,0.02535941470592972,0.00021448614862907463,0.0002144861486290746,0.0002037051465766592
12,0.05,459,0.025244285913417704,0.00020721707795874557,0.00020721707795874557,0.00020187437455797093
12,0.05,460,0.02506108656125681,0.00022167031046529118,0.00022167031046529115,0.00019814016123910814
12,0.05,461,0.025194704087271886,0.00022275553229224237,0.0002227555322922424,0.00020008964375842753
12,0.05,462,0.025421995832359514,0.00022656497925125765,0.00022656497925125767,0.0002036255942362033
12,0.05,463,0.02546924529263654,0.0002448719411639384,0.0002448719411639384,0.00020551920074939073
12,0.05,464,0.025428356787786034,0.00024535678520611905,0.00024535678520611905,0.00020276508003293944
12,0.05,465,0.025579105760780683,0.00023212123510505948,0.00023212123510505948,0.00020952558045406148
12,0.05,466,0.025544016516570726,0.00022517665997608867,0.00022517665997608867,0.0002069235340529306
12,0.05,467,0.025476511895956327,0.000203976402246135,0.0001938818413084852,0.000203976402246135
12,0.05,468,0.02552197901364676,0.00020475300015051676,0.00020475300015051676,0.00019916135368932693
12,0.05,469,0.025404796725240632,0.00020048346176803743,0.00019443125902600226,0.00020048346176803743
12,0.05,470,0.025332241792838807,0.00020267999452272282,0.0001699063743232794,0.00020267999452272282
12,0.05,471,0.02526606039758596,0.00019772966865756796,0.0001844132102318234,0.00019772966865756796
12,0.05,472,0.025340202869840144,0.0002057798862189209,0.00019744506676486922,0.0002057798862189209
12,0.05,473,0.025260689687636177,0.00019847994381106852,0.00018370361948524282,0.00019847994381106852
12,0.05,474,0.02525600978632643,0.00021178938889670638,0.00021178938889670638,0.00019306717828580005
12,0.05,475,0.025455726571923947,0.00023115053486046162,0.0002311505348604616,0.00020006283943354176
12,0.05,476,0.025484206763300175,0.0002445869599968128,0.0002445869599968128,0.00019031775093085676
12,0.05,477,0.025548082384518934,0.00020397572103776783,0.0002039757210377678,0.00019399086304053517
12,0.05,478,0.025546394740428937,0.0001942386528199064,0.00018913888380181157,0.0001942386528199064
12,0.05,479,0.025677915146491394,0.00020867367782491313,0.0002086736778249131,0.00020020598418760477
12,0.05,480,0.025443304352420117,0.00020991006853479717,0.00020991006853479717,0.00020409148933264238
12,0.05,481,0.025344002722918597,0.00020101148459857724,0.00019442473016195708,0.00020101148459857724
12,0.05,482,0.025363172985234845,0.0002067460965766303,0.00019607808394797645,0.0002067460965766303
12,0.05,483,0.02548466756211996,0.00021057077608042945,0.00017300139111108999,0.00021057077608042945
12,0.05,484,0.025412677472604298,0.000205343844767146,0.00019600877579572685,0.000205343844767146
12,0.05,485,0.025312986458800864,0.0002119153865670974,0.00017662651363802058,0.0002119153865670974
12,0.05,486,0.025203890305013806,0.00019992431861001267,0.0001468519723286106,0.00019992431861001267
12,0.05,487,0.025086804673789927,0.00019538342307943196,0.00016944710701800915,0.00019538342307943196
12,0.05,488,0.024872345736326178,0.0001893544258294122,0.0001501968351363362,0.0001893544258294122
12,0.05,489,0.02495328146572365,0.00019782510724183317,0.00016556356462772207,0.00019782510724183317
12,0.05,490,0.024888399014979506,0.00020088818211065423,0.0001865807540202875,0.00020088818211065423
12,0.05,491,0.024849238742638394,0.00020580358696066948,0.00020580358696066945,0.00019535390699862402
12,0.05,492,0.024829354627812664,0.00018750510439322117,0.00018313392113554372,0.00018750510439322117
12,0.05,493,0.02494341974469042,0.00018704546431606706,0.00018704546431606706,0.0001861215756025768
12,0.05,494,0.025023210931445897,0.0002070329767385536,0.0002070329767385536,0.0001848726480243977
12,0.05,495,0.02494835217643768,0.0002172499149897086,0.00021724991498970863,0.00018138139255579377
12,0.05,496,0.024938585560274798,0.00021689149196706537,0.00021689149196706537,0.000183369503589471
12,0.05,497,0.025081657048625642,0.00021655420517079551,0.0002165542051707955,0.0001868042156272892
12,0.05,498,0.02510932083417081,0.00024174706502056348,0.00024174706502056345,0.0001875153877452577
12,0.05,499,0.025127667088147503,0.00020679486047515846,0.00020679486047515846,0.0001852276269729373
12,0.05,500,0.025148557647046505,0.00020178642666750734,0.00020178642666750734,0.00019426117199589018
12,0.1,0,0.08264008528709589,0.00027772916072130535,0.00027772916072130535,0.0002518140295750277
12,0.1,1,0.05080120623807912,0.00026405720256045815,0.0002640572025604582,0.00024226081420937261
12,0.1,2,0.03669902218169283,0.00023179924696050801,0.00023179924696050804,0.00021421254507828177
12,0.1,3,0.030239212832080246,0.0001999644303160864,0.0001999644303160864,0.00019213246957374176
12,0.1,4,0.02707407358759417,0.00018507438300522077,0.00017331668606296462,0.00018507438300522077
12,0.1,5,0.025696949088518252,0.00017262369599852862,0.00014091651393573576,0.00017262369599852862
12,0.1,6,0.02480790880754532,0.0001709195470115188,0.0001513245310144594,0.0001709195470115188
12,0.1,7,0.02421676184339312,0.00016416787394808372,0.00015414073744662068,0.00016416787394808372
12,0.1,8,0.023828800720100848,0.0001592533121733284,0.00014979108853184573,0.0001592533121733284
12,0.1,9,0.023818898259089172,0.00015577883410749073,0.00015086629910407808,0.00015577883410749073
12,0.1,10,0.023721405607257537,0.00016369668132294168,0.00016369668132294168,0.0001555262182607634
12,0.1,11,0.023706466847220168,0.0001575271481483956,0.00014378471830250555,0.0001575271481483956
12,0.1,12,0.02376512718717043,0.00016305536941849268,0.00016305536941849268,0.00015609269777406846
12,0.1,13,0.02373916157380751,0.0001634832876229589,0.00016348328762295886,0.00015376691330223053
12,0.1,14,0.023608858831961642,0.00017848645005914872,0.00017848645005914875,0.0001568291360419533
12,0.1,15,0.023514705039075087,0.00016653341685076337,0.00016653341685076337,0.00015345752523563557
12,0.1,16,0.02362122381620856,0.00015979216268127523,0.00014222899834179952,0.00015979216268127523
12,0.1,17,0.02357552001123424,0.00016042355850396495,0.00011973496395189898,0.00016042355850396495
12,0.1,18,0.023586119709003813,0.0001557719639548908,0.00013259383050155833,0.0001557719639548908
12,0.1,19,0.023597190403862142,0.00015340879852307785,0.00013532701614790045,0.00015340879852307785
12,0.1,20,0.02341351549040218,0.00015340417671014047,0.00014472460314403924,0.00015340417671014047
12,0.1,21,0.023439173158879705,0.0001564576913881889,0.00015645769138818887,0.00014927065918475207
12,0.1,22,0.023344914532240836,0.00014757800587119466,0.00014645550745892854,0.00014757800587119466
12,0.1,23,0.023450521171135812,0.00015346278241772522,0.0001246799650368015,0.00015346278241772522
12,0.1,24,0.023541067002128928,0.00015863604410548655,0.00013111978532078143,0.00015863604410548655
12,0.1,25,0.02348919852659084,0.000150753203803442,9.966903427857393e-05,0.000150753203803442
12,0.1,26,0.023367369317971398,0.00015656959080908109,0.00011204984522563461,0.00015656959080908109
12,0.1,27,0.023418591585686096,0.0001626537630344259,0.00016265376303442592,0.00015492569730980813
12,0.1,28,0.023440470840896746,0.0001697763215161814,0.0001697763215161814,0.00015316400750210534
12,0.1,29,0.023421280779685517,0.00015094123771562857,0.00014705313532852583,0.00015094123771562857
12,0.1,30,0.023347357763616496,0.0001521631378716161,0.0001521631378716161,0.0001498470933515698
12,0.1,31,0.023374576677691886,0.00016724568314135496,0.00016724568314135498,0.00014535871532143422
12,0.1,32,0.02343760013544339,0.00018083302957758328,0.00018083302957758328,0.00015249724814849085
12,0.1,33,0.023229498282044254,0.0001563718162582786,0.00015187730786100725,0.0001563718162582786
12,0.1,34,0.02314357721892367,0.00018086728931334344,0.00018086728931334344,0.000153788606363557
12,0.1,35,0.023231520695452635,0.0001664130729178751,0.0001664130729178751,0.0001571930307482414
12,0.1,36,0.023262953833062785,0.00015559792459682932,0.00013634101716613448,0.00015559792459682932
12,0.1,37,0.02343916579992648,0.00015410928753135488,0.0001193534697899232,0.00015410928753135488
12,0.1,38,0.023482828521262874,0.00015781946431635009,0.00014992504483639187,0.00015781946431635009
12,0.1,39,0.023386691785893813,0.0001657523100036135,0.00015117673153475518,0.0001657523100036135
12,0.1,40,0.02339786840296559,0.0001615112457544558,0.0001474392293441368,0.0001615112457544558
12,0.1,41,0.023324945167809318,0.00015695176241852578,0.00015576376701991363,0.00015695176241852578
12,0.1,42,0.023409779672534714,0.00015929225245378304,0.00015151312453676858,0.00015929225245378304
12,0.1,43,0.023333682248474017,0.00016347020878499898,0.00016347020878499898,0.00014818368738554651
12,0.1,44,0.023403429453842106,0.00017328639137888073,0.00017328639137888073,0.00015187095137680055
12,0.1,45,0.0234265297905194,0.00015400728654660565,0.0001467103245782087,0.00015400728654660565
12,0.1,46,0.02334653857845985,0.00015300280078465938,0.00013858247456804686,0.00015300280078465938
12,0.1,47,0.023508644430424334,0.00016225152225205332,0.00016225152225205332,0.00015018105225518
12,0.1,48,0.023350924357322642,0.0001673735855957318,0.0001673735855957318,0.0001561414893030946
12,0.1,49,0.023395041377330505,0.00016377048155292025,0.00016377048155292025,0.00015741626243865678
12,0.1,50,0.023502215689898888,0.00016536932403477344,0.0001449068908292956,0.00016536932403477344
12,0.1,51,0.02347628614054914,0.0001667854595501666,0.0001560286030574924,0.0001667854595501666
12,0.1,52,0.023459781759117684,0.00016186760961280986,0.00015088405553061965,0.00016186760961280986
12,0.1,53,0.023362717343608234,0.00015772800434581038,0.0001317949943705671,0.00015772800434581038
12,0.1,54,0.023376100096772337,0.0001693311072399144,0.00013641724113701734,0.0001693311072399144
12,0.1,55,0.023292377448771617,0.00015658169503174354,0.00015129446666442765,0.00015658169503174354
12,0.1,56,0.023267360535372924,0.00015444112105360186,0.00013999853887296557,0.00015444112105360186
12,0.1,57,0.02346046929969349,0.00016761023469626348,0.00016761023469626346,0.00015536249564542326
12,0.1,58,0.023529224477747634,0.00015583238280872995,0.0001524435209786566,0.00015583238280872995
12,0.1,59,0.023473624585090294,0.0001598379981901912,0.00015983799819019117,0.00015498841542696865
12,0.1,60,0.023300836334028203,0.00015108110577552821,0.0001489456887147078,0.00015108110577552821
12,0.1,61,0.02338236606447253,0.00015365672017764588,0.00013609223725481433,0.00015365672017764588
12,0.1,62,0.023279283090854346,0.0001529678395020143,0.0001529678395020143,0.0001486081090028892
12,0.1,63,0.023460441665697544,0.00015245686122505945,0.00015160952390431932,0.00015245686122505945
12,0.1,64,0.02353396082336521,0.00015869301184549166,0.0001510377250447264,0.00015869301184549166
12,0.1,65,0.0234838759209721,0.00016796908393113382,0.0001679690839311338,0.00015527364604465667
12,0.1,66,0.023535715895187204,0.00017699766623196163,0.00017699766623196163,0.00015288046478632145
12,0.1,67,0.02368442010986784,0.00020601094613380665,0.00020601094613380665,0.00015941058321784676
12,0.1,68,0.023802175376293196,0.00022273290749661101,0.000222732907496611,0.0001580372602250684
12,0.1,69,0.02369390496743536,0.00020335354689625235,0.00020335354689625233,0.00016081152537657473
12,0.1,70,0.023717524255286646,0.00019583780796184703,0.00019583780796184703,0.000161227033466753
12,0.1,71,0.023737761955895165,0.00021881328155239543,0.00021881328155239543,0.00016463110113819403
12,0.1,72,0.023701799888699415,0.00020045953895800802,0.000200459538958008,0.00016062619814626833
12,0.1,73,0.02358345900398308,0.00023058759948156176,0.00023058759948156176,0.00016157495864384163
12,0.1,74,0.02371325991931178,0.00020801911953546902,0.000208019119535469,0.00016050933370057835
12,0.1,75,0.023600173118862422,0.00019953934649789555,0.00019953934649789552,0.00015587195022431167
12,0.1,76,0.023635139693492558,0.00017339864051446518,0.00017339864051446518,0.00016149568094259468
12,0.1,77,0.023696995804704125,0.00018874258227105425,0.00018874258227105422,0.0001666962581141312
12,0.1,78,0.023574831985941787,0.00018302475633226022,0.00018302475633226022,0.00016139075777894
12,0.1,79,0.02344125923407295,0.00016157249166650367,0.0001615317240816639,0.00016157249166650367
12,0.1,80,0.023416054664824652,0.0001614512572805206,0.00015200386444884018,0.0001614512572805206
12,0.1,81,0.0234252849861073,0.0001573119311856586,0.00014879737545731256,0.0001573119311856586
12,0.1,82,0.023437404620190356,0.00015619450667451716,0.00013830682947457606,0.00015619450667451716
12,0.1,83,0.02324774871499481,0.00014611718987436568,0.0001271810611028614,0.00014611718987436568
12,0.1,84,0.023321189860269233,0.0001661469199720038,0.0001661469199720038,0.0001555459097944716
12,0.1,85,0.02326015259390394,0.0001729707104680137,0.00017297071046801368,0.00015371890524987133
12,0.1,86,0.02328915645313779,0.00016998391904198603,0.00016998391904198603,0.00015346350196198733
12,0.1,87,0.023561017224576052,0.00016107611933156027,0.00016107611933156027,0.0001527280997627172
12,0.1,88,0.02370402012136652,0.00016131650815567699,0.00016131650815567696,0.0001586202956520198
12,0.1,89,0.02353794596727247,0.00017094071983810366,0.0001709407198381037,0.0001600867736567128
12,0.1,90,0.02352999818169666,0.00017151735063748827,0.00017151735063748827,0.00016252019409340973
12,0.1,91,0.023377003555642883,0.00015457114543697105,0.00013689287258994586,0.00015457114543697105
12,0.1,92,0.02348814806573872,0.00015463453296702512,0.0001331822639991124,0.00015463453296702512
12,0.1,93,0.023452474629743102,0.00015764623339114268,0.00015764623339114265,0.0001513260769942904
12,0.1,94,0.023523940230288202,0.00016818625668423676,0.00016818625668423676,0.00015775825909216385
12,0.1,95,0.023261669330671007,0.00015268647852318003,0.00012107886296045571,0.00015268647852318003
12,0.1,96,0.023193165635784652,0.00015537991005606792,0.00013969386892547766,0.00015537991005606792
12,0.1,97,0.023160700440248923,0.0001558967475582434,0.00014269576683448423,0.0001558967475582434
12,0.1,98,0.023194648868013208,0.00015367852827972487,0.00014666632931076835,0.00015367852827972487
12,0.1,99,0.023205569544762817,0.00015323487185651038,0.00014415760223528135,0.00015323487185651038
12,0.1,100,0.023069994432921535,0.00015446640060557708,0.00013310443655175646,0.00015446640060557708
12,0.1,101,0.023210650313034688,0.00015789251406535943,0.00015789251406535943,0.00015241176950992323
12,0.1,102,0.023169202237927424,0.00015785125727876554,0.00014972567104641802,0.00015785125727876554
12,0.1,103,0.02326000620244697,0.0001619801322002776,0.0001569348453312122,0.0001619801322002776
12,0.1,104,0.02333312830948511,0.00016208871494950884,0.00012848309308692566,0.00016208871494950884
12,0.1,105,0.02335917392276163,0.0001776274224656571,0.0001776274224656571,0.00015955372514172235
12,0.1,106,0.02316078382670065,0.00017017398106657672,0.00017017398106657672,0.0001615091415918299
12,0.1,107,0.02342334900692662,0.00018707117669545143,0.0001870711766954514,0.00015862859130349763
12,0.1,108,0.023181695035468367,0.00017813302933591266,0.00017813302933591263,0.000156404424715516
12,0.1,109,0.02313957329061846,0.00016235911907267966,0.00016235911907267966,0.00015736666462931885
12,0.1,110,0.023080010289625655,0.00017119991156292735,0.00017119991156292735,0.00015836146220188835
12,0.1,111,0.0231386085807012,0.00018073251418428783,0.00018073251418428786,0.00015917883096085516
12,0.1,112,0.022959641876205576,0.00014941650064620378,0.00010559938039137147,0.00014941650064620378
12,0.1,113,0.023091321639574686,0.0001590348706313936,0.00012629970371929206,0.0001590348706313936
12,0.1,114,0.02323424802234853,0.0001575862574709329,0.00013824121482623936,0.0001575862574709329
12,0.1,115,0.02327113850326222,0.00015714217502955593,0.00014942651624074598,0.00015714217502955593
12,0.1,116,0.02333832952223764,0.00018991086411310074,0.00018991086411310074,0.0001523469238795389
12,0.1,117,0.023130404249225522,0.0001584193089662462,0.0001584193089662462,0.0001441312248752944
12,0.1,118,0.02332277247318281,0.00016115747616050926,0.00016115747616050926,0.0001526902846601339
12,0.1,119,0.023340852426732853,0.00017941701203659304,0.00017941701203659304,0.00015672650512645018
12,0.1,120,0.023363327047131045,0.00017448021964124296,0.00017448021964124293,0.00015712029403736898
12,0.1,121,0.023541084560955085,0.00015576080257903815,0.00013939594865938738,0.00015576080257903815
12,0.1,122,0.02356290095411629,0.00016140676768199982,0.00011800400338824142,0.00016140676768199982
12,0.1,123,0.02332942027957026,0.00015790718899160027,0.00013199917752414756,0.00015790718899160027
12,0.1,124,0.023301042077601176,0.0001581797751575412,0.00011740977873986768,0.0001581797751575412
12,0.1,125,0.023454211158448295,0.00016918126569602773,0.00016918126569602773,0.00015700672964054694
12,0.1,126,0.023612358138926648,0.00015760538142225278,0.00013202818606805763,0.00015760538142225278
12,0.1,127,0.02357741296298064,0.00016541387393059821,0.0001476697462940675,0.00016541387393059821
12,0.1,128,0.02374280838963558,0.0001670534833414868,0.00014300661713044187,0.0001670534833414868
12,0.1,129,0.023546578796222895,0.00016250007368062174,0.00014520244578916576,0.00016250007368062174
12,0.1,130,0.023568559324762924,0.00019292112269010987,0.0001929211226901099,0.00016191512622605773
12,0.1,131,0.02367730514262436,0.00019910151813030085,0.00019910151813030087,0.00016354921691422703
12,0.1,132,0.023768165198448148,0.0002067206884575183,0.0002067206884575183,0.00016463471778717996
12,0.1,133,0.023725910923908786,0.00019321997646578112,0.00019321997646578112,0.0001618004572403841
12,0.1,134,0.023621980023676693,0.00016369572564712366,0.00013431488458865608,0.00016369572564712366
12,0.1,135,0.023497287631702522,0.00016204988234994942,0.00015492284951804924,0.00016204988234994942
12,0.1,136,0.023643351014785426,0.0001685764472919347,0.0001409709628056594,0.0001685764472919347
12,0.1,137,0.023542450184301802,0.00016356823551542715,0.0001363031906048258,0.00016356823551542715
12,0.1,138,0.023738511926122863,0.00017301767421823344,0.0001497879936722753,0.00017301767421823344
12,0.1,139,0.023714912321542537,0.0001744846420045392,0.0001744846420045392,0.00016699315214803751
12,0.1,140,0.02382322804547726,0.00019913955291679149,0.0001991395529167915,0.00016843015212901778
12,0.1,141,0.02366752407512769,0.00020553698932214263,0.00020553698932214266,0.00016879005339335732
12,0.1,142,0.023630549627045035,0.00017711529116698098,0.00017711529116698095,0.00016092742729315358
12,0.1,143,0.023659453128126604,0.00017203967289163398,0.00017203967289163398,0.00016500197082183846
12,0.1,144,0.023547883652121796,0.00017675608553040982,0.00017675608553040982,0.00016026500678905604
12,0.1,145,0.023590801457695695,0.00016484520931221857,0.00016484520931221857,0.00016452150952674398
12,0.1,146,0.02358004418052121,0.00016392325510512635,0.00015287034901709083,0.00016392325510512635
12,0.1,147,0.02380994204044118,0.00016843250190778385,0.00016843250190778385,0.00015786763352167215
12,0.1,148,0.02391354567357647,0.00015864987761870166,0.00015864987761870166,0.00015821104138957035
12,0.1,149,0.023822687214790146,0.0001604690999475858,0.00014705571271932311,0.0001604690999475858
12,0.1,150,0.023859438937622598,0.00016694199098899853,0.00015868948159007543,0.00016694199098899853
12,0.1,151,0.023874076273092668,0.00018024387402508756,0.00018024387402508756,0.0001620456873712522
12,0.1,152,0.02387285297293084,0.00016349769608514305,0.0001606312382495565,0.00016349769608514305
12,0.1,153,0.02373855245454403,0.00019348463296877744,0.00019348463296877744,0.0001610928429912851
12,0.1,154,0.023611221778152305,0.00016372702974339474,0.00016372702974339472,0.0001615133008850028
12,0.1,155,0.023616052325009254,0.00015989852826381684,0.0001409082001219018,0.00015989852826381684
12,0.1,156,0.023537066552475647,0.000168819735824105,0.00014590838818719367,0.000168819735824105
12,0.1,157,0.02375247673624014,0.0001695510016599882,0.00015354310815037124,0.0001695510016599882
12,0.1,158,0.023611549243816095,0.00017947760178212374,0.00017947760178212377,0.00016691358620337944
12,0.1,159,0.023482513637919998,0.00015945861793506351,0.00014835348833796118,0.00015945861793506351
12,0.1,160,0.02358790620384845,0.00015595910095317735,0.00014531934836914105,0.00015595910095317735
12,0.1,161,0.023588420724036004,0.00015518754898951882,0.00014628912553686275,0.00015518754898951882
12,0.1,162,0.023601968503925774,0.00015537965917125792,0.00014872685462353257,0.00015537965917125792
12,0.1,163,0.02351693299872231,0.00016096453619564183,0.00016096453619564185,0.00015793300981727698
12,0.1,164,0.023405655661916155,0.00015719368005905835,0.00015338273983183436,0.00015719368005905835
12,0.1,165,0.02332582763050896,0.00018357595283463794,0.00018357595283463794,0.00015517034119147852
12,0.1,166,0.023385536705032847,0.0001590005058359315,0.0001590005058359315,0.00015608430382524954
12,0.1,167,0.023327977540933718,0.00017429384512456726,0.00017429384512456726,0.00015213086875705126
12,0.1,168,0.02334471831935641,0.00016743595248677097,0.00016743595248677097,0.00015828803416992543
12,0.1,169,0.023187022554631273,0.00018675916637930345,0.00018675916637930345,0.00016064422524652793
12,0.1,170,0.023258712686454987,0.00016569315712975594,0.0001359337786829715,0.00016569315712975594
12,0.1,171,0.02329482287488166,0.00015704651805637404,0.00012402275844430223,0.00015704651805637404
12,0.1,172,0.023257271130666182,0.0001526257682270534,0.00011914890495030537,0.0001526257682270534
12,0.1,173,0.02312231903774792,0.00016493741422999613,0.00016493741422999613,0.00015578344331312966
12,0.1,174,0.023176466423416888,0.00014765177608121036,0.00014263071402715013,0.00014765177608121036
12,0.1,175,0.02313429343885063,0.00016754507820196805,0.00016754507820196805,0.0001509335760667918
12,0.1,176,0.023143077109430067,0.00018486189867828303,0.000184861898678283,0.00015223824186488515
12,0.1,177,0.023164005971906685,0.00016993932287445046,0.00016993932287445043,0.00015902015516079023
12,0.1,178,0.02298355076909736,0.0001529486274479959,0.00012726397353201072,0.0001529486274479959
12,0.1,179,0.022952321457413626,0.00015350778149228068,0.00013752350224545125,0.00015350778149228068
12,0.1,180,0.023246373255690407,0.0001613017626732807,0.0001613017626732807,0.00015848622661661965
12,0.1,181,0.023168287597882146,0.00015452310824975077,0.00015452310824975077,0.00015261102857575857
12,0.1,182,0.023372658353000397,0.00015409797291791823,0.00015409797291791823,0.00015332177804636138
12,0.1,183,0.023368281373631873,0.00015709100864512855,0.00015116331496679202,0.00015709100864512855
12,0.1,184,0.023243267312273712,0.00017185010754285846,0.00017185010754285844,0.0001647168851873357
12,0.1,185,0.023254467321187133,0.00017136979714840842,0.00017136979714840842,0.00015879395371794358
12,0.1,186,0.023269864111913282,0.00015189082596887263,0.00012403288997852587,0.00015189082596887263
12,0.1,187,0.02330891978740508,0.00017675792447559147,0.00017675792447559147,0.00015438488668919673
12,0.1,188,0.02313139847833156,0.00015521303401983802,0.00013658941786252966,0.00015521303401983802
12,0.1,189,0.023211966333114117,0.00015316028974891738,0.00014964731088908557,0.00015316028974891738
12,0.1,190,0.02319681366208828,0.0001672877391424406,0.00016728773914244057,0.00015168976284898368
12,0.1,191,0.023303564193373816,0.00017504148491056382,0.00017504148491056384,0.0001562804095869043
12,0.1,192,0.02329902560666332,0.0001571999274050286,0.00014842953559467218,0.0001571999274050286
12,0.1,193,0.023638253212287522,0.00016709497472170562,0.00016354200493944477,0.00016709497472170562
12,0.1,194,0.02368866117115187,0.0001897856002794291,0.00018978560027942907,0.00016693192218883616
12,0.1,195,0.02359640831575113,0.0001620354113623018,0.00016031308137483288,0.0001620354113623018
12,0.1,196,0.02364492739423219,0.000175942503601034,0.00017594250360103398,0.0001628142882675141
12,0.1,197,0.02374079145216963,0.0001601931989052807,0.00013837984550939557,0.0001601931989052807
12,0.1,198,0.023841250144616292,0.00015520111692334519,0.000154869143309426,0.00015520111692334519
12,0.1,199,0.023790275995083345,0.000174529897220925,0.000174529897220925,0.00016229549811028448
12,0.1,200,0.023652154568700314,0.00017179995968684308,0.00017179995968684308,0.00016125558318093734
12,0.1,201,0.02354720032129576,0.00015703050613642442,0.000140552190490952,0.00015703050613642442
12,0.1,202,0.023577672215191556,0.00016433441611060824,0.00015075864634026513,0.00016433441611060824
12,0.1,203,0.023258643315413646,0.00015751764636243927,0.00015751764636243927,0.00015527708319625026
12,0.1,204,0.023187786927210206,0.00015544794939058244,0.00013660768047947576,0.00015544794939058244
12,0.1,205,0.023146794021493812,0.00014745454970791226,0.00012789427833191075,0.00014745454970791226
12,0.1,206,0.023373292207504174,0.00015723879077155078,0.00015723879077155078,0.00015542114146470124
12,0.1,207,0.023382256280015758,0.00019621468240907337,0.00019621468240907337,0.00015626240636893585
12,0.1,208,0.023399253257825357,0.00018378799203347385,0.00018378799203347385,0.0001542193752921307
12,0.1,209,0.02343841690483913,0.00015787076536994378,0.00015758058579592557,0.00015787076536994378
12,0.1,210,0.023387134065495484,0.00015570285879152915,0.00012951880010836827,0.00015570285879152915
12,0.1,211,0.02322976073295563,0.00015656278978422948,0.00015222523133276623,0.00015656278978422948
12,0.1,212,0.023336507390932754,0.0001553492180835279,0.00014282760563955025,0.0001553492180835279
12,0.1,213,0.023324037544797303,0.00015354924877442766,0.0001470574872317435,0.00015354924877442766
12,0.1,214,0.023549663506988346,0.0001556077741192605,0.00013472335887315244,0.0001556077741192605
12,0.1,215,0.02330952621424659,0.0001496270921689394,0.00012429646090372478,0.0001496270921689394
12,0.1,216,0.023248563599498964,0.00015439190110906031,0.00013541883611756827,0.00015439190110906031
12,0.1,217,0.02320327545176552,0.00015475936659298383,0.00011805221732169458,0.00015475936659298383
12,0.1,218,0.023095062035287103,0.0001526577668879887,0.00014124927759541316,0.0001526577668879887
12,0.1,219,0.02323017566368346,0.0001516805024716339,0.00013072343453920235,0.0001516805024716339
12,0.1,220,0.02319520741149887,0.00015278329342530568,0.00014721792069857014,0.00015278329342530568
12,0.1,221,0.02315505842478037,0.00015019733377922512,0.00010922120459705591,0.00015019733377922512
12,0.1,222,0.023301299463098484,0.0001572509672866253,0.0001463601482856195,0.0001572509672866253
12,0.1,223,0.02341534635113015,0.00016632746174620352,0.00016632746174620352,0.00015457504061606236
12,0.1,224,0.02333968693422651,0.00016823394723122258,0.00016823394723122258,0.0001502038018690666
12,0.1,225,0.02321705172934628,0.00015617527128543743,0.00012510619791413733,0.00015617527128543743
12,0.1,226,0.02311215590394733,0.0001511478187525397,0.0001314307795586274,0.0001511478187525397
12,0.1,227,0.02316022828064238,0.00016756733425156407,0.00016756733425156407,0.00015141625054592177
12,0.1,228,0.023184562257650785,0.00016857770419051083,0.00016857770419051083,0.00015497886861142013
12,0.1,229,0.023116587934049467,0.0001704107744139339,0.0001704107744139339,0.00015101890389012548
12,0.1,230,0.023115240557144912,0.0001566385766126683,0.00014610885690741532,0.0001566385766126683
12,0.1,231,0.023021674488342466,0.0001590272800008655,0.0001590272800008655,0.00015719428094417514
12,0.1,232,0.023030302341722524,0.00018217823497720378,0.0001821782349772038,0.00015031445099881576
12,0.1,233,0.023258110609308793,0.00017616222070993543,0.00017616222070993543,0.00014863631507773818
12,0.1,234,0.0233182184980427,0.00017718076493111292,0.00017718076493111292,0.00015378901373878896
12,0.1,235,0.02337076796550438,0.00018324664041199858,0.00018324664041199858,0.00015936367854884579
12,0.1,236,0.023283287386046524,0.0001668761008843566,0.00016687610088435663,0.000159737951542563
12,0.1,237,0.023444137674579393,0.00016025609878609056,0.00013431366229759014,0.00016025609878609056
12,0.1,238,0.02348075859308347,0.00016035779313359013,0.00014934534101356927,0.00016035779313359013
12,0.1,239,0.023340903080835154,0.00016638962306726775,0.0001457151471464824,0.00016638962306726775
12,0.1,240,0.023233970546048806,0.0001619444100080079,0.00015122673494427337,0.0001619444100080079
12,0.1,241,0.023333074014050416,0.00018431144045632695,0.00018431144045632695,0.00015914682888923745
12,0.1,242,0.023210294252044957,0.0001634198010535374,0.00014503746363798482,0.0001634198010535374
12,0.1,243,0.023420529469964865,0.00016150130131269754,0.00016150130131269754,0.0001605290697174989
12,0.1,244,0.023465915289468793,0.0001748149115311611,0.0001748149115311611,0.00015742320601452872
12,0.1,245,0.023301836849620172,0.0001666585865516214,0.00015420949288185345,0.0001666585865516214
12,0.1,246,0.02340675413449148,0.00016688376055871878,0.00016688376055871878,0.00016466639106918655
12,0.1,247,0.023587099127043563,0.00016712870480629734,0.00014797981333316076,0.00016712870480629734
12,0.1,248,0.023514271016564784,0.00016662525143338382,0.000152166330942968,0.00016662525143338382
12,0.1,249,0.023503134111191544,0.0001681106926352296,0.00016383664967991799,0.0001681106926352296
12,0.1,250,0.023462920702998838,0.00016703405646655258,0.00016703405646655258,0.00015768382910443673
12,0.1,251,0.023386847263092866,0.00016998795475533967,0.00016998795475533967,0.0001461128478057208
12,0.1,252,0.023714730340026142,0.00018588581565562616,0.00018588581565562618,0.00015363450440703612
12,0.1,253,0.0235883504243151,0.00018198014408683945,0.00018198014408683943,0.00015621234992244028
12,0.1,254,0.023470366373752893,0.00016654854288515667,0.00016654854288515667,0.00015275367979097323
12,0.1,255,0.023584248726869112,0.00019562599660653395,0.00019562599660653395,0.00015653918106837668
12,0.1,256,0.023544430112820258,0.00019342515926136416,0.00019342515926136416,0.00015938958282395955
12,0.1,257,0.023596796227191085,0.00020071318390003844,0.00020071318390003844,0.0001542807876333256
12,0.1,258,0.02367549567988299,0.0002199301718319921,0.00021993017183199207,0.00015127300541135154
12,0.1,259,0.02349385513760564,0.0002188044286045481,0.0002188044286045481,0.00015142249949734083
12,0.1,260,0.023507360716473923,0.0001790985401428004,0.0001790985401428004,0.00015345593769894647
12,0.1,261,0.02337592172510521,0.0001586402150204028,0.0001586402150204028,0.0001524776829231688
12,0.1,262,0.023457372179615847,0.00016255066502225308,0.00016255066502225308,0.0001511195155102356
12,0.1,263,0.023544619982046367,0.00018480289990980113,0.0001848028999098011,0.0001575463325444807
12,0.1,264,0.023445457115106778,0.0001710015711715931,0.0001710015711715931,0.00016196799390056775
12,0.1,265,0.023675789402043148,0.00016597606735447058,0.00016597606735447058,0.00016328349987560357
12,0.1,266,0.023589756769158077,0.00015738595404315376,0.0001483836239535344,0.00015738595404315376
12,0.1,267,0.023371704287840512,0.00016396175304512226,0.00016396175304512226,0.0001543373886310871
12,0.1,268,0.023463990790253235,0.00015920076700612072,0.00013402808632436848,0.00015920076700612072
12,0.1,269,0.02346292894774888,0.00015571784249211382,0.00015278634574784466,0.00015571784249211382
12,0.1,270,0.02336136291474867,0.0001595884276198848,0.0001595884276198848,0.00015048480871870593
12,0.1,271,0.02339544415964405,0.00017028704547206817,0.00017028704547206817,0.0001551395736256258
12,0.1,272,0.023435876708836647,0.00017137192864020192,0.00017137192864020192,0.00015081592332823226
12,0.1,273,0.0235142410808014,0.00015292807584595645,0.00015171622686568806,0.00015292807584595645
12,0.1,274,0.02355960723157686,0.00016445949494701143,0.00016445949494701143,0.0001558122572536419
12,0.1,275,0.023441563192121914,0.00018248177264087122,0.00018248177264087125,0.00016206344502882588
12,0.1,276,0.023473750169289615,0.0001784574775598419,0.00017845747755984188,0.0001682442319873478
12,0.1,277,0.02336043163958539,0.0001678572964089675,0.00014852561107830443,0.0001678572964089675
12,0.1,278,0.02339922714809537,0.0001819020779911331,0.00018190207799113306,0.00017037383938780926
12,0.1,279,0.023487080075458428,0.00021406979829233396,0.00021406979829233396,0.00016441376009361907
12,0.1,280,0.02353612294401816,0.000209345702049012,0.00020934570204901196,0.00016402145534719957
12,0.1,281,0.023477387383669137,0.00018425292585909977,0.00018425292585909977,0.00015907011150853567
12,0.1,282,0.023411368139159467,0.00017567994958513037,0.00017567994958513035,0.00015728643907418792
12,0.1,283,0.023200832287562156,0.00015765644849980476,0.00015765644849980476,0.0001514502284324478
12,0.1,284,0.02313921015713374,0.0001527459132971696,0.00015274591329716958,0.00014940704391109527
12,0.1,285,0.02325783522742412,0.0001907198760533885,0.00019071987605338847,0.00015107557258202178
12,0.1,286,0.023318526312504053,0.00019408586502530386,0.00019408586502530384,0.00015234716665971923
12,0.1,287,0.023233597149351585,0.000221322619897645,0.000221322619897645,0.00015928124076926558
12,0.1,288,0.023311248887656292,0.00020028328634765551,0.00020028328634765551,0.00015258503218573474
12,0.1,289,0.023344169260725037,0.00022157443022263472,0.0002215744302226347,0.00015945045741708587
12,0.1,290,0.02326538513948346,0.00018099875966992875,0.00018099875966992875,0.00015157660798759606
12,0.1,291,0.023285192935657187,0.00017294955996405493,0.00017294955996405493,0.0001520616672261451
12,0.1,292,0.023329682826210833,0.00017549009153787896,0.00017549009153787896,0.00015400996772659437
12,0.1,293,0.023281440407076175,0.0001547953477211266,0.00015040908405609287,0.0001547953477211266
12,0.1,294,0.02325399004753671,0.00016532649086744902,0.000165326490867449,0.00015471207079444904
12,0.1,295,0.02331874859378991,0.00020223275398412277,0.0002022327539841228,0.00016416926165489353
12,0.1,296,0.023425071988535013,0.00022580359223570729,0.00022580359223570726,0.0001661840672870438
12,0.1,297,0.023473348486847127,0.0002231870910964623,0.0002231870910964623,0.000167449417906034
12,0.1,298,0.023432983318957056,0.0001878529110939744,0.0001878529110939744,0.0001651341433166465
12,0.1,299,0.023438356632806332,0.00019014522221309904,0.00019014522221309904,0.0001645986696070989
12,0.1,300,0.02337597028574736,0.00015867359996769205,0.0001444268179232836,0.00015867359996769205
12,0.1,301,0.023194594800371802,0.0001701589384832873,0.0001701589384832873,0.00015881392872381226
12,0.1,302,0.023338216021364124,0.00018784355040246076,0.00018784355040246076,0.00015933937689540886
12,0.1,303,0.02327096739812529,0.00019317006900813658,0.00019317006900813655,0.0001545538757502334
12,0.1,304,0.023255750418280496,0.00017368239143904175,0.00017368239143904175,0.00016290353405675587
12,0.1,305,0.023195979306768186,0.00016343661837074454,0.00016343661837074454,0.0001597429220141435
12,0.1,306,0.02323517819987133,0.00017654468435038075,0.00017654468435038078,0.00016470662069439706
12,0.1,307,0.023177891163520967,0.0001958612608691061,0.0001958612608691061,0.0001603838521885155
12,0.1,308,0.023072498146589387,0.00018282327306021401,0.00018282327306021404,0.00015754173730623072
12,0.1,309,0.023379799148529532,0.00018887069033832183,0.00018887069033832185,0.00016032721978575707
12,0.1,310,0.023372585734934517,0.00017116517707976711,0.0001711651770797671,0.00015817185668150812
12,0.1,311,0.023601441231556455,0.000166199402605895,0.00016619940260589498,0.00015966455841312643
12,0.1,312,0.0236093986985707,0.00016194011132958822,0.0001619401113295882,0.0001569165579117958
12,0.1,313,0.023372316926625825,0.00017312014227809634,0.00017312014227809634,0.0001588564612519548
12,0.1,314,0.023171123842882575,0.0001721894584595016,0.0001721894584595016,0.00015206667244218623
12,0.1,315,0.023069377834758337,0.0001631827981724365,0.00016318279817243648,0.00015611372554873442
12,0.1,316,0.023259042394289057,0.00017962852380174325,0.00017962852380174325,0.00015856896785049592
12,0.1,317,0.023400093887947834,0.00016146472412748765,0.00016146472412748765,0.0001524906651679208
12,0.1,318,0.023382697324490387,0.0001564944098337164,0.00015602032928623957,0.0001564944098337164
12,0.1,319,0.023287752895090517,0.00016684028008858885,0.00016684028008858885,0.00015624065094271814
12,0.1,320,0.023481672716482205,0.00016087886328677568,0.00016087886328677568,0.00015574151796721167
12,0.1,321,0.023273367930056167,0.00016305156716467928,0.00016305156716467926,0.00015602104305875616
12,0.1,322,0.023358130108353976,0.00015243896917087872,0.00014198163219002262,0.00015243896917087872
12,0.1,323,0.023295624403650687,0.0001522656200022534,0.00014189312404402704,0.0001522656200022534
12,0.1,324,0.023259302224736874,0.00016094558626575633,0.00016094558626575633,0.00015870024362744055
12,0.1,325,0.023155725815219085,0.00015497265415282362,0.0001473608887064343,0.00015497265415282362
12,0.1,326,0.023134816474002052,0.0001541483373438162,0.00014487780946331708,0.0001541483373438162
12,0.1,327,0.023408193998782786,0.0001600685793121141,0.0001600685793121141,0.00015110194335539765
12,0.1,328,0.023494742476350274,0.0001582303507921061,0.000158149776725803,0.0001582303507921061
12,0.1,329,0.023452184305261307,0.00019158179409311713,0.00019158179409311713,0.00015671681523055496
12,0.1,330,0.02330363447593297,0.00020420074821075106,0.00020420074821075106,0.0001505775380515774
12,0.1,331,0.023193572967067734,0.00017598273862141458,0.00017598273862141456,0.00015600646095690766
12,0.1,332,0.023063153512799115,0.00014978138947661235,0.00014978138947661232,0.00014702435567583123
12,0.1,333,0.02317493560944787,0.00015805895868004964,0.00014756381168458773,0.00015805895868004964
12,0.1,334,0.023293713629103176,0.0001535711231249418,0.00015149595450697668,0.0001535711231249418
12,0.1,335,0.023410882018261466,0.00015416700898606263,0.00015416700898606263,0.00014924259352711464
12,0.1,336,0.02336034638328793,0.00014880813746488795,0.00014415068639291468,0.00014880813746488795
12,0.1,337,0.02342676206076496,0.00015569416488692253,0.00015569416488692253,0.00015151703310794056
12,0.1,338,0.023241296075524734,0.0001831648139852148,0.0001831648139852148,0.00015479907063968004
12,0.1,339,0.02323264610741665,0.00015166434203469663,0.00014620854048570352,0.00015166434203469663
12,0.1,340,0.023340778578046017,0.00019905633325670844,0.00019905633325670842,0.0001525121743630006
12,0.1,341,0.02334679643273772,0.00018219276405426657,0.0001821927640542666,0.00016275276267008914
12,0.1,342,0.023387016085075367,0.00018679266947620881,0.00018679266947620881,0.00016554257476882457
12,0.1,343,0.023467898584585242,0.0002053767831908733,0.00020537678319087333,0.00015888912544283413
12,0.1,344,0.023373148253930755,0.00018999674838873814,0.00018999674838873814,0.00015679260580642125
12,0.1,345,0.02325262409884208,0.00018857519143262977,0.00018857519143262977,0.00016295418115985492
12,0.1,346,0.023390972299155356,0.00018991220664572926,0.00018991220664572924,0.00015414487274660946
12,0.1,347,0.02349187806227396,0.00016834036881651385,0.00016834036881651387,0.00015189219211604732
12,0.1,348,0.023585743757707948,0.00015129138673962206,0.00014906599609809234,0.00015129138673962206
12,0.1,349,0.02339404155745731,0.00016052956999305684,0.00016052956999305684,0.00015210048516757157
12,0.1,350,0.023281439151444094,0.00016424538132956,0.00016424538132956,0.0001593973312283525
12,0.1,351,0.023240565186015194,0.00018157206263434106,0.00018157206263434106,0.00015502987911707172
12,0.1,352,0.02307699108044132,0.00016159218435446245,0.0001433376735392526,0.00016159218435446245
12,0.1,353,0.02321959225060614,0.00016430916090324487,0.0001643091609032449,0.00016264662334304525
12,0.1,354,0.023194757171355933,0.0001863125549404274,0.0001863125549404274,0.00015618101578484278
12,0.1,355,0.023195208499188245,0.00021223327421349505,0.00021223327421349505,0.00015514369731572857
12,0.1,356,0.02324272123465095,0.00018814859976297427,0.00018814859976297427,0.00015319586225951315
12,0.1,357,0.023189060770610857,0.000184352717478118,0.00018435271747811797,0.00014973881596610212
12,0.1,358,0.02322097371830195,0.00020037038946649183,0.0002003703894664918,0.00015247787982776117
12,0.1,359,0.023298759436654305,0.00017952999072590143,0.0001795299907259014,0.00015404621003888873
12,0.1,360,0.023141577846716496,0.00017691453196628184,0.00017691453196628184,0.0001536443401833021
12,0.1,361,0.023147680696761184,0.0001925149413778931,0.00019251494137789314,0.0001571379423872065
12,0.1,362,0.023188551250673022,0.000214207228202558,0.000214207228202558,0.0001576326218053897
12,0.1,363,0.023166186157435254,0.0001714230860628485,0.0001714230860628485,0.00015819309351221787
12,0.1,364,0.023102435006784827,0.0001586464509292203,0.0001586464509292203,0.000157925249150784
12,0.1,365,0.023009787219790863,0.00015779736081312804,0.00015516186948824831,0.00015779736081312804
12,0.1,366,0.023004408131199933,0.00015584251690345868,0.00015584251690345865,0.0001459201648526471
12,0.1,367,0.0229286896835615,0.00016220923559666904,0.00016220923559666904,0.00015083020109049833
12,0.1,368,0.022934639209269952,0.00015131828460060394,0.00013993215703765092,0.00015131828460060394
12,0.1,369,0.02314879644366279,0.00016383531299310583,0.00016383531299310583,0.0001548656608928821
12,0.1,370,0.023212413130103995,0.00016395867473971098,0.00016395867473971098,0.00015652209283447438
12,0.1,371,0.023223463423875053,0.00015389933953485126,0.00012096370365720588,0.00015389933953485126
12,0.1,372,0.02334486819991155,0.00015744521974968092,0.0001441059365185318,0.00015744521974968092
12,0.1,373,0.023356674378533362,0.00016016465788625567,0.00016016465788625567,0.00015370433221994595
12,0.1,374,0.023275097479197766,0.00014927683381955325,0.00014927683381955322,0.00014875525606891247
12,0.1,375,0.023254453297831473,0.00015151038425091385,0.0001478864068851413,0.00015151038425091385
12,0.1,376,0.02355079103119374,0.00015443111479382162,0.00015327450986144967,0.00015443111479382162
12,0.1,377,0.023293086263015055,0.00018750710798168529,0.00018750710798168529,0.00015593517507171185
12,0.1,378,0.02330163412421234,0.00019400316947762764,0.00019400316947762762,0.00015515385558735427
12,0.1,379,0.02340399044892311,0.00019743471070242182,0.00019743471070242182,0.00015364717246857962
12,0.1,380,0.023380934299796076,0.00018702052039853672,0.00018702052039853672,0.00015664928376607512
12,0.1,381,0.02331661910815742,0.0001597800944765552,0.0001597800944765552,0.0001509971554740852
12,0.1,382,0.023368816638114232,0.00017912900854263178,0.00017912900854263178,0.00015601782390526158
12,0.1,383,0.02361796485943106,0.00017976519927558916,0.00017976519927558916,0.00016241167343989608
12,0.1,384,0.023500314876656294,0.000176412123242259,0.000176412123242259,0.0001604747639365504
12,0.1,385,0.023422938776430372,0.00016290709737780263,0.00016002200269529072,0.00016290709737780263
12,0.1,386,0.023371521275332655,0.00016571816267673927,0.00016571816267673924,0.00016362529167018177
12,0.1,387,0.02338857628973374,0.00016513969896398036,0.00016513969896398033,0.00016415485170536475
12,0.1,388,0.023472028758872124,0.00016634971964618744,0.00016587946356130887,0.00016634971964618744
12,0.1,389,0.02354339214928687,0.0001805589846779324,0.0001805589846779324,0.0001581503976507189
12,0.1,390,0.02352375530367924,0.0001931754054556636,0.00019317540545566364,0.0001537333847018607
12,0.1,391,0.023627649664762572,0.00019437354836260708,0.00019437354836260708,0.00015479198939858304
12,0.1,392,0.023657944162350626,0.00015253224437108149,0.00015165194728589758,0.00015253224437108149
12,0.1,393,0.02358707377494258,0.00015412884276146352,0.0001541288427614635,0.0001491846489525231
12,0.1,394,0.023392405305437812,0.00018949612129084614,0.00018949612129084614,0.00015341347821204806
12,0.1,395,0.023471617342514565,0.0001901130378396286,0.0001901130378396286,0.00015592601769892606
12,0.1,396,0.023324941115030043,0.0001661259648399416,0.00015794712119983803,0.0001661259648399416
12,0.1,397,0.023344942541715333,0.00017291679014501496,0.00017291679014501496,0.00016107087083235908
12,0.1,398,0.02345069867472959,0.0001718284582813014,0.0001718284582813014,0.00016293641778966983
12,0.1,399,0.02346500011953543,0.0001800685117624616,0.00018006851176246156,0.00015920806789194539
12,0.1,400,0.023470429071035474,0.00016265856036607327,0.00014589916885456285,0.00016265856036607327
12,0.1,401,0.02335595727523855,0.000162075127998086,0.00014830298858295826,0.000162075127998086
12,0.1,402,0.02331222584894206,0.00015850164358674097,0.00014699772870046212,0.00015850164358674097
12,0.1,403,0.02335856074086928,0.00016924082371892987,0.00016924082371892987,0.0001576459898196964
12,0.1,404,0.023382039518548208,0.00017521528059838884,0.00017521528059838884,0.00015542145836197326
12,0.1,405,0.023540577811097547,0.0001585608159760553,0.00015112920903576928,0.0001585608159760553
12,0.1,406,0.023333875247474926,0.00015175254788856403,0.00014330609618879375,0.00015175254788856403
12,0.1,407,0.023222561466935427,0.00015835456440457327,0.00015835456440457327,0.0001571476192760199
12,0.1,408,0.023268323794823756,0.00016276591071925415,0.00016276591071925415,0.0001520923024828467
12,0.1,409,0.023198578160070496,0.00014964625875806998,0.0001474572392846302,0.00014964625875806998
12,0.1,410,0.02342281148326596,0.00015076529268060149,0.00015076529268060149,0.00014750250816734114
12,0.1,411,0.02345605005424243,0.0001673409975419975,0.00016734099754199747,0.00015027895764208233
12,0.1,412,0.02349113416854935,0.00015997661724421455,0.00015997661724421455,0.00015939369937560698
12,0.1,413,0.02346223255531369,0.00015993571862715354,0.00015747638514660906,0.00015993571862715354
12,0.1,414,0.023563398568924743,0.00016679788348188893,0.00014277794013620458,0.00016679788348188893
12,0.1,415,0.023417268256205034,0.00018187425358177613,0.00018187425358177616,0.00015718120193552605
12,0.1,416,0.023404901388245702,0.00018152400598976057,0.00018152400598976057,0.0001543328380439167
12,0.1,417,0.023489332455058864,0.0001659485411938075,0.00016594854119380748,0.0001567023991739948
12,0.1,418,0.023239418863247156,0.0001683932775259398,0.00016839327752593984,0.00014515798330413086
12,0.1,419,0.023240719233128204,0.0001833063783963528,0.00018330637839635282,0.000148838835201673
12,0.1,420,0.023202754003361317,0.00016631322868832416,0.00016631322868832416,0.00014943756543998497
12,0.1,421,0.02331413710013612,0.0001614498360296849,0.0001614498360296849,0.00014868153013087733
12,0.1,422,0.023045363814599422,0.00015103850890071363,0.00014002416597153723,0.00015103850890071363
12,0.1,423,0.023098490250433413,0.0001515001166009752,0.0001506595437072207,0.0001515001166009752
12,0.1,424,0.023088899870582224,0.00015316753383536738,0.00015316753383536738,0.00015228415390110956
12,0.1,425,0.023059617062740675,0.0001668763125165686,0.0001668763125165686,0.00015555470224103198
12,0.1,426,0.023242624774549983,0.00015604255467823488,0.0001310264452138122,0.00015604255467823488
12,0.1,427,0.023348628920009065,0.0001577043331575253,0.00014336798826177885,0.0001577043331575253
12,0.1,428,0.02335637260251573,0.00015865488035452836,0.00015041302518863044,0.00015865488035452836
12,0.1,429,0.023359164225365655,0.00015917088966185955,0.00012927338024375774,0.00015917088966185955
12,0.1,430,0.023541647498784273,0.00015698515235887904,0.000126716615440314,0.00015698515235887904
12,0.1,431,0.02360148126100416,0.00015897514775751906,0.00013577074991052776,0.00015897514775751906
12,0.1,432,0.023516835243619843,0.00015218411845986155,0.0001246272768398331,0.00015218411845986155
12,0.1,433,0.02332898102732917,0.00015925906576954145,0.00012352355196999784,0.00015925906576954145
12,0.1,434,0.02333331242733512,0.00015717474524225123,0.00013781241204360474,0.00015717474524225123
12,0.1,435,0.023209816352570366,0.00015971628631334338,0.0001510760910314441,0.00015971628631334338
12,0.1,436,0.02329170415299383,0.00015685610050197762,0.00013684835637686174,0.00015685610050197762
12,0.1,437,0.02333223063515996,0.0001743717669885974,0.00017437176698859738,0.00015636628919327289
12,0.1,438,0.02318230297333828,0.00016417913880605064,0.0001641791388060506,0.0001609309929948355
12,0.1,439,0.023255119384135856,0.00015812413608162602,0.0001454096171561312,0.00015812413608162602
12,0.1,440,0.023216148743981525,0.0001584714657768819,0.00015402694899780968,0.0001584714657768819
12,0.1,441,0.0233140026856693,0.00015560370090905137,0.0001378818698951966,0.00015560370090905137
12,0.1,442,0.023344345696499746,0.00015517083027091655,0.00015517083027091655,0.000154833948704084
12,0.1,443,0.023298455001567228,0.00018698763814299684,0.00018698763814299684,0.00015628961060001304
12,0.1,444,0.023359445611829413,0.00015790822842061232,0.00015790822842061232,0.00015629984271872552
12,0.1,445,0.023508468529783107,0.00016507729849720316,0.00013149006245731122,0.00016507729849720316
12,0.1,446,0.023458748274238526,0.00016065392768441108,0.0001556470858077486,0.00016065392768441108
12,0.1,447,0.023505012436213748,0.00019004810312602614,0.00019004810312602617,0.00016782520589160986
12,0.1,448,0.023377240030264625,0.00017383846282645183,0.00017383846282645183,0.00016211595961925778
12,0.1,449,0.02340474613032395,0.00018992086661199508,0.00018992086661199508,0.00016209725549861263
12,0.1,450,0.023422495990639704,0.0002219170569151873,0.0002219170569151873,0.00015795430199017947
12,0.1,451,0.023465956348984445,0.00018519412299245963,0.00018519412299245963,0.00016362392077817411
12,0.1,452,0.02355039405767925,0.0001845192671689216,0.0001845192671689216,0.00016406197547985495
12,0.1,453,0.023354252780907303,0.00016125358521641494,0.00015820901320116155,0.00016125358521641494
12,0.1,454,0.02328375302646604,0.00016562835907110894,0.00015113476908929323,0.00016562835907110894
12,0.1,455,0.023337138310423285,0.00017574640648594192,0.00017574640648594192,0.00016894698549751113
12,0.1,456,0.02327159927356771,0.00019511167233181588,0.00019511167233181588,0.00016291969032651587
12,0.1,457,0.023210702349757244,0.0001769737077473137,0.0001769737077473137,0.0001638199842049605
12,0.1,458,0.023239674625328593,0.00018453625288471763,0.00018453625288471763,0.00016645131563024392
12,0.1,459,0.023217447254590583,0.00019714471403774062,0.00019714471403774065,0.00016611599846862944
12,0.1,460,0.023355556394358924,0.00018757905322956564,0.00018757905322956567,0.00016896260408322424
12,0.1,461,0.023510077789849006,0.0001705320482267326,0.00015531998258147222,0.0001705320482267326
12,0.1,462,0.023511522663105657,0.00016697360840830578,0.00016442306651582087,0.00016697360840830578
12,0.1,463,0.023452020743059146,0.00016521380122440645,0.0001537215538832074,0.00016521380122440645
12,0.1,464,0.023342507855207643,0.00016064094301762786,0.00013900541990678346,0.00016064094301762786
12,0.1,465,0.023422937269309198,0.00016414962360706328,0.00015169924607044818,0.00016414962360706328
12,0.1,466,0.023151951837756257,0.0001555553726935125,0.0001403632336205427,0.0001555553726935125
12,0.1,467,0.023089140584960515,0.0001494373356210654,0.00013917559333564584,0.0001494373356210654
12,0.1,468,0.023223776816740316,0.0001571730402441296,0.0001571730402441296,0.0001524879386463921
12,0.1,469,0.023322314980757576,0.00017223126976784363,0.00017223126976784363,0.00014922455859814177
12,0.1,470,0.0233653604952842,0.00014811182028229915,0.00014194871257736875,0.00014811182028229915
12,0.1,471,0.023172603951942705,0.0001646290484135505,0.0001646290484135505,0.00014259260907581065
12,0.1,472,0.023208278609153872,0.0001703079455254151,0.0001703079455254151,0.0001493430001038041
12,0.1,473,0.02319464317557258,0.00014531137283584113,0.00013657729796149253,0.00014531137283584113
12,0.1,474,0.023308572894345344,0.0001660925577210621,0.0001660925577210621,0.00015123583777567655
12,0.1,475,0.02328217472458466,0.00017949523755627698,0.00017949523755627698,0.00015032388438854355
12,0.1,476,0.023206387970573953,0.00017256422784146759,0.00017256422784146759,0.0001513305974980145
12,0.1,477,0.023416660804646217,0.00018794291253924382,0.00018794291253924382,0.00015259752181237722
12,0.1,478,0.02346167361026362,0.00018068039021135282,0.0001806803902113528,0.00015227033885547504
12,0.1,479,0.023470774456369508,0.00017111115503098693,0.00017111115503098693,0.0001523675604177701
12,0.1,480,0.023603118935198935,0.00018700383837424862,0.00018700383837424862,0.00016224754353107103
12,0.1,481,0.02362351666070916,0.00019644368799317033,0.0001964436879931703,0.0001643009779306902
12,0.1,482,0.023620711939335882,0.00023268959992070253,0.00023268959992070253,0.00016234450803687746
12,0.1,483,0.023387514425861993,0.0001828475160631613,0.0001828475160631613,0.0001577968579845056
12,0.1,484,0.023387737295785114,0.000172894112678731,0.000172894112678731,0.00015681280631834162
12,0.1,485,0.023415061384815583,0.0001750951494056373,0.00017509514940563728,0.0001582920832525118
12,0.1,486,0.023287718389021675,0.00015405178263572627,0.0001404964472461501,0.00015405178263572627
12,0.1,487,0.0233184326234711,0.00014704995978247887,0.00014704995978247887,0.0001467941892770976
12,0.1,488,0.02339122255482853,0.0001550134613518133,0.0001550134613518133,0.00014550448232222865
12,0.1,489,0.023294030815475215,0.00015409521580902439,0.00015409521580902439,0.0001485500348925505
12,0.1,490,0.023505538250362678,0.00015561626305519614,0.00014046559934343438,0.00015561626305519614
12,0.1,491,0.023384109043899405,0.00016130648059610258,0.00016130648059610258,0.00014894101925344786
12,0.1,492,0.02353231265033671,0.00018252807280869272,0.00018252807280869272,0.0001511818745849459
12,0.1,493,0.02352274732075449,0.00020373458143533704,0.00020373458143533704,0.00015602479531910904
12,0.1,494,0.02350525761926284,0.00021363045610096768,0.00021363045610096768,0.0001580753090698835
12,0.1,495,0.023553503197568753,0.00017342146186177522,0.00017342146186177522,0.00015207847739374112
12,0.1,496,0.023675195042722218,0.00018097598037649534,0.00018097598037649534,0.00015788583403818698
12,0.1,497,0.023776296390489438,0.00018448069245683685,0.00018448069245683685,0.00015472580586621022
12,0.1,498,0.02377552635682894,0.00017009463380389248,0.00017009463380389248,0.00014910823806206278
12,0.1,499,0.02378837781201357,0.00018697225713070267,0.00018697225713070267,0.00015366485714806465
12,0.1,500,0.023750963230656903,0.00017383582981035173,0.00017383582981035173,0.00015640913183727698
12,0.2,0,0.08286643867935804,0.0003100949764574447,0.0003100949764574447,0.0002504564238029238
12,0.2,1,0.050357735546351215,0.0002524716120625967,0.0002524716120625967,0.0002403283514537693
12,0.2,2,0.0364420883845518,0.00021240512161531679,0.00021240512161531679,0.00020707914833313287
12,0.2,3,0.02993776161050349,0.0002111381805389351,0.00021113818053893508,0.0001767384280613212
12,0.2,4,0.02661518890733622,0.00016934196106927886,0.0001693419610692789,0.0001639357977282553
12,0.2,5,0.02470587520815885,0.00016023974094356037,0.00016023974094356037,0.00015813692112763718
12,0.2,6,0.023577701789793595,0.00014482964393702907,0.0001428245579540106,0.00014482964393702907
12,0.2,7,0.02286124160635115,0.0001401842183391806,0.00013405633020496463,0.0001401842183391806
12,0.2,8,0.022522395318173124,0.0001362367254663167,0.0001305140357368504,0.0001362367254663167
12,0.2,9,0.02241203906019678,0.0001403870108580517,0.0001403870108580517,0.00013794433243604877
12,0.2,10,0.022195274170617507,0.0001439289144057141,0.0001439289144057141,0.00013388955023683617
12,0.2,11,0.021971371336340004,0.000145789517828298,0.000145789517828298,0.0001316710335930898
12,0.2,12,0.021921681036404937,0.00013487450750921884,0.00012586305278478185,0.00013487450750921884
12,0.2,13,0.021931850768705897,0.0001380191997256177,0.00013793691669782265,0.0001380191997256177
12,0.2,14,0.021787176582319105,0.00014610767927581412,0.00014610767927581412,0.0001331746816722954
12,0.2,15,0.02185498718366446,0.00016007738139050734,0.00016007738139050734,0.0001322542500965579
12,0.2,16,0.02184816492090215,0.0001436005502618393,0.00014360055026183926,0.00013154211941666458
12,0.2,17,0.02175582957720688,0.00014627452574316643,0.00014627452574316643,0.0001310612147415787
12,0.2,18,0.021683318444464004,0.00012781100215206138,0.00012636685999689985,0.00012781100215206138
12,0.2,19,0.02187233940318706,0.00012625868169945738,0.00012207259416579608,0.00012625868169945738
12,0.2,20,0.021812408325136357,0.00012504761246673508,9.805934327078765e-05,0.00012504761246673508
12,0.2,21,0.021744956605092756,0.0001281062406394034,0.00010049222271113211,0.0001281062406394034
12,0.2,22,0.021901807477589408,0.00013716301884911946,0.00013716301884911946,0.00013065560596630887
12,0.2,23,0.021784081493158563,0.00013363526718409205,0.00012313306673117017,0.00013363526718409205
12,0.2,24,0.0218503475907776,0.00013639353302980254,0.00013639353302980254,0.00013083950881157273
12,0.2,25,0.021875422836397443,0.00013537334595614645,0.00013537334595614645,0.0001293523557140267
12,0.2,26,0.021896678237140286,0.00013511064534635296,0.000135110645346353,0.00012494553092225522
12,0.2,27,0.021890887047297435,0.00013265490003819516,0.0001238511118266857,0.00013265490003819516
12,0.2,28,0.02185675393318083,0.0001297189135590945,0.00012714991630496684,0.0001297189135590945
12,0.2,29,0.021777880158941377,0.00013150904172715974,0.00012443185093053596,0.00013150904172715974
12,0.2,30,0.021770108009897253,0.00014258326829667673,0.00014258326829667673,0.00012732454558055865
12,0.2,31,0.021962189672092056,0.00013082663123561156,0.00013055530902104335,0.00013082663123561156
12,0.2,32,0.021900512394014585,0.00013888411630392957,0.0001388841163039296,0.00013178829072769656
12,0.2,33,0.02176274923922303,0.00015069488248782017,0.00015069488248782014,0.00012997452501447855
12,0.2,34,0.02179468634097855,0.00012818991378943964,0.00012778667984757186,0.00012818991378943964
12,0.2,35,0.021717615123840905,0.00014152094864770885,0.00014152094864770885,0.0001294955531919719
12,0.2,36,0.021788622229800523,0.00013820502363122338,0.00013820502363122338,0.00013162907488166055
12,0.2,37,0.0218103793953902,0.0001313968868104409,0.00011874583215027125,0.0001313968868104409
12,0.2,38,0.021667499779530065,0.00012893914014504824,0.00012714737789081167,0.00012893914014504824
12,0.2,39,0.02152476791206558,0.0001515038823156657,0.00015150388231566567,0.00012696736188200222
12,0.2,40,0.021607652742032333,0.00014653432379230463,0.00014653432379230463,0.0001271458662366029
12,0.2,41,0.02161372056712736,0.0001338646789593578,0.00013386467895935776,0.0001281416536044176
12,0.2,42,0.02160596354981074,0.00013073913560120946,0.00013073913560120946,0.00012713673576152302
12,0.2,43,0.021627151785597105,0.0001405203959548516,0.0001405203959548516,0.0001240630454289584
12,0.2,44,0.021485695070656573,0.00012064762573181016,0.00012064762573181016,0.00011988175048699813
12,0.2,45,0.021720624817247968,0.00012581818360867347,0.00011666898994546385,0.00012581818360867347
12,0.2,46,0.021727046447884084,0.00012855105301579374,0.00010877806504367197,0.00012855105301579374
12,0.2,47,0.02185907603000987,0.00013491981802670657,0.00011368230644416478,0.00013491981802670657
12,0.2,48,0.02191271630345205,0.0001314811125902185,0.00010100154788852436,0.0001314811125902185
12,0.2,49,0.021709031517147436,0.00013014119325828282,0.00011149611474223425,0.00013014119325828282
12,0.2,50,0.021690304739634972,0.00013089607947582344,0.00012981870814258902,0.00013089607947582344
12,0.2,51,0.021932484398845414,0.00013326395022441142,0.00010733159177292685,0.00013326395022441142
12,0.2,52,0.021876971626324206,0.000153586442890306,0.000153586442890306,0.0001271550134939927
12,0.2,53,0.021860770817194078,0.00013872146082913238,0.00013872146082913238,0.000124944561263803
12,0.2,54,0.022004374717739014,0.00013431854942947403,0.000134318549429474,0.00012839995816439338
12,0.2,55,0.022010207603683978,0.0001371847380604881,0.0001371847380604881,0.00013285302722446126
12,0.2,56,0.021710387673054898,0.00013127132368457477,0.00012926012341349716,0.00013127132368457477
12,0.2,57,0.021938994749119915,0.00013134683258172414,0.00013134683258172417,0.0001270020961103872
12,0.2,58,0.02177184053545369,0.00015122417316378476,0.00015122417316378476,0.00013205766011138915
12,0.2,59,0.021694354706116678,0.0001558590912580662,0.0001558590912580662,0.00013138787679227792
12,0.2,60,0.021878206839480118,0.0001434014049959311,0.0001434014049959311,0.00012897745280306678
12,0.2,61,0.021871759513675284,0.00013072607473549992,0.00011201470954243283,0.00013072607473549992
12,0.2,62,0.0218662678398435,0.00013355992278490326,0.00011467017770276416,0.00013355992278490326
12,0.2,63,0.021871021567920233,0.00013710285827350796,0.00013710285827350796,0.0001357364574491653
12,0.2,64,0.021822411453319635,0.00013088142533917857,0.00010761422781488617,0.00013088142533917857
12,0.2,65,0.02176338887762639,0.00013723187755821783,0.00013723187755821783,0.00013202489743342261
12,0.2,66,0.021617421784528343,0.00013039218474755307,0.00011683300046343102,0.00013039218474755307
12,0.2,67,0.02174564992701632,0.00013373223732442662,0.0001204556371498738,0.00013373223732442662
12,0.2,68,0.02188919662781439,0.0001621870567925533,0.0001621870567925533,0.00012919141468574775
12,0.2,69,0.021958049148082755,0.00015187210207979245,0.00015187210207979245,0.000131272377674137
12,0.2,70,0.022054924426099392,0.00013120807733814157,0.00012461051372555847,0.00013120807733814157
12,0.2,71,0.021902448521084205,0.00013591938983864988,0.00013591938983864988,0.0001300930513298463
12,0.2,72,0.02182790009703449,0.00016132415501465144,0.00016132415501465144,0.00012852494122695822
12,0.2,73,0.022001073344719606,0.00013017976215912839,0.00013017976215912839,0.0001238190310514393
12,0.2,74,0.022012320286193165,0.0001559548031765037,0.00015595480317650366,0.00012928346346482227
12,0.2,75,0.021988638142101318,0.00014819031673083045,0.00014819031673083042,0.00013086743084548898
12,0.2,76,0.021932220861963517,0.00012957695116103094,0.00012957695116103094,0.00012625560798731772
12,0.2,77,0.022022203946978677,0.00015539719209987056,0.00015539719209987056,0.00013118065619091131
12,0.2,78,0.022184710040446434,0.00015659909298858176,0.00015659909298858176,0.0001316679714116783
12,0.2,79,0.022074681255976156,0.00013425471581494559,0.00012518606042890003,0.00013425471581494559
12,0.2,80,0.02198043335238901,0.00013556578238423553,8.747561677507608e-05,0.00013556578238423553
12,0.2,81,0.0219530730705488,0.00013206244148987627,0.00011713753506420278,0.00013206244148987627
12,0.2,82,0.021897521047479076,0.00013656700955852702,0.00012393102849689902,0.00013656700955852702
12,0.2,83,0.02190752095416962,0.00014476836929339535,0.00014476836929339535,0.00013687310167462556
12,0.2,84,0.022045197751698484,0.0001448321714535923,0.0001448321714535923,0.00013051306307869238
12,0.2,85,0.022018504307552707,0.00013066058788844905,0.00013066058788844905,0.0001294311813777282
12,0.2,86,0.02190872973748209,0.0001508431863093485,0.0001508431863093485,0.00012988305956766034
12,0.2,87,0.021873632568567707,0.00013547631346125748,0.00013547631346125748,0.00012992230016158833
12,0.2,88,0.021854381810110658,0.00013147945295871407,0.00012602852341133379,0.00013147945295871407
12,0.2,89,0.021911474088125053,0.0001286816443394094,0.00011483158032697956,0.0001286816443394094
12,0.2,90,0.021827656688783788,0.00012966667059107894,0.00010884049787122687,0.00012966667059107894
12,0.2,91,0.021945894509683973,0.00014070456272013415,0.00014070456272013417,0.000125463749584934
12,0.2,92,0.021976906228198912,0.00012548864482271637,0.0001002527200870869,0.00012548864482271637
12,0.2,93,0.021949987825694104,0.00013000104947193724,0.00013000104947193724,0.00012914572053290545
12,0.2,94,0.021930781426527858,0.00014499035147050635,0.00014499035147050635,0.0001370875050317885
12,0.2,95,0.021946492151851495,0.00014424382334388852,0.0001442438233438885,0.00013268221423634962
12,0.2,96,0.021888779392594274,0.00013205983466765527,0.0001073157676232784,0.00013205983466765527
12,0.2,97,0.021916325967956778,0.00013694345285657276,0.00010554590026607684,0.00013694345285657276
12,0.2,98,0.021714761244826804,0.00013343613248758437,0.00011204878116099628,0.00013343613248758437
12,0.2,99,0.021824991560082618,0.00013692897411829845,0.00013082208139978863,0.00013692897411829845
12,0.2,100,0.021840604235778997,0.0001367878589406124,0.0001367878589406124,0.0001360899999547025
12,0.2,101,0.021657991839208517,0.00012801896356692558,0.00011479153752830517,0.00012801896356692558
12,0.2,102,0.021711469186814884,0.00014241066968392313,0.00014241066968392313,0.00012248159955687934
12,0.2,103,0.021672504083304282,0.00012488038511152048,0.00012362101214195742,0.00012488038511152048
12,0.2,104,0.021775867689695028,0.0001403035514229985,0.0001403035514229985,0.00012753997329531912
12,0.2,105,0.02181194606747094,0.00013905856389608408,0.00013905856389608405,0.00012474484824369602
12,0.2,106,0.02198186574982578,0.00012740816076354172,0.00012018523622698516,0.00012740816076354172
12,0.2,107,0.021835456180095924,0.00013350887419574277,0.00012193211339188609,0.00013350887419574277
12,0.2,108,0.021871954037875476,0.00013328341348039342,0.00011136205759735157,0.00013328341348039342
12,0.2,109,0.021726433153489523,0.00012944833259551731,0.00011714380148800829,0.00012944833259551731
12,0.2,110,0.0217720790985419,0.00014756843988526834,0.00014756843988526834,0.00012864895586657063
12,0.2,111,0.021754101584916242,0.00013399393393773387,0.00013399393393773387,0.00012408514324806796
12,0.2,112,0.021765487980223156,0.00014663729303015957,0.00014663729303015957,0.00012624867963686667
12,0.2,113,0.02170896172148896,0.00014271516557553298,0.00014271516557553296,0.00012888390222256296
12,0.2,114,0.02171601051455548,0.0001430687810337303,0.0001430687810337303,0.00012860019270292947
12,0.2,115,0.022031947696924754,0.00013171898702934597,0.00012782935842877663,0.00013171898702934597
12,0.2,116,0.02194007925407276,0.0001296144888306794,0.00012283217245927602,0.0001296144888306794
12,0.2,117,0.021943818329739292,0.00013233870241496478,0.00011376030078031699,0.00013233870241496478
12,0.2,118,0.02164330046848494,0.000132498517837705,0.000132498517837705,0.0001287579339281066
12,0.2,119,0.021729476466042594,0.00012510234580713977,0.00010729176368828373,0.00012510234580713977
12,0.2,120,0.02160031727185387,0.00013188145897229163,0.00011301021988641401,0.00013188145897229163
12,0.2,121,0.021674029199796722,0.00012472633396731306,0.00011029216992183704,0.00012472633396731306
12,0.2,122,0.021779903839758905,0.00013767650929872536,0.00013767650929872536,0.00013032374601608417
12,0.2,123,0.021763608187852106,0.00015155625141163965,0.00015155625141163965,0.00012747107034414407
12,0.2,124,0.02175895479019562,0.00017392462705741315,0.00017392462705741318,0.0001233362470697812
12,0.2,125,0.021761151874583946,0.00016656721820331244,0.00016656721820331244,0.00012496484943493074
12,0.2,126,0.021830719542279078,0.00013523537994836437,0.00013523537994836437,0.00012630689412861958
12,0.2,127,0.02182842159840003,0.00017949918345547166,0.00017949918345547166,0.00012357925504125864
12,0.2,128,0.02184543984465372,0.00016404301634237643,0.0001640430163423764,0.00013030051312066347
12,0.2,129,0.021581265070024464,0.00012868020768078112,0.00011765552052248073,0.00012868020768078112
12,0.2,130,0.021693965896280105,0.00013712606777118355,0.00013712606777118355,0.00012517482421173405
12,0.2,131,0.021848752800231425,0.0001306696710661978,0.00013066967106619776,0.00012988025159450608
12,0.2,132,0.021738105616048765,0.00013446963332555995,0.00013446963332555995,0.0001259337712827029
12,0.2,133,0.021960471844441668,0.00013304482181208566,0.00012818618484786837,0.00013304482181208566
12,0.2,134,0.0218531064575998,0.0001474396740526817,0.0001474396740526817,0.00012751899567106184
12,0.2,135,0.02177403662671034,0.00012977595073313506,0.00011635461431550342,0.00012977595073313506
12,0.2,136,0.022006118570837386,0.00014579775200077483,0.00014579775200077483,0.00013174099983806936
12,0.2,137,0.02173617018776078,0.0001385251086225302,0.0001385251086225302,0.00012657980815164896
12,0.2,138,0.021946112940280347,0.00013254316132047504,0.00011953746767101314,0.00013254316132047504
12,0.2,139,0.022040450308325504,0.00013542827694168404,0.0001271130245188067,0.00013542827694168404
12,0.2,140,0.02204193557313846,0.00012803411432270916,0.0001223814171193241,0.00012803411432270916
12,0.2,141,0.021803567459000583,0.00013370534396218558,0.00013035207820580314,0.00013370534396218558
12,0.2,142,0.022017558341959242,0.00013423035665679006,0.00012281141337818676,0.00013423035665679006
12,0.2,143,0.021837345874422865,0.00017871728437789038,0.00017871728437789038,0.00013208100211345843
12,0.2,144,0.0219512626386331,0.00013979016533800518,0.0001397901653380052,0.00013073774255804163
12,0.2,145,0.02194303629324951,0.00013439261346175231,0.00012164399058343513,0.00013439261346175231
12,0.2,146,0.021909767889084428,0.00013474725668576637,0.00013474725668576637,0.0001293318822915239
12,0.2,147,0.022089643646960703,0.0001373272172938153,0.00012101488166479326,0.0001373272172938153
12,0.2,148,0.022016245007946418,0.00012832115163613584,0.00012200580485647065,0.00012832115163613584
12,0.2,149,0.022049060076661197,0.00013032021565535996,0.00012225923465576812,0.00013032021565535996
12,0.2,150,0.02200884130766434,0.00013720515872562165,0.0001118592781477731,0.00013720515872562165
12,0.2,151,0.022010076298228654,0.00013480049543093008,0.00012592188090443517,0.00013480049543093008
12,0.2,152,0.022041652205768116,0.00015450302572427005,0.00015450302572427005,0.00013383070223155205
12,0.2,153,0.02213809293057193,0.00015240415818027611,0.00015240415818027611,0.00013107963903178396
12,0.2,154,0.021960720207345793,0.0001428258960812128,0.00014282589608121277,0.00012999211602101238
12,0.2,155,0.02198851815739507,0.00014924022852239898,0.00014924022852239898,0.0001299188908421944
12,0.2,156,0.022016523055736256,0.00013122907748458422,0.00013122907748458422,0.00012963283440756436
12,0.2,157,0.022013003110711835,0.00013315596433019912,0.0001240455919751454,0.00013315596433019912
12,0.2,158,0.021624086601189,0.00013058463668113215,0.0001183483230651885,0.00013058463668113215
12,0.2,159,0.02173991623067377,0.00014331660670212769,0.00014331660670212769,0.00012774172198788054
12,0.2,160,0.02190693366027691,0.00013206250639768565,0.0001228258042507089,0.00013206250639768565
12,0.2,161,0.02189367797752468,0.0001298408542753741,0.00012984085427537412,0.00012739127759416565
12,0.2,162,0.02191582818140736,0.000132396063378868,0.00013239606337886803,0.00012970938091812047
12,0.2,163,0.021841860871868603,0.00013351065121702265,0.0001151774776359854,0.00013351065121702265
12,0.2,164,0.021966686214094738,0.00012666667779521695,0.0001147115827505253,0.00012666667779521695
12,0.2,165,0.022013301253866868,0.00013144247494176396,0.00011743538003789565,0.00013144247494176396
12,0.2,166,0.0221119205018303,0.00013850840647500884,0.0001236955110837948,0.00013850840647500884
12,0.2,167,0.02199751515415872,0.0001380026091548412,0.0001380026091548412,0.00013605684974535667
12,0.2,168,0.02191047965138935,0.00014921798682385358,0.00014921798682385358,0.00013486845848096655
12,0.2,169,0.021804164588557818,0.00012993440376017415,0.00012333416164668167,0.00012993440376017415
12,0.2,170,0.02158592974626283,0.0001435759179024313,0.0001435759179024313,0.0001244327385484739
12,0.2,171,0.021652693834240757,0.00015079848206961223,0.0001507984820696122,0.0001273158106006636
12,0.2,172,0.02174874245531736,0.00017038535380983443,0.00017038535380983443,0.0001279818764565596
12,0.2,173,0.021779294796888934,0.00018185806117207827,0.00018185806117207825,0.0001284737426138776
12,0.2,174,0.021781652394276884,0.00017149252432503077,0.00017149252432503074,0.0001257626835471002
12,0.2,175,0.021842226890013205,0.00015449189544192686,0.00015449189544192686,0.0001310669034551305
12,0.2,176,0.021859735078562544,0.0001673171771409664,0.0001673171771409664,0.00012412170983625118
12,0.2,177,0.021917710430270288,0.00014399866806364414,0.00014399866806364417,0.00012523095873485091
12,0.2,178,0.021963153223932684,0.00015103864650649505,0.00015103864650649505,0.00012720320379353266
12,0.2,179,0.02214603922627902,0.0001466380591710501,0.0001466380591710501,0.0001252765112310795
12,0.2,180,0.021998376503022513,0.00015078404550085625,0.00015078404550085625,0.00013060929513396277
12,0.2,181,0.02203371143965222,0.0001288537946217156,0.00010847804026781976,0.0001288537946217156
12,0.2,182,0.021974862223590637,0.0001282300171490968,0.0001128091184797981,0.0001282300171490968
12,0.2,183,0.02189738765064985,0.0001310226747248765,0.00011432742657642755,0.0001310226747248765
12,0.2,184,0.021976953773315478,0.000161952679206081,0.000161952679206081,0.00012737648816640512
12,0.2,185,0.02196216221870451,0.00016334120260594041,0.00016334120260594041,0.000126702044467598
12,0.2,186,0.02180174072944493,0.00015437740577616275,0.00015437740577616275,0.0001238687114284315
12,0.2,187,0.021920736713534558,0.00016958671331022415,0.00016958671331022415,0.00012982282919265056
12,0.2,188,0.0216984400683669,0.00013393247226724063,0.00013393247226724063,0.0001280240164270515
12,0.2,189,0.022039855678219773,0.00013464987097304738,0.00013394425481731958,0.00013464987097304738
12,0.2,190,0.02208727109573231,0.00013791373377027643,0.00010460063295898536,0.00013791373377027643
12,0.2,191,0.02205674485483168,0.0001451439443053628,0.0001451439443053628,0.0001348629607493448
12,0.2,192,0.02205196171825772,0.00013466662460519602,0.00011324462290314298,0.00013466662460519602
12,0.2,193,0.022076524880728924,0.0001347940198423122,0.00011634019863377749,0.0001347940198423122
12,0.2,194,0.021893202427374893,0.0001296802913746706,0.00010413228665992854,0.0001296802913746706
12,0.2,195,0.021835987474403816,0.0001269244542382474,0.00010361765960163681,0.0001269244542382474
12,0.2,196,0.021936132065136872,0.00012571384918291182,0.0001127421337940773,0.00012571384918291182
12,0.2,197,0.021947046224065927,0.00013397873359162002,0.00010168409780765893,0.00013397873359162002
12,0.2,198,0.02198589224018392,0.0001291460735222454,0.00010910375622139891,0.0001291460735222454
12,0.2,199,0.02177691955406154,0.0001336365415188125,0.00010130070170036555,0.0001336365415188125
12,0.2,200,0.02183488435847915,0.0001294095908252607,0.00011377075473880841,0.0001294095908252607
12,0.2,201,0.021747437408445456,0.00013186435792988428,0.00011931116744743553,0.00013186435792988428
12,0.2,202,0.021857376468825334,0.00012886047164033772,0.0001147786160364496,0.00012886047164033772
12,0.2,203,0.021800255786769328,0.00012629379018478938,0.00010682869187697233,0.00012629379018478938
12,0.2,204,0.02180589588137237,0.00012634067705731891,0.00012025681345612277,0.00012634067705731891
12,0.2,205,0.02204796059737174,0.00013160512015950713,0.00011440499098607801,0.00013160512015950713
12,0.2,206,0.021690507552239894,0.00012844131096249628,0.00011159146114542532,0.00012844131096249628
12,0.2,207,0.02170902147306205,0.00013317954571643686,0.00013317954571643686,0.00013094167764988746
12,0.2,208,0.02180164770250937,0.00014510679415888686,0.00014510679415888686,0.00013326035944358265
12,0.2,209,0.021740297329931244,0.0001582157155478769,0.0001582157155478769,0.00013481375649455763
12,0.2,210,0.021776913196183686,0.00017240180635455095,0.00017240180635455095,0.00013437216529829792
12,0.2,211,0.02169103323827688,0.00017064942860375645,0.00017064942860375645,0.00013089931314968806
12,0.2,212,0.021682163159064474,0.00017436939001446195,0.00017436939001446195,0.00012723920314284322
12,0.2,213,0.02180645711118214,0.00012423783856278686,0.00011397289554331119,0.00012423783856278686
12,0.2,214,0.021904334614375517,0.00013467494729579676,0.00013467494729579676,0.00012830657298604526
12,0.2,215,0.02200584207582764,0.00014596596957345553,0.00014596596957345553,0.00012863322686387573
12,0.2,216,0.021970048488512726,0.0001756677102401825,0.0001756677102401825,0.00013175049801872918
12,0.2,217,0.021889018583252963,0.0001465649508134963,0.00014656495081349634,0.0001284503984050308
12,0.2,218,0.02178330318060797,0.00015238545491420112,0.0001523854549142011,0.00012695484810149632
12,0.2,219,0.021873059045440187,0.00014507765897351754,0.00014507765897351754,0.000135144575392792
12,0.2,220,0.022022281891095726,0.00014311420570034753,0.00014311420570034753,0.0001311686820620155
12,0.2,221,0.02195250724592582,0.00014214927675564875,0.00014214927675564875,0.00013146471737412817
12,0.2,222,0.02200562174019781,0.00013338755449770015,0.00013077425172603252,0.00013338755449770015
12,0.2,223,0.022004618085158432,0.00014234355380429015,0.00014234355380429015,0.00013203276682160009
12,0.2,224,0.02202935912672332,0.00015199305067910236,0.00015199305067910236,0.00012995206316896758
12,0.2,225,0.02201464828441022,0.00013192735701550115,0.00012742055740176545,0.00013192735701550115
12,0.2,226,0.0220980643499911,0.00012953740656722343,0.00010401775639338571,0.00012953740656722343
12,0.2,227,0.02188746796851663,0.000131464394672527,0.00011520981338693265,0.000131464394672527
12,0.2,228,0.021875517085749006,0.00013131670003490813,0.00013131670003490813,0.0001293973753917479
12,0.2,229,0.021644101346794904,0.000136314045431632,0.0001073120544046933,0.000136314045431632
12,0.2,230,0.021685040883578536,0.00013743828825881206,0.00011227448791222571,0.00013743828825881206
12,0.2,231,0.021617628522634078,0.0001341370056759621,0.0001341370056759621,0.00013069814404995176
12,0.2,232,0.021790737310133056,0.0001272783057487725,0.00012230178565014407,0.0001272783057487725
12,0.2,233,0.02197918538088551,0.00014565996444096862,0.00014565996444096862,0.00013489937083570672
12,0.2,234,0.021832227972651694,0.00012904294198312448,0.00010864801523392905,0.00012904294198312448
12,0.2,235,0.021744825156111383,0.00015764308728818122,0.0001576430872881812,0.00013415580395398192
12,0.2,236,0.02175508394139024,0.0001335263173198307,0.0001335263173198307,0.00013064965411038924
12,0.2,237,0.0217390292040889,0.00012787071360183372,0.00011551195490989874,0.00012787071360183372
12,0.2,238,0.02167395295553759,0.0001377865940491921,0.0001377865940491921,0.00013070995325048328
12,0.2,239,0.021543678039877324,0.00014972241194196863,0.00014972241194196863,0.00013055638939828113
12,0.2,240,0.021548774519850808,0.0001295374728189975,0.0001295374728189975,0.0001269997248993567
12,0.2,241,0.02157534084154243,0.00012783850877944513,0.0001229823780807675,0.00012783850877944513
12,0.2,242,0.021733757912718796,0.00013919258171093602,0.00013919258171093602,0.00012462989221986037
12,0.2,243,0.02175489994122245,0.0001508454453802553,0.0001508454453802553,0.00012708579022406712
12,0.2,244,0.021816319561954893,0.0001624907258325854,0.0001624907258325854,0.00012389295311467948
12,0.2,245,0.0220770347368922,0.00013687961832936174,0.00013687961832936174,0.00012877150214629952
12,0.2,246,0.022238021334378043,0.00013358454281277063,0.00013358454281277063,0.00012898489009247155
12,0.2,247,0.021969349542262612,0.0001458954749473567,0.0001458954749473567,0.0001339208938641352
12,0.2,248,0.021866699012070067,0.0001339462870277979,0.0001122784384685392,0.0001339462870277979
12,0.2,249,0.02187263748761314,0.00013445821379199065,0.00011211198301873954,0.00013445821379199065
12,0.2,250,0.021804226775852493,0.00012967067673092967,0.0001037085089732605,0.00012967067673092967
12,0.2,251,0.021901871482312228,0.0001302208411797453,0.00012055513021118869,0.0001302208411797453
12,0.2,252,0.021991491994953684,0.00015335551522011552,0.00015335551522011552,0.0001259404087669387
12,0.2,253,0.021942760299466953,0.00012836654074753243,0.00011780561515719976,0.00012836654074753243
12,0.2,254,0.021918183261409048,0.00013280558820562063,0.00011836161673182064,0.00013280558820562063
12,0.2,255,0.021938808742777267,0.0001515756658898262,0.0001515756658898262,0.00012847096574014846
12,0.2,256,0.022027075285585226,0.00013452388420089894,0.00013452388420089894,0.0001311844988259905
12,0.2,257,0.021889812608860484,0.00012747239794870288,0.00011964873322072051,0.00012747239794870288
12,0.2,258,0.021770324874565223,0.00013576977226937737,0.00013576977226937737,0.0001335684013640569
12,0.2,259,0.021757450526707033,0.00013092597468904857,0.00010552234100928262,0.00013092597468904857
12,0.2,260,0.021758752201542764,0.00013281568385075702,0.00010928288900771735,0.00013281568385075702
12,0.2,261,0.021702143023368477,0.00013174258952367623,0.0001245779974760196,0.00013174258952367623
12,0.2,262,0.02188953508778114,0.00012655697979385965,0.00012451337270906392,0.00012655697979385965
12,0.2,263,0.022035398948366845,0.00012588987394331758,0.00012588987394331758,0.00012518728121523862
12,0.2,264,0.021831282002700465,0.00014891958870207425,0.00014891958870207425,0.00012788067873607532
12,0.2,265,0.021984544261898435,0.0001471115789475292,0.0001471115789475292,0.00013025604916472989
12,0.2,266,0.021832378951994393,0.00013580143850833664,0.00013580143850833664,0.00013245327495867073
12,0.2,267,0.021896034933338103,0.00012808693806229298,0.00012203857512733254,0.00012808693806229298
12,0.2,268,0.021693848008887944,0.00013983835447571442,0.0001398383544757144,0.00013145861328035176
12,0.2,269,0.02153619739677174,0.00014452147660203724,0.00014452147660203724,0.00012719012565695024
12,0.2,270,0.021722764232649447,0.00012952299996988123,0.00012374793820208038,0.00012952299996988123
12,0.2,271,0.021690377617028054,0.00012797423980697735,9.47995250299955e-05,0.00012797423980697735
12,0.2,272,0.021672836690591377,0.00013330473340010808,0.0001204106508787958,0.00013330473340010808
12,0.2,273,0.02173688045335166,0.00013329457295543389,0.00013077124300199286,0.00013329457295543389
12,0.2,274,0.021740482659021485,0.00012841507368795577,0.00012730630564138003,0.00012841507368795577
12,0.2,275,0.021729094399788786,0.00012931087116966293,0.00012776469905967751,0.00012931087116966293
12,0.2,276,0.02181963439200883,0.00012836603632405486,0.00011767789372781108,0.00012836603632405486
12,0.2,277,0.021893624337741405,0.00013238150087370608,0.00013238150087370608,0.00013092056586193644
12,0.2,278,0.02187263854088124,0.00016272309980513988,0.00016272309980513988,0.0001357804120750845
12,0.2,279,0.02191174756597442,0.00013707748206232277,0.00011407373834336582,0.00013707748206232277
12,0.2,280,0.021957680483283722,0.00013536565409958014,0.00012931426544298406,0.00013536565409958014
12,0.2,281,0.02203462449242283,0.00013573679207910808,0.00012334870408398728,0.00013573679207910808
12,0.2,282,0.021843241770445516,0.00013228298833930027,0.00011520478613734931,0.00013228298833930027
12,0.2,283,0.02182184593035825,0.00013526567651786183,0.00011116743187297675,0.00013526567651786183
12,0.2,284,0.021835890370283297,0.00013471292421389172,0.00010867496340555257,0.00013471292421389172
12,0.2,285,0.02159395365695045,0.00013973862526566548,0.00013973862526566548,0.00013331781506877282
12,0.2,286,0.021797193716537235,0.00013774697870157874,0.00012590395031739833,0.00013774697870157874
12,0.2,287,0.021766017358416666,0.00013580717677995872,0.00013580717677995872,0.00013533880747542803
12,0.2,288,0.021940323745967497,0.00013338829380677418,0.00013338829380677418,0.00013333226896409696
12,0.2,289,0.021922543807371162,0.00013024859755800047,0.00012938992963379536,0.00013024859755800047
12,0.2,290,0.022000353861161157,0.00013748653194177416,0.00011590373734100561,0.00013748653194177416
12,0.2,291,0.02183050326648991,0.00013309877668534457,0.00012831770471650043,0.00013309877668534457
12,0.2,292,0.021870879950142922,0.00015044389958785524,0.00015044389958785524,0.00013106317961224403
12,0.2,293,0.021916400235678347,0.00012654342340138948,0.00012325432754064385,0.00012654342340138948
12,0.2,294,0.021763347865998033,0.00013195429934946567,0.00013117221241335357,0.00013195429934946567
12,0.2,295,0.0219837836353709,0.00013386518367589136,0.000128566577547151,0.00013386518367589136
12,0.2,296,0.021881438819017072,0.0001382743056640123,0.000115384782269364,0.0001382743056640123
12,0.2,297,0.02172802369691451,0.00012939515867204241,0.00012404778819423702,0.00012939515867204241
12,0.2,298,0.021892932825225822,0.00013003882189967827,0.00011607768190150596,0.00013003882189967827
12,0.2,299,0.022118213945640893,0.00012902677918364878,0.00010630024080259048,0.00012902677918364878
12,0.2,300,0.021976257782184556,0.00013052289770646873,0.00011462343895151061,0.00013052289770646873
12,0.2,301,0.02188388444993109,0.0001550826844001393,0.0001550826844001393,0.00013078366520184685
12,0.2,302,0.021857633539723583,0.00017532339011518963,0.00017532339011518963,0.0001333369644145427
12,0.2,303,0.021976334985807113,0.00014627631078285185,0.00014627631078285185,0.00013143037218276785
12,0.2,304,0.022014105700101604,0.00015256556933182375,0.00015256556933182375,0.0001320945504399567
12,0.2,305,0.022096240955573044,0.00014026128252558805,0.00014026128252558805,0.00013386411500059618
12,0.2,306,0.022042307437888563,0.00015708220748513786,0.00015708220748513786,0.00013115344272072917
12,0.2,307,0.021950353584022517,0.0001449190197850938,0.0001449190197850938,0.0001376955120135961
12,0.2,308,0.021890052326624422,0.00014045955212456932,0.00014045955212456932,0.00013286007824770454
12,0.2,309,0.021896365118648994,0.00013296869418544027,0.00013296869418544027,0.00012973972932701382
12,0.2,310,0.022028364235683006,0.00014664978143098624,0.00014664978143098621,0.00012880452620662035
12,0.2,311,0.022018093254502775,0.00013988789954643023,0.00013988789954643023,0.00013175588816505745
12,0.2,312,0.022060197668495103,0.00012527435079315947,0.00012149444449808225,0.00012527435079315947
12,0.2,313,0.022081234784236903,0.00013429254328844371,0.00013429254328844371,0.00012938391490596395
12,0.2,314,0.022043924208587407,0.0001364036095197621,0.00013640360951976208,0.00013241718020326072
12,0.2,315,0.022026009240721515,0.00013353740463195016,0.00011772282996787669,0.00013353740463195016
12,0.2,316,0.022088180872135713,0.00013281502554602997,0.00013100241970719697,0.00013281502554602997
12,0.2,317,0.02218100020808366,0.0001325608123018611,0.0001301623273545498,0.0001325608123018611
12,0.2,318,0.022217113955778627,0.00013593794820925367,0.00013593794820925367,0.0001359278961537531
12,0.2,319,0.02206486249417105,0.00013381598136220536,0.00011758392214575546,0.00013381598136220536
12,0.2,320,0.02202946550572522,0.00013471788636597207,0.00010761426676562153,0.00013471788636597207
12,0.2,321,0.02204639792198324,0.00013626533618293452,8.208716026720551e-05,0.00013626533618293452
12,0.2,322,0.02189697972080052,0.00013248875200783477,0.00013248875200783477,0.00013074600916154465
12,0.2,323,0.021858753806961694,0.00013450498401656677,0.00012053696756829812,0.00013450498401656677
12,0.2,324,0.021658524296499185,0.00012939929660014284,0.00012037746885863906,0.00012939929660014284
12,0.2,325,0.02165143512862662,0.0001271275285478491,0.00011954261153778126,0.0001271275285478491
12,0.2,326,0.021851096099558036,0.00012988812825302993,0.00012988812825302993,0.00012858037642999196
12,0.2,327,0.021812898501125815,0.0001288522210562778,0.00010692668489473405,0.0001288522210562778
12,0.2,328,0.021695784883346017,0.00012846392533333762,0.00011721289506838887,0.00012846392533333762
12,0.2,329,0.021687127873668267,0.00012249034402275703,0.00011552142076968244,0.00012249034402275703
12,0.2,330,0.02174775079791924,0.00012716658586128926,9.283795386109622e-05,0.00012716658586128926
12,0.2,331,0.021807489307974177,0.00013071504303294396,0.00010905007969812624,0.00013071504303294396
12,0.2,332,0.02189655202840122,0.00013225014938735957,0.00011553678340765693,0.00013225014938735957
12,0.2,333,0.02193632644653858,0.0001334529885030186,0.00011051088220199708,0.0001334529885030186
12,0.2,334,0.02205477055912447,0.00013198058632879855,0.00011284061170756829,0.00013198058632879855
12,0.2,335,0.02179571952996786,0.00012203536521884785,0.00011553236357489208,0.00012203536521884785
12,0.2,336,0.022090053913937237,0.00013509337375144264,0.00013509337375144264,0.00012640885940204738
12,0.2,337,0.02197393339311754,0.00014184672247419996,0.00014184672247419996,0.00012773749969817292
12,0.2,338,0.022076947438261312,0.000151739292327915,0.000151739292327915,0.00012981471666044953
12,0.2,339,0.02192578533649272,0.0001564586860692801,0.0001564586860692801,0.0001266896970423737
12,0.2,340,0.021998770890477807,0.00013857933035444218,0.00013857933035444218,0.00013056379664071774
12,0.2,341,0.021726407264749205,0.00012544085788307406,0.00012544085788307406,0.00012359881927564927
12,0.2,342,0.021870204424155236,0.00012746669459086038,0.0001266065319950412,0.00012746669459086038
12,0.2,343,0.021954610423334662,0.00013618619199740222,0.00013618619199740222,0.00012822542575044733
12,0.2,344,0.021892796456204566,0.0001436777458280445,0.00014367774582804447,0.0001285067432165547
12,0.2,345,0.022021170837032082,0.00015128391536967984,0.00015128391536967982,0.0001311963055124776
12,0.2,346,0.02197269406842885,0.00016305750567527887,0.00016305750567527887,0.0001376134301067117
12,0.2,347,0.021978907580386564,0.00013427716739220332,0.00012107764898367577,0.00013427716739220332
12,0.2,348,0.022076942150790473,0.00013824310038912946,0.0001382431003891295,0.00012846580494427356
12,0.2,349,0.021987348454877716,0.0001365194727080001,0.0001365194727080001,0.0001320419948929864
12,0.2,350,0.021948701774172977,0.00012833008438617186,0.00012833008438617186,0.0001245684092638177
12,0.2,351,0.021874719659312997,0.0001251225876637154,0.00011003857453372129,0.0001251225876637154
12,0.2,352,0.022097933519355083,0.00012715385909946542,0.00012581413943828486,0.00012715385909946542
12,0.2,353,0.021961837308465897,0.00012606865576545627,0.00011969120180520231,0.00012606865576545627
12,0.2,354,0.021753160922475864,0.00014180871194068189,0.00014180871194068189,0.00012076353282031418
12,0.2,355,0.02188966852667825,0.00012525260876099413,0.0001219751560387917,0.00012525260876099413
12,0.2,356,0.02198638543927751,0.00012897451948366714,0.00011535289273397282,0.00012897451948366714
12,0.2,357,0.02208781406345228,0.00013212607317081076,0.00011745672980723942,0.00013212607317081076
12,0.2,358,0.021931418479944457,0.000166356761120166,0.000166356761120166,0.00012585619304841496
12,0.2,359,0.021803031683877837,0.00015797414659407115,0.00015797414659407115,0.00012802992104504906
12,0.2,360,0.021862130964275226,0.00014336950724283987,0.00014336950724283987,0.00013389661902085895
12,0.2,361,0.021838986588831752,0.000137062491417253,0.000137062491417253,0.0001328331866309437
12,0.2,362,0.021818934455151276,0.00013594333732150235,0.00013594333732150235,0.0001306513445060335
12,0.2,363,0.021872360749462638,0.00014209196346333828,0.00014209196346333825,0.0001307789660716399
12,0.2,364,0.02195972392011758,0.0001401687924466652,0.0001401687924466652,0.00013065536593445944
12,0.2,365,0.021810948794422157,0.00013154593602998692,0.00012926633087261558,0.00013154593602998692
12,0.2,366,0.02197065519287099,0.00013932889049577508,0.00013932889049577508,0.00013000969470334582
12,0.2,367,0.02192761047070431,0.00012815359944067772,0.00011801339610771084,0.00012815359944067772
12,0.2,368,0.021807761100852658,0.0001235668410454669,0.0001235668410454669,0.00012232763138291883
12,0.2,369,0.021814895232659615,0.0001282851102605489,0.0001282851102605489,0.0001246828198064537
12,0.2,370,0.021685099877718335,0.0001348098203399425,0.0001348098203399425,0.00012261545025293857
12,0.2,371,0.021777858504223025,0.00013203469809400933,0.00013203469809400936,0.0001291519444994544
12,0.2,372,0.02179970665928522,0.00013279832062467378,0.00013279832062467378,0.00012650590554098829
12,0.2,373,0.021818692927062955,0.00013595511289474105,0.00013595511289474105,0.00012946316850463702
12,0.2,374,0.0217870434966437,0.00012869221112678543,0.00012869221112678543,0.0001261418578574642
12,0.2,375,0.02182862151601866,0.00015492653360928073,0.00015492653360928073,0.00012592004020214797
12,0.2,376,0.021855860610587016,0.00013813999409433738,0.00013813999409433738,0.0001256894109393571
12,0.2,377,0.02171460044046265,0.00014072831467164902,0.00014072831467164902,0.00012735621294339332
12,0.2,378,0.0217516505133515,0.000122255788298242,0.00011259488350797463,0.000122255788298242
12,0.2,379,0.021843291491972238,0.00012947439654634196,0.00012396633868832027,0.00012947439654634196
12,0.2,380,0.021872635335904424,0.0001451299691568212,0.0001451299691568212,0.00013478119652783927
12,0.2,381,0.022014765633956213,0.00013712557574783806,0.00013569876815831133,0.00013712557574783806
12,0.2,382,0.021974196879025857,0.0001404518812570431,0.0001404518812570431,0.0001337822795097016
12,0.2,383,0.022103882691505896,0.00013019238640011346,0.00012856608538908178,0.00013019238640011346
12,0.2,384,0.02199716953497888,0.00012923153194226232,0.0001111008184013328,0.00012923153194226232
12,0.2,385,0.022019878566705998,0.00013086950444964125,0.00011610606634563912,0.00013086950444964125
12,0.2,386,0.02191628146028242,0.00013160920156077936,0.00012176894997868238,0.00013160920156077936
12,0.2,387,0.021952207129809595,0.00013295807611676529,0.00011395317818659495,0.00013295807611676529
12,0.2,388,0.022037565037656748,0.00013246967551522993,0.00013246967551522993,0.00013183307551498991
12,0.2,389,0.021988141052897803,0.00013485197137923013,0.00013235725407740416,0.00013485197137923013
12,0.2,390,0.022038640656641125,0.0001318594201445002,0.00011037752912905493,0.0001318594201445002
12,0.2,391,0.021828519547343,0.00013345428476814927,0.00013181593876063596,0.00013345428476814927
12,0.2,392,0.021878102550501564,0.00013664302623664216,0.00013087446328672724,0.00013664302623664216
12,0.2,393,0.021724725224345032,0.00013861655204229064,0.00013861655204229067,0.00012775903795679948
12,0.2,394,0.02167435031994968,0.0001290764417090914,0.0001290764417090914,0.00012527931676160428
12,0.2,395,0.021804880635609127,0.00012465782831361,0.00010288681162758501,0.00012465782831361
12,0.2,396,0.021832044488709235,0.00013444131188580842,0.00013444131188580845,0.000130047959904226
12,0.2,397,0.021856119938560008,0.00014336904083473828,0.00014336904083473828,0.0001277760219254105
12,0.2,398,0.021797337588108773,0.00013386975546062982,0.00013386975546062982,0.00012701319497877955
12,0.2,399,0.02186990159158473,0.0001342137190208217,0.00013421371902082167,0.00012774918425156615
12,0.2,400,0.021804142437258443,0.00012681136881719808,0.000109243106944417,0.00012681136881719808
12,0.2,401,0.02173378381731259,0.00013419351931852046,0.00010536919129454267,0.00013419351931852046
12,0.2,402,0.021669450668765376,0.00012798401456543107,0.00010279469375176147,0.00012798401456543107
12,0.2,403,0.02170637932067039,0.00012655577411138395,0.00010050829608049766,0.00012655577411138395
12,0.2,404,0.021753450368433458,0.0001254449865311694,0.00010302675650470937,0.0001254449865311694
12,0.2,405,0.021742177438052037,0.00013277945474175952,0.00013277945474175952,0.00012390347920639375
12,0.2,406,0.02176032431375672,0.0001276414035701613,9.975086946218576e-05,0.0001276414035701613
12,0.2,407,0.021718485389828294,0.00012290410105594864,0.00011772244667501548,0.00012290410105594864
12,0.2,408,0.02166779112351723,0.0001267596199623605,0.00012260918869289074,0.0001267596199623605
12,0.2,409,0.021703464290360776,0.00012958637031682674,0.00012958637031682677,0.00012943030271962062
12,0.2,410,0.021632943009042487,0.00012753665562391267,9.859436620888974e-05,0.00012753665562391267
12,0.2,411,0.021799335049134245,0.00013502929319403044,0.00011077717205666049,0.00013502929319403044
12,0.2,412,0.021926325917887277,0.0001318170569157719,0.00011131916317842412,0.0001318170569157719
12,0.2,413,0.02195466462713537,0.0001316553645998782,0.00012114568186439106,0.0001316553645998782
12,0.2,414,0.02187400755894292,0.0001327337275304467,9.457470654597673e-05,0.0001327337275304467
12,0.2,415,0.021853056587021403,0.0001332506198716786,0.00011890996008672937,0.0001332506198716786
12,0.2,416,0.021826243342194258,0.00013950622804078029,0.00013950622804078029,0.00013541098821696793
12,0.2,417,0.021801938410278266,0.00013382412909280556,0.00013382412909280556,0.00013052475931691533
12,0.2,418,0.021828611998900398,0.00013530306776341936,0.0001336876974846527,0.00013530306776341936
12,0.2,419,0.021868553492779667,0.00013329147409967107,0.00012576120448783452,0.00013329147409967107
12,0.2,420,0.02197414824043225,0.00013834242869875581,0.00013834242869875581,0.00013731506846297457
12,0.2,421,0.022023527167959585,0.00013065020206356323,0.00012311907528273652,0.00013065020206356323
12,0.2,422,0.022028576201362827,0.00013544745552526407,0.00011346022010602888,0.00013544745552526407
12,0.2,423,0.02183733135237512,0.00014698638060275276,0.00014698638060275276,0.0001316718786766895
12,0.2,424,0.021870240383495058,0.00015664093532732912,0.00015664093532732914,0.00012688111286110723
12,0.2,425,0.021837569453553154,0.0001251923058130223,0.0001165968513828635,0.0001251923058130223
12,0.2,426,0.021903796389607533,0.00014134192253277068,0.00014134192253277068,0.00012847730570362094
12,0.2,427,0.021848219158604232,0.0001350391927331912,0.00013503919273319116,0.00013205059772682592
12,0.2,428,0.021685895910287554,0.00013702343654027233,0.0001202952992607602,0.00013702343654027233
12,0.2,429,0.02179306420478193,0.0001401070630574875,0.0001401070630574875,0.00013196617623747827
12,0.2,430,0.021716316580524527,0.00015496907597061446,0.00015496907597061446,0.00013444668910922734
12,0.2,431,0.021774062755537442,0.00012992644073891795,0.0001248855014540107,0.00012992644073891795
12,0.2,432,0.021727840028490975,0.0001312753834078645,0.0001312753834078645,0.00012964749339844302
12,0.2,433,0.02175363687922131,0.00012534678089612446,9.877926149248284e-05,0.00012534678089612446
12,0.2,434,0.021872406770897166,0.00012677932720563554,0.00011403021348533323,0.00012677932720563554
12,0.2,435,0.022018740476278328,0.00012625199164364718,0.00012177510143303883,0.00012625199164364718
12,0.2,436,0.02196006965843309,0.00012938983286449747,0.0001184477613372271,0.00012938983286449747
12,0.2,437,0.021891144295777726,0.00012784204609506738,0.00011806383871080213,0.00012784204609506738
12,0.2,438,0.021924991077805215,0.0001331012986364066,0.00013222115005356462,0.0001331012986364066
12,0.2,439,0.022143906027145575,0.00013166318569362976,0.00011863508761300503,0.00013166318569362976
12,0.2,440,0.022111182804830997,0.00013625037814327934,0.00013625037814327934,0.00012693954336189415
12,0.2,441,0.021949657561923866,0.00012973757555321077,0.00011726900025444628,0.00012973757555321077
12,0.2,442,0.022023609307081356,0.0001542724122578687,0.00015427241225786871,0.0001385550319887807
12,0.2,443,0.021806700047713987,0.0001481557406144531,0.0001481557406144531,0.00013432510109576015
12,0.2,444,0.021912398557671433,0.0001402033502075552,0.00013902273975144048,0.0001402033502075552
12,0.2,445,0.022072088898002155,0.0001396437010064391,0.00011775671362824839,0.0001396437010064391
12,0.2,446,0.021871760857104825,0.00013119407114654583,0.00012917023306843937,0.00013119407114654583
12,0.2,447,0.0217935322959698,0.00014702675556007287,0.00014702675556007287,0.0001322643100001249
12,0.2,448,0.021814792344272933,0.0001594999090359196,0.0001594999090359196,0.00012515340032228766
12,0.2,449,0.02176177841488496,0.00012932126840391246,0.00012189065113651154,0.00012932126840391246
12,0.2,450,0.021790754258058424,0.00014808537865932747,0.00014808537865932747,0.00013441852173179576
12,0.2,451,0.02199948684058741,0.0001347250462497343,0.00012748020444878388,0.0001347250462497343
12,0.2,452,0.02192836185604903,0.0001534477698253566,0.0001534477698253566,0.00013162734515112442
12,0.2,453,0.02200246279105709,0.00014059460264322522,0.00014059460264322522,0.0001373724277136884
12,0.2,454,0.022107086525072,0.00015287662956959346,0.00015287662956959346,0.00013363986972980194
12,0.2,455,0.02211764570900251,0.00013625815507094618,0.00012664606572074217,0.00013625815507094618
12,0.2,456,0.022230731456942394,0.00013888054539841358,0.00011897160682918969,0.00013888054539841358
12,0.2,457,0.0221926458828333,0.00013903574357450628,0.00012283997614286876,0.00013903574357450628
12,0.2,458,0.022116805088575543,0.00013275169682711298,0.0001235491195720159,0.00013275169682711298
12,0.2,459,0.021917393501130714,0.00013834257469122135,0.00012725224769559836,0.00013834257469122135
12,0.2,460,0.021856705683644947,0.0001351703659022448,0.00012664334203369118,0.0001351703659022448
12,0.2,461,0.02203702890826388,0.00013835173505106262,0.0001170453437519428,0.00013835173505106262
12,0.2,462,0.022006679399829022,0.00013525221640891906,0.00012989324866025565,0.00013525221640891906
12,0.2,463,0.021778037877018895,0.00013289725442205264,0.00010679815611774304,0.00013289725442205264
12,0.2,464,0.021888786625162283,0.0001329560059787259,0.00011557054224090095,0.0001329560059787259
12,0.2,465,0.02185363636601394,0.00012795500721921122,0.00012245632986123398,0.00012795500721921122
12,0.2,466,0.02188856257304443,0.00012961080319974253,0.00011609491596199518,0.00012961080319974253
12,0.2,467,0.02191734710311026,0.00013358300938283267,9.916836877717554e-05,0.00013358300938283267
12,0.2,468,0.021819584935741154,0.00013489794303847568,0.00010097387946631249,0.00013489794303847568
12,0.2,469,0.021909584893939318,0.00013491004147247383,0.00013491004147247383,0.00013237567909384347
12,0.2,470,0.021811437380882218,0.00013198058786048508,0.00013198058786048508,0.00013086635006069155
12,0.2,471,0.02185843470463087,0.0001383957819595296,0.00013839578195952963,0.00012647732852054475
12,0.2,472,0.02179348070811128,0.00012613069837993896,0.00011799479055187092,0.00012613069837993896
12,0.2,473,0.021912964065940656,0.000129177567893088,0.00012718996372923917,0.000129177567893088
12,0.2,474,0.0218005353376652,0.00012687990477606344,0.0001268799047760634,0.00012534817824769658
12,0.2,475,0.021804981418034046,0.00013209016755824423,0.00012944286799704282,0.00013209016755824423
12,0.2,476,0.021880962253856287,0.00013297408918294318,0.00012919557138682127,0.00013297408918294318
12,0.2,477,0.021804572486069297,0.00014088055128774865,0.00014088055128774865,0.0001325457212761122
12,0.2,478,0.021726471848070174,0.00014400692122683477,0.00014400692122683477,0.00013041829080542516
12,0.2,479,0.02160722461943423,0.00013323386982987386,0.00012369859809211747,0.00013323386982987386
12,0.2,480,0.021592630192547663,0.00013012114486621757,0.0001173727693994893,0.00013012114486621757
12,0.2,481,0.0216918834308121,0.00013156220663502677,0.00013156220663502677,0.00012553297525273215
12,0.2,482,0.021603311876937155,0.00016100313389054847,0.00016100313389054847,0.00012544760013743017
12,0.2,483,0.021721836450300507,0.00015628243689413634,0.00015628243689413634,0.00012962546995290587
12,0.2,484,0.0218528308905054,0.00016676851458954296,0.00016676851458954296,0.00013315326552666327
12,0.2,485,0.02191344419898273,0.00016458388348648272,0.00016458388348648272,0.00012837773543404374
12,0.2,486,0.021944877530864767,0.00017507545614230084,0.00017507545614230084,0.00013469291159317817
12,0.2,487,0.02188878172502025,0.0001279155315888707,0.00012776339653774164,0.0001279155315888707
12,0.2,488,0.0218209866090367,0.00013850038158710136,0.00013850038158710136,0.0001323355011630318
12,0.2,489,0.021784559940417426,0.00014930781933230515,0.00014930781933230515,0.00012719896683330322
12,0.2,490,0.02188141743856058,0.00014518367818050043,0.0001451836781805004,0.00012782412305361644
12,0.2,491,0.021819272174887307,0.00012472854990494255,0.00011626873568828386,0.00012472854990494255
12,0.2,492,0.02184999835351833,0.00014579961547606928,0.00014579961547606928,0.00012540187448506767
12,0.2,493,0.021877802312536266,0.00014944719176001914,0.00014944719176001914,0.00012893489544461877
12,0.2,494,0.021648953843100047,0.0001492952906978133,0.0001492952906978133,0.00012688844347405438
12,0.2,495,0.021878078381033176,0.00016486160718714193,0.00016486160718714193,0.00012764202710911717
12,0.2,496,0.02169309569848916,0.00016518050897377755,0.00016518050897377753,0.00012737842110403075
12,0.2,497,0.021902368414880934,0.00014845641583231456,0.00014845641583231456,0.00012681686374165743
12,0.2,498,0.02178357976594425,0.00015182673152490324,0.00015182673152490324,0.00012723712708821808
12,0.2,499,0.021870738306082042,0.00015337991202824889,0.00015337991202824889,0.0001302063344675477
12,0.2,500,0.021798958560238967,0.00012927849562305194,0.00012927849562305194,0.00012595329045772853
12,0.3,0,0.08251822122009717,0.00025027913463309716,0.0002218543420198182,0.00025027913463309716
12,0.3,1,0.05076050399711691,0.000245838064648086,0.0002287593825086869,0.000245838064648086
12,0.3,2,0.036638163395933274,0.00020367110788127588,0.0001712499157775519,0.00020367110788127588
12,0.3,3,0.02977172247256725,0.00017592333053338666,0.00017592333053338666,0.0001751155406885946
12,0.3,4,0.026068249815015602,0.00015692256975476088,0.00014449526362874431,0.00015692256975476088
12,0.3,5,0.02414966884167857,0.00014649344333035583,8.903264105412571e-05,0.00014649344333035583
12,0.3,6,0.023294734761521885,0.0001432847907905892,0.00010957186789614238,0.0001432847907905892
12,0.3,7,0.022631580260503582,0.00013391237893851032,9.897058155693032e-05,0.00013391237893851032
12,0.3,8,0.021963569546685578,0.0001342355535637731,0.0001342355535637731,0.0001296784553332161
12,0.3,9,0.0218134360941752,0.00013239929777731363,0.0001323992977773136,0.00012714151472179884
12,0.3,10,0.021760025928299058,0.00012091733934424163,0.00012064605730146581,0.00012091733934424163
12,0.3,11,0.021679987877663603,0.00012278889172799126,0.00010458218224095426,0.00012278889172799126
12,0.3,12,0.02128424109786499,0.00012525185640353863,0.00012525185640353866,0.00012089775473046468
12,0.3,13,0.021482240475318708,0.000119803347520221,0.000119803347520221,0.00011953094576576974
12,0.3,14,0.021333633609880706,0.00014089954045582622,0.00014089954045582622,0.00012064608175214898
12,0.3,15,0.02099587766115616,0.00012024495480354512,9.27976631010767e-05,0.00012024495480354512
12,0.3,16,0.021242976824822117,0.00012562316392401014,0.00012102073989359808,0.00012562316392401014
12,0.3,17,0.021268326695052298,0.00012661096866322335,0.00012661096866322335,0.00012406546866295046
12,0.3,18,0.021388185010930393,0.00012073957084786421,0.00010002893526565684,0.00012073957084786421
12,0.3,19,0.021374906653772386,0.00013166690030044643,0.00013166690030044643,0.00011381321966634161
12,0.3,20,0.021210725301766195,0.00013849032762407193,0.0001384903276240719,0.0001142816474481514
12,0.3,21,0.021082088869553983,0.0001465875919192293,0.0001465875919192293,0.00011754868955536443
12,0.3,22,0.02116592456389795,0.00014326753573176208,0.0001432675357317621,0.00011674573939735917
12,0.3,23,0.021124375446431927,0.00013311583003759842,0.00013311583003759842,0.00011438725081312618
12,0.3,24,0.021064382570314802,0.0001391680204444102,0.0001391680204444102,0.00011800892932238444
12,0.3,25,0.021232085708366506,0.00014158333860915575,0.00014158333860915575,0.00011942493695447687
12,0.3,26,0.021221539241236247,0.00011668027408217025,0.0001053584523555836,0.00011668027408217025
12,0.3,27,0.02102427150589888,0.00012000909943477787,8.888976482944531e-05,0.00012000909943477787
12,0.3,28,0.02100242316096531,0.00011690242733898301,0.00011061906524986671,0.00011690242733898301
12,0.3,29,0.021179484177371692,0.00011618105798010939,0.00010956742171420783,0.00011618105798010939
12,0.3,30,0.02123839166774427,0.000149879984639622,0.000149879984639622,0.00012082838233046643
12,0.3,31,0.02121366625114786,0.0001215917721434529,0.00011199610859428855,0.0001215917721434529
12,0.3,32,0.021178559084466406,0.00012193992686534241,0.00010334119525119881,0.00012193992686534241
12,0.3,33,0.021174152402545218,0.00013115721287312098,0.00013115721287312098,0.00012520606772356267
12,0.3,34,0.021205757039848536,0.00013117911386740965,0.00013117911386740963,0.0001258273754590634
12,0.3,35,0.021303959728634476,0.0001350442027580651,0.0001350442027580651,0.00012615843286905375
12,0.3,36,0.021283830348593494,0.00012525738004599263,0.00011425845111244397,0.00012525738004599263
12,0.3,37,0.021175433013029845,0.0001210997197600926,0.0001210997197600926,0.00011852007834666539
12,0.3,38,0.02121009260099523,0.0001397569237966763,0.0001397569237966763,0.00012090323675284907
12,0.3,39,0.021342374828502965,0.000128384615018687,0.00011932830205051983,0.000128384615018687
12,0.3,40,0.02140311494417922,0.0001224136993364928,0.00012127253110633018,0.0001224136993364928
12,0.3,41,0.02134524157273205,0.0001166296721852928,0.00010756462445630378,0.0001166296721852928
12,0.3,42,0.021381074243064582,0.00013414629533358216,0.00013414629533358216,0.00012455019463869068
12,0.3,43,0.021441532380500394,0.00015224933447159547,0.00015224933447159547,0.0001177051430002597
12,0.3,44,0.0212390148643029,0.00016493737962934108,0.00016493737962934108,0.00011904374235265671
12,0.3,45,0.021103247071060302,0.00013999212385976063,0.00013999212385976063,0.00011835526060911225
12,0.3,46,0.021003767060026053,0.00014312494661572177,0.00014312494661572177,0.00012178880943310009
12,0.3,47,0.021235790055494926,0.00014768984491702084,0.00014768984491702084,0.00012030889833648722
12,0.3,48,0.02143492676472055,0.000140852978721355,0.000140852978721355,0.0001247262454359039
12,0.3,49,0.02125068472388315,0.00012220304123712695,0.00012220304123712695,0.00011845140909974385
12,0.3,50,0.021178969608361367,0.00013209853472947045,0.00013209853472947045,0.00012168380712441015
12,0.3,51,0.021186366442679187,0.00012243439771925677,0.0001224343977192568,0.00012083486951744733
12,0.3,52,0.021163617971171073,0.00012298558764601303,0.00010565920506767085,0.00012298558764601303
12,0.3,53,0.021164867395253837,0.00012489178784271673,0.00012160550777469086,0.00012489178784271673
12,0.3,54,0.021371325571140156,0.00013298679012269807,0.00013298679012269807,0.0001231458855105358
12,0.3,55,0.021358020427769287,0.00012144477025768914,0.00011715248630874725,0.00012144477025768914
12,0.3,56,0.021359033690052234,0.00013034402672578585,0.00013034402672578585,0.0001235628208093508
12,0.3,57,0.021265853094157638,0.00015235559064489935,0.00015235559064489935,0.00012365972872265286
12,0.3,58,0.02126586504845268,0.00014735233208579282,0.00014735233208579282,0.00011746096337116396
12,0.3,59,0.021285765549079252,0.00015397321576421215,0.00015397321576421212,0.0001230934186236836
12,0.3,60,0.021171359200453235,0.00012347297657595767,0.00012121294836278071,0.00012347297657595767
12,0.3,61,0.0212123875484448,0.0001459516112017381,0.0001459516112017381,0.00012382156299968876
12,0.3,62,0.02136886148574207,0.0001250299993876985,9.993895386921033e-05,0.0001250299993876985
12,0.3,63,0.021141686713842225,0.00011895844023444958,0.00010285252739301008,0.00011895844023444958
12,0.3,64,0.021141637998384765,0.00011934359497084554,0.00011388659777264623,0.00011934359497084554
12,0.3,65,0.021217994124455297,0.00012706955927950303,0.00012030223089237416,0.00012706955927950303
12,0.3,66,0.021255342813430698,0.00012488584411351827,0.00010884597986030469,0.00012488584411351827
12,0.3,67,0.021088850685786517,0.00012179479804098619,0.00011753116927253933,0.00012179479804098619
12,0.3,68,0.02101954310962598,0.0001194381041747595,0.0001118062031209704,0.0001194381041747595
12,0.3,69,0.021240618288463534,0.00012969210670300824,0.00012969210670300824,0.00011521829162795964
12,0.3,70,0.02137362370272345,0.00012818108096435487,0.00012818108096435485,0.00011451078263939796
12,0.3,71,0.021375131400104105,0.00012961530413882087,0.00012961530413882087,0.0001191032425072586
12,0.3,72,0.02122292026039001,0.00011677369446007129,0.00011570736516544532,0.00011677369446007129
12,0.3,73,0.0211508026817513,0.00011709184523710347,0.00011044341357666022,0.00011709184523710347
12,0.3,74,0.02121036475600246,0.00011849882517117292,0.00010656800801227575,0.00011849882517117292
12,0.3,75,0.021245394684523626,0.00014421763774325694,0.00014421763774325692,0.00012011764563659811
12,0.3,76,0.021222588488080597,0.00012681430237369555,0.00011728844359059814,0.00012681430237369555
12,0.3,77,0.021050031914483396,0.00012015207629684238,0.00012015207629684239,0.0001182024841653223
12,0.3,78,0.02110484439225812,0.00012113666867250112,0.00010914003281134589,0.00012113666867250112
12,0.3,79,0.021244672566080997,0.00014514616929195835,0.00014514616929195835,0.00011931701020780739
12,0.3,80,0.021349469712547794,0.00013617944158026904,0.00013617944158026904,0.00012144878108116116
12,0.3,81,0.021386975664823015,0.00012347297104887972,0.00012347297104887972,0.00011861631283036661
12,0.3,82,0.021454038903516652,0.00012047373145955323,9.818749068103558e-05,0.00012047373145955323
12,0.3,83,0.02141638021719285,0.00014032213268579049,0.00014032213268579049,0.00012264980298897814
12,0.3,84,0.02151270618662038,0.00012280125538361502,0.00012280125538361502,0.00012047772079369489
12,0.3,85,0.021506247397058403,0.0001255775022462511,0.00012557750224625108,0.0001228311759056761
12,0.3,86,0.02126708013112577,0.00013428284001391793,0.00013428284001391793,0.00011566527904106842
12,0.3,87,0.021181151402967092,0.00013362810516716415,0.00013362810516716415,0.00011627500470072827
12,0.3,88,0.02145086724333384,0.00011798734560664346,9.291122375555662e-05,0.00011798734560664346
12,0.3,89,0.02144927047311412,0.00012178226636864358,0.00011384329410964525,0.00012178226636864358
12,0.3,90,0.021393391716076814,0.00011993988015421529,0.00010077504262079454,0.00011993988015421529
12,0.3,91,0.021277223419823132,0.00013657323749870836,0.00013657323749870833,0.00012295522749689557
12,0.3,92,0.0212384791891133,0.0001539920904353298,0.0001539920904353298,0.00012339414255474178
12,0.3,93,0.021187621174854843,0.00012650478509594382,0.00011537836209586672,0.00012650478509594382
12,0.3,94,0.021208305437096793,0.0001266699318841894,0.0001266699318841894,0.00011707919199445372
12,0.3,95,0.02103813360311113,0.00011976434334078353,0.00010860684805117656,0.00011976434334078353
12,0.3,96,0.02110138982963374,0.00011894017221907518,9.963998672974008e-05,0.00011894017221907518
12,0.3,97,0.02108114016975626,0.0001144368176525751,9.797789875899149e-05,0.0001144368176525751
12,0.3,98,0.021203981068006868,0.00011564540708290957,0.00011072003459013736,0.00011564540708290957
12,0.3,99,0.021157379592134935,0.00012758707852754422,0.0001275870785275442,0.00011523483663728152
12,0.3,100,0.02120572243794684,0.00012306221249502435,9.816471185987175e-05,0.00012306221249502435
12,0.3,101,0.021228874864247356,0.00011739783692898864,8.482164139116021e-05,0.00011739783692898864
12,0.3,102,0.021197640411960112,0.00011684364651520864,0.00010661967439188975,0.00011684364651520864
12,0.3,103,0.021163685861746835,0.00012179320381305845,9.836613242255063e-05,0.00012179320381305845
12,0.3,104,0.02120866196457435,0.00013586701490682062,0.00013586701490682062,0.00011818793883409168
12,0.3,105,0.021239424675343673,0.00011937883554007243,0.0001062107907823853,0.00011937883554007243
12,0.3,106,0.021210960162939076,0.0001238543633470884,0.00012385436334708843,0.00011735982978743276
12,0.3,107,0.021263143800868183,0.00011860878025884123,0.00010514229934885667,0.00011860878025884123
12,0.3,108,0.021118495152420955,0.00012087258326767058,0.00011989935175341841,0.00012087258326767058
12,0.3,109,0.021141311983952436,0.00011803009610059033,0.00010200257439031296,0.00011803009610059033
12,0.3,110,0.02126458561909181,0.0001217255228932147,0.00010260679936042966,0.0001217255228932147
12,0.3,111,0.021283212905110403,0.00012252457698215866,0.00011567391854912148,0.00012252457698215866
12,0.3,112,0.02137314179308586,0.0001256576997531376,0.0001256576997531376,0.00012212393944237466
12,0.3,113,0.021414110166036573,0.000125061732626554,0.000125061732626554,0.00012493015722849044
12,0.3,114,0.02134205474985433,0.00015579572516264873,0.00015579572516264873,0.00012322680058235956
12,0.3,115,0.02117576605139141,0.00014626520543198235,0.00014626520543198235,0.00012094661964772554
12,0.3,116,0.021207467473629442,0.0001292621817671164,0.0001292621817671164,0.00012063687312408275
12,0.3,117,0.02119617479938856,0.00012241675078979505,0.00011932806366972611,0.00012241675078979505
12,0.3,118,0.021326991573505902,0.00014062780295476832,0.00014062780295476832,0.00011925005440248628
12,0.3,119,0.021312080318226328,0.00011872876324852073,0.00011180262613419396,0.00011872876324852073
12,0.3,120,0.021334318814308268,0.0001229057487396588,0.00010890210283361172,0.0001229057487396588
12,0.3,121,0.02128195249847501,0.0001185358138874282,0.00010591839634500002,0.0001185358138874282
12,0.3,122,0.02113583900836804,0.00011601131730342743,0.00010853636572907117,0.00011601131730342743
12,0.3,123,0.021267672769187614,0.00014690483256090913,0.00014690483256090913,0.0001197007035572116
12,0.3,124,0.02130706254956361,0.00016348328726485775,0.00016348328726485775,0.00012329364898324696
12,0.3,125,0.02119015252510786,0.000124645086595898,0.00011941181763930522,0.000124645086595898
12,0.3,126,0.021225938561546313,0.00012197674552555053,0.00011303276113699096,0.00012197674552555053
12,0.3,127,0.02118457810177293,0.00012448058522294264,0.00010692242354226833,0.00012448058522294264
12,0.3,128,0.02120721100610269,0.00012381871435794615,0.00011392667881784725,0.00012381871435794615
12,0.3,129,0.0211091642595378,0.00012043020325770564,0.00011297740183406606,0.00012043020325770564
12,0.3,130,0.02091963225687266,0.00011955898703582775,0.00010763841271640423,0.00011955898703582775
12,0.3,131,0.021063957368399572,0.00011953051584757812,9.291728117740351e-05,0.00011953051584757812
12,0.3,132,0.021180925960898624,0.00014921338957123777,0.00014921338957123777,0.0001187446567928364
12,0.3,133,0.021115111919146157,0.00017289776807646854,0.0001728977680764685,0.000122435833819727
12,0.3,134,0.021260520063819083,0.00012572530081915987,0.00012572530081915987,0.00011916013061408162
12,0.3,135,0.021269164620023432,0.00014292373678081828,0.00014292373678081828,0.00012100488930162108
12,0.3,136,0.021329109800982578,0.00011955448211333705,9.790661877890472e-05,0.00011955448211333705
12,0.3,137,0.021428427276399705,0.00013241509156303803,0.00013241509156303803,0.00011604623237025733
12,0.3,138,0.02124202256260558,0.0001382034759452312,0.0001382034759452312,0.0001183957269629903
12,0.3,139,0.021140463009318287,0.00011969310262201824,0.00011969310262201824,0.00011781637311614769
12,0.3,140,0.02110370173559641,0.00012287102252274158,0.00012287102252274155,0.00011908630879905267
12,0.3,141,0.021275009636988286,0.00013099453979659864,0.00013099453979659867,0.0001243670420881351
12,0.3,142,0.021334358565757904,0.00012345683699202273,0.00011493833567208278,0.00012345683699202273
12,0.3,143,0.02146022349622227,0.00012817127295157874,0.00012817127295157874,0.00012393246896322442
12,0.3,144,0.021467779437971235,0.00012136983636245917,0.00011996345405904547,0.00012136983636245917
12,0.3,145,0.021430668720352933,0.00012957309475170463,0.00012957309475170463,0.00011955852136711271
12,0.3,146,0.021305285126753414,0.00016890293387034416,0.00016890293387034416,0.0001196068255471271
12,0.3,147,0.021239335113377014,0.00012225027495882209,0.00012225027495882209,0.00011818661212252828
12,0.3,148,0.02114702926056022,0.00014318941209540451,0.00014318941209540451,0.00011416173975974616
12,0.3,149,0.021071894684942447,0.0001352303746377179,0.00013523037463771792,0.00011914663863801294
12,0.3,150,0.02121960644078304,0.00012106663925053819,0.00012029866397914839,0.00012106663925053819
12,0.3,151,0.021149203377470026,0.0001234109914009332,0.00012341099140093323,0.0001228967599961203
12,0.3,152,0.02103142945880074,0.00012067229876491163,0.00011201030265895905,0.00012067229876491163
12,0.3,153,0.021055844900421512,0.00011965164100350746,9.576854779973454e-05,0.00011965164100350746
12,0.3,154,0.021125442283614047,0.00011931050032393698,0.00010839006812096393,0.00011931050032393698
12,0.3,155,0.02117415869384561,0.00011836076968950911,0.00011836076968950911,0.00011645210453677102
12,0.3,156,0.021144778812374452,0.00012079852060590928,0.00010285626921563369,0.00012079852060590928
12,0.3,157,0.021170870499508426,0.00011353912237081231,0.00010138491877886743,0.00011353912237081231
12,0.3,158,0.02126919238586943,0.0001245356877356935,0.0001245356877356935,0.0001200309670392322
12,0.3,159,0.021258258531105943,0.0001445135489578611,0.0001445135489578611,0.00012088563095454147
12,0.3,160,0.021188804766568127,0.00014814291718380555,0.00014814291718380555,0.00012021335046079313
12,0.3,161,0.02124155693233804,0.00013644217809546014,0.00013644217809546014,0.00012016439980267225
12,0.3,162,0.02124537360117836,0.00013527588127412312,0.00013527588127412312,0.0001249369568158278
12,0.3,163,0.021447386376986666,0.0001245139502724738,0.00011266933228447348,0.0001245139502724738
12,0.3,164,0.021506199533758128,0.00012599685928690193,0.00010323467569387567,0.00012599685928690193
12,0.3,165,0.021464173111291247,0.0001263414747858899,0.0001263414747858899,0.00012506675896115297
12,0.3,166,0.021401887983657282,0.0001274759070194768,0.0001237668575375462,0.0001274759070194768
12,0.3,167,0.021418074390446695,0.00012734272815828488,0.00010001813917338136,0.00012734272815828488
12,0.3,168,0.02122945832900238,0.00012523741798106886,0.00011101795603226053,0.00012523741798106886
12,0.3,169,0.02109378158974264,0.00012415683904609142,0.00010643964512811403,0.00012415683904609142
12,0.3,170,0.021059870030065087,0.00012586986872802864,0.00012586986872802864,0.00011860708584004706
12,0.3,171,0.021128962653147298,0.00012563421752486293,0.00011396615516871112,0.00012563421752486293
12,0.3,172,0.021243715184294222,0.00012315095551822762,0.00010899268857021907,0.00012315095551822762
12,0.3,173,0.021202907783426393,0.00013856597215165133,0.00013856597215165133,0.00012323073313391834
12,0.3,174,0.021121363106865115,0.00012786944596572766,0.00012786944596572766,0.00011741261022802693
12,0.3,175,0.02112181421185138,0.000116076407429457,0.00011001933682777495,0.000116076407429457
12,0.3,176,0.021377656959984084,0.0001220681765268919,9.786528425374988e-05,0.0001220681765268919
12,0.3,177,0.021253543679495817,0.0001229486349499059,9.646071027896267e-05,0.0001229486349499059
12,0.3,178,0.021249805798518498,0.00012137225193132676,0.00010570242146232802,0.00012137225193132676
12,0.3,179,0.021470067186119157,0.0001268361798649337,0.00011268833321890157,0.0001268361798649337
12,0.3,180,0.021562937299585746,0.00012405230735601448,0.00012283042066134938,0.00012405230735601448
12,0.3,181,0.021313666133779934,0.000119479683361037,0.00011816456467231886,0.000119479683361037
12,0.3,182,0.02135725762265055,0.00012556349932475285,0.00011292820576961635,0.00012556349932475285
12,0.3,183,0.021336679190807218,0.00012125914943564906,0.00010133998091138901,0.00012125914943564906
12,0.3,184,0.021391147306768096,0.00011570185760426318,9.763271648448012e-05,0.00011570185760426318
12,0.3,185,0.021411745517432006,0.00013137401709727194,0.00013137401709727194,0.00012035001276547451
12,0.3,186,0.02115556326063839,0.00011896727065643235,0.00010415171501734449,0.00011896727065643235
12,0.3,187,0.021224948372240315,0.00011814430674796035,0.0001029826331337376,0.00011814430674796035
12,0.3,188,0.02119282315266358,0.00012127172785857578,0.0001101797089527043,0.00012127172785857578
12,0.3,189,0.021245591210839763,0.00011970040798234633,0.00010720006572036714,0.00011970040798234633
12,0.3,190,0.02101864288316524,0.00012212173388661182,0.00011768211983531084,0.00012212173388661182
12,0.3,191,0.021185678011066158,0.00011497543866615114,9.656072901404342e-05,0.00011497543866615114
12,0.3,192,0.02115272632982323,0.00011767579434756197,0.00010757649348867693,0.00011767579434756197
12,0.3,193,0.02114549928616301,0.00012964432537532862,0.00012964432537532864,0.00011836317755947926
12,0.3,194,0.021362295386227644,0.0001231542775795814,0.00010231597592291531,0.0001231542775795814
12,0.3,195,0.02114431957660147,0.00012334274872415695,0.00012144088221093475,0.00012334274872415695
12,0.3,196,0.02111905389683072,0.00012070946565961952,0.0001062760483553863,0.00012070946565961952
12,0.3,197,0.020971986277491483,0.00012082015251106365,0.00012036548494454206,0.00012082015251106365
12,0.3,198,0.02121711436158274,0.00011445701004980987,0.0001041171557851429,0.00011445701004980987
12,0.3,199,0.021308892624726617,0.00011699086848346081,0.00011699086848346081,0.00011606571573296372
12,0.3,200,0.02147370535693696,0.00012241006795086728,0.0001224100679508673,0.00011921376574452353
12,0.3,201,0.021321737552141153,0.00012166131640672606,9.63848006405895e-05,0.00012166131640672606
12,0.3,202,0.021208557506691164,0.00011252294565634748,0.00011252294565634748,0.00011066141387958396
12,0.3,203,0.02118834235489984,0.00014470820726299985,0.00014470820726299982,0.00012202374608312193
12,0.3,204,0.02129414943118295,0.00014741698628731466,0.00014741698628731466,0.0001230671940987702
12,0.3,205,0.021145951928336033,0.00014410113262831281,0.00014410113262831281,0.00011847738654497147
12,0.3,206,0.021192469435527,0.00016220462928088694,0.00016220462928088691,0.00011519697384042096
12,0.3,207,0.02132444946857332,0.0001356512402787605,0.0001356512402787605,0.00012370317999448217
12,0.3,208,0.021221711196140452,0.00012513451884899317,0.00011272675024548742,0.00012513451884899317
12,0.3,209,0.021210939251951128,0.0001264340927465943,0.00010108105179785015,0.0001264340927465943
12,0.3,210,0.02108754164203842,0.00012205539950204211,8.563142096076323e-05,0.00012205539950204211
12,0.3,211,0.02130498427108335,0.00011982000171476321,0.00011456038518277687,0.00011982000171476321
12,0.3,212,0.021125063010661287,0.0001255827875131372,0.00012558278751313717,0.0001212491818542686
12,0.3,213,0.02107069728613836,0.00012290584009454452,0.00012287393021022318,0.00012290584009454452
12,0.3,214,0.02108561067706558,0.0001178925562907262,0.00011490849474601264,0.0001178925562907262
12,0.3,215,0.021192651618447956,0.00012730826317410807,0.00012730826317410807,0.00011771643790870457
12,0.3,216,0.021282432333921634,0.00011677387954366909,0.00010379013715678599,0.00011677387954366909
12,0.3,217,0.02119076050773894,0.0001222921357785368,0.0001222921357785368,0.00011617981784533739
12,0.3,218,0.02120547621055565,0.00013996940668587263,0.00013996940668587263,0.00011898844834610454
12,0.3,219,0.02111024881510212,0.0001271454540656234,0.0001271454540656234,0.00012068011189329201
12,0.3,220,0.021096713613106655,0.00013680134300217132,0.00013680134300217132,0.00011802103280085977
12,0.3,221,0.021105836428260822,0.00012364427663866747,0.00012364427663866747,0.00011939463951687189
12,0.3,222,0.021026477883233686,0.00014319733555214105,0.00014319733555214105,0.00012002262289033752
12,0.3,223,0.021108020897018555,0.00012204523397566279,0.00012080430071003466,0.00012204523397566279
12,0.3,224,0.021096392058290368,0.00011891872524018983,8.427617656792508e-05,0.00011891872524018983
12,0.3,225,0.02112141085090474,0.00012422231973118904,0.00011529469860760654,0.00012422231973118904
12,0.3,226,0.021131087973092204,0.00014493870492375324,0.00014493870492375324,0.00012313429730916373
12,0.3,227,0.021072688063959132,0.00014859174693444076,0.00014859174693444076,0.0001284835530265152
12,0.3,228,0.021173080224654688,0.00012355784971283386,9.746975954591173e-05,0.00012355784971283386
12,0.3,229,0.02118389922025698,0.00011621135908036699,9.452259590662144e-05,0.00011621135908036699
12,0.3,230,0.021226900626478265,0.0001236135097232594,0.00011172632094757544,0.0001236135097232594
12,0.3,231,0.02120120262553008,0.00012947636141305864,0.00012947636141305864,0.0001235223995478506
12,0.3,232,0.02143858772316097,0.00012402744073271933,0.00011502517867277145,0.00012402744073271933
12,0.3,233,0.021226146526039262,0.00012316392323655041,0.00011752023518186706,0.00012316392323655041
12,0.3,234,0.02127927639161697,0.00012599978426757087,0.0001197186800832261,0.00012599978426757087
12,0.3,235,0.021498078369919318,0.00014423104147621445,0.00014423104147621448,0.00012298362741126081
12,0.3,236,0.021498801563152408,0.0001318862466733927,0.0001318862466733927,0.00012673276896390607
12,0.3,237,0.02151475230698074,0.0001236094691427084,0.00011055662871065478,0.0001236094691427084
12,0.3,238,0.02134195513914242,0.0001227026854357286,8.590121773322766e-05,0.0001227026854357286
12,0.3,239,0.021276171185054718,0.00011972377436618411,0.00010773136717139321,0.00011972377436618411
12,0.3,240,0.021358020483799433,0.00013345682350330228,0.00013345682350330228,0.00012120043599519563
12,0.3,241,0.02126147767444715,0.00011675403293126102,0.00010997506490009986,0.00011675403293126102
12,0.3,242,0.02117489934743883,0.00012007741216236185,0.00011330525830638243,0.00012007741216236185
12,0.3,243,0.021276129889011543,0.00012166935157441492,9.795791972916534e-05,0.00012166935157441492
12,0.3,244,0.021362603024777122,0.00012458217402411,0.00010222849142537076,0.00012458217402411
12,0.3,245,0.02132559359225217,0.0001323313236128711,0.0001323313236128711,0.00012185917266666208
12,0.3,246,0.021376007606077288,0.00012072483104055072,0.00010532574494028242,0.00012072483104055072
12,0.3,247,0.021262501526978967,0.00012359139887995296,0.00011421836375107802,0.00012359139887995296
12,0.3,248,0.021230821771894906,0.00011918501509810551,0.00010329634934743409,0.00011918501509810551
12,0.3,249,0.02122718587810825,0.00011922907324820734,0.00011179098968705186,0.00011922907324820734
12,0.3,250,0.021246586926219058,0.00011984816126267172,0.00011681767421605522,0.00011984816126267172
12,0.3,251,0.021245136574411627,0.00014475726433239232,0.00014475726433239232,0.00012357028139293547
12,0.3,252,0.021356969344717865,0.00012477841679320683,0.00012477841679320683,0.00011811463540658332
12,0.3,253,0.021305449984865072,0.00012296583583404564,0.00011625339222626728,0.00012296583583404564
12,0.3,254,0.021367999374376657,0.00012400710012213206,0.00010231723618049197,0.00012400710012213206
12,0.3,255,0.021405734160855727,0.00012711202486178467,0.00012299313373951236,0.00012711202486178467
12,0.3,256,0.021437264222779518,0.00012565618651372745,0.00012565618651372745,0.00012141314178758539
12,0.3,257,0.02140026348988623,0.0001237763425593153,0.00011437857199371725,0.0001237763425593153
12,0.3,258,0.021135603546481783,0.00012540216171090242,0.0001103640546236736,0.00012540216171090242
12,0.3,259,0.021052407387619876,0.00012158425788482407,8.539255348051202e-05,0.00012158425788482407
12,0.3,260,0.020968264019871348,0.00011761456146267125,8.860572607638381e-05,0.00011761456146267125
12,0.3,261,0.02094130587398121,0.0001168075473414186,9.384511859524894e-05,0.0001168075473414186
12,0.3,262,0.021022721286102164,0.0001174313752714885,0.00011673373049470231,0.0001174313752714885
12,0.3,263,0.02109487107885686,0.00012002032367554736,0.00012002032367554735,0.00011813169992206467
12,0.3,264,0.021191605637212806,0.00012456792822016194,0.00011710155460440148,0.00012456792822016194
12,0.3,265,0.021381823828222502,0.00012716002196804302,0.00012019766832916992,0.00012716002196804302
12,0.3,266,0.021280452053358292,0.00012761306811860166,0.00012761306811860166,0.000124001302769876
12,0.3,267,0.02118101720052431,0.00013511206850120978,0.00013511206850120978,0.00012207468383895802
12,0.3,268,0.021277952817209324,0.00012362099766501114,0.00012362099766501114,0.00012280931517090368
12,0.3,269,0.02140242259583773,0.0001299017769297511,9.860013761781107e-05,0.0001299017769297511
12,0.3,270,0.02131256348933317,0.00012663117481477617,0.00012056521311090077,0.00012663117481477617
12,0.3,271,0.02132872076601516,0.0001553963931257156,0.0001553963931257156,0.00012055260175455624
12,0.3,272,0.021213430121398986,0.00012646236800484655,0.00012646236800484655,0.00012076916358171043
12,0.3,273,0.021189508931174002,0.00012049346313078096,0.00010753850752893706,0.00012049346313078096
12,0.3,274,0.02110906532201183,0.00012270240094268157,0.00011825702456999162,0.00012270240094268157
12,0.3,275,0.021226446468064795,0.00011821188549847131,0.00011593474425666055,0.00011821188549847131
12,0.3,276,0.021198847384145025,0.0001331459969225347,0.00013314599692253472,0.0001181946527295728
12,0.3,277,0.021223267963903964,0.0001171609991235616,0.00010849273670136554,0.0001171609991235616
12,0.3,278,0.02120872075373404,0.00013877417348991144,0.0001387741734899114,0.00012038427188931554
12,0.3,279,0.021115270970728763,0.0001456704327310378,0.0001456704327310378,0.00011531158772167731
12,0.3,280,0.021046434650106714,0.00011444854332419144,0.000110394748019574,0.00011444854332419144
12,0.3,281,0.021126111859794572,0.00012461870687480677,0.00012461870687480677,0.00011505123833100916
12,0.3,282,0.021212507405337075,0.00012278238537937603,0.00012278238537937603,0.00011679132794694545
12,0.3,283,0.02127647244218437,0.00011939663610146192,0.00011724243595555994,0.00011939663610146192
12,0.3,284,0.02117016888963587,0.00011821936312745957,0.00011821936312745957,0.00011591587421330378
12,0.3,285,0.021140400732011497,0.0001352133955388149,0.00013521339553881494,0.0001254523601135051
12,0.3,286,0.021159247724680242,0.00012544768855166688,0.00012037256430994352,0.00012544768855166688
12,0.3,287,0.02126049164602822,0.00012245644952359785,0.000111267029916584,0.00012245644952359785
12,0.3,288,0.021319098866644636,0.0001216197570739352,0.00012161975707393522,0.00012089279693423725
12,0.3,289,0.021283674085194496,0.00012230565209046964,0.00011728316345895768,0.00012230565209046964
12,0.3,290,0.021422522576912257,0.00012125437776108436,9.431011132882583e-05,0.00012125437776108436
12,0.3,291,0.021338699007945883,0.00012232324417041867,0.00010682813842271733,0.00012232324417041867
12,0.3,292,0.021397932217553473,0.00012112182129780069,8.824584738856674e-05,0.00012112182129780069
12,0.3,293,0.021238671470611727,0.0001270134241619233,0.0001270134241619233,0.00012587223927816422
12,0.3,294,0.021210165610547723,0.00011918480382132957,0.00010710736583242947,0.00011918480382132957
12,0.3,295,0.02122456050035198,0.00012333688871055866,0.0001202763527007428,0.00012333688871055866
12,0.3,296,0.021375908098197154,0.00014721823799806512,0.0001472182379980651,0.00011882101671257289
12,0.3,297,0.021314520014125798,0.00012943762070537055,0.00012943762070537055,0.00011819417828875
12,0.3,298,0.02131328082702193,0.0001191090906156063,0.00010273823916874375,0.0001191090906156063
12,0.3,299,0.021221633107160128,0.0001174778074887919,0.00011078278243941785,0.0001174778074887919
12,0.3,300,0.02132126121997179,0.00011562452040941081,0.00011457261670836084,0.00011562452040941081
12,0.3,301,0.021117935543590392,0.00011528590991914037,0.00010908258902996968,0.00011528590991914037
12,0.3,302,0.020980411163373444,0.00011549650267912392,0.00010801601095955511,0.00011549650267912392
12,0.3,303,0.021211191525986654,0.0001263384622445061,8.369890964489336e-05,0.0001263384622445061
12,0.3,304,0.021234899861883594,0.00012091084581169886,0.00011079497150518816,0.00012091084581169886
12,0.3,305,0.02125526941527881,0.00012327158716579,0.00010141100006312965,0.00012327158716579
12,0.3,306,0.021173257215972883,0.00012094105849717678,0.00012094105849717677,0.00012089303914848473
12,0.3,307,0.021273282453877215,0.00011925776844033082,0.00011925776844033083,0.00011674322566966502
12,0.3,308,0.02133737339568547,0.00011585371497089559,0.00011217153780709926,0.00011585371497089559
12,0.3,309,0.02145568705556864,0.0001272892536093838,0.00012728925360938379,0.00012267998938959014
12,0.3,310,0.02142210418779698,0.0001284407727909974,0.00012844077279099738,0.00012031243687285145
12,0.3,311,0.02136160643182357,0.00012324047488968036,0.00012324047488968036,0.00012120026715523459
12,0.3,312,0.021308964863426056,0.00012255438195280156,0.00012178792475814653,0.00012255438195280156
12,0.3,313,0.021289215327320372,0.0001515818376424802,0.0001515818376424802,0.00012887348881835683
12,0.3,314,0.02111522372692428,0.00014355354966526237,0.00014355354966526235,0.00012068039970806282
12,0.3,315,0.021150095430222948,0.00013652851358417003,0.00013652851358417003,0.00011944043868688366
12,0.3,316,0.021191855632406567,0.0001279184882878949,0.00012791848828789488,0.00012063694798567396
12,0.3,317,0.021232101194088013,0.0001456096894378166,0.0001456096894378166,0.00011642946283073803
12,0.3,318,0.021179565790708555,0.00016080586000411133,0.00016080586000411133,0.0001231910618375693
12,0.3,319,0.02126363783973223,0.00013408187890495517,0.00013408187890495517,0.00012337358956078032
12,0.3,320,0.021276705920883873,0.0001402195989514301,0.0001402195989514301,0.00011986718442100208
12,0.3,321,0.021223518951169647,0.00013157878637848558,0.00013157878637848558,0.00012251979525786222
12,0.3,322,0.0214219481832153,0.00012967030574586802,0.00012967030574586802,0.00012154059926355803
12,0.3,323,0.02133521703745323,0.00012595305294931517,0.0001199852579329974,0.00012595305294931517
12,0.3,324,0.021243064006294395,0.00012158053996008509,0.00012158053996008509,0.00011710940516659418
12,0.3,325,0.02116335317099793,0.00012456683548221493,0.00012456683548221493,0.00011967102052326873
12,0.3,326,0.02114833243523056,0.0001319236227737635,0.0001319236227737635,0.00011877954273628404
12,0.3,327,0.021125864063438585,0.00013388355182178088,0.00013388355182178088,0.00011254597753989453
12,0.3,328,0.021256785000931547,0.0001363089673692374,0.0001363089673692374,0.00011477930374545416
12,0.3,329,0.0212597608499042,0.00012204282509163332,0.0001220428250916333,0.00011874002957760743
12,0.3,330,0.021432939666473676,0.00012043864728504241,0.00011739817468321612,0.00012043864728504241
12,0.3,331,0.02131953898021331,0.00012456465549022882,0.00010281479029891306,0.00012456465549022882
12,0.3,332,0.021346357951572383,0.00012317848836922697,0.00010941446296770129,0.00012317848836922697
12,0.3,333,0.02138527553380865,0.00013346630404261335,0.00013346630404261335,0.00012339822751987567
12,0.3,334,0.02134179660002922,0.00012302040621650498,0.00012302040621650498,0.00012116988659620351
12,0.3,335,0.021326329888175597,0.00014078815653552183,0.00014078815653552183,0.00012151724366833915
12,0.3,336,0.021460675310247944,0.0001235681906616586,0.00012356819066165861,0.00012339725578640724
12,0.3,337,0.021341053227588114,0.00011719403499461057,0.00011437056875604507,0.00011719403499461057
12,0.3,338,0.02139213207346404,0.0001169365463691479,0.0001169365463691479,0.00011690804166103099
12,0.3,339,0.021311335265362462,0.00013781324086969092,0.00013781324086969092,0.00011843865446197799
12,0.3,340,0.021312298492729385,0.00012359332286725758,0.00011913417889359574,0.00012359332286725758
12,0.3,341,0.02130694688733793,0.0001240946694712672,0.00011545282260565268,0.0001240946694712672
12,0.3,342,0.02115288211254683,0.0001332300891926135,0.0001332300891926135,0.0001210306905149613
12,0.3,343,0.02107051554103778,0.0001177347602763773,0.00011732500016443364,0.0001177347602763773
12,0.3,344,0.021038869973452987,0.00012012286508296694,0.0001133316671058131,0.00012012286508296694
12,0.3,345,0.020996356031561327,0.0001172248905447712,0.0001081317042635214,0.0001172248905447712
12,0.3,346,0.020965493575637918,0.00011559432411073205,0.00010992642705443999,0.00011559432411073205
12,0.3,347,0.021129998510196302,0.00011952238979242143,0.00011178931476789055,0.00011952238979242143
12,0.3,348,0.02122690026322828,0.00012030010794088148,0.0001118168202231805,0.00012030010794088148
12,0.3,349,0.02123131193444103,0.00013573563034793195,0.00013573563034793195,0.00012135316068005898
12,0.3,350,0.02135510923459388,0.0001379150985216249,0.0001379150985216249,0.00012343293979089512
12,0.3,351,0.02135410253102045,0.0001235824714123446,0.0001203621231108419,0.0001235824714123446
12,0.3,352,0.021294659266756458,0.00011960536084395375,0.00010304397794003446,0.00011960536084395375
12,0.3,353,0.021162833218918365,0.0001250783410166649,0.0001250783410166649,0.00011958996461151891
12,0.3,354,0.02114354879456649,0.00012398255797886908,0.00012398255797886908,0.00011761554913802675
12,0.3,355,0.021317784780320835,0.00016660716811510082,0.0001666071681151008,0.00011727890454021413
12,0.3,356,0.0211859773179885,0.0001372645676732547,0.0001372645676732547,0.00012077828399555201
12,0.3,357,0.021263004020577948,0.00013638752465400654,0.00013638752465400654,0.00012025400188894494
12,0.3,358,0.02121365144178122,0.0001338539615690553,0.0001338539615690553,0.00012191747485858377
12,0.3,359,0.02134001784990068,0.00012124676350510809,0.00012124676350510809,0.00011988417303401055
12,0.3,360,0.021301043774313022,0.00012592066338068915,0.00012592066338068918,0.00012376769633234565
12,0.3,361,0.02136539089381291,0.00012538536687557324,0.00010442303562631662,0.00012538536687557324
12,0.3,362,0.021469006762375672,0.0001285971749811572,0.00010906669584998828,0.0001285971749811572
12,0.3,363,0.021343304971026773,0.00012876888249072914,0.00011806968682659371,0.00012876888249072914
12,0.3,364,0.021462815073567384,0.0001284748693362336,0.0001229566289860172,0.0001284748693362336
12,0.3,365,0.02120590408660393,0.00012357727049656274,9.950727804957656e-05,0.00012357727049656274
12,0.3,366,0.021290191907548897,0.0001223995952439738,8.892130412516666e-05,0.0001223995952439738
12,0.3,367,0.02113618832552261,0.00012293017110808386,9.221298983424701e-05,0.00012293017110808386
12,0.3,368,0.021356462176446375,0.00012839925179873747,0.00012839925179873747,0.0001215203295863799
12,0.3,369,0.021243892415031274,0.00014168477095010686,0.00014168477095010686,0.0001229618439008217
12,0.3,370,0.021179116906296643,0.0001208666923364572,0.0001208666923364572,0.0001169038513105847
12,0.3,371,0.021354561280130805,0.00014418599326582,0.00014418599326582,0.00011727974411892833
12,0.3,372,0.021274479050022364,0.00013578055474319062,0.00013578055474319062,0.00012090616443980266
12,0.3,373,0.021334905331812322,0.00014017607133950873,0.00014017607133950873,0.00012018058048637603
12,0.3,374,0.021231945807468126,0.00015819864900809804,0.00015819864900809802,0.00011573937037459582
12,0.3,375,0.02125320579682797,0.0001348724711895264,0.00013487247118952638,0.00011752427289466697
12,0.3,376,0.02131300338705455,0.00012973604776780326,0.00012973604776780326,0.00011661376156015946
12,0.3,377,0.02141920959208201,0.0001260656489168455,0.00011323357108582744,0.0001260656489168455
12,0.3,378,0.021397168881876726,0.0001257788315071557,0.00010959792319958897,0.0001257788315071557
12,0.3,379,0.021451186795536804,0.00012557609915330755,0.00011242930220567265,0.00012557609915330755
12,0.3,380,0.021318773487693888,0.00012395940611899074,9.970673486822986e-05,0.00012395940611899074
12,0.3,381,0.02138312694355912,0.00012467006726419208,0.00012467006726419208,0.00012014841580008073
12,0.3,382,0.02142646726991532,0.00012800021451415356,0.00012800021451415356,0.00012315363212519922
12,0.3,383,0.021361559590090336,0.00016257787392622366,0.00016257787392622364,0.00011865055554376192
12,0.3,384,0.02136507121662618,0.0001462254179711678,0.0001462254179711678,0.00011839445165514038
12,0.3,385,0.02139847533545437,0.00013606822865779928,0.00013606822865779928,0.00012286460590732785
12,0.3,386,0.02138408835645973,0.0001202643946323983,8.056624986866809e-05,0.0001202643946323983
12,0.3,387,0.021381320869742322,0.00012064893029705846,0.00011141478601714513,0.00012064893029705846
12,0.3,388,0.021238461945465806,0.0001279440747200818,0.0001279440747200818,0.0001241757380240687
12,0.3,389,0.02120757104017989,0.0001262306210297072,0.00012298267483720104,0.0001262306210297072
12,0.3,390,0.021256648470720382,0.0001229321019768794,0.00010839492059767365,0.0001229321019768794
12,0.3,391,0.02127214012757933,0.00012387505556021015,0.00011622153556967072,0.00012387505556021015
12,0.3,392,0.021434697136373995,0.0001248011756170246,0.00011109605102180673,0.0001248011756170246
12,0.3,393,0.02124764979967256,0.00012600772069384377,0.00012600772069384377,0.00012251155571530193
12,0.3,394,0.021042245845077044,0.0001227913647129734,0.00010531068225067468,0.0001227913647129734
12,0.3,395,0.02114193181783562,0.0001229700646943194,9.774530379491988e-05,0.0001229700646943194
12,0.3,396,0.021180425651807843,0.00012246458090889726,0.0001147360878851914,0.00012246458090889726
12,0.3,397,0.02118840878305104,0.00012575603189015638,0.00012575603189015638,0.00011800773108444103
12,0.3,398,0.02121294056482261,0.00013953563567331697,0.00013953563567331697,0.00012404124991570884
12,0.3,399,0.021316450350204817,0.00011755542475928178,0.00011217709627800859,0.00011755542475928178
12,0.3,400,0.021241675688789038,0.00012633588402279845,0.00012633588402279845,0.00011986984965307676
12,0.3,401,0.021295629853348663,0.00012145833789044996,0.00011846612563962862,0.00012145833789044996
12,0.3,402,0.021354522762224108,0.00012893396070197638,0.00012893396070197638,0.0001179632004715531
12,0.3,403,0.021402372387044188,0.00012289731225062936,0.00011489829170570847,0.00012289731225062936
12,0.3,404,0.021241932173670718,0.00012210411896376134,0.00011365074236156717,0.00012210411896376134
12,0.3,405,0.021205271158780955,0.000123413770216008,0.00011714785493723216,0.000123413770216008
12,0.3,406,0.021240255242541906,0.00012886759435931454,0.00012886759435931454,0.00012551205847004121
12,0.3,407,0.021196983281624553,0.0001579160695807282,0.0001579160695807282,0.00012270249387350956
12,0.3,408,0.02112198273980836,0.00014551643881457625,0.00014551643881457625,0.00011869540219834304
12,0.3,409,0.021123079987348654,0.00013099462972774624,0.00013099462972774624,0.00011997098213334472
12,0.3,410,0.021059734023497787,0.00011624512649067806,0.00011519321810191,0.00011624512649067806
12,0.3,411,0.02095375508939418,0.00011785717781734901,0.000117134991283055,0.00011785717781734901
12,0.3,412,0.021051445468228475,0.0001268954395608417,0.0001268954395608417,0.00011946401753514821
12,0.3,413,0.021039458357739342,0.00011983594102948034,0.00011983594102948034,0.00011850223585172002
12,0.3,414,0.021044993342561494,0.00012119046688417871,0.00011833780673275215,0.00012119046688417871
12,0.3,415,0.02123385534231256,0.0001257476112462851,0.0001257476112462851,0.00012203635442676304
12,0.3,416,0.021187448078921138,0.00012033366890030346,0.00011110409797091262,0.00012033366890030346
12,0.3,417,0.02116894813394678,0.0001231411144770403,9.115252259904502e-05,0.0001231411144770403
12,0.3,418,0.021288018570252993,0.00012139488151828261,0.00010837722753744274,0.00012139488151828261
12,0.3,419,0.021311871038116097,0.00012343227431577223,0.00011653160553585187,0.00012343227431577223
12,0.3,420,0.021335606876050957,0.00012297563682050225,0.00010093203509025331,0.00012297563682050225
12,0.3,421,0.021349047932677865,0.00012531017854489667,0.00011922112178699504,0.00012531017854489667
12,0.3,422,0.021395669491882808,0.00012421008016441106,0.00010933368482487464,0.00012421008016441106
12,0.3,423,0.02133313712525189,0.00012585967860686076,0.00012585967860686073,0.00011690075254041999
12,0.3,424,0.021145603505928447,0.00011908183049859219,0.00011498858049287212,0.00011908183049859219
12,0.3,425,0.02119890746565651,0.00012269428376859008,0.00012269428376859008,0.00012187213785485289
12,0.3,426,0.021128131937796443,0.00012098593588235285,0.0001148949648203682,0.00012098593588235285
12,0.3,427,0.021194224706002244,0.00014044608172319875,0.00014044608172319873,0.0001181924954774903
12,0.3,428,0.021344006109703776,0.00012115865006502937,0.00011030999575323646,0.00012115865006502937
12,0.3,429,0.021190386231054844,0.00012228753029505294,0.00012228753029505294,0.00012122037373869122
12,0.3,430,0.02127313505085637,0.00012196231041047804,0.00012143627899094522,0.00012196231041047804
12,0.3,431,0.021218302357293668,0.0001394524723362474,0.0001394524723362474,0.00012667805043145946
12,0.3,432,0.02110254690534995,0.000135704478050651,0.000135704478050651,0.0001231357861477673
12,0.3,433,0.021144148123245776,0.0001212323980224897,0.00012121918423534533,0.0001212323980224897
12,0.3,434,0.021139061147555826,0.00012210160285568245,0.00010592771511887429,0.00012210160285568245
12,0.3,435,0.021166699197388953,0.00012364252614491955,0.00012364252614491952,0.0001179368166642789
12,0.3,436,0.021381153812394565,0.00012270122757159163,0.00012270122757159163,0.00011961387008727786
12,0.3,437,0.02138212937630727,0.00015157524664149156,0.00015157524664149153,0.00012132774501732592
12,0.3,438,0.021399125347093415,0.0001478862904628452,0.0001478862904628452,0.0001150067860754411
12,0.3,439,0.021302662523093686,0.00014348530767634743,0.00014348530767634743,0.00012320406237598466
12,0.3,440,0.021244442475982103,0.00013859403901606406,0.00013859403901606406,0.00011430020400179653
12,0.3,441,0.021164695295990726,0.00011371153007234165,0.00010269758660587216,0.00011371153007234165
12,0.3,442,0.021264190167701882,0.00012709696802026441,0.00012709696802026441,0.00012025234984462686
12,0.3,443,0.02100672734448982,0.00011591036940225423,0.00011106341795590616,0.00011591036940225423
12,0.3,444,0.02105891385801376,0.00012226540136297577,0.00012226540136297577,0.0001196849269284098
12,0.3,445,0.021103477836930076,0.0001258506680491668,0.0001258506680491668,0.0001151900768419856
12,0.3,446,0.021189927696441666,0.00012218847719673494,0.00012218847719673497,0.00012020224351251809
12,0.3,447,0.021275051744415192,0.00012384203323736865,0.00012384203323736865,0.00012370053780195593
12,0.3,448,0.021340147902101234,0.00011989816512161934,0.00011125496742881599,0.00011989816512161934
12,0.3,449,0.021233850351773168,0.00012010046474657725,0.00010876556904344364,0.00012010046474657725
12,0.3,450,0.021336105175344084,0.00012232682760023158,9.376418886726665e-05,0.00012232682760023158
12,0.3,451,0.02139858190758071,0.00012507235135963293,7.690078918586579e-05,0.00012507235135963293
12,0.3,452,0.0214526063825875,0.00012363910238630976,0.0001106950131678947,0.00012363910238630976
12,0.3,453,0.0212666856175968,0.00012757390624507212,0.00012757390624507212,0.00011887256584465199
12,0.3,454,0.021223837000261498,0.00012384863434980207,0.00010822118669573592,0.00012384863434980207
12,0.3,455,0.021227537994206697,0.00013883260642042237,0.00013883260642042237,0.00012566708904011964
12,0.3,456,0.021202288933785354,0.00012031979565070243,0.00011553734696616142,0.00012031979565070243
12,0.3,457,0.021438632417037192,0.0001209089037814623,9.579639674120597e-05,0.0001209089037814623
12,0.3,458,0.02133037539175988,0.00011749398452382172,0.00011703342621027176,0.00011749398452382172
12,0.3,459,0.021313624484339034,0.0001328428117913265,0.0001328428117913265,0.00012043606051120366
12,0.3,460,0.02122705717666849,0.00012507079736766456,0.00010842166097550683,0.00012507079736766456
12,0.3,461,0.021327044145345166,0.0001251950261974338,0.00010808941330742413,0.0001251950261974338
12,0.3,462,0.02127212416925632,0.00012569552228997808,0.00012569552228997808,0.0001254762521389907
12,0.3,463,0.021221981769935575,0.0001234062495899079,0.00010873755679027792,0.0001234062495899079
12,0.3,464,0.02108178050210335,0.00011760401875512203,8.282284107699944e-05,0.00011760401875512203
12,0.3,465,0.021006302760218046,0.00012124971153195796,7.849662082166304e-05,0.00012124971153195796
12,0.3,466,0.020932301790376823,0.00011847806982132868,0.00011766502900503457,0.00011847806982132868
12,0.3,467,0.02102529522587827,0.00012044324331981513,0.00011210330988987981,0.00012044324331981513
12,0.3,468,0.021189089842023747,0.00011822021069001656,8.624332153744494e-05,0.00011822021069001656
12,0.3,469,0.021072042475726145,0.00011974507883377562,0.00010460619148313536,0.00011974507883377562
12,0.3,470,0.021217246584472955,0.00011982094146733722,0.00011337039033011421,0.00011982094146733722
12,0.3,471,0.021325524163365826,0.00012353201085240454,0.00011879524503574514,0.00012353201085240454
12,0.3,472,0.021305780233680568,0.00012652820003099938,0.00012652820003099935,0.00012213967306856752
12,0.3,473,0.02122529698616004,0.00012091487651133846,0.00010126689686322206,0.00012091487651133846
12,0.3,474,0.020976265393496847,0.0001242386421315399,0.00011276769675250213,0.0001242386421315399
12,0.3,475,0.021224205895997963,0.00012395472778716464,0.00012395472778716464,0.00012246776625065038
12,0.3,476,0.021385103376086935,0.00012418676467667033,0.00011364747799777875,0.00012418676467667033
12,0.3,477,0.021136813178386928,0.00012642550089654123,0.00012642550089654123,0.0001231039819964844
12,0.3,478,0.021158567539978135,0.00012049202045266945,0.00010696137639721394,0.00012049202045266945
12,0.3,479,0.021166482949426923,0.00013452035690759992,0.00013452035690759992,0.00012013631624351808
12,0.3,480,0.02125224995717707,0.00012349804635441083,0.00012349804635441083,0.00011879205121897487
12,0.3,481,0.02113764773266415,0.00011940043884932919,0.00011746162477925411,0.00011940043884932919
12,0.3,482,0.021186004737081567,0.00012346352205742548,0.00012346352205742548,0.00011757083362917219
12,0.3,483,0.021280205149428466,0.0001269222482396794,0.0001269222482396794,0.00011966714307436127
12,0.3,484,0.021284491709368428,0.00012304887301568552,0.00011461031668295787,0.00012304887301568552
12,0.3,485,0.021152483111795732,0.00011995133030850259,0.00011477555167698026,0.00011995133030850259
12,0.3,486,0.02097907413661507,0.0001221305242670907,0.00011363337697616106,0.0001221305242670907
12,0.3,487,0.020994435269457334,0.00012188072005069332,0.00011610062901187692,0.00012188072005069332
12,0.3,488,0.020955985976350608,0.00011707522909727301,0.00010435751524321511,0.00011707522909727301
12,0.3,489,0.021302668063796763,0.00014513673265274829,0.00014513673265274829,0.00011542130638146041
12,0.3,490,0.021169206336531125,0.00016289405259940564,0.00016289405259940564,0.0001234596264798239
12,0.3,491,0.02112919272056179,0.00015970965549366912,0.00015970965549366912,0.00011658371917769333
12,0.3,492,0.021058638672243644,0.00013568933838506477,0.00013568933838506477,0.00011921259546095817
12,0.3,493,0.021158164806568416,0.0001402141594954731,0.0001402141594954731,0.0001172010641760578
12,0.3,494,0.021163060563799074,0.000147353362000793,0.000147353362000793,0.00011830182548533137
12,0.3,495,0.021343068988248795,0.0001203987389754388,0.00011770865920386126,0.0001203987389754388
12,0.3,496,0.0210729370283442,0.00011882701423378828,0.00010471141139701308,0.00011882701423378828
12,0.3,497,0.02113808783919221,0.00012037965496316951,0.00011553349064014964,0.00012037965496316951
12,0.3,498,0.021196454134928513,0.00012039870090899887,9.78083394280945e-05,0.00012039870090899887
12,0.3,499,0.021176218000559563,0.00012623492066235283,0.00012623492066235283,0.00012286977305387705
12,0.3,500,0.02130232697470795,0.00012653395684279482,0.00012159167728558202,0.00012653395684279482
12,0.4,0,0.0829586235070286,0.0002499800147874206,0.00021375915638461733,0.0002499800147874206
12,0.4,1,0.050800689361231735,0.0002519685087870878,0.00023777864574859756,0.0002519685087870878
12,0.4,2,0.03631828392732288,0.00022093068253992043,0.00022093068253992046,0.0002159318655314954
12,0.4,3,0.029419778443189618,0.00017704931432247476,0.0001676438533309932,0.00017704931432247476
12,0.4,4,0.025856365885444252,0.00015700628914559425,0.00015541365364914384,0.00015700628914559425
12,0.4,5,0.023660193139222983,0.00013824960246217594,0.00013716790798736625,0.00013824960246217594
12,0.4,6,0.02267901345438876,0.00013083975364778193,0.00012682470634137503,0.00013083975364778193
12,0.4,7,0.022145601258914745,0.00012782831038490788,9.397512981522249e-05,0.00012782831038490788
12,0.4,8,0.021638348288889074,0.0001264886463614098,0.00011990357172050259,0.0001264886463614098
12,0.4,9,0.021320222483425955,0.0001220146933046485,0.0001220146933046485,0.00011917954012579863
12,0.4,10,0.021220102084910823,0.000123170603855542,0.00012038708125941346,0.000123170603855542
12,0.4,11,0.021190977771738333,0.00011828325608019334,0.00011828325608019332,0.00011727693804486445
12,0.4,12,0.021242429731682,0.00014410819455661731,0.00014410819455661731,0.00012393816108163791
12,0.4,13,0.021058667540438492,0.00012037851611833671,0.00012037851611833671,0.00011620307064254739
12,0.4,14,0.02094238876332212,0.00011346828623439688,9.841057110377933e-05,0.00011346828623439688
12,0.4,15,0.020935921998188212,0.00011957638541037439,0.00010752894527960847,0.00011957638541037439
12,0.4,16,0.020889043463166376,0.00012251552035764238,0.00012251552035764235,0.00011287489162496183
12,0.4,17,0.02079524537090591,0.0001500202255443587,0.00015002022554435867,0.00011519598882963219
12,0.4,18,0.020935885706921727,0.00013841070437165773,0.00013841070437165773,0.00011388515673480817
12,0.4,19,0.021077884500903196,0.00012301471591148747,0.00012301471591148747,0.00011950924474961285
12,0.4,20,0.021036968871017334,0.00012649965059992877,0.00012649965059992877,0.00011709191818950499
12,0.4,21,0.020911324458623183,0.00014007376573564189,0.00014007376573564189,0.00011360003219554523
12,0.4,22,0.02083220930444426,0.0001226689508542049,0.0001226689508542049,0.00011978860115316414
12,0.4,23,0.020774712762651512,0.00012652839656303904,0.00012652839656303904,0.00011792114242776405
12,0.4,24,0.02085395759832701,0.00011638597641621567,8.968586406243673e-05,0.00011638597641621567
12,0.4,25,0.020863264567676457,0.00011301840280610849,0.0001130184028061085,0.00011088446072017785
12,0.4,26,0.020816039743789445,0.00012437941734347034,0.00012437941734347037,0.00011280598427841908
12,0.4,27,0.020934519905576647,0.00014437652225239315,0.00014437652225239315,0.00011898416958921328
12,0.4,28,0.02085722184534055,0.00012070251415073366,0.00012070251415073365,0.00011056489546052263
12,0.4,29,0.020859376731940237,0.00011608186125287126,9.967913625646525e-05,0.00011608186125287126
12,0.4,30,0.02088391787305332,0.00011780195828335685,0.00011133359234341457,0.00011780195828335685
12,0.4,31,0.02076173364295498,0.0001157875693350615,0.00011244038024198784,0.0001157875693350615
12,0.4,32,0.020733421414925627,0.00012101818511541604,0.00012101818511541605,0.00011111080438100664
12,0.4,33,0.020771306495013193,0.00012335303836316216,0.00012335303836316218,0.00011398548904025038
12,0.4,34,0.02074499938419341,0.00013013226542602874,0.00013013226542602874,0.00011968533176980763
12,0.4,35,0.020601922634472313,0.00012453562099517594,0.00012453562099517596,0.00011298710267153637
12,0.4,36,0.02074375771365812,0.00011401039347631608,0.00010866397920227594,0.00011401039347631608
12,0.4,37,0.020836943396795444,0.00011993522178810856,0.00011993522178810856,0.00011479028355676558
12,0.4,38,0.020834244919711146,0.00011186272330414442,0.00011181139449809934,0.00011186272330414442
12,0.4,39,0.02078572065558254,0.00012746158989707657,0.00012746158989707657,0.00011590289264390983
12,0.4,40,0.020788312197681572,0.00011661979085150039,0.0001065351496276227,0.00011661979085150039
12,0.4,41,0.020897860195405214,0.0001288560260218309,0.0001288560260218309,0.00011530395131233982
12,0.4,42,0.020968448894748578,0.00011498450042260664,0.0001034929177517702,0.00011498450042260664
12,0.4,43,0.020859721167914663,0.00012708461728878039,0.00012708461728878039,0.00011323016722665415
12,0.4,44,0.020858807835838055,0.00011233818528774583,0.00010725840596809048,0.00011233818528774583
12,0.4,45,0.0210068233892123,0.00011339132350782394,0.00010886127929082117,0.00011339132350782394
12,0.4,46,0.020936393655615095,0.00011039424868656096,8.97801195101588e-05,0.00011039424868656096
12,0.4,47,0.021090590655309563,0.00011171035070349612,9.93272193980084e-05,0.00011171035070349612
12,0.4,48,0.021120127606004672,0.00011971546278233885,8.37454543957133e-05,0.00011971546278233885
12,0.4,49,0.020948731229759897,0.00013920073496210568,0.00013920073496210568,0.00011972702575814985
12,0.4,50,0.02087175787441269,0.00012652009815744967,0.00012652009815744967,0.00012578483515295034
12,0.4,51,0.020995878568717,0.00011997659868876907,0.00011740273221314158,0.00011997659868876907
12,0.4,52,0.020902793190839295,0.00011338519776653057,0.00011323782685731448,0.00011338519776653057
12,0.4,53,0.020921594024384583,0.00011804471289086348,0.00011804471289086347,0.00010822573444182802
12,0.4,54,0.02085378683251445,0.00012087243459929591,0.00012087243459929591,0.00011645345222566553
12,0.4,55,0.0207412820468684,0.00013204758856420195,0.00013204758856420195,0.00011627823991594468
12,0.4,56,0.020863771026974974,0.00012606610050038035,0.00012606610050038035,0.00011399144612773957
12,0.4,57,0.02067183694618594,0.00011657782101015639,0.00011595249636170455,0.00011657782101015639
12,0.4,58,0.020596691426502552,0.00011172392367809006,0.00010868358306080138,0.00011172392367809006
12,0.4,59,0.020638370775526594,0.00011814557020670316,0.00010580708443912736,0.00011814557020670316
12,0.4,60,0.02088944938178278,0.00011624768216532356,0.0001036154882926237,0.00011624768216532356
12,0.4,61,0.020897412911926413,0.00012198236720802129,0.00012198236720802129,0.00011720321053080756
12,0.4,62,0.020781381362408324,0.00011437338217644075,9.670218188344752e-05,0.00011437338217644075
12,0.4,63,0.020814201896733983,0.00011537409018865213,0.00011537409018865214,0.00011122908961008165
12,0.4,64,0.020882672926338067,0.00011636391282351365,0.00011069251803241216,0.00011636391282351365
12,0.4,65,0.020849844188480775,0.00011315085360639287,0.00010883360522300497,0.00011315085360639287
12,0.4,66,0.02080677291470727,0.00012884205022440279,0.00012884205022440276,0.00011790663666715069
12,0.4,67,0.020741629858346954,0.0001387091978756607,0.0001387091978756607,0.00011699069616923832
12,0.4,68,0.020820698570749627,0.00011989656460457629,0.00011989656460457629,0.00011870295099325282
12,0.4,69,0.020885501532218013,0.00011087263428356928,9.813147134446422e-05,0.00011087263428356928
12,0.4,70,0.020899621474033576,0.00012341046214283695,0.00012341046214283695,0.00011381947068421729
12,0.4,71,0.02078508682279732,0.00011512787403853295,0.00010598996191592714,0.00011512787403853295
12,0.4,72,0.020666244222409882,0.00011233289475196518,0.00010212983069379034,0.00011233289475196518
12,0.4,73,0.020928136390001455,0.0001139482711300157,0.00010331249340013568,0.0001139482711300157
12,0.4,74,0.020959398229675564,0.00011360668395304907,9.566955778952654e-05,0.00011360668395304907
12,0.4,75,0.020808810616684638,0.00011189149471284918,9.633642685740483e-05,0.00011189149471284918
12,0.4,76,0.02088184245027818,0.00012814760711005725,0.00012814760711005727,0.00011684097755676152
12,0.4,77,0.02094503493960435,0.0001207722741703765,0.00010185635417337754,0.0001207722741703765
12,0.4,78,0.020938072552872618,0.00011409933956006565,0.00010123478272322155,0.00011409933956006565
12,0.4,79,0.02086007340942463,0.00011753844380815453,0.00011413491989325902,0.00011753844380815453
12,0.4,80,0.020849010554189022,0.00012952134163252398,0.00012952134163252396,0.00011597933515351113
12,0.4,81,0.020868728387675204,0.00012186048378719045,0.00012186048378719045,0.0001114918724673824
12,0.4,82,0.020929869593509107,0.00012003920033072914,0.00012003920033072913,0.00011388031058775621
12,0.4,83,0.021086527776744166,0.00012354141795124375,0.00012354141795124375,0.00012101282686605757
12,0.4,84,0.021078246600489462,0.00012615722654673686,0.00012615722654673686,0.00011794478076436624
12,0.4,85,0.021034044894464934,0.00011820957938694826,0.00011343155323093283,0.00011820957938694826
12,0.4,86,0.02103843834884903,0.00013328591472200476,0.00013328591472200476,0.00011878038708803448
12,0.4,87,0.020991518250766877,0.00011604385815901694,0.00011561451704520522,0.00011604385815901694
12,0.4,88,0.020817068790305135,0.00012833460778558778,0.00012833460778558778,0.00011507730917865152
12,0.4,89,0.02093598985613208,0.00014649755386818172,0.00014649755386818175,0.00012169716927091424
12,0.4,90,0.020921523323881183,0.00011989175757308801,9.359286276916536e-05,0.00011989175757308801
12,0.4,91,0.020998294353975697,0.00011652944415040537,0.00010742741010881674,0.00011652944415040537
12,0.4,92,0.021037655102085343,0.00011889794193599362,0.00010232890771051053,0.00011889794193599362
12,0.4,93,0.02104165739772855,0.0001184883368401467,8.792596304542845e-05,0.0001184883368401467
12,0.4,94,0.020837289514207068,0.00011832899790312563,0.00011832899790312563,0.00011422450237345548
12,0.4,95,0.020952110128893597,0.00012131058853399262,0.00012131058853399263,0.00011681930150497539
12,0.4,96,0.02085818086493594,0.00011070900885571227,9.66571366266301e-05,0.00011070900885571227
12,0.4,97,0.02086850253724564,0.00011599255526153949,0.00011563873405444228,0.00011599255526153949
12,0.4,98,0.020904614734793565,0.00011942163623494063,0.00011942163623494062,0.00011593993276430169
12,0.4,99,0.02096276533370272,0.0001185320111891379,0.00010307640941647822,0.0001185320111891379
12,0.4,100,0.021125163841001104,0.00012873475038158326,0.00012873475038158326,0.0001171631583372161
12,0.4,101,0.020946304064617637,0.00011703654142545992,0.00011545831051805774,0.00011703654142545992
12,0.4,102,0.020948811466829167,0.00011179498404520118,0.00010878359476624005,0.00011179498404520118
12,0.4,103,0.020850680448256394,0.00011178743120550036,0.0001011340325911831,0.00011178743120550036
12,0.4,104,0.020650242938669117,0.00011135745100523577,9.659212725641492e-05,0.00011135745100523577
12,0.4,105,0.020943477337055254,0.00011993988763191863,0.0001099263824186965,0.00011993988763191863
12,0.4,106,0.021010015567816624,0.00012222497270812643,9.747649504176283e-05,0.00012222497270812643
12,0.4,107,0.020864291675437244,0.0001219116095286478,0.00010877908018476423,0.0001219116095286478
12,0.4,108,0.020763864811512548,0.00011462206052621913,9.939857959662915e-05,0.00011462206052621913
12,0.4,109,0.020737973713469002,0.00011665469133623062,0.00011431669622312458,0.00011665469133623062
12,0.4,110,0.02077726625062012,0.00012080238741250931,0.00010372211547673708,0.00012080238741250931
12,0.4,111,0.020906521031273145,0.00012097238390665539,0.00011636869788232098,0.00012097238390665539
12,0.4,112,0.02095780074552992,0.00011855596058619348,0.00011654482213088182,0.00011855596058619348
12,0.4,113,0.02081798687848463,0.00011990498554670236,0.00011115193922888102,0.00011990498554670236
12,0.4,114,0.02080296492857052,0.0001328043581050764,0.0001328043581050764,0.00011851612986161933
12,0.4,115,0.020780955198944292,0.00011864277736589069,0.00010972481657353375,0.00011864277736589069
12,0.4,116,0.02093016438295309,0.00011820678048591824,8.576835245239097e-05,0.00011820678048591824
12,0.4,117,0.02084660809945331,0.00011956025197142367,0.00011956025197142368,0.00011816202935216894
12,0.4,118,0.020783513179835292,0.00012403629823573228,0.00012403629823573228,0.00011750839023620594
12,0.4,119,0.020922245680314765,0.000136097197201005,0.000136097197201005,0.00011514752801921863
12,0.4,120,0.020823351392436414,0.00013328852966493633,0.0001332885296649363,0.00012254974379562945
12,0.4,121,0.020924417879518393,0.00013443403140562182,0.00013443403140562182,0.00011764177341634888
12,0.4,122,0.02079029281730319,0.00011592840865286692,0.00011469353675268137,0.00011592840865286692
12,0.4,123,0.020693574860068308,0.00011415442296857079,9.501795350609678e-05,0.00011415442296857079
12,0.4,124,0.020793248269235676,0.00011893544808461824,0.00011371904068501826,0.00011893544808461824
12,0.4,125,0.02093309253172079,0.0001173215731062327,0.00011361455928670072,0.0001173215731062327
12,0.4,126,0.020955012445920466,0.0001291814848121804,0.0001291814848121804,0.00011613136675199903
12,0.4,127,0.021045008986044385,0.00012133886912510563,0.00011355575617808199,0.00012133886912510563
12,0.4,128,0.021105106438575563,0.00011794567108421683,9.754436002380398e-05,0.00011794567108421683
12,0.4,129,0.02106969571739655,0.0001170079752552106,0.00011679139077851689,0.0001170079752552106
12,0.4,130,0.020922041764118052,0.00011675255735858448,0.00010463506153223173,0.00011675255735858448
12,0.4,131,0.02073516866374362,0.00012821164631789784,0.0001282116463178978,0.00011706163303447389
12,0.4,132,0.020757905534784717,0.00014140923680017886,0.00014140923680017889,0.00011414872407597136
12,0.4,133,0.020809054697015824,0.0001497439501471441,0.00014974395014714407,0.00011429391010877605
12,0.4,134,0.02086887596278668,0.00012780112383372025,0.00012780112383372025,0.0001161204725318401
12,0.4,135,0.020950026582669663,0.0001310183709827168,0.00013101837098271677,0.0001117768377835891
12,0.4,136,0.020807312214946125,0.00011215675307147848,0.00011215675307147848,0.00011017819094624258
12,0.4,137,0.02100815902000981,0.00013602870731042746,0.00013602870731042746,0.00011427478283543102
12,0.4,138,0.02095436387953204,0.00014035703713035594,0.00014035703713035594,0.00011585954221641595
12,0.4,139,0.02085245012383548,0.000131830018303394,0.000131830018303394,0.0001154017925107151
12,0.4,140,0.020871444811707905,0.00011584694741793453,8.653636008272849e-05,0.00011584694741793453
12,0.4,141,0.020841244416561107,0.00011877653279834391,0.000101680938337343,0.00011877653279834391
12,0.4,142,0.020824436858413838,0.00011440625609737699,0.00010034401790340127,0.00011440625609737699
12,0.4,143,0.020829305355826066,0.00013103763904268379,0.00013103763904268379,0.00011804068535266285
12,0.4,144,0.020861774426777505,0.00013064111555739275,0.00013064111555739275,0.00011267617571583068
12,0.4,145,0.020904447189452773,0.00012110170099968624,0.00012110170099968625,0.00011366971053246082
12,0.4,146,0.020928162734126936,0.00013272927837102404,0.000132729278371024,0.0001159493884779626
12,0.4,147,0.02070322160353027,0.00011318214126497961,0.00011118056016708458,0.00011318214126497961
12,0.4,148,0.020837748607465626,0.0001164653521503483,0.00010158391333011375,0.0001164653521503483
12,0.4,149,0.020724155985718536,0.00011556832539736037,0.00010871713374806999,0.00011556832539736037
12,0.4,150,0.020759097750201672,0.00011420521428695843,0.00011420521428695843,0.00011047297421751469
12,0.4,151,0.02085854858709645,0.00011215605909439028,9.781103834139621e-05,0.00011215605909439028
12,0.4,152,0.020712263396563523,0.00011065598389653509,0.0001074417768747091,0.00011065598389653509
12,0.4,153,0.020903563636948966,0.000130898550755559,0.00013089855075555903,0.00011660638189220045
12,0.4,154,0.020923321852399653,0.00011966625974150375,0.00011966625974150375,0.00011789304695499693
12,0.4,155,0.02092509127846618,0.00012050759356266396,0.00011690571860596741,0.00012050759356266396
12,0.4,156,0.020961934295388795,0.00011686424507746594,0.00010108758994046321,0.00011686424507746594
12,0.4,157,0.020924569382569726,0.00012034802961146178,0.00012034802961146177,0.0001132651797768783
12,0.4,158,0.02084542892373601,0.00011854997093475787,0.00011854997093475787,0.00011202563096978063
12,0.4,159,0.020866900255516973,0.00013697006660350733,0.0001369700666035073,0.0001148419287913496
12,0.4,160,0.020878608658758468,0.00012921087728979267,0.00012921087728979267,0.00011653326027064891
12,0.4,161,0.021045147615457446,0.00014971817847717398,0.00014971817847717398,0.00011826038933329333
12,0.4,162,0.02115074498954051,0.00011805940743750945,0.00010437076549867797,0.00011805940743750945
12,0.4,163,0.02116498784755285,0.00011683063881073768,0.00011175104210706348,0.00011683063881073768
12,0.4,164,0.020986717385221086,0.00011609630030064258,9.815880643369093e-05,0.00011609630030064258
12,0.4,165,0.02079830158211765,0.00011529566744904639,0.00011425962348296216,0.00011529566744904639
12,0.4,166,0.02086510282385156,0.00013307112381364007,0.00013307112381364007,0.00011432490110503526
12,0.4,167,0.020932165793803893,0.0001229655976172867,0.0001229655976172867,0.00011361392482308346
12,0.4,168,0.02084612784853097,0.00012357860027773483,0.0001235786002777348,0.00011094145156542915
12,0.4,169,0.020976971295065185,0.00011850610689372093,0.00011788647842083604,0.00011850610689372093
12,0.4,170,0.020973032547998576,0.0001322237914486559,0.0001322237914486559,0.00011725597726074484
12,0.4,171,0.020928418708540546,0.00011758633737906157,0.00010492079649857225,0.00011758633737906157
12,0.4,172,0.020808186724260616,0.00011334831551476118,0.00010741999114870077,0.00011334831551476118
12,0.4,173,0.02121082450814888,0.00012207225330170202,0.00012207225330170202,0.0001207375641345833
12,0.4,174,0.02123246361759056,0.00012018502124126268,0.00012018502124126268,0.00012007792543383096
12,0.4,175,0.021145428645685575,0.00012669979505555346,0.00012669979505555346,0.00011468099915780065
12,0.4,176,0.02104935412679457,0.0001241226219267907,0.0001241226219267907,0.000114020267261539
12,0.4,177,0.02097540723027231,0.0001287596736152976,0.0001287596736152976,0.00011622794647698183
12,0.4,178,0.021004827708587488,0.00012500952930762408,0.0001250095293076241,0.00011861274122205161
12,0.4,179,0.020932275035840053,0.00011908733052830836,0.00011908733052830834,0.00011440042385193631
12,0.4,180,0.020864895947191316,0.00011654117639266298,9.035250822940698e-05,0.00011654117639266298
12,0.4,181,0.020743060584352224,0.00011605765795535172,0.00011520007965332313,0.00011605765795535172
12,0.4,182,0.02073035891986982,0.00011212101226608835,8.065623335728274e-05,0.00011212101226608835
12,0.4,183,0.02068110867105978,0.00012098820158576943,0.00012098820158576943,0.00011227572167022983
12,0.4,184,0.020685729308510127,0.00012115342367003105,0.00012115342367003105,0.00011158404530420148
12,0.4,185,0.020740207824949366,0.00012082933200711534,0.00012082933200711533,0.00010927423990390605
12,0.4,186,0.020967611873578217,0.00013314049923466973,0.00013314049923466973,0.00011716668358952676
12,0.4,187,0.020980678783943166,0.00011522479428573313,8.774295751130298e-05,0.00011522479428573313
12,0.4,188,0.020998117487486846,0.0001137456053521175,0.00010106752056411151,0.0001137456053521175
12,0.4,189,0.02107609688021448,0.00011525640887635939,0.00011525640887635939,0.0001152060010479988
12,0.4,190,0.021040200094583014,0.00012560305917089224,0.00012560305917089224,0.00011718572790088128
12,0.4,191,0.021031508278679088,0.0001247336911136534,0.00012473369111365342,0.00011833752864893583
12,0.4,192,0.02092572983895536,0.0001143258848631738,0.0001049084807885516,0.0001143258848631738
12,0.4,193,0.020977439242259355,0.00011567456804605754,0.00011250593288651109,0.00011567456804605754
12,0.4,194,0.020965735859156984,0.00013455633588096852,0.00013455633588096852,0.00011747463973104237
12,0.4,195,0.021012036432750316,0.0001192831948095875,0.00011434299676666631,0.0001192831948095875
12,0.4,196,0.020969965405348272,0.0001343151201753603,0.0001343151201753603,0.00011671953215179879
12,0.4,197,0.02107139077193975,0.00012472849217699494,0.00012472849217699494,0.00011393951394431582
12,0.4,198,0.0210977748060745,0.00011847058281526028,0.00011539715580901373,0.00011847058281526028
12,0.4,199,0.021066644743001916,0.00012203592310812184,8.873637727685806e-05,0.00012203592310812184
12,0.4,200,0.021152141539224647,0.00011408313167553137,0.00011187856280021302,0.00011408313167553137
12,0.4,201,0.02113104655939181,0.00011730564273634615,0.0001063435101531954,0.00011730564273634615
12,0.4,202,0.021051967293417417,0.00012000921700621421,9.076918998010336e-05,0.00012000921700621421
12,0.4,203,0.020964682892593275,0.00012159637372131337,0.00012159637372131338,0.00012009597026942178
12,0.4,204,0.020878939643912017,0.00011590578865395654,0.00010778577988808918,0.00011590578865395654
12,0.4,205,0.02085522287457044,0.00013447611646204852,0.00013447611646204852,0.00011105528129069045
12,0.4,206,0.020832172085689615,0.0001136385113441533,0.00010250846418687717,0.0001136385113441533
12,0.4,207,0.020939571500167415,0.00011459070741174978,0.00011459070741174977,0.00011046594896046814
12,0.4,208,0.020820940891503503,0.00013382421487614492,0.00013382421487614492,0.00011368575011142299
12,0.4,209,0.020855082339991518,0.00011455680389315545,0.00010806528607934508,0.00011455680389315545
12,0.4,210,0.02095916031357285,0.00012408966269083816,0.00012408966269083816,0.0001149194664937021
12,0.4,211,0.020946734851952854,0.00011615463124663053,9.326507818444703e-05,0.00011615463124663053
12,0.4,212,0.020882730788789865,0.00011835585671813197,9.951759757799036e-05,0.00011835585671813197
12,0.4,213,0.020975437073265383,0.00011466287184015514,0.00011315962471284281,0.00011466287184015514
12,0.4,214,0.02090706620869195,0.00011892053724767937,0.00011892053724767939,0.0001164465310938328
12,0.4,215,0.020886987899791935,0.00013193224819876826,0.00013193224819876826,0.00011681470401863646
12,0.4,216,0.02082829667293499,0.00011382244075409721,0.00010478406322219967,0.00011382244075409721
12,0.4,217,0.020988417635773884,0.00012428676946165136,0.00012428676946165136,0.0001155968131788696
12,0.4,218,0.020981782864975134,0.00012167016818266601,0.00010934887561174097,0.00012167016818266601
12,0.4,219,0.020866053092645897,0.00012272133114139456,0.00012272133114139456,0.00011445816592837879
12,0.4,220,0.0208531097907824,0.00014710406839824565,0.00014710406839824565,0.00011601643417461719
12,0.4,221,0.021041600488142673,0.00016454438135407747,0.00016454438135407747,0.00011533272411112183
12,0.4,222,0.021035434207992212,0.00013215366002326194,0.00013215366002326194,0.00011453033007954108
12,0.4,223,0.02098126333553055,0.00011241582304788982,0.00010152988562254028,0.00011241582304788982
12,0.4,224,0.02103273707460005,0.00011127431880974663,9.763504924469419e-05,0.00011127431880974663
12,0.4,225,0.020960632561622807,0.0001133779938497324,9.949074822653565e-05,0.0001133779938497324
12,0.4,226,0.020910380414389227,0.00012189968465110304,0.00012189968465110303,0.00011343042396428973
12,0.4,227,0.020968027674384056,0.00011928828277037419,0.00011928828277037419,0.00011533372552740146
12,0.4,228,0.020902160873211853,0.00011214761376073181,9.478465764582284e-05,0.00011214761376073181
12,0.4,229,0.02088239006658452,0.0001249982550590479,0.0001249982550590479,0.00011212583438203898
12,0.4,230,0.020834526205828617,0.00015441907566135274,0.00015441907566135274,0.00011742262202387844
12,0.4,231,0.02091605846848417,0.0001469978459601662,0.0001469978459601662,0.00011531682488030374
12,0.4,232,0.02072262507366318,0.00013760661293054787,0.00013760661293054784,0.00011223833584939508
12,0.4,233,0.020892107432616654,0.00012019988739913096,0.00011215800087202402,0.00012019988739913096
12,0.4,234,0.020802662128844636,0.00012030987229670647,0.00010753971533744794,0.00012030987229670647
12,0.4,235,0.020862488852289248,0.00011644909876224405,0.00010754473137781225,0.00011644909876224405
12,0.4,236,0.02077105248781896,0.00011574778393175613,8.919531902210997e-05,0.00011574778393175613
12,0.4,237,0.020918328407377253,0.00012117936923249969,0.00012117936923249969,0.00011944247907542419
12,0.4,238,0.020918310312513476,0.00011878853895241228,0.00010551691605299068,0.00011878853895241228
12,0.4,239,0.020916171843901227,0.00011568814603422624,9.173729910853859e-05,0.00011568814603422624
12,0.4,240,0.020791503169196358,0.00013315551171361406,0.0001331555117136141,0.00011229814809980678
12,0.4,241,0.020876013865178032,0.00011468299722393022,0.00011468299722393022,0.00010517553778650208
12,0.4,242,0.020779251414477,0.00011685546387946478,0.00011685546387946478,0.00011658033661468403
12,0.4,243,0.02081440418362148,0.0001339759519570364,0.0001339759519570364,0.00011769814490079165
12,0.4,244,0.02088472544734852,0.00012927928674650785,0.00012927928674650782,0.00012158990171777539
12,0.4,245,0.02096830036556351,0.0001158525499743311,0.00011538951735075882,0.0001158525499743311
12,0.4,246,0.02098686123292222,0.00012564015948073263,0.00012564015948073263,0.00011890861529712431
12,0.4,247,0.020844403570179706,0.00011710686492835307,9.779945857570099e-05,0.00011710686492835307
12,0.4,248,0.020759018082099175,0.000115340867825829,8.999814881073927e-05,0.000115340867825829
12,0.4,249,0.02093302044852185,0.00011536778906197652,9.800557200030153e-05,0.00011536778906197652
12,0.4,250,0.021208606452944975,0.0001175086312325826,0.00010443098621683833,0.0001175086312325826
12,0.4,251,0.020909534537680654,0.00012131111869888871,0.00012131111869888872,0.000116043968413446
12,0.4,252,0.020885674822821252,0.000125527718569981,0.000125527718569981,0.0001182683346337303
12,0.4,253,0.020964359710640774,0.00012648513329086944,0.0001264851332908694,0.00011715925553135159
12,0.4,254,0.02102892381189667,0.00012724879619305444,0.00012724879619305444,0.00011769283424882997
12,0.4,255,0.020953035296118982,0.00013862011745402515,0.00013862011745402515,0.00011771740046347604
12,0.4,256,0.021071600131693225,0.00011527143736666372,0.0001134631215478725,0.00011527143736666372
12,0.4,257,0.021074866460272727,0.00012497135024551475,0.00012497135024551475,0.00011372956176094714
12,0.4,258,0.02101761582910379,0.00013604239602621143,0.00013604239602621143,0.00011662418011471501
12,0.4,259,0.021066292215534146,0.00012206882776449456,0.00010854813537683868,0.00012206882776449456
12,0.4,260,0.0210298370588561,0.00014743707624381854,0.00014743707624381854,0.00011850358291284449
12,0.4,261,0.02096149277940331,0.00012442942470480088,0.00012442942470480088,0.00011066166740778965
12,0.4,262,0.021073303433516124,0.0001233147244694547,0.0001233147244694547,0.00011808709275442271
12,0.4,263,0.02099750367331688,0.00012111326619691377,0.00012111326619691377,0.00011781157520989451
12,0.4,264,0.020848315614199166,0.00012232118963229676,0.00012232118963229676,0.0001183221170388302
12,0.4,265,0.020854617119684084,0.0001190899266427142,8.764791948829552e-05,0.0001190899266427142
12,0.4,266,0.020934900808708013,0.00012382245923787364,0.00011193493807884785,0.00012382245923787364
12,0.4,267,0.020901870211388972,0.00011678733044912379,0.00011678733044912377,0.00011663427639806592
12,0.4,268,0.020713564639301126,0.00011317546008123937,0.00011317546008123937,0.00010985869669868594
12,0.4,269,0.02072515295733948,0.00011315629424028094,8.859089695575387e-05,0.00011315629424028094
12,0.4,270,0.02093504865389176,0.00011837337451470023,0.00011837337451470022,0.00011781952904934997
12,0.4,271,0.02099030203831986,0.00011633035234981532,0.0001163303523498153,0.00011484797472552973
12,0.4,272,0.021088253645328132,0.00012024132227804413,0.00011103425802408686,0.00012024132227804413
12,0.4,273,0.020838157854315347,0.00011954077909076744,0.00011618332841115836,0.00011954077909076744
12,0.4,274,0.020946254994735434,0.00012022028245797027,0.00011308950596803489,0.00012022028245797027
12,0.4,275,0.021154024405131786,0.0001165280815414156,0.00010335893199483292,0.0001165280815414156
12,0.4,276,0.02109909641543983,0.00011976872005979328,0.00011976872005979328,0.00011876550768551578
12,0.4,277,0.020919325555883838,0.00012759768163675224,0.00012759768163675221,0.0001145427430743809
12,0.4,278,0.02076479106103553,0.00011700134087191789,0.00010907585628372861,0.00011700134087191789
12,0.4,279,0.020725274341804475,0.00012028277397859622,0.00012028277397859623,0.00011392900445975212
12,0.4,280,0.02069883886692078,0.00011739470609654017,0.00011739470609654017,0.00011195753859265314
12,0.4,281,0.020846546165172623,0.00011546155270652577,0.00011225409697444335,0.00011546155270652577
12,0.4,282,0.020773894433976908,0.0001213652020746585,0.0001213652020746585,0.00011828773769366713
12,0.4,283,0.02088088593105315,0.00012204353436328909,0.00012204353436328907,0.00011432915201007285
12,0.4,284,0.02091764341919705,0.00012007087466854597,0.00011415920421715872,0.00012007087466854597
12,0.4,285,0.021019990157248165,0.00011851077831488225,9.242276935450251e-05,0.00011851077831488225
12,0.4,286,0.02113220143948293,0.00011627167009397606,0.00011169101218892423,0.00011627167009397606
12,0.4,287,0.02090280695148665,0.00012419106826020817,0.00012419106826020817,0.00011934217228191451
12,0.4,288,0.02097838815597808,0.00012005759267527703,9.930206354247786e-05,0.00012005759267527703
12,0.4,289,0.020832942102461553,0.00011717074136422743,0.00011603154775532627,0.00011717074136422743
12,0.4,290,0.021026763029096625,0.000126839748216784,0.000126839748216784,0.00011763120983038268
12,0.4,291,0.021113704525847272,0.00011676351574691309,0.00011676351574691308,0.0001162710064363401
12,0.4,292,0.02101451080908793,0.00012214387985438278,0.00012214387985438278,0.00011534521456418256
12,0.4,293,0.021054629127301064,0.0001163061014830812,0.0001107077498210745,0.0001163061014830812
12,0.4,294,0.0210557419636056,0.00011621137531095467,8.489680629202732e-05,0.00011621137531095467
12,0.4,295,0.02103444583215382,0.00012355381189014551,0.00012355381189014554,0.00011761877786800435
12,0.4,296,0.020984774608286332,0.00011356126273487572,0.00011110323074204546,0.00011356126273487572
12,0.4,297,0.021013806214774784,0.00011793599264550941,0.00011793599264550941,0.00011631763127593366
12,0.4,298,0.02096677495225925,0.00012602718426951484,0.0001260271842695148,0.00011410748814855668
12,0.4,299,0.020925295700662372,0.0001176833210969302,0.00011768332109693019,0.00011343280379755401
12,0.4,300,0.021031455192417437,0.0001128571680484405,0.00010580573364237307,0.0001128571680484405
12,0.4,301,0.020906780046386665,0.00011322547046891067,0.00010707365260313089,0.00011322547046891067
12,0.4,302,0.020842615073422038,0.00011695016689099484,9.712652828748519e-05,0.00011695016689099484
12,0.4,303,0.0209203923557831,0.00011817080086549901,9.912628589235688e-05,0.00011817080086549901
12,0.4,304,0.020910829053399235,0.00011745798335023133,0.00011745798335023133,0.00011677588597961462
12,0.4,305,0.020926556495368526,0.00012869728159529327,0.00012869728159529324,0.00011526162743388358
12,0.4,306,0.0210423886121443,0.00012506949892042738,0.00012506949892042738,0.00011585279384873877
12,0.4,307,0.021010487704873574,0.00011953346591673963,0.00011953346591673965,0.00011391916252780939
12,0.4,308,0.020937182805140144,0.00011557805591177197,0.00011334848971368246,0.00011557805591177197
12,0.4,309,0.020729289924927976,0.00011637436682911818,0.00011637436682911818,0.00011157652372124139
12,0.4,310,0.020631907417998863,0.00012388784198596802,0.00012388784198596802,0.0001118693912586703
12,0.4,311,0.020824802575252457,0.0001270000461433137,0.0001270000461433137,0.00011777564987313626
12,0.4,312,0.020765244953155997,0.00012336897821125793,0.00012336897821125793,0.00011151162507735858
12,0.4,313,0.0207604669928098,0.00011240004246477902,0.00011240004246477902,0.00010950042949190231
12,0.4,314,0.020843709524948593,0.00011878021616191236,0.00010700309882593049,0.00011878021616191236
12,0.4,315,0.020832679467259026,0.00012349229440713921,0.00012349229440713921,0.00011889806218438676
12,0.4,316,0.020766945660693245,0.00011538969899719295,0.00010216608974487017,0.00011538969899719295
12,0.4,317,0.020865243602078618,0.00011908274002275138,0.00010759213029817786,0.00011908274002275138
12,0.4,318,0.020791586471128852,0.00011260767385395521,0.00010827515027718355,0.00011260767385395521
12,0.4,319,0.020890008146194395,0.00011373580140045002,9.814151449801694e-05,0.00011373580140045002
12,0.4,320,0.02091785011430658,0.00011008720913373251,0.00010998636219847432,0.00011008720913373251
12,0.4,321,0.020913299575846235,0.00011678747299898832,0.00011082740260648602,0.00011678747299898832
12,0.4,322,0.020919692559870792,0.00011083085754182295,9.112821493543287e-05,0.00011083085754182295
12,0.4,323,0.021023492090526435,0.00011566281064136457,9.293461659380305e-05,0.00011566281064136457
12,0.4,324,0.020892540103476777,0.00011332154022931286,0.00010556360385101676,0.00011332154022931286
12,0.4,325,0.020955383851011578,0.00011493876987643516,0.00011276294477151871,0.00011493876987643516
12,0.4,326,0.021117010006920366,0.00011280618598291898,9.80745570728889e-05,0.00011280618598291898
12,0.4,327,0.021137790009804647,0.0001247082730213327,0.0001247082730213327,0.00011468109586502583
12,0.4,328,0.02089472024955658,0.0001428015888629964,0.0001428015888629964,0.0001141279949694835
12,0.4,329,0.020853415155117513,0.000110482362017517,0.000110482362017517,0.00011032428434352093
12,0.4,330,0.020961669470753765,0.0001413287004373629,0.0001413287004373629,0.0001150552832935334
12,0.4,331,0.02100739957724689,0.0001176339209644681,0.00011011657187006145,0.0001176339209644681
12,0.4,332,0.0209727169087186,0.00012015451526184051,0.00012015451526184051,0.00011960264105229325
12,0.4,333,0.021133906513457014,0.0001222519179834603,0.0001222519179834603,0.00012012283218174014
12,0.4,334,0.021080427927761727,0.00015415002377568667,0.00015415002377568667,0.00012441277869594623
12,0.4,335,0.020871225963338107,0.00011828824335350707,9.691760911712213e-05,0.00011828824335350707
12,0.4,336,0.020939444294026104,0.00013383143488022574,0.00013383143488022574,0.00011726705881995054
12,0.4,337,0.020932486891593573,0.00012007478332541617,0.00010975818882637456,0.00012007478332541617
12,0.4,338,0.020882089883264135,0.0001217969582088385,0.00010982414743380758,0.0001217969582088385
12,0.4,339,0.02098203499567396,0.00011845746125083278,0.00010449974327915963,0.00011845746125083278
12,0.4,340,0.020913704196909987,0.00012947003219317685,0.00012947003219317685,0.0001187266965912437
12,0.4,341,0.020875503467159932,0.00012556079323273604,0.00012556079323273604,0.00012445883861370081
12,0.4,342,0.0209381167886431,0.0001288855853984774,0.00012888558539847738,0.00012279272700769993
12,0.4,343,0.020937600341501803,0.0001279936985779723,0.00012799369857797226,0.00011967650898567502
12,0.4,344,0.02106734022890611,0.00012049060875461007,0.00011480113858060856,0.00012049060875461007
12,0.4,345,0.02086108173378045,0.00011182448444344051,0.00010262280632504385,0.00011182448444344051
12,0.4,346,0.02077675933717659,0.00011590329032134869,0.00010992403976132765,0.00011590329032134869
12,0.4,347,0.020590551172022,0.0001238507697235392,0.00012385076972353922,0.00011940467215161217
12,0.4,348,0.020845711520020484,0.00011291834707230635,9.67092629823602e-05,0.00011291834707230635
12,0.4,349,0.020967628247697257,0.0001116661836800184,8.451742215595043e-05,0.0001116661836800184
12,0.4,350,0.020874269278810215,0.0001171945569301359,8.66454451257514e-05,0.0001171945569301359
12,0.4,351,0.020854155706727766,0.00011832184735933222,0.0001095722400472892,0.00011832184735933222
12,0.4,352,0.020858073319827076,0.000115900507712364,9.22984014997339e-05,0.000115900507712364
12,0.4,353,0.020800801717253344,0.00011241768692654272,0.00010879816206997499,0.00011241768692654272
12,0.4,354,0.02098737669947609,0.00011640437988789566,0.00011640437988789566,0.00011544017698122955
12,0.4,355,0.020851870799574457,0.00012391216516814536,0.00012391216516814536,0.0001168105396099811
12,0.4,356,0.020916018676861322,0.0001288471613724545,0.0001288471613724545,0.00011945447625906058
12,0.4,357,0.020818361539113324,0.00011765873599912055,0.00010155669170933967,0.00011765873599912055
12,0.4,358,0.02088020942606553,0.0001169755763501501,0.00011234443599723591,0.0001169755763501501
12,0.4,359,0.02096590229747634,0.00011800108590207127,8.330021630815695e-05,0.00011800108590207127
12,0.4,360,0.02086699600886079,0.00013289871365469271,0.00013289871365469271,0.00011578279659965063
12,0.4,361,0.020827685743793265,0.00013344399189205348,0.00013344399189205348,0.0001144312601157468
12,0.4,362,0.02085796811019708,0.00013077430383772032,0.0001307743038377203,0.00011728599115819374
12,0.4,363,0.02085012079228059,0.0001246566991017523,0.0001246566991017523,0.0001130714708217344
12,0.4,364,0.02072777112305485,0.00010628918156193847,0.00010311330017544926,0.00010628918156193847
12,0.4,365,0.02075748221111218,0.00011495188303635703,9.854969484141835e-05,0.00011495188303635703
12,0.4,366,0.02087787154286934,0.00013427178968177092,0.00013427178968177092,0.00011524005652444818
12,0.4,367,0.020818649240906664,0.0001562742271530359,0.0001562742271530359,0.00011456517847152209
12,0.4,368,0.02090680469635818,0.00011829108847035425,0.00011018541394118225,0.00011829108847035425
12,0.4,369,0.02091613409271202,0.00011710762794017703,0.00011710762794017702,0.00011312933579310402
12,0.4,370,0.02097935896788815,0.0001227307895359234,0.0001227307895359234,0.00011685643327059499
12,0.4,371,0.021102833695253575,0.00014078851606060723,0.00014078851606060726,0.00011915715523760802
12,0.4,372,0.02102846529724692,0.00012866803058161284,0.00012866803058161284,0.00011900516873314744
12,0.4,373,0.020856347520884708,0.00011320932960010439,0.00010176868359302141,0.00011320932960010439
12,0.4,374,0.020932708863025052,0.00014586913452723432,0.00014586913452723432,0.00011799764157665988
12,0.4,375,0.020965849867314815,0.00013663962289792208,0.00013663962289792208,0.00011840324178074416
12,0.4,376,0.02094939855289057,0.00011423661227656953,0.00011423661227656951,0.00011281091065238965
12,0.4,377,0.021046345049803773,0.00011948053299835498,0.00010560901741357225,0.00011948053299835498
12,0.4,378,0.021108414220543624,0.00012150846867189524,0.00012150846867189524,0.00011559492807110089
12,0.4,379,0.020971358735937404,0.0001188078227113953,0.00011880782271139528,0.00011488518839146335
12,0.4,380,0.02083528291481181,0.00011592179673943852,9.573409462366043e-05,0.00011592179673943852
12,0.4,381,0.020952131736871913,0.00011658753558341345,0.00011196230386568619,0.00011658753558341345
12,0.4,382,0.02093867863969671,0.0001194997382256086,8.767099817435072e-05,0.0001194997382256086
12,0.4,383,0.02100872066813854,0.00011718044454638726,9.525479333417084e-05,0.00011718044454638726
12,0.4,384,0.020863455589327416,0.00011912726752582537,0.00011912726752582537,0.00011499378565897958
12,0.4,385,0.020874419776305594,0.00011214797442543167,0.0001080241440796735,0.00011214797442543167
12,0.4,386,0.020827157990323444,0.0001250826660806453,0.00012508266608064533,0.00011515164734995466
12,0.4,387,0.020985723694557607,0.00011491345385478911,0.00011248932749999464,0.00011491345385478911
12,0.4,388,0.02100205060497183,0.00012256376244513091,0.00012256376244513091,0.00011624185917245679
12,0.4,389,0.02089264615862255,0.00011692834475913394,0.00010515428057180952,0.00011692834475913394
12,0.4,390,0.020984941359911878,0.00012158616376346631,0.00012158616376346631,0.00011983018322740366
12,0.4,391,0.020907665576444655,0.0001145281910729405,0.00011166421691469731,0.0001145281910729405
12,0.4,392,0.020858094478545405,0.00011921811124791921,9.843789648133015e-05,0.00011921811124791921
12,0.4,393,0.020772259460992905,0.00011665957751343819,0.00011665957751343818,0.00011605377334787975
12,0.4,394,0.020786043147707333,0.00011836410493048338,0.00010690745552755164,0.00011836410493048338
12,0.4,395,0.020924590607355284,0.00012196968938368784,0.00010547879749665539,0.00012196968938368784
12,0.4,396,0.021034933661241328,0.00011882963986123345,9.858700596425896e-05,0.00011882963986123345
12,0.4,397,0.020859621786524552,0.00011311833846087736,0.00011227110218572171,0.00011311833846087736
12,0.4,398,0.020872289353109773,0.0001354192191509117,0.00013541921915091168,0.00011486144306920806
12,0.4,399,0.02088806342816454,0.00011295036739238082,0.00010754401368723345,0.00011295036739238082
12,0.4,400,0.020910885756704058,0.00011703891530393308,9.909529787504664e-05,0.00011703891530393308
12,0.4,401,0.020769114751084942,0.00011445113041974586,0.00010208005273209233,0.00011445113041974586
12,0.4,402,0.02081335396313607,0.00012158871173972356,0.00012158871173972356,0.00011572515407751665
12,0.4,403,0.020949745832790554,0.00013603614777711481,0.00013603614777711481,0.00011544598687288852
12,0.4,404,0.020742669365267877,0.00011639086512688331,0.00011639086512688331,0.00011095911660662326
12,0.4,405,0.020879092743344763,0.00011297256630346558,8.487384385198078e-05,0.00011297256630346558
12,0.4,406,0.021036065482541465,0.0001154517140335565,0.00010889359575843602,0.0001154517140335565
12,0.4,407,0.02107041214672235,0.0001172661478722539,0.00010831405135774588,0.0001172661478722539
12,0.4,408,0.021228182921124956,0.00011973210200542036,0.00010706303880199191,0.00011973210200542036
12,0.4,409,0.021059878420809256,0.0001194355901161502,0.0001024872967818838,0.0001194355901161502
12,0.4,410,0.020956994278235115,0.00012287223270075374,0.00012287223270075374,0.00011483426748875538
12,0.4,411,0.020924889294286635,0.0001343901606621783,0.00013439016066217832,0.00011764056674349489
12,0.4,412,0.021045320186427775,0.0001300598917598904,0.0001300598917598904,0.0001168559627976856
12,0.4,413,0.021059051847253762,0.00011733772426058233,0.00010157077041058777,0.00011733772426058233
12,0.4,414,0.020957914214267914,0.00011771179655658016,9.306041869068772e-05,0.00011771179655658016
12,0.4,415,0.021028406223903565,0.00011988845117084819,0.00010871737941042354,0.00011988845117084819
12,0.4,416,0.021089901952059804,0.0001157894982652952,0.00011030165881053155,0.0001157894982652952
12,0.4,417,0.02090153013305264,0.00011902015191836136,0.00011902015191836135,0.00011627002436524013
12,0.4,418,0.020874246292331523,0.00011712288105165025,0.00011516581645832308,0.00011712288105165025
12,0.4,419,0.02099964159350476,0.00013266415562649032,0.00013266415562649032,0.0001179469290316663
12,0.4,420,0.02090999009987962,0.00013886710776768145,0.00013886710776768148,0.00011637597895646237
12,0.4,421,0.020997444905676066,0.0001374031426939577,0.0001374031426939577,0.0001163859412347528
12,0.4,422,0.020875956323246573,0.00011094737481274004,8.73876752154501e-05,0.00011094737481274004
12,0.4,423,0.020898308782826072,0.00012756698070942075,0.00012756698070942073,0.00011373816489228857
12,0.4,424,0.020973759763401125,0.00012512570777801373,0.00012512570777801373,0.00011279632173082187
12,0.4,425,0.02088366480980587,0.00013743099178371154,0.00013743099178371154,0.00011773793094825233
12,0.4,426,0.020765865309629136,0.0001181009910311741,0.00010910850444297757,0.0001181009910311741
12,0.4,427,0.02090586798756904,0.00011916327312047057,0.00011409408250105186,0.00011916327312047057
12,0.4,428,0.020740545054954297,0.00011899330662231566,0.00010668848448777594,0.00011899330662231566
12,0.4,429,0.02071433443805499,0.00011191148365298717,0.00011091302407055684,0.00011191148365298717
12,0.4,430,0.020683362536142898,0.00011629528452279768,8.725443503268436e-05,0.00011629528452279768
12,0.4,431,0.02080080574009568,0.00011225133109773451,9.431868415839926e-05,0.00011225133109773451
12,0.4,432,0.020845838118644006,0.00011115318329431824,9.086437900377162e-05,0.00011115318329431824
12,0.4,433,0.020924920177660757,0.00011576159726700863,0.0001140542706999221,0.00011576159726700863
12,0.4,434,0.02083949147037562,0.0001274162268658838,0.0001274162268658838,0.00011780978837739174
12,0.4,435,0.020920404080827182,0.00011574801968290471,9.143110090846581e-05,0.00011574801968290471
12,0.4,436,0.020957531909824224,0.00011264753047039184,0.00010883591993580306,0.00011264753047039184
12,0.4,437,0.02095487337844629,0.00011475309013703918,0.00011383928098052305,0.00011475309013703918
12,0.4,438,0.02103294638695517,0.00014296087649128583,0.00014296087649128585,0.0001082149740419934
12,0.4,439,0.020638517077531594,0.00013294663579293859,0.00013294663579293859,0.0001115955738353247
12,0.4,440,0.02087524379548093,0.00012403066432702876,0.00012403066432702876,0.0001104493712171403
12,0.4,441,0.02093315237238362,0.0001425964258304122,0.0001425964258304122,0.00011078633417714907
12,0.4,442,0.020996184069539053,0.0001385559255085201,0.00013855592550852011,0.00011664335891542745
12,0.4,443,0.02096837284584257,0.00013039845810039057,0.00013039845810039054,0.00011422833424589751
12,0.4,444,0.021035238495460313,0.00012059539277296887,9.606574040404993e-05,0.00012059539277296887
12,0.4,445,0.020991053861384668,0.00011594396050787518,0.00010876713910611634,0.00011594396050787518
12,0.4,446,0.021049068143092275,0.00012384108564735157,0.00012384108564735157,0.00012206787429474409
12,0.4,447,0.021081606473945528,0.00012007740372157497,0.00010966179096386524,0.00012007740372157497
12,0.4,448,0.020894920877298415,0.00011413822398489068,8.714986467306868e-05,0.00011413822398489068
12,0.4,449,0.02072855069380716,0.00011119098458167826,9.55868856365045e-05,0.00011119098458167826
12,0.4,450,0.020764625713263332,0.00011090117153066814,0.00010783082836692222,0.00011090117153066814
12,0.4,451,0.020747665794435252,0.00011616120797734981,0.000102386549848952,0.00011616120797734981
12,0.4,452,0.020788334778587884,0.00011265217569582882,8.81193169134319e-05,0.00011265217569582882
12,0.4,453,0.02084998197908906,0.00011765729567010982,0.00011386184878097449,0.00011765729567010982
12,0.4,454,0.02096219686782108,0.00013515221749096698,0.00013515221749096695,0.000119832712145999
12,0.4,455,0.020723367131157643,0.00013547883579770204,0.00013547883579770206,0.00011768347640415276
12,0.4,456,0.020777878174847646,0.0001351770762760179,0.00013517707627601786,0.00011135213898038108
12,0.4,457,0.020765465081339255,0.00011994532241372441,0.0001199453224137244,0.00011554695161486111
12,0.4,458,0.02081958541526979,0.00011630783598373842,9.803287931329027e-05,0.00011630783598373842
12,0.4,459,0.021033990902269283,0.00012101341297023234,9.304242299014963e-05,0.00012101341297023234
12,0.4,460,0.02091195256525372,0.00011252846255048383,9.894690324608689e-05,0.00011252846255048383
12,0.4,461,0.02086116281165385,0.00011788942235850598,0.00010505360952770126,0.00011788942235850598
12,0.4,462,0.020918902941764593,0.00011729027993677601,8.756767419838296e-05,0.00011729027993677601
12,0.4,463,0.020900099049754286,0.00011775784580416236,9.485053650879593e-05,0.00011775784580416236
12,0.4,464,0.020878999568177663,0.00012249171622741845,8.52860535831805e-05,0.00012249171622741845
12,0.4,465,0.02099169187454412,0.00012466742540838326,0.00012466742540838326,0.00011460549742937837
12,0.4,466,0.02079133197460645,0.00011166688069959121,0.0001085479054551469,0.00011166688069959121
12,0.4,467,0.02092912960663903,0.00012736806920232428,0.00012736806920232428,0.00011016458067159596
12,0.4,468,0.020872896502248404,0.00011505329118213915,0.00010221930565675101,0.00011505329118213915
12,0.4,469,0.020888711759651134,0.00011762417019545171,0.00010009047602247964,0.00011762417019545171
12,0.4,470,0.02086204223890546,0.0001186049500654672,0.0001052436763436765,0.0001186049500654672
12,0.4,471,0.020937013004577492,0.00010948561849422606,0.00010405844545384544,0.00010948561849422606
12,0.4,472,0.020943772916012852,0.00011588888299468113,9.967350559333118e-05,0.00011588888299468113
12,0.4,473,0.021052227260029963,0.00011416153521441571,0.00011230834038191452,0.00011416153521441571
12,0.4,474,0.02094286516731499,0.00011471288349950985,0.0001039752451619749,0.00011471288349950985
12,0.4,475,0.020705107352588053,0.00012123074665883661,0.00012123074665883661,0.00011179110230364636
12,0.4,476,0.020960040408897644,0.00011317287948626929,0.00010076751134569092,0.00011317287948626929
12,0.4,477,0.02105236813220419,0.0001179655926531744,9.382020271850543e-05,0.0001179655926531744
12,0.4,478,0.020865768419171985,0.00011869951441786845,7.880140762402045e-05,0.00011869951441786845
12,0.4,479,0.020860460806375252,0.00012502174138999042,0.00012502174138999042,0.00011840585003097453
12,0.4,480,0.021018842925525322,0.00011868939918056911,0.00011473796784515857,0.00011868939918056911
12,0.4,481,0.020892175668954946,0.00011588710468590884,0.00011536889895418428,0.00011588710468590884
12,0.4,482,0.02104866280139208,0.00011607072601316275,0.00011607072601316275,0.00011435042938248825
12,0.4,483,0.021007564539092707,0.00011797390174846563,9.981369730861692e-05,0.00011797390174846563
12,0.4,484,0.020924474984854512,0.00011564468449360545,0.00010874969827067668,0.00011564468449360545
12,0.4,485,0.020864237319588315,0.00013429491371141897,0.00013429491371141897,0.00011538389112212556
12,0.4,486,0.020747778326183998,0.00011271926801920925,0.00011110126926642084,0.00011271926801920925
12,0.4,487,0.0208773926597697,0.00011476921239340646,0.00010351853649605522,0.00011476921239340646
12,0.4,488,0.02084538921050692,0.00011558291604431593,9.560666455412965e-05,0.00011558291604431593
12,0.4,489,0.02076886377649576,0.00012873420671923714,0.00012873420671923714,0.0001119015538799436
12,0.4,490,0.020836966974977663,0.00011913383629928396,0.00011913383629928396,0.00011237764520555879
12,0.4,491,0.02074472765851212,0.00011425552462328403,8.926762237014362e-05,0.00011425552462328403
12,0.4,492,0.0207562747999247,0.00012053598979456518,0.00010136016408637602,0.00012053598979456518
12,0.4,493,0.020819464919625996,0.00012294191148957322,0.00011133255146157014,0.00012294191148957322
12,0.4,494,0.020730849224505556,0.00011895485415683048,0.00010066702991707221,0.00011895485415683048
12,0.4,495,0.02086870656438579,0.0001231744684457634,0.0001231744684457634,0.00011448153241431982
12,0.4,496,0.020893936203097586,0.00011177110761334693,0.00010470085572245872,0.00011177110761334693
12,0.4,497,0.021073610920635925,0.00011976420354884324,0.00011976420354884324,0.00011838586284171531
12,0.4,498,0.02093581994198087,0.00011697189213907228,8.755005000601483e-05,0.00011697189213907228
12,0.4,499,0.020927223348051346,0.00012058351694484557,0.00011834811797664977,0.00012058351694484557
12,0.4,500,0.021001561111643825,0.00013387990749402876,0.00013387990749402876,0.00011710162085290524
12,0.5,0,0.0824211694680398,0.0002533060049724803,0.0002533060049724803,0.00025265012446786585
12,0.5,1,0.05050445825551774,0.00023785501252269125,0.00019761724981629924,0.00023785501252269125
12,0.5,2,0.0367048520005239,0.0002073374905655128,0.00020733749056551284,0.00020105744542741886
12,0.5,3,0.02961966553676725,0.0001734315826226272,0.0001519279694211726,0.0001734315826226272
12,0.5,4,0.025957174306288505,0.00015104385432791222,0.0001201829559570585,0.00015104385432791222
12,0.5,5,0.02358681739625681,0.0001447892376890004,0.00013657395611107968,0.0001447892376890004
12,0.5,6,0.022483690743804647,0.00012742966029723153,0.00010930840006603415,0.00012742966029723153
12,0.5,7,0.021694434227995316,0.00012306379751375035,0.00011282978089154186,0.00012306379751375035
12,0.5,8,0.021338323286910196,0.00011788382052937567,0.00011788382052937567,0.00011603870310199599
12,0.5,9,0.021037631673126393,0.00011750539077716842,0.00010004361480454537,0.00011750539077716842
12,0.5,10,0.021148667358231288,0.00012237977835991774,0.00011726303527969912,0.00012237977835991774
12,0.5,11,0.02107922491175791,0.00011827781848829376,9.676429753637946e-05,0.00011827781848829376
12,0.5,12,0.020922369486366447,0.00011774759045846001,0.00011774759045846001,0.00011307154123787085
12,0.5,13,0.02089092258385655,0.00011764519936002562,0.00011764519936002562,0.00011157737131169067
12,0.5,14,0.020807507774189837,0.00011565202358133488,0.00011565202358133487,0.00011022429948067986
12,0.5,15,0.020921150923201563,0.00011264958587141182,0.00011077623369582316,0.00011264958587141182
12,0.5,16,0.02079479033178126,0.00011233486813976858,0.00011233486813976858,0.00011189552177703901
12,0.5,17,0.02078502274116788,0.00011702779309955142,0.00011137111009323955,0.00011702779309955142
12,0.5,18,0.020730012673322522,0.00011549991424085431,0.00010453411489989315,0.00011549991424085431
12,0.5,19,0.02064030274946259,0.00011688253887916153,9.29240424207406e-05,0.00011688253887916153
12,0.5,20,0.020576553794345535,0.00011733625280787652,0.00010493339833505731,0.00011733625280787652
12,0.5,21,0.020682186677616805,0.0001157486663389475,0.00010691951500948102,0.0001157486663389475
12,0.5,22,0.020764054592596268,0.0001255464530656923,0.0001255464530656923,0.00011459384903823083
12,0.5,23,0.020815658349516483,0.00014375204779091977,0.00014375204779091974,0.00011693182960896178
12,0.5,24,0.020828181519374246,0.0001354029604083636,0.0001354029604083636,0.00011646891597600147
12,0.5,25,0.02086547762615877,0.000141673642579004,0.000141673642579004,0.00011610185070070302
12,0.5,26,0.020708686164105043,0.0001252811466223521,0.0001252811466223521,0.00010927544489049655
12,0.5,27,0.020867843675294862,0.0001344270748983335,0.00013442707489833353,0.0001147255191553997
12,0.5,28,0.020814524971871865,0.00012068435817306327,0.00012068435817306328,0.00011451644727052374
12,0.5,29,0.020892791520395818,0.0001328947398900671,0.0001328947398900671,0.0001130217583050158
12,0.5,30,0.02067428032306463,0.0001303577404581972,0.00013035774045819722,0.00011005851843742169
12,0.5,31,0.02072899084818584,0.00011181388988197251,0.00010075278640676256,0.00011181388988197251
12,0.5,32,0.020712953819066664,0.00011151732079496403,9.66300068501997e-05,0.00011151732079496403
12,0.5,33,0.020738952644287153,0.00010992069950917159,0.0001007754001248297,0.00010992069950917159
12,0.5,34,0.02088422582038503,0.0001289588417091589,0.0001289588417091589,0.00011236774213403355
12,0.5,35,0.020748721363871608,0.00011273048182512239,9.246327593217533e-05,0.00011273048182512239
12,0.5,36,0.020835936267601655,0.00011186369168036993,0.00010595639641719444,0.00011186369168036993
12,0.5,37,0.02086926226069768,0.00014027500091273282,0.00014027500091273282,0.00011428150259254445
12,0.5,38,0.02101164305806126,0.0001417941033960751,0.0001417941033960751,0.00011360532718633772
12,0.5,39,0.020939063233306094,0.00011547344760245979,8.228771179673877e-05,0.00011547344760245979
12,0.5,40,0.02092028117484784,0.00012930627662947853,0.00012930627662947853,0.00011601291570999345
12,0.5,41,0.020902943596245335,0.00013296009281012864,0.00013296009281012864,0.00011233385146217676
12,0.5,42,0.020988971180407164,0.00013729396710447376,0.00013729396710447376,0.00011840131002005635
12,0.5,43,0.02074909595976068,0.00012036780379219214,0.00012036780379219214,0.00011474390417091534
12,0.5,44,0.020745676479149343,0.00011559244748341665,0.00011336393307576283,0.00011559244748341665
12,0.5,45,0.020721743679774758,0.00011566793174021468,0.00011566793174021469,0.00011451603776610354
12,0.5,46,0.020804524820831213,0.00013516707273447825,0.00013516707273447825,0.00011920133179696688
12,0.5,47,0.020902309215192386,0.00011194214799818472,0.00010730594658033521,0.00011194214799818472
12,0.5,48,0.020805482893741203,0.00011464047470287327,8.50052028279545e-05,0.00011464047470287327
12,0.5,49,0.020931044444805962,0.00011128301059196322,8.698194359835843e-05,0.00011128301059196322
12,0.5,50,0.0207834396911938,0.00011115116516530653,0.00010964079142930566,0.00011115116516530653
12,0.5,51,0.020724271231436733,0.00011585506313352981,0.00011585506313352981,0.00011122830537546549
12,0.5,52,0.020649566967650263,0.00011692518419829988,0.00011692518419829988,0.00011115873127045597
12,0.5,53,0.020710586716565733,0.00013302959383355089,0.00013302959383355089,0.00011534468674220484
12,0.5,54,0.02076604200800679,0.00011380283842433653,0.00011380283842433653,0.000112186793122118
12,0.5,55,0.02074096796744916,0.00011816963251054658,0.00011816963251054658,0.00011574891635252003
12,0.5,56,0.02067137729737535,0.00011449419890287019,0.00011449419890287019,0.00011226118258589093
12,0.5,57,0.020752490422262085,0.00011779753514571256,9.528732795523019e-05,0.00011779753514571256
12,0.5,58,0.02078748878645011,0.00011415538255549986,8.709690481326803e-05,0.00011415538255549986
12,0.5,59,0.020698559430506688,0.00012000515404779478,0.0001200051540477948,0.00011615007244884567
12,0.5,60,0.020774528674037864,0.00012065491743544234,0.0001062115501372533,0.00012065491743544234
12,0.5,61,0.020686323910229603,0.00012174111321347683,9.268131682431906e-05,0.00012174111321347683
12,0.5,62,0.020487111529551242,0.00011660182219865694,9.362266093292308e-05,0.00011660182219865694
12,0.5,63,0.020568685703256498,0.00011523254443756705,0.0001036713377090153,0.00011523254443756705
12,0.5,64,0.020692743690062833,0.00012193072121891753,0.00012193072121891753,0.00010928406643186304
12,0.5,65,0.02075312462992541,0.00012241419161872238,0.00012241419161872238,0.00011576370023100717
12,0.5,66,0.0208862025799071,0.00012763247953384221,0.00012763247953384221,0.00011772405587796653
12,0.5,67,0.02080048688918924,0.00011621124556482565,0.00010450457210322405,0.00011621124556482565
12,0.5,68,0.020655671601505256,0.00011319142243291259,0.00011319142243291258,0.00011216615443323643
12,0.5,69,0.02078204339359877,0.00012169195568885769,0.00012169195568885768,0.00011110016345190357
12,0.5,70,0.020807745947438006,0.00011640370541630903,0.00011440151693865069,0.00011640370541630903
12,0.5,71,0.020824955641320652,0.00011786735025870519,0.00011786735025870519,0.00011255594695204405
12,0.5,72,0.0209460644238346,0.00010973003609109159,8.459802239359343e-05,0.00010973003609109159
12,0.5,73,0.02083442604645776,0.00011413205646373421,0.0001002325143865039,0.00011413205646373421
12,0.5,74,0.020874775787338953,0.00011758480604664474,0.00010559231191178984,0.00011758480604664474
12,0.5,75,0.02082927353795525,0.00012464940814544702,0.00012464940814544702,0.00012051555246401442
12,0.5,76,0.02091988755546346,0.00012829819303277826,0.00012829819303277826,0.00011634580681156818
12,0.5,77,0.020791623778694847,0.00010921819117320334,9.308092265548662e-05,0.00010921819117320334
12,0.5,78,0.020901949548319785,0.00011263338862235545,9.636586634690375e-05,0.00011263338862235545
12,0.5,79,0.020967695013499304,0.00011541604910666705,9.631802996945804e-05,0.00011541604910666705
12,0.5,80,0.020948115596251135,0.00011544400724857727,0.00010669394463868542,0.00011544400724857727
12,0.5,81,0.02105530625027919,0.0001143467310409336,0.00010896315666303371,0.0001143467310409336
12,0.5,82,0.020853990085416867,0.00011745898500548301,9.716722480927512e-05,0.00011745898500548301
12,0.5,83,0.020881585919383733,0.00013033589581471923,0.00013033589581471923,0.00011525158550177112
12,0.5,84,0.020774563574093814,0.00013429954623743313,0.00013429954623743313,0.00011636750524526738
12,0.5,85,0.02069961848127289,0.00013100736674273282,0.00013100736674273282,0.00011187159850122095
12,0.5,86,0.020652952917002244,0.00011601138791055602,0.00011601138791055604,0.00011304361056790176
12,0.5,87,0.020547673750287303,0.00010699681916339383,0.00010406040922166689,0.00010699681916339383
12,0.5,88,0.020524106988945152,0.00012153321437244245,0.00012153321437244246,0.0001113299149874483
12,0.5,89,0.020739239581113664,0.00012221134327285017,0.00012221134327285017,0.00011646977260057049
12,0.5,90,0.020622812350855533,0.00011237700749190506,0.00010265131777563544,0.00011237700749190506
12,0.5,91,0.020669989708958683,0.00011573376700089918,0.00011573376700089918,0.0001088577976008761
12,0.5,92,0.020666121126016228,0.00011365020353240127,9.769385180196363e-05,0.00011365020353240127
12,0.5,93,0.020785006090802593,0.0001148111732722029,0.00010563184267826231,0.0001148111732722029
12,0.5,94,0.02066008441839224,0.00012058402374633976,0.00012058402374633976,0.00011429112078604446
12,0.5,95,0.02058377866936578,0.00011639832661809903,0.00011266752827775658,0.00011639832661809903
12,0.5,96,0.020546292446731697,0.00011435018638126078,0.00010124639025355481,0.00011435018638126078
12,0.5,97,0.020771166306647038,0.00011458975593298602,9.02885845758983e-05,0.00011458975593298602
12,0.5,98,0.020662554910034336,0.00011587684782272328,0.00011587684782272327,0.00011207548811036491
12,0.5,99,0.02068609046803919,0.00011932729531915774,0.00011932729531915775,0.00010705725967446714
12,0.5,100,0.020619655561677847,0.00010974502289686076,0.00010041205003600244,0.00010974502289686076
12,0.5,101,0.020538856752999313,0.00012055961156108362,0.00012055961156108362,0.00010830189445793963
12,0.5,102,0.020680019623700606,0.00011068693836060554,0.00010180512328750793,0.00011068693836060554
12,0.5,103,0.02079541428518021,0.00011543944596116665,0.00010778976159389661,0.00011543944596116665
12,0.5,104,0.020795923248343024,0.00011684569580225987,0.00010976798339687064,0.00011684569580225987
12,0.5,105,0.020600959568549026,0.00011490000740101567,0.00011490000740101569,0.0001109067145489431
12,0.5,106,0.02044579835922539,0.00011068123434686062,0.00010590696383740987,0.00011068123434686062
12,0.5,107,0.02069660600481722,0.00011465145074458656,8.257925653351788e-05,0.00011465145074458656
12,0.5,108,0.02066441163971997,0.00011479898690243229,9.86531888892849e-05,0.00011479898690243229
12,0.5,109,0.020683895043915,0.0001131356506337944,6.0870497233811056e-05,0.0001131356506337944
12,0.5,110,0.02078133958936239,0.00011787176483073874,0.00010719820462627221,0.00011787176483073874
12,0.5,111,0.02069688194002277,0.00011588995157760132,8.476461175703791e-05,0.00011588995157760132
12,0.5,112,0.020651546260967255,0.00012495591547437092,0.00012495591547437092,0.00011241433018246526
12,0.5,113,0.02077262773887904,0.00011576391401464528,0.00010743004684826349,0.00011576391401464528
12,0.5,114,0.0208057985758553,0.00011583603901325742,0.00010243827745835105,0.00011583603901325742
12,0.5,115,0.021014490636050712,0.00011981691721933376,0.00011981691721933376,0.00011892855553220128
12,0.5,116,0.020911720454407652,0.00011938117740718649,0.00010065122569598426,0.00011938117740718649
12,0.5,117,0.020990799645043984,0.0001290951579012458,0.0001290951579012458,0.0001157332879649854
12,0.5,118,0.020828323633294718,0.0001289732039379285,0.0001289732039379285,0.00012001461206153507
12,0.5,119,0.02087406082504919,0.0001151365212724962,0.00011145494347725777,0.0001151365212724962
12,0.5,120,0.020993075362215324,0.0001159065684873802,8.951521516320495e-05,0.0001159065684873802
12,0.5,121,0.02102068627551979,0.00011562563587546497,0.00011520031628765417,0.00011562563587546497
12,0.5,122,0.02090980631582557,0.00012070707134166281,0.00011234154859677822,0.00012070707134166281
12,0.5,123,0.020707038417228284,0.00012369672722196693,0.00011256418687064922,0.00012369672722196693
12,0.5,124,0.020731557789629276,0.00011106663693136141,0.0001009407677693713,0.00011106663693136141
12,0.5,125,0.02072036925745112,0.0001244355351731731,0.0001244355351731731,0.0001137081203566172
12,0.5,126,0.020739915657536752,0.00011552104168319186,0.00010563588353614915,0.00011552104168319186
12,0.5,127,0.020878916672309917,0.00011699766019926638,9.076364426864168e-05,0.00011699766019926638
12,0.5,128,0.020847789523277305,0.0001139434899084067,0.00010067795471453442,0.0001139434899084067
12,0.5,129,0.0208161179867666,0.00011478589934771955,0.00011478589934771955,0.00011444418936780817
12,0.5,130,0.02074840697613339,0.00011085742104792129,8.984971143712624e-05,0.00011085742104792129
12,0.5,131,0.020668321692659395,0.0001130778314020984,8.470895885261722e-05,0.0001130778314020984
12,0.5,132,0.020653121987737062,0.00011004915818138386,8.315161746925073e-05,0.00011004915818138386
12,0.5,133,0.02058891768752718,0.0001137208963451426,0.00010450730434654495,0.0001137208963451426
12,0.5,134,0.02086287068251013,0.00011280454948477664,0.0001114246218607462,0.00011280454948477664
12,0.5,135,0.020685537747754945,0.00013417928192640372,0.00013417928192640372,0.00011399940592648899
12,0.5,136,0.02067044014580972,0.0001317908008266387,0.0001317908008266387,0.0001065608250594135
12,0.5,137,0.02049419075511925,0.0001068770563862211,0.0001017646559715587,0.0001068770563862211
12,0.5,138,0.020610214872663284,0.00010828443394002265,0.00010828443394002264,0.00010802582428524455
12,0.5,139,0.020756702437380294,0.0001151245311919458,9.824989791891828e-05,0.0001151245311919458
12,0.5,140,0.02070870338150174,0.00011476537447167622,0.00011051787610765418,0.00011476537447167622
12,0.5,141,0.020693629120243976,0.00011168121373643914,0.00010272182900710547,0.00011168121373643914
12,0.5,142,0.020738244874276897,0.00011433822858813951,9.564200876775808e-05,0.00011433822858813951
12,0.5,143,0.020666466398750815,0.0001083562851818712,0.00010713333180546459,0.0001083562851818712
12,0.5,144,0.020725724640974216,0.00011263419752269291,0.00011003697435618909,0.00011263419752269291
12,0.5,145,0.020794272618064526,0.00012249203031896376,0.00012249203031896376,0.0001164356020208021
12,0.5,146,0.020759890971303017,0.00011668145027398906,0.00010220640887818693,0.00011668145027398906
12,0.5,147,0.0206572210707644,0.00011124999322799538,0.00010386039143249911,0.00011124999322799538
12,0.5,148,0.020674851065980666,0.00011284847820816813,0.00011145132152441962,0.00011284847820816813
12,0.5,149,0.020673731746230564,0.00011395011776055255,0.00010324084153602121,0.00011395011776055255
12,0.5,150,0.0205965725888875,0.00011195565697262956,0.00011195565697262956,0.00011020572890082995
12,0.5,151,0.02070912364535313,0.00011138623893738077,0.00010329704651212152,0.00011138623893738077
12,0.5,152,0.020660511938353863,0.00011170260629516152,9.54426786255336e-05,0.00011170260629516152
12,0.5,153,0.020841888745796042,0.00011804810939424951,0.00010423640993064588,0.00011804810939424951
12,0.5,154,0.020777626338402785,0.00011229047135284313,9.131414186159345e-05,0.00011229047135284313
12,0.5,155,0.020855432004236594,0.00011198825223175305,9.553309358362798e-05,0.00011198825223175305
12,0.5,156,0.020666543474127722,0.00011707550476279497,0.00011001480769736906,0.00011707550476279497
12,0.5,157,0.020843462071735253,0.00011741954434802362,0.00010941857555801397,0.00011741954434802362
12,0.5,158,0.020845433092163954,0.0001204242996748607,0.00011398469418554818,0.0001204242996748607
12,0.5,159,0.020732873114002893,0.00015309811577164794,0.00015309811577164794,0.00011929856769756674
12,0.5,160,0.02079182329343595,0.0001397351883754745,0.0001397351883754745,0.00011618987511683247
12,0.5,161,0.020755086772515315,0.0001287015819570865,0.0001287015819570865,0.0001155624605212436
12,0.5,162,0.020879443520708793,0.00012203665342475146,0.00012203665342475148,0.00011953999947435374
12,0.5,163,0.020765142297698234,0.0001142938091163935,9.731132385809027e-05,0.0001142938091163935
12,0.5,164,0.020796493941216947,0.00011981454443751848,0.0001198145444375185,0.00011296764873999737
12,0.5,165,0.020746226384341628,0.00012049810552759714,0.0001089206714936114,0.00012049810552759714
12,0.5,166,0.02074769001226746,0.00012394332878061306,0.00012394332878061306,0.0001194966986117409
12,0.5,167,0.020889407846425356,0.0001226702900514535,0.0001226702900514535,0.00011186760726373949
12,0.5,168,0.02080264243333025,0.00011526189587057269,0.00011526189587057269,0.00011097341074335772
12,0.5,169,0.020714494152371445,0.0001367140713317064,0.0001367140713317064,0.00011636512136421935
12,0.5,170,0.02084842652807848,0.00013726133148728135,0.00013726133148728132,0.00011890974069619615
12,0.5,171,0.02073075339423457,0.00011847466203384271,0.00011847466203384272,0.00011271230801480618
12,0.5,172,0.02069687865105095,0.00012651073937988388,0.0001265107393798839,0.00011157225937046045
12,0.5,173,0.020776369466711995,0.00012467766072650792,0.00012467766072650792,0.00011634383593684323
12,0.5,174,0.020777784858387275,0.00013227523272632118,0.00013227523272632118,0.00011717987869170151
12,0.5,175,0.020855725054760858,0.00014862533760756882,0.00014862533760756882,0.0001150555982906014
12,0.5,176,0.020713282567884798,0.0001448029750501521,0.0001448029750501521,0.00011473044973887476
12,0.5,177,0.020601791815363233,0.00011290805171596529,0.00010530531443573538,0.00011290805171596529
12,0.5,178,0.020699886312500575,0.00011597993766444869,0.00011597993766444869,0.0001148679709077253
12,0.5,179,0.02069797051013635,0.00013544653000680584,0.00013544653000680584,0.00011956842271324079
12,0.5,180,0.020867038814498456,0.00014445105400000044,0.00014445105400000044,0.00011419898994131099
12,0.5,181,0.020931496198415295,0.00011552985931464582,0.0001155298593146458,0.00011390791248914604
12,0.5,182,0.020883426053884404,0.00013107715254660873,0.00013107715254660873,0.00011488777180934786
12,0.5,183,0.020881841134187677,0.0001393318983029946,0.0001393318983029946,0.00011745645838640304
12,0.5,184,0.020799409028440175,0.00011511206725799299,0.00011190238623955474,0.00011511206725799299
12,0.5,185,0.02069321824413183,0.00011154576622839489,9.924014203337633e-05,0.00011154576622839489
12,0.5,186,0.020578933484569687,0.00010993396423420716,0.00010975090895420381,0.00010993396423420716
12,0.5,187,0.02065142273938225,0.00011482152180148013,0.00010830028625115271,0.00011482152180148013
12,0.5,188,0.02058489105513218,0.00011610934904547229,0.0001161093490454723,0.000110571555549824
12,0.5,189,0.020789916496151913,0.00013650320671468097,0.00013650320671468097,0.0001161457601653242
12,0.5,190,0.02113102232208023,0.00011813800708080088,0.00011189584584201996,0.00011813800708080088
12,0.5,191,0.02079088085282547,0.00011839410907725526,0.00011839410907725525,0.00011587028234523751
12,0.5,192,0.020750377788123543,0.00011323029788036213,0.00011323029788036211,0.00011286010119088931
12,0.5,193,0.020826470110948382,0.00011569233590433855,9.781278549274572e-05,0.00011569233590433855
12,0.5,194,0.0208278366947772,0.00011369211134679457,0.00011237488284709134,0.00011369211134679457
12,0.5,195,0.02077572227896289,0.00011129715201943609,0.00011129715201943609,0.00011114276885576131
12,0.5,196,0.020751098387776824,0.00012211747162033554,0.00012013851376272203,0.00012211747162033554
12,0.5,197,0.020671057720724754,0.00012642645102911988,0.00012642645102911988,0.00011894990667656049
12,0.5,198,0.020508733936237058,0.00012003820459077574,0.00012003820459077575,0.00011677398471720738
12,0.5,199,0.02052632189710558,0.00011527965084699347,0.00011516954858293848,0.00011527965084699347
12,0.5,200,0.020592211010943405,0.00012294716059366238,0.00012294716059366235,0.00011163102213766277
12,0.5,201,0.020737522945154425,0.0001208938528241444,0.0001208938528241444,0.00011429828258244076
12,0.5,202,0.020759213497281173,0.000121373726616786,0.0001153010778320595,0.000121373726616786
12,0.5,203,0.02073403551335917,0.00011569143925181637,0.00011565221920460181,0.00011569143925181637
12,0.5,204,0.020703237471740816,0.00012383250126626075,0.00012383250126626075,0.00010672130278224159
12,0.5,205,0.020679702104412716,0.0001385712339394199,0.0001385712339394199,0.00011045808474489969
12,0.5,206,0.02063813824658278,0.00011117204624324586,9.749781953115343e-05,0.00011117204624324586
12,0.5,207,0.02077259538487051,0.00011536093087429405,0.00011536093087429405,0.00010946622371911273
12,0.5,208,0.020988949159533483,0.00011443938976085485,9.819560309995664e-05,0.00011443938976085485
12,0.5,209,0.020883936792073676,0.00011396802742799735,0.00010894236964820079,0.00011396802742799735
12,0.5,210,0.020749870958295644,0.00011229210366363788,0.00011229210366363788,0.00011049225344422401
12,0.5,211,0.020795019335216203,0.00011442541763097204,0.00011093543071184096,0.00011442541763097204
12,0.5,212,0.020941968022714405,0.00011426819947819565,0.00011232151669444706,0.00011426819947819565
12,0.5,213,0.020950381152507566,0.0001151423739009529,0.00011514237390095291,0.00011188343303818616
12,0.5,214,0.020756709452655675,0.00012635387161698467,0.00012635387161698467,0.00011505307079600305
12,0.5,215,0.020736209467341636,0.0001196571405180966,0.00011174789233603754,0.0001196571405180966
12,0.5,216,0.02058050014212234,0.0001277765149515159,0.00012777651495151594,0.0001143880717074601
12,0.5,217,0.02062501735147776,0.0001158652392655917,0.00010970696386487485,0.0001158652392655917
12,0.5,218,0.020754109245314296,0.00011268017512228142,0.00011268017512228141,0.0001097360765634717
12,0.5,219,0.020660682572226585,0.0001345701365157528,0.0001345701365157528,0.00011473495636586755
12,0.5,220,0.020722941743855746,0.00012565126096355494,0.00012565126096355492,0.000112345412999648
12,0.5,221,0.02073440629499979,0.00011339804059748149,0.00011339804059748147,0.00011132188103818407
12,0.5,222,0.020708102559385825,0.00011371745204270262,0.00010662505059618092,0.00011371745204270262
12,0.5,223,0.020707128617662284,0.00011758854619735721,0.0001018456390491352,0.00011758854619735721
12,0.5,224,0.020516863628598662,0.00012002852796098596,0.00012002852796098595,0.00011210401223167388
12,0.5,225,0.020680578055203434,0.0001375178682104189,0.00013751786821041893,0.00011417337340230806
12,0.5,226,0.020824434055916854,0.00011881115301715985,0.00011192035070809989,0.00011881115301715985
12,0.5,227,0.02072100661001725,0.00011830604929720965,0.00010688968464934163,0.00011830604929720965
12,0.5,228,0.020664285842196897,0.00011521611131231924,9.864954316770816e-05,0.00011521611131231924
12,0.5,229,0.020806204525462495,0.00011494316480345174,0.00010657320811156735,0.00011494316480345174
12,0.5,230,0.0207155326725333,0.00011499243334430551,0.00011104088549756328,0.00011499243334430551
12,0.5,231,0.020658325568638922,0.00011167894606136992,9.664336005862181e-05,0.00011167894606136992
12,0.5,232,0.02085215083596387,0.00011193567820925538,9.922076052645284e-05,0.00011193567820925538
12,0.5,233,0.020764650093234343,0.00011828844113281905,0.00011828844113281905,0.00011325456236845547
12,0.5,234,0.020885500349720858,0.00012002545317147165,0.00012002545317147167,0.00011403799155281748
12,0.5,235,0.020769401470257156,0.00012619915880496865,0.00012619915880496868,0.00011001943305951794
12,0.5,236,0.020849407929813876,0.00012609261536328624,0.00012609261536328624,0.00011012984041411279
12,0.5,237,0.02099837546176999,0.00012615810396822633,0.00012615810396822633,0.00011492124933584558
12,0.5,238,0.020813770681334654,0.00011811476826881513,9.162041192588699e-05,0.00011811476826881513
12,0.5,239,0.020717560230443143,0.00011721833671584764,0.00011218712594088392,0.00011721833671584764
12,0.5,240,0.020773201901308054,0.00011938091762565714,0.0001151652602461399,0.00011938091762565714
12,0.5,241,0.02089136626862018,0.00011636560741873899,9.635658729238326e-05,0.00011636560741873899
12,0.5,242,0.020793847552949517,0.00012468153839432665,0.00012468153839432665,0.00011423042622238912
12,0.5,243,0.020817974631481884,0.00011549002628981111,0.00011327672581560551,0.00011549002628981111
12,0.5,244,0.020824904806618895,0.00011622935398930769,0.00011069850895103177,0.00011622935398930769
12,0.5,245,0.020742107991072425,0.0001298026702666252,0.00012980267026662518,0.00011647892854477441
12,0.5,246,0.020796819670094332,0.00014910423801034676,0.00014910423801034676,0.00011384429620047379
12,0.5,247,0.02080101364201693,0.00011997667027985581,0.00011997667027985581,0.00011490433361025846
12,0.5,248,0.020869369036485792,0.0001142302128222491,9.181899588395021e-05,0.0001142302128222491
12,0.5,249,0.020841671589368095,0.00012244196548498825,0.00012244196548498825,0.0001138966875381358
12,0.5,250,0.020786520238005333,0.0001159151495727831,0.0001127124839343577,0.0001159151495727831
12,0.5,251,0.020825661416896016,0.0001200511538799498,0.0001200511538799498,0.00011766334585961302
12,0.5,252,0.020761603841805937,0.00012010217131984601,0.00012010217131984601,0.0001160140731730821
12,0.5,253,0.020828983412123265,0.0001313028950163353,0.0001313028950163353,0.00011382763201347613
12,0.5,254,0.020818210293815365,0.0001370227473379235,0.0001370227473379235,0.0001137068517515364
12,0.5,255,0.020837960655983333,0.00017059550134082286,0.00017059550134082286,0.00011356320535221438
12,0.5,256,0.0207130799620183,0.00012264015413631426,0.00012264015413631426,0.00011135146858819636
12,0.5,257,0.020788340688911847,0.00011597715598293179,0.00010401679388686461,0.00011597715598293179
12,0.5,258,0.020837650345612687,0.00011843104941024352,0.00011843104941024351,0.00011441358456390651
12,0.5,259,0.02089261212619672,0.00015041453578525004,0.00015041453578525004,0.00011379344896609679
12,0.5,260,0.02099346854030798,0.00014693818655904658,0.00014693818655904658,0.00011569683645110632
12,0.5,261,0.0208588824560274,0.0001270752270394452,0.0001270752270394452,0.00011612472116862785
12,0.5,262,0.020819111203515882,0.00011515154590077884,0.0001107310071763309,0.00011515154590077884
12,0.5,263,0.02083826093717742,0.0001156080233486185,0.00011560802334861848,0.00011382308042696157
12,0.5,264,0.020847132472711003,0.0001330478264378735,0.0001330478264378735,0.00011630674455164453
12,0.5,265,0.020825843744773666,0.00011613219296546413,0.00011443244415929568,0.00011613219296546413
12,0.5,266,0.020794192881613313,0.00012464470994680697,0.00012464470994680697,0.00011611779401407828
12,0.5,267,0.020803292280799066,0.00014511948940379866,0.00014511948940379863,0.00011778990634440954
12,0.5,268,0.02085803377664649,0.00013948449019090877,0.0001394844901909088,0.00011183947847797989
12,0.5,269,0.02076890153748754,0.0001356313520134366,0.0001356313520134366,0.00011032355142464335
12,0.5,270,0.020874735598829543,0.00011853284896194954,0.00011853284896194952,0.00011162091571100734
12,0.5,271,0.02072988179234226,0.0001361882388310179,0.0001361882388310179,0.00011356304820889625
12,0.5,272,0.020851258719596373,0.00013146140794045904,0.00013146140794045904,0.00011702656421500066
12,0.5,273,0.020763959366351108,0.00011296258190901888,0.000102876979347056,0.00011296258190901888
12,0.5,274,0.02065159290853058,0.00011841639955366844,0.00011841639955366843,0.00011282896744256525
12,0.5,275,0.020698330220485815,0.00013501500235476988,0.00013501500235476988,0.00011424380864914036
12,0.5,276,0.02079030180273114,0.00011679901082954022,0.0001136498520303706,0.00011679901082954022
12,0.5,277,0.020688055770119153,0.00012403274573422258,0.00012403274573422258,0.00011314704424602944
12,0.5,278,0.02080206374746623,0.00012115728450024487,0.00012115728450024487,0.00011652926529226471
12,0.5,279,0.02071749579603926,0.00014458009922205681,0.00014458009922205681,0.00011185783765233935
12,0.5,280,0.02072710098210097,0.00013651109548706885,0.00013651109548706885,0.00011353732155133415
12,0.5,281,0.02082040870303251,0.00013955484141423553,0.0001395548414142355,0.00011137103472246967
12,0.5,282,0.020780919785471055,0.00015226746239283196,0.00015226746239283196,0.00011155892927308394
12,0.5,283,0.02087024837461603,0.00013311074760447302,0.00013311074760447302,0.00010881174344357974
12,0.5,284,0.02089664642557196,0.0001123220221738984,0.00010519763750683023,0.0001123220221738984
12,0.5,285,0.020898240741816322,0.00011692133227549512,0.00011463403797945628,0.00011692133227549512
12,0.5,286,0.020798259851676267,0.0001170645194708999,0.0001055581585736672,0.0001170645194708999
12,0.5,287,0.0207384170617883,0.00011363411266813063,0.00011155308512377662,0.00011363411266813063
12,0.5,288,0.02087145137729251,0.00011922492484869056,0.00010508504607778849,0.00011922492484869056
12,0.5,289,0.020888845668393777,0.00012293354819493024,0.00012293354819493022,0.00011096618182072327
12,0.5,290,0.020912780446033674,0.00011718217709097584,0.00011718217709097584,0.00011352455022787965
12,0.5,291,0.02085458430882141,0.00011611705590011215,9.696224054231516e-05,0.00011611705590011215
12,0.5,292,0.02061060996885576,0.00011213202041120553,0.00011213202041120553,0.00011070106092665147
12,0.5,293,0.02077308873274383,0.00011587085956117053,0.00010235725691004918,0.00011587085956117053
12,0.5,294,0.020803574758108255,0.00011301080128828383,0.0001049365526846077,0.00011301080128828383
12,0.5,295,0.020852337178660075,0.00011099702176281561,0.00010808842966649303,0.00011099702176281561
12,0.5,296,0.020839245081311863,0.00011581393165703843,8.709850148746264e-05,0.00011581393165703843
12,0.5,297,0.020729213794516147,0.00011275608766237663,0.00010513340604429397,0.00011275608766237663
12,0.5,298,0.02078890105650916,0.0001111097390625717,0.00011105811588286204,0.0001111097390625717
12,0.5,299,0.020828612214968248,0.00011605927454429436,0.00010950049365690408,0.00011605927454429436
12,0.5,300,0.021022124272942325,0.00011612348549551755,8.683355676226365e-05,0.00011612348549551755
12,0.5,301,0.020877531718128502,0.00011658562849308944,8.976550018328962e-05,0.00011658562849308944
12,0.5,302,0.02076321789790142,0.00011554279460716574,8.928186486645119e-05,0.00011554279460716574
12,0.5,303,0.020740058183905556,0.00011589453678656662,9.73834319750162e-05,0.00011589453678656662
12,0.5,304,0.0206528657503751,0.00011779348961368576,0.00010047481073798552,0.00011779348961368576
12,0.5,305,0.020722214532411458,0.00011871691453947566,0.0001117948289508578,0.00011871691453947566
12,0.5,306,0.020542583570313508,0.00011804851267627907,0.00011804851267627907,0.00011503886899221717
12,0.5,307,0.020807830559601382,0.00014079709176033692,0.00014079709176033692,0.00011297915491203694
12,0.5,308,0.0206132264910352,0.00011579691454608372,0.00010833605384269608,0.00011579691454608372
12,0.5,309,0.020707225071871137,0.0001137160573851928,0.00011077770256361755,0.0001137160573851928
12,0.5,310,0.02064427318134073,0.00011558448858590528,8.909037762454652e-05,0.00011558448858590528
12,0.5,311,0.02059356388141931,0.00011313637000961149,0.00011294139074657205,0.00011313637000961149
12,0.5,312,0.020586830190660658,0.00011601390255415982,0.00011601390255415982,0.00011267885806830439
12,0.5,313,0.02060072818032253,0.00012282349048167425,0.00012282349048167422,0.00011127502793573656
12,0.5,314,0.020479254895315033,0.00012993458654734653,0.00012993458654734653,0.00011128974153545209
12,0.5,315,0.020615204247851484,0.00011411124708377241,0.0001141112470837724,0.00011102801111672868
12,0.5,316,0.020792716479513678,0.00011869466256713447,0.00011869466256713446,0.00010794714674624127
12,0.5,317,0.020723741983555324,0.0001127833656284951,0.00010606988761770667,0.0001127833656284951
12,0.5,318,0.020744484576443636,0.0001373161687792709,0.0001373161687792709,0.0001137531029388145
12,0.5,319,0.020785505150283892,0.00011998524971022088,0.00011803623026004674,0.00011998524971022088
12,0.5,320,0.020804513188340364,0.00011513563749545736,0.00011513563749545736,0.00011344027608816669
12,0.5,321,0.02082070509242838,0.00011729174890447766,0.00011729174890447766,0.00011374813132116967
12,0.5,322,0.020669000952045293,0.00012390378049358333,0.00012390378049358333,0.0001119492175011836
12,0.5,323,0.020796319879711405,0.00011234878087562741,0.00010672773963243204,0.00011234878087562741
12,0.5,324,0.020817475360747652,0.00011804332239528677,0.00011804332239528677,0.00011324066359659538
12,0.5,325,0.020716273691196198,0.00012377116971987144,0.00012377116971987144,0.0001108866098933125
12,0.5,326,0.020867897324333085,0.00011349526716046249,0.00011059528426977792,0.00011349526716046249
12,0.5,327,0.020863033325979788,0.00012933642545075093,0.00012933642545075093,0.00011271770857763297
12,0.5,328,0.020800321242707552,0.00014805927878515856,0.00014805927878515856,0.0001115407315922191
12,0.5,329,0.020841013355319234,0.00011397301800858346,0.00010872020880246597,0.00011397301800858346
12,0.5,330,0.020803114161358865,0.00011798783026885144,0.00011798783026885144,0.0001123401359173119
12,0.5,331,0.020838669853941724,0.00012460916903075768,0.00012460916903075768,0.00011551878073135619
12,0.5,332,0.02090566241431298,0.0001271475079816826,0.0001271475079816826,0.00011569678750952444
12,0.5,333,0.020798449416139744,0.00012592542265722864,0.00012592542265722864,0.00012169095183816387
12,0.5,334,0.0208868482986524,0.00011411104083691799,0.00010739771927329635,0.00011411104083691799
12,0.5,335,0.020829591720958125,0.00011624522396856979,8.132537332449073e-05,0.00011624522396856979
12,0.5,336,0.02078669386722608,0.00011214797536510653,0.00010135142900387942,0.00011214797536510653
12,0.5,337,0.020846345984897166,0.00011588320279565264,9.676602279866609e-05,0.00011588320279565264
12,0.5,338,0.020786056133637862,0.0001166777875238776,0.00010106759105697776,0.0001166777875238776
12,0.5,339,0.020633905776283292,0.00011198301512698922,0.0001039163154418554,0.00011198301512698922
12,0.5,340,0.020723252453948387,0.00011366870124074663,9.202236299991754e-05,0.00011366870124074663
12,0.5,341,0.020684034548438143,0.00011552786761608082,9.367656544843123e-05,0.00011552786761608082
12,0.5,342,0.02070204197761243,0.0001353467769621873,0.0001353467769621873,0.00011586390367812639
12,0.5,343,0.020771879773992856,0.00013195618508152185,0.00013195618508152185,0.00011461829568924907
12,0.5,344,0.020923528092158226,0.00011490040710230559,0.00010556287126783189,0.00011490040710230559
12,0.5,345,0.020725738264399194,0.00011369506283397424,0.00011369506283397424,0.00011211895274596898
12,0.5,346,0.020752162753993376,0.00011200333557564967,0.00010738287291578987,0.00011200333557564967
12,0.5,347,0.020713711747621343,0.00013377872149424047,0.00013377872149424047,0.0001128672291497806
12,0.5,348,0.020741781030100732,0.0001452729635893789,0.0001452729635893789,0.00011398646787360435
12,0.5,349,0.02075551788237882,0.0001188888375284036,0.00011888883752840358,0.0001155615576947659
12,0.5,350,0.020906333944806614,0.00012176608227317474,0.00012176608227317474,0.00011859400628423384
12,0.5,351,0.02073101033093291,0.00012246950394130128,0.00012246950394130128,0.00011371638215734926
12,0.5,352,0.02072558523317795,0.00011543302646852322,0.00010245122799326434,0.00011543302646852322
12,0.5,353,0.02084813000557539,0.00011559885712323336,0.00011559885712323336,0.00011445031894016112
12,0.5,354,0.020727486107726102,0.00011399310728219869,9.3487747524168e-05,0.00011399310728219869
12,0.5,355,0.020494159429385893,0.0001159634836552284,0.0001159634836552284,0.0001117111920578883
12,0.5,356,0.02053329755082068,0.00016179533322832645,0.00016179533322832642,0.00011092098320636744
12,0.5,357,0.020671897695463782,0.00014170870683334638,0.00014170870683334638,0.00011574688831596522
12,0.5,358,0.020635359234444376,0.00014681761521582686,0.00014681761521582684,0.00011271373373639364
12,0.5,359,0.020639401744846055,0.00013117389065579993,0.00013117389065579993,0.00011618762193750026
12,0.5,360,0.020583010255291148,0.0001235455459107897,0.0001235455459107897,0.00011009912137251403
12,0.5,361,0.02054296615535687,0.00012248833046940574,0.00012248833046940574,0.00011230438433227452
12,0.5,362,0.020711140407203277,0.00011165262067258259,0.00010309782958630912,0.00011165262067258259
12,0.5,363,0.020605694746750693,0.00011874039483518892,0.00011874039483518891,0.00011403033787325847
12,0.5,364,0.020658871418284337,0.00011672186833683262,0.0001104977655033816,0.00011672186833683262
12,0.5,365,0.020815228190711292,0.00012596494414951584,0.00012596494414951584,0.00011650494677960194
12,0.5,366,0.020793343275101524,0.00011874865913503095,0.00011183533392668938,0.00011874865913503095
12,0.5,367,0.02069189080849974,0.00012088820469571976,9.629697991260336e-05,0.00012088820469571976
12,0.5,368,0.020619309738090563,0.00011247197439223091,0.00010747736377256982,0.00011247197439223091
12,0.5,369,0.020608990052504276,0.0001270296839511412,0.00012702968395114119,0.00011685617092485064
12,0.5,370,0.02054293733552344,0.00011198103916101124,0.00010845504134720462,0.00011198103916101124
12,0.5,371,0.020768745326065253,0.00011279962832142302,9.944605478598525e-05,0.00011279962832142302
12,0.5,372,0.020913552816141497,0.00011725982102464828,9.421289243792217e-05,0.00011725982102464828
12,0.5,373,0.020843734457132463,0.00011131322143345993,9.574636746598849e-05,0.00011131322143345993
12,0.5,374,0.0207665356668304,0.00011244044539532337,0.00010998734676306545,0.00011244044539532337
12,0.5,375,0.02076359690197321,0.00011879703753732436,0.00011879703753732434,0.00011208350895201666
12,0.5,376,0.020748839925661358,0.00012720749782959138,0.00012720749782959138,0.00011114988915186992
12,0.5,377,0.02074608788838616,0.00012361556902283993,0.00012361556902283993,0.00011339013154442914
12,0.5,378,0.020783517282105767,0.00012250841859146413,0.0001225084185914641,0.00011365467792390468
12,0.5,379,0.020846907599724684,0.00011742982304911834,0.00011042247953743647,0.00011742982304911834
12,0.5,380,0.02077082003505987,0.00011279470779549515,0.00010669938689043259,0.00011279470779549515
12,0.5,381,0.020798826673915957,0.0001159261218307798,0.00011298463339352798,0.0001159261218307798
12,0.5,382,0.02074609944663059,0.00011837115598447326,8.364973155400495e-05,0.00011837115598447326
12,0.5,383,0.020698003735941488,0.00011424868564416039,0.00010568340575831399,0.00011424868564416039
12,0.5,384,0.020747155946749793,0.00011459940759019859,9.147017910462991e-05,0.00011459940759019859
12,0.5,385,0.0207281339200342,0.0001171039264817751,0.00011710392648177511,0.00011168568562809995
12,0.5,386,0.020757770173505927,0.00011685864547755952,0.00011685864547755952,0.00011452356644425693
12,0.5,387,0.02084018031615125,0.00011855913607348454,0.00010583810877278283,0.00011855913607348454
12,0.5,388,0.020741578368417026,0.00011423337655614591,9.358117087226433e-05,0.00011423337655614591
12,0.5,389,0.02065074109487363,0.00011716494114267842,9.533301247012625e-05,0.00011716494114267842
12,0.5,390,0.02057544410521922,0.00011593290428202284,0.00011278136230823978,0.00011593290428202284
12,0.5,391,0.020576324126160485,0.00011652032861066696,9.956704656293023e-05,0.00011652032861066696
12,0.5,392,0.0206844423568282,0.0001133634611304703,9.991758203006458e-05,0.0001133634611304703
12,0.5,393,0.020468569193169105,0.00011585760579212038,0.00010106707351071843,0.00011585760579212038
12,0.5,394,0.020513656482297214,0.00012041976876717821,0.00012041976876717821,0.00011015147699248251
12,0.5,395,0.02060159565739902,0.00011041286380318064,9.41043767439041e-05,0.00011041286380318064
12,0.5,396,0.020594524624505135,0.00011594360948808585,0.00011594360948808585,0.00011299181932759724
12,0.5,397,0.020556285430865906,0.00011318013583291834,0.00011249162883101146,0.00011318013583291834
12,0.5,398,0.02067694462839582,0.00011792767405519027,8.99586512682612e-05,0.00011792767405519027
12,0.5,399,0.020766818162112607,0.00011264326128098301,0.00010735667071739461,0.00011264326128098301
12,0.5,400,0.020789231896952396,0.000129329680737131,0.000129329680737131,0.00011255042395457023
12,0.5,401,0.02094066244511753,0.00013461060065871565,0.00013461060065871565,0.00010863291274088164
12,0.5,402,0.02077016966790986,0.00012877611722835402,0.00012877611722835402,0.0001059429818733594
12,0.5,403,0.020695981993559574,0.00011345373347235065,0.00010912895827381597,0.00011345373347235065
12,0.5,404,0.020820555100013963,0.0001143500760188422,0.00010402993462956438,0.0001143500760188422
12,0.5,405,0.020808897589293083,0.00011989184696783946,0.00011989184696783946,0.00011867435171804874
12,0.5,406,0.020877441454225525,0.00012225758434625036,0.00012225758434625036,0.00010787657124305027
12,0.5,407,0.02085864388813848,0.00011313214691227155,9.22124862133124e-05,0.00011313214691227155
12,0.5,408,0.020826869668085723,0.00011663130724893584,9.056859722523105e-05,0.00011663130724893584
12,0.5,409,0.020803363929658827,0.00011102078541893931,0.00010797306229660969,0.00011102078541893931
12,0.5,410,0.02088596056153221,0.00011346153923388879,8.727035738387434e-05,0.00011346153923388879
12,0.5,411,0.020731961985366348,0.00011559036558376775,0.00011559036558376775,0.0001139817068046528
12,0.5,412,0.02074758930110994,0.0001165558071898477,0.00010849814575376831,0.0001165558071898477
12,0.5,413,0.020539241604983084,0.00012345535495462298,0.00012345535495462298,0.00011423127667353716
12,0.5,414,0.020712892927953745,0.0001425246288036483,0.0001425246288036483,0.00011503729842289623
12,0.5,415,0.020791411916210294,0.00012048385267668388,0.00012048385267668386,0.00011531733068266641
12,0.5,416,0.021061732139000724,0.000121227131485556,0.00010428652455228642,0.000121227131485556
12,0.5,417,0.02094598592563755,0.00011617983128880063,9.88958558966319e-05,0.00011617983128880063
12,0.5,418,0.020903663476898784,0.00014363320892751025,0.00014363320892751025,0.00011703881170186359
12,0.5,419,0.020902177139849484,0.0001503961343684838,0.0001503961343684838,0.00011472486568781784
12,0.5,420,0.02081144963568968,0.00011543117691500363,9.607012351843873e-05,0.00011543117691500363
12,0.5,421,0.02066271138179337,0.00011198315106847728,0.00010884914666870069,0.00011198315106847728
12,0.5,422,0.020733789628357993,0.00013071338733931968,0.00013071338733931968,0.00011859717604736771
12,0.5,423,0.02082113097650769,0.0001136933697842694,9.42664786129545e-05,0.0001136933697842694
12,0.5,424,0.020863007382229553,0.0001293077955164633,0.0001293077955164633,0.00011567262402056303
12,0.5,425,0.02079800173699268,0.00012281169794652296,0.00012281169794652296,0.00011375401989820382
12,0.5,426,0.020801900240060945,0.00011399040008998095,0.0001079570123338159,0.00011399040008998095
12,0.5,427,0.021062083529199634,0.00011619754185300269,0.0001054466736409005,0.00011619754185300269
12,0.5,428,0.020874233883382127,0.00012731511443629813,0.00012731511443629813,0.00011594904709064169
12,0.5,429,0.020966269211502627,0.00012474170623110684,0.00012474170623110687,0.00011837198429059866
12,0.5,430,0.020952119847621107,0.00012177632132822243,0.00012000421938240378,0.00012177632132822243
12,0.5,431,0.020982921970688215,0.0001120536917154879,0.00010003526370488692,0.0001120536917154879
12,0.5,432,0.020781363556339718,0.00011645948458098484,0.00010094328183758456,0.00011645948458098484
12,0.5,433,0.02072851777212437,0.00011529072534746153,0.00011529072534746151,0.00011187064795138102
12,0.5,434,0.02082386817484206,0.00011622989115135162,0.00010217050837959635,0.00011622989115135162
12,0.5,435,0.020647850998733248,0.0001208051157683517,0.00012080511576835168,0.00011366349523483693
12,0.5,436,0.02068901622723541,0.00011469809328786824,0.00010565700578508444,0.00011469809328786824
12,0.5,437,0.02078169057706519,0.00011845219100976227,0.00010956533112434848,0.00011845219100976227
12,0.5,438,0.0207724629903804,0.00011474436329496402,0.00010737442588746258,0.00011474436329496402
12,0.5,439,0.020945751742333634,0.00011321563777912691,0.00010646564985299672,0.00011321563777912691
12,0.5,440,0.02085131707865801,0.0001423925071743092,0.0001423925071743092,0.00011429354724352504
12,0.5,441,0.02083204919121575,0.0001264106555708729,0.0001264106555708729,0.00011296206090536507
12,0.5,442,0.020703853627342023,0.00013330181689940723,0.00013330181689940723,0.00011247898350533857
12,0.5,443,0.020640806598895018,0.00011235583046508094,0.00010680772486976589,0.00011235583046508094
12,0.5,444,0.020681396410733962,0.00011526134850723263,9.134926502358025e-05,0.00011526134850723263
12,0.5,445,0.020799044136667954,0.00014152217593653592,0.00014152217593653595,0.00011529793007453619
12,0.5,446,0.02084536302012469,0.0001389572761443768,0.0001389572761443768,0.00011652582202808173
12,0.5,447,0.02087446218232515,0.00014752592213867016,0.00014752592213867016,0.00011527775755261355
12,0.5,448,0.021035738517902858,0.00014385534411163082,0.00014385534411163082,0.00011220000364995751
12,0.5,449,0.02105660219896187,0.00013214399667286122,0.00013214399667286122,0.00011375642672814067
12,0.5,450,0.020989029409535852,0.00012375538628523164,0.00012375538628523164,0.00011591757237840277
12,0.5,451,0.020997664661890382,0.00011538129828514344,0.00011538129828514345,0.000114107566270164
12,0.5,452,0.020741078530253174,0.00011620440481664219,0.00011466699826250848,0.00011620440481664219
12,0.5,453,0.020689734063504973,0.0001234651904352201,0.0001234651904352201,0.00011611358947743758
12,0.5,454,0.020913280115570584,0.00012981371151815063,0.00012981371151815063,0.00011655688462734196
12,0.5,455,0.020880615019758596,0.00011436065856978974,0.0001006575831650035,0.00011436065856978974
12,0.5,456,0.02093563389962439,0.00011525689657808719,0.00011057413572108036,0.00011525689657808719
12,0.5,457,0.020849770735957684,0.00012062981579584948,0.00012062981579584947,0.00011394001359131039
12,0.5,458,0.02068317927747023,0.00011700370820762537,0.00011700370820762539,0.00011295561931618352
12,0.5,459,0.020749752918962198,0.00011549137066787348,0.00010447922182978124,0.00011549137066787348
12,0.5,460,0.02060895597501836,0.00012830424978024855,0.00012830424978024855,0.00011742554684406425
12,0.5,461,0.020566574501426935,0.00013921133897482887,0.00013921133897482887,0.00011485159585654451
12,0.5,462,0.02083929839335648,0.00011420204417233078,0.00010780351049511421,0.00011420204417233078
12,0.5,463,0.02070677093194697,0.0001122360784573786,9.266182532451838e-05,0.0001122360784573786
12,0.5,464,0.020684522302324503,0.00010664661986314605,0.00010339764772542101,0.00010664661986314605
12,0.5,465,0.020721601962583616,0.00011289114598891808,0.00011289114598891808,0.00011104452014014506
12,0.5,466,0.02083516597666105,0.0001353479515431838,0.0001353479515431838,0.0001150555021828365
12,0.5,467,0.02072490844277448,0.00011415065187672241,0.00010503377172796652,0.00011415065187672241
12,0.5,468,0.020804991839319453,0.00011657127928872885,9.526998699478855e-05,0.00011657127928872885
12,0.5,469,0.020817533422677236,0.00012065763172436785,9.157779472671985e-05,0.00012065763172436785
12,0.5,470,0.020809970245318332,0.0001227518323075838,0.0001227518323075838,0.00011728735068022369
12,0.5,471,0.02074168416233698,0.00012203152212064785,0.00012203152212064786,0.0001138439637547534
12,0.5,472,0.020709728476105815,0.00011281260474229097,0.00010543296424953745,0.00011281260474229097
12,0.5,473,0.02051252119030685,0.000113849280606208,0.00011171771698842173,0.000113849280606208
12,0.5,474,0.020730584307374622,0.00011377506731424631,0.00010330960023157649,0.00011377506731424631
12,0.5,475,0.020791219532955863,0.00011631224089147318,0.00011631224089147317,0.00011539015129564735
12,0.5,476,0.02086058322964217,0.00011880486861582385,0.00011613937966271994,0.00011880486861582385
12,0.5,477,0.02062445514140222,0.00011365530199576619,0.00010781945537259321,0.00011365530199576619
12,0.5,478,0.020719163804747472,0.0001303359164342597,0.0001303359164342597,0.00011698333754447836
12,0.5,479,0.02080332659598792,0.00013259174394004007,0.00013259174394004007,0.00011617453796399429
12,0.5,480,0.02071739001933597,0.00010627614319235794,0.00010000547431586102,0.00010627614319235794
12,0.5,481,0.02076061113829374,0.00010905050824831288,9.297980833002999e-05,0.00010905050824831288
12,0.5,482,0.020821151749066943,0.00011493004231573102,0.00010948007069844409,0.00011493004231573102
12,0.5,483,0.020757102018485893,0.00012223155148262046,0.00012223155148262044,0.00011338315781194932
12,0.5,484,0.020728444019730938,0.00011765111421485344,0.00011765111421485344,0.00011359487509586818
12,0.5,485,0.020754138035137832,0.00012048529915800052,0.0001204852991580005,0.00011361589229786917
12,0.5,486,0.02067388202110024,0.00011747608014940592,0.00010235799874087686,0.00011747608014940592
12,0.5,487,0.020791581164353545,0.00012370351048532355,0.00012370351048532355,0.00011972596600123247
12,0.5,488,0.02084632365385897,0.0001184789387454449,0.00011181637100934899,0.0001184789387454449
12,0.5,489,0.020869620257713502,0.00011629176062081624,0.00010986663212456728,0.00011629176062081624
12,0.5,490,0.02075077980373598,0.00011436375603227314,0.00011436375603227315,0.00011319218254958973
12,0.5,491,0.020637837431437853,0.00013849727207924603,0.00013849727207924603,0.00011130661635903209
12,0.5,492,0.02057763033746766,0.00014527980537957572,0.00014527980537957572,0.00011141358115836431
12,0.5,493,0.020693199916302727,0.00012840326828693937,0.00012840326828693937,0.00011334332638051764
12,0.5,494,0.02091427569828186,0.00012072701254088146,0.00012072701254088146,0.00011732062077128447
12,0.5,495,0.020874444920943383,0.00011298258976693133,9.094999420988477e-05,0.00011298258976693133
12,0.5,496,0.020900937056694848,0.00011055712753260343,8.517497053627028e-05,0.00011055712753260343
12,0.5,497,0.020771106271504493,0.0001162179763097735,0.00010913605542732395,0.0001162179763097735
12,0.5,498,0.02088855972324686,0.00011704814557371684,0.00010481170001897281,0.00011704814557371684
12,0.5,499,0.021041282845265238,0.00011871646992149072,0.00011871646992149074,0.0001104368364865379
12,0.5,500,0.020960127082169024,0.00011802646831532658,0.00011802646831532658,0.00011146281342038718
12,0.7,0,0.08234268801100576,0.00025172521491132887,0.0002473348670256244,0.00025172521491132887
12,0.7,1,0.050222353771729206,0.00024869381811394576,0.00023666738109804912,0.00024869381811394576
12,0.7,2,0.036174244346093905,0.00020825907239022188,0.0002007080975407751,0.00020825907239022188
12,0.7,3,0.029226546095741143,0.00018349396427231514,0.00018349396427231514,0.00017236076762404306
12,0.7,4,0.025397183732219594,0.00019915056454668562,0.00019915056454668562,0.00014838701354043406
12,0.7,5,0.023269323316989297,0.0001529178842126472,0.0001529178842126472,0.0001287268526846823
12,0.7,6,0.022206313098279997,0.00012433742375796988,0.0001228837789157029,0.00012433742375796988
12,0.7,7,0.02155603380830062,0.00011757497836692625,0.00010452983500275599,0.00011757497836692625
12,0.7,8,0.021178882947221707,0.00011807820267470444,0.00011807820267470444,0.00011370339278116274
12,0.7,9,0.020821467469252064,0.0001144772319929025,0.00010181424783698524,0.0001144772319929025
12,0.7,10,0.02064142868578206,0.00011529542998094366,0.00010937812078799806,0.00011529542998094366
12,0.7,11,0.02063695878630078,0.00011872535300758475,0.0001026665383129214,0.00011872535300758475
12,0.7,12,0.020578248177837228,0.0001125512502358685,0.0001125512502358685,0.00011244685311135376
12,0.7,13,0.020483133997764955,0.00012840452262738902,0.00012840452262738902,0.00011392784639695051
12,0.7,14,0.020617315999293125,0.00011701955530079143,9.951695741893627e-05,0.00011701955530079143
12,0.7,15,0.02038939790681388,0.00011253710573396071,9.082566524504339e-05,0.00011253710573396071
12,0.7,16,0.02037705455372596,0.00011372409901600275,8.823289869821859e-05,0.00011372409901600275
12,0.7,17,0.020456304843979544,0.00010949871577982728,0.00010014925364389754,0.00010949871577982728
12,0.7,18,0.020492938281258685,0.00011911997042171661,0.00011911997042171661,0.000108921978638016
12,0.7,19,0.0206702218373138,0.00011509096187739108,0.00011509096187739109,0.00011038393787190314
12,0.7,20,0.020517096931071666,0.00011736207286707825,0.00011736207286707825,0.00011691527688626941
12,0.7,21,0.02040822343801361,0.00011781385418519825,0.00011781385418519825,0.00011612195642553543
12,0.7,22,0.02050057773921685,0.00010935494714686464,0.00010274978426385006,0.00010935494714686464
12,0.7,23,0.020574271527842112,0.00011224846268086695,0.00010226676797337586,0.00011224846268086695
12,0.7,24,0.020511083934179327,0.00010877210944307325,9.004376915413259e-05,0.00010877210944307325
12,0.7,25,0.02075483523776627,0.00011221782833436503,8.998535943348795e-05,0.00011221782833436503
12,0.7,26,0.02064905681089779,0.00011396187320956698,0.00011396187320956698,0.00011258012828453538
12,0.7,27,0.02049564179123079,0.00011034451171274096,0.00011034451171274095,0.00010750386420586722
12,0.7,28,0.020531797852150067,0.00011184064232777464,9.313083946264875e-05,0.00011184064232777464
12,0.7,29,0.020566304338328022,0.00011607297769411121,9.895874227668089e-05,0.00011607297769411121
12,0.7,30,0.0205924069301184,0.00011457817015119958,0.0001126009350650173,0.00011457817015119958
12,0.7,31,0.02059950944682571,0.00011213356440041679,0.00010170560156377551,0.00011213356440041679
12,0.7,32,0.020537712027104586,0.00011332008490162423,9.54669854139201e-05,0.00011332008490162423
12,0.7,33,0.020570767017460245,0.00012192109074136138,0.00012192109074136138,0.00011175232967497295
12,0.7,34,0.020610475429388642,0.00011572457104251115,0.00011572457104251115,0.00011551599844042548
12,0.7,35,0.02053943820461317,0.00011989819643257101,0.000119898196432571,0.00011133920453629669
12,0.7,36,0.020542360682468994,0.00011021235584784364,0.00011021235584784363,0.00010963560983419108
12,0.7,37,0.020423157114989175,0.00011463111738738122,0.00011108061015483201,0.00011463111738738122
12,0.7,38,0.020568819070088572,0.00011481536163595385,0.0001003468633266315,0.00011481536163595385
12,0.7,39,0.020492278610628318,0.00011073675192833319,9.936507872269326e-05,0.00011073675192833319
12,0.7,40,0.020644076983888364,0.00011350024344607898,9.85677742718431e-05,0.00011350024344607898
12,0.7,41,0.020742990888708877,0.000128919246510824,0.000128919246510824,0.00011409977062770918
12,0.7,42,0.020742712819156708,0.00011641509075896224,8.382904788759958e-05,0.00011641509075896224
12,0.7,43,0.020552377938771606,0.00011171593782796772,0.0001117159378279677,0.00011030622535454261
12,0.7,44,0.02059410971976785,0.00011239987338574017,0.00011239987338574017,0.00011044678426255241
12,0.7,45,0.020604241343744365,0.00011196656287294516,9.703143910915923e-05,0.00011196656287294516
12,0.7,46,0.020614270253923213,0.00011532754076720263,0.00011532754076720263,0.00011031987550799145
12,0.7,47,0.02072993021337444,0.0001141457809970629,0.00011375292605330333,0.0001141457809970629
12,0.7,48,0.020768190158989275,0.00012000498941795663,0.00012000498941795663,0.00011748937099320541
12,0.7,49,0.02054840412279363,0.00011322393753458928,0.00010580291620175883,0.00011322393753458928
12,0.7,50,0.020759966185220382,0.00013651212747785833,0.00013651212747785833,0.00011721176817695805
12,0.7,51,0.02061917071213285,0.00011051259615883272,0.00010141731444570436,0.00011051259615883272
12,0.7,52,0.02056592866429288,0.00011136642640890092,9.867437195337432e-05,0.00011136642640890092
12,0.7,53,0.02053789720252066,0.00011453947922454952,0.00011453947922454952,0.00011015868967315964
12,0.7,54,0.020333102400930756,0.00010910944476750829,9.899762898248517e-05,0.00010910944476750829
12,0.7,55,0.020406980220530096,0.00011599149350234383,0.00011599149350234383,0.0001121068061190344
12,0.7,56,0.02044684377109467,0.00011030281425830677,0.00010737003994810562,0.00011030281425830677
12,0.7,57,0.020441332773524223,0.00011991798069942771,0.00011991798069942771,0.00010814397046240705
12,0.7,58,0.020660242953449297,0.00013346543499576547,0.00013346543499576544,0.00011672528645197925
12,0.7,59,0.020785287826441543,0.00011311457702189705,0.00010924358583604933,0.00011311457702189705
12,0.7,60,0.020757699982349314,0.00011615986517220247,0.00011615986517220247,0.00011497465213941434
12,0.7,61,0.02060244597614477,0.00013264623973881915,0.00013264623973881917,0.00011659146320891873
12,0.7,62,0.02059298883191938,0.00012013056429961465,0.00012013056429961465,0.0001154968100794555
12,0.7,63,0.020845058644465782,0.00012539921905120545,0.00012539921905120545,0.00010883530288599039
12,0.7,64,0.02070943091966052,0.0001317287386963338,0.0001317287386963338,0.00011196468328890503
12,0.7,65,0.020801916988383396,0.00011102457951041391,0.00010865328573067978,0.00011102457951041391
12,0.7,66,0.020801165510126115,0.00012284954797323034,0.00012284954797323034,0.00011151535800322082
12,0.7,67,0.020609150787740387,0.00011367195913554326,0.00011181322446750546,0.00011367195913554326
12,0.7,68,0.020677151402763383,0.0001190004046164275,0.00011900040461642751,0.00011300534130522041
12,0.7,69,0.0205870416447484,0.00011424665682647025,0.00011424665682647025,0.00010762889781170876
12,0.7,70,0.02058618045119539,0.00011233873945249324,0.00011051526192276932,0.00011233873945249324
12,0.7,71,0.02059221504141575,0.00010792511030566291,8.836964307270211e-05,0.00010792511030566291
12,0.7,72,0.02054921247653691,0.0001126665954601192,9.666643464483687e-05,0.0001126665954601192
12,0.7,73,0.02048239211703182,0.0001094002859792061,9.52745922951839e-05,0.0001094002859792061
12,0.7,74,0.020596083832323694,0.00011156241281882448,0.00010684881643162477,0.00011156241281882448
12,0.7,75,0.020354784621198427,0.00010722385978293312,0.00010614726508205033,0.00010722385978293312
12,0.7,76,0.020470180981612393,0.00012734111336351237,0.00012734111336351237,0.00010990955629977188
12,0.7,77,0.02049488021023581,0.00011205047074968324,9.345208955478206e-05,0.00011205047074968324
12,0.7,78,0.02043674421666998,0.00011660206352204859,0.00011660206352204858,0.00011137119104874214
12,0.7,79,0.02069443911683447,0.00011295667325859595,0.00011295667325859595,0.00011226957168831219
12,0.7,80,0.02061316577775672,0.00011443320715486145,0.00010661952581577742,0.00011443320715486145
12,0.7,81,0.02069067518010014,0.00011100732661241088,0.00010335664564752013,0.00011100732661241088
12,0.7,82,0.020765639604529443,0.00012604345485023037,0.00012604345485023037,0.00010898384499102948
12,0.7,83,0.020788888709805754,0.0001275786694355238,0.0001275786694355238,0.00010913432796746267
12,0.7,84,0.02052165744525447,0.0001139450512996965,0.0001139450512996965,0.0001115105240747976
12,0.7,85,0.02047768343431816,0.00011100222615596939,0.0001076019279680537,0.00011100222615596939
12,0.7,86,0.020624273550550815,0.00010936926478145631,9.82782310019569e-05,0.00010936926478145631
12,0.7,87,0.02057355130034853,0.00010940308910146096,0.0001022005142247218,0.00010940308910146096
12,0.7,88,0.020650579282194895,0.00011192547676978442,9.449365174472635e-05,0.00011192547676978442
12,0.7,89,0.020473927937551664,0.00011667546315243581,0.00011667546315243581,0.00011149465077449195
12,0.7,90,0.020567736970340998,0.00011183567809918775,8.564954174475274e-05,0.00011183567809918775
12,0.7,91,0.020653344525631608,0.00011264223883036205,8.468043429844865e-05,0.00011264223883036205
12,0.7,92,0.020633138601926573,0.00011617832631178053,0.00010632203924969635,0.00011617832631178053
12,0.7,93,0.020703181017419466,0.0001164688246044049,0.00010458639032386832,0.0001164688246044049
12,0.7,94,0.020659044619420742,0.00011962838558216967,0.00011962838558216967,0.00011170980550455898
12,0.7,95,0.020712329845182485,0.0001134666927225955,0.00011297711145799214,0.0001134666927225955
12,0.7,96,0.020815648909455687,0.00011548757630892502,0.00011059115596524586,0.00011548757630892502
12,0.7,97,0.02075559117345826,0.0001156849225550767,0.00011568492255507671,0.00011262009213425628
12,0.7,98,0.020772952408107857,0.00011455767130741522,0.00011375887862969557,0.00011455767130741522
12,0.7,99,0.02081518973307711,0.00011870283987336139,0.00011823030544174686,0.00011870283987336139
12,0.7,100,0.02075550473103599,0.00011712881956445826,8.511368886013034e-05,0.00011712881956445826
12,0.7,101,0.02075255600191419,0.00011055320580604992,0.00010998741581839337,0.00011055320580604992
12,0.7,102,0.02072934425220433,0.00011189924507205262,9.594638693721338e-05,0.00011189924507205262
12,0.7,103,0.020762797676005106,0.00011347557291674735,0.0001124085248537015,0.00011347557291674735
12,0.7,104,0.0207028884248412,0.00011327594534102515,0.00010901971041731796,0.00011327594534102515
12,0.7,105,0.020647457445033653,0.00011553828554430324,0.00010920534263547252,0.00011553828554430324
12,0.7,106,0.020655556672030086,0.00011438746489846966,0.00010589739242296606,0.00011438746489846966
12,0.7,107,0.020713061134147264,0.00012062992698435179,0.00012062992698435179,0.00011424259262911388
12,0.7,108,0.02071451037206826,0.0001314711961419079,0.0001314711961419079,0.00011792836421291303
12,0.7,109,0.0205293766804032,0.0001153647257492304,0.00011179777803845957,0.0001153647257492304
12,0.7,110,0.020485241671874425,0.00011722773187886541,0.0001172277318788654,0.00011146937464227385
12,0.7,111,0.020566737612998372,0.00011062638369880142,0.00010499191509986814,0.00011062638369880142
12,0.7,112,0.020697725839998946,0.00010613427745079992,9.793859707269845e-05,0.00010613427745079992
12,0.7,113,0.020669199381849784,0.00011359946574968851,9.177597931511576e-05,0.00011359946574968851
12,0.7,114,0.02065281626649538,0.00011538509568218866,0.00011511548231648116,0.00011538509568218866
12,0.7,115,0.020557244474120346,0.00011531970833619036,0.00011531970833619036,0.00010937636732595155
12,0.7,116,0.020725179980782157,0.00012246355309451857,0.00012246355309451857,0.00011449547336690131
12,0.7,117,0.020705928416060518,0.00011925202510034792,0.00011925202510034792,0.00010985912652681361
12,0.7,118,0.020570550593180796,0.00011239969124714726,0.00011239969124714726,0.00010938153353249308
12,0.7,119,0.020528758161600057,0.00011219749753592326,0.00011219749753592326,0.00010929133571921613
12,0.7,120,0.02078778860731965,0.00012804445677119485,0.00012804445677119485,0.0001125187779601717
12,0.7,121,0.020770255370158953,0.00012821327869832244,0.00012821327869832244,0.00010928545237233314
12,0.7,122,0.020593766577040106,0.00011333840888624838,0.00010215694836518535,0.00011333840888624838
12,0.7,123,0.02051392675016468,0.00011527583899329953,0.0001020006682084726,0.00011527583899329953
12,0.7,124,0.0204948006126925,0.00011699997334796303,0.00010886954684737015,0.00011699997334796303
12,0.7,125,0.0204371099764693,0.00011782441569437333,0.00011782441569437333,0.0001116550518045473
12,0.7,126,0.02032564920966813,0.00011396192405232704,0.00011396192405232704,0.00010747658433959297
12,0.7,127,0.020396320639315565,0.0001088593348905288,0.00010353544981821174,0.0001088593348905288
12,0.7,128,0.02040577384003618,0.00013978220801132653,0.00013978220801132656,0.00011439441940424164
12,0.7,129,0.020614058097302674,0.00011934829941973997,0.00011769228817871934,0.00011934829941973997
12,0.7,130,0.020620976351793285,0.00012435646920640024,0.00012435646920640024,0.00011145439634813485
12,0.7,131,0.020641111608140264,0.00012628355344741679,0.00012628355344741679,0.0001135347714030687
12,0.7,132,0.020618321592250063,0.00013313770008043326,0.00013313770008043326,0.00011791326341945168
12,0.7,133,0.020760651824433873,0.00013530751486556263,0.00013530751486556263,0.00011726039572784842
12,0.7,134,0.020930820569518626,0.00012533999397578232,0.00012533999397578232,0.00011278146775066417
12,0.7,135,0.02084540483300283,0.0001243497846378143,0.0001243497846378143,0.00011581395184556966
12,0.7,136,0.02073094230808095,0.00013460265336320623,0.00013460265336320623,0.0001164660374814522
12,0.7,137,0.02077387752591866,0.0001158167146404645,0.00010587009912525355,0.0001158167146404645
12,0.7,138,0.020622066225249782,0.00011263153046731574,0.00011263153046731574,0.00011031080815468895
12,0.7,139,0.020649093640169237,0.00013362050459190633,0.00013362050459190633,0.00010899035514535331
12,0.7,140,0.020802250518429675,0.00011560433612666756,0.00010779489194592268,0.00011560433612666756
12,0.7,141,0.020578808304491842,0.0001139147252129361,7.725130464243897e-05,0.0001139147252129361
12,0.7,142,0.02063460211442935,0.00011246049746335084,9.651597472835767e-05,0.00011246049746335084
12,0.7,143,0.020479425204122586,0.00011080337257573498,0.000110803372575735,0.0001084405359785957
12,0.7,144,0.020473415493776747,0.00011187424432621331,0.00010394904465279163,0.00011187424432621331
12,0.7,145,0.020729065180967822,0.00011635709807819861,9.973643099431574e-05,0.00011635709807819861
12,0.7,146,0.020730132349231722,0.0001186078711019595,0.00010153602945160667,0.0001186078711019595
12,0.7,147,0.02067842691405571,0.00013944370230904965,0.00013944370230904962,0.00010967863599397296
12,0.7,148,0.02075932484079941,0.00011607314140721867,0.00011075964639288637,0.00011607314140721867
12,0.7,149,0.020530943177166673,0.00011163920368788769,0.00010014640858198183,0.00011163920368788769
12,0.7,150,0.020715351539828765,0.00011337462017760018,0.00010831540960520884,0.00011337462017760018
12,0.7,151,0.020791303650015858,0.00012291273783324855,0.00012291273783324855,0.00011535218760933999
12,0.7,152,0.020578425907723335,0.0001331738006190543,0.0001331738006190543,0.0001160237763720755
12,0.7,153,0.02076796334401271,0.00011422319837671792,0.00011422319837671793,0.00011140029150128546
12,0.7,154,0.020583532532993186,0.00012750915111815048,0.00012750915111815048,0.00011642537069941966
12,0.7,155,0.020622291003443056,0.000127840108770052,0.00012784010877005202,0.00011150915844821423
12,0.7,156,0.02045984619902543,0.00011652503379939666,0.00010992018038384399,0.00011652503379939666
12,0.7,157,0.020582373754054084,0.0001241890390149442,0.00012418903901494416,0.0001130411098091568
12,0.7,158,0.020631204167692777,0.00011275816722498315,8.094010204825214e-05,0.00011275816722498315
12,0.7,159,0.020623570817560426,0.00011241576243403592,9.942362088980135e-05,0.00011241576243403592
12,0.7,160,0.020699813196236143,0.00012310195514760806,0.00012310195514760806,0.00010929505240350885
12,0.7,161,0.020623783042507598,0.00011415766998188003,0.00011415766998188005,0.00011141938893516364
12,0.7,162,0.020781451381601843,0.00011517703223860152,0.00011517703223860152,0.00011428282538784634
12,0.7,163,0.0208098571825879,0.00011584956529466939,0.00011565440837102377,0.00011584956529466939
12,0.7,164,0.02072958534962,0.00011358054854039276,9.491652471434885e-05,0.00011358054854039276
12,0.7,165,0.020806091964177188,0.000119051887720812,7.772102862435043e-05,0.000119051887720812
12,0.7,166,0.02069453155799871,0.00011799933805725171,8.793082222778853e-05,0.00011799933805725171
12,0.7,167,0.02057016269508376,0.00011697304021138939,9.608551911686932e-05,0.00011697304021138939
12,0.7,168,0.020516480648878135,0.0001092881032991063,0.00010016403635190621,0.0001092881032991063
12,0.7,169,0.020739939618077182,0.00012088148339286828,0.00012088148339286827,0.00010996082982118334
12,0.7,170,0.020596062897482267,0.00011634693891290729,0.00011400592185935769,0.00011634693891290729
12,0.7,171,0.020720065545524875,0.00011800910455813324,0.00010007014647751088,0.00011800910455813324
12,0.7,172,0.02066319423133623,0.00011169594263601454,8.87050243807324e-05,0.00011169594263601454
12,0.7,173,0.02060891300544119,0.00011206575518034757,0.00011163496529212962,0.00011206575518034757
12,0.7,174,0.020676794505635917,0.0001375826349836483,0.0001375826349836483,0.00011194959930463429
12,0.7,175,0.020519215918084678,0.00015199573095261808,0.00015199573095261805,0.00011562712382813856
12,0.7,176,0.020723032936313036,0.00011674944781862457,0.00011674944781862457,0.0001095570926710288
12,0.7,177,0.02063983148316526,0.00013577896321833352,0.00013577896321833352,0.00011491547834694347
12,0.7,178,0.0207094909835394,0.00011422605160473492,0.00011161827984955207,0.00011422605160473492
12,0.7,179,0.02058125684960166,0.00012199864374766255,0.00012199864374766256,0.00011683988589249156
12,0.7,180,0.020732247833837213,0.0001155210638456536,0.00010072360141019305,0.0001155210638456536
12,0.7,181,0.020664628888978638,0.00011430659762125814,0.00010017176153742419,0.00011430659762125814
12,0.7,182,0.020664794411880096,0.00011373186156262461,0.00010515715432120319,0.00011373186156262461
12,0.7,183,0.020616307673968895,0.00012985005567535613,0.00012985005567535613,0.00011465212813008327
12,0.7,184,0.020647398411675837,0.00011659780792382461,0.00011227408435321017,0.00011659780792382461
12,0.7,185,0.02052811326966592,0.00012058700113852808,0.00012058700113852808,0.00011767280405549723
12,0.7,186,0.020533119635216555,0.00012350176303090407,0.00012350176303090404,0.00011526940519789898
12,0.7,187,0.020580302368139926,0.0001408355689598362,0.0001408355689598362,0.00011184810278285894
12,0.7,188,0.020704379088540767,0.00010913013328044104,0.00010781634383148566,0.00010913013328044104
12,0.7,189,0.020711117645661345,0.00011745232804369568,0.00011033797142339971,0.00011745232804369568
12,0.7,190,0.020622466920488986,0.00011402155299006201,9.53733529745282e-05,0.00011402155299006201
12,0.7,191,0.020575717668023415,0.000113987265330899,9.266142342083245e-05,0.000113987265330899
12,0.7,192,0.020625931750429607,0.00011553710687831536,9.94619520671702e-05,0.00011553710687831536
12,0.7,193,0.020603508570087282,0.00012516961216152143,0.00012516961216152143,0.00011417765776207156
12,0.7,194,0.020663485030253035,0.0001315639128652376,0.0001315639128652376,0.00011363199665556527
12,0.7,195,0.020607204352192116,0.00011553612483799636,0.0001019735232753372,0.00011553612483799636
12,0.7,196,0.02072263563464543,0.00011475331671474935,0.00010445537829931217,0.00011475331671474935
12,0.7,197,0.020778354684323746,0.00016426116355390755,0.00016426116355390758,0.00011355387027965348
12,0.7,198,0.020579726375091485,0.00012531586842620473,0.00012531586842620473,0.00011080668404368619
12,0.7,199,0.02061848228924449,0.00012559590055475283,0.00012559590055475283,0.00011348093581257906
12,0.7,200,0.020679457644048452,0.00011489603505241353,0.00010666970762449298,0.00011489603505241353
12,0.7,201,0.020529998443134353,0.00011089171627883608,0.00010807939439725415,0.00011089171627883608
12,0.7,202,0.020566405790296966,0.00011336638126536945,7.840782364694142e-05,0.00011336638126536945
12,0.7,203,0.020639002164779888,0.00011421392836724834,0.00011041520318032377,0.00011421392836724834
12,0.7,204,0.020741620124595208,0.00011236614969118729,0.00010536545003959278,0.00011236614969118729
12,0.7,205,0.020787023675997236,0.00011270251419434237,0.0001121934273878315,0.00011270251419434237
12,0.7,206,0.02095122383747748,0.00011665861369916086,0.00011665861369916086,0.00011153193576048592
12,0.7,207,0.02091011499724904,0.00011404293820528406,0.00011269989707528065,0.00011404293820528406
12,0.7,208,0.02072292740211129,0.00012177186559327384,0.00012177186559327384,0.00011715869541283928
12,0.7,209,0.020477494976655394,0.00012413411302515667,0.00012413411302515667,0.00011375916952156082
12,0.7,210,0.020607165769216066,0.00011319618771613612,9.881461517339488e-05,0.00011319618771613612
12,0.7,211,0.020482442717578937,0.00011328010036977796,0.00010114996282744656,0.00011328010036977796
12,0.7,212,0.020546385372355595,0.00011262151229580539,0.00010984019314051564,0.00011262151229580539
12,0.7,213,0.020344717070166007,0.00011280614486233508,9.79965182915366e-05,0.00011280614486233508
12,0.7,214,0.020352333245749362,0.00010989968552915822,0.00010952607463534849,0.00010989968552915822
12,0.7,215,0.02044906790258681,0.0001168612122041732,0.0001168612122041732,0.00011243026065796625
12,0.7,216,0.020515743544684942,0.0001352657608037277,0.0001352657608037277,0.00011438985400265456
12,0.7,217,0.020571229848070992,0.00011415767949925676,9.805543290553456e-05,0.00011415767949925676
12,0.7,218,0.02055161819477829,0.000113396730319016,0.00010066521105330495,0.000113396730319016
12,0.7,219,0.02051256881523663,0.00011140113858792987,0.00010299661767190217,0.00011140113858792987
12,0.7,220,0.02063788123538063,0.0001127878770660447,0.0001127878770660447,0.00011074090464013193
12,0.7,221,0.020672881426810816,0.00011955128213917256,9.784546455418826e-05,0.00011955128213917256
12,0.7,222,0.020630112085485007,0.00011267138001314995,9.835802330913855e-05,0.00011267138001314995
12,0.7,223,0.020570076440054225,0.00011665686345780767,8.078336359580468e-05,0.00011665686345780767
12,0.7,224,0.020661021714294518,0.00012263766897477058,0.00012263766897477058,0.00011400156840413348
12,0.7,225,0.020661798626014593,0.00011224575966600674,0.00011224575966600676,0.00011174995080049777
12,0.7,226,0.020664894915220857,0.00011422968437720194,8.15215918484438e-05,0.00011422968437720194
12,0.7,227,0.020556694394821558,0.0001138780533829592,0.00010891358096851548,0.0001138780533829592
12,0.7,228,0.02068355245458609,0.00011723166816975808,0.00011723166816975809,0.00011192299079412767
12,0.7,229,0.020754281645535905,0.00011813465166341326,0.00011813465166341326,0.00011691537102492678
12,0.7,230,0.020658255046425086,0.00011706305729700937,0.00011706305729700937,0.00011241120632797828
12,0.7,231,0.020757899011690888,0.00011561181867785004,0.00010828151758237827,0.00011561181867785004
12,0.7,232,0.020712778806314374,0.00010920709124670796,0.00010790460010054067,0.00010920709124670796
12,0.7,233,0.020559650064275535,0.00013105519244935442,0.00013105519244935442,0.00011291587896965995
12,0.7,234,0.02066641294132428,0.00011271555924175285,0.00011271555924175286,0.00011210864819001146
12,0.7,235,0.020668383786028904,0.00012846911134802236,0.00012846911134802233,0.00011359776776154613
12,0.7,236,0.020649837899377084,0.00013026903296354275,0.00013026903296354275,0.00011272664815179355
12,0.7,237,0.020558553399236616,0.0001263966726564031,0.0001263966726564031,0.00011369941288605633
12,0.7,238,0.020652546023249816,0.00011251337471144174,0.0001036041270671677,0.00011251337471144174
12,0.7,239,0.020758055816566354,0.00011247397846808609,0.00010532522820090206,0.00011247397846808609
12,0.7,240,0.02082700134711773,0.00010991907077361143,8.750798207961285e-05,0.00010991907077361143
12,0.7,241,0.02058508676020556,0.00011774254673615313,0.00010114952780924826,0.00011774254673615313
12,0.7,242,0.02065707915967263,0.0001182699814329741,0.0001182699814329741,0.00011696020910345599
12,0.7,243,0.020575117221792467,0.00011372359431856957,0.00011323194134986754,0.00011372359431856957
12,0.7,244,0.02062475080647462,0.00011123181666743105,0.00010235676032878036,0.00011123181666743105
12,0.7,245,0.020444385384696305,0.0001146105492107141,0.00010508422519744186,0.0001146105492107141
12,0.7,246,0.020372641827686253,0.00011049081570025144,9.685977511770882e-05,0.00011049081570025144
12,0.7,247,0.02046587458338976,0.00012091499779724556,0.00012091499779724555,0.00010857881107335311
12,0.7,248,0.02057109207557713,0.00012259809447507993,0.00012259809447507993,0.00011410795017847722
12,0.7,249,0.020598054677096987,0.00012205208423730423,0.00012205208423730421,0.00010940955822200438
12,0.7,250,0.020683383502103837,0.0001251851569077479,0.0001251851569077479,0.00011106001548958895
12,0.7,251,0.020695333444869037,0.00011410190733651885,0.00011410190733651884,0.0001140524635400839
12,0.7,252,0.020720379561008678,0.00011792462748381834,0.00011792462748381834,0.00011311348079386174
12,0.7,253,0.02059141190995767,0.00011276477390822595,0.00011272217704643347,0.00011276477390822595
12,0.7,254,0.020527015694409532,0.00012093960950832757,0.00012093960950832756,0.00011201973351088066
12,0.7,255,0.02048328895799082,0.0001131167828258419,0.0001131167828258419,0.00010815838653267198
12,0.7,256,0.02061845632536239,0.00014076661625427774,0.00014076661625427774,0.00010801309870785515
12,0.7,257,0.020548715931691004,0.00014686536964447026,0.0001468653696444703,0.00010788724334109163
12,0.7,258,0.02076424654621831,0.00013847834323776423,0.00013847834323776423,0.0001121772733864423
12,0.7,259,0.020691980995223302,0.00013696220799903902,0.00013696220799903902,0.00011198222789828126
12,0.7,260,0.020692118296454832,0.00011524481785543245,0.00011524481785543244,0.0001134981110408452
12,0.7,261,0.020508341988545654,0.0001160362768242572,0.0001160362768242572,0.00010962928106010538
12,0.7,262,0.020601971379369623,0.00011269050997133855,0.00010112950939941931,0.00011269050997133855
12,0.7,263,0.02068377680395821,0.00011853426791061135,0.00011853426791061135,0.00011654084952006723
12,0.7,264,0.020602196053774273,0.00013620951673588627,0.00013620951673588627,0.00011205114324188744
12,0.7,265,0.02049295805056751,0.00011891980434555799,0.00011891980434555798,0.00011118501616100298
12,0.7,266,0.020662824470218326,0.00011223579735338593,0.00010657880453398623,0.00011223579735338593
12,0.7,267,0.020585843374191632,0.00011914010292863563,0.00011914010292863563,0.00011210075135676684
12,0.7,268,0.02046948451808749,0.00010861497225075248,0.00010861497225075248,0.00010625186811893139
12,0.7,269,0.020392984895606883,0.0001084481557194044,0.00010441691267826155,0.0001084481557194044
12,0.7,270,0.020610419351912445,0.00012185204617471341,0.00012185204617471342,0.00011294190841246447
12,0.7,271,0.020579803698893808,0.00011339875835571843,9.428944241059204e-05,0.00011339875835571843
12,0.7,272,0.020339993847929068,0.00010777975690512176,0.00010774742034096708,0.00010777975690512176
12,0.7,273,0.02045878669708481,0.00011446417012347811,0.0001100433979643131,0.00011446417012347811
12,0.7,274,0.020521120304544678,0.00013393102707089124,0.00013393102707089124,0.0001116082526400909
12,0.7,275,0.02038478971766686,0.0001107249811918496,9.583320245983918e-05,0.0001107249811918496
12,0.7,276,0.020619384085880637,0.00011239776849886818,0.00010904440259897352,0.00011239776849886818
12,0.7,277,0.020518232015913532,0.00012521610321824758,0.0001252161032182476,0.0001123065779927268
12,0.7,278,0.020519175435357105,0.00011541292633321796,0.00011541292633321795,0.00011051505022786457
12,0.7,279,0.020489919655129404,0.00012975468740651023,0.00012975468740651023,0.0001128677083397613
12,0.7,280,0.020510106493987375,0.00011675096680823161,0.00011675096680823161,0.00011577110644053991
12,0.7,281,0.020546928981537198,0.00011335012757214876,0.00011304841788384052,0.00011335012757214876
12,0.7,282,0.02059394850972852,0.0001129474787934921,0.00010185525969695191,0.0001129474787934921
12,0.7,283,0.020618634170010995,0.0001262915022634729,0.0001262915022634729,0.00011627580952304923
12,0.7,284,0.020565611803673414,0.00010918256860044366,0.0001070168262915755,0.00010918256860044366
12,0.7,285,0.020515079292807745,0.0001197507508983971,0.00011975075089839712,0.00011181407271022495
12,0.7,286,0.020533147372825102,0.00012072120405700023,0.00012072120405700022,0.00011060329680454227
12,0.7,287,0.020481906218851154,0.00014177055121700476,0.00014177055121700476,0.000110477257324371
12,0.7,288,0.020583927996955815,0.00012248837942822305,0.00012248837942822305,0.00010948489008619722
12,0.7,289,0.020640894157404888,0.00011883786187868175,0.00011883786187868175,0.0001149040182870638
12,0.7,290,0.020669220168488486,0.00011756334888383289,0.00010642700062178491,0.00011756334888383289
12,0.7,291,0.02059021741307013,0.00011484956276525917,0.00010861032674902094,0.00011484956276525917
12,0.7,292,0.020605187326412745,0.00011328821994425655,0.00010107091340045777,0.00011328821994425655
12,0.7,293,0.02045985940724106,0.00012180074625770028,0.00012180074625770028,0.0001066638694604712
12,0.7,294,0.020461698286072205,0.0001245888273749234,0.0001245888273749234,0.0001096626259774393
12,0.7,295,0.020448985105162486,0.00010968894549126221,0.00010555337584563701,0.00010968894549126221
12,0.7,296,0.020591661779429678,0.00011530794236735989,0.00011530794236735989,0.00011446271579389307
12,0.7,297,0.0205607042680267,0.0001197134777262401,0.00011971347772624012,0.00011220203265987886
12,0.7,298,0.020486683201449436,0.00011074682388006774,9.309274567181884e-05,0.00011074682388006774
12,0.7,299,0.020579092633206682,0.0001131145977183902,0.00010452454589808917,0.0001131145977183902
12,0.7,300,0.020750042510778232,0.0001132066452162763,9.346477452756239e-05,0.0001132066452162763
12,0.7,301,0.02057637309532579,0.00011787677062497091,0.00011389894045852872,0.00011787677062497091
12,0.7,302,0.02045057431628768,0.00011362436469916458,0.000100646507305656,0.00011362436469916458
12,0.7,303,0.02056142741951698,0.0001153696874302207,0.0001153696874302207,0.00011450286186724868
12,0.7,304,0.020667280386604404,0.00014706690083869002,0.00014706690083869,0.00011526783932006219
12,0.7,305,0.02069926737768125,0.0001110119791099093,0.00010169307931909036,0.0001110119791099093
12,0.7,306,0.020619629944100652,0.00010564068189856672,0.00010257626272253092,0.00010564068189856672
12,0.7,307,0.02071783663734859,0.00011346663272706282,0.00011218147044952591,0.00011346663272706282
12,0.7,308,0.020663420996783085,0.00011265612332216674,0.00010632116643643083,0.00011265612332216674
12,0.7,309,0.02070880049089206,0.00011112131821193355,9.482873941799142e-05,0.00011112131821193355
12,0.7,310,0.020779150440508425,0.00013394222115736086,0.00013394222115736086,0.0001151282751195566
12,0.7,311,0.020763912454959555,0.00011379741347063296,0.00010318330662222282,0.00011379741347063296
12,0.7,312,0.020809464619529528,0.00011393280677878135,0.00010390009500621976,0.00011393280677878135
12,0.7,313,0.02059474401675358,0.00011353984379427698,0.00010194073960752174,0.00011353984379427698
12,0.7,314,0.02051875936788,0.00012836214911480595,0.00012836214911480593,0.0001088467390123201
12,0.7,315,0.02057297296453659,0.00011647813454878488,0.00010609852240598865,0.00011647813454878488
12,0.7,316,0.020615690806385954,0.00010825518323723037,0.00010120544503975772,0.00010825518323723037
12,0.7,317,0.02058348369277221,0.0001114858938583182,0.00010878025072531674,0.0001114858938583182
12,0.7,318,0.020654789063065986,0.00012764525952310568,0.0001276452595231057,0.00011684113645241741
12,0.7,319,0.020672206784193955,0.0001317535879368197,0.0001317535879368197,0.00011772451108454448
12,0.7,320,0.020769926243464597,0.00011916651908953542,9.884830945428228e-05,0.00011916651908953542
12,0.7,321,0.020717779577838012,0.00011514171995363454,0.00011026305911106223,0.00011514171995363454
12,0.7,322,0.020607779828062587,0.00011326847030011901,0.00010785339178763757,0.00011326847030011901
12,0.7,323,0.020687988434822724,0.00011842278983949676,0.00011842278983949674,0.00011544459854548744
12,0.7,324,0.020806671352890597,0.00011619228876896992,0.00011405405106136583,0.00011619228876896992
12,0.7,325,0.020570021718727592,0.00011194286532208296,9.707749056107575e-05,0.00011194286532208296
12,0.7,326,0.020563385519453855,0.00011279637198218217,0.00010815566229078307,0.00011279637198218217
12,0.7,327,0.020618981438596983,0.0001124479429532981,0.00011244794295329812,0.00011044037462086712
12,0.7,328,0.02048198777804944,0.00011312482603270956,0.00010659918274359523,0.00011312482603270956
12,0.7,329,0.020552956611116155,0.00012954788532003623,0.0001295478853200362,0.00010762403714685535
12,0.7,330,0.02055272021129374,0.00011385343561554278,0.00010381813013242189,0.00011385343561554278
12,0.7,331,0.02057768008626217,0.00011150904966845119,0.00010379909427953498,0.00011150904966845119
12,0.7,332,0.02059276337439049,0.0001359454766791476,0.00013594547667914757,0.00011175444043073339
12,0.7,333,0.020712068656667856,0.00015311617777826232,0.00015311617777826232,0.00010788538345648796
12,0.7,334,0.020710775128804523,0.00010768578218988664,9.384160423959671e-05,0.00010768578218988664
12,0.7,335,0.020683721217005988,0.00011436756941098738,0.00010501707093308926,0.00011436756941098738
12,0.7,336,0.020793401951857804,0.00011239430179615612,9.987086572649175e-05,0.00011239430179615612
12,0.7,337,0.020870675141710777,0.00011745610013037107,0.00011745610013037106,0.00011713074563773255
12,0.7,338,0.020726666417832527,0.00013229329516405562,0.00013229329516405562,0.00012086293710091565
12,0.7,339,0.02068792711514631,0.00012001100779420192,0.00012001100779420192,0.00011483784857344697
12,0.7,340,0.02059163344997272,0.00010967811290091582,0.00010272948892395055,0.00010967811290091582
12,0.7,341,0.020511089434259784,0.00011595159230968245,5.502304690678874e-05,0.00011595159230968245
12,0.7,342,0.02064403555945127,0.00011491187442402459,0.00010719575335161528,0.00011491187442402459
12,0.7,343,0.020757300546417546,0.00011480275291158128,0.0001045878504589897,0.00011480275291158128
12,0.7,344,0.020713037472885432,0.00010771283035604013,0.00010771283035604011,0.00010624927184031243
12,0.7,345,0.020742525073461957,0.00011131859894071447,0.0001016229353564408,0.00011131859894071447
12,0.7,346,0.020610926034483053,0.00011098279417839041,0.00011089014339704542,0.00011098279417839041
12,0.7,347,0.020451793497448172,0.00010824956674974791,0.00010824956674974791,0.00010702443609291925
12,0.7,348,0.020611909218520786,0.00011065087141612531,0.00010960850721408746,0.00011065087141612531
12,0.7,349,0.02064872419848357,0.00013698395272735117,0.00013698395272735117,0.00011377634857286327
12,0.7,350,0.020616034231709657,0.000129699404157292,0.000129699404157292,0.00010924850194511935
12,0.7,351,0.020416057859359123,0.00011254343200347105,0.00010693758579023016,0.00011254343200347105
12,0.7,352,0.020432495552498584,0.00013537979350770508,0.00013537979350770508,0.0001125722245010738
12,0.7,353,0.02060420732332773,0.00012008980897522704,0.00012008980897522704,0.0001135141676495125
12,0.7,354,0.020735309728098186,0.00011951761431795356,0.00011951761431795355,0.00011412528558401252
12,0.7,355,0.020711722808156547,0.00012771385923526546,0.00012771385923526546,0.00011173302744657081
12,0.7,356,0.020483593882694336,0.00011571738056261754,0.00011513398978865731,0.00011571738056261754
12,0.7,357,0.02050453472059294,0.00011232793831900253,0.00010986654633849428,0.00011232793831900253
12,0.7,358,0.020662259904201126,0.00011791442653463852,0.00011791442653463852,0.00011491164595295025
12,0.7,359,0.020535610800487703,0.00011177419454792224,8.88889013955764e-05,0.00011177419454792224
12,0.7,360,0.02044339672061152,0.00011543045028039824,0.00011543045028039824,0.00011405298106405934
12,0.7,361,0.02057357056700321,0.00011567717511950616,0.00011567717511950616,0.00011330533994141692
12,0.7,362,0.02061630938402406,0.0001179403437777107,8.281709988255025e-05,0.0001179403437777107
12,0.7,363,0.02072213658601037,0.00011770664624296774,9.376914510037613e-05,0.00011770664624296774
12,0.7,364,0.020796835631950786,0.00013403769655098593,0.00013403769655098593,0.00011533018882197334
12,0.7,365,0.02074298373800254,0.00013916634339338288,0.00013916634339338288,0.00011237999707198765
12,0.7,366,0.02063410161323711,0.00012181520450030796,0.00012181520450030798,0.00010757519182890282
12,0.7,367,0.020432813102671362,0.00010806695077217028,0.00010359976956286948,0.00010806695077217028
12,0.7,368,0.02057078022519081,0.00010812082404481242,8.937285061933205e-05,0.00010812082404481242
12,0.7,369,0.020648033702062803,0.00011019366640010303,9.838154145725736e-05,0.00011019366640010303
12,0.7,370,0.020710969873562964,0.0001124187039726108,0.00011110384644505383,0.0001124187039726108
12,0.7,371,0.02070256577557304,0.00011765136240690481,9.59490272962584e-05,0.00011765136240690481
12,0.7,372,0.02063394795594377,0.00011676085301862871,0.00011372441724073034,0.00011676085301862871
12,0.7,373,0.02059336940120894,0.00011334954856186572,0.00010861083867397763,0.00011334954856186572
12,0.7,374,0.02058936009368607,0.00011484512978144681,0.00011484512978144681,0.00011353386531681854
12,0.7,375,0.020505655413470755,0.00011726917806176271,0.00011208898711865692,0.00011726917806176271
12,0.7,376,0.020422639677356032,0.00011443460184274043,9.384583274951779e-05,0.00011443460184274043
12,0.7,377,0.020537556191855707,0.00011223345857362473,8.919931904756376e-05,0.00011223345857362473
12,0.7,378,0.020664734742992154,0.000112102202937118,0.00010302783886757686,0.000112102202937118
12,0.7,379,0.02062278898555251,0.000142939396609005,0.00014293939660900496,0.00011402434387733923
12,0.7,380,0.020745275763816125,0.000128464988049717,0.000128464988049717,0.00011615104046812414
12,0.7,381,0.020588037732394125,0.0001159729155946405,0.00011597291559464052,0.00011182350942532563
12,0.7,382,0.020616698295479786,0.0001235433002335933,0.0001235433002335933,0.00010874796606611112
12,0.7,383,0.020668599433556527,0.0001265205321847251,0.0001265205321847251,0.00011305689644476182
12,0.7,384,0.020746810453019397,0.00011837230922653678,0.00011837230922653676,0.00011379591131733231
12,0.7,385,0.020697591507225898,0.00011464094127978066,0.00010022655991878825,0.00011464094127978066
12,0.7,386,0.020783602077238398,0.00011473521702909462,0.00010050406996590954,0.00011473521702909462
12,0.7,387,0.02063050048536389,0.0001301961266790902,0.0001301961266790902,0.00010984430531937147
12,0.7,388,0.020760578484183882,0.00011383261423742183,0.00011229047010863133,0.00011383261423742183
12,0.7,389,0.02058586249199915,0.00011473510369547147,9.406982480014363e-05,0.00011473510369547147
12,0.7,390,0.02067585788485238,0.00010937710066860754,9.698274499494265e-05,0.00010937710066860754
12,0.7,391,0.020720495046014368,0.00011097783535060586,9.19620548412293e-05,0.00011097783535060586
12,0.7,392,0.02075076075117828,0.00011251171734184095,9.094758834597221e-05,0.00011251171734184095
12,0.7,393,0.020834814060509042,0.00011593844504467765,6.25182912877702e-05,0.00011593844504467765
12,0.7,394,0.020697005064351553,0.00011787566505507028,0.0001097359279922484,0.00011787566505507028
12,0.7,395,0.020781198899517465,0.00011698146021600158,9.032134683342082e-05,0.00011698146021600158
12,0.7,396,0.020722023840403243,0.0001296342696210326,0.0001296342696210326,0.00011602513843202505
12,0.7,397,0.02071673082004808,0.00011921019595125371,0.00011921019595125371,0.00011803055341802357
12,0.7,398,0.020569984050504565,0.00011393570180237923,9.641642697343832e-05,0.00011393570180237923
12,0.7,399,0.020571637153351478,0.00014204895098906143,0.00014204895098906143,0.0001143593343435947
12,0.7,400,0.02045274477840309,0.00012014965206704274,0.00012014965206704274,0.00011328406303893754
12,0.7,401,0.02045486878056723,0.00010840011687997353,0.00010840011687997353,0.00010820753651445346
12,0.7,402,0.0204902043399703,0.00011593437742324816,0.00011593437742324816,0.00011475439598435003
12,0.7,403,0.020578260968530545,0.00014555876323516214,0.00014555876323516214,0.0001163232065765572
12,0.7,404,0.020556784691083862,0.000128477414912921,0.00012847741491292102,0.00011065294950363399
12,0.7,405,0.020633606996783314,0.00012700985034756914,0.00012700985034756914,0.00011384936236769862
12,0.7,406,0.020814127042072736,0.00011831866691161087,9.133367894022128e-05,0.00011831866691161087
12,0.7,407,0.020881315870119918,0.00013233930615740708,0.00013233930615740708,0.00010977205260539753
12,0.7,408,0.02079188158194026,0.00011322914852803504,0.00011322914852803504,0.00011264249796572184
12,0.7,409,0.02068597282653982,0.00011200859420499707,0.00010324196716014258,0.00011200859420499707
12,0.7,410,0.0207303639169234,0.0001326742610298297,0.00013267426102982972,0.00011361477168878355
12,0.7,411,0.02076441935064195,0.0001145122258591501,0.00010865565279026173,0.0001145122258591501
12,0.7,412,0.020560157779797694,0.00012736195200635191,0.00012736195200635191,0.00011514663794581485
12,0.7,413,0.02053454871379822,0.0001234794806476094,0.0001234794806476094,0.000114989669140571
12,0.7,414,0.020622134106884585,0.0001308293489752069,0.0001308293489752069,0.00011085516593625422
12,0.7,415,0.020684440700682486,0.00015047708163514002,0.00015047708163514002,0.00010871382501419285
12,0.7,416,0.020676270216235595,0.00012988039202707624,0.00012988039202707624,0.00011165315669111254
12,0.7,417,0.020641465647075027,0.0001331873240023552,0.0001331873240023552,0.00011892363169909727
12,0.7,418,0.020481681179148795,0.00012267882951696218,0.00012267882951696218,0.00011480472270794052
12,0.7,419,0.02044591128486457,0.00011388168929573748,0.00010756223776873776,0.00011388168929573748
12,0.7,420,0.02044350518488339,0.0001161140584936838,8.083824618001135e-05,0.0001161140584936838
12,0.7,421,0.02042073322973662,0.00011288556972633505,9.87516651598578e-05,0.00011288556972633505
12,0.7,422,0.02074570335059091,0.00011720080116462911,9.634904750182219e-05,0.00011720080116462911
12,0.7,423,0.020511783292961303,0.00012724334546300797,0.00012724334546300797,0.00011251220842111402
12,0.7,424,0.020512893678602696,0.00010973482623238353,9.845515545746982e-05,0.00010973482623238353
12,0.7,425,0.02048150497235983,0.00011114765670950017,9.484234434189137e-05,0.00011114765670950017
12,0.7,426,0.020560162793732444,0.00010609114321295481,8.920696566636497e-05,0.00010609114321295481
12,0.7,427,0.020540846353922292,0.00010816358927117535,9.644436307231924e-05,0.00010816358927117535
12,0.7,428,0.020676606439958924,0.00012316500738780928,0.00012316500738780928,0.0001090148151448195
12,0.7,429,0.020799114685440254,0.00014928692038250924,0.00014928692038250924,0.00011366087702544284
12,0.7,430,0.020721756618279987,0.00011664219339840775,0.00010716439806276388,0.00011664219339840775
12,0.7,431,0.020643103509801176,0.00011543911223314687,0.00010087824379650281,0.00011543911223314687
12,0.7,432,0.02066955667515641,0.00011395459604663294,9.562802744459903e-05,0.00011395459604663294
12,0.7,433,0.020649233583959776,0.00011455640705340635,9.861585204598169e-05,0.00011455640705340635
12,0.7,434,0.020672891876551136,0.00011313947181469894,0.00010655774162142245,0.00011313947181469894
12,0.7,435,0.020717646029993785,0.00012855397348926096,0.00012855397348926096,0.00011673003842890699
12,0.7,436,0.02067065188191925,0.00012367278902614058,0.00012367278902614058,0.00011656152529998825
12,0.7,437,0.020724859698947686,0.00011674184481273004,9.854314809909997e-05,0.00011674184481273004
12,0.7,438,0.02084603618685211,0.0001201663381570124,0.00012016633815701242,0.00011113243940796622
12,0.7,439,0.02057155393859453,0.0001191122207545807,0.00011911222075458069,0.00011051837612995252
12,0.7,440,0.020404744369550178,0.00012239223327781203,0.00012239223327781203,0.00010822377529518525
12,0.7,441,0.020563544000253446,0.00012100009854679746,0.00012100009854679745,0.00011116733761781129
12,0.7,442,0.020579808600685114,0.00011363313977449124,8.812163705885323e-05,0.00011363313977449124
12,0.7,443,0.020403476187865175,0.00012116815866150848,0.00012116815866150847,0.00010976446771556786
12,0.7,444,0.020523306603118456,0.00012670969677403872,0.00012670969677403874,0.00010918944592881995
12,0.7,445,0.020540251395178455,0.00011452220446477493,0.00011452220446477492,0.00010663790656089514
12,0.7,446,0.020596091139466678,0.00011109351968004944,9.516939566237172e-05,0.00011109351968004944
12,0.7,447,0.020606073853671657,0.0001114229942783254,0.000105944048290945,0.0001114229942783254
12,0.7,448,0.020618967604777164,0.00012664789458536422,0.00012664789458536422,0.00011016473300416633
12,0.7,449,0.020651531897833583,0.00011074561973761193,0.00010900746973377909,0.00011074561973761193
12,0.7,450,0.02051491333689427,0.00010831901843703146,9.409127584077832e-05,0.00010831901843703146
12,0.7,451,0.020569839805465277,0.00011921764757585405,0.00011921764757585405,0.00010871079299990831
12,0.7,452,0.020736126073476302,0.00014521205282802692,0.00014521205282802692,0.00011272265655631077
12,0.7,453,0.020494615286365807,0.00011378422301933102,0.00010339056222133065,0.00011378422301933102
12,0.7,454,0.020502587955660734,0.00010953771259728246,9.29458832304418e-05,0.00010953771259728246
12,0.7,455,0.02057927899120064,0.00011748995008056535,0.00011717795133656567,0.00011748995008056535
12,0.7,456,0.020496457077438822,0.00010878997971194123,0.00010243913138254124,0.00010878997971194123
12,0.7,457,0.020578995212156847,0.00011012349312828249,9.896525404594049e-05,0.00011012349312828249
12,0.7,458,0.020665673963064624,0.0001125226226731547,0.00010012641240541052,0.0001125226226731547
12,0.7,459,0.020750003211129978,0.00011455592847838926,0.00010129675221236237,0.00011455592847838926
12,0.7,460,0.020934992842751462,0.00011987130948795224,0.00010061506614362217,0.00011987130948795224
12,0.7,461,0.020684265213292863,0.00012031300745466788,9.189307076383436e-05,0.00012031300745466788
12,0.7,462,0.020809087818135015,0.00011555442451211507,8.081340780530725e-05,0.00011555442451211507
12,0.7,463,0.020891278711172887,0.00011908419494121371,9.89032848016472e-05,0.00011908419494121371
12,0.7,464,0.020629671961424352,0.0001129140237636665,9.846595544750781e-05,0.0001129140237636665
12,0.7,465,0.020495671947622734,0.00011096383824378133,0.00010005736091125641,0.00011096383824378133
12,0.7,466,0.020605982645927712,0.00011486761413324325,8.011325834832517e-05,0.00011486761413324325
12,0.7,467,0.020591381648339,0.00011451439014677046,9.414740087490534e-05,0.00011451439014677046
12,0.7,468,0.020499516268262533,0.00011214731793100864,9.825022657150781e-05,0.00011214731793100864
12,0.7,469,0.0206428779806986,0.00011744831830194175,0.00011744831830194173,0.00011441962929499531
12,0.7,470,0.020602863352095165,0.0001155447773991565,0.00011390414885625896,0.0001155447773991565
12,0.7,471,0.02063774538049362,0.00013295616367900922,0.00013295616367900922,0.00011744749254704753
12,0.7,472,0.02070953462976004,0.00012065239786525499,0.000120652397865255,0.00011257231204452815
12,0.7,473,0.020651497741748494,0.00011535682324622626,9.631495928760772e-05,0.00011535682324622626
12,0.7,474,0.020615174307603137,0.00011407591918086679,8.739026434351912e-05,0.00011407591918086679
12,0.7,475,0.02067739544510633,0.00011349396744665285,0.00010801122357982201,0.00011349396744665285
12,0.7,476,0.020818656223935257,0.0001176176035045541,0.0001176176035045541,0.00011045423857954888
12,0.7,477,0.020637115594398514,0.00011118299580134186,9.771253312906688e-05,0.00011118299580134186
12,0.7,478,0.020699264677621388,0.00011623222426638623,0.00010391436163425674,0.00011623222426638623
12,0.7,479,0.020677516715978277,0.00011646871338381992,0.00011646871338381992,0.00010948384051239736
12,0.7,480,0.020785472184258958,0.00011587540028646655,0.00010695472536993894,0.00011587540028646655
12,0.7,481,0.020645735522591767,0.00011152766758279001,0.00010635899947029498,0.00011152766758279001
12,0.7,482,0.02054393806315985,0.0001114840552714498,8.903899452894608e-05,0.0001114840552714498
12,0.7,483,0.02067582616608856,0.00011384193534330052,9.086700009437401e-05,0.00011384193534330052
12,0.7,484,0.02061899170296344,0.00011338899288825568,0.0001034864212319844,0.00011338899288825568
12,0.7,485,0.020650830587976877,0.00011748476577039142,0.00011748476577039144,0.00011159650541346533
12,0.7,486,0.020524006889993826,0.00011843484881781256,0.00011843484881781257,0.00011329342087389644
12,0.7,487,0.020650200321360782,0.00012322048856030897,0.00012322048856030897,0.00011607340695342836
12,0.7,488,0.020801102841062447,0.00011358539068401086,0.00010474378651335631,0.00011358539068401086
12,0.7,489,0.02071920532670566,0.00011563281227325723,0.00011563281227325722,0.0001136942466452472
12,0.7,490,0.020694429421526973,0.00011186572594192865,0.00011186572594192865,0.00010922219072414311
12,0.7,491,0.020545688130289612,0.00011832766532478713,0.00011832766532478712,0.00011092998018572528
12,0.7,492,0.02043725275841091,0.0001114948909167035,0.0001114948909167035,0.00010847774176863363
12,0.7,493,0.020501957159249438,0.0001100627773074325,0.00010387039445224449,0.0001100627773074325
12,0.7,494,0.020682800878178687,0.00011173851667967408,9.92443169428003e-05,0.00011173851667967408
12,0.7,495,0.020449441180006595,0.00012029367908768266,0.00012029367908768266,0.00011050810079613357
12,0.7,496,0.020543514535523166,0.00012482147433822772,0.00012482147433822772,0.00011155670074897272
12,0.7,497,0.02075216547491324,0.00012443857472584514,0.00012443857472584517,0.0001164948795069531
12,0.7,498,0.020626401641957136,0.00011898333832628032,0.00011898333832628032,0.00011549649574160241
12,0.7,499,0.020737231643879465,0.00012330850540674297,0.00012330850540674297,0.0001140332988636264
12,0.7,500,0.020851949855499312,0.0001179609240292472,0.00010776395649260839,0.0001179609240292472
12,0.9,0,0.0826252919925642,0.0003035516393133352,0.0003035516393133352,0.00024103307958189344
12,0.9,1,0.050923767013311166,0.00026168200058642274,0.0002616820005864228,0.0002472274146292879
12,0.9,2,0.036551402281631014,0.0002380097183837335,0.0002380097183837335,0.00020263455696209386
12,0.9,3,0.02927665283960196,0.00018212934156726723,0.00018212934156726723,0.0001820276341443203
12,0.9,4,0.025502054573795,0.00015397634143016087,0.00015397634143016084,0.00015309891572184447
12,0.9,5,0.02337447433161397,0.00014657929566405087,0.00014657929566405084,0.00013806363746772174
12,0.9,6,0.022067949124987565,0.00012243736796854876,0.0001066975926252223,0.00012243736796854876
12,0.9,7,0.021533726889699473,0.00012171889720420201,0.00011208852083238502,0.00012171889720420201
12,0.9,8,0.021181277705139008,0.00012312465055311096,9.976937779517615e-05,0.00012312465055311096
12,0.9,9,0.02096459688400174,0.00012063664993168866,9.545836672931297e-05,0.00012063664993168866
12,0.9,10,0.020777540872523773,0.00011969092363283478,0.00011969092363283478,0.0001143558497949754
12,0.9,11,0.02074771320496929,0.0001370618107595492,0.0001370618107595492,0.00011034265112728715
12,0.9,12,0.020765181946521404,0.00012586937530222663,0.00012586937530222663,0.00011326894313095295
12,0.9,13,0.020728994359108018,0.00010851572931885759,0.00010851572931885759,0.00010695250414292387
12,0.9,14,0.020658317692247255,0.00011704116173357279,0.00011704116173357278,0.00010659594976899023
12,0.9,15,0.020659095693641934,0.00012172592164117187,0.00012172592164117187,0.00011286799075484411
12,0.9,16,0.020520257994371505,0.0001338297483761573,0.00013382974837615726,0.00011100078737676154
12,0.9,17,0.020504660609953054,0.00012585781754387876,0.00012585781754387876,0.00011243756762056246
12,0.9,18,0.02060483353543817,0.00012258637212185503,0.00012258637212185503,0.00011539832561252744
12,0.9,19,0.020586713877542115,0.00011476478782608527,0.00011476478782608527,0.00011162432530399635
12,0.9,20,0.020648075570395587,0.00011361271435307486,0.00011177995582664555,0.00011361271435307486
12,0.9,21,0.020700814716504156,0.00011758632096207847,0.00011758632096207848,0.00011262138229807248
12,0.9,22,0.020648203240731886,0.00011552798390976572,0.00011115470308233167,0.00011552798390976572
12,0.9,23,0.020619661429336703,0.00012247781280680722,0.00012247781280680722,0.00011487701461779855
12,0.9,24,0.020466172673044392,0.00015095450982320778,0.00015095450982320778,0.00010980612579080572
12,0.9,25,0.020503211616113418,0.00012521990605121426,0.00012521990605121426,0.00011423337531615743
12,0.9,26,0.02056583172411291,0.00012466343893251968,0.00012466343893251965,0.00011394225529302712
12,0.9,27,0.02053050846166229,0.00011655628196605466,0.00011655628196605466,0.00011135296769973526
12,0.9,28,0.020556119270060562,0.0001119891935948245,9.416880179168685e-05,0.0001119891935948245
12,0.9,29,0.020604730864046492,0.00011942597036944245,9.280113000327875e-05,0.00011942597036944245
12,0.9,30,0.020474709972664387,0.00011481919854108819,0.00010497371766686475,0.00011481919854108819
12,0.9,31,0.020612755173531172,0.00011320472733802482,8.593081799198495e-05,0.00011320472733802482
12,0.9,32,0.020568733736013384,0.00011203042359780055,0.00010175926010883085,0.00011203042359780055
12,0.9,33,0.02054102336333067,0.000109247176751749,8.264549535654512e-05,0.000109247176751749
12,0.9,34,0.020716378294717265,0.00012266461313573823,0.00012266461313573823,0.00011119596827443856
12,0.9,35,0.02063043616604829,0.00011421489133634538,0.00011421489133634536,0.00011007168061305048
12,0.9,36,0.02055783698759172,0.000129846544022359,0.00012984654402235898,0.00011456638327318503
12,0.9,37,0.020609525792297967,0.00015949217509731882,0.00015949217509731882,0.00011373419145543155
12,0.9,38,0.020668458255477855,0.0001352909529812678,0.0001352909529812678,0.00011196093259273998
12,0.9,39,0.020762843107155964,0.00014844234253528783,0.00014844234253528783,0.00011507360869457417
12,0.9,40,0.02066907944136809,0.00016135494418629743,0.00016135494418629743,0.00011862804018771145
12,0.9,41,0.020691235234134082,0.00012073686345819893,0.00011609901396356654,0.00012073686345819893
12,0.9,42,0.020822156909576502,0.00011427800489771924,0.00010930163132039921,0.00011427800489771924
12,0.9,43,0.020804824270644433,0.00011355127842408584,0.00010786537766496556,0.00011355127842408584
12,0.9,44,0.020700039101031867,0.00012924249270551336,0.00012924249270551336,0.00011317447939892165
12,0.9,45,0.020610717709244573,0.00011641159362816639,0.0001127011638375306,0.00011641159362816639
12,0.9,46,0.02055206544270961,0.00011124129724348528,9.834125221937711e-05,0.00011124129724348528
12,0.9,47,0.02065906364755208,0.00013052448794627323,0.00013052448794627323,0.00010971033435161381
12,0.9,48,0.020700660756578004,0.00010841787316892913,9.280933124425288e-05,0.00010841787316892913
12,0.9,49,0.020412177011998333,0.00011188630950000694,0.00010496698845287998,0.00011188630950000694
12,0.9,50,0.020530716678450436,0.00011218702313450138,0.00011186501344751995,0.00011218702313450138
12,0.9,51,0.020616568706794125,0.00011195424132322447,8.857648721091786e-05,0.00011195424132322447
12,0.9,52,0.020653154862963097,0.0001111836195986886,8.340247344293885e-05,0.0001111836195986886
12,0.9,53,0.020627739446800426,0.00011296461968811561,0.00010822077661010965,0.00011296461968811561
12,0.9,54,0.0205658087573455,0.00011374207888902001,0.00010421662382657278,0.00011374207888902001
12,0.9,55,0.020534813014380034,0.0001222273412572579,0.0001222273412572579,0.0001129902301780791
12,0.9,56,0.020487308286926367,0.00010996691317583395,0.00010936229068130841,0.00010996691317583395
12,0.9,57,0.020624957214386796,0.00010872783825245114,0.00010199421567319621,0.00010872783825245114
12,0.9,58,0.020571552864208278,0.00011712615829741819,0.00010893478654097948,0.00011712615829741819
12,0.9,59,0.02061872959978156,0.00012946895547321293,0.00012946895547321293,0.00011375099180886128
12,0.9,60,0.02073793427247472,0.00011261291312198502,0.00010218885628878421,0.00011261291312198502
12,0.9,61,0.020668862467566038,0.00012010734426618895,0.00012010734426618895,0.00011192080868537622
12,0.9,62,0.02066009563029962,0.0001215785154842641,0.00012157851548426409,0.00011480518161527512
12,0.9,63,0.020651854599338975,0.00012064946035943992,0.0001206494603594399,0.00011262709456344693
12,0.9,64,0.020712512736863125,0.00011417590870621142,0.00010968302082952853,0.00011417590870621142
12,0.9,65,0.020646227686440956,0.00011106914114557837,0.00011106914114557837,0.00011064958405564284
12,0.9,66,0.02064162543537444,0.00011147250384693784,0.0001105610799967683,0.00011147250384693784
12,0.9,67,0.020560197780477636,0.00014397188377811802,0.000143971883778118,0.00011401404238330769
12,0.9,68,0.020474388806762327,0.0001304330292087354,0.0001304330292087354,0.00011046219499508597
12,0.9,69,0.02046453287491218,0.00011553008080632178,0.00011553008080632178,0.00011241335269810963
12,0.9,70,0.020515290315817655,0.00012200946176326784,0.00012200946176326784,0.00010877868676006064
12,0.9,71,0.0206625168554069,0.00011256827053863323,0.00010932418747290535,0.00011256827053863323
12,0.9,72,0.02066955752813232,0.00011579923248269432,0.00011579923248269432,0.00011194989316764025
12,0.9,73,0.02075633498972514,0.00011374137053094076,9.865297655352274e-05,0.00011374137053094076
12,0.9,74,0.020813007165250346,0.000113076269846827,0.00010682781175177066,0.000113076269846827
12,0.9,75,0.02072761811655146,0.00010997014895069244,9.883602197356521e-05,0.00010997014895069244
12,0.9,76,0.020736939951131194,0.00013174044748421725,0.00013174044748421725,0.0001134595907695782
12,0.9,77,0.020806224542834043,0.00014914839121813925,0.00014914839121813925,0.00011146888365114006
12,0.9,78,0.020829928738714486,0.0001408395727897284,0.00014083957278972838,0.00011585153939598897
12,0.9,79,0.020846873903216902,0.0001302533700241569,0.0001302533700241569,0.0001123087524713097
12,0.9,80,0.020763640442962514,0.00011762960821163953,0.00011762960821163953,0.00011346204658094478
12,0.9,81,0.020861072284044244,0.00011568493477424915,0.00010808482856791676,0.00011568493477424915
12,0.9,82,0.02062013596295324,0.00011045324001515,0.00010770625030610931,0.00011045324001515
12,0.9,83,0.020631179770378254,0.00011235976587885774,0.00010186727779977546,0.00011235976587885774
12,0.9,84,0.02068067188097477,0.00011359385442628764,0.00010001983285534661,0.00011359385442628764
12,0.9,85,0.020815589264414413,0.00012277428262392402,0.00012277428262392402,0.00011828229370219244
12,0.9,86,0.02076778588990644,0.00011879831066177488,0.00011879831066177488,0.00011612656999662167
12,0.9,87,0.02069529373295596,0.00012323387098104024,0.00012323387098104024,0.00011805389127090393
12,0.9,88,0.020744965941109764,0.0001250210010218794,0.0001250210010218794,0.00011590907107423206
12,0.9,89,0.020742627486234524,0.0001270932874268328,0.0001270932874268328,0.00011754303399546071
12,0.9,90,0.020588102852524652,0.00011891277463233914,0.00011891277463233914,0.0001130097550772464
12,0.9,91,0.020534917098370145,0.00011555817154484637,0.00011555817154484637,0.00011174871403297828
12,0.9,92,0.02058725743110905,0.00011211309888254668,0.00010263907037465176,0.00011211309888254668
12,0.9,93,0.020434343383037554,0.00011260081381701028,0.00010611373557813392,0.00011260081381701028
12,0.9,94,0.02059105062063706,0.00011506163996564985,0.00011446200654166339,0.00011506163996564985
12,0.9,95,0.020712982967736642,0.0001117533030360512,0.00010000727798073346,0.0001117533030360512
12,0.9,96,0.02067042190193858,0.00011095693546812945,0.00010528152370559885,0.00011095693546812945
12,0.9,97,0.02065177313327541,0.0001137318867411089,0.00011373188674110888,0.00011294544614458296
12,0.9,98,0.020579436467132808,0.00011738696243472219,0.0001173869624347222,0.00011505373590389175
12,0.9,99,0.020659235273570643,0.00011573105101514303,9.100394628170342e-05,0.00011573105101514303
12,0.9,100,0.020743294020043965,0.00011655119886702485,0.00010778020043459324,0.00011655119886702485
12,0.9,101,0.020628417044038914,0.0001330864227800217,0.00013308642278002166,0.00011519150715110001
12,0.9,102,0.020654244699095384,0.00011829231325869162,0.00011209609929680853,0.00011829231325869162
12,0.9,103,0.020709025604916012,0.00011795975408773357,0.00011038045934508292,0.00011795975408773357
12,0.9,104,0.0205989510577401,0.00010695252791829805,9.110510039951475e-05,0.00010695252791829805
12,0.9,105,0.020546552281171374,0.00011617231547761259,9.306163906127621e-05,0.00011617231547761259
12,0.9,106,0.020454583168297517,0.00011262006107606614,9.262975630246094e-05,0.00011262006107606614
12,0.9,107,0.0205393305815228,0.0001088238568006693,0.00010458152618528926,0.0001088238568006693
12,0.9,108,0.02058476705359983,0.00011591887057740038,0.00010645106336623594,0.00011591887057740038
12,0.9,109,0.020686480866526892,0.0001260521123832741,0.0001260521123832741,0.00011411531425346551
12,0.9,110,0.020711599712806058,0.00014447594048596298,0.000144475940485963,0.00011308099131117773
12,0.9,111,0.02067715906287239,0.00011980106886096455,0.00011913969254434964,0.00011980106886096455
12,0.9,112,0.020758356467567837,0.00011701034730368141,0.00011701034730368143,0.00011411468506057635
12,0.9,113,0.020689474873783514,0.00011320682024604418,0.0001121444363642126,0.00011320682024604418
12,0.9,114,0.020649506732368077,0.000130303819706581,0.000130303819706581,0.00011373297901502426
12,0.9,115,0.020744906519369243,0.00012749890781712438,0.00012749890781712438,0.00011623539030459969
12,0.9,116,0.020873540204951184,0.00011801496497412976,0.00011801496497412976,0.00011238163036227156
12,0.9,117,0.02072510313447661,0.00011890329166188404,0.00010117017986613226,0.00011890329166188404
12,0.9,118,0.020895221717008326,0.00011794891592348207,0.00011770661089702078,0.00011794891592348207
12,0.9,119,0.020818094819657695,0.00011700833101707097,0.00011700833101707097,0.00011277392401618595
12,0.9,120,0.020678158170792812,0.00011218712170949618,0.00010948134253926115,0.00011218712170949618
12,0.9,121,0.020636101872500548,0.00011077092554524484,0.00010252004914206713,0.00011077092554524484
12,0.9,122,0.020548671898772262,0.00012015801318263036,0.00012015801318263036,0.00010773241465605769
12,0.9,123,0.020351591362331122,0.00012623644249396676,0.00012623644249396676,0.00010633808526612513
12,0.9,124,0.020331050707277285,0.00012879921335597798,0.00012879921335597798,0.00011147671861581765
12,0.9,125,0.020362086682649366,0.00012569437928275983,0.00012569437928275983,0.00011386727699861138
12,0.9,126,0.020655102499516,0.00011308230483195587,0.0001123299275247394,0.00011308230483195587
12,0.9,127,0.020738489814786935,0.0001104884436449723,0.0001011890641240123,0.0001104884436449723
12,0.9,128,0.020639078637451676,0.00010883753183345305,8.450034575879881e-05,0.00010883753183345305
12,0.9,129,0.02074363215645419,0.0001110417814774468,0.00010548115775765308,0.0001110417814774468
12,0.9,130,0.020748086892276266,0.00011757584099262341,8.657360943564899e-05,0.00011757584099262341
12,0.9,131,0.02078675717639095,0.00011597785313749823,0.0001088559749999418,0.00011597785313749823
12,0.9,132,0.020566151644590244,0.0001136678781120437,0.0001136678781120437,0.00010808222767715679
12,0.9,133,0.020601852701681366,0.00012307301833383314,0.00012307301833383314,0.000111408344848148
12,0.9,134,0.020552100495840556,0.0001187749753244299,0.00010240521524569676,0.0001187749753244299
12,0.9,135,0.020706453828930108,0.00012419976943202625,0.00012419976943202625,0.00011511552620904331
12,0.9,136,0.020550932248217017,0.0001164397252947702,0.00011643972529477021,0.00011202319802677523
12,0.9,137,0.020611661541257265,0.00013790859303685173,0.00013790859303685173,0.00011143142125645565
12,0.9,138,0.02067957403973753,0.00011350774552794643,9.601612625062327e-05,0.00011350774552794643
12,0.9,139,0.020580198331227206,0.00012791188162270624,0.00012791188162270624,0.0001093548501622012
12,0.9,140,0.020577272043053704,0.00011527012175383859,0.00011527012175383858,0.00011138335878622897
12,0.9,141,0.020527885349260543,0.0001139601077128218,0.0001139601077128218,0.00011134192215430777
12,0.9,142,0.02066626325953243,0.00011537433737064203,0.00010231340004394738,0.00011537433737064203
12,0.9,143,0.02057507143658347,0.00011461839976974126,0.00011461839976974126,0.0001111978321588596
12,0.9,144,0.020658633069434662,0.00011896031642457785,0.00011896031642457784,0.00011602395754190565
12,0.9,145,0.020504176824873054,0.00012118989864779547,0.00012118989864779548,0.0001172706622954069
12,0.9,146,0.02060041186926686,0.00011904732039504734,0.00011439071633634852,0.00011904732039504734
12,0.9,147,0.020572665740959294,0.00011292615533918354,0.00011013772821328696,0.00011292615533918354
12,0.9,148,0.020553632405065785,0.0001128132944923391,8.742365580308623e-05,0.0001128132944923391
12,0.9,149,0.020583377652488473,0.00011328921677499432,0.00010024121457065525,0.00011328921677499432
12,0.9,150,0.02051341440744108,0.00011951758248123339,0.00011951758248123337,0.00011436626848838946
12,0.9,151,0.02054934671040798,0.0001596199199343816,0.0001596199199343816,0.00011590296818326979
12,0.9,152,0.020424829440404135,0.0001305485878946639,0.0001305485878946639,0.00011746899568492842
12,0.9,153,0.020491894968907527,0.00011699499382732927,9.926434402501792e-05,0.00011699499382732927
12,0.9,154,0.02073481043152787,0.00012033351065652258,0.00012033351065652258,0.0001176335524232954
12,0.9,155,0.02063432052278905,0.00011559037714170024,9.193351650996514e-05,0.00011559037714170024
12,0.9,156,0.020621447290631235,0.000114062490575297,0.00011406249057529701,0.00011339307482635833
12,0.9,157,0.020528162507767938,0.00011241928823450527,0.0001061023320764032,0.00011241928823450527
12,0.9,158,0.020478715157490394,0.00014800622984846747,0.0001480062298484675,0.00011216293387151849
12,0.9,159,0.02054873752136805,0.0001176049566787342,0.00011324415790395345,0.0001176049566787342
12,0.9,160,0.020582932292238048,0.00012061994186505203,0.00012061994186505203,0.00011753015859127714
12,0.9,161,0.020630100902435954,0.00011514751524501901,0.00010305677791483354,0.00011514751524501901
12,0.9,162,0.02049745964888876,0.00011278945999384483,0.00010924791282535807,0.00011278945999384483
12,0.9,163,0.020678891416321843,0.00011660208190492472,0.0001007718663080016,0.00011660208190492472
12,0.9,164,0.020612089002009566,0.00012467771586022132,0.00012467771586022135,0.00011135693350412874
12,0.9,165,0.02063822488663497,0.00011572024396110369,0.00010195410450072763,0.00011572024396110369
12,0.9,166,0.020670858992881572,0.00011789652920038341,0.00010091375149358939,0.00011789652920038341
12,0.9,167,0.020655228956502642,0.0001337089040952489,0.0001337089040952489,0.00011648090019678663
12,0.9,168,0.020723445863889488,0.0001179066253571113,0.00010382867742751222,0.0001179066253571113
12,0.9,169,0.020769054128574622,0.0001159916230549374,0.00010807081875497021,0.0001159916230549374
12,0.9,170,0.02068876183657877,0.00011455388123042903,0.00010263268949009124,0.00011455388123042903
12,0.9,171,0.020631289070437053,0.00011639511767507591,7.932451627638047e-05,0.00011639511767507591
12,0.9,172,0.020638471149301615,0.00011185115088749381,0.00011143741921873969,0.00011185115088749381
12,0.9,173,0.02055624132873589,0.00012241273321602296,0.000122412733216023,0.00011543751824452259
12,0.9,174,0.020550091152312728,0.0001231324102957866,0.0001231324102957866,0.00011320352146135487
12,0.9,175,0.020579161788912427,0.00011175749059184604,9.847058132642116e-05,0.00011175749059184604
12,0.9,176,0.02060980789899971,0.00011000213958078535,0.000106390820717886,0.00011000213958078535
12,0.9,177,0.020507640334742387,0.00011100584373239379,0.00010315048956466467,0.00011100584373239379
12,0.9,178,0.02064416132158777,0.00014093925832227376,0.00014093925832227376,0.00011712112224845427
12,0.9,179,0.020606797142442415,0.0001159244254018863,0.0001159244254018863,0.00011357761421372994
12,0.9,180,0.020555855364854755,0.00013907606266333374,0.00013907606266333374,0.00010858095301496228
12,0.9,181,0.02062305673856512,0.00012486892012597906,0.00012486892012597908,0.00010956261419826043
12,0.9,182,0.020660283641477886,0.0001138930850452735,0.0001069375826428706,0.0001138930850452735
12,0.9,183,0.02066734188911939,0.00011023502193830233,0.00011023502193830233,0.00011017196001375835
12,0.9,184,0.020750256466842688,0.0001127268311172465,9.734951389991557e-05,0.0001127268311172465
12,0.9,185,0.02057746490353345,0.00011243298814073839,9.569990327667178e-05,0.00011243298814073839
12,0.9,186,0.02070825274443109,0.00011814223022905363,0.00010271273064904561,0.00011814223022905363
12,0.9,187,0.02075596785266733,0.00011790546966555278,9.915592448478745e-05,0.00011790546966555278
12,0.9,188,0.020592928264359836,0.00011379810753586534,0.00011121627271361117,0.00011379810753586534
12,0.9,189,0.020473539521412835,0.00011175418614358157,0.00010931818606675078,0.00011175418614358157
12,0.9,190,0.020444871921976648,0.00010870671935425394,9.634141687619878e-05,0.00010870671935425394
12,0.9,191,0.02054982923035867,0.0001328889377297893,0.0001328889377297893,0.00010779709243567919
12,0.9,192,0.02064175502165422,0.00010866481601129929,0.00010067851097018523,0.00010866481601129929
12,0.9,193,0.020662453510960098,0.00011618757306293407,0.00011345223911878637,0.00011618757306293407
12,0.9,194,0.020624496987500317,0.00010949719994399493,9.100076235562702e-05,0.00010949719994399493
12,0.9,195,0.020682168624257168,0.00010870395293375777,9.994600667981956e-05,0.00010870395293375777
12,0.9,196,0.020650062119297548,0.0001275169610776533,0.0001275169610776533,0.00011435473649435199
12,0.9,197,0.020455711632254035,0.00011663846222501045,0.00011663846222501045,0.00011349744287334846
12,0.9,198,0.020494612751034903,0.00011097494425782915,0.00010193455547652014,0.00011097494425782915
12,0.9,199,0.02036374409143146,0.00011140683743413014,0.00010701296838176948,0.00011140683743413014
12,0.9,200,0.020486017334296613,0.00011143287281905863,8.782541293021965e-05,0.00011143287281905863
12,0.9,201,0.020624091031727177,0.00010972936910311638,0.00010120767195243365,0.00010972936910311638
12,0.9,202,0.02065272976918071,0.00011336971191014365,9.642474510623315e-05,0.00011336971191014365
12,0.9,203,0.02076704169447898,0.00011237331209122564,0.00010760117155697964,0.00011237331209122564
12,0.9,204,0.020629218582259877,0.00013347340141646184,0.00013347340141646184,0.00011210624725786585
12,0.9,205,0.020552076224723628,0.00011094139399588048,0.00010934534679884864,0.00011094139399588048
12,0.9,206,0.020416373651414674,0.00012426969271747977,0.00012426969271747977,0.0001113203288078284
12,0.9,207,0.020417921212022995,0.00012252163010819089,0.00012252163010819086,0.00011377375212696205
12,0.9,208,0.020479750413955066,0.00012523278326317795,0.00012523278326317797,0.00011152539008941665
12,0.9,209,0.020752007648245807,0.00011506304545890303,8.75060390941759e-05,0.00011506304545890303
12,0.9,210,0.02057156057333012,0.00012059578069157322,0.00012059578069157322,0.00011350274297343357
12,0.9,211,0.020496216581387186,0.00012522140776751624,0.00012522140776751624,0.00011380729812338626
12,0.9,212,0.02049194336858475,0.00012266142543704842,0.00012266142543704842,0.0001122821350803676
12,0.9,213,0.020299145223563752,0.00011599553309877601,0.00011244969879946094,0.00011599553309877601
12,0.9,214,0.020481856416903425,0.00011335204136272436,0.00010923996244233846,0.00011335204136272436
12,0.9,215,0.020456509066219312,0.00011185687796487494,0.00010693201612546305,0.00011185687796487494
12,0.9,216,0.020621321117832377,0.00011187549401739094,9.43376026708655e-05,0.00011187549401739094
12,0.9,217,0.020862415571412166,0.0001142570246650889,0.00010596453130500678,0.0001142570246650889
12,0.9,218,0.020835240178553545,0.00011440719704472974,0.00010831245538668422,0.00011440719704472974
12,0.9,219,0.020689753929677663,0.00011473988742404161,0.00011179785386541975,0.00011473988742404161
12,0.9,220,0.020624601004924456,0.0001301833033462165,0.0001301833033462165,0.00011534195952175054
12,0.9,221,0.0205661911194606,0.0001297465596774895,0.0001297465596774895,0.00011388739507674721
12,0.9,222,0.020624810427572155,0.00011308696977340673,0.00010598737778161847,0.00011308696977340673
12,0.9,223,0.020505991306254433,0.000113033897934862,0.00011119328898517024,0.000113033897934862
12,0.9,224,0.02047496817175693,0.0001432699972784853,0.00014326999727848528,0.00011288282192869075
12,0.9,225,0.020417280399606715,0.00011140418466549009,0.00010157601120661824,0.00011140418466549009
12,0.9,226,0.02049293354743201,0.0001123047352784757,0.00010874398543916534,0.0001123047352784757
12,0.9,227,0.020702969728951283,0.00011742073233228619,0.00011742073233228617,0.00011680632180332427
12,0.9,228,0.020640553164596766,0.00011306655110033813,0.00011258072477162871,0.00011306655110033813
12,0.9,229,0.02045451635654165,0.00011623019709923643,0.00011623019709923642,0.00011268544145869937
12,0.9,230,0.020541711545612837,0.0001297649462074852,0.0001297649462074852,0.00011065895263241547
12,0.9,231,0.020625307600556538,0.00011687243639756477,0.00011687243639756477,0.00011555291672879282
12,0.9,232,0.02056496631703963,0.00011510852410033683,0.00011510852410033684,0.00011418027288778048
12,0.9,233,0.02062973943073263,0.00011530166885892183,8.474049471152147e-05,0.00011530166885892183
12,0.9,234,0.020714563759631977,0.00012026830337641186,0.00012026830337641186,0.00011270262915031451
12,0.9,235,0.02077526550983582,0.00012330008620176482,0.0001233000862017648,0.00011300715289271163
12,0.9,236,0.020628309474804814,0.00011289941774423465,0.00010986093296575928,0.00011289941774423465
12,0.9,237,0.020701247262509305,0.00012134999696870218,0.0001213499969687022,0.00011447155942799862
12,0.9,238,0.020543557726715685,0.00011511033438805345,0.00011511033438805345,0.00011333574967208843
12,0.9,239,0.020575879875179056,0.00011998998121549195,0.00011998998121549195,0.0001111195169279532
12,0.9,240,0.020518712600350306,0.00012607591172328914,0.0001260759117232891,0.00011270674960878166
12,0.9,241,0.02048433115092212,0.00011331819003162003,0.00011331819003162001,0.0001112786023130964
12,0.9,242,0.020536499715209895,0.00011868720676794318,0.00011868720676794318,0.00011360946371613316
12,0.9,243,0.020419398100963167,0.00012121865747332904,0.00012121865747332903,0.0001075655534752678
12,0.9,244,0.020262424555967908,0.0001087800287753237,8.54690565598529e-05,0.0001087800287753237
12,0.9,245,0.02038191392374939,0.00012123768593228224,0.00012123768593228224,0.00011892409806204343
12,0.9,246,0.020589109698814032,0.00011496968539252228,0.00011107444621738523,0.00011496968539252228
12,0.9,247,0.020574817476224614,0.00011459514616671516,9.873425634885422e-05,0.00011459514616671516
12,0.9,248,0.02076767587438518,0.00011444582644628072,0.00011076118129056286,0.00011444582644628072
12,0.9,249,0.020800434027886807,0.00013248261567848406,0.0001324826156784841,0.00011536391397812577
12,0.9,250,0.020835041072649527,0.00012436916272186508,0.00012436916272186508,0.00011584367086812037
12,0.9,251,0.020758726127046084,0.00013059770828073542,0.00013059770828073542,0.00011246859194002046
12,0.9,252,0.020806205990131707,0.00012142286843507172,0.00012142286843507172,0.00011854970751825214
12,0.9,253,0.020547985335869434,0.00011959825324047478,9.84379067783277e-05,0.00011959825324047478
12,0.9,254,0.02064784587982994,0.00014030840247980392,0.00014030840247980392,0.00011472490364435568
12,0.9,255,0.02065838469300351,0.00010959610388246513,0.00010742230179928037,0.00010959610388246513
12,0.9,256,0.0206606741747896,0.00011102708671567745,0.00011102708671567745,0.00010768073397819627
12,0.9,257,0.02061149696866568,0.00011501972397170692,0.00010762550259845194,0.00011501972397170692
12,0.9,258,0.020552189875706152,0.00011662041425441798,0.00011662041425441798,0.00011235947746734058
12,0.9,259,0.020408016291818046,0.00011196778653578575,0.00010326773790577121,0.00011196778653578575
12,0.9,260,0.020633070353533227,0.00011239253110626624,0.00011239253110626624,0.00011013504809193048
12,0.9,261,0.020715415342034058,0.00011917786874435658,0.00011917786874435658,0.00011111322903409352
12,0.9,262,0.02061530591843707,0.00014195345371015525,0.00014195345371015525,0.00011067054633205121
12,0.9,263,0.020573362564890885,0.00011390614869853946,0.00010567887576903353,0.00011390614869853946
12,0.9,264,0.020520399065301686,0.00012435093155162185,0.00012435093155162185,0.00011014619102698968
12,0.9,265,0.020464083811534122,0.00011506779937952639,8.900526658826719e-05,0.00011506779937952639
12,0.9,266,0.020476951696239,0.00011122147906047227,0.00011083791118497613,0.00011122147906047227
12,0.9,267,0.02066484150157089,0.00011144091772077768,0.00011144091772077767,0.00011069908300719504
12,0.9,268,0.020676539092633048,0.00012468949424559284,0.00012468949424559284,0.00011256523914267214
12,0.9,269,0.020598073484915973,0.00012881782240769176,0.00012881782240769176,0.00011239932286343926
12,0.9,270,0.020736891956735785,0.0001305287158415144,0.0001305287158415144,0.00011305309542351051
12,0.9,271,0.020777541015867488,0.00011675905478819622,0.00011502194558441804,0.00011675905478819622
12,0.9,272,0.020656306478584043,0.00011329728119447409,0.00010871649951973106,0.00011329728119447409
12,0.9,273,0.020624401006699353,0.00011449669074246475,0.00011449669074246475,0.00011441700410461469
12,0.9,274,0.020564207278453144,0.00011679107993039409,0.00011679107993039409,0.00011480052159682747
12,0.9,275,0.02055095590515601,0.0001331310595432312,0.0001331310595432312,0.00011285836868995064
12,0.9,276,0.02061448050721967,0.00012406898423126782,0.00012406898423126782,0.00010724923434647807
12,0.9,277,0.02063715685358881,0.00012329674090027012,0.00012329674090027012,0.00011523640131698979
12,0.9,278,0.020576355539897475,0.00013333325723000237,0.0001333332572300024,0.00011024992278663017
12,0.9,279,0.02067540934043418,0.00010914742917653012,0.00010459634807165264,0.00010914742917653012
12,0.9,280,0.02060631556745563,0.00011315345218767235,0.0001070053292086128,0.00011315345218767235
12,0.9,281,0.020594982664866517,0.00011248131867583753,9.832038635456076e-05,0.00011248131867583753
12,0.9,282,0.02058878473957727,0.00012028423217400222,0.00012028423217400221,0.00010961065633178157
12,0.9,283,0.020567148416969362,0.00013088858273144286,0.0001308885827314429,0.00011454433794661692
12,0.9,284,0.020617277809655596,0.00012106241389473165,0.00012106241389473165,0.0001185574462331801
12,0.9,285,0.020647121606297444,0.00013348787938812263,0.00013348787938812263,0.00011519395463381338
12,0.9,286,0.02066657627658242,0.00011451038548638381,0.00011451038548638381,0.00011207873855787758
12,0.9,287,0.020613149086783838,0.0001176780524351861,0.0001176780524351861,0.00011076166783119907
12,0.9,288,0.020545139702870727,0.00011315815175473255,0.00010646035227908572,0.00011315815175473255
12,0.9,289,0.02047900760007735,0.00011391202358211756,0.00011391202358211756,0.00011268419609597838
12,0.9,290,0.02050348311217905,0.0001105295951632701,0.00010751201635004635,0.0001105295951632701
12,0.9,291,0.020564358784562625,0.00011357167586652937,0.00011357167586652937,0.00011161257666809023
12,0.9,292,0.02051588518719867,0.00012294384850757944,0.00012294384850757944,0.00011203017170271614
12,0.9,293,0.020722361381492162,0.00011056523706229751,0.00010460258969054235,0.00011056523706229751
12,0.9,294,0.020749440753126066,0.00011352114970234544,0.00010894997484243062,0.00011352114970234544
12,0.9,295,0.020717286989142887,0.0001175894140170379,0.00010652936970760201,0.0001175894140170379
12,0.9,296,0.02077863457010025,0.00011384100803797829,0.00011384100803797829,0.00011264825579971734
12,0.9,297,0.02051319991037658,0.00012485275465083374,0.00012485275465083374,0.00011152859139859957
12,0.9,298,0.020583659139954906,0.00015262716350942195,0.00015262716350942195,0.0001106898867472307
12,0.9,299,0.020683876815346763,0.00014174585804476656,0.00014174585804476656,0.00011153795996980528
12,0.9,300,0.02058396720138018,0.00011691283667408044,0.00010550348184582594,0.00011691283667408044
12,0.9,301,0.020572320196929523,0.00011476067600810527,0.00010926281949355847,0.00011476067600810527
12,0.9,302,0.020528404030225076,0.00013372178349034674,0.00013372178349034674,0.000115890299845488
12,0.9,303,0.020571489684754227,0.00011631230764762784,0.00011631230764762784,0.00011501490250987543
12,0.9,304,0.02050150403778495,0.00011495191978851954,8.411648526017469e-05,0.00011495191978851954
12,0.9,305,0.020641578294183383,0.00011470626382957813,0.00011452319318851171,0.00011470626382957813
12,0.9,306,0.02049614499250148,0.00011727378868709157,0.00011727378868709157,0.00011323902601596995
12,0.9,307,0.020562378918490814,0.000115759219150656,0.000115759219150656,0.000110431984488941
12,0.9,308,0.02051130914330291,0.00011343783991391628,0.00010955585295798335,0.00011343783991391628
12,0.9,309,0.020601416621599478,0.00011109079941301492,9.110793533585644e-05,0.00011109079941301492
12,0.9,310,0.020845074696508432,0.00011226738997421953,0.00011226738997421953,0.00011085830276790957
12,0.9,311,0.02068394686844947,0.00011193889359589057,9.93127822671478e-05,0.00011193889359589057
12,0.9,312,0.020677032853057407,0.00012261449929068662,0.00012261449929068662,0.00011036455256949887
12,0.9,313,0.02054665659285661,0.00012596012929287263,0.00012596012929287263,0.00011325645375699332
12,0.9,314,0.02059710721874149,0.00012067945697812311,0.00012067945697812311,0.00011063086493565934
12,0.9,315,0.020621491777985092,0.00010906265666755935,0.00010535660855255427,0.00010906265666755935
12,0.9,316,0.02063736414477733,0.00011089363534213964,9.989231595406513e-05,0.00011089363534213964
12,0.9,317,0.020470411174643585,0.00011357423141595458,0.00011357423141595458,0.00011014719387351
12,0.9,318,0.02057340983319841,0.00011110466766368942,0.00010991279104053585,0.00011110466766368942
12,0.9,319,0.020559233052234647,0.00011073198377113452,0.00010308887906188268,0.00011073198377113452
12,0.9,320,0.02062860808051738,0.00011991133508058231,0.00011991133508058231,0.00010902936438819204
12,0.9,321,0.020672787087474175,0.00011411030197193566,0.00010042882470554822,0.00011411030197193566
12,0.9,322,0.020721098310930542,0.0001288389070421631,0.00012883890704216307,0.00011542818657913962
12,0.9,323,0.020718834318598965,0.0001507222477654587,0.0001507222477654587,0.00011216487192450918
12,0.9,324,0.02061625185787554,0.00012720559618214307,0.00012720559618214307,0.00010965636880508388
12,0.9,325,0.020752579495318245,0.00011898214794554706,0.00011898214794554706,0.00011252709665342893
12,0.9,326,0.020718182478529946,0.00011403885770508978,0.00011394962564976335,0.00011403885770508978
12,0.9,327,0.0205152335622042,0.0001196722475775108,0.0001196722475775108,0.0001167544897927132
12,0.9,328,0.020578718711672647,0.00011619664429676131,0.00011619664429676131,0.00010814692112290112
12,0.9,329,0.020707158929110434,0.00011281543980501199,0.0001125702409521761,0.00011281543980501199
12,0.9,330,0.020812067538517935,0.00011659077777115474,0.00011659077777115474,0.00011506773814085187
12,0.9,331,0.02063718317314734,0.00011585679780710747,0.00011585679780710748,0.00011054810981118334
12,0.9,332,0.020669774622251256,0.00012686108233949563,0.00012686108233949563,0.00011107071725760843
12,0.9,333,0.020548517038829147,0.0001392350538029657,0.0001392350538029657,0.00011472652917592388
12,0.9,334,0.020829030608869505,0.00011824525261019326,0.00011108260076810869,0.00011824525261019326
12,0.9,335,0.020864940208302978,0.00011261832472564054,8.587971494319313e-05,0.00011261832472564054
12,0.9,336,0.020720515269336624,0.00011395538148624704,0.00011395538148624704,0.0001134295540707645
12,0.9,337,0.020649700203397514,0.00013178476137973112,0.00013178476137973115,0.0001126763652713458
12,0.9,338,0.02061895137012781,0.00012843836642866625,0.00012843836642866625,0.00011049606083404676
12,0.9,339,0.020649494300778972,0.00011583274824595219,0.00011583274824595219,0.00011067983999311081
12,0.9,340,0.020481380110559964,0.0001302479106910914,0.0001302479106910914,0.00011359212875506423
12,0.9,341,0.020617534281189107,0.00012089361000152832,0.00012089361000152832,0.00011136880804397825
12,0.9,342,0.02059913396801569,0.0001224216877776677,0.0001224216877776677,0.00011506146150723683
12,0.9,343,0.020631464381504667,0.00012671745004578082,0.00012671745004578085,0.0001113763070699086
12,0.9,344,0.020658917902284173,0.00011371970552563443,0.00011371970552563442,0.00010903953151821792
12,0.9,345,0.02054398026441823,0.0001243227540013672,0.0001243227540013672,0.00011328682701861329
12,0.9,346,0.020561162227428875,0.00014863000100808925,0.00014863000100808925,0.00011031254522947097
12,0.9,347,0.020571215077485484,0.0001387570924352878,0.0001387570924352878,0.00011004865325808207
12,0.9,348,0.020649905165904536,0.00011643906450273701,0.00011244673386695147,0.00011643906450273701
12,0.9,349,0.020442605610062455,0.00011509544434800557,0.00011201583468037545,0.00011509544434800557
12,0.9,350,0.020472322998505946,0.00012997496573085177,0.00012997496573085177,0.00011371521384399148
12,0.9,351,0.0205687958703718,0.00011500855620909066,0.00010800183966188262,0.00011500855620909066
12,0.9,352,0.02057055542343206,0.00011449086137446939,8.817691600678296e-05,0.00011449086137446939
12,0.9,353,0.02054142412376109,0.00011049980237131235,8.704116165396487e-05,0.00011049980237131235
12,0.9,354,0.02039909935050248,0.00013062908162802864,0.00013062908162802864,0.00010967636950436181
12,0.9,355,0.02061224653410052,0.00010929962059523002,0.00010929962059523002,0.00010921113535909486
12,0.9,356,0.02070751916957969,0.0001185833355655986,0.00011858333556559858,0.00011173462064673806
12,0.9,357,0.020724564879153234,0.00011871171937655954,0.00011871171937655954,0.00011502999670079397
12,0.9,358,0.0207772538078454,0.00011794901760417355,0.00011794901760417355,0.00011119941764458743
12,0.9,359,0.020632824884950315,0.0001234728582975118,0.00012347285829751177,0.00011116385704000012
12,0.9,360,0.0206584173303283,0.0001226277794584322,0.0001226277794584322,0.00011780222179777078
12,0.9,361,0.020702273558174982,0.00011604797174592991,0.00011604797174592991,0.00011472598240119342
12,0.9,362,0.02050318402291794,0.00011982263864721028,0.00011982263864721028,0.00011183022545879969
12,0.9,363,0.020576078505360106,0.00014426852177322607,0.00014426852177322607,0.00011337533513587015
12,0.9,364,0.02063523476168517,0.00011399994653143384,9.88030951741023e-05,0.00011399994653143384
12,0.9,365,0.020659540248442434,0.00011743424626583295,0.00011743424626583295,0.00011147146592735336
12,0.9,366,0.020622373211588083,0.00011124030378723982,0.00011124030378723983,0.00010964892481649295
12,0.9,367,0.020542251333292922,0.00010555199267658907,8.344876885788136e-05,0.00010555199267658907
12,0.9,368,0.02057222787226752,0.00011174561250618119,0.00011043138840985183,0.00011174561250618119
12,0.9,369,0.020517151154797613,0.0001075034408110005,9.344764236292208e-05,0.0001075034408110005
12,0.9,370,0.020624690397238223,0.00011189260302808277,0.00011189260302808277,0.00010952347831553605
12,0.9,371,0.020655161692966627,0.00012988889258684522,0.00012988889258684522,0.00011109232910973888
12,0.9,372,0.020533541342509523,0.00013709991994790047,0.00013709991994790045,0.00010954716275899152
12,0.9,373,0.020508018725242945,0.0001134553385269843,0.00011124400703282855,0.0001134553385269843
12,0.9,374,0.020494356912326973,0.00010995564453970408,0.00010597369400697908,0.00010995564453970408
12,0.9,375,0.02045069846807722,0.00011289450907525932,0.00011083041668263046,0.00011289450907525932
12,0.9,376,0.02033303486043416,0.00011463591868409417,0.00011463591868409417,0.00011057843048239382
12,0.9,377,0.020357960426716174,0.0001136748343941952,9.13161289671143e-05,0.0001136748343941952
12,0.9,378,0.020464668071245442,0.00011544714876716702,0.00010532071972394245,0.00011544714876716702
12,0.9,379,0.020414685476004408,0.0001123958645211176,0.00011239586452111759,0.00011195361643372888
12,0.9,380,0.020355287015013893,0.0001114733186107048,0.00011125079243735508,0.0001114733186107048
12,0.9,381,0.020509985375679253,0.00011248166675332524,0.00011158532544875725,0.00011248166675332524
12,0.9,382,0.020585271791316185,0.00011058559965663813,0.00010565260630101818,0.00011058559965663813
12,0.9,383,0.02066652890366817,0.00012319263584672854,0.00012319263584672854,0.00011552387589167901
12,0.9,384,0.020538411393122333,0.0001225346784089287,0.0001225346784089287,0.00011647654836632822
12,0.9,385,0.020459474826400773,0.00011460825047495069,0.00010264266706422509,0.00011460825047495069
12,0.9,386,0.02036056831866735,0.0001111531162011969,9.709072200095286e-05,0.0001111531162011969
12,0.9,387,0.020357920289245046,0.00011545337056808692,9.701177895243993e-05,0.00011545337056808692
12,0.9,388,0.020554992141702578,0.00011743038091726583,8.930683316555012e-05,0.00011743038091726583
12,0.9,389,0.02056862322057556,0.00011342077183126125,0.00011123156700244176,0.00011342077183126125
12,0.9,390,0.020696939066628943,0.0001144567819798078,0.00011445678197980779,0.0001105026744133661
12,0.9,391,0.020649770891685782,0.00011256816160232784,0.00011256816160232786,0.00011246251227020315
12,0.9,392,0.020674144494494787,0.00012269389116427448,0.00012269389116427445,0.00012112470632082785
12,0.9,393,0.020602768767342895,0.00011502538937590797,0.00011334963770727834,0.00011502538937590797
12,0.9,394,0.020613461616517333,0.00012071656180281193,0.00012071656180281193,0.00010995816402930974
12,0.9,395,0.02035333461777847,0.00012333185667090082,0.00012333185667090082,0.00011252906067078925
12,0.9,396,0.02044739521939883,0.00012126924872269644,0.00012126924872269646,0.00011239514339013684
12,0.9,397,0.020599397579775112,0.00011029972753022948,0.00011029972753022948,0.00010769074139063593
12,0.9,398,0.02061151857401251,0.0001128094548972677,9.01724184034552e-05,0.0001128094548972677
12,0.9,399,0.020527583715283466,0.00011508849474518267,8.491300965923511e-05,0.00011508849474518267
12,0.9,400,0.020565395490838197,0.00011022423150408918,8.956671274961748e-05,0.00011022423150408918
12,0.9,401,0.020563016227686044,0.00010670850847264109,9.129509617670885e-05,0.00010670850847264109
12,0.9,402,0.02083098763963951,0.00011183694531576122,9.618907867635731e-05,0.00011183694531576122
12,0.9,403,0.02074760253766287,0.00012046266318678436,0.00012046266318678436,0.00011052458925790004
12,0.9,404,0.020702367678242475,0.00011909790841999256,0.00011909790841999255,0.00011170682838002338
12,0.9,405,0.020653150668154215,0.0001180112074246375,0.0001180112074246375,0.00011464352447142032
12,0.9,406,0.020621081510419696,0.00011620679674357631,0.00011620679674357631,0.00011159408559650376
12,0.9,407,0.020656179067808825,0.00011386571402561383,0.00011386571402561382,0.000110293191748396
12,0.9,408,0.020606241583165583,0.00011741581952171923,0.00011219558043605505,0.00011741581952171923
12,0.9,409,0.020602982914112045,0.00011772339595445138,0.00011522256474431495,0.00011772339595445138
12,0.9,410,0.020510986523023557,0.00011261560342227377,0.00010241912484870631,0.00011261560342227377
12,0.9,411,0.02056057668660137,0.00011922692529413602,0.00011922692529413602,0.00011158358987995081
12,0.9,412,0.020627532289100557,0.0001244617405004522,0.0001244617405004522,0.00011223723743748617
12,0.9,413,0.020593553585873354,0.00013864067051642183,0.0001386406705164218,0.00011096255641236208
12,0.9,414,0.020686504995888207,0.0001357453471701875,0.0001357453471701875,0.00011308367025877719
12,0.9,415,0.020648634991263414,0.00012175179211531993,0.00012175179211531993,0.00011517256335862809
12,0.9,416,0.020580987091204664,0.000116671847103474,0.00010284072662169009,0.000116671847103474
12,0.9,417,0.02061249599256271,0.00014407445146259992,0.00014407445146259992,0.00010955725556536279
12,0.9,418,0.020577176770353905,0.00011770083465472832,0.00011770083465472832,0.00010358334624986977
12,0.9,419,0.020603738243961698,0.00011303068977825067,8.979672679548722e-05,0.00011303068977825067
12,0.9,420,0.020564092932472678,0.00011164362386467997,0.00011164362386467997,0.00011114803911020734
12,0.9,421,0.020630634496981454,0.00011351229983375577,0.00010697308841560002,0.00011351229983375577
12,0.9,422,0.020668043292092746,0.00011435095063482111,0.00010015439908783784,0.00011435095063482111
12,0.9,423,0.02088035242750687,0.0001266514193202322,0.0001266514193202322,0.00011310152029051644
12,0.9,424,0.02083209543817387,0.00011234560431568794,0.00010446025269124731,0.00011234560431568794
12,0.9,425,0.02081537926540993,0.00011245930888806733,9.234302548790322e-05,0.00011245930888806733
12,0.9,426,0.02083911759327813,0.00011327065124418483,0.0001030595030165585,0.00011327065124418483
12,0.9,427,0.02080427510437121,0.00012039621434228771,0.00012039621434228771,0.00011068105523178309
12,0.9,428,0.02068452346695654,0.000122083603592765,0.00012208360359276498,0.00011044051016671895
12,0.9,429,0.02069399364731566,0.00011231317921986519,7.594284965436413e-05,0.00011231317921986519
12,0.9,430,0.02044955003568002,0.00011290136539810675,0.00010127609989748953,0.00011290136539810675
12,0.9,431,0.020550739575328315,0.00011669636398537164,0.00011669636398537162,0.00011279578583094816
12,0.9,432,0.02052935501585034,0.00011927698074936818,0.00011927698074936817,0.00011671720307072517
12,0.9,433,0.020528684358433587,0.00014288084864744235,0.00014288084864744235,0.00012336794297813138
12,0.9,434,0.02061706612578098,0.00011564418921770655,0.00010521907456130896,0.00011564418921770655
12,0.9,435,0.020395799419533192,0.00013302137316947195,0.00013302137316947195,0.00011107737569607766
12,0.9,436,0.020345258211140266,0.0001530628264403513,0.0001530628264403513,0.00010954645017882912
12,0.9,437,0.020447656208644846,0.0001238652839525261,0.0001238652839525261,0.00011005116787315877
12,0.9,438,0.02062585301890657,0.00012102420048614164,0.00012102420048614164,0.00011109495877620026
12,0.9,439,0.02051286377899076,0.00010969766666872821,0.00010677483836166406,0.00010969766666872821
12,0.9,440,0.020520302844989447,0.00012150622895194845,0.00012150622895194845,0.0001110573133397665
12,0.9,441,0.020382141307550887,0.00011027667189652174,8.850779789910543e-05,0.00011027667189652174
12,0.9,442,0.02051428638761047,0.00011134777441672586,9.032733252420171e-05,0.00011134777441672586
12,0.9,443,0.02040581503260779,0.00011311608777685061,0.00010831853916837565,0.00011311608777685061
12,0.9,444,0.02049896483166128,0.00011618178506249229,0.0001158717285467083,0.00011618178506249229
12,0.9,445,0.02047505836051266,0.00011383277787320471,9.275040038730307e-05,0.00011383277787320471
12,0.9,446,0.020491209851985232,0.00011030885412737961,0.00010099592730313138,0.00011030885412737961
12,0.9,447,0.02047712939669467,0.00011245362637235863,0.00010060992305098014,0.00011245362637235863
12,0.9,448,0.0204806943270688,0.00010905776452119978,9.800397287748516e-05,0.00010905776452119978
12,0.9,449,0.020598609854721468,0.00012591243762079566,0.00012591243762079566,0.00011241324360384263
12,0.9,450,0.02053407314862548,0.00011610806682165519,0.0001018341018503063,0.00011610806682165519
12,0.9,451,0.020490242198413312,0.00011444178628565418,8.888312627979213e-05,0.00011444178628565418
12,0.9,452,0.020677463095331784,0.00011912858259448493,0.00011679724157133452,0.00011912858259448493
12,0.9,453,0.020523321374181277,0.00012597102821882325,0.00012597102821882325,0.00011536276203945285
12,0.9,454,0.020641308552749215,0.00010808785017447578,0.00010420378784461294,0.00010808785017447578
12,0.9,455,0.020779951097073666,0.00011188737030299977,0.00010882814870441136,0.00011188737030299977
12,0.9,456,0.020586162592410577,0.00011323632780676072,8.145594670208425e-05,0.00011323632780676072
12,0.9,457,0.02072284806720741,0.00010843066932199634,9.785497564973586e-05,0.00010843066932199634
12,0.9,458,0.02079825908911892,0.00012289951939160646,0.00012289951939160646,0.000114895594360937
12,0.9,459,0.020831474525545565,0.00012596782695899444,0.00012596782695899441,0.00011781398614601957
12,0.9,460,0.020655898242613862,0.0001242071516230863,0.0001242071516230863,0.00011824073765182003
12,0.9,461,0.020661846110775428,0.00013298114577739854,0.00013298114577739854,0.00010955179767825482
12,0.9,462,0.020629900672748593,0.00013163250639798517,0.00013163250639798517,0.0001094675043324133
12,0.9,463,0.020705350635530726,0.00013223892971687298,0.00013223892971687298,0.00011195276919760467
12,0.9,464,0.020642566822428193,0.00011841480861013195,0.00011841480861013195,0.00010975280999671879
12,0.9,465,0.02054404189457469,0.00011728514144765684,0.00011728514144765684,0.00011121023998613897
12,0.9,466,0.020694763126376924,0.0001118272341958706,9.686203229816205e-05,0.0001118272341958706
12,0.9,467,0.020607979697996645,0.00011400972936034472,9.744374215831817e-05,0.00011400972936034472
12,0.9,468,0.02062847265881497,0.0001105759022296066,8.731848847161417e-05,0.0001105759022296066
12,0.9,469,0.02065394920082298,0.00011078359668031608,0.00010762241140837615,0.00011078359668031608
12,0.9,470,0.020740719164741885,0.00011634191889004572,0.00010011981470231252,0.00011634191889004572
12,0.9,471,0.020643939953515447,0.00011355843641875626,0.00010460140083951647,0.00011355843641875626
12,0.9,472,0.020699655248025983,0.0001128014647854559,8.62799278959324e-05,0.0001128014647854559
12,0.9,473,0.02075341571483731,0.00013801023308017204,0.00013801023308017204,0.00010982247562305051
12,0.9,474,0.020589528900532623,0.00012375484772336918,0.00012375484772336918,0.00011383594045803576
12,0.9,475,0.0206470408465223,0.00011604310412643842,0.00011349934215409365,0.00011604310412643842
12,0.9,476,0.020526980533130422,0.00010819033537038183,8.567889380455694e-05,0.00010819033537038183
12,0.9,477,0.020628351182360064,0.0001096251393104042,0.00010762160571973342,0.0001096251393104042
12,0.9,478,0.02065089152991207,0.00010842534241839349,0.00010132955820109807,0.00010842534241839349
12,0.9,479,0.02077709491994595,0.0001140452972067501,0.00010357916056408597,0.0001140452972067501
12,0.9,480,0.02077650110604994,0.00011971979419181684,0.00011971979419181684,0.0001152551608610755
12,0.9,481,0.020603242161282617,0.00011171055079896986,0.00010962188019264753,0.00011171055079896986
12,0.9,482,0.020638245419539222,0.00012090003751309759,0.00012090003751309759,0.00010774607258612386
12,0.9,483,0.02055284171633915,0.00010981780494282672,0.00010022046004659586,0.00010981780494282672
12,0.9,484,0.02073767890119586,0.00011237786191713437,0.00010733435424969226,0.00011237786191713437
12,0.9,485,0.020896225018569425,0.00011711545341330921,0.0001171154534133092,0.00011451854350271332
12,0.9,486,0.020599160258366864,0.00011432712742815703,9.202439235049051e-05,0.00011432712742815703
12,0.9,487,0.020685824534453386,0.0001169428793228111,0.0001169428793228111,0.00011070422565015458
12,0.9,488,0.020784323257016315,0.00011170604900623058,0.00010131271916722022,0.00011170604900623058
12,0.9,489,0.020585592898419835,0.00011284128745808228,9.238355355362644e-05,0.00011284128745808228
12,0.9,490,0.020578245817915602,0.00011092854272322098,0.00010817223143139158,0.00011092854272322098
12,0.9,491,0.020576583577334606,0.00012165451905152231,0.0001216545190515223,0.00011109995777491365
12,0.9,492,0.020631461599146476,0.00010911036235629813,8.56219793931408e-05,0.00010911036235629813
12,0.9,493,0.020663736279092928,0.00011307797574136371,7.218771422975976e-05,0.00011307797574136371
12,0.9,494,0.020529020949053203,0.00011081624082736038,9.536502104185416e-05,0.00011081624082736038
12,0.9,495,0.020438451252696898,0.00012861823708530844,0.00012861823708530844,0.00011434461619169518
12,0.9,496,0.02053391827242868,0.00011097011797241704,0.00011097011797241704,0.00011033056642155625
12,0.9,497,0.020557906958033938,0.00011810230485666491,0.00011594607996280201,0.00011810230485666491
12,0.9,498,0.020778437120315862,0.00011646697227134263,8.462618777342295e-05,0.00011646697227134263
12,0.9,499,0.020713960158579573,0.00011424255468159327,0.00010943857806230586,0.00011424255468159327
12,0.9,500,0.020701546181717077,0.0001139063850691442,0.00010445394887676747,0.0001139063850691442
12,1.0,0,0.08279623445483063,0.00025560910732172135,0.00019588556391633322,0.00025560910732172135
12,1.0,1,0.05047620146414724,0.00024104418106599409,0.00015080965265908946,0.00024104418106599409
12,1.0,2,0.03614094627611848,0.00020506758708554112,0.00014881908637429586,0.00020506758708554112
12,1.0,3,0.02885713771003273,0.00018184796800248715,0.00018184796800248715,0.0001681383472768021
12,1.0,4,0.02542081654718418,0.00014380143164226245,0.00013923159951192624,0.00014380143164226245
12,1.0,5,0.023204479383867944,0.00015326789561867643,0.00015326789561867643,0.00013280704737719362
12,1.0,6,0.022197930579158934,0.0001536644372841208,0.0001536644372841208,0.0001209253561789059
12,1.0,7,0.02155545125875504,0.00011771455198148522,0.00010356893826008915,0.00011771455198148522
12,1.0,8,0.02118169050632401,0.00011778871247705934,0.00011569715110004667,0.00011778871247705934
12,1.0,9,0.020892072412364918,0.00011405543451599661,0.00011343237888284126,0.00011405543451599661
12,1.0,10,0.020607243804747384,0.00011491834641281576,0.00010452811143471725,0.00011491834641281576
12,1.0,11,0.02061313301457397,0.00011479416932059105,0.00011479416932059105,0.00011180847920980153
12,1.0,12,0.02063566806435481,0.00011303803908739703,0.00010532848533547329,0.00011303803908739703
12,1.0,13,0.020644717337049034,0.0001160066185593114,0.00010124623412573192,0.0001160066185593114
12,1.0,14,0.020667988798267974,0.00011989054275159073,0.00010698619358297846,0.00011989054275159073
12,1.0,15,0.020616605817907016,0.00011301021307073296,0.00011301021307073296,0.00011264282716617961
12,1.0,16,0.020640996614646436,0.00011309775927219056,9.974344942499129e-05,0.00011309775927219056
12,1.0,17,0.0206507462340368,0.0001147739549294837,0.00010997817431468146,0.0001147739549294837
12,1.0,18,0.020544011845001778,0.00012162938816637929,0.00012162938816637929,0.00011741359903298149
12,1.0,19,0.02054871906748069,0.00011785973870391844,0.00010917097635545452,0.00011785973870391844
12,1.0,20,0.020595908971799692,0.00011463515370358639,0.00011463515370358639,0.0001136384762039337
12,1.0,21,0.020620490491813928,0.00011218629031450631,9.066036237958549e-05,0.00011218629031450631
12,1.0,22,0.020604470209120165,0.00011621766748879697,9.386916821375493e-05,0.00011621766748879697
12,1.0,23,0.020662414969515704,0.00011722848907480597,0.00010622331329233596,0.00011722848907480597
12,1.0,24,0.020624300746479703,0.00011502162657344583,9.284674682956252e-05,0.00011502162657344583
12,1.0,25,0.02059011497316601,0.00011745899200678969,0.00011745899200678967,0.00011439424407731201
12,1.0,26,0.02075691004952997,0.00012429862406898218,0.00012429862406898218,0.00011628418995840995
12,1.0,27,0.020640552175678614,0.0001309264030258752,0.0001309264030258752,0.00011274949883772707
12,1.0,28,0.020550705078829053,0.00011423795259392007,0.0001107480135250058,0.00011423795259392007
12,1.0,29,0.02033155953225454,0.00013537545125629592,0.00013537545125629592,0.00011074727778842989
12,1.0,30,0.02063753607107656,0.00013219760343832263,0.00013219760343832263,0.00011558628988639808
12,1.0,31,0.02056735571056654,0.0001143211327223328,8.158172300564405e-05,0.0001143211327223328
12,1.0,32,0.02056436944212731,0.0001353096667097811,0.0001353096667097811,0.00010821749961968696
12,1.0,33,0.020605970794493222,0.00011902275046577266,0.00011902275046577264,0.00011074283400268408
12,1.0,34,0.020712534858548258,0.0001369601339009039,0.00013696013390090386,0.00011451876716498315
12,1.0,35,0.02077833753005551,0.00013435914199495786,0.00013435914199495786,0.00011838274444875573
12,1.0,36,0.020723263058392324,0.00011261189471356974,0.00010567656147554101,0.00011261189471356974
12,1.0,37,0.02054652030224247,0.00011605144959991283,0.00010821307531837692,0.00011605144959991283
12,1.0,38,0.020566718338568428,0.0001146729176233767,0.00011467291762337671,0.0001087371521167383
12,1.0,39,0.020645123762484525,0.00013742547064368997,0.00013742547064368997,0.00011079616063129985
12,1.0,40,0.020691713026540815,0.00013266090880526454,0.00013266090880526454,0.0001121642435270264
12,1.0,41,0.020760640890654374,0.00011162895230701693,9.472876635305566e-05,0.00011162895230701693
12,1.0,42,0.020886817621524424,0.00011105533243682141,9.599036259956986e-05,0.00011105533243682141
12,1.0,43,0.020776236133230243,0.00011438657846064444,9.557240656381411e-05,0.00011438657846064444
12,1.0,44,0.020603562244624844,0.00011457104581939273,9.896517966601904e-05,0.00011457104581939273
12,1.0,45,0.020605362963104078,0.0001142825862332209,0.00010103054294542069,0.0001142825862332209
12,1.0,46,0.020575028102846706,0.00012800420123842222,0.00012800420123842222,0.00011382468410226961
12,1.0,47,0.02050856476253172,0.00012875942941633365,0.00012875942941633365,0.00010950808750378159
12,1.0,48,0.02048544414314377,0.00011674365437400258,0.00011674365437400258,0.00010954812236893564
12,1.0,49,0.020608248278416473,0.00011166763054853737,0.00010409476459414106,0.00011166763054853737
12,1.0,50,0.020500059363401095,0.00011739511199825107,0.00011739511199825107,0.0001102057673046204
12,1.0,51,0.02045497786088921,0.00012067849479588115,0.00012067849479588115,0.00010538561754628933
12,1.0,52,0.020632815424947947,0.00011539236765286044,0.00011539236765286044,0.00010994290898852944
12,1.0,53,0.020766766419639832,0.00013958136237948832,0.00013958136237948832,0.00011402419029462766
12,1.0,54,0.02069230726190014,0.00011178644346606507,0.00011161995255246092,0.00011178644346606507
12,1.0,55,0.02076108847010544,0.00012089641131175915,0.00012089641131175915,0.00011303534666127116
12,1.0,56,0.020683357030566455,0.00012843992553010256,0.00012843992553010256,0.00011239905269495114
12,1.0,57,0.020675906322193363,0.00011745221972689906,0.00011745221972689906,0.00011071683448995315
12,1.0,58,0.020667438721980798,0.00013101636190787172,0.00013101636190787172,0.00011311602428547736
12,1.0,59,0.020556174102114206,0.00011680221839958159,0.00011680221839958159,0.00011624060528682371
12,1.0,60,0.0207190493530423,0.00011604758964535672,0.00010610305466915971,0.00011604758964535672
12,1.0,61,0.02063713938703857,0.00012094769928719265,9.335599850845263e-05,0.00012094769928719265
12,1.0,62,0.02078333224582526,0.00011684128172291838,0.00011684128172291839,0.00011661161822235323
12,1.0,63,0.020922721096818878,0.000117985528352553,0.0001166930050387609,0.000117985528352553
12,1.0,64,0.020897848379841166,0.00011228225763642866,9.425407614025345e-05,0.00011228225763642866
12,1.0,65,0.020842601267448743,0.00011402105361772433,8.94310662319253e-05,0.00011402105361772433
12,1.0,66,0.020699063239844048,0.00012779814881606807,0.0001277981488160681,0.00011407123915871991
12,1.0,67,0.020486953120999588,0.00011587209546783415,0.0001062434990254082,0.00011587209546783415
12,1.0,68,0.020659709578626652,0.0001155242738857145,0.0001155242738857145,0.00011217796097721483
12,1.0,69,0.020606613749005444,0.00011084317912887015,0.00010685113197891082,0.00011084317912887015
12,1.0,70,0.020859566366541012,0.00011070150021300354,0.00011033900825075886,0.00011070150021300354
12,1.0,71,0.020976884840737946,0.00011794017506686068,0.00011794017506686068,0.00010879449191127738
12,1.0,72,0.020826676268614126,0.0001388738756024033,0.0001388738756024033,0.0001144049292051152
12,1.0,73,0.020812077092917342,0.0001248980060535494,0.0001248980060535494,0.00011719477087214651
12,1.0,74,0.020878774467421857,0.00013708741354225942,0.00013708741354225942,0.00011377548722334636
12,1.0,75,0.020690154307948464,0.00012675480457644561,0.00012675480457644564,0.00011386964590884724
12,1.0,76,0.020606312873710207,0.00012505976133630746,0.00012505976133630746,0.00011341733401091904
12,1.0,77,0.02062497814290014,0.00011220509143333187,9.633753579464842e-05,0.00011220509143333187
12,1.0,78,0.020618953886633762,0.00011293092521898657,0.00010980606832608479,0.00011293092521898657
12,1.0,79,0.020611723948825877,0.00010935764550782051,7.931972482662976e-05,0.00010935764550782051
12,1.0,80,0.020620557088651473,0.00010769709617227698,8.491114840763503e-05,0.00010769709617227698
12,1.0,81,0.02055865238660947,0.00014651897810177784,0.00014651897810177784,0.00010705723689645828
12,1.0,82,0.02053781940072453,0.00010926254525833847,0.00010883229510346218,0.00010926254525833847
12,1.0,83,0.020593034516657612,0.00011420071055730146,0.00010007987137344657,0.00011420071055730146
12,1.0,84,0.02061138170210049,0.00011422677033235968,0.00010894191326427249,0.00011422677033235968
12,1.0,85,0.020700924240094905,0.00011451583096619215,0.00011366496013209704,0.00011451583096619215
12,1.0,86,0.02066199614562932,0.00011462156794384939,0.00011262851634921276,0.00011462156794384939
12,1.0,87,0.020598841394351863,0.00011310071170518215,9.933215271428827e-05,0.00011310071170518215
12,1.0,88,0.02033753831252105,0.000111568358581697,0.00010828014157654306,0.000111568358581697
12,1.0,89,0.020320697035051113,0.00011475064822216301,0.0001071187091108842,0.00011475064822216301
12,1.0,90,0.020520404561032657,0.00011559899864499688,0.0001155989986449969,0.00011242146855377451
12,1.0,91,0.020674970869313837,0.00012189098708155633,0.00012189098708155633,0.00011056780319955473
12,1.0,92,0.02071613580606229,0.00012460291396915817,0.00012460291396915817,0.00011168548242989879
12,1.0,93,0.02064393560890622,0.0001087009558321807,0.00010870095583218071,0.00010724211164301242
12,1.0,94,0.02060982058635906,0.00013050821497244256,0.00013050821497244256,0.0001088998934340368
12,1.0,95,0.020725409951962,0.00014371385399390284,0.00014371385399390284,0.0001118180588242375
12,1.0,96,0.020679680195943885,0.00011100929730375465,0.00011100929730375463,0.00011085049501694883
12,1.0,97,0.020732044695118895,0.00011432786350820029,0.0001143278635082003,0.00011426950729530663
12,1.0,98,0.020733155566981135,0.0001162434090773247,9.980244232874078e-05,0.0001162434090773247
12,1.0,99,0.02066419841978218,0.00011832875204285104,0.00011832875204285104,0.00011292929551972455
12,1.0,100,0.02068725617293116,0.00011734141510637854,0.00011734141510637854,0.0001107661926949323
12,1.0,101,0.020658516314913295,0.00011226898941703988,0.00011226898941703989,0.00011034926162543651
12,1.0,102,0.02078145040397852,0.00011465150426722926,0.00011465150426722926,0.0001131712809110827
12,1.0,103,0.020781303888533092,0.00011502189594733543,0.00011316757630517845,0.00011502189594733543
12,1.0,104,0.020640184967056257,0.00011721479583151494,8.909353152989926e-05,0.00011721479583151494
12,1.0,105,0.020550392433386907,0.00012064550624071793,0.00012064550624071793,0.0001137668194700139
12,1.0,106,0.020803819161120358,0.00013277171832012987,0.00013277171832012984,0.0001178170704196648
12,1.0,107,0.02067181861509243,0.00012459748890644422,0.00012459748890644422,0.00011009420324422483
12,1.0,108,0.020630716276249007,0.00011259525584997493,9.73307577468678e-05,0.00011259525584997493
12,1.0,109,0.02063476323587587,0.00011049412747878175,9.428657480037461e-05,0.00011049412747878175
12,1.0,110,0.020538171336133847,0.0001147458641049698,7.990495415758778e-05,0.0001147458641049698
12,1.0,111,0.02059368787784033,0.0001117099499039609,0.00010344960721720836,0.0001117099499039609
12,1.0,112,0.020629052732294966,0.00011699370708795786,9.786827408336343e-05,0.00011699370708795786
12,1.0,113,0.02047123707498106,0.00012418040712739196,0.00012418040712739196,0.00011239323730279141
12,1.0,114,0.020613803421315528,0.00011522074443470892,0.00011522074443470893,0.00011516297824275588
12,1.0,115,0.020561301393778788,0.00011623812634327241,0.00011622347712626805,0.00011623812634327241
12,1.0,116,0.020610451012474718,0.00012726806607064623,0.00012726806607064623,0.00011460707492205746
12,1.0,117,0.020677594204300206,0.00013100448120571755,0.00013100448120571755,0.00011509214888008598
12,1.0,118,0.02060777255082872,0.00011680440898162355,0.00010486252651275805,0.00011680440898162355
12,1.0,119,0.020592387437420853,0.00011924481090507428,0.00011924481090507429,0.0001147702043262963
12,1.0,120,0.020634371963760483,0.00011946365156948754,0.00011946365156948754,0.00011143387440298054
12,1.0,121,0.02066296967945623,0.00011686313158489291,0.00011686313158489292,0.00011385248836342111
12,1.0,122,0.020693280046395545,0.00011472814997544922,9.757217346212079e-05,0.00011472814997544922
12,1.0,123,0.020465248969235617,0.00012848343315042371,0.00012848343315042371,0.00010966920133471429
12,1.0,124,0.020427484603928802,0.00011488312279313457,0.00011245244147255932,0.00011488312279313457
12,1.0,125,0.020580807188350012,0.00011221685634664695,0.00011115851309376231,0.00011221685634664695
12,1.0,126,0.0207737312904331,0.00011193815391166978,0.00010696176458996114,0.00011193815391166978
12,1.0,127,0.020721007148313448,0.00011169169797520042,0.00010205670081720009,0.00011169169797520042
12,1.0,128,0.02046838440063507,0.00011444882433744489,7.458462524456852e-05,0.00011444882433744489
12,1.0,129,0.020449033788462485,0.0001128637429878424,0.00010290457576732839,0.0001128637429878424
12,1.0,130,0.0207101492114033,0.00011598335240277408,0.00010674868457766836,0.00011598335240277408
12,1.0,131,0.020598662300102117,0.0001238779464967095,0.0001238779464967095,0.00011094853803975334
12,1.0,132,0.020724772909153803,0.00011640946875130449,0.00011640946875130447,0.00011364219141624835
12,1.0,133,0.02070674344626079,0.00011525530704391267,9.513263606162706e-05,0.00011525530704391267
12,1.0,134,0.020630885969024723,0.00011564438093585524,8.231911751982403e-05,0.00011564438093585524
12,1.0,135,0.02065547498510787,0.00012704882300073402,0.00012704882300073402,0.00011619073120012409
12,1.0,136,0.020642552825485293,0.00011191335843194147,0.00010295306961172355,0.00011191335843194147
12,1.0,137,0.020670069131540465,0.00011331856839243222,0.0001119964466106805,0.00011331856839243222
12,1.0,138,0.020677332690105698,0.0001317635544666448,0.00013176355446664482,0.0001130194683222763
12,1.0,139,0.020618484716710753,0.00012461968156974893,0.00012461968156974893,0.00011096818026980379
12,1.0,140,0.020540274712862384,0.00013470225588528141,0.00013470225588528141,0.00011444459591867743
12,1.0,141,0.02051064412327234,0.00011738863509689097,0.0001120413474034479,0.00011738863509689097
12,1.0,142,0.020545590643627192,0.00011385643388561873,9.84964070345154e-05,0.00011385643388561873
12,1.0,143,0.02048411317686539,0.00010596833507672059,9.487125448970788e-05,0.00010596833507672059
12,1.0,144,0.020517861511008376,0.00013140325369390574,0.00013140325369390574,0.00011201752956729852
12,1.0,145,0.02045614420941757,0.000133666111899261,0.000133666111899261,0.00011095576275708025
12,1.0,146,0.02056755145065946,0.00013541057154730325,0.00013541057154730325,0.00011438242149271641
12,1.0,147,0.020631785072163098,0.00010789922726185096,9.265977121981244e-05,0.00010789922726185096
12,1.0,148,0.02046389839488345,0.0001073626519025562,9.23328802599486e-05,0.0001073626519025562
12,1.0,149,0.020421747413561193,0.00011015224402008182,0.00011015224402008182,0.0001097780971319255
12,1.0,150,0.020449147518234578,0.0001281781825854772,0.0001281781825854772,0.00010907824902413983
12,1.0,151,0.020374951607198384,0.000109767848009882,0.0001074620871835791,0.000109767848009882
12,1.0,152,0.020569687080365738,0.00010957681618687578,9.737309691519824e-05,0.00010957681618687578
12,1.0,153,0.02059056624226241,0.00010856131451094919,0.00010572808941109185,0.00010856131451094919
12,1.0,154,0.02061993395031686,0.00011245212962283978,9.850957936379746e-05,0.00011245212962283978
12,1.0,155,0.0206857546262218,0.00011301669524128914,9.855219325961591e-05,0.00011301669524128914
12,1.0,156,0.02060806223450894,0.00012639821294690529,0.00012639821294690526,0.00011159589721243753
12,1.0,157,0.02071037993526795,0.00013383986419618097,0.000133839864196181,0.00011214371548386863
12,1.0,158,0.020673820469013483,0.00013279498210569675,0.00013279498210569675,0.00011825172658875427
12,1.0,159,0.02060375049637089,0.0001197494889202871,0.00011974948892028712,0.00011195141387287957
12,1.0,160,0.020767979226128285,0.0001315406803435653,0.0001315406803435653,0.0001110933509163363
12,1.0,161,0.020585637227165634,0.00011361620783734857,0.00010749990099843592,0.00011361620783734857
12,1.0,162,0.020471792309709233,0.00012771063105511282,0.00012771063105511282,0.00011080423472274418
12,1.0,163,0.02066131659368218,0.00012808525395777663,0.00012808525395777663,0.00011549001171263876
12,1.0,164,0.020604931349397518,0.00011607706987870163,9.234590449708325e-05,0.00011607706987870163
12,1.0,165,0.020704088021070117,0.00012476567182419026,0.00012476567182419026,0.00011255640552004266
12,1.0,166,0.020620090103560366,0.0001090899485359559,9.984504528792234e-05,0.0001090899485359559
12,1.0,167,0.020712468779046794,0.00011572119159224882,9.935456840038601e-05,0.00011572119159224882
12,1.0,168,0.020642425379161604,0.00011514074665214639,0.00011378539493206724,0.00011514074665214639
12,1.0,169,0.020562925393341404,0.00011627662923751945,0.00011627662923751945,0.00011510280128309018
12,1.0,170,0.02069881589452974,0.0001180380374050233,0.0001180380374050233,0.00011316472561158834
12,1.0,171,0.02056064934761671,0.00012218102930152533,0.00012218102930152533,0.00011545368286898263
12,1.0,172,0.020641742092590808,0.00011472795851954714,0.00011086487231823163,0.00011472795851954714
12,1.0,173,0.020525116137259807,0.00011279629373891012,0.00010646972296665048,0.00011279629373891012
12,1.0,174,0.02066216789036308,0.00011828042159411343,0.00011828042159411343,0.00010996138363897581
12,1.0,175,0.020702312650560165,0.00011296429565484792,0.00011296429565484792,0.0001120559606109985
12,1.0,176,0.020536243679934098,0.00012138358410912171,0.00012138358410912171,0.00010946027239943339
12,1.0,177,0.020569595364299188,0.0001085088763837469,0.00010662728938142915,0.0001085088763837469
12,1.0,178,0.020688454651431418,0.0001135539619765836,0.00011355396197658358,0.000108493567257796
12,1.0,179,0.020788959328321463,0.00011212399838526011,9.603418446458393e-05,0.00011212399838526011
12,1.0,180,0.02075704652019953,0.00011256450908788603,0.00010510851584631594,0.00011256450908788603
12,1.0,181,0.02064727238124793,0.00012469759859661715,0.00012469759859661715,0.00011581513658628947
12,1.0,182,0.02040363443383299,0.00011400228776845734,0.00010314212737209934,0.00011400228776845734
12,1.0,183,0.020476197830037988,0.00011133099959686895,0.00010947999303975199,0.00011133099959686895
12,1.0,184,0.02045541615061357,0.00011292302435856309,0.00010707486084052076,0.00011292302435856309
12,1.0,185,0.020417779093994847,0.00010873284560441242,9.739841894929204e-05,0.00010873284560441242
12,1.0,186,0.020617478469282507,0.00010847220712032141,8.868624839380906e-05,0.00010847220712032141
12,1.0,187,0.020526914428592846,0.00011488475100376759,0.00010929377890058926,0.00011488475100376759
12,1.0,188,0.02053476629160781,0.00013068781015458352,0.00013068781015458352,0.0001104995855670155
12,1.0,189,0.02054837829478597,0.00011009584028957808,9.34229212615873e-05,0.00011009584028957808
12,1.0,190,0.02045884483702402,0.00010602579070860545,0.00010514029363438125,0.00010602579070860545
12,1.0,191,0.020540963819392414,0.00011002080464202885,9.180815666824492e-05,0.00011002080464202885
12,1.0,192,0.0206405251623822,0.00011229519217777832,9.363461272485594e-05,0.00011229519217777832
12,1.0,193,0.020634738736832338,0.00012196368764895077,0.00012196368764895077,0.00010857373690792448
12,1.0,194,0.020706218061114327,0.00011314009066274717,8.698224416225972e-05,0.00011314009066274717
12,1.0,195,0.02065730131384578,0.00012087058797291852,0.00012087058797291852,0.00011698736049285812
12,1.0,196,0.020578674450416876,0.0001217917779732643,0.0001217917779732643,0.00011081795319909693
12,1.0,197,0.02059457263848593,0.00011383396670223107,9.367362238348786e-05,0.00011383396670223107
12,1.0,198,0.020723040304964784,0.00012275456218844858,0.00012275456218844856,0.00011476453764864281
12,1.0,199,0.020676446693547526,0.00011218931380072097,0.00010182792615385765,0.00011218931380072097
12,1.0,200,0.0207694898913607,0.00011473114558924168,0.00010860619947561595,0.00011473114558924168
12,1.0,201,0.020818504298578847,0.00011660811015563164,0.0001137862219871084,0.00011660811015563164
12,1.0,202,0.020719592952900507,0.00011720309486249936,0.00010064830563900087,0.00011720309486249936
12,1.0,203,0.020620628562976587,0.00011521296843176322,0.00011033479802893958,0.00011521296843176322
12,1.0,204,0.02065648545485042,0.00012009908134900901,0.00012009908134900901,0.00010806249955625824
12,1.0,205,0.02065458698270383,0.0001283977866774203,0.0001283977866774203,0.00011423819777842339
12,1.0,206,0.0206159637268098,0.0001218919932280491,0.0001218919932280491,0.0001164196625150433
12,1.0,207,0.020664283910565063,0.00011614624377559836,0.00011614624377559836,0.00011094998915780188
12,1.0,208,0.020609011345357094,0.0001127358293863369,0.0001127358293863369,0.00010903839716268315
12,1.0,209,0.02066738074336482,0.00011739924464830866,0.00011739924464830864,0.00010830982054852788
12,1.0,210,0.020927138161189785,0.0001170298856982372,0.00010658621776214672,0.0001170298856982372
12,1.0,211,0.020678779275156798,0.00011167956532151818,8.967588064558812e-05,0.00011167956532151818
12,1.0,212,0.020662381663821158,0.00011690611837410144,9.194860289311237e-05,0.00011690611837410144
12,1.0,213,0.020548467289057095,0.00011424432627418322,0.0001004906794241161,0.00011424432627418322
12,1.0,214,0.02058967839611262,0.00012173439272368526,0.00012173439272368526,0.00011569764361647392
12,1.0,215,0.020532047977508638,0.00011514526168185084,8.677789069405241e-05,0.00011514526168185084
12,1.0,216,0.020498998101861187,0.00011499193580143726,7.814769005252145e-05,0.00011499193580143726
12,1.0,217,0.020481109591742302,0.00011552855663519862,0.0001079777581633309,0.00011552855663519862
12,1.0,218,0.02058671516429472,0.00011450666879008893,9.397407861535349e-05,0.00011450666879008893
12,1.0,219,0.02075072109912811,0.00011396224025993379,0.00011396224025993379,0.00011055909504653111
12,1.0,220,0.02056045577603104,0.00011756891880764977,0.00011756891880764977,0.00011328698098846479
12,1.0,221,0.020562113310728138,0.00012880068068673908,0.00012880068068673908,0.00011379561319534471
12,1.0,222,0.020571234264302952,0.00010794900017733016,0.0001013170150544892,0.00010794900017733016
12,1.0,223,0.0206745885371085,0.00011542604283043991,0.0001154260428304399,0.00011082363808483778
12,1.0,224,0.020586940511064897,0.00012316716753918398,0.00012316716753918398,0.00011095828257172966
12,1.0,225,0.020428511138669656,0.00011303048391167945,0.00010830758073044819,0.00011303048391167945
12,1.0,226,0.02040201137844942,0.00011327679766517637,8.674078668846315e-05,0.00011327679766517637
12,1.0,227,0.02032108694549987,0.0001071034317328227,7.907408013357296e-05,0.0001071034317328227
12,1.0,228,0.02042722765079671,0.00011158557715441128,0.00010258630070936387,0.00011158557715441128
12,1.0,229,0.020588323969452562,0.00012603949716025208,0.00012603949716025208,0.00010949424883409374
12,1.0,230,0.02065913392508922,0.0001343207522111169,0.0001343207522111169,0.000110227041890318
12,1.0,231,0.020650836216813753,0.00013156579734705103,0.00013156579734705103,0.00011417512101112443
12,1.0,232,0.020551695575654783,0.00012332215626146927,0.00012332215626146927,0.00011115085240930105
12,1.0,233,0.02071468805108748,0.00011833204098111242,0.00011833204098111243,0.00011102407844381023
12,1.0,234,0.020648634106247028,0.00011774663795339139,0.00011774663795339139,0.00011175668145952669
12,1.0,235,0.020659267815677153,0.00011847862480620212,0.00011847862480620212,0.00011561202224910759
12,1.0,236,0.020549896113780778,0.00012135158963401853,0.00012135158963401853,0.00011428464833433682
12,1.0,237,0.020685988899155777,0.00011664920150695418,0.00011607665711567667,0.00011664920150695418
12,1.0,238,0.020572473592571906,0.00011005652890832117,9.457447841427504e-05,0.00011005652890832117
12,1.0,239,0.020628298835345248,0.00011505222754581068,0.00010587200892973766,0.00011505222754581068
12,1.0,240,0.020493510373219292,0.00013751355374049895,0.00013751355374049898,0.00011157866576338363
12,1.0,241,0.020689226978598,0.00010825513103263183,0.00010189362188001856,0.00010825513103263183
12,1.0,242,0.020754481545102295,0.00011394171139925534,9.835351815059446e-05,0.00011394171139925534
12,1.0,243,0.020752045740792924,0.00011348851589539709,0.00010045628306334218,0.00011348851589539709
12,1.0,244,0.020733754254581533,0.00011383788817449695,0.00010273798076036074,0.00011383788817449695
12,1.0,245,0.020750504717695892,0.00011313509628283536,9.905209355788468e-05,0.00011313509628283536
12,1.0,246,0.020840516429773474,0.00011437706883954301,0.0001102099004286526,0.00011437706883954301
12,1.0,247,0.02058120617928091,0.00011748533410321146,0.00011052783986870633,0.00011748533410321146
12,1.0,248,0.020675223372426183,0.00011164151858081963,0.00010268983118752853,0.00011164151858081963
12,1.0,249,0.020482486738843064,0.00011667048284115766,0.00011667048284115767,0.000115637809194461
12,1.0,250,0.020428065848454222,0.00012345653176408627,0.00012345653176408627,0.00011662130045804856
12,1.0,251,0.020480285373281264,0.00011440846276453589,0.00011051958355015109,0.00011440846276453589
12,1.0,252,0.020578331664658354,0.00010609954231035575,0.0001033143682740545,0.00010609954231035575
12,1.0,253,0.02072193966404457,0.00012178721109687927,0.00012178721109687925,0.0001155005402476651
12,1.0,254,0.020740230171159214,0.00013401135337262694,0.00013401135337262694,0.00010926481476705258
12,1.0,255,0.020547627330873546,0.00012075779906493765,0.00012075779906493764,0.00011103045742514525
12,1.0,256,0.020669471648768156,0.00011906810035020625,0.00011906810035020625,0.00011463911271800078
12,1.0,257,0.0205687207362364,0.0001163745160866898,0.0001163745160866898,0.00011358875884403788
12,1.0,258,0.02069437770412725,0.00011521826405754029,0.00011521826405754029,0.000109624449422076
12,1.0,259,0.020710706101802423,0.00013155766538191043,0.00013155766538191043,0.00010644795132118214
12,1.0,260,0.020754075568103447,0.00011531437009945389,0.00011500894135232161,0.00011531437009945389
12,1.0,261,0.02080701511612859,0.00011039386458012848,0.00010677152265284829,0.00011039386458012848
12,1.0,262,0.02060502080703701,0.00011395141109439216,0.00011227075115239797,0.00011395141109439216
12,1.0,263,0.02072862731661434,0.0001150393625397349,0.00010376796125146486,0.0001150393625397349
12,1.0,264,0.020670304502557208,0.00011806395104576743,0.00010581235340622633,0.00011806395104576743
12,1.0,265,0.02053856132625868,0.0001222820202422463,0.0001222820202422463,0.00010782152296087575
12,1.0,266,0.020528877938809902,0.0001354752903861337,0.0001354752903861337,0.0001109181321713123
12,1.0,267,0.020795783748927484,0.00015170066998623294,0.00015170066998623292,0.0001143599412140655
12,1.0,268,0.020762067437499105,0.00014796456384893748,0.00014796456384893748,0.00011335073094751153
12,1.0,269,0.020742826360881397,0.00014444537177162988,0.00014444537177162988,0.00010944290548301047
12,1.0,270,0.02087599080693955,0.00011849907041667293,0.00011830166007662856,0.00011849907041667293
12,1.0,271,0.02081786516605291,0.00011469509415620327,0.00010223051102142745,0.00011469509415620327
12,1.0,272,0.020780138945734085,0.00011797275451808548,0.00011797275451808548,0.00010994933733879161
12,1.0,273,0.020758280225725144,0.00013213273277018644,0.00013213273277018644,0.00011080585912902392
12,1.0,274,0.020675463268627316,0.000149003639416697,0.000149003639416697,0.00011342200292920099
12,1.0,275,0.02064791466431443,0.00013596160355825858,0.00013596160355825858,0.00011084062087647865
12,1.0,276,0.020995943918122113,0.00014697698097086614,0.00014697698097086614,0.00011617491899379532
12,1.0,277,0.020824242887511366,0.00012687798257025206,0.0001268779825702521,0.00012164152519614526
12,1.0,278,0.020735970920776964,0.0001393277149329754,0.0001393277149329754,0.00011111025191687228
12,1.0,279,0.020763917442137514,0.00011194608855242848,0.00011009362830730497,0.00011194608855242848
12,1.0,280,0.020615567385370178,0.00011608089639586636,9.395825620824528e-05,0.00011608089639586636
12,1.0,281,0.020746320183440494,0.00011681788861162545,0.00011587916873335088,0.00011681788861162545
12,1.0,282,0.020631398778958924,0.00011360214472656026,9.199657187523481e-05,0.00011360214472656026
12,1.0,283,0.020693325550654947,0.00012433875915429418,0.00012433875915429418,0.00010890231460057202
12,1.0,284,0.02056903434329275,0.00011113663107669363,9.894070624053046e-05,0.00011113663107669363
12,1.0,285,0.020569174614665422,0.0001121376140918615,9.722614344305334e-05,0.0001121376140918615
12,1.0,286,0.02057500391080013,0.00011356273356160757,9.227722584888974e-05,0.00011356273356160757
12,1.0,287,0.020567253056796367,0.00011212640827220485,0.00010578808312678616,0.00011212640827220485
12,1.0,288,0.02069193846614697,0.00013528971728643104,0.00013528971728643104,0.00011080048989538135
12,1.0,289,0.020636286451827086,0.00011314351480125086,0.00010035096787779821,0.00011314351480125086
12,1.0,290,0.020661548282611845,0.00011413116795955064,9.166584011600883e-05,0.00011413116795955064
12,1.0,291,0.020441838709741044,0.00010733838015925756,7.95779695659043e-05,0.00010733838015925756
12,1.0,292,0.02046941658533038,0.00010597500571328107,9.704157599598657e-05,0.00010597500571328107
12,1.0,293,0.020692825203513066,0.00011928646426301442,0.00011928646426301441,0.00011701781400763062
12,1.0,294,0.020759155705859546,0.0001217313921868809,0.00011877293978582061,0.0001217313921868809
12,1.0,295,0.020783749610932004,0.00012590304721474082,0.0001259030472147408,0.0001238774327580613
12,1.0,296,0.020639481343415207,0.00012073041016237468,9.273245953841696e-05,0.00012073041016237468
12,1.0,297,0.02066833063504304,0.00011584933945756021,0.00011497184234566644,0.00011584933945756021
12,1.0,298,0.020693887720544892,0.00011508942466675117,7.781184895299363e-05,0.00011508942466675117
12,1.0,299,0.020594856309310235,0.00011671073427950922,0.0001161337093253697,0.00011671073427950922
12,1.0,300,0.020729606438167132,0.00011206111643738137,0.00010736153708209656,0.00011206111643738137
12,1.0,301,0.020688870652953755,0.00013646644682895054,0.00013646644682895054,0.00011306093274206774
12,1.0,302,0.02053549077902779,0.00012411198149309298,0.00012411198149309298,0.0001121928107532574
12,1.0,303,0.020661137964742785,0.00011190431389207048,0.00011190431389207048,0.00011170450726127053
12,1.0,304,0.02070711560443115,0.00011376375700829637,9.851941004722519e-05,0.00011376375700829637
12,1.0,305,0.02063312199211467,0.00011279142091559993,8.49864666200618e-05,0.00011279142091559993
12,1.0,306,0.02063299201308102,0.0001165358090863664,9.637005273276324e-05,0.0001165358090863664
12,1.0,307,0.020725430353697703,0.00011345856577140124,0.00010379321016567891,0.00011345856577140124
12,1.0,308,0.020634829905960456,0.00011654860239582023,0.00010179404708829565,0.00011654860239582023
12,1.0,309,0.02071968309630834,0.00011651506156053428,0.00011229789742957384,0.00011651506156053428
12,1.0,310,0.020739756803293492,0.00011708063259028102,0.00010741492920516997,0.00011708063259028102
12,1.0,311,0.02075585859017381,0.0001128989674440855,0.00010639299468948312,0.0001128989674440855
12,1.0,312,0.020819378356116403,0.00012526622427812454,0.00012526622427812452,0.00011356851165277219
12,1.0,313,0.020779236895907414,0.00011369395727594896,0.00010964477664828146,0.00011369395727594896
12,1.0,314,0.02081225635911591,0.00011438260402961988,0.00011438260402961988,0.00011191310265182691
12,1.0,315,0.020685718203032895,0.0001188872438923283,0.00011888724389232832,0.00011266375392495006
12,1.0,316,0.020775356090463756,0.00012175131543525072,0.00012175131543525071,0.00011280836714410399
12,1.0,317,0.020736848677600127,0.0001633243719354199,0.0001633243719354199,0.00011143020315713591
12,1.0,318,0.02076922431294536,0.0001465576426074811,0.0001465576426074811,0.00011257621355006271
12,1.0,319,0.0206325396344419,0.0001207243792113709,0.00012072437921137089,0.00010788166336822566
12,1.0,320,0.020479911498716443,0.00011531415741603199,0.00011531415741603199,0.00010959935166373999
12,1.0,321,0.020548115241487617,0.00011437969878166343,0.00010542878779092277,0.00011437969878166343
12,1.0,322,0.020665443969833903,0.0001254501907993076,0.0001254501907993076,0.00011421779579917845
12,1.0,323,0.020572699699304933,0.00013672410780729506,0.00013672410780729503,0.0001093450483861615
12,1.0,324,0.02068304410280053,0.00011201882507752926,8.588735856372194e-05,0.00011201882507752926
12,1.0,325,0.020430859764862214,0.00011243229617711136,8.679863279212811e-05,0.00011243229617711136
12,1.0,326,0.020391316540321502,0.0001148648575975344,9.826972518030834e-05,0.0001148648575975344
12,1.0,327,0.020645849679170315,0.00011568130946814326,9.900162164756369e-05,0.00011568130946814326
12,1.0,328,0.020611305174309338,0.0001171740987311509,0.00011717409873115089,0.00011244935134777053
12,1.0,329,0.020412990957292564,0.00011612863337808179,0.00011612863337808179,0.00011091590923636169
12,1.0,330,0.020537775127304717,0.00011730395010143317,0.00011730395010143315,0.00010867795613013559
12,1.0,331,0.020604366587156055,0.0001243034962398705,0.0001243034962398705,0.00010923758260674855
12,1.0,332,0.020617552056961107,0.00012515373843991035,0.00012515373843991035,0.00011261877890798772
12,1.0,333,0.020598380195784364,0.00012554184447352318,0.00012554184447352318,0.00011560391998333644
12,1.0,334,0.020538365685410738,0.00011473489549965664,0.00011473489549965664,0.00011468653876853917
12,1.0,335,0.02048759577569347,0.00011516288035910641,0.00011378723810405973,0.00011516288035910641
12,1.0,336,0.02057033657678111,0.00011368586572410364,0.00011075231206580221,0.00011368586572410364
12,1.0,337,0.020438654037331493,0.00012687173730792215,0.00012687173730792215,0.00010637484563726384
12,1.0,338,0.02049318079078327,0.00011038497502815613,0.00011026510911356051,0.00011038497502815613
12,1.0,339,0.020681973817848965,0.00012469109213091552,0.00012469109213091552,0.00011477596799462804
12,1.0,340,0.02076090227218837,0.00011347400020916491,8.204725786165862e-05,0.00011347400020916491
12,1.0,341,0.020700775025381427,0.00011168846008713213,8.661069251242848e-05,0.00011168846008713213
12,1.0,342,0.020668732369279554,0.00012605998587846438,0.00012605998587846438,0.00011235674383412422
12,1.0,343,0.020555084721160598,0.00012439048744590216,0.00012439048744590216,0.00011081211543533677
12,1.0,344,0.020520677406893104,0.00011980991812040414,0.00011980991812040414,0.00011506760403231657
12,1.0,345,0.02055880904560982,0.00011340879398332395,0.00010674005848169321,0.00011340879398332395
12,1.0,346,0.02062744452888649,0.00012604268483450503,0.00012604268483450503,0.0001095436401644364
12,1.0,347,0.020747194116637658,0.00011867121131190557,0.00011867121131190557,0.00010829089391815106
12,1.0,348,0.02070275921421867,0.0001165416646062751,0.0001165416646062751,0.00011379847956678922
12,1.0,349,0.02069167860884034,0.000113250281018383,0.00010609680872748363,0.000113250281018383
12,1.0,350,0.0205593009250483,0.00011218697801645893,0.00010759992313392574,0.00011218697801645893
12,1.0,351,0.02063785124855983,0.00011156689294110645,0.00011156689294110645,0.00011063211011317825
12,1.0,352,0.02048185838493505,0.00011621337090650396,0.00011621337090650398,0.00011525799520157199
12,1.0,353,0.02054399766627971,0.00011421041144247997,0.00011238433473669978,0.00011421041144247997
12,1.0,354,0.020612149977733012,0.00011337853159767725,0.00011337853159767725,0.00011253908270434737
12,1.0,355,0.02065463385692638,0.00011413013292432958,0.00010396484977455107,0.00011413013292432958
12,1.0,356,0.020685615712809066,0.00011065809206843589,0.00010190382478650246,0.00011065809206843589
12,1.0,357,0.020575895501083564,0.00011155061871062719,0.00011067600920963901,0.00011155061871062719
12,1.0,358,0.020574150079546754,0.00011432337482690871,9.939497602234589e-05,0.00011432337482690871
12,1.0,359,0.02069293291641704,0.00014118737710448086,0.00014118737710448086,0.00011170601636684092
12,1.0,360,0.0206740169903166,0.00013145976162265264,0.00013145976162265264,0.00011212068538542484
12,1.0,361,0.02068845575922707,0.00012997082178750456,0.00012997082178750456,0.0001114177290857495
12,1.0,362,0.02052228188838662,0.00011229907465430457,0.00011229907465430457,0.00010958027547489371
12,1.0,363,0.020443729844283325,0.00012195251863899036,0.00012195251863899037,0.00011213770262539228
12,1.0,364,0.0205352676970211,0.00011952302584099764,0.00011952302584099764,0.00010869481509914805
12,1.0,365,0.020550829916609677,0.00011235557052548692,0.00011235557052548691,0.00011136939494785621
12,1.0,366,0.020622297957546037,0.00011133785724839738,0.00010298957043261029,0.00011133785724839738
12,1.0,367,0.020614330549866434,0.00011500970516590028,9.13825244150136e-05,0.00011500970516590028
12,1.0,368,0.02049391212675001,0.00011097579299285076,8.548088959913919e-05,0.00011097579299285076
12,1.0,369,0.020471164384983906,0.00011353763303753401,0.00010092280615553133,0.00011353763303753401
12,1.0,370,0.020455629660706583,0.0001120757409887543,0.00010114055611398845,0.0001120757409887543
12,1.0,371,0.020452043665855246,0.00011221915168442299,0.00011053387053601702,0.00011221915168442299
12,1.0,372,0.02058363650425541,0.00013169206834813432,0.00013169206834813432,0.00011094583300305617
12,1.0,373,0.020521693850492115,0.00011417461838919453,8.19640858746636e-05,0.00011417461838919453
12,1.0,374,0.02048361402776731,0.0001240157438315973,0.0001240157438315973,0.00011124758321109647
12,1.0,375,0.020532468080385738,0.00011271956946954661,9.306625194452893e-05,0.00011271956946954661
12,1.0,376,0.02060553845194391,0.00011175809599460397,9.167286644017048e-05,0.00011175809599460397
12,1.0,377,0.020663191034962666,0.0001117691365193448,0.00010268133633107871,0.0001117691365193448
12,1.0,378,0.020596964036123936,0.00014049484942991956,0.0001404948494299196,0.0001115436558040818
12,1.0,379,0.02061513182628101,0.00012750546407526,0.00012750546407526,0.00011369381541909441
12,1.0,380,0.02078630062834621,0.00010933584342591583,0.00010924328566575834,0.00010933584342591583
12,1.0,381,0.020601451266037286,0.00013302308086880952,0.00013302308086880952,0.00011531984631362969
12,1.0,382,0.020904644593891773,0.00011574446006001677,0.0001004062566863004,0.00011574446006001677
12,1.0,383,0.020731291887125237,0.0001138951585177028,9.869884843625915e-05,0.0001138951585177028
12,1.0,384,0.020622524614436016,0.00011484610635341222,0.00010092954319182284,0.00011484610635341222
12,1.0,385,0.02063558861431528,0.00011206321521731717,0.00011200244403100398,0.00011206321521731717
12,1.0,386,0.02064220867601047,0.00013659443399617353,0.00013659443399617353,0.00011227897018330743
12,1.0,387,0.02072651477269526,0.00011688431356018442,9.704394285938e-05,0.00011688431356018442
12,1.0,388,0.020599238932144628,0.00012131851511292335,0.00012131851511292335,0.00011384549854024756
12,1.0,389,0.020545752319633435,0.00011617712886177361,0.00011528564916130259,0.00011617712886177361
12,1.0,390,0.020468939377833475,0.00011166909015705491,9.638373870029984e-05,0.00011166909015705491
12,1.0,391,0.020563889976184337,0.00013666973479664558,0.00013666973479664558,0.00011012454046941729
12,1.0,392,0.020384750501602617,0.00010810591531747266,0.00010810591531747266,0.0001054501995155572
12,1.0,393,0.02037644609385516,0.0001085144914460142,9.437034556766276e-05,0.0001085144914460142
12,1.0,394,0.020407311686117226,0.0001270515485677415,0.0001270515485677415,0.00011227150424525808
12,1.0,395,0.02057147709215832,0.000130200636428026,0.000130200636428026,0.00011239918891874341
12,1.0,396,0.020632234975182705,0.0001275850002231871,0.0001275850002231871,0.00011565408397039768
12,1.0,397,0.020885869706990343,0.00011825687784842474,0.00010381550853728714,0.00011825687784842474
12,1.0,398,0.02082986646440519,0.00011583191773156679,0.0001079808782586967,0.00011583191773156679
12,1.0,399,0.02063771600442974,0.00011736212574099614,0.00011736212574099614,0.00011352204248826904
12,1.0,400,0.020653580289419878,0.0001320166598616696,0.0001320166598616696,0.00010856828185239581
12,1.0,401,0.020715178431939138,0.00011249871168759261,0.00010551506593903863,0.00011249871168759261
12,1.0,402,0.02065880237054341,0.0001251961538226886,0.00012519615382268858,0.00011276297227711823
12,1.0,403,0.02053343550932403,0.00011776122420951459,0.00010871068380598133,0.00011776122420951459
12,1.0,404,0.020676664458079475,0.00011619177142772271,0.00011619177142772271,0.0001150124912795271
12,1.0,405,0.020802296849544863,0.00011370167029836259,0.00011154984152447964,0.00011370167029836259
12,1.0,406,0.020581636692814535,0.00012187367403535328,0.00012187367403535328,0.00010653151627551163
12,1.0,407,0.02060050837071995,0.00011187724380528264,9.926558957495998e-05,0.00011187724380528264
12,1.0,408,0.020736144668964437,0.00012379460424355514,0.00012379460424355514,0.00010849967472428144
12,1.0,409,0.020738146739784157,0.00011536487335058697,0.00011536306010530155,0.00011536487335058697
12,1.0,410,0.020573347213204786,0.00012517289846976617,0.00012517289846976617,0.00011628779044732967
12,1.0,411,0.0205193610621641,0.00012617756287216326,0.00012617756287216326,0.00011356260383815902
12,1.0,412,0.020585992858344348,0.00011365567740912612,9.844892510498679e-05,0.00011365567740912612
12,1.0,413,0.02063995701235621,0.00011626437050335414,9.649963893934337e-05,0.00011626437050335414
12,1.0,414,0.02070271580341621,0.00011578030679565524,9.515212772493204e-05,0.00011578030679565524
12,1.0,415,0.020568358858050036,0.00011449480047496247,8.891882020579386e-05,0.00011449480047496247
12,1.0,416,0.020429235186141932,0.00010891996542010256,0.00010891996542010256,0.00010728410668602317
12,1.0,417,0.020603701446393043,0.00011333639751053095,7.476615968368154e-05,0.00011333639751053095
12,1.0,418,0.02055423765195594,0.0001144792709944402,7.921012059449284e-05,0.0001144792709944402
12,1.0,419,0.020612163706179375,0.0001200250125942058,9.984353906545278e-05,0.0001200250125942058
12,1.0,420,0.020587487373797717,0.00011718154879066938,0.00010769461855775248,0.00011718154879066938
12,1.0,421,0.020457685542281383,0.00011299199387316716,0.00011024431876831152,0.00011299199387316716
12,1.0,422,0.02057153266356798,0.00011168047570390742,8.701652446185697e-05,0.00011168047570390742
12,1.0,423,0.02069704810033828,0.00011595383074546239,0.00010691935045709169,0.00011595383074546239
12,1.0,424,0.020600401200109968,0.00011598522983856854,9.000614404918484e-05,0.00011598522983856854
12,1.0,425,0.02053468766984525,0.00012469888905536635,0.00012469888905536637,0.00010995619642452697
12,1.0,426,0.020496441150120167,0.00012074383293784037,0.00012074383293784037,0.00010993710519286432
12,1.0,427,0.02056384987930199,0.00011824571898391845,0.00011824571898391845,0.00011041445207591932
12,1.0,428,0.020609318349029668,0.00011516273398902809,0.00011009229546886219,0.00011516273398902809
12,1.0,429,0.02050915063538643,0.00011279470099443735,9.641634804668374e-05,0.00011279470099443735
12,1.0,430,0.02046733480214618,0.00011498598915245925,0.00011498598915245925,0.00011312139165215777
12,1.0,431,0.020561826464872965,0.00011690216780409141,0.00010531583843910116,0.00011690216780409141
12,1.0,432,0.02047322765527296,0.00011229092505836446,0.00011229092505836445,0.00010998792321041773
12,1.0,433,0.0204664646938917,0.00011421891340407057,9.868432356120466e-05,0.00011421891340407057
12,1.0,434,0.020536083680766377,0.00012823939607500896,0.00012823939607500896,0.00011544746863579416
12,1.0,435,0.020464809966534516,0.00011953121067780532,0.00011953121067780532,0.0001151901671480908
12,1.0,436,0.020556825756648252,0.0001118245623264653,9.988784439777054e-05,0.0001118245623264653
12,1.0,437,0.020520491851686435,0.00011554020084117765,0.00011554020084117764,0.00010908746430670742
12,1.0,438,0.020500139758771383,0.00011398705049610323,0.00011090950272476929,0.00011398705049610323
12,1.0,439,0.02060163712900391,0.00011512799151524984,0.00010365148706459921,0.00011512799151524984
12,1.0,440,0.020570149064048488,0.00011111169531885271,8.145620218563869e-05,0.00011111169531885271
12,1.0,441,0.020578738464674343,0.00013551364396411722,0.00013551364396411722,0.00011242996408104685
12,1.0,442,0.020673822122537218,0.00011377482664781056,9.046325040369141e-05,0.00011377482664781056
12,1.0,443,0.02056958123786247,0.0001127995287788148,0.00010667938735055744,0.0001127995287788148
12,1.0,444,0.02051341782258519,0.00013230485546140215,0.00013230485546140215,0.00011301547290807121
12,1.0,445,0.020464879817527273,0.0001149942300858563,0.00010862125617820827,0.0001149942300858563
12,1.0,446,0.020532528435138676,0.00011402907349804449,9.974007320788213e-05,0.00011402907349804449
12,1.0,447,0.02060479115157788,0.00011179278214629635,0.00011179278214629634,0.00011065328222294186
12,1.0,448,0.020786528058674314,0.0001151425890207578,0.00011040747819764126,0.0001151425890207578
12,1.0,449,0.02054921341153054,0.00011245850233837824,0.00010759145929525577,0.00011245850233837824
12,1.0,450,0.020425324516196754,0.00010980098187891591,8.039203317037256e-05,0.00010980098187891591
12,1.0,451,0.020449432063414517,0.00011284025295606562,0.00010899883999933187,0.00011284025295606562
12,1.0,452,0.020411685276961154,0.00013495675457735705,0.00013495675457735705,0.0001115611373861621
12,1.0,453,0.02058141221211721,0.00011205439606090884,0.00010738035308987204,0.00011205439606090884
12,1.0,454,0.02049504121713113,0.00011074302057582371,0.00010129388789039339,0.00011074302057582371
12,1.0,455,0.020589367771503123,0.00011274381667672496,0.00010418749753160382,0.00011274381667672496
12,1.0,456,0.02056459160711155,0.00010775286968645165,8.24834643350563e-05,0.00010775286968645165
12,1.0,457,0.020562535396744564,0.00011203354106694792,0.00011203354106694792,0.00010836397553015669
12,1.0,458,0.020608257607974138,0.00011757730998946758,0.00011757730998946757,0.00011132165174342446
12,1.0,459,0.020541046443602603,0.00010741545269285327,9.605952450218077e-05,0.00010741545269285327
12,1.0,460,0.020726184735918644,0.00011583896880191645,0.00011583896880191645,0.00011374324411487935
12,1.0,461,0.020845204707849785,0.00013437814193622449,0.00013437814193622449,0.00011707669520887928
12,1.0,462,0.02077611179942929,0.0001237304964840632,0.0001237304964840632,0.00011222382079880803
12,1.0,463,0.020763234827404164,0.00011274369215510014,8.993840336578463e-05,0.00011274369215510014
12,1.0,464,0.020557404736084597,0.00010980916574474131,9.321798017881242e-05,0.00010980916574474131
12,1.0,465,0.020735454291563413,0.0001122567624685709,9.378365214539057e-05,0.0001122567624685709
12,1.0,466,0.02060534835717931,0.00011342681810468169,0.00010707466432684374,0.00011342681810468169
12,1.0,467,0.020582346795898987,0.00011705592897309129,0.00011705592897309129,0.00010931206910617281
12,1.0,468,0.020436190489165614,0.0001150535074511296,0.00010187284553100555,0.0001150535074511296
12,1.0,469,0.020359091426580496,0.00010959688463423402,0.00010893440405333159,0.00010959688463423402
12,1.0,470,0.020472924706323312,0.0001262468636558773,0.0001262468636558773,0.00011233635739052762
12,1.0,471,0.02061005400769048,0.00011396523851245649,0.00011396523851245649,0.00010821687200073674
12,1.0,472,0.02058371394973435,0.00012304973855042307,0.00012304973855042307,0.0001121401411731961
12,1.0,473,0.020582175918224668,0.00011324938072108647,8.438735629730395e-05,0.00011324938072108647
12,1.0,474,0.020525401314236993,0.00010779350565090883,7.845567105627785e-05,0.00010779350565090883
12,1.0,475,0.020533747225470786,0.00010755879366017124,9.421177615890654e-05,0.00010755879366017124
12,1.0,476,0.020491878031479328,0.00010755992340942154,0.00010421165983511246,0.00010755992340942154
12,1.0,477,0.02047106241643299,0.00011029261143720436,9.339531099917853e-05,0.00011029261143720436
12,1.0,478,0.02048454957646602,0.00013721550835290447,0.00013721550835290447,0.00010860660679707761
12,1.0,479,0.020600107417247684,0.0001234990760601066,0.0001234990760601066,0.00011006387670922133
12,1.0,480,0.02071200943165586,0.00013178528753904887,0.00013178528753904887,0.00011363560868882976
12,1.0,481,0.020647096790381646,0.00012770475487665725,0.00012770475487665727,0.00011523858334533156
12,1.0,482,0.02060992580760165,0.00013077904232616498,0.000130779042326165,0.00011921130416564377
12,1.0,483,0.02051875430354012,0.00014092002784153748,0.00014092002784153748,0.00011775113740876024
12,1.0,484,0.020688657272089253,0.00011579925667912464,0.00010740070031749397,0.00011579925667912464
12,1.0,485,0.020697905434241416,0.000115215108869966,0.00010624740914272683,0.000115215108869966
12,1.0,486,0.020584420091983295,0.00011681204348882722,0.00010113155081278902,0.00011681204348882722
12,1.0,487,0.020580665873432397,0.00011018224088256538,9.611108411404234e-05,0.00011018224088256538
12,1.0,488,0.020781387319966076,0.00013788265983280868,0.00013788265983280865,0.00011369177380381202
12,1.0,489,0.02058961467344241,0.00011460662630326104,9.015945541066688e-05,0.00011460662630326104
12,1.0,490,0.020670106478073182,0.0001160406920009738,9.124008152288987e-05,0.0001160406920009738
12,1.0,491,0.020807710231701537,0.00011799355409362876,0.00011744578150676979,0.00011799355409362876
12,1.0,492,0.020739626057778564,0.00011822087152120678,0.0001182208715212068,0.00011017348995582118
12,1.0,493,0.020729213890706175,0.00011051683126886235,0.00011051683126886234,0.00010890348850647301
12,1.0,494,0.020729213430742726,0.000125116765635913,0.00012511676563591297,0.00010999893347159393
12,1.0,495,0.020617461740269457,0.00011954751851981806,0.00011954751851981805,0.000109500512810644
12,1.0,496,0.020580362885024777,0.0001227381250309866,0.0001227381250309866,0.00011009577480271119
12,1.0,497,0.02062401315840137,0.00011665236542214279,0.00011665236542214279,0.00011146418607295247
12,1.0,498,0.020626779517303646,0.00011795576870250872,0.00011795576870250872,0.00011196214287384628
12,1.0,499,0.020538220385130403,0.00012379270845818682,0.00012379270845818682,0.00011399076057598264
12,1.0,500,0.020533443372395547,0.00011447943251771764,0.00010327347611874262,0.00011447943251771764
