k,p,t,variance_mean,sem_total,sem_network,sem_runs
6,0.0,0,0.08195391568130614,0.0002834226253008584,0.0002834226253008584,0.00025886716116457065
6,0.0,1,0.050517161329128445,0.00027298025939166036,0.00027298025939166036,0.00024794464202234506
6,0.0,2,0.03909840259236472,0.0002472810842390376,0.0002472810842390376,0.0002373315796928551
6,0.0,3,0.03420107101939519,0.0002352434317668625,0.00019692469111363508,0.0002352434317668625
6,0.0,4,0.03257224598321149,0.00022746058984105056,0.00018713473376520464,0.00022746058984105056
6,0.0,5,0.032089120965555405,0.00024678514916877674,0.00020681739871384014,0.00024678514916877674
6,0.0,6,0.031843955627836915,0.00024077200074557124,0.00018893110249550266,0.00024077200074557124
6,0.0,7,0.03202606798129474,0.0002449748472862499,0.00020031343245570054,0.0002449748472862499
6,0.0,8,0.03233460295066524,0.0002477648159109699,0.00021862644126465,0.0002477648159109699
6,0.0,9,0.03248542270858083,0.0002587468205565394,0.00022338758023246792,0.0002587468205565394
6,0.0,10,0.03269242968049848,0.0002683893460712943,0.00021642147291270174,0.0002683893460712943
6,0.0,11,0.033009484564976085,0.0002770898655110713,0.00022269581869681463,0.0002770898655110713
6,0.0,12,0.03328218399887488,0.0002763662405106451,0.0002415726194157655,0.0002763662405106451
6,0.0,13,0.03376259721026537,0.00028709300102166906,0.0002412331633964796,0.00028709300102166906
6,0.0,14,0.03419580187589579,0.0002962464713392041,0.00025253900487782105,0.0002962464713392041
6,0.0,15,0.03435401642277732,0.0003061447167555716,0.0002637268394063944,0.0003061447167555716
6,0.0,16,0.03491858820262644,0.0003256631662534972,0.00027353866759971437,0.0003256631662534972
6,0.0,17,0.035242693776130644,0.0003376001150214086,0.00025433508840042816,0.0003376001150214086
6,0.0,18,0.03542819693843291,0.00034287184382666324,0.0002708380085580161,0.00034287184382666324
6,0.0,19,0.03580306466410129,0.00035407123720569776,0.0002526522004120996,0.00035407123720569776
6,0.0,20,0.0359040833957356,0.00035326080518119075,0.00028782882466930177,0.00035326080518119075
6,0.0,21,0.03637373156607904,0.00036491155555397174,0.0003229032766064082,0.00036491155555397174
6,0.0,22,0.03700130228544329,0.00036664816328455517,0.00034330918361527617,0.00036664816328455517
6,0.0,23,0.037352488206463946,0.0003746300271306712,0.0003518559054635091,0.0003746300271306712
6,0.0,24,0.03766160244034021,0.0004062810581974795,0.0004062810581974795,0.00037645614378105456
6,0.0,25,0.038058821015684814,0.0003991899098321865,0.0003991899098321866,0.0003978426692542639
6,0.0,26,0.03830812555833783,0.0004255405082692124,0.0004255405082692124,0.0004041527755883586
6,0.0,27,0.03856236454906007,0.0004407935465294481,0.0004407935465294481,0.00041080961907857615
6,0.0,28,0.0388466209003784,0.0004649713971469146,0.00046497139714691464,0.0004176360982942074
6,0.0,29,0.03902378365797876,0.00048094857361873533,0.00048094857361873533,0.0004140910854211269
6,0.0,30,0.0391781742835227,0.00045449850590687017,0.0004544985059068702,0.0004181297977458945
6,0.0,31,0.03943278212214149,0.000471583462373298,0.000471583462373298,0.0004208552324394438
6,0.0,32,0.039815459002711225,0.00047329575377044893,0.0004732957537704489,0.0004222667203557232
6,0.0,33,0.04009635826053813,0.0004452674725053993,0.0004225197926234504,0.0004452674725053993
6,0.0,34,0.04035621717393043,0.0004523909884568606,0.0004201345553890527,0.0004523909884568606
6,0.0,35,0.040706629553999195,0.00045622480068262646,0.0004122347008639994,0.00045622480068262646
6,0.0,36,0.041129267012888916,0.0004587376470304661,0.0004272054993404702,0.0004587376470304661
6,0.0,37,0.041428826871773565,0.00046640921534427983,0.0004591196705651919,0.00046640921534427983
6,0.0,38,0.04210206182716851,0.000512698163431533,0.000512698163431533,0.000485271451625075
6,0.0,39,0.04245378149406576,0.0004976302426478234,0.0004976302426478233,0.0004970057096271526
6,0.0,40,0.04266359975148746,0.0004907156062753333,0.0004024304069677906,0.0004907156062753333
6,0.0,41,0.04293723603509349,0.0004936571230162809,0.000461726611675779,0.0004936571230162809
6,0.0,42,0.04306599063877156,0.000503656351314315,0.00048366931353954805,0.000503656351314315
6,0.0,43,0.04342920416573746,0.0005151088700269216,0.0004912269275459768,0.0005151088700269216
6,0.0,44,0.04393684962281087,0.0005247657687024064,0.0005033001143152061,0.0005247657687024064
6,0.0,45,0.04408594510513516,0.0005298043940708163,0.0004991674962668337,0.0005298043940708163
6,0.0,46,0.04425807481920117,0.0005453130947994001,0.0005007971535812917,0.0005453130947994001
6,0.0,47,0.04442476776742098,0.0005427998639405186,0.0004529274823740164,0.0005427998639405186
6,0.0,48,0.04470112086165526,0.0005449967189432726,0.0004871523467381617,0.0005449967189432726
6,0.0,49,0.044968275987246384,0.0005531864213520066,0.0004601533110726324,0.0005531864213520066
6,0.0,50,0.044581875070091044,0.0005380019922693642,0.00048783838450138444,0.0005380019922693642
6,0.0,51,0.04452986969839805,0.0005418408079111846,0.0005161185567010981,0.0005418408079111846
6,0.0,52,0.044699537305736156,0.000547932858993529,0.0005195953308242109,0.000547932858993529
6,0.0,53,0.045039401012049014,0.0005452972311271675,0.0004936880043166406,0.0005452972311271675
6,0.0,54,0.045044114683851944,0.0005412134286658933,0.0005373638491211111,0.0005412134286658933
6,0.0,55,0.04522827917785381,0.0005532555272522325,0.0005117211427509309,0.0005532555272522325
6,0.0,56,0.04548102378702083,0.0005624668134798273,0.0005018250202647727,0.0005624668134798273
6,0.0,57,0.0455263802601794,0.000560259335928189,0.0005070869743295206,0.000560259335928189
6,0.0,58,0.04576802459174049,0.0005727716502652335,0.0005193788980990605,0.0005727716502652335
6,0.0,59,0.04565637746286031,0.0005694067582700289,0.00050224769090354,0.0005694067582700289
6,0.0,60,0.045943265065833336,0.0005715697889478531,0.0005070198823289762,0.0005715697889478531
6,0.0,61,0.046111743487591846,0.0005815015076401467,0.00047783880782191864,0.0005815015076401467
6,0.0,62,0.04633158955468594,0.0005912764022248235,0.00042951277503124096,0.0005912764022248235
6,0.0,63,0.04655882417466497,0.0005998890334852866,0.00038463135292537276,0.0005998890334852866
6,0.0,64,0.04667395176594305,0.0005977292987962473,0.0004604731478043219,0.0005977292987962473
6,0.0,65,0.046834779742974876,0.0006089571955138482,0.0004870098761202051,0.0006089571955138482
6,0.0,66,0.047182468173374154,0.0006184243964048662,0.00043500171156562675,0.0006184243964048662
6,0.0,67,0.047316602945937175,0.0006321024470946707,0.0004901149475629502,0.0006321024470946707
6,0.0,68,0.04745840700152827,0.0006362500208238052,0.0005122775991974194,0.0006362500208238052
6,0.0,69,0.04774225989609474,0.0006470292674899028,0.0005272380965229286,0.0006470292674899028
6,0.0,70,0.04787135916316956,0.0006440479277727401,0.0005056792110976019,0.0006440479277727401
6,0.0,71,0.048025351822638014,0.000643195105353247,0.0005269168747187129,0.000643195105353247
6,0.0,72,0.048311863068642755,0.0006543533201238933,0.0005279813578449086,0.0006543533201238933
6,0.0,73,0.04873574926885101,0.0006524490737603349,0.0005334878605997294,0.0006524490737603349
6,0.0,74,0.048891740239945095,0.0006622451932578751,0.0005255608404217911,0.0006622451932578751
6,0.0,75,0.049107724503780655,0.0006597435428922218,0.0005700676557690654,0.0006597435428922218
6,0.0,76,0.049278178861965324,0.0006557398331473075,0.0006124077681779524,0.0006557398331473075
6,0.0,77,0.049621221000681094,0.0006752552618848322,0.0006752552618848322,0.0006688019941824218
6,0.0,78,0.04957519685849187,0.0006762616553304126,0.0006762616553304126,0.0006643350560122843
6,0.0,79,0.04923943696277144,0.0006621420831143902,0.0006383922966536658,0.0006621420831143902
6,0.0,80,0.04950916127844276,0.0006665881646277829,0.0006157087189300703,0.0006665881646277829
6,0.0,81,0.0496395347515067,0.0006708489377066432,0.0006546942838254895,0.0006708489377066432
6,0.0,82,0.04993452037286299,0.000681707459976663,0.0006763883440641707,0.000681707459976663
6,0.0,83,0.0499646309893133,0.000723941655229828,0.000723941655229828,0.0006909519219469341
6,0.0,84,0.05022809846164778,0.0006905321117425784,0.0006693938995531354,0.0006905321117425784
6,0.0,85,0.050166126911720337,0.0006842307401949972,0.0006640317406135804,0.0006842307401949972
6,0.0,86,0.05050657945257352,0.0007091172056456792,0.00061507652066634,0.0007091172056456792
6,0.0,87,0.05089733044407146,0.0007218510732726545,0.000632428879783038,0.0007218510732726545
6,0.0,88,0.051191469857383896,0.0007307139061585539,0.0006991426398990179,0.0007307139061585539
6,0.0,89,0.051497563790020566,0.0007400301951936072,0.0006913510156624942,0.0007400301951936072
6,0.0,90,0.051367653072804526,0.0007384268103323457,0.0006999491816321293,0.0007384268103323457
6,0.0,91,0.05160184928179211,0.0007558370764539213,0.0006658967540199058,0.0007558370764539213
6,0.0,92,0.051494268821720736,0.0007516458658921144,0.0006899875910586989,0.0007516458658921144
6,0.0,93,0.05163767491902154,0.000754351668733629,0.0007176244200968406,0.000754351668733629
6,0.0,94,0.051968458273219595,0.0007700109729817191,0.0007211285843269068,0.0007700109729817191
6,0.0,95,0.05192510843687608,0.0007713806078233242,0.0007004988959929947,0.0007713806078233242
6,0.0,96,0.05215354482096006,0.0007771418642403703,0.0006989366236322399,0.0007771418642403703
6,0.0,97,0.05245798914373914,0.0007719527823597663,0.0007412972285829863,0.0007719527823597663
6,0.0,98,0.0528785147925694,0.0007789318928192111,0.0007403896191791588,0.0007789318928192111
6,0.0,99,0.05311035245229205,0.000789676145254915,0.0007460872100916005,0.000789676145254915
6,0.0,100,0.053222821381512506,0.0007926400807962828,0.0007817244480338339,0.0007926400807962828
6,0.0,101,0.053242962722689816,0.0007996650755699999,0.0007834420312383114,0.0007996650755699999
6,0.0,102,0.05349193061314285,0.0008223692862898618,0.0008223692862898619,0.000805660883317698
6,0.0,103,0.0538217622552273,0.0008079469998964489,0.0008004288975930643,0.0008079469998964489
6,0.0,104,0.053928917975539815,0.0008085227697808632,0.0007714509145405752,0.0008085227697808632
6,0.0,105,0.05378582499234682,0.0008077003926047246,0.0007560129560654089,0.0008077003926047246
6,0.0,106,0.05381043141090231,0.0008131557897025127,0.0007880355350157957,0.0008131557897025127
6,0.0,107,0.05382446765595804,0.0008006955342532862,0.0007725095689624405,0.0008006955342532862
6,0.0,108,0.053674757410816724,0.0008023493628698304,0.0007327690008037492,0.0008023493628698304
6,0.0,109,0.053847311802745206,0.0008088947727346064,0.0007696525185763399,0.0008088947727346064
6,0.0,110,0.05395445132790081,0.0008052462829794305,0.0007303080211630446,0.0008052462829794305
6,0.0,111,0.053725748070663014,0.0007965543210556892,0.0007505685573577305,0.0007965543210556892
6,0.0,112,0.05354797369749546,0.0008097084652635059,0.0007567784788443962,0.0008097084652635059
6,0.0,113,0.053756691373199585,0.0008200116901181325,0.000720860986815539,0.0008200116901181325
6,0.0,114,0.05410225982953798,0.000825356231805319,0.0007719705582550922,0.000825356231805319
6,0.0,115,0.05397242473898032,0.0008409712837579962,0.0007586683880668652,0.0008409712837579962
6,0.0,116,0.05430307748377191,0.0008533637060464795,0.0007939851818579239,0.0008533637060464795
6,0.0,117,0.05445094353710817,0.000856837942875613,0.0008126830473997418,0.000856837942875613
6,0.0,118,0.05445962015390204,0.0008544929043568513,0.000829992954029666,0.0008544929043568513
6,0.0,119,0.05468884447609928,0.0008615852464121476,0.00081536675477612,0.0008615852464121476
6,0.0,120,0.054753293478413255,0.0008740412751441144,0.0008176155605316541,0.0008740412751441144
6,0.0,121,0.05502182376214208,0.0008784109122656325,0.000834236780910235,0.0008784109122656325
6,0.0,122,0.05495811825584922,0.0008830653823496141,0.0008376198038587222,0.0008830653823496141
6,0.0,123,0.0549850944247664,0.0008863388891744582,0.0008393936469708632,0.0008863388891744582
6,0.0,124,0.055247837857072865,0.0009027684868825641,0.0008263637246023001,0.0009027684868825641
6,0.0,125,0.05533740051724957,0.000900788039032107,0.0008591535003082117,0.000900788039032107
6,0.0,126,0.055286901586774774,0.0009407448481942172,0.0009407448481942173,0.0009087740090625255
6,0.0,127,0.05518241292328383,0.0009440384679285066,0.0009440384679285065,0.0009036622683644994
6,0.0,128,0.05518778260846871,0.0009046204784891048,0.0009030443949576664,0.0009046204784891048
6,0.0,129,0.05531875507584689,0.0009620379701932514,0.0009620379701932514,0.0009086246436190336
6,0.0,130,0.05550699704939822,0.0009319408803048839,0.000931940880304884,0.0009073539879395528
6,0.0,131,0.05576519503925559,0.0010030024774983757,0.0010030024774983757,0.0009173166893277751
6,0.0,132,0.055950910779061204,0.0010426928189593795,0.0010426928189593795,0.0009159453905017852
6,0.0,133,0.055742553043576254,0.000977129191617072,0.000977129191617072,0.000915912752067098
6,0.0,134,0.05620186814703653,0.0009490198292214437,0.0009490198292214437,0.0009344023031632118
6,0.0,135,0.056004376094507875,0.0009486308404944698,0.0009486308404944698,0.0009352549146840281
6,0.0,136,0.055878264526347574,0.0009325315612617737,0.0009127207931332405,0.0009325315612617737
6,0.0,137,0.05608947940006907,0.0009305160872351723,0.0008792880956935569,0.0009305160872351723
6,0.0,138,0.05596998135770292,0.000932485368055523,0.0008679783173556072,0.000932485368055523
6,0.0,139,0.05595462861043108,0.000939847016415014,0.0008570522217871489,0.000939847016415014
6,0.0,140,0.05618127102713658,0.0009517910461595246,0.000826633166341099,0.0009517910461595246
6,0.0,141,0.05616310189195966,0.0009476877071706849,0.0008710392386179973,0.0009476877071706849
6,0.0,142,0.056360482813635635,0.0009546688074105004,0.0008071562878597682,0.0009546688074105004
6,0.0,143,0.05666842353761479,0.0009518246482327889,0.0008151511022301721,0.0009518246482327889
6,0.0,144,0.0568744672910544,0.0009628522935964082,0.0007403400139882658,0.0009628522935964082
6,0.0,145,0.056853724605289105,0.0009667557562208356,0.0007703872244872856,0.0009667557562208356
6,0.0,146,0.057011916576582014,0.000977572566888943,0.0007629494588550406,0.000977572566888943
6,0.0,147,0.05711236300204197,0.0009797155005649184,0.0007448306632665908,0.0009797155005649184
6,0.0,148,0.057356991824000045,0.000976522679670982,0.000649621567412813,0.000976522679670982
6,0.0,149,0.05724665271705714,0.0009621977550519436,0.0006891678971159346,0.0009621977550519436
6,0.0,150,0.05704363756117603,0.0009465943848352432,0.0007208325378328205,0.0009465943848352432
6,0.0,151,0.056771100006045364,0.00094122852635976,0.0007343625475683868,0.00094122852635976
6,0.0,152,0.05690592762308214,0.0009448464353920064,0.0006987179079328875,0.0009448464353920064
6,0.0,153,0.05697977094599292,0.0009529035516962263,0.0007260881765613185,0.0009529035516962263
6,0.0,154,0.056931240583903836,0.0009504368168823218,0.0007787501089611513,0.0009504368168823218
6,0.0,155,0.05747436362095223,0.0009455005158268993,0.0007824017553223831,0.0009455005158268993
6,0.0,156,0.05750949767159829,0.000952085223030514,0.0007671201035477274,0.000952085223030514
6,0.0,157,0.05726893419698743,0.0009452913443410136,0.0007261204555617835,0.0009452913443410136
6,0.0,158,0.05746868285352009,0.0009413563492590249,0.0006957205071790541,0.0009413563492590249
6,0.0,159,0.05749637069257419,0.0009409482205533885,0.0007437567734660763,0.0009409482205533885
6,0.0,160,0.057354755894224,0.0009521969406336946,0.0007629987953189629,0.0009521969406336946
6,0.0,161,0.05759794816806387,0.0009530135945820635,0.0007373934835017382,0.0009530135945820635
6,0.0,162,0.05750088043515833,0.0009643668451139397,0.0007678314644294917,0.0009643668451139397
6,0.0,163,0.05740081650601489,0.0009618460763679482,0.0007618756172178808,0.0009618460763679482
6,0.0,164,0.057483687594857634,0.0009560167915623492,0.0007370482149000094,0.0009560167915623492
6,0.0,165,0.05744435074975677,0.0009493602395662498,0.0007151080409613644,0.0009493602395662498
6,0.0,166,0.05788900719570504,0.0009581450087449777,0.0006926985473802771,0.0009581450087449777
6,0.0,167,0.057895272703981135,0.0009595810006806266,0.0006705748168450168,0.0009595810006806266
6,0.0,168,0.05820872728822742,0.0009579737363039653,0.0007079089430273408,0.0009579737363039653
6,0.0,169,0.05831098390971213,0.0009623384326380781,0.0007486001809899578,0.0009623384326380781
6,0.0,170,0.05825446668334163,0.000966650214269548,0.0007663336048503227,0.000966650214269548
6,0.0,171,0.058381068143605955,0.0009691587146339532,0.0007455189384640326,0.0009691587146339532
6,0.0,172,0.05836469746683512,0.0009622740888368196,0.0006669739932773636,0.0009622740888368196
6,0.0,173,0.058657298808177646,0.0009713649960248225,0.0006642370068362588,0.0009713649960248225
6,0.0,174,0.05864565425465927,0.0009583605006228621,0.0006472259430731297,0.0009583605006228621
6,0.0,175,0.05901189268278835,0.0009701341280514103,0.0006685786882272819,0.0009701341280514103
6,0.0,176,0.05897031536073889,0.0009639372271328377,0.000673137198128832,0.0009639372271328377
6,0.0,177,0.05917745640120913,0.0009741592287064493,0.0006957292528478798,0.0009741592287064493
6,0.0,178,0.05948762131929015,0.000982045337683855,0.0007726617294433059,0.000982045337683855
6,0.0,179,0.059422553855334286,0.0009781701539887653,0.0008085583669767476,0.0009781701539887653
6,0.0,180,0.05949777891045268,0.0009721438678886859,0.0007723807823181624,0.0009721438678886859
6,0.0,181,0.059884500483763196,0.000978885294895869,0.0008361832005862886,0.000978885294895869
6,0.0,182,0.05998279820115902,0.0009850655262962395,0.0008078392706321158,0.0009850655262962395
6,0.0,183,0.06056455685658874,0.0009949519016426193,0.0008438639413913204,0.0009949519016426193
6,0.0,184,0.060688209279349724,0.0009959119838159512,0.0008327757887654209,0.0009959119838159512
6,0.0,185,0.060390972218119135,0.000981564176572151,0.0008429837841598123,0.000981564176572151
6,0.0,186,0.060351113875578836,0.0009852714900521428,0.0008730541691451968,0.0009852714900521428
6,0.0,187,0.060891939192161924,0.0010001776836589646,0.000845103405584188,0.0010001776836589646
6,0.0,188,0.060937150925294434,0.0009965214627187218,0.0008431764636155446,0.0009965214627187218
6,0.0,189,0.06131180167766971,0.0010116599451364216,0.0008400802644055636,0.0010116599451364216
6,0.0,190,0.06106800861033204,0.0010073016027792256,0.0008600546516444717,0.0010073016027792256
6,0.0,191,0.06134908305130185,0.0010000106046183753,0.0008534666134409073,0.0010000106046183753
6,0.0,192,0.06167298837986583,0.0010041353484674849,0.0008072192461213066,0.0010041353484674849
6,0.0,193,0.06154243220213869,0.0010051373790609108,0.0008525416964571399,0.0010051373790609108
6,0.0,194,0.06168366912561253,0.0010127727355479527,0.0008585049743253793,0.0010127727355479527
6,0.0,195,0.0615987851655914,0.0010166688695146362,0.0009202953442854586,0.0010166688695146362
6,0.0,196,0.061584777638492766,0.0010125824408443163,0.0009140041253951191,0.0010125824408443163
6,0.0,197,0.06180587024700322,0.0010241283679951385,0.0009581595459581989,0.0010241283679951385
6,0.0,198,0.06194142156688697,0.0010335830890098987,0.0009626879202988875,0.0010335830890098987
6,0.0,199,0.06204607020777417,0.001048966067629422,0.0009726272003878106,0.001048966067629422
6,0.0,200,0.06181065039658444,0.001037491586383326,0.000943143213339938,0.001037491586383326
6,0.0,201,0.06154334697824304,0.001044508012715546,0.0009510953169162404,0.001044508012715546
6,0.0,202,0.06177409715858025,0.0010444476625555686,0.0009455439826795991,0.0010444476625555686
6,0.0,203,0.06153882577820049,0.0010526371088188137,0.0009001732866976134,0.0010526371088188137
6,0.0,204,0.061538941993767415,0.0010494661615199328,0.0008733254973588574,0.0010494661615199328
6,0.0,205,0.061294334088581835,0.0010468407386217849,0.0008650796533249517,0.0010468407386217849
6,0.0,206,0.061531045602155256,0.0010581073400466143,0.0008976195989413164,0.0010581073400466143
6,0.0,207,0.06143399284837585,0.001060891173892802,0.0008189853052518101,0.001060891173892802
6,0.0,208,0.06141580633611547,0.0010739616454873398,0.0008459054709584422,0.0010739616454873398
6,0.0,209,0.06120347718858551,0.0010764089317187378,0.0008478167278862172,0.0010764089317187378
6,0.0,210,0.06110286636885767,0.0010729461725626876,0.0008163041226095268,0.0010729461725626876
6,0.0,211,0.06105261809964421,0.0010675045702439312,0.0008471223006541002,0.0010675045702439312
6,0.0,212,0.06104339472600643,0.0010792163612315065,0.0008187135154298872,0.0010792163612315065
6,0.0,213,0.06053664644223807,0.0010777417545114682,0.0008736758523442791,0.0010777417545114682
6,0.0,214,0.06079309089822243,0.001074309301146467,0.0009336201141172786,0.001074309301146467
6,0.0,215,0.060948078747702535,0.001081559341560442,0.0009466232387793738,0.001081559341560442
6,0.0,216,0.06090965532827413,0.0010737497117313457,0.0009211141669061777,0.0010737497117313457
6,0.0,217,0.060877415998142434,0.0010772565884938847,0.0009523083357889596,0.0010772565884938847
6,0.0,218,0.06089619035047775,0.0010775985699870683,0.0009385237476783866,0.0010775985699870683
6,0.0,219,0.061095889802025724,0.0010844620400862997,0.0009775574168137393,0.0010844620400862997
6,0.0,220,0.061225267306732216,0.0010890339047109911,0.0010284586925666422,0.0010890339047109911
6,0.0,221,0.061150079934071844,0.0010833301328144905,0.001035521558537099,0.0010833301328144905
6,0.0,222,0.061193257654760455,0.0010993487330410202,0.0010993487330410202,0.0010830578366176193
6,0.0,223,0.06122665634965011,0.0010716537119052647,0.0010261803249057054,0.0010716537119052647
6,0.0,224,0.061259087023573654,0.0010674541515335435,0.0010496981945918495,0.0010674541515335435
6,0.0,225,0.06146350215201076,0.0010926132266067042,0.0010926132266067042,0.0010761193417511761
6,0.0,226,0.06182881417086376,0.001112548040026706,0.001112548040026706,0.0010734604021079913
6,0.0,227,0.06174450350381536,0.0010746241633594763,0.0010695254421743494,0.0010746241633594763
6,0.0,228,0.06180984240480606,0.0011134663589399115,0.0011134663589399112,0.001080302384848859
6,0.0,229,0.06159083750795833,0.0011002915178743849,0.0011002915178743849,0.0010817979982351799
6,0.0,230,0.0617631161837656,0.001077730859618726,0.0010593560731527495,0.001077730859618726
6,0.0,231,0.06217260048343724,0.0010863275315399616,0.0010172373018096294,0.0010863275315399616
6,0.0,232,0.062059025128949494,0.0010846448159296607,0.0010272009207211987,0.0010846448159296607
6,0.0,233,0.06191017494479372,0.001075491994322149,0.000979061743067106,0.001075491994322149
6,0.0,234,0.061717115209014066,0.001073714975260913,0.0010089862893621659,0.001073714975260913
6,0.0,235,0.0616303241706394,0.0010733766584274781,0.0010387700218007117,0.0010733766584274781
6,0.0,236,0.061302958973236815,0.0010580742347722702,0.0010279039598884185,0.0010580742347722702
6,0.0,237,0.06136513788963995,0.0010461419188122205,0.0009457166629284065,0.0010461419188122205
6,0.0,238,0.06147536489350509,0.0010511725929514615,0.0009382857192444565,0.0010511725929514615
6,0.0,239,0.06136412258167838,0.001054840897464417,0.0009602390053834261,0.001054840897464417
6,0.0,240,0.06167275131462378,0.0010771173698864637,0.0009360794402249227,0.0010771173698864637
6,0.0,241,0.06178911191113418,0.0010830336434300416,0.0009560751518214273,0.0010830336434300416
6,0.0,242,0.061752478311418814,0.0010763827979618783,0.0009273641667131581,0.0010763827979618783
6,0.0,243,0.06176455138203292,0.0010742488415279906,0.0009444698880853532,0.0010742488415279906
6,0.0,244,0.061677750979314855,0.001054017398221754,0.0009914819178312602,0.001054017398221754
6,0.0,245,0.06149001612609086,0.0010626033182754655,0.000967463420513558,0.0010626033182754655
6,0.0,246,0.06171559567014632,0.0010717303122587394,0.0009395906600035225,0.0010717303122587394
6,0.0,247,0.06165144717956828,0.0010809618242176655,0.0009834594812548427,0.0010809618242176655
6,0.0,248,0.06166426607701256,0.0010614730637635936,0.0009440503394930655,0.0010614730637635936
6,0.0,249,0.061733749704043196,0.0010556959980226824,0.0009912733976711907,0.0010556959980226824
6,0.0,250,0.061863770260609345,0.0010607703018990645,0.0009877446218393485,0.0010607703018990645
6,0.0,251,0.06212184601100693,0.0010708397515230036,0.0009510665917220332,0.0010708397515230036
6,0.0,252,0.06191366161105803,0.0010642612690109328,0.0009698554762274441,0.0010642612690109328
6,0.0,253,0.06160041709812311,0.0010588403650402822,0.0009806917038408464,0.0010588403650402822
6,0.0,254,0.06171938252897288,0.0010488551462047514,0.0009137940750680888,0.0010488551462047514
6,0.0,255,0.06165826487076824,0.0010364614162859513,0.0008857383785061656,0.0010364614162859513
6,0.0,256,0.061949273673456935,0.0010630101044449146,0.0009115365545166362,0.0010630101044449146
6,0.0,257,0.06173606253977478,0.0010520164675318978,0.0009082458008120925,0.0010520164675318978
6,0.0,258,0.06168634485349112,0.0010507438009869203,0.0009155102389781726,0.0010507438009869203
6,0.0,259,0.06174282006537532,0.0010638228434612929,0.0009331914866338527,0.0010638228434612929
6,0.0,260,0.061486714949204574,0.0010791217211486388,0.001035589986261387,0.0010791217211486388
6,0.0,261,0.06149650125031562,0.0010752276663034558,0.0010498202461788723,0.0010752276663034558
6,0.0,262,0.061253071144054434,0.0010843002326438352,0.0010275227261004288,0.0010843002326438352
6,0.0,263,0.06133699045581613,0.0010711317891457946,0.0009813596305106667,0.0010711317891457946
6,0.0,264,0.061357484623269384,0.001071914278148364,0.0010036050496954033,0.001071914278148364
6,0.0,265,0.06117610724908803,0.001095045002272794,0.001095045002272794,0.0010727190082369489
6,0.0,266,0.061149656104734856,0.0010873452634074735,0.0010873452634074735,0.0010689275446050005
6,0.0,267,0.060764700620963744,0.0010443434435077196,0.0010310631466093926,0.0010443434435077196
6,0.0,268,0.06070335978124466,0.0010505266487507625,0.0010124532106169756,0.0010505266487507625
6,0.0,269,0.06113716005583726,0.0010583397875665013,0.0009397456177018021,0.0010583397875665013
6,0.0,270,0.061486858386630636,0.001069925213616073,0.0009860018572230987,0.001069925213616073
6,0.0,271,0.06148476486157729,0.0010708119292813679,0.0009542834204499868,0.0010708119292813679
6,0.0,272,0.06173183917265159,0.0010770304101449077,0.0009245247566226248,0.0010770304101449077
6,0.0,273,0.0614102223864548,0.0010699072952977521,0.000925612839023201,0.0010699072952977521
6,0.0,274,0.06126527207779902,0.0010712059675602908,0.0009039617831675734,0.0010712059675602908
6,0.0,275,0.06180879602101925,0.0010684818301028127,0.0009736086801964815,0.0010684818301028127
6,0.0,276,0.061828017633837266,0.0010507240803740703,0.0010030525126184806,0.0010507240803740703
6,0.0,277,0.0616728123733498,0.0010538601600546882,0.001007512693312565,0.0010538601600546882
6,0.0,278,0.06157998563245407,0.0010439486695970755,0.0010010242476928594,0.0010439486695970755
6,0.0,279,0.061316451414298784,0.0010497366634076202,0.0010088764759542555,0.0010497366634076202
6,0.0,280,0.06123643541945822,0.001056111101389083,0.0010493848345165234,0.001056111101389083
6,0.0,281,0.06102192073709549,0.0010487925711489482,0.0010487925711489482,0.0010469832910226689
6,0.0,282,0.06095673566337347,0.00105965716816373,0.001044411854781511,0.00105965716816373
6,0.0,283,0.06087597629568632,0.0010723458169234047,0.0010723458169234047,0.0010594947357768863
6,0.0,284,0.060844136583878966,0.001053969464929197,0.0010391032762537347,0.001053969464929197
6,0.0,285,0.0610636477410133,0.001084751719247249,0.001084751719247249,0.0010453636088445498
6,0.0,286,0.06113914968453523,0.0011391355509265712,0.0011391355509265714,0.001054108720276725
6,0.0,287,0.06115455911529601,0.0010432170179995649,0.001038905263614511,0.0010432170179995649
6,0.0,288,0.06101033371783774,0.0010507081669689617,0.0010507081669689617,0.0010412879684425426
6,0.0,289,0.060707438999221305,0.0010689859097995288,0.0010689859097995286,0.0010570629513746211
6,0.0,290,0.06068409948686949,0.0010739800486505846,0.0010739800486505848,0.0010503916665539799
6,0.0,291,0.0604695347249327,0.001063392758122813,0.0010633927581228128,0.0010354206337020338
6,0.0,292,0.060691055064475384,0.0011063157165809038,0.0011063157165809038,0.0010596289429625236
6,0.0,293,0.060638934287718584,0.0011322980017248417,0.0011322980017248417,0.0010511616745087003
6,0.0,294,0.06069181852732681,0.0011378012723727714,0.0011378012723727714,0.0010518058000356435
6,0.0,295,0.06071999160031864,0.0011998751106011964,0.0011998751106011964,0.001051801879708536
6,0.0,296,0.061070234439672785,0.0011040930390355708,0.0011040930390355708,0.0010602833645809078
6,0.0,297,0.06129954110853655,0.0011305200005330442,0.0011305200005330442,0.0010740401120530707
6,0.0,298,0.06126017941402995,0.0011651668057158038,0.0011651668057158038,0.0010740816723032514
6,0.0,299,0.06149751251475881,0.0011160593424523147,0.001116059342452315,0.001085697734042824
6,0.0,300,0.06177037599848525,0.00113634554423893,0.00113634554423893,0.001086061139863814
6,0.0,301,0.062011889055272176,0.0011446228826800062,0.0011446228826800062,0.001103335179232038
6,0.0,302,0.06241359766770134,0.0012158587042147679,0.0012158587042147677,0.0010994046635562221
6,0.0,303,0.06267392476191466,0.0012086920408861035,0.0012086920408861037,0.001097236718220231
6,0.0,304,0.0627678493938232,0.0011498954889680893,0.001149895488968089,0.0011033001832655366
6,0.0,305,0.0627461146072032,0.0011624409715115316,0.0011624409715115319,0.0011115908853613849
6,0.0,306,0.06244097602533527,0.0011981834371903712,0.0011981834371903712,0.0011044795403227447
6,0.0,307,0.06241529820564485,0.0011533514893475934,0.0011533514893475936,0.0010948334802604708
6,0.0,308,0.06229765846530168,0.0011536889511050102,0.00115368895110501,0.0010851365815883354
6,0.0,309,0.06236059755109876,0.0011553807131562883,0.0011553807131562885,0.0010754478716809748
6,0.0,310,0.06234221414037822,0.0011859653146857239,0.0011859653146857239,0.0010671165724629437
6,0.0,311,0.06256831942834015,0.0011501862087716244,0.0011501862087716244,0.001079315986815549
6,0.0,312,0.06270609651456256,0.0011691101823148183,0.0011691101823148183,0.001093004132735838
6,0.0,313,0.06285135474912515,0.0011929436381650832,0.0011929436381650832,0.001089362128627307
6,0.0,314,0.06266203806390756,0.0011637342395717835,0.0011637342395717835,0.0010765714209127078
6,0.0,315,0.06278040049691504,0.0011876856709301246,0.0011876856709301246,0.0010661775521385016
6,0.0,316,0.06275263058605783,0.0011635245731240057,0.0011635245731240057,0.0010584317639049095
6,0.0,317,0.06264111076327465,0.0011530918612761437,0.0011530918612761437,0.001051721647277587
6,0.0,318,0.0627085789162816,0.001169980071869191,0.001169980071869191,0.0010394319101809431
6,0.0,319,0.0625136880768968,0.0011822420427543437,0.0011822420427543437,0.0010345574400610856
6,0.0,320,0.062476959071728295,0.001143560179553719,0.0011435601795537187,0.001040069455563674
6,0.0,321,0.06241204408305452,0.0011181194891286797,0.0011181194891286797,0.0010403458381978105
6,0.0,322,0.0625235638450413,0.0011003130728779271,0.001100313072877927,0.001026744850562429
6,0.0,323,0.06235312811277007,0.0011489262653955228,0.0011489262653955228,0.0010180610727629031
6,0.0,324,0.06206062541353206,0.00113429255927066,0.00113429255927066,0.0010156520881803915
6,0.0,325,0.06221579917307245,0.001103852585009382,0.001103852585009382,0.0010199309026802804
6,0.0,326,0.06215800979394399,0.0011578192944488213,0.0011578192944488213,0.0010268027263243009
6,0.0,327,0.061824582396430953,0.0010808346817309483,0.0010808346817309483,0.001003295075566596
6,0.0,328,0.06162618978150635,0.0011033446939368182,0.0011033446939368182,0.00099182247098741
6,0.0,329,0.062070434486902054,0.0011004992716475287,0.0011004992716475287,0.000998701852783924
6,0.0,330,0.06211382531008484,0.0010987483832927973,0.0010987483832927973,0.0009980630488405952
6,0.0,331,0.061760479611131534,0.001080124580965881,0.001080124580965881,0.0009970224310283493
6,0.0,332,0.061885267711131335,0.0011190097569615946,0.0011190097569615946,0.001009357763072814
6,0.0,333,0.06160113000796429,0.0011473833731328747,0.0011473833731328747,0.001000816241543945
6,0.0,334,0.06154804795388515,0.0011442558305235222,0.001144255830523522,0.0009992098241025215
6,0.0,335,0.061626504942187424,0.0011437203681740021,0.0011437203681740021,0.0010052604177918732
6,0.0,336,0.06181697808826992,0.0011596815790210645,0.0011596815790210645,0.0010172977780499206
6,0.0,337,0.0619126690984193,0.001144787696249547,0.0011447876962495471,0.0010201605737350883
6,0.0,338,0.06199392082448812,0.0011844882319926038,0.0011844882319926038,0.0010376690843204445
6,0.0,339,0.06239678201929032,0.0012286295837860089,0.0012286295837860089,0.001057319392646133
6,0.0,340,0.062319561216423076,0.001218225197033703,0.001218225197033703,0.0010409154597063224
6,0.0,341,0.06210402105971438,0.001245207821137879,0.001245207821137879,0.0010390441611306247
6,0.0,342,0.06253297510119561,0.0012713032440403722,0.0012713032440403722,0.0010481096461788443
6,0.0,343,0.06260006035253564,0.0012873915685084059,0.0012873915685084059,0.0010434411659944569
6,0.0,344,0.0625594642496772,0.001282241259885805,0.001282241259885805,0.0010462512895208062
6,0.0,345,0.06261371779297992,0.001305751107324354,0.001305751107324354,0.0010289102697275277
6,0.0,346,0.0625262968213947,0.0012891524753318136,0.0012891524753318136,0.001042733869463067
6,0.0,347,0.06253608387690812,0.0012928392299297617,0.0012928392299297617,0.0010331667457028093
6,0.0,348,0.06276491207210363,0.0013594960521790729,0.0013594960521790729,0.0010513188482430386
6,0.0,349,0.06275494951117373,0.0013585835181398685,0.0013585835181398685,0.0010601841835569436
6,0.0,350,0.0626442411235369,0.0013534782850784712,0.001353478285078471,0.0010549694490845345
6,0.0,351,0.06273055395376516,0.001333269084684532,0.001333269084684532,0.0010535897213513072
6,0.0,352,0.06295431149321991,0.0012955684281491385,0.0012955684281491385,0.001047276254095878
6,0.0,353,0.06274353600461738,0.0013127295424606718,0.0013127295424606718,0.0010434269855022793
6,0.0,354,0.0626588529043045,0.0013261752525152094,0.0013261752525152094,0.0010227101130039246
6,0.0,355,0.06274697030970326,0.001411872980573714,0.001411872980573714,0.0010446835996362055
6,0.0,356,0.06295975751088566,0.001322926379612606,0.0013229263796126062,0.0010407196177455707
6,0.0,357,0.06278704424182815,0.0013605379455724166,0.0013605379455724166,0.0010656642627957414
6,0.0,358,0.06330600217564811,0.00136858865090476,0.00136858865090476,0.001078657396206614
6,0.0,359,0.06331252674964367,0.0013704486781222463,0.001370448678122246,0.0010624177947693239
6,0.0,360,0.06345840262198832,0.0013267552164217282,0.001326755216421728,0.0010735504342209024
6,0.0,361,0.0635811032998438,0.00133894838706866,0.00133894838706866,0.001088477489308185
6,0.0,362,0.06383975577010144,0.0013162024264318025,0.0013162024264318025,0.0010869952659752992
6,0.0,363,0.06386288627931834,0.0013290446122402404,0.0013290446122402404,0.0010790567510243045
6,0.0,364,0.06395749638116842,0.0013049964160088763,0.0013049964160088763,0.001076354350225714
6,0.0,365,0.06391876404134186,0.0013579517423570355,0.0013579517423570355,0.001087870294897711
6,0.0,366,0.06384353051244593,0.0013235064538373894,0.0013235064538373897,0.0010935544736696515
6,0.0,367,0.06361861089452683,0.0013188398894045362,0.0013188398894045362,0.0010878733509797668
6,0.0,368,0.0635056034439219,0.0012467758521472244,0.0012467758521472244,0.0010740131186541477
6,0.0,369,0.06373701371054628,0.0012916362184905263,0.001291636218490526,0.0010886036320611064
6,0.0,370,0.06353064448176912,0.0012597467753849125,0.0012597467753849125,0.0010925163586135024
6,0.0,371,0.06341389441989165,0.001225719400095144,0.0012257194000951438,0.0011051784638405823
6,0.0,372,0.06366293502117001,0.0012163553337978306,0.0012163553337978306,0.0010849857344737539
6,0.0,373,0.06386986869941484,0.0012257269234150787,0.0012257269234150787,0.001092859536767447
6,0.0,374,0.06377253869205969,0.0012574997966905426,0.0012574997966905426,0.001101348647698493
6,0.0,375,0.06390895050138116,0.001235318648611173,0.001235318648611173,0.001098473385629771
6,0.0,376,0.06397914196115263,0.0012503681688004037,0.0012503681688004037,0.0010985078115849272
6,0.0,377,0.06376861598535187,0.00119218155438402,0.00119218155438402,0.0010749934660081058
6,0.0,378,0.06369038347087443,0.0012323934848864954,0.0012323934848864954,0.00108048250075962
6,0.0,379,0.06347770700261007,0.001241921678435302,0.001241921678435302,0.0010845494164969922
6,0.0,380,0.06349686438510357,0.0012371368712444657,0.0012371368712444657,0.001098511665543396
6,0.0,381,0.06371492609989342,0.0012881930382250273,0.0012881930382250273,0.0011100274021005518
6,0.0,382,0.06377687104011016,0.0013501185957809183,0.0013501185957809183,0.0011043815266390184
6,0.0,383,0.06365235713256508,0.0012610357337261987,0.0012610357337261987,0.001095198565824237
6,0.0,384,0.06347072975110031,0.0012932117848524867,0.0012932117848524867,0.0011003270943608055
6,0.0,385,0.06332706818813134,0.0012720111973186959,0.0012720111973186959,0.0011001347377945173
6,0.0,386,0.06290075507746248,0.0013014448872497805,0.0013014448872497803,0.001111357094730765
6,0.0,387,0.06311831395126347,0.0012551215948582051,0.0012551215948582051,0.001116659523173953
6,0.0,388,0.06311548893890907,0.0012795633365060535,0.0012795633365060533,0.0011183373688643937
6,0.0,389,0.06349518885962302,0.001237719608404681,0.0012377196084046808,0.0011288018603543267
6,0.0,390,0.06383073270204129,0.0012939162014086584,0.0012939162014086584,0.001127111682999268
6,0.0,391,0.06389064118479232,0.0012718354626238973,0.0012718354626238973,0.0011401033529127504
6,0.0,392,0.06398036335663654,0.0012848865276139498,0.0012848865276139498,0.0011665896063465843
6,0.0,393,0.06423845673363235,0.0012373327178911006,0.0012373327178911006,0.001171327082914949
6,0.0,394,0.06387594742217953,0.0012145984827823815,0.0012145984827823815,0.001172190241997504
6,0.0,395,0.06393015758034273,0.001240323860085398,0.001240323860085398,0.0011784487516219972
6,0.0,396,0.06344619470101641,0.001255909891954111,0.001255909891954111,0.0011814944173076847
6,0.0,397,0.06382782091172744,0.0012600314122371895,0.0012600314122371895,0.00119362191343961
6,0.0,398,0.06393622075551604,0.001286171923487404,0.001286171923487404,0.0011957840577607722
6,0.0,399,0.06399296323950351,0.0013100640267598637,0.0013100640267598637,0.0011920428012775254
6,0.0,400,0.06394725310536528,0.001325321989119459,0.001325321989119459,0.001196517540128893
6,0.0,401,0.06428767593222648,0.001254129420741954,0.001254129420741954,0.0011918646241556754
6,0.0,402,0.06403463068145901,0.0012160755015413079,0.0012160755015413079,0.001176102136367569
6,0.0,403,0.06383965296053934,0.0012073065150120985,0.0012073065150120985,0.0011866823641197752
6,0.0,404,0.06338794092210849,0.0011844659438930852,0.0011844659438930852,0.0011823357132806351
6,0.0,405,0.06354435696309554,0.0012082043810464251,0.0012082043810464251,0.0011907104814689706
6,0.0,406,0.06352718961005792,0.0011781499542287983,0.001178149954228798,0.0011764512218101278
6,0.0,407,0.06344217853126995,0.001171658110728755,0.001125660730914386,0.001171658110728755
6,0.0,408,0.06315873498019038,0.001155566128862349,0.0010832318539115448,0.001155566128862349
6,0.0,409,0.0634555387087529,0.0011467710041989647,0.0010711074103098499,0.0011467710041989647
6,0.0,410,0.06325663808491432,0.0011592586577300432,0.0010334522623805674,0.0011592586577300432
6,0.0,411,0.06318371198465153,0.0011640452308241287,0.0010472440374461435,0.0011640452308241287
6,0.0,412,0.06332521672010262,0.0011596317648440743,0.0010635057434321535,0.0011596317648440743
6,0.0,413,0.06294715831814808,0.0011502155637068809,0.0011086588702121554,0.0011502155637068809
6,0.0,414,0.06293161411161921,0.0011488113429868434,0.0010864066284465275,0.0011488113429868434
6,0.0,415,0.06345460934317813,0.0011527480977120217,0.0011002805014194484,0.0011527480977120217
6,0.0,416,0.0632313238061776,0.0011568554175470384,0.0010772400480239877,0.0011568554175470384
6,0.0,417,0.06332831615194569,0.001172483312359156,0.001030448813299791,0.001172483312359156
6,0.0,418,0.06363351598531443,0.001182939727073225,0.0010521358018732811,0.001182939727073225
6,0.0,419,0.06364194263998736,0.0011831699357957384,0.0010194230875815908,0.0011831699357957384
6,0.0,420,0.0637766478309817,0.0011861323957982394,0.0010241676086111353,0.0011861323957982394
6,0.0,421,0.06382192672141439,0.0011833232324988687,0.0010217602168713308,0.0011833232324988687
6,0.0,422,0.06390741724857346,0.0011855886834196145,0.0010438629681417488,0.0011855886834196145
6,0.0,423,0.06375565857617872,0.001175840618666874,0.0011347082727152884,0.001175840618666874
6,0.0,424,0.06375784854804459,0.001183475493529065,0.001134769054807623,0.001183475493529065
6,0.0,425,0.06363899283897058,0.0011815910771009388,0.001169535778590534,0.0011815910771009388
6,0.0,426,0.06381144896383541,0.0011872674965792997,0.0011713314252552512,0.0011872674965792997
6,0.0,427,0.06400845211889054,0.0011822114962504922,0.0011694604435334227,0.0011822114962504922
6,0.0,428,0.0636564329337212,0.0011766625334545136,0.0011187546969355893,0.0011766625334545136
6,0.0,429,0.0636579676501536,0.0011776082263620774,0.0011776082263620774,0.0011583352491093366
6,0.0,430,0.06356343704441783,0.0011615007693145895,0.0011565072210914357,0.0011615007693145895
6,0.0,431,0.06335216900353943,0.0011470399248920515,0.0011167999738139712,0.0011470399248920515
6,0.0,432,0.06344559531214032,0.0011378776709149066,0.0011378776709149066,0.0011331455789067562
6,0.0,433,0.06350918283370088,0.001190350817524852,0.001190350817524852,0.001134052650183304
6,0.0,434,0.06328891682332004,0.001210444440312621,0.001210444440312621,0.0011319573805431556
6,0.0,435,0.06300999157511576,0.0011330544995569252,0.0011330544995569252,0.0011184893395010285
6,0.0,436,0.06259833552729793,0.0010986700103938207,0.0010556378983199955,0.0010986700103938207
6,0.0,437,0.06286090033543673,0.00110460048432177,0.001034683873954629,0.00110460048432177
6,0.0,438,0.06300543218063051,0.0011003876144519082,0.0010546073247018125,0.0011003876144519082
6,0.0,439,0.06329187129782306,0.00110110005798753,0.0010852624688278717,0.00110110005798753
6,0.0,440,0.06341827758910702,0.0011060358745944234,0.0010613749140335389,0.0011060358745944234
6,0.0,441,0.06355700265055558,0.001110550521104796,0.001068361692445966,0.001110550521104796
6,0.0,442,0.063944038789762,0.0011270487767911432,0.0010746597507792696,0.0011270487767911432
6,0.0,443,0.06398273589799425,0.0011217074425255147,0.0011217074425255147,0.0011156806056805118
6,0.0,444,0.06385017506381571,0.001119452379204716,0.0011113309789803905,0.001119452379204716
6,0.0,445,0.06344390232023493,0.0011133663984528787,0.0010921933029420519,0.0011133663984528787
6,0.0,446,0.06356377646163641,0.0011584133718422645,0.0011584133718422645,0.0011082191552745876
6,0.0,447,0.06377501350430008,0.001125314704079062,0.001125314704079062,0.00111381978850682
6,0.0,448,0.06339502789217676,0.0011581521914734406,0.0011581521914734406,0.0010990203513061307
6,0.0,449,0.06358524492180358,0.0011710997094459858,0.0011710997094459858,0.0011193674110360555
6,0.0,450,0.06361742086745437,0.0011633541499777383,0.0011633541499777383,0.0011069968462281228
6,0.0,451,0.06346809265667548,0.0011332595689197884,0.0011332595689197884,0.0010914858837027038
6,0.0,452,0.06341298187925996,0.0012346879502154555,0.0012346879502154555,0.0010836221937565696
6,0.0,453,0.0632403603475398,0.0012327821379501712,0.0012327821379501712,0.0010860813816901608
6,0.0,454,0.06319780978224218,0.001192828903159921,0.001192828903159921,0.001074418212757776
6,0.0,455,0.0630694872414609,0.001211695544201057,0.0012116955442010573,0.0010844469854666262
6,0.0,456,0.06307596184227192,0.0011964923142895871,0.0011964923142895871,0.001084836846034624
6,0.0,457,0.06316912720045574,0.0012010816528881627,0.0012010816528881627,0.0010877512719457913
6,0.0,458,0.06314927009103735,0.0012043575991136674,0.0012043575991136674,0.0010830042251996994
6,0.0,459,0.0630327049897126,0.0011922590035099566,0.0011922590035099566,0.0010949930683998204
6,0.0,460,0.06322249717261257,0.0011721904839390096,0.0011721904839390096,0.001099482116549234
6,0.0,461,0.06340201271366817,0.0011407707865887249,0.0011407707865887249,0.0011016503441688003
6,0.0,462,0.06324373256668557,0.0012017289083345855,0.0012017289083345853,0.0011150428518815398
6,0.0,463,0.06307672737010447,0.0011797773308692514,0.0011797773308692516,0.0011222656681832196
6,0.0,464,0.0631823652403502,0.0011102874668256827,0.001108033300856963,0.0011102874668256827
6,0.0,465,0.06350151321142403,0.0011849323255399141,0.0011849323255399141,0.0011199490082619689
6,0.0,466,0.06388393226314058,0.0011802204595710698,0.0011802204595710698,0.0011394436527264772
6,0.0,467,0.06421380761251466,0.0011946890697385284,0.0011946890697385284,0.0011388596650100963
6,0.0,468,0.06448264466318185,0.0012033230806297445,0.0012033230806297445,0.0011433420588423235
6,0.0,469,0.06444564606529142,0.0011576251105128532,0.0011576251105128532,0.0011509017257661895
6,0.0,470,0.06433975169138709,0.0011897578910872047,0.0011897578910872047,0.001150506112322276
6,0.0,471,0.06435731258747254,0.001145752863109147,0.0011158830789952676,0.001145752863109147
6,0.0,472,0.06408523993058077,0.0011388302619252774,0.0010770704439278002,0.0011388302619252774
6,0.0,473,0.064044903187904,0.0011464197713074106,0.001113041538228921,0.0011464197713074106
6,0.0,474,0.06416408197354542,0.0011502405682976636,0.0010755994989773128,0.0011502405682976636
6,0.0,475,0.06431986067825744,0.0011712790976775131,0.0011526991056891635,0.0011712790976775131
6,0.0,476,0.06460003884536873,0.0012059172395381607,0.0012059172395381607,0.0011808049584031836
6,0.0,477,0.06471458647007308,0.001220687557592056,0.001220687557592056,0.0011856954700235254
6,0.0,478,0.06478566980094906,0.0012008354959825614,0.0012008354959825612,0.0011923193367369821
6,0.0,479,0.0645196142531937,0.0011738032903873521,0.0011422393979845188,0.0011738032903873521
6,0.0,480,0.0644067992151717,0.0011679415679205199,0.0011140346476773714,0.0011679415679205199
6,0.0,481,0.06466791925827248,0.0011918859123092368,0.0011325720168775181,0.0011918859123092368
6,0.0,482,0.06455920242133802,0.0011654348492470157,0.0010893288652724484,0.0011654348492470157
6,0.0,483,0.06494622921340566,0.001165688750270823,0.0011157742055703207,0.001165688750270823
6,0.0,484,0.06483542997067004,0.0011638358592009359,0.0010372705450798863,0.0011638358592009359
6,0.0,485,0.06465815738128147,0.0011554429134313132,0.0009968619434669176,0.0011554429134313132
6,0.0,486,0.0643611997368602,0.0011613997951952625,0.000981858645329001,0.0011613997951952625
6,0.0,487,0.06421648517910271,0.001161850783948179,0.0009954331057505615,0.001161850783948179
6,0.0,488,0.06422891628726109,0.0011632818332923732,0.0010038751063078883,0.0011632818332923732
6,0.0,489,0.06423406916235436,0.0011631069089019304,0.0009826632081921414,0.0011631069089019304
6,0.0,490,0.0645397462722065,0.0011579683121083913,0.001017966458548257,0.0011579683121083913
6,0.0,491,0.0644671960718057,0.0011625893987122467,0.0010952150935101194,0.0011625893987122467
6,0.0,492,0.06434082461952442,0.0011519776842009088,0.0011166441179549585,0.0011519776842009088
6,0.0,493,0.06431923172990957,0.0011553424211585355,0.0010921609168316865,0.0011553424211585355
6,0.0,494,0.06463994937170477,0.0011543523864384207,0.0010295986722517424,0.0011543523864384207
6,0.0,495,0.06460599000059279,0.0011425015768759329,0.0010145262068985857,0.0011425015768759329
6,0.0,496,0.06414185661501733,0.0011414099139721503,0.0009530014695887567,0.0011414099139721503
6,0.0,497,0.06437403337223993,0.0011584294796400964,0.0010169295520026634,0.0011584294796400964
6,0.0,498,0.06471770794522462,0.0011792817650683836,0.0010144695263342874,0.0011792817650683836
6,0.0,499,0.06507072724631909,0.001194249304372035,0.0010628063450280679,0.001194249304372035
6,0.0,500,0.06528807282020482,0.0012024423410801062,0.0010066389234188228,0.0012024423410801062
6,0.01,0,0.08207712768671585,0.00024502312193363715,0.00020852279381450555,0.00024502312193363715
6,0.01,1,0.05052522615376161,0.0002558018231971712,0.00020228913331313484,0.0002558018231971712
6,0.01,2,0.03847793570726018,0.00022203304444836004,0.00021608208293493494,0.00022203304444836004
6,0.01,3,0.033689497215833614,0.00023042087375923118,0.00021183337408095445,0.00023042087375923118
6,0.01,4,0.03181996346647147,0.00023997991108394684,0.0002399799110839468,0.00022783204766957065
6,0.01,5,0.030985326092461206,0.0002309935690527531,0.0002159737033230646,0.0002309935690527531
6,0.01,6,0.030893312729451707,0.00024330712137918148,0.00020393828918862937,0.00024330712137918148
6,0.01,7,0.031057007702360084,0.00024795997340248385,0.00022752339030647175,0.00024795997340248385
6,0.01,8,0.03141309228769244,0.00025157534811613914,0.00022212872381041982,0.00025157534811613914
6,0.01,9,0.03174373084579618,0.0002622348158153595,0.00020953550225292133,0.0002622348158153595
6,0.01,10,0.03215072209070297,0.00026490312272239223,0.00021892184165811447,0.00026490312272239223
6,0.01,11,0.03247235374576882,0.0002710430190641125,0.00020385576401809108,0.0002710430190641125
6,0.01,12,0.03267211779098405,0.0002766905058080788,0.00021126031334131482,0.0002766905058080788
6,0.01,13,0.03313888102643076,0.00028505756329967846,0.00018595762329891175,0.00028505756329967846
6,0.01,14,0.03370893322220179,0.00029433800266451005,0.0001655294757238366,0.00029433800266451005
6,0.01,15,0.03391062835067993,0.0002980606165624572,0.00021899779060609786,0.0002980606165624572
6,0.01,16,0.03429987519543553,0.0003073507487549186,0.00024978342903221,0.0003073507487549186
6,0.01,17,0.03472378018054614,0.0003166361112804295,0.00027868631327329575,0.0003166361112804295
6,0.01,18,0.035090196809946274,0.0003202001085784352,0.000277393115791815,0.0003202001085784352
6,0.01,19,0.03529947302516421,0.00032896519166550613,0.0002793706276583734,0.00032896519166550613
6,0.01,20,0.03553416482600791,0.0003365223124926317,0.0002947236316151168,0.0003365223124926317
6,0.01,21,0.035648576666418005,0.00034484955336844784,0.0003008932100284554,0.00034484955336844784
6,0.01,22,0.03575500551791317,0.0003486801056529834,0.00028739644657380526,0.0003486801056529834
6,0.01,23,0.03598669521420086,0.0003594771664373715,0.00029463103261627904,0.0003594771664373715
6,0.01,24,0.03641555634118736,0.0003652850284580724,0.0002815766028344981,0.0003652850284580724
6,0.01,25,0.036618794620574956,0.0003670145168375604,0.0003184524598340485,0.0003670145168375604
6,0.01,26,0.03663888523450489,0.00036866047762707774,0.0003686604776270777,0.0003666141311489916
6,0.01,27,0.036995870558452035,0.0003828748377075718,0.0003828748377075717,0.00036859556589433176
6,0.01,28,0.03735397508220822,0.00037946788953494075,0.0003710512295215255,0.00037946788953494075
6,0.01,29,0.03770501698498493,0.0003868665955246436,0.0003555053629668667,0.0003868665955246436
6,0.01,30,0.03800924264820042,0.0003903106950277753,0.00037556175697714655,0.0003903106950277753
6,0.01,31,0.03808578317365439,0.00040340605089205135,0.00036350216848037893,0.00040340605089205135
6,0.01,32,0.03853761194109074,0.00041168025328662257,0.00041168025328662257,0.00040653023350384197
6,0.01,33,0.038702647463285236,0.00040163797157087615,0.000381558187716201,0.00040163797157087615
6,0.01,34,0.03872728594915107,0.00041621858321171676,0.00041508715035654424,0.00041621858321171676
6,0.01,35,0.03880897123857827,0.00044593068333065593,0.00044593068333065593,0.00041747461535432504
6,0.01,36,0.0390331332570912,0.00043658491189646123,0.0004365849118964613,0.00042098923898746115
6,0.01,37,0.03938222337783999,0.0004372085479998109,0.0004151957229680419,0.0004372085479998109
6,0.01,38,0.039611154309061196,0.00043662540208969395,0.00043293804867626854,0.00043662540208969395
6,0.01,39,0.03989669084400303,0.00044261067208572525,0.00042166141079119515,0.00044261067208572525
6,0.01,40,0.040237448954399624,0.0004453934612367601,0.00044539346123676014,0.000444633757764957
6,0.01,41,0.04030888799326519,0.0004605112465557069,0.0004605112465557069,0.0004437509760500045
6,0.01,42,0.04055145986639624,0.0004485294047013856,0.0004485294047013856,0.00043949301144249235
6,0.01,43,0.040751643132776044,0.00045018122951092076,0.0004501812295109207,0.00044197108185801997
6,0.01,44,0.04087228735430894,0.0004688485895426546,0.0004688485895426546,0.000439072526231267
6,0.01,45,0.04108000481494399,0.0004804619382434265,0.0004804619382434265,0.00044448048064458986
6,0.01,46,0.04143619297345482,0.0004896313166231145,0.0004896313166231145,0.0004539776588396895
6,0.01,47,0.04162813349748913,0.0004872235929264994,0.0004872235929264994,0.0004563896171942999
6,0.01,48,0.04175556695244923,0.000504497083251675,0.0005044970832516749,0.000462037354147901
6,0.01,49,0.041944948886641534,0.0004936253773605458,0.0004936253773605457,0.00046475076421676647
6,0.01,50,0.042249452618043366,0.0005087098705639879,0.0005087098705639879,0.0004625731921140181
6,0.01,51,0.04239642435953309,0.0004870517308032434,0.0004870517308032434,0.0004693646408585223
6,0.01,52,0.04259717809149754,0.000501218470482617,0.000501218470482617,0.0004756051931861268
6,0.01,53,0.042524067830447314,0.0005182088252283479,0.0005182088252283479,0.0004824056083691046
6,0.01,54,0.04282126393845622,0.0005396151562644358,0.0005396151562644357,0.0004931463440056138
6,0.01,55,0.042780648607436064,0.0005611623217617566,0.0005611623217617566,0.000495225961144496
6,0.01,56,0.04287776393111487,0.0005630569944698535,0.0005630569944698535,0.0004930981304677911
6,0.01,57,0.04309898884712148,0.0005570756445204845,0.0005570756445204845,0.0005026612546105239
6,0.01,58,0.04334135607021636,0.000569138949010542,0.0005691389490105419,0.0005079306239823183
6,0.01,59,0.043368525646865455,0.000559173156917016,0.000559173156917016,0.0005086823189645715
6,0.01,60,0.04356659689428022,0.0006113874342875311,0.0006113874342875311,0.0005190012783643143
6,0.01,61,0.04367410688207529,0.0006228514350331352,0.0006228514350331352,0.0005248960334970415
6,0.01,62,0.04394405248176247,0.0006769286257188603,0.0006769286257188603,0.0005403666251152629
6,0.01,63,0.04422189883548671,0.0006323035546545169,0.0006323035546545169,0.0005326550451656798
6,0.01,64,0.04423357128063093,0.0006417639287719096,0.0006417639287719095,0.0005307029772360815
6,0.01,65,0.04410397942448401,0.0005874632059098409,0.0005874632059098408,0.000531405377702408
6,0.01,66,0.04426684703898917,0.0006288286393940284,0.0006288286393940284,0.0005438344193728885
6,0.01,67,0.04435124508640866,0.0006414734070852105,0.0006414734070852105,0.0005518723045844731
6,0.01,68,0.044607275217952554,0.000628568630800753,0.000628568630800753,0.0005512107338937804
6,0.01,69,0.044525818931769746,0.000668919165291568,0.000668919165291568,0.0005505402590934495
6,0.01,70,0.04464010130014743,0.000664486939050863,0.000664486939050863,0.0005500415736749339
6,0.01,71,0.04481699319362043,0.0006537447986407191,0.0006537447986407191,0.0005618775120839128
6,0.01,72,0.04485476535672999,0.0006555479976941324,0.0006555479976941324,0.0005666541913313457
6,0.01,73,0.04517884782121303,0.000690046891988538,0.0006900468919885379,0.0005643253249013646
6,0.01,74,0.045507838559696125,0.000711953832699222,0.000711953832699222,0.000580761557837757
6,0.01,75,0.045603545429157795,0.0006833563692901331,0.0006833563692901331,0.0005899168624985424
6,0.01,76,0.04574809021153296,0.000750777678579604,0.000750777678579604,0.000595233779710305
6,0.01,77,0.04580934585806132,0.0007395553784212702,0.0007395553784212702,0.0005917239573812571
6,0.01,78,0.04610900244939179,0.0007506608309531986,0.0007506608309531986,0.000596844717352441
6,0.01,79,0.046310134551248015,0.000735935365386391,0.000735935365386391,0.0006095371291115843
6,0.01,80,0.04648225581732748,0.0007880413383461149,0.000788041338346115,0.000617316388184982
6,0.01,81,0.04664638868541802,0.000806230842429399,0.000806230842429399,0.0006091059055927488
6,0.01,82,0.046513000560319685,0.0007894281534748591,0.0007894281534748591,0.0006156268015172159
6,0.01,83,0.04680351157848857,0.0008453390960624935,0.0008453390960624934,0.0006197562935162786
6,0.01,84,0.04705972280365881,0.0008282603475184465,0.0008282603475184465,0.0006288914167662318
6,0.01,85,0.04716768864852953,0.0008941555202653037,0.0008941555202653037,0.0006407949773901074
6,0.01,86,0.046885280555125614,0.0009160188053444255,0.0009160188053444254,0.0006341669142821194
6,0.01,87,0.047129630339451424,0.0009186614789277975,0.0009186614789277975,0.0006424323909443716
6,0.01,88,0.04741050837342998,0.0009088754611125808,0.0009088754611125808,0.000646904953223356
6,0.01,89,0.0470705757444986,0.0009177277984527756,0.0009177277984527756,0.0006359511717728587
6,0.01,90,0.04757486408385988,0.0009476919390127948,0.0009476919390127947,0.0006448560303151396
6,0.01,91,0.047522244857237834,0.0008876762323482261,0.0008876762323482261,0.000640740208145806
6,0.01,92,0.04781285148260967,0.0008784078884495738,0.0008784078884495738,0.0006509416994869277
6,0.01,93,0.04750954792176827,0.0008291289173907866,0.0008291289173907868,0.0006427008998059299
6,0.01,94,0.047609337820226166,0.0008059006061823334,0.0008059006061823334,0.0006334983265528712
6,0.01,95,0.04798408821390829,0.0007781170681115167,0.0007781170681115168,0.0006273974590668046
6,0.01,96,0.048001294885424234,0.0008055029633655268,0.0008055029633655267,0.0006317985986783797
6,0.01,97,0.04785665212629359,0.000774311123728387,0.000774311123728387,0.0006270392598714985
6,0.01,98,0.04804004592973559,0.0007635147174841714,0.0007635147174841714,0.0006321810414834169
6,0.01,99,0.04804379115798459,0.000766863633675113,0.000766863633675113,0.0006303628174532201
6,0.01,100,0.04803842900435297,0.0007776907478535658,0.0007776907478535657,0.0006296520629132708
6,0.01,101,0.04817896864842911,0.0007519694302932665,0.0007519694302932665,0.0006440128091762539
6,0.01,102,0.04818324588974009,0.0007511193345604614,0.0007511193345604614,0.0006355684954547421
6,0.01,103,0.04845710340395899,0.0007020542666553866,0.0007020542666553866,0.0006352774187700621
6,0.01,104,0.048346293161205124,0.0006888574437013491,0.0006888574437013491,0.0006335263136851264
6,0.01,105,0.048656719462021956,0.0007380501469364276,0.0007380501469364275,0.0006408463199879198
6,0.01,106,0.04844303632600559,0.0007160849048079138,0.0007160849048079138,0.0006526082562246221
6,0.01,107,0.04837600243863693,0.0006947214417292321,0.0006947214417292321,0.0006516143944213214
6,0.01,108,0.04838079137199991,0.0006654092462976791,0.0006654092462976791,0.0006612036544107507
6,0.01,109,0.04819649349757002,0.0006587452905619013,0.0006556596008369055,0.0006587452905619013
6,0.01,110,0.04801723905518039,0.0006679568267574373,0.0006679568267574372,0.0006672462412561307
6,0.01,111,0.04815736293742265,0.0006768760089140756,0.0006700081499404793,0.0006768760089140756
6,0.01,112,0.04841613563179103,0.0007203683463376145,0.0007203683463376145,0.0006854935627072994
6,0.01,113,0.04850456710595478,0.0007382925521522229,0.0007382925521522229,0.0006831903830031445
6,0.01,114,0.048747544841598586,0.000774586548605563,0.000774586548605563,0.0006939598448566144
6,0.01,115,0.04872279831253167,0.0007920230476845254,0.0007920230476845253,0.0006867288248328119
6,0.01,116,0.04873906084624487,0.0008023649074443321,0.000802364907444332,0.0006951840022659599
6,0.01,117,0.0488718043233082,0.0008586073700046837,0.0008586073700046838,0.000692379059433138
6,0.01,118,0.0489943729020814,0.0008950068769788455,0.0008950068769788454,0.0006945614590214986
6,0.01,119,0.04888246094301922,0.0009240664067259088,0.0009240664067259087,0.0006937986180345801
6,0.01,120,0.04884306747725235,0.0009057844367191947,0.0009057844367191949,0.0006939818491977505
6,0.01,121,0.04869361602979974,0.0009373204393896937,0.0009373204393896937,0.000710405812832943
6,0.01,122,0.048921753873497495,0.0009279336101276866,0.0009279336101276866,0.0007178428095080565
6,0.01,123,0.049055026309474,0.0009766227379350606,0.0009766227379350606,0.0007290440303213652
6,0.01,124,0.049176537982297354,0.0009272011355444989,0.000927201135544499,0.0007349037817431252
6,0.01,125,0.04898616952082156,0.0009253269909674828,0.0009253269909674827,0.0007388587724163702
6,0.01,126,0.0489546906488371,0.0009400090203635922,0.0009400090203635922,0.0007287365694019182
6,0.01,127,0.0492170541319534,0.0009389322765262035,0.0009389322765262036,0.0007441903361629979
6,0.01,128,0.049375847827824296,0.0009442549041034828,0.0009442549041034827,0.0007350592103112252
6,0.01,129,0.04934204542335298,0.0009589766768383216,0.0009589766768383214,0.000721491832516879
6,0.01,130,0.0494690756496136,0.0009567110657332371,0.0009567110657332372,0.0007300041831975853
6,0.01,131,0.04963078455390048,0.0009921014297847273,0.0009921014297847273,0.0007331646248089336
6,0.01,132,0.049518387858967304,0.0009395561148540701,0.0009395561148540701,0.0007251195945633266
6,0.01,133,0.04955559336847006,0.000930697065065995,0.000930697065065995,0.0007182824816235109
6,0.01,134,0.04934600523072743,0.0009557546718541861,0.0009557546718541861,0.0007078531578956405
6,0.01,135,0.04904354571430706,0.0009186801259090059,0.0009186801259090058,0.0006977354897643569
6,0.01,136,0.049357583584134675,0.0008845352600998856,0.0008845352600998856,0.0006962632150561436
6,0.01,137,0.0491625501228654,0.0008911877134214201,0.0008911877134214201,0.0006951680148506476
6,0.01,138,0.04949857872473727,0.0009654045013126108,0.0009654045013126107,0.00069528945605539
6,0.01,139,0.04952323510366786,0.0010025389316445788,0.0010025389316445788,0.000708262415382708
6,0.01,140,0.04978977829173521,0.0010110062990297559,0.0010110062990297559,0.0007122766138738685
6,0.01,141,0.04985535228350432,0.001019340948301872,0.0010193409483018718,0.0007270927878511473
6,0.01,142,0.04975970833226564,0.0010098640932343936,0.0010098640932343936,0.0007274780676534041
6,0.01,143,0.04964751331278516,0.0010281348166804442,0.0010281348166804442,0.0007177920723005353
6,0.01,144,0.0496607988287421,0.0010584956485955787,0.0010584956485955787,0.000725322418868327
6,0.01,145,0.049360081121044064,0.0010545828854138786,0.0010545828854138786,0.0007238662155100771
6,0.01,146,0.048981426741211156,0.0010158460933058443,0.0010158460933058443,0.000717069639354295
6,0.01,147,0.04895935199988639,0.0010024984160196763,0.0010024984160196763,0.000703105441048755
6,0.01,148,0.04884539638188868,0.0010218980793257626,0.0010218980793257626,0.0007015422470183398
6,0.01,149,0.04888490941641802,0.0010009924833824372,0.0010009924833824372,0.0007156779369631121
6,0.01,150,0.04899764386892007,0.0010208307156760474,0.0010208307156760474,0.0006967457425406617
6,0.01,151,0.04892823749341887,0.0009937486820251282,0.0009937486820251282,0.0007031960533545533
6,0.01,152,0.04919808630804365,0.0010303645238706146,0.0010303645238706146,0.0007031295855902844
6,0.01,153,0.049379825333868935,0.00100005911337087,0.00100005911337087,0.0007170801707351544
6,0.01,154,0.04960748794118926,0.001006256680554143,0.001006256680554143,0.0007217650179960223
6,0.01,155,0.04969832714838584,0.0010367849975594888,0.0010367849975594888,0.0007205737643280116
6,0.01,156,0.04978880215753432,0.0010193432741925075,0.0010193432741925073,0.0007306536571381032
6,0.01,157,0.04979167442986265,0.0010093652098519174,0.0010093652098519174,0.0007309898470162725
6,0.01,158,0.04992743287322883,0.0010414523410648725,0.0010414523410648725,0.0007354517036478821
6,0.01,159,0.04996752164236869,0.0010440047685563879,0.0010440047685563879,0.0007349585044963884
6,0.01,160,0.0500295124637269,0.0010367806235558477,0.0010367806235558477,0.0007295907334795051
6,0.01,161,0.05012454605208103,0.0010438558533049553,0.0010438558533049553,0.0007262606850229176
6,0.01,162,0.05009780288453013,0.0010252108819399754,0.0010252108819399756,0.0007191828556636215
6,0.01,163,0.05048741917012081,0.0010231755941516752,0.0010231755941516752,0.0007365510841208931
6,0.01,164,0.05053328347680083,0.0010682673208430916,0.0010682673208430916,0.000738907268166791
6,0.01,165,0.05023743933138065,0.0010697864914548845,0.0010697864914548847,0.0007363834314474097
6,0.01,166,0.050235506495955234,0.0010381182394394012,0.0010381182394394012,0.0007297891171440963
6,0.01,167,0.05062065068314126,0.0010283661472971837,0.0010283661472971837,0.0007430487148822009
6,0.01,168,0.050578085544853164,0.0010500845047616615,0.0010500845047616615,0.0007565538997849385
6,0.01,169,0.050412902331184,0.0010798804415132752,0.0010798804415132752,0.0007606002235507371
6,0.01,170,0.05024713217612938,0.0010568392015300168,0.0010568392015300168,0.0007639175417349202
6,0.01,171,0.050245010816105815,0.0010782121574366597,0.0010782121574366597,0.0007477158075482461
6,0.01,172,0.05000049780019176,0.001076456935619099,0.001076456935619099,0.0007526791998435718
6,0.01,173,0.05022958487669892,0.0010512889913619975,0.0010512889913619975,0.0007524116224057841
6,0.01,174,0.050282359321365676,0.001047440388804368,0.001047440388804368,0.0007506255190685753
6,0.01,175,0.050463004037446905,0.0010649647546381784,0.0010649647546381782,0.0007653481438353437
6,0.01,176,0.050537657192802836,0.0010506478742161093,0.0010506478742161093,0.0007762014706436217
6,0.01,177,0.05056521118183136,0.0010725365458458612,0.0010725365458458612,0.000776803193184716
6,0.01,178,0.05070384662078807,0.0011100989408393978,0.0011100989408393978,0.0007880746649150401
6,0.01,179,0.05089019653920966,0.0011060592886438221,0.0011060592886438221,0.0007862409239170058
6,0.01,180,0.050683139394818756,0.0011110272222068021,0.0011110272222068021,0.0008020208137010199
6,0.01,181,0.05063416615467766,0.0010828241634648634,0.0010828241634648632,0.000794455946032844
6,0.01,182,0.05065394116818032,0.001092032188030867,0.001092032188030867,0.000799363387451031
6,0.01,183,0.05081564902461891,0.0010397536533541666,0.0010397536533541666,0.0007982533690465406
6,0.01,184,0.05067719981070658,0.0010340011864108949,0.0010340011864108946,0.0007958454004278189
6,0.01,185,0.05066008669205006,0.0010448827226907328,0.0010448827226907326,0.0007866385549070694
6,0.01,186,0.05071297836494509,0.0010964217396765214,0.0010964217396765212,0.0007869365464572751
6,0.01,187,0.05070251479409487,0.0011314172333454612,0.0011314172333454612,0.0008009522497338351
6,0.01,188,0.051009964762705064,0.0012035648233616166,0.0012035648233616164,0.0008084451647853688
6,0.01,189,0.05129661336087088,0.001214678280734702,0.001214678280734702,0.0008043131215478076
6,0.01,190,0.051231494795895345,0.0012569654321095088,0.0012569654321095088,0.0008052207168781609
6,0.01,191,0.0517035141151618,0.0012543358816192128,0.0012543358816192128,0.0008182065617732557
6,0.01,192,0.051549646751004555,0.001228133250646434,0.001228133250646434,0.000816280114188189
6,0.01,193,0.051481236206077904,0.0012697702333909775,0.0012697702333909775,0.00081564911909598
6,0.01,194,0.05138364937186839,0.00123620453025361,0.00123620453025361,0.0008257214731306868
6,0.01,195,0.05114811559451186,0.0012327761517621886,0.0012327761517621889,0.0008129567911997679
6,0.01,196,0.05109420976835726,0.0012580420443802645,0.0012580420443802645,0.000821970745829439
6,0.01,197,0.05098650995345871,0.001252674626844393,0.001252674626844393,0.0008190134999657673
6,0.01,198,0.05092301666115174,0.001265816251337194,0.001265816251337194,0.0008144431725580298
6,0.01,199,0.05107119205004532,0.00126409086308052,0.00126409086308052,0.0008331439035156408
6,0.01,200,0.05120970316340427,0.0012995027412233556,0.0012995027412233554,0.0008295867003411024
6,0.01,201,0.05107937274816967,0.001319405556192318,0.001319405556192318,0.0008229123963158391
6,0.01,202,0.05127258007789501,0.0013536054908098265,0.0013536054908098263,0.0008260091720897662
6,0.01,203,0.051316087154889375,0.0013615685100473018,0.001361568510047302,0.0008273150078130592
6,0.01,204,0.05146360934252854,0.0013925282347628562,0.0013925282347628562,0.0008258987925170891
6,0.01,205,0.051223869539036376,0.0013666007089667047,0.0013666007089667047,0.000821705330602211
6,0.01,206,0.05112734491152008,0.0013816575891755201,0.0013816575891755201,0.0008319426479253081
6,0.01,207,0.05139035257029627,0.001341215219615696,0.001341215219615696,0.0008422561245265398
6,0.01,208,0.0512579553015422,0.0013459870156262669,0.0013459870156262669,0.0008330887517188506
6,0.01,209,0.051393630473565106,0.0013764826353127326,0.0013764826353127326,0.0008307643045786573
6,0.01,210,0.051594940293792836,0.0013805851817926761,0.0013805851817926761,0.0008193272826877781
6,0.01,211,0.05150339326162242,0.0013740238532706972,0.0013740238532706974,0.0008091684661254423
6,0.01,212,0.05167440562808909,0.0013531899825807985,0.0013531899825807985,0.000815266126130875
6,0.01,213,0.05149047816702332,0.0013807241677409297,0.00138072416774093,0.0008291437418812633
6,0.01,214,0.051547644802035865,0.0013821637165869426,0.0013821637165869428,0.0008324513124252379
6,0.01,215,0.0517177885258218,0.0013619410427790832,0.0013619410427790832,0.0008425301574079918
6,0.01,216,0.051808258231158984,0.0012872926524821388,0.0012872926524821388,0.0008383799240405851
6,0.01,217,0.05209834335578469,0.0013925194482193519,0.0013925194482193519,0.0008573297617859599
6,0.01,218,0.0521492634011007,0.0013517365014086066,0.0013517365014086066,0.0008573726083436253
6,0.01,219,0.051625122512725316,0.0013381930466759553,0.001338193046675955,0.0008375372399853381
6,0.01,220,0.05165930171311448,0.0013239989857204255,0.0013239989857204255,0.0008418781555949449
6,0.01,221,0.05166997826221283,0.0013461720037727745,0.0013461720037727745,0.0008431633455807467
6,0.01,222,0.05140181880489427,0.001296450918297889,0.001296450918297889,0.0008458083846224277
6,0.01,223,0.05140778437352945,0.0012847027665308518,0.0012847027665308518,0.0008431022007455667
6,0.01,224,0.05151707089625122,0.0012650437395673334,0.0012650437395673334,0.0008349004106299632
6,0.01,225,0.051766011532575686,0.0011928320621089506,0.0011928320621089504,0.0008315581325942646
6,0.01,226,0.052024611627092744,0.0012231526716914077,0.0012231526716914077,0.0008431410349832458
6,0.01,227,0.05202522113335202,0.0012736286617208578,0.0012736286617208578,0.0008508525839707666
6,0.01,228,0.05221685587666535,0.0012633969544670626,0.0012633969544670626,0.0008577783990803323
6,0.01,229,0.05212516411968612,0.0012973012063098226,0.0012973012063098226,0.0008576881886423458
6,0.01,230,0.05240813316968394,0.0012855917543230038,0.0012855917543230036,0.0008703061038866999
6,0.01,231,0.05223882530760648,0.0012633690406558223,0.0012633690406558223,0.0008705830684204272
6,0.01,232,0.05221822308927553,0.0012106542141627566,0.0012106542141627566,0.0008625252925218022
6,0.01,233,0.052544420369761875,0.0012355286010156757,0.0012355286010156757,0.0008648762277185354
6,0.01,234,0.05235704627434465,0.0012302657577931751,0.0012302657577931751,0.0008606458519640417
6,0.01,235,0.05250992479877219,0.001260449882434162,0.001260449882434162,0.0008538450883704803
6,0.01,236,0.05227587623355119,0.0012573933745475608,0.0012573933745475608,0.0008408410582350389
6,0.01,237,0.05239595594797894,0.001293495452934934,0.001293495452934934,0.0008425319683287521
6,0.01,238,0.05219158868671394,0.0012390238083668133,0.0012390238083668133,0.0008310927724354943
6,0.01,239,0.05233945245068464,0.0012269354640493217,0.0012269354640493217,0.0008222083771337457
6,0.01,240,0.05232929188756658,0.0012387669758279793,0.0012387669758279793,0.0008380962453762659
6,0.01,241,0.0521057502580613,0.0012320031068983714,0.0012320031068983714,0.0008364316589323588
6,0.01,242,0.05248769131629162,0.001203728865966873,0.001203728865966873,0.0008385627533842495
6,0.01,243,0.05249010686668915,0.0012232359121181887,0.001223235912118189,0.0008422843376398984
6,0.01,244,0.052424152577098856,0.0012527576457131062,0.001252757645713106,0.000833635971183585
6,0.01,245,0.052349950802611955,0.0012699883477181961,0.0012699883477181961,0.000835213282730563
6,0.01,246,0.052449611432212245,0.0012879854952082092,0.0012879854952082092,0.0008406524376506423
6,0.01,247,0.05255933082744439,0.001282350362492626,0.001282350362492626,0.0008483306872274992
6,0.01,248,0.05239506135848577,0.0012745163651877865,0.0012745163651877868,0.0008492026887203945
6,0.01,249,0.052236082792494226,0.0012289145260837957,0.0012289145260837957,0.0008309421868771813
6,0.01,250,0.05198652174312672,0.0012640991470764147,0.0012640991470764147,0.0008156202653355156
6,0.01,251,0.052105690686119775,0.0012683192423606092,0.0012683192423606092,0.0008155616056824598
6,0.01,252,0.05219332301155385,0.0012943351301972,0.0012943351301972,0.0008178131084376592
6,0.01,253,0.052338510960545495,0.0012683092094493479,0.0012683092094493479,0.0008259595346112215
6,0.01,254,0.052332446290934496,0.0012818889876096962,0.0012818889876096962,0.0008227983083356548
6,0.01,255,0.052178159877044265,0.0012330603714250823,0.0012330603714250823,0.0008192656112934966
6,0.01,256,0.05213968351913625,0.001209760947613194,0.0012097609476131937,0.0008223234116024717
6,0.01,257,0.05221898095959453,0.001253488201559706,0.001253488201559706,0.0008146936487319588
6,0.01,258,0.05199526732434777,0.001282340226546301,0.001282340226546301,0.000810659471005214
6,0.01,259,0.0520480382783775,0.0012869122060913864,0.0012869122060913864,0.0007896764284446712
6,0.01,260,0.05196287580996939,0.0012268546759063945,0.0012268546759063948,0.0007846431233376012
6,0.01,261,0.051814260144155876,0.001284377398967287,0.001284377398967287,0.0007906698065826576
6,0.01,262,0.05174263413285858,0.001268452727684295,0.001268452727684295,0.0007850522888223311
6,0.01,263,0.051757812184837666,0.001283417735275811,0.0012834177352758107,0.0007962912975912831
6,0.01,264,0.051708769060630794,0.0013240952909193747,0.0013240952909193747,0.0008029280887499645
6,0.01,265,0.05187210685151718,0.0012739533929455097,0.0012739533929455097,0.0007993393756197112
6,0.01,266,0.051805633793008114,0.0012721811928723974,0.0012721811928723971,0.0007891773101879943
6,0.01,267,0.05191322544226076,0.0012850430149120894,0.0012850430149120892,0.0007883923692074302
6,0.01,268,0.05162935783090012,0.0013174949062450512,0.0013174949062450512,0.0008006226086668003
6,0.01,269,0.05192547125482798,0.0013161231894210357,0.0013161231894210357,0.0007999580457879815
6,0.01,270,0.05194724637767753,0.001298371764153364,0.0012983717641533638,0.0007951780328070025
6,0.01,271,0.051914861882860416,0.0013311114550502165,0.0013311114550502165,0.000785996275432796
6,0.01,272,0.05178088493940726,0.0013029972432766187,0.0013029972432766184,0.0007882822333264974
6,0.01,273,0.051887777115976856,0.0013025372076517659,0.0013025372076517659,0.0007997529250442656
6,0.01,274,0.051819543720035346,0.001254635667069265,0.0012546356670692653,0.0007964732260288401
6,0.01,275,0.05189756409287092,0.0012566480453314619,0.0012566480453314619,0.0007867007098877933
6,0.01,276,0.052140739959923604,0.001328121903104838,0.0013281219031048377,0.0007997697307236668
6,0.01,277,0.05210433029365166,0.001282417722189293,0.001282417722189293,0.0007911372935618259
6,0.01,278,0.05186433622069843,0.0013619222486184952,0.0013619222486184952,0.0007851731768403781
6,0.01,279,0.051663978188385494,0.0013322289920041466,0.0013322289920041466,0.0007914031315612707
6,0.01,280,0.05215811967959234,0.0013287676537818078,0.0013287676537818078,0.000808068875237589
6,0.01,281,0.052070082255997435,0.001363664612959458,0.0013636646129594578,0.0008086451031177007
6,0.01,282,0.051897364798178164,0.0013897883331119494,0.0013897883331119494,0.0008069496172570101
6,0.01,283,0.05214305650153916,0.0014114361894703757,0.0014114361894703757,0.0008091236319783433
6,0.01,284,0.05199515462934698,0.0013994769164881711,0.001399476916488171,0.000807370607727644
6,0.01,285,0.051959247966772856,0.001371933632861617,0.001371933632861617,0.0007999161063809721
6,0.01,286,0.05199326770751359,0.0013622919990633536,0.0013622919990633536,0.0008074942025556164
6,0.01,287,0.05194747843680407,0.001333728241491469,0.0013337282414914691,0.0007983203918537869
6,0.01,288,0.0522182126421961,0.0013669761082776531,0.0013669761082776531,0.000807596600829429
6,0.01,289,0.0523668354934164,0.001420216992424937,0.001420216992424937,0.0007970893458702009
6,0.01,290,0.05243960117015189,0.0014492401302310326,0.0014492401302310326,0.0007955565277062959
6,0.01,291,0.052538109601260714,0.0014569106272957983,0.001456910627295798,0.0008061341057238813
6,0.01,292,0.05245307760219367,0.001468580335052363,0.0014685803350523627,0.0007946894183111422
6,0.01,293,0.052575017927045144,0.0014503152597508768,0.0014503152597508768,0.0007983751637951946
6,0.01,294,0.052542929949029656,0.0014978625514588599,0.0014978625514588599,0.0008030650752519437
6,0.01,295,0.05283998107559737,0.001466405105854769,0.001466405105854769,0.0008087294014128967
6,0.01,296,0.0531140428083625,0.001454616922072018,0.001454616922072018,0.000824010972659967
6,0.01,297,0.0530606462075675,0.0014695563210970312,0.001469556321097031,0.0008189624070127746
6,0.01,298,0.05301790208541073,0.0014525003125920627,0.001452500312592063,0.000821584938028216
6,0.01,299,0.05313863206079942,0.0014773303522554763,0.0014773303522554765,0.0008230309133839453
6,0.01,300,0.05312799899933489,0.001453576517069408,0.0014535765170694077,0.0008159926582801093
6,0.01,301,0.052867671417522424,0.0014508596707096687,0.0014508596707096687,0.0008181050527109765
6,0.01,302,0.05285246947653918,0.0014385056267705299,0.00143850562677053,0.0008100900900684368
6,0.01,303,0.05289791920014466,0.0014319529825483417,0.0014319529825483417,0.0008093299530745864
6,0.01,304,0.05307511790876473,0.0014106732005144031,0.001410673200514403,0.000805850339890524
6,0.01,305,0.05309585748556436,0.0014315248129646047,0.0014315248129646045,0.0007998433910512025
6,0.01,306,0.0528995828959131,0.001411736327868882,0.001411736327868882,0.0008055206632789221
6,0.01,307,0.052818870643349225,0.0013979862473350749,0.0013979862473350749,0.0008101573056494276
6,0.01,308,0.052922635816693576,0.0014630817807047846,0.0014630817807047846,0.0007995608447725846
6,0.01,309,0.05308746117244496,0.0015026780109858708,0.001502678010985871,0.0008085275606374619
6,0.01,310,0.05314077015868257,0.0015207680898758917,0.0015207680898758917,0.000801257547068292
6,0.01,311,0.053095435844291224,0.001470508801200308,0.0014705088012003078,0.0007955279083913324
6,0.01,312,0.05307053497715629,0.0014613931193705,0.0014613931193705,0.000793694685160905
6,0.01,313,0.052884542547660555,0.001398743757392033,0.001398743757392033,0.0007839124836116782
6,0.01,314,0.05281942006284259,0.0014346277361631517,0.0014346277361631517,0.0007853580503923588
6,0.01,315,0.052544608504820116,0.0014870733036904367,0.0014870733036904367,0.0007855398381403027
6,0.01,316,0.05239182254394382,0.0014793455121088746,0.0014793455121088746,0.0007853417905872554
6,0.01,317,0.052742336771892454,0.001521794943471531,0.0015217949434715309,0.0007985805966040412
6,0.01,318,0.05282949840288165,0.0015673036121599338,0.0015673036121599338,0.0008089961814908363
6,0.01,319,0.05293152729632363,0.0015614517511242027,0.0015614517511242027,0.0008273067854086813
6,0.01,320,0.05295999002456351,0.00153628980095668,0.00153628980095668,0.0008221680298445428
6,0.01,321,0.052908246279677926,0.0015035629097789715,0.0015035629097789715,0.0008107953437572445
6,0.01,322,0.0531156355863235,0.0015278079443081822,0.0015278079443081822,0.0008242574769081758
6,0.01,323,0.05335268157428881,0.001523958675443668,0.0015239586754436677,0.000845573168440008
6,0.01,324,0.0533631007901672,0.0014942802958788197,0.0014942802958788197,0.0008542033715080205
6,0.01,325,0.05343401702314628,0.0015552959679307208,0.001555295967930721,0.0008605388360486951
6,0.01,326,0.05359242001123379,0.0015581778892716463,0.0015581778892716463,0.0008726891593587607
6,0.01,327,0.05383210598900378,0.0015617477489694336,0.0015617477489694336,0.0008778812216524891
6,0.01,328,0.05376129563968748,0.0015424824118415203,0.0015424824118415205,0.0008759789846092527
6,0.01,329,0.053652794156688555,0.0014906201289810273,0.001490620128981027,0.0008857720418893772
6,0.01,330,0.05359780586103216,0.0015319082498526729,0.0015319082498526729,0.0008827744599264983
6,0.01,331,0.053388679759413735,0.0015254715787566262,0.0015254715787566262,0.0008970291324705417
6,0.01,332,0.05342504264385244,0.0015334486937531526,0.0015334486937531528,0.0008794644053716504
6,0.01,333,0.05297779629284575,0.0015117513327272203,0.0015117513327272205,0.000869627564962846
6,0.01,334,0.05323515409522773,0.0015553959553362571,0.0015553959553362571,0.0008798292279482133
6,0.01,335,0.053683898159720994,0.0015304626750766734,0.0015304626750766734,0.0008895750845340453
6,0.01,336,0.05402935306765911,0.0015443675816442556,0.0015443675816442558,0.0009058562330414008
6,0.01,337,0.053498599964199776,0.0014933458493427386,0.0014933458493427388,0.0008998100597921445
6,0.01,338,0.05372952563483203,0.0015284792208531972,0.0015284792208531972,0.0008935919571003315
6,0.01,339,0.05352212360501797,0.001487266559748772,0.0014872665597487722,0.0008958270817875525
6,0.01,340,0.053623330608849974,0.0015609919280338718,0.0015609919280338718,0.0009150675950860578
6,0.01,341,0.05365954791251761,0.0015631352809671703,0.0015631352809671703,0.000910545274242423
6,0.01,342,0.05370572148769117,0.0016578003796968467,0.001657800379696847,0.0008943031136123322
6,0.01,343,0.053917112955678886,0.0016594827266573895,0.0016594827266573895,0.0008985972408871583
6,0.01,344,0.054150416588212055,0.0017044495865395392,0.0017044495865395392,0.0009102809494254745
6,0.01,345,0.053866564381425196,0.0017345136524757603,0.0017345136524757603,0.0009044152074805131
6,0.01,346,0.054076853413106876,0.0017394668951345184,0.0017394668951345182,0.0009107491424281819
6,0.01,347,0.05401963106966372,0.0017477982307977883,0.0017477982307977883,0.0009158438700076545
6,0.01,348,0.053776663804423516,0.0017045258243818526,0.0017045258243818528,0.0009048761019110205
6,0.01,349,0.05389193700842965,0.0016890340621846188,0.0016890340621846186,0.0008959154164340195
6,0.01,350,0.05368816240425259,0.0017018947658275416,0.0017018947658275414,0.000885993425360052
6,0.01,351,0.05342728027963694,0.0016684453216503378,0.0016684453216503376,0.0008677254416260418
6,0.01,352,0.0537540869249734,0.0017088515054743162,0.0017088515054743162,0.0008687313584633501
6,0.01,353,0.05377421766680027,0.0017178648098646076,0.0017178648098646076,0.0008779598687104263
6,0.01,354,0.05359141211688017,0.0017596658485065796,0.0017596658485065796,0.0008717841269896304
6,0.01,355,0.053633765402400266,0.001760615750590691,0.001760615750590691,0.0008849706482707895
6,0.01,356,0.05378848821229904,0.0017908250403152611,0.0017908250403152613,0.0008795997300410814
6,0.01,357,0.05381276381808834,0.0017793372817281915,0.0017793372817281917,0.0008827864637360294
6,0.01,358,0.05383948534952143,0.0017736228034232928,0.0017736228034232928,0.0008821945492566209
6,0.01,359,0.05389243153583236,0.0017396079302418566,0.0017396079302418566,0.0008753370326397257
6,0.01,360,0.0543187963593931,0.0017531937778097243,0.0017531937778097243,0.0008972534731960449
6,0.01,361,0.054327307547194933,0.0017119814898068177,0.0017119814898068175,0.0008923090672627738
6,0.01,362,0.05431850598609169,0.0017191415232261787,0.0017191415232261787,0.0008787207193646367
6,0.01,363,0.05426631802013139,0.0016458655886245597,0.0016458655886245595,0.0008706567243058753
6,0.01,364,0.05438242421201491,0.0016744933832534797,0.00167449338325348,0.000882363972780706
6,0.01,365,0.054568807144178846,0.001721811210161394,0.001721811210161394,0.0008895552011147764
6,0.01,366,0.054995570835763945,0.001744895284290114,0.001744895284290114,0.0009004392490535988
6,0.01,367,0.05472742195469325,0.0016661842968817633,0.0016661842968817633,0.0008923785331986343
6,0.01,368,0.05491913159681368,0.001697015235327309,0.001697015235327309,0.0008882376493665106
6,0.01,369,0.054732949607206434,0.0017032721637655368,0.0017032721637655368,0.000880001585558594
6,0.01,370,0.05489552340038984,0.0017235734281693556,0.0017235734281693556,0.0008747068088806279
6,0.01,371,0.0548185730211298,0.0016975988015678995,0.0016975988015678995,0.0008531873962296093
6,0.01,372,0.054897048231665406,0.001711135400381517,0.0017111354003815167,0.0008610545876547494
6,0.01,373,0.05484530526209528,0.0016509744606437525,0.0016509744606437525,0.000863973361494353
6,0.01,374,0.055214849627649006,0.0016246249810782526,0.0016246249810782524,0.0008728634104888167
6,0.01,375,0.05504069378316457,0.0016049298809280598,0.0016049298809280596,0.0008733860020667529
6,0.01,376,0.05496855336180621,0.0015973437373210575,0.0015973437373210575,0.0008748003745903559
6,0.01,377,0.055060652636414735,0.0015543655094724287,0.0015543655094724287,0.0008619613907728692
6,0.01,378,0.054802641805618786,0.001526059030759685,0.0015260590307596847,0.0008611796687287387
6,0.01,379,0.05476837091854887,0.0015502909418200561,0.001550290941820056,0.0008740649141969503
6,0.01,380,0.05460435488673119,0.0015200630241718031,0.001520063024171803,0.0008697390989176765
6,0.01,381,0.05454282031886904,0.0015109570255638215,0.0015109570255638215,0.0008689004049654385
6,0.01,382,0.05435022515923276,0.001469264033219386,0.001469264033219386,0.0008619017481216592
6,0.01,383,0.05445318883690935,0.001502989516908845,0.001502989516908845,0.0008744086280635945
6,0.01,384,0.05484393608251003,0.0014955430562819721,0.0014955430562819721,0.000867018000214849
6,0.01,385,0.055104832368671135,0.0015039058055135327,0.0015039058055135327,0.0008680634336342233
6,0.01,386,0.055080517018750316,0.0015732280174091035,0.0015732280174091035,0.0008618619943600791
6,0.01,387,0.055256205406104916,0.001590601382391879,0.001590601382391879,0.0008612902997965112
6,0.01,388,0.05510692283694875,0.0016393111828516519,0.001639311182851652,0.0008607425311765754
6,0.01,389,0.05514805883464359,0.0016193407433942658,0.001619340743394266,0.0008646080981255783
6,0.01,390,0.05505097517153526,0.0016024176726750806,0.0016024176726750806,0.0008612810287022945
6,0.01,391,0.05475007913061116,0.0015533406487197488,0.0015533406487197488,0.0008510102001185914
6,0.01,392,0.05498333594193746,0.001504914272977444,0.001504914272977444,0.0008703354599189643
6,0.01,393,0.054961711734072466,0.0014993284302478524,0.0014993284302478524,0.0008821874715521892
6,0.01,394,0.055111615887350064,0.001486901820455243,0.001486901820455243,0.0008681243894526655
6,0.01,395,0.05479495396337543,0.0014774500387751577,0.001477450038775158,0.0008711572928450968
6,0.01,396,0.05421494401208627,0.0014283736440937305,0.0014283736440937308,0.0008504365434988776
6,0.01,397,0.05441707578353586,0.0014475510400938714,0.0014475510400938714,0.0008434103877009006
6,0.01,398,0.05446369390625627,0.0014086224779909515,0.0014086224779909515,0.0008507847165531631
6,0.01,399,0.053910507341110726,0.0013252251526476241,0.0013252251526476241,0.0008316391541418993
6,0.01,400,0.05400252794465814,0.0013006962132331376,0.0013006962132331376,0.0008302222566648549
6,0.01,401,0.054061737137008535,0.0012736728851062693,0.0012736728851062693,0.0008301953022844342
6,0.01,402,0.05414404304720975,0.001275352877619151,0.0012753528776191507,0.000831062041635307
6,0.01,403,0.05451824328913984,0.00128440448083651,0.00128440448083651,0.0008411743479136978
6,0.01,404,0.05447834811401191,0.001288244698825183,0.001288244698825183,0.00082818121596295
6,0.01,405,0.05480224919814538,0.0013242741598626646,0.0013242741598626646,0.0008508375199172366
6,0.01,406,0.055048798964246484,0.0013180607090248837,0.0013180607090248835,0.0008577045017102375
6,0.01,407,0.05529686019454507,0.0013229090889175599,0.0013229090889175599,0.0008576915596391082
6,0.01,408,0.05496379632921351,0.0012723487597542675,0.0012723487597542675,0.0008492141850349611
6,0.01,409,0.05504579872172712,0.0013228973793011503,0.0013228973793011501,0.0008513972793123691
6,0.01,410,0.05497592254731744,0.0013407238205410702,0.0013407238205410702,0.0008531908046551372
6,0.01,411,0.05478355886866379,0.0013026806583046288,0.0013026806583046288,0.0008495650139587603
6,0.01,412,0.05477643794050308,0.0013180220099736893,0.0013180220099736893,0.0008489297859530545
6,0.01,413,0.05453720064653224,0.0013119981293224041,0.0013119981293224041,0.0008456723209211305
6,0.01,414,0.054506303019958166,0.0012554107728832715,0.0012554107728832713,0.0008449054457955573
6,0.01,415,0.0547934651775966,0.0013042291495683428,0.0013042291495683428,0.0008604564232251779
6,0.01,416,0.05444965848954955,0.0012976684486268506,0.0012976684486268504,0.0008487687620082171
6,0.01,417,0.05433492530702788,0.0013059060843620609,0.0013059060843620609,0.0008508419562325952
6,0.01,418,0.05426957897370096,0.0013704527650789176,0.0013704527650789174,0.0008593800388936911
6,0.01,419,0.05431081166521486,0.0013638060006013594,0.0013638060006013594,0.0008684065960654145
6,0.01,420,0.05453122992552999,0.0014008578631033444,0.0014008578631033444,0.0008825593023405752
6,0.01,421,0.05464000742707535,0.0013765621504294345,0.0013765621504294343,0.0008887017465879927
6,0.01,422,0.054769561089404,0.0013765523255972899,0.0013765523255972897,0.0008937434302637106
6,0.01,423,0.05482205816372732,0.0014576387138825037,0.0014576387138825035,0.0009099871050065141
6,0.01,424,0.05516464206099693,0.0014716778391991657,0.0014716778391991657,0.0009082400372316509
6,0.01,425,0.055230907076673656,0.0014588743519760286,0.0014588743519760286,0.0009010446398456535
6,0.01,426,0.055295774310420175,0.0014590802907880074,0.0014590802907880074,0.000915711507119971
6,0.01,427,0.0551488525919878,0.0014930438952270016,0.0014930438952270016,0.0009249164096492462
6,0.01,428,0.055050977283385996,0.0014315343673986472,0.001431534367398647,0.0009084870709026373
6,0.01,429,0.055005876819002264,0.0014093003832247053,0.0014093003832247053,0.000921214702583985
6,0.01,430,0.05522009380685995,0.0013971360408971366,0.0013971360408971366,0.0009196439181412668
6,0.01,431,0.054970231185120344,0.0013464310300685546,0.0013464310300685546,0.0009016627190681308
6,0.01,432,0.05481356065605646,0.0013156008860228379,0.0013156008860228379,0.0008864688526097841
6,0.01,433,0.054507142616927594,0.0013320208193757063,0.0013320208193757063,0.0008817589515240045
6,0.01,434,0.05462623515768781,0.0012982846281419998,0.0012982846281419998,0.0008783899456983172
6,0.01,435,0.0545147308567894,0.001315847805384374,0.001315847805384374,0.0008761100729814681
6,0.01,436,0.05473104111598954,0.001325471154267376,0.001325471154267376,0.000885124712690524
6,0.01,437,0.054624594208668054,0.0013145555398848328,0.0013145555398848328,0.0008717098093852177
6,0.01,438,0.05472526779180693,0.001326064560319737,0.001326064560319737,0.000873234261517658
6,0.01,439,0.05458207912852565,0.001325345291374748,0.001325345291374748,0.0008706773245950108
6,0.01,440,0.054722626974204706,0.0012957438178261165,0.0012957438178261165,0.0008709668929126075
6,0.01,441,0.054433398210426476,0.0013213702726170714,0.0013213702726170714,0.0008669563800895848
6,0.01,442,0.054507172459116314,0.0012552264753255874,0.0012552264753255876,0.0008765528142387102
6,0.01,443,0.05424813904833259,0.0012302069512089915,0.0012302069512089915,0.0008629790027018258
6,0.01,444,0.05429207846576345,0.0012623497215922103,0.0012623497215922103,0.0008606649226169539
6,0.01,445,0.05447420634681032,0.0012344898627535195,0.0012344898627535197,0.0008879508225562286
6,0.01,446,0.05478247970947366,0.0013391437623731675,0.0013391437623731675,0.0008972038083078853
6,0.01,447,0.054436287041221866,0.001357089695000727,0.001357089695000727,0.0008765627552365841
6,0.01,448,0.05459236755209427,0.0013655230976995962,0.0013655230976995965,0.0008625567932829052
6,0.01,449,0.05457880385609034,0.0013548773582466428,0.0013548773582466428,0.0008586819277558574
6,0.01,450,0.05479838292686677,0.0012932946251814422,0.0012932946251814422,0.0008603888763925413
6,0.01,451,0.05493148174385313,0.0013246790561740754,0.0013246790561740754,0.0008599327152454116
6,0.01,452,0.05457099454301254,0.001300078296378306,0.001300078296378306,0.0008543358993546197
6,0.01,453,0.05442575715759219,0.001347644475744542,0.001347644475744542,0.0008510008521644408
6,0.01,454,0.05417745289129521,0.0013756305515958457,0.0013756305515958457,0.0008388697938242116
6,0.01,455,0.05423353392877862,0.001348543303942102,0.001348543303942102,0.0008357357777612621
6,0.01,456,0.054160763363564,0.0013346493281087076,0.0013346493281087076,0.0008494933120745281
6,0.01,457,0.05412474873040676,0.0012650162275992664,0.0012650162275992664,0.0008317431790831883
6,0.01,458,0.05361677577100318,0.001275671791304742,0.001275671791304742,0.0008358448996994766
6,0.01,459,0.05367334491032942,0.0012977366877809761,0.0012977366877809761,0.0008324734799712232
6,0.01,460,0.053509898366715304,0.001302593152786309,0.0013025931527863093,0.000831320415812755
6,0.01,461,0.05357987695024868,0.0013301625522688784,0.0013301625522688786,0.0008225473060266913
6,0.01,462,0.05341056441752123,0.0012982703373799807,0.0012982703373799807,0.0008275530533774145
6,0.01,463,0.05346877535679229,0.0012499564216813016,0.0012499564216813014,0.0008296968182183932
6,0.01,464,0.05343736449796678,0.001285784093532305,0.001285784093532305,0.0008232036118057225
6,0.01,465,0.0533769915752121,0.0012824876589211905,0.0012824876589211903,0.0008149032126882091
6,0.01,466,0.05332591385917624,0.0012795758450358113,0.001279575845035811,0.0008040758007667639
6,0.01,467,0.05312901416943265,0.0012289212946250195,0.0012289212946250195,0.0008105367714879449
6,0.01,468,0.05318319780108356,0.0012439687782436254,0.0012439687782436254,0.0008053844116734939
6,0.01,469,0.053101475172187405,0.001198261196848824,0.001198261196848824,0.0007966696396195324
6,0.01,470,0.05286438650526151,0.0012045805054722697,0.0012045805054722697,0.0007967149186250024
6,0.01,471,0.05271413398744667,0.0011676865597456923,0.0011676865597456923,0.0007918693546052199
6,0.01,472,0.05255186811732788,0.0011641870587260866,0.0011641870587260866,0.0007854072652682261
6,0.01,473,0.05263822871426141,0.0011580561313582788,0.0011580561313582788,0.0007891206210314153
6,0.01,474,0.052366811681680975,0.0011571631587595707,0.001157163158759571,0.0007917996800886797
6,0.01,475,0.052485258279391385,0.0011639909213835573,0.0011639909213835573,0.0007925548929642799
6,0.01,476,0.052732773459610846,0.0011697018980539177,0.0011697018980539177,0.000799347659941414
6,0.01,477,0.0525823558545458,0.001209579557752739,0.001209579557752739,0.0008044252505874178
6,0.01,478,0.05282806470567094,0.0012492587587493833,0.0012492587587493833,0.000797978010278434
6,0.01,479,0.05269860745571565,0.001293436596521848,0.001293436596521848,0.0007942004120341855
6,0.01,480,0.05280262806580483,0.0012549654142012007,0.001254965414201201,0.0007966455530532511
6,0.01,481,0.0531576801579391,0.0013226049923282114,0.0013226049923282114,0.0008040475462637994
6,0.01,482,0.053032575882956526,0.0012897924315394681,0.0012897924315394681,0.0007957094374780046
6,0.01,483,0.05288426185702179,0.001260578899196271,0.001260578899196271,0.0007906480425903103
6,0.01,484,0.05322009537844634,0.001239612133179924,0.001239612133179924,0.0008008925561611639
6,0.01,485,0.0532865971917792,0.0012709142862018506,0.0012709142862018506,0.0007955951331999825
6,0.01,486,0.05318585410392473,0.0012312329765683816,0.0012312329765683816,0.0008075927164966459
6,0.01,487,0.05309778750684568,0.0012986196801827094,0.0012986196801827092,0.0008154161592736818
6,0.01,488,0.053365559204848305,0.0012838833829481385,0.0012838833829481385,0.000823251674884647
6,0.01,489,0.0533461528434075,0.0012863745774160038,0.0012863745774160038,0.0008310027294508678
6,0.01,490,0.053569122419629044,0.0012879695832048734,0.0012879695832048736,0.0008313317602115274
6,0.01,491,0.05358536618593048,0.0013333602002875303,0.0013333602002875303,0.0008378882718508222
6,0.01,492,0.053537038934725896,0.0012807362802504715,0.0012807362802504715,0.0008428412272865173
6,0.01,493,0.05355463387631023,0.0012720777093338227,0.0012720777093338227,0.0008430647452287943
6,0.01,494,0.053653260783748415,0.0012681159066622845,0.0012681159066622845,0.0008379660665294808
6,0.01,495,0.05338169066614829,0.0012117796938913947,0.0012117796938913947,0.0008345700532508397
6,0.01,496,0.053170308730265965,0.0012342307602581412,0.0012342307602581412,0.0008387736336111698
6,0.01,497,0.05319416842612513,0.0012298091601979772,0.0012298091601979772,0.0008503615162380308
6,0.01,498,0.05305530014357007,0.0012375205464225923,0.0012375205464225923,0.0008322223016234005
6,0.01,499,0.05293680056118497,0.0013011945895902224,0.0013011945895902224,0.0008272142505150145
6,0.01,500,0.052575257988119524,0.0013175618070954615,0.0013175618070954615,0.0008265273228864661
6,0.03,0,0.082472544477648,0.00025291360167611096,0.00023550981487969206,0.00025291360167611096
6,0.03,1,0.0507991424879647,0.0002613835708388765,0.0002613835708388765,0.00024668436236005906
6,0.03,2,0.038739391157657045,0.0002438084893676284,0.00024380848936762838,0.00023220353161659918
6,0.03,3,0.034281618552686584,0.0002363659679404935,0.0002363659679404935,0.0002276314014012978
6,0.03,4,0.03204991747731496,0.0002386211573600199,0.0002386211573600199,0.00022801167703314374
6,0.03,5,0.03113257605290742,0.0002331554387124891,0.0002331554387124891,0.00023211744553090002
6,0.03,6,0.030773127463443736,0.00024427416787173756,0.00024427416787173756,0.00023145550113653387
6,0.03,7,0.030752512061632944,0.00022961473045882795,0.00021618163606363484,0.00022961473045882795
6,0.03,8,0.030785619771581816,0.00023319574067635635,0.00022111980037409584,0.00023319574067635635
6,0.03,9,0.031037744222941553,0.00025425471526466047,0.00025425471526466047,0.00024006699236933811
6,0.03,10,0.031387873998901666,0.0002670355142824636,0.00026703551428246356,0.0002522747484225757
6,0.03,11,0.03152925697508644,0.0003010782469742759,0.0003010782469742759,0.0002540794620759098
6,0.03,12,0.031814792139258245,0.0003047566715613187,0.0003047566715613187,0.00025972794821791344
6,0.03,13,0.03200828035423327,0.0002728257524355498,0.0002728257524355498,0.00025974282526138053
6,0.03,14,0.03254359681097543,0.0002815432528728438,0.0002815432528728438,0.0002684320494728907
6,0.03,15,0.03312022525547691,0.00027891671357176264,0.0002723775213183196,0.00027891671357176264
6,0.03,16,0.03329030246352102,0.00027939589051372444,0.00027409785600369837,0.00027939589051372444
6,0.03,17,0.03343355059945732,0.0003210043775291872,0.00032100437752918717,0.00028715372823966535
6,0.03,18,0.033782961631559735,0.0003281050979875624,0.0003281050979875624,0.0002947430808223838
6,0.03,19,0.03416443070365387,0.00035467190650248444,0.00035467190650248444,0.00030346602909292014
6,0.03,20,0.034057003010395624,0.0003509952071386824,0.0003509952071386824,0.00030679086809067365
6,0.03,21,0.03415631777843911,0.0003579688998911022,0.0003579688998911022,0.00030660779163427135
6,0.03,22,0.034219766249068154,0.0003983188715939612,0.00039831887159396117,0.00030495626131277236
6,0.03,23,0.03434826187126113,0.00043315966068847416,0.00043315966068847416,0.00032234989570121636
6,0.03,24,0.03438095478460934,0.00046477232124021804,0.00046477232124021804,0.0003142287690233452
6,0.03,25,0.03472606415400226,0.00047218586893709157,0.0004721858689370915,0.00032326008489077515
6,0.03,26,0.03496025380575858,0.0004215230684980871,0.0004215230684980871,0.00033226452125220424
6,0.03,27,0.035299510305052094,0.00045766246281621174,0.0004576624628162118,0.000341607111795823
6,0.03,28,0.03545696859539519,0.00046295598043334457,0.0004629559804333446,0.00034942230721800944
6,0.03,29,0.03552313703725051,0.0004439072574266511,0.0004439072574266512,0.0003469095029833308
6,0.03,30,0.035671972807430306,0.00042473101566190165,0.0004247310156619017,0.0003493094083762861
6,0.03,31,0.03571254817234503,0.00045809396138129133,0.00045809396138129133,0.00035566339605728683
6,0.03,32,0.035642259583629606,0.00046351312066533165,0.0004635131206653316,0.0003555140128157525
6,0.03,33,0.03581712663145622,0.0004284661353655511,0.0004284661353655511,0.00035827277067404826
6,0.03,34,0.03605447143635742,0.0004060742940181054,0.0004060742940181054,0.0003490925094465275
6,0.03,35,0.03619270124204663,0.00038996789066828036,0.00038996789066828036,0.00035554543566169067
6,0.03,36,0.03628551647756362,0.00039752652817218653,0.00039752652817218653,0.00035510493821988847
6,0.03,37,0.03656140573088874,0.0004434034453099256,0.0004434034453099256,0.0003555733912997269
6,0.03,38,0.03652537606298422,0.00045194611723362905,0.00045194611723362905,0.00035792475023736125
6,0.03,39,0.036496276220510174,0.00047279762851804144,0.00047279762851804144,0.00036973162697307696
6,0.03,40,0.036741689884630654,0.00045371625104901556,0.00045371625104901556,0.00037145464972360837
6,0.03,41,0.03690004374690271,0.0004436268504432557,0.0004436268504432557,0.00037261281816957184
6,0.03,42,0.03681209103881348,0.0004792867743025888,0.0004792867743025888,0.00037686448451756987
6,0.03,43,0.03693872257397194,0.0004903521115422655,0.0004903521115422655,0.0003853140326891663
6,0.03,44,0.03693215340554365,0.00047474594949985254,0.00047474594949985254,0.00037754249682346564
6,0.03,45,0.03691465910204789,0.0004978372425503922,0.0004978372425503922,0.00038378615133104335
6,0.03,46,0.037067397380942065,0.0005071209220273087,0.0005071209220273087,0.0003817072091738522
6,0.03,47,0.03702065902840552,0.0005613271854280762,0.0005613271854280762,0.00038107984956539285
6,0.03,48,0.037408451839981455,0.0005667742895554624,0.0005667742895554623,0.000392514935060084
6,0.03,49,0.03749802549863855,0.0005897778664801032,0.000589777866480103,0.0003888805939542861
6,0.03,50,0.03731677691692167,0.0005589055973335854,0.0005589055973335854,0.0003847623293609969
6,0.03,51,0.037536022519262455,0.0005886013936040856,0.0005886013936040856,0.00039055268947495327
6,0.03,52,0.03743929529859032,0.0005731550463662914,0.0005731550463662913,0.0003806894788328647
6,0.03,53,0.03743027547473485,0.0005891381186934822,0.0005891381186934822,0.00037156650739419636
6,0.03,54,0.037259645766394046,0.0005734699475016208,0.0005734699475016208,0.0003702954346532983
6,0.03,55,0.037411998900571695,0.0006147373642131256,0.0006147373642131256,0.00038273010056420233
6,0.03,56,0.037648984064946496,0.0006250985656018924,0.0006250985656018924,0.0003828872919484111
6,0.03,57,0.037645136243360286,0.0006027140564163758,0.0006027140564163758,0.00038950650833547313
6,0.03,58,0.037504816050517184,0.0005694424599007124,0.0005694424599007123,0.00039028816324309355
6,0.03,59,0.0378314614586393,0.0005831885995633105,0.0005831885995633103,0.00039494696149639663
6,0.03,60,0.03803309507390439,0.0005606929465783337,0.0005606929465783337,0.00040624380440648763
6,0.03,61,0.03812910015304993,0.0005986184649309232,0.0005986184649309232,0.0004011942029879503
6,0.03,62,0.03792467760058227,0.0005823992150475807,0.0005823992150475807,0.00041081826967390525
6,0.03,63,0.03804105550404466,0.0006240548488981334,0.0006240548488981333,0.000408892160861762
6,0.03,64,0.0380929171011289,0.0006240827345402008,0.0006240827345402007,0.00041657009105790563
6,0.03,65,0.03835718716591195,0.0006268694620321343,0.0006268694620321343,0.00041833502867272905
6,0.03,66,0.03811781480194312,0.0006114849724001344,0.0006114849724001343,0.00042042245539156196
6,0.03,67,0.03841607222019155,0.0006055581956294619,0.0006055581956294619,0.00042495327391044456
6,0.03,68,0.03864875405471466,0.0005555608017955219,0.0005555608017955219,0.0004438370425389961
6,0.03,69,0.038649490886062,0.0005681217811687615,0.0005681217811687615,0.000437881667338732
6,0.03,70,0.03880769415508459,0.0005998885070410422,0.0005998885070410422,0.00043095339443922876
6,0.03,71,0.0386086959369987,0.0006201326294173293,0.0006201326294173291,0.0004328105960353345
6,0.03,72,0.03874547444058334,0.0005903880050860248,0.0005903880050860248,0.0004277891568148662
6,0.03,73,0.03906496950601561,0.000626054400270489,0.0006260544002704889,0.0004380397503856569
6,0.03,74,0.03908911242841735,0.0006564953420927906,0.0006564953420927905,0.00043975725243682436
6,0.03,75,0.03907715593337291,0.0006085021770773772,0.0006085021770773772,0.0004457162975207449
6,0.03,76,0.038964204420889346,0.0006344494439984743,0.0006344494439984743,0.0004381899379739398
6,0.03,77,0.039139875279677654,0.0006364276715546162,0.0006364276715546162,0.0004493249499636708
6,0.03,78,0.03924215631111012,0.0005860965932452903,0.0005860965932452904,0.0004490542876027169
6,0.03,79,0.03916584704895917,0.0005860435469510168,0.0005860435469510168,0.00044479916921010606
6,0.03,80,0.038947325062707865,0.0006148841536203245,0.0006148841536203244,0.00042889249401674136
6,0.03,81,0.0388369052489896,0.0006166120265244192,0.000616612026524419,0.00042310653200368413
6,0.03,82,0.038889367899908274,0.0006408904972802969,0.0006408904972802969,0.0004270662304374131
6,0.03,83,0.03901391384696071,0.0006429275971185768,0.0006429275971185768,0.00044380892647246425
6,0.03,84,0.038989606074493297,0.0006389625220366999,0.0006389625220366999,0.00044316806526820964
6,0.03,85,0.039128035151014734,0.0006876559775529387,0.0006876559775529386,0.0004416599702533124
6,0.03,86,0.03941644560185531,0.0007141672731467983,0.0007141672731467983,0.0004460344165558702
6,0.03,87,0.03918625313616496,0.0006746587769250262,0.0006746587769250261,0.0004408627105608314
6,0.03,88,0.03916907405889924,0.0007127573196694653,0.0007127573196694653,0.00045049191337587533
6,0.03,89,0.03926559431946823,0.000721102248869872,0.000721102248869872,0.0004580186802563057
6,0.03,90,0.03928647875185749,0.0007300963508038417,0.0007300963508038416,0.0004616930124738903
6,0.03,91,0.03934983717890144,0.0007160830309896491,0.000716083030989649,0.0004648939390056917
6,0.03,92,0.03939239751440326,0.0007761000745108603,0.0007761000745108603,0.00046241208357516447
6,0.03,93,0.03934636581755031,0.0007432258111309786,0.0007432258111309786,0.0004638700308203568
6,0.03,94,0.03958497868286518,0.0007218457549091746,0.0007218457549091746,0.00046770081759910255
6,0.03,95,0.03976866776138309,0.0007373687441473229,0.0007373687441473229,0.00047542900555424194
6,0.03,96,0.03967609100820665,0.0007420368053125793,0.0007420368053125794,0.0004733046028305347
6,0.03,97,0.03979358367734922,0.000757785519379174,0.000757785519379174,0.00047820815947446536
6,0.03,98,0.03984024847134392,0.0007174611285704499,0.0007174611285704498,0.0004758018172779544
6,0.03,99,0.03964056217402275,0.000676649355293725,0.000676649355293725,0.0004715154819435595
6,0.03,100,0.03983681017354106,0.0006591053838231008,0.0006591053838231008,0.0004638547818710429
6,0.03,101,0.039892876798447566,0.0006384449035441833,0.0006384449035441833,0.0004653193249125494
6,0.03,102,0.039969063755606264,0.0006364517957815427,0.0006364517957815427,0.00047033270415433294
6,0.03,103,0.03992287817787612,0.0006140414918998624,0.0006140414918998624,0.000473506314332519
6,0.03,104,0.03996941870056846,0.0005687352327882009,0.000568735232788201,0.0004724791458810749
6,0.03,105,0.040230630411843125,0.0005950182015561964,0.0005950182015561964,0.00047517644393557635
6,0.03,106,0.04003569516962053,0.0006582301841536711,0.0006582301841536713,0.000485106917565356
6,0.03,107,0.0403035772382793,0.0006406301781746408,0.0006406301781746408,0.00048762120594694996
6,0.03,108,0.04042730614571985,0.000616058877229412,0.000616058877229412,0.00047881318253652964
6,0.03,109,0.04049000012319405,0.0006275655930329322,0.0006275655930329321,0.0004765259408407072
6,0.03,110,0.040428125179714974,0.00064384000378806,0.00064384000378806,0.00048033074490962525
6,0.03,111,0.0406157095721404,0.0007118338846553764,0.0007118338846553764,0.00048299949947491067
6,0.03,112,0.04088357129636431,0.0007591880178383211,0.000759188017838321,0.0004762113353724924
6,0.03,113,0.04061212759063604,0.0007355094900384134,0.0007355094900384135,0.00046639950685555806
6,0.03,114,0.040267043669343985,0.0007050937240244106,0.0007050937240244105,0.0004653653047925991
6,0.03,115,0.04033471715319637,0.0007133644627361725,0.0007133644627361725,0.0004713475373883348
6,0.03,116,0.040316068546335695,0.0006922207866750722,0.0006922207866750722,0.00046338336556290107
6,0.03,117,0.04033733024577315,0.000695102320355708,0.0006951023203557078,0.0004659358681388615
6,0.03,118,0.04021365434354818,0.0006880517469334159,0.0006880517469334159,0.00046291975291565956
6,0.03,119,0.04022167305136603,0.0006852408203306307,0.0006852408203306307,0.0004715343768419229
6,0.03,120,0.040339469911508004,0.0007165336726603109,0.0007165336726603109,0.00048339053836040204
6,0.03,121,0.03999833238618014,0.0006844314756452636,0.0006844314756452636,0.00048308931924008724
6,0.03,122,0.040208870237367314,0.0007206946611710989,0.0007206946611710988,0.0004903817371373986
6,0.03,123,0.04021629881694387,0.0007070180211381041,0.0007070180211381041,0.0004933729331703479
6,0.03,124,0.04031072426029283,0.0007358658845793284,0.0007358658845793284,0.0004945057904071283
6,0.03,125,0.04049431830276684,0.000757770864696359,0.000757770864696359,0.0004962695188745416
6,0.03,126,0.04083233949500746,0.0007423800881676374,0.0007423800881676374,0.0005035030308864055
6,0.03,127,0.040698710090783005,0.0007276780841503851,0.0007276780841503851,0.000500592522985773
6,0.03,128,0.04083648355608507,0.0007290583236231865,0.0007290583236231866,0.0004977208677641433
6,0.03,129,0.04080087829717431,0.0007152553432255225,0.0007152553432255224,0.0004865327387714225
6,0.03,130,0.0409419267471494,0.0007017334554184975,0.0007017334554184975,0.000488272773873498
6,0.03,131,0.04095709559472682,0.0007069392295787077,0.0007069392295787076,0.000487630982507335
6,0.03,132,0.040830735323622865,0.0006414112528336984,0.0006414112528336984,0.0004721353203132276
6,0.03,133,0.04094545807563964,0.0006612196224297787,0.0006612196224297787,0.00047334431235466655
6,0.03,134,0.040956746240584395,0.0007134482147074441,0.0007134482147074441,0.00048073581204780404
6,0.03,135,0.040964292009321314,0.0006750390926762853,0.0006750390926762853,0.00047658774834030953
6,0.03,136,0.040994764265255064,0.0006747518089998153,0.0006747518089998153,0.0004830048107920551
6,0.03,137,0.04102648035011951,0.000644861504260699,0.0006448615042606989,0.00048001943700613716
6,0.03,138,0.040952328645408896,0.0006146291133871457,0.0006146291133871457,0.00047447983799662536
6,0.03,139,0.040982041076978934,0.0006308301408597827,0.0006308301408597827,0.00047794597833874586
6,0.03,140,0.04083024307285361,0.0006720967669536117,0.0006720967669536117,0.0004857123304485304
6,0.03,141,0.04085556156604342,0.0006488387991425818,0.0006488387991425818,0.00048655359308358667
6,0.03,142,0.04077228675199471,0.0006950810325838337,0.0006950810325838338,0.0004930513144402904
6,0.03,143,0.040697428340951906,0.0006934020230557966,0.0006934020230557967,0.00048686035740156167
6,0.03,144,0.04065286838353284,0.0007039322983917178,0.0007039322983917177,0.00048457507005842776
6,0.03,145,0.04052225234474611,0.000713571426559747,0.0007135714265597469,0.00048520734808325014
6,0.03,146,0.04014112709059794,0.0007045613423037415,0.0007045613423037416,0.00047440713724603256
6,0.03,147,0.04028718650076597,0.0007180854467589757,0.0007180854467589757,0.0004687595728662761
6,0.03,148,0.04027783200307722,0.0007260008447235894,0.0007260008447235894,0.0004741880129175505
6,0.03,149,0.040396765205062975,0.0007533674478063519,0.0007533674478063519,0.0004790681547745249
6,0.03,150,0.04022112618494262,0.0007285418873070066,0.0007285418873070066,0.0004980816317845867
6,0.03,151,0.04016907309216537,0.0007086142182502084,0.0007086142182502084,0.0004975263665111228
6,0.03,152,0.04073410771509923,0.0007047527475926266,0.0007047527475926265,0.0005075528709814505
6,0.03,153,0.040678889824715264,0.000667557070179071,0.0006675570701790709,0.0005029105322649883
6,0.03,154,0.040734841290245606,0.0006830472244967772,0.0006830472244967772,0.000499822597386559
6,0.03,155,0.040671485452610186,0.0006987079472390216,0.0006987079472390216,0.0004902098015573233
6,0.03,156,0.040825554864896904,0.0006846145017725224,0.0006846145017725224,0.0004799965187970689
6,0.03,157,0.040767533089804,0.000683828355821772,0.000683828355821772,0.00048014856207687296
6,0.03,158,0.0406471994663903,0.0006917204573999139,0.0006917204573999138,0.0004862441372993792
6,0.03,159,0.040743198418834566,0.0006713958965835866,0.0006713958965835865,0.0004934570449421006
6,0.03,160,0.040979376262230534,0.0006530605863093319,0.0006530605863093318,0.0004967209169127031
6,0.03,161,0.04093007425823925,0.0006871590218747291,0.0006871590218747293,0.0005082557864580886
6,0.03,162,0.04097937023201164,0.0006653372788998345,0.0006653372788998345,0.0005079896106673134
6,0.03,163,0.040789740813079955,0.0006876069502352146,0.0006876069502352146,0.0005130820163808432
6,0.03,164,0.040988658805278716,0.00066706991901125,0.00066706991901125,0.0005097236531149098
6,0.03,165,0.04091834303478477,0.0006667800378051672,0.0006667800378051672,0.0005014891586397397
6,0.03,166,0.041091984769197294,0.0007411948506967147,0.0007411948506967147,0.0004999293146737753
6,0.03,167,0.04099101253044437,0.0007196901360327197,0.0007196901360327197,0.000507313821743686
6,0.03,168,0.041037514766703934,0.0007598681631257518,0.0007598681631257518,0.0004928699673567045
6,0.03,169,0.041015751897659686,0.0007829698509812862,0.0007829698509812863,0.0004912710714092801
6,0.03,170,0.0409160097613475,0.0007274932355894929,0.000727493235589493,0.000489902130919702
6,0.03,171,0.04088723282972045,0.0007231708516451764,0.0007231708516451764,0.0004909472465317157
6,0.03,172,0.04096152130443551,0.0007269225591424043,0.0007269225591424043,0.0004940528307947733
6,0.03,173,0.041164467560555355,0.0006932149214184561,0.0006932149214184561,0.0005022899527743381
6,0.03,174,0.04115471358056567,0.0007114692502811859,0.0007114692502811859,0.000496706596637669
6,0.03,175,0.0412006406837238,0.0006963970046285382,0.0006963970046285382,0.0005029979389500252
6,0.03,176,0.04111045820159538,0.000670024933789258,0.000670024933789258,0.0005052496714283006
6,0.03,177,0.04118309954216975,0.0006744070914253205,0.0006744070914253204,0.0005041866231153688
6,0.03,178,0.04118533834744476,0.0007389381523345564,0.0007389381523345564,0.0005072246895761356
6,0.03,179,0.04079497079953916,0.0007101684940425461,0.0007101684940425461,0.0004927655639921167
6,0.03,180,0.04069489008138581,0.000691311761690863,0.000691311761690863,0.0004925470825323444
6,0.03,181,0.040745454999279236,0.0006843045352347994,0.0006843045352347992,0.00048377521899616764
6,0.03,182,0.04051325611975542,0.0007308827470847889,0.0007308827470847889,0.00047757133067758523
6,0.03,183,0.04053593502519807,0.0007570450742565183,0.0007570450742565182,0.0004933772688858809
6,0.03,184,0.040617172545614894,0.0007512976290152703,0.0007512976290152703,0.00048768561324359503
6,0.03,185,0.04090359015593796,0.0007653022575226452,0.0007653022575226452,0.0004890565266904009
6,0.03,186,0.040868000773032834,0.0008062478329382618,0.0008062478329382618,0.0004907373911720597
6,0.03,187,0.04113038582938305,0.0008027045024578016,0.0008027045024578016,0.0004971248783834474
6,0.03,188,0.041097161896039944,0.0008116158161448789,0.0008116158161448789,0.0004886277441946655
6,0.03,189,0.041141884923321964,0.0008166398371158081,0.0008166398371158082,0.0004908371611967005
6,0.03,190,0.040911589582647505,0.0007783542037346654,0.0007783542037346653,0.00048774587357126533
6,0.03,191,0.04094880972941143,0.0008020226857958881,0.0008020226857958881,0.0004907462800852073
6,0.03,192,0.040932336639398756,0.0008014264452414682,0.0008014264452414681,0.0004906866753262748
6,0.03,193,0.04070121145450818,0.0008091629589933953,0.0008091629589933953,0.00048624106277954555
6,0.03,194,0.040522251410308095,0.0008138449090343356,0.0008138449090343355,0.0004904430344540657
6,0.03,195,0.04041041806937137,0.0008409274950114756,0.0008409274950114756,0.0004872142950622495
6,0.03,196,0.040421317897128176,0.0008225028143417421,0.0008225028143417421,0.00048344091605686786
6,0.03,197,0.04035330402542965,0.0008131001338619742,0.0008131001338619742,0.00048116419463743027
6,0.03,198,0.04009647127725444,0.00079006533494144,0.0007900653349414401,0.00047594246065360346
6,0.03,199,0.04040997883863485,0.0007320781591767961,0.0007320781591767961,0.00047774585227881806
6,0.03,200,0.040236203809392954,0.0007117284795091051,0.0007117284795091051,0.00048671471456703447
6,0.03,201,0.04045567658671777,0.0007144346117835011,0.0007144346117835011,0.0004897831611762289
6,0.03,202,0.040212625195039924,0.0006816373357809257,0.0006816373357809257,0.0004897867940348657
6,0.03,203,0.040125493641559776,0.0007073250053247174,0.0007073250053247174,0.00047682752751833395
6,0.03,204,0.04011395334106571,0.0007218253155260367,0.0007218253155260368,0.0004883389991154186
6,0.03,205,0.039995391801992616,0.0007284447696166865,0.0007284447696166865,0.00047375129859206667
6,0.03,206,0.04027249533090945,0.0007070524905122191,0.0007070524905122191,0.00047796210513402693
6,0.03,207,0.04002297901857573,0.00073466808462562,0.0007346680846256202,0.00048616995083702955
6,0.03,208,0.040100855834656265,0.0007774917318237194,0.0007774917318237194,0.0004933850640710151
6,0.03,209,0.04028080407651576,0.0007256237412126985,0.0007256237412126986,0.0004952747415892741
6,0.03,210,0.03998779626064295,0.0007040651292344878,0.0007040651292344879,0.0004777206909121107
6,0.03,211,0.040178516906425134,0.0007045182239740602,0.0007045182239740602,0.0004748995478091703
6,0.03,212,0.04034168505417888,0.0007068627892801709,0.000706862789280171,0.00048021878599052226
6,0.03,213,0.040496694367787765,0.0006489741135129175,0.0006489741135129175,0.0004926053975536324
6,0.03,214,0.04050665254157439,0.000626763678882239,0.000626763678882239,0.0004917360474204492
6,0.03,215,0.040582602060127135,0.0006639903709400468,0.0006639903709400468,0.0004914607657624902
6,0.03,216,0.04094272052676376,0.0006737843570948957,0.0006737843570948958,0.0004845703270475662
6,0.03,217,0.04092238361449428,0.0006496362762261719,0.0006496362762261718,0.0004853167096712739
6,0.03,218,0.0406538304888604,0.0006238292963383089,0.0006238292963383089,0.000466129560826017
6,0.03,219,0.04077767902606118,0.0006412914945461462,0.0006412914945461462,0.0004812610887891922
6,0.03,220,0.040788474801129425,0.0006820233615051379,0.0006820233615051379,0.000477536307633193
6,0.03,221,0.04086566539362957,0.0007144874585185378,0.0007144874585185377,0.0004890255514778013
6,0.03,222,0.04079267462550476,0.0007078070344906583,0.0007078070344906583,0.00048820307215444555
6,0.03,223,0.040603864254641395,0.0006352877516218378,0.0006352877516218378,0.00048553914843571993
6,0.03,224,0.04059266236073219,0.0006547352316059044,0.0006547352316059044,0.0004775584039219214
6,0.03,225,0.040893009838686795,0.0006307686530806646,0.0006307686530806646,0.0004823417861323985
6,0.03,226,0.04081612593536137,0.0006460005722951219,0.000646000572295122,0.00048487685148937643
6,0.03,227,0.040832309379931514,0.0006625212872211783,0.0006625212872211783,0.00048649667100193083
6,0.03,228,0.04100844088622478,0.00070977692269041,0.00070977692269041,0.0004916453723670749
6,0.03,229,0.04118134586838553,0.0007322128642807876,0.0007322128642807877,0.0004955388511181397
6,0.03,230,0.04106763118265934,0.0007466301573377832,0.0007466301573377833,0.0004928138438290315
6,0.03,231,0.04097493013959054,0.0007825312773535757,0.0007825312773535756,0.0004988989713642573
6,0.03,232,0.0407548181953923,0.0007344207040510301,0.0007344207040510301,0.0004880304144235721
6,0.03,233,0.04090957990811926,0.0007394169949843867,0.0007394169949843866,0.00048082002307744915
6,0.03,234,0.041278220291757914,0.0007822396597088306,0.0007822396597088308,0.0004785531379896039
6,0.03,235,0.04124402338222558,0.0007738544479038161,0.000773854447903816,0.00048741649528066464
6,0.03,236,0.0412138639809233,0.000766510462678762,0.000766510462678762,0.0004940885530477746
6,0.03,237,0.04098119424033023,0.0008400224930775572,0.0008400224930775572,0.0004942678411169641
6,0.03,238,0.04085452764711207,0.0008535681961081014,0.0008535681961081013,0.0005005189768406377
6,0.03,239,0.04086623799346978,0.000841949164927558,0.000841949164927558,0.0004969221583982389
6,0.03,240,0.040922868673628134,0.0008186253925765295,0.0008186253925765295,0.0004974814066665574
6,0.03,241,0.04110174458972064,0.0008478208124930471,0.000847820812493047,0.0004919642867540589
6,0.03,242,0.04073828306022138,0.0007987822918671895,0.0007987822918671896,0.0004858228011879074
6,0.03,243,0.040676369924616505,0.0008128827977328952,0.0008128827977328951,0.0004883934270664544
6,0.03,244,0.040728331211086,0.0007849562322874277,0.0007849562322874276,0.0004936420795970535
6,0.03,245,0.040591787073381375,0.0008137704638365158,0.0008137704638365159,0.0004972131421942545
6,0.03,246,0.04041102505369528,0.0008107070467953677,0.0008107070467953677,0.00048490794797672785
6,0.03,247,0.040682050493326724,0.0008401640432168645,0.0008401640432168645,0.000491400170903132
6,0.03,248,0.040671134462933176,0.0007965899156055191,0.0007965899156055191,0.000489738333128539
6,0.03,249,0.04066333459146773,0.0008367869825241195,0.0008367869825241195,0.0004889682293132203
6,0.03,250,0.04050187925353959,0.0008541364317038158,0.0008541364317038158,0.0004901755592820478
6,0.03,251,0.04042211536185281,0.0008928184905324283,0.0008928184905324282,0.0004948905593273904
6,0.03,252,0.040674782440580995,0.0009040230010340892,0.0009040230010340892,0.00048712152581980325
6,0.03,253,0.04055729617316932,0.000925757313154746,0.000925757313154746,0.0004911638682905213
6,0.03,254,0.04058951030504999,0.0008568701015481945,0.0008568701015481945,0.0005007831867027123
6,0.03,255,0.04050328306824554,0.0008438338192485075,0.0008438338192485075,0.0004927407864224482
6,0.03,256,0.04053393301570295,0.0009129688271545702,0.0009129688271545702,0.0004894563353852146
6,0.03,257,0.04019240116089941,0.0008795303238752457,0.0008795303238752459,0.0004912484974669878
6,0.03,258,0.040242982744996374,0.0009214509437184606,0.0009214509437184605,0.0005033262928372683
6,0.03,259,0.040341664558007966,0.0009421795592495418,0.0009421795592495419,0.000506428310903815
6,0.03,260,0.040285038077459194,0.0009669358902857974,0.0009669358902857973,0.0005096290071765618
6,0.03,261,0.04043677576520747,0.0009610584016293723,0.0009610584016293722,0.000504671442756159
6,0.03,262,0.04060718838759624,0.0009216033984386031,0.0009216033984386031,0.0005079111725518848
6,0.03,263,0.04052759578998103,0.0009359352763581167,0.0009359352763581167,0.0005027614293732908
6,0.03,264,0.04063227210196843,0.0009242368263498508,0.0009242368263498508,0.0004952539369639964
6,0.03,265,0.040444391543189316,0.000953109283246353,0.0009531092832463531,0.0005010364192690486
6,0.03,266,0.04060094733022694,0.001028978582075627,0.001028978582075627,0.0005091773546877512
6,0.03,267,0.04034520660413905,0.0010508759534054624,0.0010508759534054624,0.0004966905781992792
6,0.03,268,0.04030854042138364,0.0010359153964105265,0.0010359153964105265,0.0004956536362439556
6,0.03,269,0.04036362300564629,0.0010560440573415305,0.0010560440573415305,0.0004996043755995246
6,0.03,270,0.04034442539408586,0.0010607623126718336,0.0010607623126718336,0.0004981749921500653
6,0.03,271,0.040313747812919735,0.0010332144400812596,0.0010332144400812596,0.0004979366235617989
6,0.03,272,0.04008546108174459,0.0009950705836739748,0.0009950705836739748,0.0004932235217001998
6,0.03,273,0.040140077785529256,0.0010126702731421086,0.0010126702731421083,0.0004952509062096742
6,0.03,274,0.03998290354613109,0.0010266797429383274,0.0010266797429383274,0.0004886523033715427
6,0.03,275,0.040031593983999,0.0010712192590780316,0.0010712192590780316,0.0004956741556624073
6,0.03,276,0.040211327108050136,0.0010810246537880028,0.0010810246537880028,0.0004969879276660852
6,0.03,277,0.04010522730897567,0.001032784290899209,0.001032784290899209,0.000496681290446325
6,0.03,278,0.04031073264950138,0.0010729013930815695,0.0010729013930815695,0.0005035732282854663
6,0.03,279,0.040637250128939685,0.0010843562994190539,0.0010843562994190539,0.0004973107159767559
6,0.03,280,0.040701263837927944,0.001045388679714857,0.0010453886797148568,0.0004935418344603277
6,0.03,281,0.04072224465700626,0.0010233982260324805,0.0010233982260324805,0.000499648761453987
6,0.03,282,0.04063986525858332,0.0010399497979742358,0.001039949797974236,0.00048618386094475245
6,0.03,283,0.04050871378461736,0.0010092566002227147,0.0010092566002227147,0.00048244259198628863
6,0.03,284,0.04065402517309353,0.0009953976163066354,0.0009953976163066354,0.00048180217795300127
6,0.03,285,0.04067229682374916,0.0010092101479960748,0.0010092101479960746,0.0004947463838481234
6,0.03,286,0.04102591751248253,0.0010411471611625484,0.0010411471611625487,0.0004943256642801433
6,0.03,287,0.0409045291645697,0.0009906928695814397,0.0009906928695814397,0.0004870687861900597
6,0.03,288,0.04094778470951369,0.0009596060004577112,0.0009596060004577111,0.0004943394550966656
6,0.03,289,0.04088360309533554,0.0009517865646146054,0.0009517865646146054,0.000493844664105418
6,0.03,290,0.04092518672767007,0.0010005336293486516,0.0010005336293486516,0.0004949805393628571
6,0.03,291,0.04110535541036277,0.0009469580331034097,0.0009469580331034096,0.0004971139967599702
6,0.03,292,0.04101701203217844,0.000946309888715537,0.000946309888715537,0.0004903983238550931
6,0.03,293,0.041283441768140285,0.0009289357430432023,0.0009289357430432023,0.0005156904756396414
6,0.03,294,0.04099465730044468,0.0009039842191903148,0.0009039842191903148,0.0005134973595468242
6,0.03,295,0.04082055017050556,0.0009353013816122926,0.0009353013816122926,0.0005292762317099635
6,0.03,296,0.04111453060020758,0.0009528984618325176,0.0009528984618325176,0.0005386281807388624
6,0.03,297,0.04091441912482374,0.0009137771989882834,0.0009137771989882834,0.0005358571345206009
6,0.03,298,0.040951351346771955,0.0008766074853220303,0.0008766074853220303,0.0005360954373818405
6,0.03,299,0.041184256985071624,0.0008627903240647349,0.0008627903240647349,0.0005399102754028025
6,0.03,300,0.04111728689920805,0.0008614108434965469,0.0008614108434965469,0.0005329013503827823
6,0.03,301,0.04117338411807037,0.0008735461373999241,0.0008735461373999241,0.0005298106816534014
6,0.03,302,0.041253251510446336,0.000910278424451146,0.0009102784244511463,0.0005368681270568256
6,0.03,303,0.041424738145799035,0.0009004318825585459,0.000900431882558546,0.0005361469540550185
6,0.03,304,0.04164135171205786,0.0008871646195593915,0.0008871646195593915,0.0005417382126944261
6,0.03,305,0.04159046746622893,0.0009384542524014098,0.0009384542524014098,0.0005438067429718465
6,0.03,306,0.04170635482779781,0.0009643931900179997,0.0009643931900179997,0.0005453118265156117
6,0.03,307,0.041859276401034186,0.0009427998958944045,0.0009427998958944046,0.0005381197748555148
6,0.03,308,0.04189703057774222,0.0009660350412456422,0.0009660350412456423,0.0005333009902273188
6,0.03,309,0.041930918408235866,0.0009347644523480067,0.0009347644523480067,0.000543885623181741
6,0.03,310,0.04216017834076715,0.0008920907958460719,0.0008920907958460719,0.0005479822404532976
6,0.03,311,0.042339983749743695,0.0009222159835443803,0.0009222159835443803,0.0005632588882571474
6,0.03,312,0.042395095654778774,0.0009412159072539566,0.0009412159072539566,0.0005666603578996784
6,0.03,313,0.04225791654930399,0.0009203888826450812,0.0009203888826450812,0.0005605089828099694
6,0.03,314,0.04226936920154543,0.0009832511620425203,0.0009832511620425203,0.0005689314753183604
6,0.03,315,0.04220664706902103,0.0009624880125028016,0.0009624880125028015,0.0005777172155662663
6,0.03,316,0.04212626699210069,0.0009105584431682331,0.0009105584431682331,0.0005688660470103889
6,0.03,317,0.04191993892518339,0.0009448039980123716,0.0009448039980123717,0.0005687233058546416
6,0.03,318,0.04176053917887091,0.0009318263169200398,0.0009318263169200399,0.000552222842852824
6,0.03,319,0.04196831823762072,0.000840098122837972,0.0008400981228379718,0.0005484065642116972
6,0.03,320,0.041888194387736985,0.0008267756436860256,0.0008267756436860257,0.0005438720455056917
6,0.03,321,0.04188300403354376,0.0008685134302760208,0.0008685134302760208,0.0005426690864772829
6,0.03,322,0.041938182647681295,0.0008722196107834575,0.0008722196107834575,0.0005366383510372128
6,0.03,323,0.041943426536585685,0.0008406070139753542,0.0008406070139753541,0.0005302887608454991
6,0.03,324,0.04205941504043104,0.0008308810273244503,0.0008308810273244503,0.0005237802134569068
6,0.03,325,0.04210188435694538,0.0008775083269322185,0.0008775083269322185,0.0005201549603841554
6,0.03,326,0.04220310495337119,0.0008711871390862413,0.0008711871390862413,0.0005120745635409564
6,0.03,327,0.04179397669984223,0.0008594129651603251,0.0008594129651603251,0.0005181191392154544
6,0.03,328,0.041913934085029456,0.0008353418160156414,0.0008353418160156413,0.0005160707550965904
6,0.03,329,0.04170195272512977,0.0008501951730940395,0.0008501951730940395,0.0005178482639727331
6,0.03,330,0.041758886713903424,0.0008071476750693935,0.0008071476750693934,0.0005181610286669819
6,0.03,331,0.04176027106025906,0.0007522524592377631,0.0007522524592377632,0.0005199824667856998
6,0.03,332,0.04198846369782253,0.0007465822999389967,0.0007465822999389967,0.0005231885998914263
6,0.03,333,0.04219085437171224,0.0007436313905919473,0.0007436313905919473,0.0005276358261238224
6,0.03,334,0.04211672271350808,0.0007198462703052856,0.0007198462703052855,0.0005238885059239031
6,0.03,335,0.04170738970593995,0.0007137268671333785,0.0007137268671333786,0.000521768194225825
6,0.03,336,0.041616120801083414,0.0007365583234081171,0.0007365583234081171,0.0005197715198169167
6,0.03,337,0.04184144561720392,0.0007348832671124134,0.0007348832671124134,0.000527923589122749
6,0.03,338,0.041727517347800606,0.0007317533773290829,0.0007317533773290828,0.0005281500931168629
6,0.03,339,0.04150883476713776,0.0007517560559322149,0.0007517560559322149,0.0005222971416064884
6,0.03,340,0.04143967952926391,0.0007537109562565219,0.0007537109562565219,0.0005239975439906382
6,0.03,341,0.04123711597376802,0.0007513971323018218,0.000751397132301822,0.0005282235946639368
6,0.03,342,0.041225055308008046,0.0007240376760778128,0.0007240376760778127,0.0005152545126172914
6,0.03,343,0.041370417179029714,0.0007473992451033074,0.0007473992451033074,0.0005097609027459563
6,0.03,344,0.04145759545515732,0.0007578752440451392,0.0007578752440451392,0.0005199501809371582
6,0.03,345,0.04140114927308574,0.0007138703179973047,0.0007138703179973047,0.0005194142506493271
6,0.03,346,0.04147515386545308,0.0007308827581609693,0.0007308827581609692,0.0005155632754864424
6,0.03,347,0.04112805826627976,0.000693045716639553,0.000693045716639553,0.0005140101346852411
6,0.03,348,0.04132995700386343,0.000681321290187446,0.000681321290187446,0.0005103382678302298
6,0.03,349,0.041434769772759436,0.0006366301329329279,0.0006366301329329279,0.0005006524896428097
6,0.03,350,0.041369709964927816,0.0006442129146145939,0.0006442129146145938,0.0005001492912371653
6,0.03,351,0.04151366318090859,0.0006285296494221982,0.0006285296494221983,0.0005128755194865319
6,0.03,352,0.04165430696669717,0.0006373449513803227,0.0006373449513803227,0.0005216526116774352
6,0.03,353,0.041525451330329234,0.0006139047860590706,0.0006139047860590706,0.0005189548657804676
6,0.03,354,0.04155305968545349,0.0006010183277756658,0.0006010183277756658,0.0005217040700295539
6,0.03,355,0.04141118277679393,0.0006113184627700664,0.0006113184627700663,0.0005193254051694519
6,0.03,356,0.041536196926368195,0.000593580820043297,0.000593580820043297,0.0005164548740508337
6,0.03,357,0.0417636786617811,0.0006113092940850103,0.0006113092940850103,0.0005096881212770205
6,0.03,358,0.04171958653308032,0.0006026542878729862,0.0006026542878729862,0.0005197087944686571
6,0.03,359,0.04186312962170466,0.000577445987950449,0.000577445987950449,0.0005217924206749333
6,0.03,360,0.04197647833211345,0.0005825727459034115,0.0005825727459034115,0.0005178812077680799
6,0.03,361,0.04202558903733037,0.0006014504244932936,0.0006014504244932935,0.000520160254029311
6,0.03,362,0.04208117085213175,0.0005984472614579674,0.0005984472614579674,0.0005134757405452253
6,0.03,363,0.04205595910837963,0.0006243944914166027,0.0006243944914166027,0.000510281187890945
6,0.03,364,0.041956823873331314,0.0006349068091446508,0.0006349068091446507,0.0005043524490750995
6,0.03,365,0.04194437269498905,0.0006984027943844808,0.0006984027943844808,0.0005052744589353134
6,0.03,366,0.041734985728612235,0.0006853719571515756,0.0006853719571515756,0.0005019585929847487
6,0.03,367,0.04164502973704001,0.0006825291354648897,0.0006825291354648896,0.0005021580414397733
6,0.03,368,0.04172031547138813,0.0007088480070836497,0.0007088480070836496,0.0005081286838742243
6,0.03,369,0.04174436131308688,0.0006901785800714133,0.0006901785800714133,0.0005278256591175795
6,0.03,370,0.04190013477055944,0.0007340359217388295,0.0007340359217388294,0.0005286306006368251
6,0.03,371,0.0419354218115741,0.0007040244358232692,0.0007040244358232692,0.000514600383861721
6,0.03,372,0.041926497927912955,0.0007414797462343061,0.0007414797462343061,0.0005144584894135842
6,0.03,373,0.041838150617493894,0.000727055011891546,0.000727055011891546,0.0005237157863442496
6,0.03,374,0.04204101541481298,0.0007510455816431478,0.0007510455816431478,0.0005370033761955295
6,0.03,375,0.04196081658373754,0.0007577653607412797,0.0007577653607412797,0.0005447347255142983
6,0.03,376,0.04195170517943987,0.0007901089104120497,0.0007901089104120497,0.0005433815990601101
6,0.03,377,0.04180876338640464,0.0008308892236528983,0.0008308892236528983,0.0005446494893942512
6,0.03,378,0.04188384634780381,0.0008539252527299455,0.0008539252527299454,0.000552489743870482
6,0.03,379,0.04153180837020714,0.0008340964016913402,0.0008340964016913402,0.0005394597012521086
6,0.03,380,0.041260651596352636,0.0008532951285660773,0.0008532951285660772,0.0005389361870716222
6,0.03,381,0.041203713929206257,0.0008625421338723399,0.0008625421338723399,0.0005371963766312522
6,0.03,382,0.04140000058018096,0.000838445888818795,0.000838445888818795,0.0005450177207172017
6,0.03,383,0.04149746429004094,0.0008207668639665794,0.0008207668639665794,0.0005570162971774896
6,0.03,384,0.041484380022533185,0.0008034318540454442,0.0008034318540454443,0.0005605113182560945
6,0.03,385,0.04142648889507015,0.0008030465911656429,0.000803046591165643,0.0005474992737257593
6,0.03,386,0.04143807748456626,0.0007317174632591794,0.0007317174632591794,0.0005404767772564722
6,0.03,387,0.041443467531581894,0.0007724146517062821,0.0007724146517062822,0.0005279955765516646
6,0.03,388,0.041441503159646766,0.0008139499205873747,0.0008139499205873746,0.0005307327230023011
6,0.03,389,0.041258262810090145,0.0007897436464225107,0.0007897436464225107,0.0005152926003636855
6,0.03,390,0.04112904088010328,0.0007809199273468128,0.0007809199273468128,0.0005100352385191425
6,0.03,391,0.04095505911509524,0.000768645527616192,0.000768645527616192,0.0005109803657326428
6,0.03,392,0.040909673479152656,0.0007524948441530198,0.0007524948441530198,0.000518936167790444
6,0.03,393,0.041000350179748166,0.0007413529021331444,0.0007413529021331443,0.0005175638996617933
6,0.03,394,0.04090149644699839,0.0007290179511599871,0.0007290179511599871,0.000511254243355736
6,0.03,395,0.040867437803776004,0.0007178947193093923,0.0007178947193093922,0.0005008947986889313
6,0.03,396,0.04065470045088445,0.0007222856661414836,0.0007222856661414836,0.0005056390008381945
6,0.03,397,0.04072602056528739,0.0006894176396957019,0.0006894176396957019,0.0005197092920440088
6,0.03,398,0.04089687878918262,0.0006994819805372551,0.0006994819805372551,0.0005187241194120027
6,0.03,399,0.0413667825464944,0.0007323760188922429,0.0007323760188922428,0.000517133522327888
6,0.03,400,0.04153906695956712,0.0007054988931617415,0.0007054988931617414,0.0005108427769174253
6,0.03,401,0.04179470305494279,0.0006376944171390262,0.0006376944171390262,0.0005138295403325876
6,0.03,402,0.041625993870233136,0.0006541538218489125,0.0006541538218489125,0.0005174644702466785
6,0.03,403,0.04174691249709011,0.0007089461477817989,0.0007089461477817989,0.0005117957128539691
6,0.03,404,0.0416247595683268,0.0006828940014626917,0.0006828940014626917,0.0005073195350156739
6,0.03,405,0.04145632285026254,0.0006297259238092739,0.0006297259238092739,0.0005098686994188389
6,0.03,406,0.04148326735400734,0.0006615044070676025,0.0006615044070676025,0.0005141400303897432
6,0.03,407,0.04162853725954392,0.0006588038250364232,0.0006588038250364232,0.0005217724809724961
6,0.03,408,0.04136258179776052,0.0006363909276021355,0.0006363909276021355,0.0005188326189203483
6,0.03,409,0.0413043744205952,0.0006795042877784995,0.0006795042877784995,0.0005216762579858526
6,0.03,410,0.04115122409891146,0.0006905752526654984,0.0006905752526654984,0.000505321792499466
6,0.03,411,0.041207343882693245,0.0006774537700951787,0.0006774537700951786,0.0005052031642429227
6,0.03,412,0.04123971583528527,0.0006419599621958031,0.0006419599621958032,0.0005071144105773015
6,0.03,413,0.04095857427353476,0.0006217856397405466,0.0006217856397405466,0.0005031529752416563
6,0.03,414,0.04095294359001221,0.000603000936138022,0.0006030009361380219,0.0005049821092500086
6,0.03,415,0.04085655998351249,0.0006251075471496245,0.0006251075471496244,0.0005044358925689963
6,0.03,416,0.04092901686534556,0.0006271563978114554,0.0006271563978114554,0.0005100614567152472
6,0.03,417,0.04099295890785564,0.0006743736355311438,0.0006743736355311437,0.0005172823846579387
6,0.03,418,0.04067178647425343,0.0006503128213099652,0.0006503128213099652,0.0004937879055978569
6,0.03,419,0.04063023764613564,0.0006535364906919802,0.0006535364906919802,0.0005027880609220411
6,0.03,420,0.040732822691320475,0.0006480499554282883,0.0006480499554282883,0.0004977829746660218
6,0.03,421,0.040765361319717995,0.0006565462828587642,0.0006565462828587642,0.0005012804757576853
6,0.03,422,0.04055514205249707,0.0006454822836548083,0.0006454822836548083,0.0005051939404014209
6,0.03,423,0.04058564711627041,0.0006488839547572592,0.0006488839547572592,0.0005085161679129859
6,0.03,424,0.04071776020278277,0.0006065072764641708,0.0006065072764641708,0.000511875998241111
6,0.03,425,0.040797272503631986,0.0005853261145199868,0.0005853261145199868,0.0005066360129440799
6,0.03,426,0.04105304542881865,0.0006116403174445882,0.0006116403174445882,0.0005007877071646588
6,0.03,427,0.04084467428670946,0.0006258144056212333,0.0006258144056212333,0.0004945120079186984
6,0.03,428,0.04055908768988815,0.0006469031902979432,0.0006469031902979432,0.0004945389885675803
6,0.03,429,0.04025496829546633,0.0006552751043176748,0.0006552751043176747,0.0004875833902123529
6,0.03,430,0.040410439443392385,0.0006284719909685685,0.0006284719909685685,0.00048711016139510395
6,0.03,431,0.04047181550040088,0.0006648867098100285,0.0006648867098100284,0.0004894614601402713
6,0.03,432,0.040308994425917656,0.0006915353638296325,0.0006915353638296326,0.0004780359574602198
6,0.03,433,0.04016514167646974,0.000704803498234154,0.000704803498234154,0.00047564150223162495
6,0.03,434,0.04032219044264007,0.0006993538782037111,0.000699353878203711,0.0004858507599928577
6,0.03,435,0.0403705790058384,0.0007375261414480116,0.0007375261414480115,0.0004945594266618006
6,0.03,436,0.0404503246714418,0.0006888815620669556,0.0006888815620669556,0.00048969519670556
6,0.03,437,0.04059457853017867,0.0006856247091293803,0.0006856247091293803,0.0004891531821611808
6,0.03,438,0.04079939430277999,0.0006987091424033771,0.0006987091424033771,0.0005010883206222366
6,0.03,439,0.0408358749078399,0.0007343386086280781,0.0007343386086280781,0.0005075119747543454
6,0.03,440,0.04059370528397461,0.0007202665282538278,0.000720266528253828,0.0005039580867770104
6,0.03,441,0.04049820024687787,0.0007602413115680521,0.0007602413115680521,0.0005108030619333219
6,0.03,442,0.04051965145842735,0.0006970338183508273,0.0006970338183508274,0.0005021424784415805
6,0.03,443,0.040348037392865806,0.0007169062329340827,0.0007169062329340826,0.0004914776516398395
6,0.03,444,0.040675082068922036,0.0007118161134569208,0.0007118161134569208,0.0004958739201421592
6,0.03,445,0.04075014953509407,0.0007802343585908956,0.0007802343585908956,0.0005035761283062629
6,0.03,446,0.040948137949742426,0.0007510528179691443,0.0007510528179691444,0.0005112080356286681
6,0.03,447,0.04091527459121808,0.0007707697688235599,0.0007707697688235599,0.0005094435843197345
6,0.03,448,0.04086978232023388,0.0007534289995035857,0.0007534289995035856,0.0005079014745484495
6,0.03,449,0.04080032109012169,0.0007285284899692683,0.0007285284899692683,0.0004920995900239503
6,0.03,450,0.040558833346677724,0.0007288637103159147,0.0007288637103159148,0.0004962612630064611
6,0.03,451,0.04058269624514639,0.0007038385718416798,0.0007038385718416798,0.0004935196814043625
6,0.03,452,0.040547279676786015,0.0007159760983248192,0.0007159760983248192,0.0005030364407679059
6,0.03,453,0.04083551522572135,0.0007235715544406803,0.0007235715544406802,0.000501019570220695
6,0.03,454,0.04076806360342951,0.0006599497619411811,0.000659949761941181,0.0004927604163343124
6,0.03,455,0.04078678282604922,0.0006247712038886563,0.0006247712038886563,0.0004978909457059256
6,0.03,456,0.040593032096673066,0.000662381412264501,0.000662381412264501,0.0004897953002773391
6,0.03,457,0.04080236727235317,0.0006616919136069881,0.0006616919136069881,0.0004910683862519317
6,0.03,458,0.04081835633751851,0.0006393304321435418,0.0006393304321435418,0.0004908856349334911
6,0.03,459,0.04066780154383829,0.0006569364239137402,0.0006569364239137402,0.0004870837222153289
6,0.03,460,0.04074480400047586,0.0006799633970276132,0.0006799633970276133,0.0004919618272515399
6,0.03,461,0.04100991792623437,0.0006500979838642391,0.0006500979838642391,0.0004912957041391726
6,0.03,462,0.04089425911731526,0.0006346618519606173,0.0006346618519606173,0.0004902565394292129
6,0.03,463,0.04082515051206806,0.0006426974517348906,0.0006426974517348906,0.0004944870795392057
6,0.03,464,0.040870384344748066,0.0006163451356789866,0.0006163451356789866,0.0005012027075653855
6,0.03,465,0.040893886397563466,0.0006308091349375987,0.0006308091349375987,0.0005060725886167473
6,0.03,466,0.04093719212133694,0.0006337731177427173,0.0006337731177427173,0.0005107703630595042
6,0.03,467,0.04087967166610908,0.0006398438033811507,0.0006398438033811507,0.0005059894022400663
6,0.03,468,0.040678672341766316,0.0006365450896397615,0.0006365450896397615,0.0005075456323566064
6,0.03,469,0.04033804739594979,0.0006503415633736014,0.0006503415633736015,0.0004972082404542962
6,0.03,470,0.04035805626138779,0.0006340870045139481,0.0006340870045139481,0.0004953078543232503
6,0.03,471,0.040523092874599737,0.0006094695123912019,0.0006094695123912019,0.0005054771333531494
6,0.03,472,0.0406982795559071,0.0006289372588795301,0.0006289372588795301,0.0005140601319223903
6,0.03,473,0.04057346116984455,0.0006345950135228793,0.0006345950135228793,0.0005012072220625071
6,0.03,474,0.040583544765413475,0.0006248014514475136,0.0006248014514475136,0.0005018453196715454
6,0.03,475,0.04082824297856597,0.0006701025978076559,0.0006701025978076558,0.0005082235440557041
6,0.03,476,0.041127360456486926,0.0007042050463375914,0.0007042050463375913,0.0005111381642819873
6,0.03,477,0.04107030230754834,0.0007219347059828987,0.0007219347059828988,0.0005029545801450665
6,0.03,478,0.04094684816639059,0.0007298974489754822,0.0007298974489754822,0.0005137441550467552
6,0.03,479,0.04087942115334819,0.0007062929012584978,0.0007062929012584978,0.0005227264019515026
6,0.03,480,0.04098191056846867,0.0007034165031655728,0.0007034165031655728,0.0005208428416750235
6,0.03,481,0.04095089509101809,0.0007453839989217438,0.0007453839989217438,0.0005300315359552508
6,0.03,482,0.04116839167186397,0.0007320614393658594,0.0007320614393658594,0.0005342430424874181
6,0.03,483,0.04102295248231704,0.0007165795289234904,0.0007165795289234902,0.0005206424742885019
6,0.03,484,0.04070378302411433,0.0006715761882036212,0.0006715761882036212,0.0005182901286130652
6,0.03,485,0.04076663582261744,0.0006929606600300991,0.000692960660030099,0.0005247452418660986
6,0.03,486,0.04096446994968575,0.0007336972218606828,0.0007336972218606828,0.0005251068580977955
6,0.03,487,0.040984216657984365,0.0007241138463687623,0.0007241138463687623,0.0005353076425686286
6,0.03,488,0.04099826737779338,0.000759421929670731,0.0007594219296707308,0.0005420629082284378
6,0.03,489,0.04109940174458031,0.0007141212951089706,0.0007141212951089706,0.0005314252685364729
6,0.03,490,0.041008505870788595,0.0007150121587477553,0.0007150121587477553,0.0005262379809268533
6,0.03,491,0.0409392711903644,0.0006983745600989656,0.0006983745600989657,0.0005218990243466648
6,0.03,492,0.04091537292271829,0.000730734009038153,0.0007307340090381528,0.0005172137452957955
6,0.03,493,0.04095605901573425,0.0006747349060967972,0.0006747349060967971,0.0005116725414532839
6,0.03,494,0.040795787453510236,0.0006704035190613343,0.0006704035190613343,0.0005148919832234089
6,0.03,495,0.0409134711661914,0.0006193251107110931,0.000619325110711093,0.0005066250142721346
6,0.03,496,0.0409872347531314,0.0006353925978382154,0.0006353925978382154,0.0005145637539085761
6,0.03,497,0.04096817382369418,0.0006838333382016754,0.0006838333382016754,0.0005069263348652985
6,0.03,498,0.04070839035316727,0.0007156577915302251,0.0007156577915302251,0.0005016275008824439
6,0.03,499,0.040809387341690824,0.0007588037904921414,0.0007588037904921415,0.0004984174902415889
6,0.03,500,0.040766616623581005,0.0007024927294621388,0.0007024927294621388,0.0004972062544597245
6,0.05,0,0.08212560864581175,0.0002473937639478908,0.00024406484326402295,0.0002473937639478908
6,0.05,1,0.05010035229454646,0.00025896392823070424,0.00025896392823070424,0.0002471571698227275
6,0.05,2,0.03877105500538479,0.00023238933360674558,0.0002118772251282198,0.00023238933360674558
6,0.05,3,0.03392105569932773,0.00023948672463615394,0.00023948672463615394,0.00022557710312182146
6,0.05,4,0.031740875060368615,0.0002748182346403588,0.0002748182346403588,0.00022909463120162376
6,0.05,5,0.030911720872527273,0.00025897566085989284,0.00025897566085989284,0.00023635480889889614
6,0.05,6,0.030334877378187287,0.000271083529960476,0.000271083529960476,0.0002390222628736312
6,0.05,7,0.030391899749824057,0.00023665825798386788,0.00022707740322093812,0.00023665825798386788
6,0.05,8,0.030346660866814684,0.00024080168396589977,0.00022758373243309644,0.00024080168396589977
6,0.05,9,0.03047753479931346,0.00024639310135841854,0.00021049364302399388,0.00024639310135841854
6,0.05,10,0.030407881770176705,0.0002471147845478915,0.00024434545018620725,0.0002471147845478915
6,0.05,11,0.030672117038843497,0.0002474168294556254,0.00024741682945562536,0.0002447578140876311
6,0.05,12,0.03080559675654095,0.00028045793416474015,0.00028045793416474015,0.0002490492154675538
6,0.05,13,0.03107893473937953,0.0002774736626435802,0.0002774736626435802,0.0002531025827244258
6,0.05,14,0.03125261395603674,0.00030808774439525677,0.0003080877443952567,0.0002575914893165516
6,0.05,15,0.03137464081935134,0.00032192866557167375,0.00032192866557167375,0.000256561380452325
6,0.05,16,0.03150789529647795,0.0003614482290101625,0.00036144822901016256,0.0002591009829103996
6,0.05,17,0.03172933859684526,0.0003690774665095601,0.0003690774665095601,0.0002653088745765105
6,0.05,18,0.03202172836411228,0.0003878912407832173,0.0003878912407832173,0.0002651250448094024
6,0.05,19,0.032325782577160976,0.00037081175774686826,0.00037081175774686826,0.00027543931745509074
6,0.05,20,0.032525278425224215,0.0003834126753519645,0.0003834126753519645,0.00028427034262453344
6,0.05,21,0.032912944945096875,0.0003334455227724108,0.0003334455227724108,0.00028694813611454897
6,0.05,22,0.03305087982377055,0.00030613345770876536,0.00030613345770876536,0.0002933885733800085
6,0.05,23,0.03324815607507966,0.00034591734243760936,0.00034591734243760936,0.00030387954246202523
6,0.05,24,0.033138394195204465,0.00032407601178597765,0.0003240760117859777,0.0002986679597060799
6,0.05,25,0.03321804841181037,0.0003263693762001886,0.0003263693762001886,0.0002989316862496197
6,0.05,26,0.0331839696776618,0.0003564811331026945,0.0003564811331026945,0.00029999800126775185
6,0.05,27,0.03339429180937381,0.00035979322333026814,0.0003597932233302681,0.00029830110732213865
6,0.05,28,0.0336909879583324,0.0003605415274400046,0.0003605415274400046,0.0003048089847356837
6,0.05,29,0.03391552054646258,0.00033753215587020024,0.00033753215587020024,0.0003129661093214211
6,0.05,30,0.03396960843479539,0.00033732689954506917,0.00033732689954506917,0.00031554189125263346
6,0.05,31,0.03423637366120438,0.0003214306542431167,0.0003214306542431167,0.00031329944230597885
6,0.05,32,0.0341062016884021,0.00032857570047635184,0.00031259235444827053,0.00032857570047635184
6,0.05,33,0.03417598212083835,0.00036591956091415516,0.00036591956091415516,0.00032945259579401936
6,0.05,34,0.034544604422585154,0.0003802659130660121,0.0003802659130660121,0.0003392023357507547
6,0.05,35,0.03451810053108322,0.00038752472102158715,0.00038752472102158715,0.0003448337308218704
6,0.05,36,0.03427683135530823,0.00034807475011765525,0.00034044404498677144,0.00034807475011765525
6,0.05,37,0.034161649163235205,0.0003722928817108469,0.0003722928817108469,0.0003397878494201047
6,0.05,38,0.03420976467993486,0.0003711629340578816,0.0003711629340578816,0.00034964984539727107
6,0.05,39,0.034274976739191755,0.00038429461631372367,0.0003842946163137236,0.00034871805468153174
6,0.05,40,0.03467140355224995,0.000425971802164247,0.000425971802164247,0.0003498520030212428
6,0.05,41,0.03440882691510102,0.00039645218800185447,0.00039645218800185447,0.00035227470912870104
6,0.05,42,0.034620143828308796,0.00035529434500091605,0.00035474396561698516,0.00035529434500091605
6,0.05,43,0.034660813858919046,0.0003634917804124854,0.0003520386600479416,0.0003634917804124854
6,0.05,44,0.034778572385504684,0.00039695918679709744,0.00039695918679709744,0.0003711348332536211
6,0.05,45,0.03487294110124638,0.00039813775761984675,0.00039813775761984675,0.00037077741803856197
6,0.05,46,0.03506559654295979,0.00037347405221492677,0.0003734740522149267,0.0003676979122335345
6,0.05,47,0.03499554381954175,0.00040700339020245934,0.0004070033902024594,0.00036542575887032796
6,0.05,48,0.03507770416340375,0.0004327855612094336,0.0004327855612094336,0.00036825044266087376
6,0.05,49,0.03500413224101961,0.0004415611843949894,0.0004415611843949894,0.00036361574245470375
6,0.05,50,0.035182942717932805,0.00042370849183201686,0.00042370849183201686,0.00036339975624865726
6,0.05,51,0.0353406570644306,0.00046145115441790157,0.0004614511544179016,0.0003713780408561056
6,0.05,52,0.03548359486264205,0.00047843036902909554,0.00047843036902909554,0.0003714543973445304
6,0.05,53,0.035435835143052895,0.00048517040272194915,0.00048517040272194915,0.0003567570725406387
6,0.05,54,0.035277921502903535,0.0004945707955879647,0.0004945707955879647,0.00035331076356013365
6,0.05,55,0.03520868387523365,0.0005063261204060348,0.0005063261204060348,0.0003588135980719804
6,0.05,56,0.03542850254313675,0.0005226098821651615,0.0005226098821651615,0.000355033074057493
6,0.05,57,0.035263998871753584,0.0005008084865540633,0.0005008084865540633,0.0003512785429680491
6,0.05,58,0.03531137127235651,0.0004750735958116115,0.00047507359581161154,0.00035245655680549024
6,0.05,59,0.03529065330736816,0.0004462857834590562,0.0004462857834590562,0.000351367357991464
6,0.05,60,0.035299102006778264,0.00048601379701997143,0.00048601379701997143,0.0003596370312347641
6,0.05,61,0.03540217099676383,0.0004852943112429728,0.00048529431124297274,0.0003614717302580116
6,0.05,62,0.03544209440721971,0.0004884752785345792,0.0004884752785345792,0.0003530610238498762
6,0.05,63,0.035559273549757534,0.0005215331877614833,0.0005215331877614833,0.00035697219371382216
6,0.05,64,0.03567962838502778,0.0005196876322427835,0.0005196876322427835,0.00035597214208235643
6,0.05,65,0.03573046469907049,0.00048727552299563,0.00048727552299563,0.00036129815232510313
6,0.05,66,0.0358213472975384,0.0005032106691782552,0.0005032106691782553,0.0003576632061136671
6,0.05,67,0.035901933675867095,0.00048102367167214625,0.0004810236716721463,0.00036661612214129366
6,0.05,68,0.035903170936840194,0.00044990727648977654,0.0004499072764897765,0.00036314053938346657
6,0.05,69,0.035705953061814684,0.0004539020725735988,0.0004539020725735988,0.00036692085184984513
6,0.05,70,0.0359388338397139,0.0004939459343215987,0.0004939459343215987,0.00038433668083781705
6,0.05,71,0.03609006148481605,0.0004984956204930013,0.0004984956204930014,0.0003753734456497608
6,0.05,72,0.03619985394418248,0.0004892796233874348,0.0004892796233874349,0.0003798833513838022
6,0.05,73,0.03617411674367478,0.0004696762790579135,0.0004696762790579135,0.0003779221534088381
6,0.05,74,0.03639401749386159,0.00046541863227446157,0.00046541863227446157,0.0003918852536841068
6,0.05,75,0.036468124240204895,0.00044376063958413356,0.00044376063958413356,0.0003941811124700119
6,0.05,76,0.036480652788707116,0.0004699477153845083,0.0004699477153845084,0.00039220430515938686
6,0.05,77,0.036253442316946265,0.00045241884652942897,0.0004524188465294289,0.0003897334102569584
6,0.05,78,0.03639941292814641,0.0005421923969921511,0.0005421923969921511,0.000383630250174699
6,0.05,79,0.036452427805819775,0.0005539914435701336,0.0005539914435701336,0.0003939612170216989
6,0.05,80,0.03654695179487469,0.0005160715260868068,0.0005160715260868068,0.00038309003606181043
6,0.05,81,0.03665939884855563,0.000522108346320256,0.000522108346320256,0.00039516293421039075
6,0.05,82,0.03681387672429359,0.0005066652312279407,0.0005066652312279407,0.0004060016243628956
6,0.05,83,0.03690777372195465,0.0005154450704716684,0.0005154450704716685,0.0004124431854442579
6,0.05,84,0.0370973772665175,0.0004955227710916318,0.0004955227710916318,0.0004156325228380475
6,0.05,85,0.03705171225047751,0.00047339257417957666,0.0004733925741795766,0.00042621490758653675
6,0.05,86,0.036831132991873725,0.00048314896090326714,0.00048314896090326714,0.00042825235085900543
6,0.05,87,0.036887465073894954,0.0004941985654746651,0.000494198565474665,0.00043587382744692227
6,0.05,88,0.036886094238206414,0.0004809177256699079,0.0004809177256699079,0.0004327678733470865
6,0.05,89,0.03681971985473922,0.00047632671504928357,0.00047632671504928357,0.00042955446978047127
6,0.05,90,0.036653690879624674,0.0005221786410152401,0.0005221786410152401,0.0004316795079213932
6,0.05,91,0.03673113761011429,0.000498912388768949,0.0004989123887689489,0.0004310554369571471
6,0.05,92,0.03722997629963342,0.0004807130599226502,0.0004807130599226502,0.0004310028555391459
6,0.05,93,0.03725541362379671,0.00046655358219197814,0.00046655358219197814,0.0004326892707035123
6,0.05,94,0.03719250328290098,0.00048182375101055137,0.0004818237510105513,0.00043819439522279377
6,0.05,95,0.0370204130537742,0.0004963358663369212,0.0004963358663369211,0.0004400044302921392
6,0.05,96,0.037068075348956835,0.00050957103838336,0.0005095710383833599,0.0004338618309164676
6,0.05,97,0.03720253301784651,0.0005239976237236875,0.0005239976237236875,0.0004365240472806565
6,0.05,98,0.03731823678101069,0.0005744409263275317,0.0005744409263275316,0.00043731618017473395
6,0.05,99,0.037490241677731885,0.0006004316526005419,0.0006004316526005419,0.00044501389771756735
6,0.05,100,0.037613170278928215,0.000595390953331988,0.000595390953331988,0.0004438429936295856
6,0.05,101,0.03747638926380771,0.0005938733098535777,0.0005938733098535777,0.0004465179979096213
6,0.05,102,0.03754092162180746,0.0005838420442372753,0.0005838420442372753,0.0004468091997024372
6,0.05,103,0.0374471476032816,0.0005699844738738767,0.0005699844738738767,0.00045161993680507297
6,0.05,104,0.037597963588629095,0.0005873843710049627,0.0005873843710049626,0.00044494455365629617
6,0.05,105,0.0373410319698064,0.0005574482053684448,0.0005574482053684448,0.0004418507848026119
6,0.05,106,0.037434946416285975,0.0005595449436747394,0.0005595449436747394,0.0004300644278290215
6,0.05,107,0.03722120506588366,0.0005803243888388385,0.0005803243888388384,0.0004322562340229737
6,0.05,108,0.03705871395648322,0.0006000780206873729,0.0006000780206873729,0.00042315705557339497
6,0.05,109,0.037026408457700076,0.0006061779602842976,0.0006061779602842976,0.0004224105633239098
6,0.05,110,0.036901747976753746,0.0006106488411554595,0.0006106488411554595,0.0004175045963195944
6,0.05,111,0.036736644352895594,0.0005710318339005958,0.0005710318339005958,0.0004149636084345067
6,0.05,112,0.03667453464965662,0.0005896738013786619,0.0005896738013786619,0.00042166069906471705
6,0.05,113,0.03684649079946687,0.0005629850963419754,0.0005629850963419754,0.00041874547102021295
6,0.05,114,0.03686948085580174,0.000546293154595174,0.000546293154595174,0.000425005541567631
6,0.05,115,0.03688401330280723,0.0005861926153751971,0.0005861926153751971,0.00041669749824439924
6,0.05,116,0.03675823946749365,0.0005820624607987036,0.0005820624607987036,0.00040970670372139525
6,0.05,117,0.03699143901404055,0.0005708572474357032,0.0005708572474357034,0.00041256698340904935
6,0.05,118,0.03691642696834616,0.0005230211064688549,0.0005230211064688549,0.0004121029882177035
6,0.05,119,0.03679779742113519,0.00048062708576737456,0.0004806270857673746,0.00041278981646313066
6,0.05,120,0.03697739993502567,0.00046687692143407517,0.00046687692143407517,0.000416093379820064
6,0.05,121,0.03686310629712477,0.0004571023916134341,0.0004571023916134341,0.0004181443082185469
6,0.05,122,0.036834772409494496,0.00045958688409611327,0.00045958688409611327,0.00041980688588605467
6,0.05,123,0.03699063126807046,0.0004999445680711991,0.000499944568071199,0.00042727626129092513
6,0.05,124,0.03717653942842406,0.0005017692485690419,0.0005017692485690419,0.000422481238861625
6,0.05,125,0.036911724828428624,0.0005331525182707398,0.0005331525182707396,0.00041704600835901353
6,0.05,126,0.03703629396921751,0.0005381897730595512,0.0005381897730595512,0.00041055916777020036
6,0.05,127,0.03693711689527208,0.0005453659653400315,0.0005453659653400315,0.00040717237123835155
6,0.05,128,0.03701157819287795,0.000577710141576822,0.0005777101415768219,0.0004188511580194287
6,0.05,129,0.03693043736297401,0.0005950792415997346,0.0005950792415997346,0.00041344456496067916
6,0.05,130,0.03649110682818383,0.0005463636558414765,0.0005463636558414764,0.000399982983981444
6,0.05,131,0.036605108807126245,0.0005219398894918729,0.0005219398894918728,0.0004035775406482445
6,0.05,132,0.03638395687538355,0.0005506043069327776,0.0005506043069327776,0.0003961520610495646
6,0.05,133,0.036300181518165255,0.0005425781485558499,0.0005425781485558499,0.00039912791135591564
6,0.05,134,0.036299332626200456,0.0005491993565784994,0.0005491993565784993,0.0004093759715082621
6,0.05,135,0.036464864504035535,0.0005596959769134419,0.0005596959769134419,0.0004085314640918315
6,0.05,136,0.03643447756922415,0.000581016115375743,0.0005810161153757429,0.0004073610961204688
6,0.05,137,0.036364158074407224,0.00048179013298269783,0.00048179013298269783,0.00040791674851215626
6,0.05,138,0.036656585120438186,0.000509074215983007,0.000509074215983007,0.00041300931202545315
6,0.05,139,0.0367140715547515,0.0004424003667575397,0.0004424003667575397,0.0004131571606425063
6,0.05,140,0.03660925355459243,0.0004831772669397488,0.0004831772669397488,0.00041773612150351036
6,0.05,141,0.03654770523836101,0.0004357525095295037,0.00043575250952950374,0.0004189623967350585
6,0.05,142,0.036854371285954986,0.0004664730817277905,0.0004664730817277905,0.0004240008626181223
6,0.05,143,0.03674436225728291,0.0004710259584261741,0.0004710259584261741,0.00041535599981654483
6,0.05,144,0.0368664374372415,0.0004631279841675765,0.0004631279841675765,0.00041123896501423066
6,0.05,145,0.03696766195509959,0.0004949212470918912,0.0004949212470918912,0.0004160645942776299
6,0.05,146,0.03691833020536853,0.0005143765448287928,0.0005143765448287928,0.0004207024160782119
6,0.05,147,0.03702386948435816,0.0004727561088060821,0.0004727561088060821,0.0004089050706495204
6,0.05,148,0.03688563317930382,0.0004625124561229822,0.0004625124561229822,0.0004114850299389793
6,0.05,149,0.03657015228741129,0.0004792928806600243,0.0004792928806600244,0.0004042601542393438
6,0.05,150,0.036779761201094184,0.0005205457938873455,0.0005205457938873455,0.00039943199167247174
6,0.05,151,0.03701377920947466,0.0005235606231961484,0.0005235606231961484,0.0004025728127283476
6,0.05,152,0.037115914983945335,0.0005315509416318503,0.0005315509416318503,0.0004097138336328892
6,0.05,153,0.03704814926613472,0.0005241803451252655,0.0005241803451252655,0.000404895068150113
6,0.05,154,0.03699296953438954,0.0005542288943386186,0.0005542288943386185,0.00039971336022983457
6,0.05,155,0.03675734944017048,0.0005413771277895335,0.0005413771277895335,0.0004001644618472106
6,0.05,156,0.037186538512960686,0.0005922936673890082,0.0005922936673890082,0.00040276183197281997
6,0.05,157,0.0373387244746974,0.000563437345949734,0.000563437345949734,0.00040309077999535725
6,0.05,158,0.037139559767580904,0.0005529409230017023,0.0005529409230017022,0.0004036522765443199
6,0.05,159,0.037044382697372286,0.0005456892057061559,0.0005456892057061559,0.0004066488713076172
6,0.05,160,0.03691337067131728,0.0005682457754123628,0.0005682457754123627,0.00039754398811422823
6,0.05,161,0.0368946417260925,0.0005986933840849923,0.0005986933840849923,0.0003980244093196731
6,0.05,162,0.036807382427214444,0.0005718181927484466,0.0005718181927484465,0.0004009367388755981
6,0.05,163,0.03697841710948066,0.0005328584209239813,0.0005328584209239813,0.0004011169424153978
6,0.05,164,0.03695213793813771,0.0005518982637623416,0.0005518982637623416,0.0003967382862150719
6,0.05,165,0.03718231049013951,0.0005464351486169718,0.0005464351486169718,0.0003953126499595558
6,0.05,166,0.036861515637944035,0.0005638761086759498,0.0005638761086759498,0.0003922421185342562
6,0.05,167,0.03674113511186703,0.0006200613724070825,0.0006200613724070825,0.00039084283446471046
6,0.05,168,0.03694579822778217,0.0006598768244395606,0.0006598768244395606,0.0003947518813331943
6,0.05,169,0.03674625464677852,0.0006275496029141607,0.0006275496029141607,0.00039222592158752955
6,0.05,170,0.03671855053292305,0.0006213464579003288,0.0006213464579003288,0.00038764325404638177
6,0.05,171,0.03689937960903046,0.0006098692060562789,0.0006098692060562789,0.0004018280809069413
6,0.05,172,0.03681836705714026,0.0005913901447870167,0.0005913901447870167,0.000396266421783841
6,0.05,173,0.03681370414716439,0.000616009613937078,0.0006160096139370779,0.0003995070202011561
6,0.05,174,0.03678638161458149,0.0006213643457838703,0.0006213643457838704,0.00039741693574504714
6,0.05,175,0.03662570151963875,0.000621501547635201,0.0006215015476352009,0.00039822964075780467
6,0.05,176,0.036798683723409824,0.0005592300481826468,0.0005592300481826468,0.0004013064795755353
6,0.05,177,0.036711214113533605,0.0005512420284966265,0.0005512420284966265,0.00039937499919862085
6,0.05,178,0.03679519905239707,0.000546821719687814,0.0005468217196878139,0.00040633865322825964
6,0.05,179,0.0367875992412408,0.0005603648928680392,0.0005603648928680392,0.000406824253525728
6,0.05,180,0.03683063833079645,0.0005933157256265579,0.0005933157256265579,0.00040992147993979564
6,0.05,181,0.036884824094000034,0.0005557731011613093,0.0005557731011613093,0.00040086117004450644
6,0.05,182,0.037073149924679444,0.0006285568869903457,0.0006285568869903458,0.00040811457020102453
6,0.05,183,0.037022126525105094,0.0006045970843303777,0.0006045970843303777,0.00041225981392613666
6,0.05,184,0.03710348297742025,0.0006471770831882258,0.0006471770831882259,0.00041919317227934573
6,0.05,185,0.03706136287601986,0.0006801696447989291,0.0006801696447989291,0.0004239098830869759
6,0.05,186,0.03717445450087867,0.0006511639289206127,0.0006511639289206127,0.0004254088454264937
6,0.05,187,0.037088700905121015,0.0006166991509594995,0.0006166991509594995,0.0004229596713772082
6,0.05,188,0.03710015446707051,0.0006430893942217547,0.0006430893942217549,0.0004160556193771619
6,0.05,189,0.03681929810366714,0.0006066319231941915,0.0006066319231941915,0.00041785971839242343
6,0.05,190,0.03700429835017356,0.0006043058680691985,0.0006043058680691985,0.00041514208837661296
6,0.05,191,0.03687825181578629,0.0006320291304349549,0.000632029130434955,0.0004285319993312423
6,0.05,192,0.036993996198588334,0.0006162676553157832,0.0006162676553157831,0.00042453071755239777
6,0.05,193,0.03663057583289538,0.0005865980608799061,0.000586598060879906,0.0004241853226366103
6,0.05,194,0.036675853289457425,0.0006356262008847385,0.0006356262008847383,0.0004180190178768865
6,0.05,195,0.0367765672599941,0.0006194716157911851,0.0006194716157911851,0.00041747794169217717
6,0.05,196,0.036738119341783844,0.000667838549129201,0.000667838549129201,0.0004159142537376041
6,0.05,197,0.03671831019627483,0.0006598936170575431,0.0006598936170575431,0.00042150984906544776
6,0.05,198,0.03675054550294098,0.0007047917803876915,0.0007047917803876916,0.000418120394901406
6,0.05,199,0.03660713150386039,0.0007057199976840368,0.0007057199976840369,0.00040889278144065627
6,0.05,200,0.03688992188741393,0.0007179870770399483,0.0007179870770399482,0.00041153689200539744
6,0.05,201,0.036747805674817724,0.0006987879429460654,0.0006987879429460654,0.0004139423884021777
6,0.05,202,0.03685972278086654,0.0006794898687286974,0.0006794898687286975,0.0004172575915194551
6,0.05,203,0.037014495219812135,0.0006692325045700509,0.0006692325045700509,0.00041557319023865456
6,0.05,204,0.037024369137604186,0.0006189051178142554,0.0006189051178142554,0.00041344048925726697
6,0.05,205,0.03688842006310513,0.0006117322219409299,0.0006117322219409299,0.00040434608545905225
6,0.05,206,0.036678519476575605,0.0006251962476048872,0.0006251962476048872,0.0004046049322158556
6,0.05,207,0.036595235186928234,0.0006007052282593458,0.0006007052282593457,0.00040399922388289626
6,0.05,208,0.03653117493768201,0.0005900996817944715,0.0005900996817944715,0.0003941451280632253
6,0.05,209,0.0365024590005618,0.0005592735981235362,0.0005592735981235362,0.00040847507522768324
6,0.05,210,0.03660058928047309,0.000543875888349146,0.000543875888349146,0.000405501439128654
6,0.05,211,0.03648110715672578,0.0005253143166415186,0.0005253143166415186,0.0003961354608092497
6,0.05,212,0.036457755546855646,0.0005151987641107579,0.0005151987641107579,0.00040735335631563103
6,0.05,213,0.03656161355163814,0.0005142926491008955,0.0005142926491008955,0.00040847585521468487
6,0.05,214,0.036636268011092585,0.0004952644612741266,0.0004952644612741266,0.0004171641342029227
6,0.05,215,0.036511873461174425,0.00050907706591951,0.00050907706591951,0.0004191501670339323
6,0.05,216,0.03645453962251935,0.0004838888550124843,0.00048388885501248423,0.00041821344291537014
6,0.05,217,0.03646625842674683,0.0005405261479297081,0.000540526147929708,0.0004158565189915534
6,0.05,218,0.03652383021628943,0.0005790631724536677,0.0005790631724536677,0.0004101315251568146
6,0.05,219,0.03663457859783616,0.0005880122347159386,0.0005880122347159386,0.000412748543706675
6,0.05,220,0.036525395735013795,0.0006232445257817555,0.0006232445257817555,0.0004111853575140934
6,0.05,221,0.03640159611242247,0.0006208722208104766,0.0006208722208104766,0.0004075820313132779
6,0.05,222,0.036617012652839856,0.000598853494701386,0.000598853494701386,0.0004048725420306291
6,0.05,223,0.03654408318556367,0.0005968466658418551,0.0005968466658418551,0.00039611553792853223
6,0.05,224,0.0363865238400375,0.0006034051298139356,0.0006034051298139356,0.0003940753445598042
6,0.05,225,0.03636940405334199,0.0006423552387879572,0.0006423552387879571,0.00040119526499091785
6,0.05,226,0.03665369982701309,0.0006370352834613358,0.0006370352834613358,0.0004054848562748115
6,0.05,227,0.03677285660107421,0.0006766845078080742,0.0006766845078080742,0.00042456640362248735
6,0.05,228,0.03704674371256567,0.0006833625586025444,0.0006833625586025443,0.0004368543955043683
6,0.05,229,0.03683457331213881,0.0006309930597558518,0.0006309930597558518,0.0004360824974747728
6,0.05,230,0.03692426875807001,0.000665426562633596,0.0006654265626335961,0.0004363720794696076
6,0.05,231,0.036894777033291117,0.0006589291522852603,0.0006589291522852604,0.0004417898490073959
6,0.05,232,0.0368859214939948,0.000703068322982899,0.000703068322982899,0.0004455538652019202
6,0.05,233,0.03695052939815332,0.0006816281340553445,0.0006816281340553445,0.0004395314260640159
6,0.05,234,0.03700270918700528,0.000672720584801162,0.000672720584801162,0.00044228712494590776
6,0.05,235,0.03703858447589376,0.0006944067737814341,0.0006944067737814341,0.00044075283020340405
6,0.05,236,0.03698808227205641,0.0006160251430806975,0.0006160251430806975,0.00043646544850420483
6,0.05,237,0.03694323875688031,0.0006111975753644872,0.0006111975753644872,0.000436043789667514
6,0.05,238,0.03702442842416011,0.0005943418643192814,0.0005943418643192814,0.00042494774774654845
6,0.05,239,0.037057368004367805,0.0005622353884632158,0.0005622353884632159,0.0004237758070074275
6,0.05,240,0.037112015507625135,0.0005506985547477041,0.0005506985547477041,0.0004200428017835347
6,0.05,241,0.037115829979358146,0.0005676530642852005,0.0005676530642852005,0.00042244272946459434
6,0.05,242,0.037387234023642656,0.000564792640740474,0.000564792640740474,0.00042509752924817603
6,0.05,243,0.037339294182853824,0.0005995745969526846,0.0005995745969526845,0.0004194144394785145
6,0.05,244,0.037330561283453134,0.0005291173609605629,0.0005291173609605629,0.0004267790024362285
6,0.05,245,0.037222953434038426,0.0004897043507429335,0.0004897043507429335,0.0004265430934287379
6,0.05,246,0.03700983278772752,0.0005190819671561952,0.0005190819671561952,0.0004267686562163245
6,0.05,247,0.03698451617015216,0.0005514822049464908,0.0005514822049464908,0.00042164242064222294
6,0.05,248,0.036830366665318776,0.0005684512534702319,0.0005684512534702319,0.0004159358072930092
6,0.05,249,0.036784680189867504,0.0005521602950639799,0.0005521602950639798,0.00042625361521360025
6,0.05,250,0.036713942749620775,0.0005535646809560644,0.0005535646809560644,0.00042456156210201023
6,0.05,251,0.036836681718449636,0.0005467313772134483,0.0005467313772134483,0.0004165984142273937
6,0.05,252,0.037236555173299504,0.0005329659700185254,0.0005329659700185254,0.00042442850796410716
6,0.05,253,0.037052838189146224,0.0005596474175985183,0.0005596474175985183,0.00041722267526328585
6,0.05,254,0.037132934838689444,0.000562402993824659,0.000562402993824659,0.00041503673339602796
6,0.05,255,0.03701408559439191,0.0005619860716981315,0.0005619860716981315,0.0004088120013812401
6,0.05,256,0.037153455564587046,0.0005765787840542723,0.0005765787840542723,0.0004112538037686776
6,0.05,257,0.03712349836187794,0.0005986722546399903,0.0005986722546399903,0.00040660233571442473
6,0.05,258,0.03687466393112886,0.000555863383577675,0.000555863383577675,0.000403608861578393
6,0.05,259,0.036902175767508955,0.0005989671386374105,0.0005989671386374106,0.0003998297220631297
6,0.05,260,0.03698323138621981,0.00056524165138099,0.00056524165138099,0.0003994818379273178
6,0.05,261,0.036897597785099816,0.0005580300739193191,0.0005580300739193191,0.00040510722464220966
6,0.05,262,0.036781577634460334,0.0005772749727986666,0.0005772749727986666,0.0004073189343668666
6,0.05,263,0.03682411816715251,0.0005283066352225208,0.0005283066352225208,0.00040748615452397655
6,0.05,264,0.03658431449259774,0.0005606723266204961,0.0005606723266204961,0.0003992001596795904
6,0.05,265,0.03646153557109529,0.0005219030796160378,0.0005219030796160378,0.0003934856173247302
6,0.05,266,0.03628759376153986,0.0005118214287877778,0.0005118214287877778,0.0004007075892671478
6,0.05,267,0.03634748179697964,0.0005280670370102605,0.0005280670370102604,0.00039990299522447726
6,0.05,268,0.03631637637934201,0.0006251458826854892,0.0006251458826854892,0.0003972075289585407
6,0.05,269,0.036325086922425205,0.0006081185527533334,0.0006081185527533334,0.0003962185612872501
6,0.05,270,0.03638270016955054,0.0006263537592669961,0.000626353759266996,0.00038808205524450476
6,0.05,271,0.036423209869738266,0.0006291830136520358,0.000629183013652036,0.0003913796299230661
6,0.05,272,0.03625303925252901,0.0005543423839004684,0.0005543423839004684,0.0003927638867905703
6,0.05,273,0.03619687355617052,0.0005956371650519882,0.0005956371650519882,0.00039748934548050586
6,0.05,274,0.03609175031685577,0.0005897760995818727,0.0005897760995818727,0.0003981256635958344
6,0.05,275,0.03615269263698896,0.0005897752215497049,0.0005897752215497048,0.0004031982567320766
6,0.05,276,0.03625503344089662,0.0005718742999870932,0.0005718742999870932,0.0004069030666870958
6,0.05,277,0.036293328759164495,0.0006250494678809272,0.0006250494678809273,0.00041099115604164
6,0.05,278,0.0361198422388556,0.0006350500827617173,0.0006350500827617171,0.0004160568920337117
6,0.05,279,0.036087221671060335,0.0005934916041063822,0.0005934916041063822,0.00041359670977461226
6,0.05,280,0.03574562346456025,0.0005270323625198008,0.0005270323625198009,0.0004064100066123948
6,0.05,281,0.03587063714655787,0.0005212416073084599,0.0005212416073084598,0.00041300488998372964
6,0.05,282,0.035894519084809194,0.0004809147405912886,0.00048091474059128853,0.00041770080673201275
6,0.05,283,0.03591873470158426,0.0004636836597019754,0.00046368365970197534,0.00040911423722675715
6,0.05,284,0.036313763889765906,0.00047508646159354604,0.000475086461593546,0.000413201174835241
6,0.05,285,0.03642452348677879,0.000506774918312209,0.000506774918312209,0.0004177468435240059
6,0.05,286,0.03672538449611851,0.0005197944867621134,0.0005197944867621134,0.0004139196466636271
6,0.05,287,0.03671542349768234,0.0005157112981840893,0.0005157112981840893,0.00040874146097315235
6,0.05,288,0.036902551490172096,0.0005561646902538023,0.0005561646902538023,0.00041285952783313724
6,0.05,289,0.03697111613315522,0.0005382583380981927,0.0005382583380981927,0.0004167999433074831
6,0.05,290,0.036875412012064374,0.0005490731771369048,0.0005490731771369048,0.00041556336079517795
6,0.05,291,0.03682244536261457,0.0005797617500697125,0.0005797617500697125,0.00040714576125854023
6,0.05,292,0.0369311543176046,0.0005641033615270039,0.0005641033615270039,0.0004096870102226258
6,0.05,293,0.03681293016647251,0.0005286236336806293,0.0005286236336806293,0.0004109071423597587
6,0.05,294,0.036700878767003876,0.0005430206771878956,0.0005430206771878956,0.0004030284022806253
6,0.05,295,0.03647613998719764,0.0005415439769283333,0.0005415439769283333,0.00038893791501751034
6,0.05,296,0.0363126850367527,0.0005582275732619712,0.0005582275732619712,0.0003972571466223208
6,0.05,297,0.03644237389136916,0.0005611339483860873,0.0005611339483860873,0.0004053943651534179
6,0.05,298,0.03630993609727769,0.0005095497052415877,0.0005095497052415877,0.0003895965988879657
6,0.05,299,0.0364874489052478,0.000545264466648283,0.000545264466648283,0.0003952528371055366
6,0.05,300,0.03651797797858008,0.0005454883894410534,0.0005454883894410534,0.0004015292155700754
6,0.05,301,0.036523086516139905,0.0005585343483491734,0.0005585343483491734,0.00039465939782317545
6,0.05,302,0.03643596869549878,0.0005639485679197037,0.0005639485679197035,0.0003968910518966978
6,0.05,303,0.03656429408839765,0.0005908863240267106,0.0005908863240267106,0.0003911158753230992
6,0.05,304,0.03643627878554254,0.0005834658883136356,0.0005834658883136356,0.0003939934454551276
6,0.05,305,0.0363706254474179,0.0005951740290717783,0.0005951740290717782,0.00038804092338155376
6,0.05,306,0.03650724308301846,0.0006032202502750995,0.0006032202502750995,0.0003890066482817965
6,0.05,307,0.036578028621119696,0.0006120793706919612,0.0006120793706919611,0.0003849311091894635
6,0.05,308,0.03628982886847541,0.0005887452738018172,0.000588745273801817,0.00037498578488164784
6,0.05,309,0.03627124943909452,0.0006205387546534882,0.000620538754653488,0.00037930804899393637
6,0.05,310,0.036267592600219015,0.0005887591022837098,0.0005887591022837098,0.0003743847666638633
6,0.05,311,0.03616803218887341,0.0005762479637456725,0.0005762479637456725,0.0003768697210201798
6,0.05,312,0.036372593251334955,0.0005907987614014831,0.0005907987614014831,0.00038078849195268303
6,0.05,313,0.036491738639437395,0.0005827429864578458,0.0005827429864578458,0.00038043879538584614
6,0.05,314,0.03651260423795796,0.0006140250989314916,0.0006140250989314916,0.00038680985304578847
6,0.05,315,0.036530434835474364,0.0006130095923789266,0.0006130095923789266,0.0003877160814771992
6,0.05,316,0.036564543018006566,0.0005904163892613417,0.0005904163892613417,0.0003840104672433382
6,0.05,317,0.03645643833465991,0.0006048824207258745,0.0006048824207258745,0.0003846436036578897
6,0.05,318,0.03651712492654783,0.0006108622593417987,0.0006108622593417988,0.00038223968953426984
6,0.05,319,0.03667114745389904,0.000615992058422332,0.000615992058422332,0.00040187425064637684
6,0.05,320,0.036578947637693336,0.0006510225504676177,0.0006510225504676176,0.0004042631179839067
6,0.05,321,0.036857791583546,0.0006457423303279808,0.0006457423303279808,0.00040581313294239655
6,0.05,322,0.036855216595594494,0.0006994266010377369,0.0006994266010377369,0.00040959817532807455
6,0.05,323,0.0368286932790673,0.0006506123916048505,0.0006506123916048505,0.00040887531789260596
6,0.05,324,0.03655678098547875,0.0006471388368164031,0.0006471388368164031,0.00040406243450578563
6,0.05,325,0.036640150044159804,0.000643395921139735,0.000643395921139735,0.00039949853509008723
6,0.05,326,0.036731608387743225,0.0006181315009312231,0.0006181315009312231,0.000394506285672387
6,0.05,327,0.03682252672538881,0.0006506273071846752,0.0006506273071846752,0.00038710279957421495
6,0.05,328,0.03683778967837271,0.0006479368569617812,0.0006479368569617812,0.0003912346582349827
6,0.05,329,0.03666084035892756,0.0006670819971506228,0.0006670819971506228,0.00038151489377785615
6,0.05,330,0.036515059194107566,0.0007049053427117055,0.0007049053427117054,0.0003844658075761399
6,0.05,331,0.03672628323783964,0.0006340813725704529,0.0006340813725704529,0.00037613086715645045
6,0.05,332,0.03663748459811493,0.0006532384232984371,0.0006532384232984371,0.00037413644692394085
6,0.05,333,0.03698185876353041,0.0006771717879741991,0.0006771717879741991,0.00038704563470099655
6,0.05,334,0.036736397099928125,0.0006836593961023783,0.0006836593961023783,0.00038400038304002283
6,0.05,335,0.03673584131611713,0.0006586686204067777,0.0006586686204067777,0.0003809201263559943
6,0.05,336,0.036649652366085105,0.0006953057035772718,0.0006953057035772717,0.0003839511866180362
6,0.05,337,0.036441554905409866,0.0006956915515678724,0.0006956915515678726,0.0003875305470163665
6,0.05,338,0.03647855183812395,0.0006914966437332656,0.0006914966437332656,0.0003876386996169022
6,0.05,339,0.036812035227255874,0.0006924620534574894,0.0006924620534574893,0.0003911271620135131
6,0.05,340,0.03675779530183744,0.0006813132560180664,0.0006813132560180664,0.0003960511988702524
6,0.05,341,0.03680701845830823,0.0007163026997405852,0.0007163026997405853,0.00039872407246772885
6,0.05,342,0.036721209056971134,0.0007246881860190302,0.0007246881860190301,0.00039553446763428797
6,0.05,343,0.03674896993402069,0.0007150417521469582,0.0007150417521469584,0.0003825372613608616
6,0.05,344,0.03688924891220737,0.0007018936253555027,0.0007018936253555027,0.0003907148387649382
6,0.05,345,0.03698037199194086,0.0006774291833743354,0.0006774291833743354,0.00039137064436696575
6,0.05,346,0.03708802355159661,0.0006206372968021616,0.0006206372968021616,0.00039634991690985473
6,0.05,347,0.03713623467281124,0.0006099413817185732,0.0006099413817185732,0.0003986675859279674
6,0.05,348,0.037128173854687356,0.000589050963360256,0.0005890509633602559,0.00039781381943153267
6,0.05,349,0.03726505797408877,0.000609174371595419,0.000609174371595419,0.0004024243291709149
6,0.05,350,0.0372559055176818,0.0005776643583917458,0.0005776643583917458,0.00041081114100404364
6,0.05,351,0.03704994880526102,0.0006049915998870122,0.0006049915998870122,0.0004087460033807614
6,0.05,352,0.03729828740686684,0.0006218003007388106,0.0006218003007388105,0.00041190204776988057
6,0.05,353,0.037164985546319126,0.0005627863135216481,0.0005627863135216481,0.0003993005084577619
6,0.05,354,0.03718182714414089,0.0005247963541121193,0.0005247963541121193,0.00039827114798336163
6,0.05,355,0.0372796187704489,0.0005220709688108582,0.0005220709688108583,0.0004025039278331894
6,0.05,356,0.03741778540119099,0.0005412799248653323,0.0005412799248653323,0.0004024631082860644
6,0.05,357,0.03719374333642337,0.0005537022007529333,0.0005537022007529333,0.0004049175015254761
6,0.05,358,0.03702402661771785,0.0005492457390396302,0.0005492457390396302,0.0004047988393535804
6,0.05,359,0.0369879556260205,0.0005629707088528278,0.0005629707088528278,0.0004065089933797584
6,0.05,360,0.03679519651673924,0.0005143543016504245,0.0005143543016504245,0.0004056622678923393
6,0.05,361,0.036691084904869116,0.0005251061458186197,0.0005251061458186196,0.0004064457451591421
6,0.05,362,0.03668252068087633,0.0005101497852431179,0.0005101497852431179,0.000402832979321978
6,0.05,363,0.03658835927184318,0.0005161319712295248,0.0005161319712295247,0.0004055321695430346
6,0.05,364,0.036497300635661464,0.0005166136138058693,0.0005166136138058693,0.0003985508581540656
6,0.05,365,0.0365319808296468,0.0005365192635161726,0.0005365192635161726,0.0003929116004405986
6,0.05,366,0.03659429239225312,0.0005655792025448821,0.0005655792025448821,0.000393098307675733
6,0.05,367,0.036558469069447354,0.0006128463043478464,0.0006128463043478463,0.0003923854337800599
6,0.05,368,0.03674168171410403,0.0006175050581158425,0.0006175050581158425,0.0003862969691087832
6,0.05,369,0.036677865637777085,0.000626461937435001,0.000626461937435001,0.0003894774798733856
6,0.05,370,0.03671887366402806,0.0006225608081996478,0.0006225608081996479,0.0003911811525815156
6,0.05,371,0.03670933748979001,0.0006179270705252824,0.0006179270705252823,0.0003824349620696403
6,0.05,372,0.03665794641760048,0.0005984376650824842,0.000598437665082484,0.0003929257357602029
6,0.05,373,0.03681201719651308,0.0005953739377735773,0.0005953739377735773,0.00039727118338348856
6,0.05,374,0.036828431154149195,0.0005575814072305258,0.0005575814072305258,0.0004023075836762669
6,0.05,375,0.036784517847041315,0.0006090551055971024,0.0006090551055971024,0.00040600162382545745
6,0.05,376,0.03681087076976063,0.0005888150707822901,0.0005888150707822901,0.00040059499199461194
6,0.05,377,0.03672068976300184,0.0005531761742625508,0.0005531761742625508,0.0003868697502659601
6,0.05,378,0.03691111432312236,0.000521346946447203,0.0005213469464472031,0.00039181725171221615
6,0.05,379,0.03705048346329772,0.0005247572557467278,0.0005247572557467278,0.000390948584983658
6,0.05,380,0.036931452203168666,0.0005317782866473986,0.0005317782866473986,0.00038918438020113635
6,0.05,381,0.03710858262081749,0.0005732271469407,0.0005732271469407,0.00039403133067208215
6,0.05,382,0.03717477194718735,0.000585444350214076,0.000585444350214076,0.00040209429586148795
6,0.05,383,0.03702972487809168,0.0005798678303233978,0.0005798678303233977,0.0003892401748913657
6,0.05,384,0.03721113701114599,0.0005630829198907987,0.0005630829198907987,0.00039084312253754515
6,0.05,385,0.03721381370653476,0.0006155713241089563,0.0006155713241089563,0.00039656778288742374
6,0.05,386,0.03702921444670379,0.000618507576906007,0.0006185075769060069,0.00039493214509230505
6,0.05,387,0.03708134758314768,0.0005906283680493052,0.0005906283680493052,0.00040265383529837495
6,0.05,388,0.03699043334599945,0.0006149331941679689,0.0006149331941679689,0.0004016160091025128
6,0.05,389,0.03682123149079438,0.0006348356200271405,0.0006348356200271405,0.0003979825053210607
6,0.05,390,0.036890256347904486,0.000646351083757885,0.000646351083757885,0.0003949125580683178
6,0.05,391,0.03691472718483456,0.0006866979778152634,0.0006866979778152634,0.0003927356885785046
6,0.05,392,0.03714562852868374,0.0006936348279007552,0.000693634827900755,0.00039782579860820727
6,0.05,393,0.036932811787194555,0.0006799248289395216,0.0006799248289395216,0.00039136550897678587
6,0.05,394,0.036811769589934644,0.000652623920127321,0.0006526239201273209,0.00039747113116782144
6,0.05,395,0.03674523125540512,0.0006317040513882941,0.0006317040513882941,0.0004016296141406528
6,0.05,396,0.0368014776911221,0.0006090152249473193,0.0006090152249473193,0.0003924550980475167
6,0.05,397,0.03672238264093337,0.0005820641136813447,0.0005820641136813447,0.0003964164504768615
6,0.05,398,0.03667662392204673,0.0006269968319653403,0.0006269968319653403,0.00039855647176508153
6,0.05,399,0.03663879133069904,0.0006160057454553177,0.0006160057454553177,0.00040588455179349086
6,0.05,400,0.03654366171171695,0.000611647297486181,0.000611647297486181,0.0004148777810780737
6,0.05,401,0.036506990714445756,0.0006417630990112882,0.0006417630990112883,0.0004211856527455523
6,0.05,402,0.03641667266055392,0.0006224216940791192,0.0006224216940791192,0.00040855058282920204
6,0.05,403,0.036836756333379905,0.0006180565109548677,0.0006180565109548677,0.0004039330008196979
6,0.05,404,0.036762512832657954,0.0006374860012395587,0.0006374860012395587,0.00040853641704018367
6,0.05,405,0.03695596913507435,0.000644367955967957,0.000644367955967957,0.00041169012854192237
6,0.05,406,0.03698436273340782,0.0006633094191050517,0.0006633094191050517,0.00041439066033095755
6,0.05,407,0.037280764978534255,0.0007318722583872183,0.0007318722583872181,0.0004110463880814376
6,0.05,408,0.03714670964288824,0.0007204029227773894,0.0007204029227773893,0.0004139149735382916
6,0.05,409,0.036985348418265486,0.0007217408653629304,0.0007217408653629303,0.00040567208094667925
6,0.05,410,0.03712906049624351,0.0007377430173081594,0.0007377430173081593,0.00040258473335897255
6,0.05,411,0.03694897950245589,0.0007264191692961475,0.0007264191692961475,0.00039723684372394886
6,0.05,412,0.0370067026819257,0.0007538585000651218,0.0007538585000651217,0.0004002307858474309
6,0.05,413,0.0371724231418518,0.0007576836735916489,0.0007576836735916489,0.0004035613711103007
6,0.05,414,0.037227944177655306,0.0007437181041575399,0.0007437181041575398,0.0004167308251582458
6,0.05,415,0.037373458154278866,0.0008455599889219531,0.0008455599889219531,0.0004301040655476754
6,0.05,416,0.03739901562828634,0.0008319318613993792,0.0008319318613993791,0.00043348208260239385
6,0.05,417,0.037529154081109746,0.0008598531006005829,0.0008598531006005829,0.00043991351601186133
6,0.05,418,0.03736926836970714,0.0008437992683827199,0.0008437992683827198,0.00043435590362807497
6,0.05,419,0.037371517925783256,0.0008216978791080244,0.0008216978791080244,0.00043685849838312756
6,0.05,420,0.03733237300432912,0.0008238736417458974,0.0008238736417458974,0.00042648339410080116
6,0.05,421,0.03735041963361571,0.0008094054501822728,0.0008094054501822729,0.0004304139057809006
6,0.05,422,0.03728444223236709,0.0008513850664606035,0.0008513850664606035,0.0004417082706951459
6,0.05,423,0.03754383340228826,0.0008834766621177191,0.0008834766621177191,0.0004430753306422054
6,0.05,424,0.03737604167660534,0.0008119181764621733,0.0008119181764621733,0.0004290540987632197
6,0.05,425,0.03723733973984722,0.0008026818771902333,0.0008026818771902333,0.00043685998747311814
6,0.05,426,0.03717645364631479,0.0007954950579996009,0.0007954950579996009,0.00042526971126680607
6,0.05,427,0.03726958821586194,0.0007749745120920776,0.0007749745120920776,0.00042476232866931575
6,0.05,428,0.037104435598750714,0.0007570888653124359,0.0007570888653124359,0.0004219965581945831
6,0.05,429,0.037389840430476155,0.0007661773053237531,0.0007661773053237531,0.0004269519434899328
6,0.05,430,0.03755953098165434,0.0007875730984669413,0.0007875730984669412,0.0004329673708549863
6,0.05,431,0.03763052737529611,0.0007827157731004189,0.0007827157731004189,0.00043222404626950276
6,0.05,432,0.03759827038863176,0.0008228503673513737,0.0008228503673513737,0.00043334279653537
6,0.05,433,0.03755395551963019,0.0007936949588267211,0.0007936949588267211,0.00043293369229775025
6,0.05,434,0.037457731360463056,0.0008065212880148962,0.0008065212880148962,0.00043397128922859665
6,0.05,435,0.037449791827804786,0.0007926409163530407,0.0007926409163530407,0.0004298897871372373
6,0.05,436,0.03717179524920628,0.0008015788315619243,0.0008015788315619244,0.000424454061157642
6,0.05,437,0.03724156865652271,0.00081591463319571,0.00081591463319571,0.00042514209994940123
6,0.05,438,0.03710997285211861,0.0008103197153378668,0.0008103197153378668,0.0004165568031043749
6,0.05,439,0.03724456918398918,0.0007496554352711079,0.0007496554352711079,0.0004154040792679791
6,0.05,440,0.037059874695072284,0.0007682842850244746,0.0007682842850244746,0.00041601599556888
6,0.05,441,0.03695424598217547,0.0007807404846756265,0.0007807404846756265,0.00041625697495327197
6,0.05,442,0.03687588278648067,0.0007895989288100109,0.0007895989288100109,0.0004146455935462853
6,0.05,443,0.03707407261726788,0.0007896601417577173,0.0007896601417577173,0.0004090168285207021
6,0.05,444,0.03723559560618885,0.0008196670905755076,0.0008196670905755076,0.0003999833156748275
6,0.05,445,0.03709603989153012,0.0008319572718554016,0.0008319572718554015,0.00039670997369653743
6,0.05,446,0.03733231037615178,0.0008406381207302911,0.0008406381207302912,0.0004091444244787665
6,0.05,447,0.03736468380231129,0.0008094807998128919,0.0008094807998128918,0.00040506781968657784
6,0.05,448,0.03735065001661269,0.0008334629036728684,0.0008334629036728684,0.00041331604525618833
6,0.05,449,0.03744112252797227,0.0007996545909081273,0.0007996545909081273,0.0004176037091379434
6,0.05,450,0.03729353253449686,0.0007865610094520457,0.0007865610094520458,0.000421424485096739
6,0.05,451,0.03735499342954714,0.0007551052540199308,0.0007551052540199308,0.0004245236419240237
6,0.05,452,0.03735463846893075,0.0007713890935519673,0.0007713890935519674,0.0004207034046350431
6,0.05,453,0.037152360822508154,0.0007967124529802684,0.0007967124529802684,0.0004181778710253888
6,0.05,454,0.03743716445352373,0.0008315538271325695,0.0008315538271325695,0.00042663302797945723
6,0.05,455,0.03765463023604827,0.0008033989025013638,0.0008033989025013637,0.0004275923349815873
6,0.05,456,0.03745143848541716,0.0007988386865828898,0.0007988386865828898,0.0004303200001544187
6,0.05,457,0.037557184909414794,0.000820765322638678,0.000820765322638678,0.0004329515852748525
6,0.05,458,0.037722520475166034,0.0007978550528837608,0.0007978550528837607,0.0004305471850014349
6,0.05,459,0.03803542977310916,0.0007675826673438259,0.0007675826673438259,0.000431178814690514
6,0.05,460,0.03830203137305109,0.0007133643830858116,0.0007133643830858116,0.0004335371637264539
6,0.05,461,0.03825962238331369,0.0007494993153175341,0.0007494993153175341,0.00043096729884841453
6,0.05,462,0.03799617294008316,0.0007069808610953287,0.0007069808610953286,0.0004230548265895167
6,0.05,463,0.03764619421842383,0.0006993502440867529,0.000699350244086753,0.0004264441391332347
6,0.05,464,0.037687467120225505,0.0006535477765331079,0.0006535477765331079,0.00042893601379517425
6,0.05,465,0.03790311606613471,0.0007146372400551354,0.0007146372400551354,0.0004270584717282592
6,0.05,466,0.03805865075555131,0.0006998554599980422,0.0006998554599980422,0.0004330676209059932
6,0.05,467,0.03814432694135213,0.000747280698661959,0.0007472806986619591,0.0004383055601245178
6,0.05,468,0.03831247157245798,0.0007470540059102108,0.0007470540059102107,0.00044491962736391424
6,0.05,469,0.03837130891226528,0.0007619664205985091,0.0007619664205985092,0.0004611309670373566
6,0.05,470,0.038293774658355664,0.0007517132362430029,0.0007517132362430029,0.0004643066227136103
6,0.05,471,0.03857771937206618,0.0007874572701193572,0.0007874572701193572,0.00045589890393871624
6,0.05,472,0.03845779588159659,0.0008357830427113105,0.0008357830427113105,0.0004533220738030723
6,0.05,473,0.0384352386493531,0.0008634665552258238,0.0008634665552258238,0.0004485006888787501
6,0.05,474,0.03826193849850847,0.0008810715105583946,0.0008810715105583947,0.0004469105466910444
6,0.05,475,0.03800010075159858,0.0008889520690966235,0.0008889520690966235,0.00045123285914575425
6,0.05,476,0.03822529526835321,0.0008979625768780902,0.0008979625768780902,0.0004595064387093095
6,0.05,477,0.03825768628815033,0.0008562411557768948,0.000856241155776895,0.00045406094790052863
6,0.05,478,0.03808820666300159,0.0007937128999901374,0.0007937128999901374,0.00044613197672665447
6,0.05,479,0.03815578466479812,0.0008011817813100742,0.0008011817813100742,0.00043678419372041434
6,0.05,480,0.038218019334527314,0.0008349272980925449,0.0008349272980925449,0.00044949818009553695
6,0.05,481,0.03827533060722878,0.0008182877907039279,0.0008182877907039279,0.00044630367769732426
6,0.05,482,0.0380663964578155,0.0008244271519639389,0.0008244271519639388,0.00043804581397546735
6,0.05,483,0.03783136336003825,0.0008380906428777632,0.0008380906428777632,0.0004300524672213899
6,0.05,484,0.03810400496864555,0.0008563354643553651,0.0008563354643553651,0.00043053250826857785
6,0.05,485,0.037867582040689615,0.0008512176055003116,0.0008512176055003115,0.000429486674105387
6,0.05,486,0.037979248600543615,0.0008076311506033685,0.0008076311506033685,0.00042967890873706413
6,0.05,487,0.03786696162056595,0.0008514115628286266,0.0008514115628286266,0.00043334169852947554
6,0.05,488,0.03796869553038139,0.0008376500632558664,0.0008376500632558663,0.00042760875472317984
6,0.05,489,0.03775737650301443,0.000858415036157038,0.0008584150361570379,0.0004244901220628903
6,0.05,490,0.037855979528813054,0.0008467832000783078,0.0008467832000783079,0.00041839831657990796
6,0.05,491,0.03760156896468157,0.0008617305059196152,0.0008617305059196152,0.0004271876709674725
6,0.05,492,0.037654312991626665,0.0007903297203288262,0.0007903297203288262,0.00043278774446421197
6,0.05,493,0.037674789502661746,0.0008124134405935095,0.0008124134405935096,0.0004282325186186552
6,0.05,494,0.037611832097768194,0.0007895241778403898,0.0007895241778403897,0.0004279988023757742
6,0.05,495,0.0378464460608646,0.0008104496402174818,0.0008104496402174817,0.00042880554245226744
6,0.05,496,0.037856841807277934,0.0008047685029014341,0.0008047685029014342,0.00042560908308091993
6,0.05,497,0.03770066245348246,0.0008050206811414211,0.0008050206811414211,0.00042369444808853634
6,0.05,498,0.03778133063570551,0.0008299833920994239,0.0008299833920994239,0.0004300514114851749
6,0.05,499,0.03766385931043952,0.0007697074139285,0.0007697074139285,0.00042651198465240065
6,0.05,500,0.037795386306022284,0.000745696698220363,0.0007456966982203629,0.00042825204991240733
6,0.1,0,0.0824222072916678,0.0002470690833342789,0.00021281846882045949,0.0002470690833342789
6,0.1,1,0.05065753629809508,0.0002534085153565537,0.00021168103594905918,0.0002534085153565537
6,0.1,2,0.038735351116687244,0.00022746115460427305,0.00018600764738625606,0.00022746115460427305
6,0.1,3,0.03344311423115382,0.00022171811936038785,0.00019072820349440577,0.00022171811936038785
6,0.1,4,0.031068113457227355,0.00021700241400724872,0.0002124962586074275,0.00021700241400724872
6,0.1,5,0.03005983137981084,0.0002223877295903501,0.00020055428191753622,0.0002223877295903501
6,0.1,6,0.02935631993983534,0.00021941032648213117,0.00020408354183390275,0.00021941032648213117
6,0.1,7,0.029018021261946327,0.00021840348405181254,0.00021533560799227714,0.00021840348405181254
6,0.1,8,0.028716656103030393,0.00024110268409994508,0.00024110268409994505,0.00021426105689675666
6,0.1,9,0.028664805014313892,0.00026920041259895146,0.00026920041259895146,0.0002156967723216537
6,0.1,10,0.028629345558455244,0.0002758094309688286,0.0002758094309688286,0.0002239085150612625
6,0.1,11,0.028391982970520882,0.00022388907565603706,0.00022388907565603706,0.00022116690436700757
6,0.1,12,0.028495963800340064,0.00024914340269780426,0.00024914340269780426,0.00021501251394221804
6,0.1,13,0.028445658374107608,0.0002446725650679679,0.0002446725650679679,0.00022435534568477811
6,0.1,14,0.02859279118390885,0.0002865493131104468,0.0002865493131104468,0.0002292661765993786
6,0.1,15,0.028889637935539305,0.0002513748406577988,0.0002513748406577988,0.00022750026848465617
6,0.1,16,0.02874900025138945,0.00024615113628450376,0.00024615113628450376,0.0002263455540758331
6,0.1,17,0.028823602586381638,0.0002506037370649874,0.00025060373706498734,0.0002318491572043784
6,0.1,18,0.028976702142250364,0.00025849937510077664,0.00025849937510077664,0.00023979022626895602
6,0.1,19,0.028992745307201084,0.0002535462604668375,0.00025354626046683744,0.0002289726089586958
6,0.1,20,0.029069946922728906,0.00023978362354188753,0.00023978362354188753,0.00023126899911338737
6,0.1,21,0.029090567080761118,0.00023546222810082938,0.00022119467666490087,0.00023546222810082938
6,0.1,22,0.029254978026120117,0.00024274953465370575,0.00024274953465370572,0.0002357129741299019
6,0.1,23,0.02925691925915467,0.0002673458366105217,0.0002673458366105217,0.00023376410203434792
6,0.1,24,0.029339613715245787,0.0002670318885291329,0.0002670318885291329,0.0002351203045065668
6,0.1,25,0.029396555239613383,0.00029810552345796,0.00029810552345796,0.00023338921235021591
6,0.1,26,0.029484645507237138,0.0003221959559499458,0.0003221959559499458,0.00023167674434240794
6,0.1,27,0.029398127038041864,0.0002635551363837993,0.0002635551363837993,0.00023555213693644144
6,0.1,28,0.029431137271172938,0.00028314102699685694,0.00028314102699685694,0.00023451910442717343
6,0.1,29,0.02946423525289051,0.0002855545872497247,0.00028555458724972463,0.00023881449008576188
6,0.1,30,0.029287594556645178,0.0002638914100715861,0.0002638914100715861,0.00023583745267539513
6,0.1,31,0.029215395387655097,0.00026541214092563474,0.00026541214092563474,0.00023793748860474143
6,0.1,32,0.029507023899167737,0.00026942379495359717,0.00026942379495359717,0.00023999649801925913
6,0.1,33,0.029613601270225633,0.0002660008153480973,0.0002660008153480974,0.00023766962097616118
6,0.1,34,0.029635527784203405,0.00024699482055563776,0.00024699482055563776,0.00024191633348256066
6,0.1,35,0.029778651303999277,0.0002482728353570655,0.0002367644701986858,0.0002482728353570655
6,0.1,36,0.02964748634104913,0.00025382223569432545,0.00025382223569432545,0.00024730423438005996
6,0.1,37,0.02965502236211316,0.00026608184446686665,0.00026608184446686665,0.0002484670375152942
6,0.1,38,0.02982121627941956,0.000247801115112795,0.000247801115112795,0.0002442282507670198
6,0.1,39,0.02977620120823418,0.00028768920760742115,0.00028768920760742115,0.0002489941178238578
6,0.1,40,0.02982937773260908,0.00031201407518126556,0.00031201407518126556,0.00025284356520740713
6,0.1,41,0.029990848416907693,0.00031096743052534773,0.00031096743052534773,0.0002534777908780023
6,0.1,42,0.03002049352365764,0.00030960325108103133,0.00030960325108103133,0.00025681413206512187
6,0.1,43,0.030087152924812743,0.00028197879113373025,0.00028197879113373025,0.0002426777061845501
6,0.1,44,0.030155642271723074,0.00026721695741615257,0.00026721695741615257,0.00024391045967982251
6,0.1,45,0.029897532334002774,0.0002816251178712569,0.0002816251178712569,0.00023933670553783878
6,0.1,46,0.029942238631477835,0.00028564678264628694,0.00028564678264628694,0.000241542462936407
6,0.1,47,0.029797249794747814,0.0003194824199713068,0.0003194824199713068,0.00023978037910284914
6,0.1,48,0.029911606524088044,0.0002956164225673128,0.0002956164225673128,0.0002399428701055672
6,0.1,49,0.029910300616789228,0.0002900307549724332,0.0002900307549724332,0.00024253014988031912
6,0.1,50,0.030108214135378494,0.0003482614804214941,0.0003482614804214941,0.00024896309211932887
6,0.1,51,0.03005093325085843,0.0003340423080966056,0.0003340423080966056,0.0002567249411584175
6,0.1,52,0.030000541052809037,0.0003172974077169544,0.0003172974077169544,0.0002614844017711908
6,0.1,53,0.02988744970911125,0.0003772039908032518,0.0003772039908032517,0.00025159209161058904
6,0.1,54,0.029785218847792345,0.00034572361270193697,0.0003457236127019369,0.00024940478650018806
6,0.1,55,0.030041632154747287,0.0003106558905257564,0.0003106558905257564,0.0002505375765318264
6,0.1,56,0.029883256238356685,0.0003349416500516097,0.0003349416500516097,0.00025524288882081066
6,0.1,57,0.029830120587441163,0.00031708784146627716,0.00031708784146627716,0.0002565341609685015
6,0.1,58,0.029856979238211994,0.00033655722940510306,0.00033655722940510306,0.0002514074899624709
6,0.1,59,0.029938690724995515,0.000357465497618793,0.000357465497618793,0.0002541268997707818
6,0.1,60,0.030216986686216658,0.0003777971016601453,0.00037779710166014523,0.00024959667123497704
6,0.1,61,0.03032261201491943,0.0003615949003241941,0.0003615949003241942,0.00024715844062279626
6,0.1,62,0.03020069564977843,0.00030477873760408487,0.00030477873760408487,0.00024688926662798935
6,0.1,63,0.03028937594538045,0.0003368735527875242,0.0003368735527875242,0.00024898260746820125
6,0.1,64,0.03028247692113828,0.0003266211473515146,0.0003266211473515146,0.00025076277585174225
6,0.1,65,0.030342503556067865,0.0003211105154523012,0.0003211105154523013,0.0002583475423174651
6,0.1,66,0.030063441140465545,0.0002929615822913574,0.00029296158229135744,0.00025688728445772584
6,0.1,67,0.030056582896790276,0.0003432091154818516,0.0003432091154818516,0.0002562261127868411
6,0.1,68,0.030218577730817268,0.0002809978320780673,0.0002809978320780673,0.0002546205100254407
6,0.1,69,0.030180743392562433,0.0002572058376435391,0.0002572058376435391,0.000255121061521726
6,0.1,70,0.030036485344473392,0.00024943102736551214,0.00024275349427908447,0.00024943102736551214
6,0.1,71,0.029779993132874584,0.00025072901066980905,0.0002380217112318238,0.00025072901066980905
6,0.1,72,0.030056742116748,0.00025943412210403935,0.00025943412210403935,0.00025544591943950276
6,0.1,73,0.02994629731329923,0.00028889120104789973,0.00028889120104789973,0.00025700380454908887
6,0.1,74,0.030001908780294354,0.00029396131843016085,0.00029396131843016085,0.0002548094226095039
6,0.1,75,0.030190201782821283,0.0003176202186953591,0.00031762021869535903,0.0002473307999219995
6,0.1,76,0.029971042400058896,0.00029107263733363787,0.00029107263733363787,0.0002467562524613193
6,0.1,77,0.030100955932468917,0.00028419550999260647,0.0002841955099926064,0.00025896742449684835
6,0.1,78,0.030293042982199595,0.00030452721115476795,0.00030452721115476795,0.00026079352532739725
6,0.1,79,0.030263834773893994,0.0003088655906973334,0.00030886559069733335,0.0002585139964804845
6,0.1,80,0.030093354398944092,0.0003038924440073104,0.0003038924440073104,0.00025608133404001805
6,0.1,81,0.030047317441843687,0.00030445956703664337,0.0003044595670366434,0.0002599032780476218
6,0.1,82,0.029864021877275364,0.0002985870819822825,0.0002985870819822825,0.00025478620670248457
6,0.1,83,0.030055720978562055,0.000301908255617044,0.000301908255617044,0.0002520411434621648
6,0.1,84,0.029944237531928937,0.0002568375019979589,0.0002568375019979589,0.00024982780607672755
6,0.1,85,0.02993254893013137,0.0002498143901606817,0.0002498143901606817,0.00024430955188807583
6,0.1,86,0.029918215375732377,0.0002864386104621355,0.0002864386104621355,0.00024588489275650786
6,0.1,87,0.02997828277114992,0.00026586529111304204,0.00026586529111304204,0.00024260707890722905
6,0.1,88,0.02999921099648249,0.00028142738843515595,0.00028142738843515595,0.0002498627973865001
6,0.1,89,0.02985636701678213,0.0002459610559731182,0.00024596105597311823,0.00024192805431558825
6,0.1,90,0.030008641728266044,0.0002457577031373594,0.00024117632674772473,0.0002457577031373594
6,0.1,91,0.029982180301550844,0.00023966495285659655,0.00023291113337866307,0.00023966495285659655
6,0.1,92,0.03017659390612907,0.00027665682806848874,0.00027665682806848874,0.0002471065736389964
6,0.1,93,0.03025239580266464,0.000292257063351289,0.0002922570633512889,0.00025113051720393237
6,0.1,94,0.030270316187605218,0.0002551698583867751,0.0002551698583867751,0.00024326730947018868
6,0.1,95,0.03009866099655114,0.00029902789414223437,0.00029902789414223437,0.0002424453163705617
6,0.1,96,0.02991759139396683,0.00031763551950714903,0.00031763551950714903,0.00024208155157806719
6,0.1,97,0.029978687549368555,0.0003183038671662227,0.0003183038671662227,0.00024748588260521583
6,0.1,98,0.029976295254643286,0.0003377938662026649,0.0003377938662026649,0.0002348787272565199
6,0.1,99,0.02983580385892574,0.00032620770306274253,0.00032620770306274253,0.00023635623602031425
6,0.1,100,0.02973408350100004,0.00029859260246635564,0.00029859260246635564,0.00023176675048979724
6,0.1,101,0.029804893936279334,0.00028255664965081393,0.00028255664965081393,0.00023629561678729062
6,0.1,102,0.029717443603516816,0.0003207349832979522,0.0003207349832979522,0.00024000734463668468
6,0.1,103,0.02977226537339796,0.00027850034536871707,0.000278500345368717,0.000248826758821348
6,0.1,104,0.0302501911176526,0.00028215778087255824,0.00028215778087255824,0.00024873515857358355
6,0.1,105,0.030233732197203083,0.0003083740336913638,0.00030837403369136376,0.000250880041649654
6,0.1,106,0.029989193111262233,0.0003639181518826007,0.00036391815188260076,0.00024926859977158523
6,0.1,107,0.030138333622351486,0.0003635899516676004,0.00036358995166760035,0.00024736471293729717
6,0.1,108,0.030189741164938094,0.0003724213312589641,0.0003724213312589641,0.0002641806830457651
6,0.1,109,0.030224245627616175,0.0003272387118163906,0.0003272387118163906,0.0002550840657138074
6,0.1,110,0.030202463035985342,0.0002998497824432826,0.0002998497824432826,0.00026432503383509585
6,0.1,111,0.030433842656720556,0.0003444075220438382,0.00034440752204383814,0.00025975459195550616
6,0.1,112,0.03033929176738792,0.0003202186536898152,0.0003202186536898152,0.00025541116035626883
6,0.1,113,0.030408019572923377,0.0003863280683457766,0.0003863280683457766,0.0002588458606036594
6,0.1,114,0.030383543870854346,0.00038919084512180775,0.0003891908451218078,0.0002704725124824383
6,0.1,115,0.03050508742056914,0.0004081127516038743,0.0004081127516038744,0.0002630898405519942
6,0.1,116,0.030540262526507763,0.00038367023541356355,0.00038367023541356355,0.00026108694899204776
6,0.1,117,0.03066010523613543,0.00039055730596812305,0.00039055730596812305,0.00026994102062329745
6,0.1,118,0.030660185798756123,0.00039015958874032077,0.00039015958874032077,0.00026911361866866645
6,0.1,119,0.030561705277460847,0.000366706944986991,0.000366706944986991,0.0002728259219899614
6,0.1,120,0.030474397484852766,0.00036345731618728477,0.00036345731618728477,0.00026416675128482876
6,0.1,121,0.030412964858033298,0.00039016551744428625,0.00039016551744428625,0.0002615887189554663
6,0.1,122,0.030513806228549264,0.00040816461467908024,0.0004081646146790802,0.00026865493367370953
6,0.1,123,0.0305953803524706,0.00036092906827083686,0.0003609290682708368,0.0002755428899121472
6,0.1,124,0.03037323095907572,0.000340283776868452,0.000340283776868452,0.0002711725823342205
6,0.1,125,0.03036319720250259,0.00038484497117489036,0.00038484497117489036,0.0002686217838681087
6,0.1,126,0.03030281658053265,0.0004250200573437508,0.0004250200573437508,0.0002645622407367572
6,0.1,127,0.030473668454568576,0.0004235828995267527,0.00042358289952675276,0.00026677848021848527
6,0.1,128,0.03036784034036185,0.00045685581818807024,0.0004568558181880703,0.0002671949731416444
6,0.1,129,0.030512713926709217,0.00042158525207778446,0.00042158525207778446,0.00027448686403719005
6,0.1,130,0.03054251921676026,0.000413120418472512,0.000413120418472512,0.000263952558704721
6,0.1,131,0.03058173949207841,0.0004082603675466355,0.0004082603675466355,0.00027592382909377575
6,0.1,132,0.030371818086259817,0.0004175655293478042,0.00041756552934780426,0.0002695690850827848
6,0.1,133,0.030382807981568002,0.0004162229211250797,0.00041622292112507964,0.00026126414509427637
6,0.1,134,0.030553696321743946,0.00041271084033061683,0.00041271084033061683,0.0002656450705806762
6,0.1,135,0.030630990214129118,0.0004232248517026148,0.0004232248517026148,0.00027384106280672356
6,0.1,136,0.030787221964595886,0.0004132764329855544,0.00041327643298555433,0.0002793029203373388
6,0.1,137,0.030801953658192733,0.000423853914335393,0.00042385391433539296,0.0002719436938527222
6,0.1,138,0.030608789277864205,0.0004168041610183255,0.0004168041610183255,0.00027874628323000343
6,0.1,139,0.03070031285625568,0.0004445617882837658,0.0004445617882837658,0.0002822630820312567
6,0.1,140,0.03062500852556606,0.0004043558777376301,0.0004043558777376301,0.0002775053611345579
6,0.1,141,0.030609506122926105,0.00036596787526755074,0.00036596787526755074,0.00027829814789706326
6,0.1,142,0.030645780679039836,0.0003592482953581694,0.00035924829535816935,0.00027198907396419906
6,0.1,143,0.030664556741581507,0.00041089361405167253,0.00041089361405167253,0.0002718277261685109
6,0.1,144,0.030730314861274182,0.0003892485542429255,0.0003892485542429255,0.0002705128298133231
6,0.1,145,0.03066185170713598,0.00040606077249757944,0.0004060607724975794,0.00026950018339509836
6,0.1,146,0.030647233195741197,0.0004083931768972367,0.00040839317689723677,0.0002659312432616581
6,0.1,147,0.030506185352908492,0.000404082787624806,0.0004040827876248059,0.00026206133652695985
6,0.1,148,0.03018091221146709,0.0003840510627333439,0.0003840510627333439,0.000270339220919164
6,0.1,149,0.030146308079903646,0.0003510052139291865,0.0003510052139291865,0.00026865735613359294
6,0.1,150,0.030332150556477103,0.0003261808219587326,0.0003261808219587326,0.00027421847739029603
6,0.1,151,0.03020166664776373,0.0003619834041657027,0.00036198340416570277,0.0002651707111431245
6,0.1,152,0.03015656200859037,0.0003365844814416394,0.0003365844814416394,0.00026302162841522464
6,0.1,153,0.03023276970336985,0.0003276904134802059,0.00032769041348020586,0.00026304597456143
6,0.1,154,0.03024906016666248,0.0003214045710075755,0.0003214045710075755,0.0002623927290206609
6,0.1,155,0.030205667831055497,0.0003768924385449493,0.0003768924385449493,0.000260097617348323
6,0.1,156,0.030201735076419343,0.00037652814414794727,0.0003765281441479472,0.00025628291621552954
6,0.1,157,0.030388517636958413,0.00035641192926480654,0.0003564119292648065,0.00025295516555056053
6,0.1,158,0.030493807921834395,0.00036198855756188153,0.0003619885575618815,0.0002560350173581592
6,0.1,159,0.03040425861457476,0.0003876016152413211,0.00038760161524132106,0.00025652950929250744
6,0.1,160,0.03019604078849627,0.00039695677205978043,0.0003969567720597804,0.00025731539263850367
6,0.1,161,0.030266371905278186,0.0003937643830359572,0.0003937643830359572,0.00025811207391652813
6,0.1,162,0.030587283753425287,0.0004072219193076048,0.0004072219193076048,0.00026902581835095514
6,0.1,163,0.030360141851332338,0.0004054624389994903,0.0004054624389994903,0.0002663253018157926
6,0.1,164,0.030481326248146322,0.0004005425454691058,0.00040054254546910574,0.00027332705309699937
6,0.1,165,0.030617968115449416,0.00039218729381779085,0.00039218729381779085,0.00027157047480531166
6,0.1,166,0.03037515410273569,0.00038264316105058715,0.00038264316105058715,0.00026084282856786434
6,0.1,167,0.03040305525230507,0.00040959411532696623,0.00040959411532696623,0.0002587498149942438
6,0.1,168,0.03031448415677533,0.00040199853278869644,0.0004019985327886965,0.0002569453933026848
6,0.1,169,0.030410774970027442,0.0004362223181439891,0.0004362223181439891,0.00025994381828666244
6,0.1,170,0.03048897694555653,0.0004441623293050731,0.0004441623293050732,0.0002672456507158504
6,0.1,171,0.03067079912207199,0.00043475371592377384,0.0004347537159237738,0.0002649713731201197
6,0.1,172,0.030508651053628367,0.00041698098805370614,0.00041698098805370614,0.0002592110056049933
6,0.1,173,0.030432718896748208,0.0004229781510167057,0.00042297815101670567,0.0002581612055831967
6,0.1,174,0.03056358369183955,0.0004065707854788623,0.0004065707854788624,0.00026214691472503746
6,0.1,175,0.030474048705707073,0.0003882979563850823,0.00038829795638508225,0.00026450742797607817
6,0.1,176,0.03051737846064753,0.0003409389985032779,0.0003409389985032779,0.0002592586377216912
6,0.1,177,0.030434152454745914,0.0003673216175514569,0.00036732161755145685,0.0002577674723791908
6,0.1,178,0.030376685597906575,0.0003786531402759802,0.00037865314027598013,0.0002616571042424376
6,0.1,179,0.03023228878617868,0.00040765040074944493,0.00040765040074944493,0.0002651624738913682
6,0.1,180,0.030375793103308464,0.00039656591312259515,0.0003965659131225952,0.00027292349866599435
6,0.1,181,0.030582469952084152,0.00041547201363310274,0.00041547201363310274,0.0002800725067200204
6,0.1,182,0.03073792642623002,0.0004401950326317286,0.00044019503263172853,0.0002879785715129638
6,0.1,183,0.030772116961867747,0.00042593919538035525,0.0004259391953803553,0.00028915323164740807
6,0.1,184,0.03077896810075531,0.0004212388534701993,0.00042123885347019935,0.0002897388681974546
6,0.1,185,0.030680278172339804,0.00042473125684579075,0.00042473125684579075,0.000286281903510742
6,0.1,186,0.03061560331945356,0.0004232892826225624,0.0004232892826225624,0.0002758014436603599
6,0.1,187,0.030250640319228007,0.0003893306277676527,0.0003893306277676527,0.0002701966161171415
6,0.1,188,0.0303364559824717,0.0004098845283695771,0.0004098845283695771,0.00026522474535012753
6,0.1,189,0.030257871866138947,0.00041436095412052365,0.00041436095412052365,0.0002654058985127609
6,0.1,190,0.03034844069065581,0.0003822661723341477,0.0003822661723341477,0.0002689840641146968
6,0.1,191,0.03043382219278441,0.0003815535024246481,0.000381553502424648,0.00027109056626802193
6,0.1,192,0.03046984561502793,0.00035890187880226784,0.00035890187880226784,0.00027101962718923333
6,0.1,193,0.030501595474452914,0.00036608781257970726,0.0003660878125797073,0.00026036197253854283
6,0.1,194,0.030457563783137923,0.00039264995612453606,0.00039264995612453606,0.00025394414424000626
6,0.1,195,0.03050958517166368,0.00035244840163112777,0.00035244840163112777,0.0002575985771082176
6,0.1,196,0.03028637883793145,0.000353519440450485,0.000353519440450485,0.00025993770981554934
6,0.1,197,0.030509517237933003,0.00037375415606871,0.00037375415606870994,0.0002643941217884663
6,0.1,198,0.03044486123419741,0.0003896998059970928,0.0003896998059970928,0.00025575482327906516
6,0.1,199,0.030291018261750832,0.00039716368473142376,0.00039716368473142376,0.00025737229501658794
6,0.1,200,0.030521109158357138,0.0004067339178962832,0.00040673391789628323,0.0002578157451098339
6,0.1,201,0.0305437403751674,0.0003595920113387696,0.0003595920113387696,0.0002608952438590003
6,0.1,202,0.030374990753945584,0.0003197071362494667,0.0003197071362494667,0.00025133371856179385
6,0.1,203,0.030190528217768898,0.0003026886819596705,0.0003026886819596705,0.00025537959603438187
6,0.1,204,0.030282978669128765,0.0003068739903573334,0.0003068739903573334,0.00026276849793800336
6,0.1,205,0.030288512518743076,0.00031713689794891204,0.00031713689794891204,0.0002638673623785517
6,0.1,206,0.030236937027335258,0.00030940000130215146,0.00030940000130215146,0.00026435674312647
6,0.1,207,0.03018247253371769,0.0002907899563840743,0.0002907899563840743,0.0002575509523488463
6,0.1,208,0.030174149253849803,0.0003049387949429792,0.0003049387949429792,0.0002591070301487932
6,0.1,209,0.030068406244611625,0.0002878671562150954,0.00028786715621509536,0.00025291602966937666
6,0.1,210,0.03016814730854304,0.0003071026557052304,0.00030710265570523036,0.00025273266683311415
6,0.1,211,0.030149418586227956,0.0003257903925048215,0.0003257903925048215,0.0002539221177259624
6,0.1,212,0.030008861220318997,0.0003428578864747597,0.0003428578864747597,0.0002531412985292868
6,0.1,213,0.03016820651919798,0.000319689696836096,0.000319689696836096,0.0002565482570644007
6,0.1,214,0.030130212075086888,0.00028629332670652795,0.00028629332670652795,0.0002605233233296147
6,0.1,215,0.03015689155667551,0.00030210123221231094,0.000302101232212311,0.00025288600269426464
6,0.1,216,0.030536087529910935,0.0002856557521722689,0.0002856557521722689,0.0002573412620044505
6,0.1,217,0.030519937409256844,0.00025766164812075033,0.00025766164812075033,0.0002533568525344815
6,0.1,218,0.03058604215915419,0.0002484953050335377,0.00021993153021375957,0.0002484953050335377
6,0.1,219,0.030741012460470223,0.0002600088355273589,0.00024454843245784853,0.0002600088355273589
6,0.1,220,0.030699788266713268,0.000264376901836467,0.00026142545224326874,0.000264376901836467
6,0.1,221,0.03071377063392552,0.00025800798338596655,0.00022563751113896004,0.00025800798338596655
6,0.1,222,0.030571222688324594,0.0002630065961399006,0.0002630065961399006,0.00026178385132282736
6,0.1,223,0.030631444699795455,0.00028685404256655604,0.0002868540425665561,0.00025971481842922383
6,0.1,224,0.030765672445748998,0.00028875432121370256,0.00028875432121370256,0.0002614951224005549
6,0.1,225,0.03079094115564973,0.0003175058694640913,0.0003175058694640913,0.00027252903747282403
6,0.1,226,0.0304772849440905,0.00029866468523614997,0.00029866468523614997,0.00025715164388150937
6,0.1,227,0.030298829900008015,0.00026440812805539327,0.00026440812805539327,0.0002525152788036203
6,0.1,228,0.03047008246363427,0.0003070030146152606,0.0003070030146152606,0.00025676387968119667
6,0.1,229,0.03042234146519098,0.00028090090485456736,0.00028090090485456736,0.00025633373319417077
6,0.1,230,0.030452114408674954,0.0002754679824318174,0.0002754679824318174,0.00025754091704178534
6,0.1,231,0.030518440853822278,0.00030369138164221,0.00030369138164221005,0.000251777662528029
6,0.1,232,0.030393123338806134,0.0003087196198697742,0.00030871961986977427,0.0002530190161263462
6,0.1,233,0.03042792091179356,0.00026769444064024333,0.00026769444064024333,0.0002538196012597427
6,0.1,234,0.030222693158988935,0.0002857074232126881,0.00028570742321268805,0.0002505614262260473
6,0.1,235,0.03006631883905449,0.00033062214881579045,0.00033062214881579045,0.0002511534367917157
6,0.1,236,0.030115906532502432,0.0003513816869897861,0.0003513816869897861,0.0002479240910932904
6,0.1,237,0.02996409515378291,0.0003076068428581438,0.0003076068428581438,0.0002500407669159198
6,0.1,238,0.02999637621491066,0.00036310530996369736,0.0003631053099636973,0.00024359893798708702
6,0.1,239,0.03011055583480211,0.00035278074079055896,0.0003527807407905589,0.0002513113020233163
6,0.1,240,0.030164183659764712,0.00031895224379603626,0.00031895224379603626,0.00025158731985822633
6,0.1,241,0.03010270912584621,0.0002867344951592533,0.00028673449515925325,0.0002460101977392252
6,0.1,242,0.030072468333095754,0.00031133565773662215,0.00031133565773662215,0.0002521642522921868
6,0.1,243,0.030047615721092307,0.0003237632427493264,0.0003237632427493264,0.00025014081793576625
6,0.1,244,0.030098338807571887,0.00028458163378188614,0.00028458163378188614,0.0002553709433692901
6,0.1,245,0.030026054742881968,0.0002766486856176479,0.0002766486856176479,0.0002532037335353446
6,0.1,246,0.02990394763537575,0.0003230488144059574,0.0003230488144059574,0.00024661349857528215
6,0.1,247,0.029987042344682694,0.00034765342898876824,0.00034765342898876824,0.00024430979868095184
6,0.1,248,0.03020981799564349,0.000353283129309958,0.000353283129309958,0.00024199866791077375
6,0.1,249,0.030269316230805605,0.0003231787808513454,0.0003231787808513454,0.00023966881621386904
6,0.1,250,0.030184793184196375,0.00032749990227434246,0.00032749990227434246,0.00024333905029432973
6,0.1,251,0.03013526483202412,0.00029186493199163493,0.00029186493199163493,0.00024288199590752116
6,0.1,252,0.03009503456254396,0.0002965153116353119,0.000296515311635312,0.0002448908745175693
6,0.1,253,0.03031895886779662,0.0002979686288334293,0.00029796862883342925,0.0002501247462828836
6,0.1,254,0.03048758028845782,0.00029963195229446276,0.00029963195229446276,0.0002579811630180261
6,0.1,255,0.030522996307608855,0.000368248561077959,0.00036824856107795894,0.00025628725618665203
6,0.1,256,0.030616128489405803,0.0003278507859056536,0.0003278507859056536,0.0002526622208502925
6,0.1,257,0.03045459875041991,0.0003138818940970464,0.0003138818940970464,0.00025396128173583565
6,0.1,258,0.030582914211922,0.0003174816722463795,0.0003174816722463795,0.00025501108048660434
6,0.1,259,0.03050621157285447,0.00029421492321012114,0.0002942149232101211,0.00025455006862192534
6,0.1,260,0.03020604541973986,0.0002932185893739462,0.0002932185893739462,0.0002551309835519967
6,0.1,261,0.03025362537242521,0.0002740515965269969,0.0002740515965269969,0.00025182895822138337
6,0.1,262,0.030341235918910636,0.0002856245891951442,0.0002856245891951442,0.00025149577288388755
6,0.1,263,0.030234770401512626,0.0002592962760740784,0.0002592962760740784,0.0002499565971700649
6,0.1,264,0.030446997702936924,0.000256049171226325,0.000256049171226325,0.00025371182097649864
6,0.1,265,0.030249187589479812,0.00027659283598052963,0.00027659283598052963,0.00024800254424629206
6,0.1,266,0.030349966124251244,0.0002555455311694307,0.00025554553116943074,0.0002466437306994392
6,0.1,267,0.03039929826878642,0.00030193781987448266,0.0003019378198744826,0.00025112301591188657
6,0.1,268,0.030297422569865378,0.0003028977137942625,0.0003028977137942625,0.00025760954423578004
6,0.1,269,0.03036616793461024,0.00027248877023110224,0.0002724887702311023,0.000266934388235376
6,0.1,270,0.030350376070876303,0.00028731244763810195,0.00028731244763810195,0.00026332517443954675
6,0.1,271,0.030307562077235974,0.00026717503152236466,0.0002645039856727615,0.00026717503152236466
6,0.1,272,0.03046992477942351,0.00027130247391013245,0.00026795190951311456,0.00027130247391013245
6,0.1,273,0.030407897262924578,0.0002705582557718166,0.00025073306587270714,0.0002705582557718166
6,0.1,274,0.030375726388036112,0.00026774776731421253,0.0002514405489356993,0.00026774776731421253
6,0.1,275,0.030337475188955115,0.00026747712635151585,0.00026747712635151585,0.0002596671728735339
6,0.1,276,0.030340061705490876,0.00027726030403487425,0.00027726030403487425,0.0002511882519350272
6,0.1,277,0.030349261652676107,0.00025438480943808326,0.0002543848094380832,0.00025197718022890343
6,0.1,278,0.03026741476587597,0.00025104410202684516,0.00025104410202684516,0.00024872688390070377
6,0.1,279,0.030367001634325184,0.00025748502492872635,0.0002071967813171338,0.00025748502492872635
6,0.1,280,0.0305762596318658,0.00026020665844666814,0.00024867669498351245,0.00026020665844666814
6,0.1,281,0.030642596917070327,0.0002649903499705832,0.0002649903499705832,0.000260834816891476
6,0.1,282,0.03044227420371203,0.00026049983166337996,0.00026049983166337996,0.0002568090731680106
6,0.1,283,0.03056751171166714,0.00026007305002953194,0.00023323262730105379,0.00026007305002953194
6,0.1,284,0.03036186740466532,0.0002614427342572436,0.00026144273425724357,0.00025750331749967696
6,0.1,285,0.030655436198063588,0.00026456841073850415,0.00026456841073850415,0.00025966052918019396
6,0.1,286,0.030620724278332602,0.00026462365437200517,0.000254626765578892,0.00026462365437200517
6,0.1,287,0.03053381384587256,0.0002761228294667604,0.0002761228294667604,0.0002637597222798856
6,0.1,288,0.030526936115952252,0.0002635552598101592,0.0002614637488078087,0.0002635552598101592
6,0.1,289,0.030573279115442508,0.0002761226780840877,0.0002761226780840877,0.000255759137352337
6,0.1,290,0.03054244161490762,0.0003064377166980774,0.0003064377166980774,0.00025771455021839383
6,0.1,291,0.030475346279818127,0.0002983450786397228,0.0002983450786397228,0.00026361082650736635
6,0.1,292,0.030434738677622905,0.00027725770551951455,0.00027725770551951455,0.00026224639789882375
6,0.1,293,0.030572340547171444,0.0003059535936617727,0.0003059535936617727,0.00026210001729595
6,0.1,294,0.03056427521583377,0.00029252826074168553,0.0002925282607416855,0.0002571098268490993
6,0.1,295,0.030474777937105395,0.00033074932205629626,0.0003307493220562962,0.00026321051378622515
6,0.1,296,0.030406408039514863,0.000335251742052697,0.000335251742052697,0.0002674912186218901
6,0.1,297,0.03045386222197277,0.00032646132510961686,0.00032646132510961686,0.00026231731325776893
6,0.1,298,0.030660485182805765,0.00034539361653243496,0.00034539361653243496,0.0002632112723328658
6,0.1,299,0.030615451044071193,0.00033206749066017847,0.00033206749066017847,0.00026119822446494975
6,0.1,300,0.03049202372122092,0.00031089672379867053,0.0003108967237986706,0.000251444375447311
6,0.1,301,0.030813262471569125,0.00030027555752069033,0.00030027555752069033,0.00024149210827980043
6,0.1,302,0.030996039548962205,0.00027616392119161664,0.0002761639211916166,0.0002432874973147475
6,0.1,303,0.030937306765343727,0.0002735352862036695,0.0002735352862036695,0.00024197179032675462
6,0.1,304,0.030805924417900955,0.00025693790547038215,0.00025693790547038215,0.00024383219866437497
6,0.1,305,0.030831851234612243,0.0002554543285245428,0.00025545432852454276,0.000254167667886916
6,0.1,306,0.030806392072334352,0.00028017094560676335,0.00028017094560676335,0.000258844386033226
6,0.1,307,0.03077658814450508,0.0002759332293490984,0.0002759332293490984,0.00025954681326925065
6,0.1,308,0.03082056863890696,0.00029205894042511277,0.0002920589404251127,0.0002655766504276299
6,0.1,309,0.030521026234248152,0.0003004302396690761,0.0003004302396690761,0.000257884886166446
6,0.1,310,0.03066382738105392,0.0002663699362255735,0.0002663699362255735,0.0002608108181677293
6,0.1,311,0.03062970232041206,0.00028699011136244806,0.00028699011136244806,0.0002599217523469109
6,0.1,312,0.030621894669523805,0.00026463435756444585,0.00026295090918444704,0.00026463435756444585
6,0.1,313,0.03060304808038091,0.0002984669230074894,0.0002984669230074894,0.0002670894769322121
6,0.1,314,0.03049264468836705,0.0002824771010082068,0.0002824771010082068,0.000260944239061172
6,0.1,315,0.03063737812160417,0.00029223835848073593,0.0002922383584807359,0.0002594590104015301
6,0.1,316,0.030687783045279464,0.0002979059369823692,0.0002979059369823692,0.00025614495061020967
6,0.1,317,0.030675480470109883,0.00031826249302744134,0.00031826249302744134,0.00025581000214357403
6,0.1,318,0.03050731119733376,0.0003226757102311256,0.0003226757102311256,0.00026100934091057454
6,0.1,319,0.03071121610579513,0.0003275097104393906,0.0003275097104393906,0.0002618929589501862
6,0.1,320,0.03061763069103351,0.0003377203280758594,0.0003377203280758594,0.000263509816892847
6,0.1,321,0.030657269917463488,0.00033109380708246035,0.00033109380708246035,0.0002620647066775605
6,0.1,322,0.03054596752426348,0.00032665959745909346,0.0003266595974590934,0.00026612947015281814
6,0.1,323,0.030460797625156407,0.00032413742254915414,0.0003241374225491541,0.0002620458006692959
6,0.1,324,0.03029208626718727,0.0003492278778969628,0.00034922787789696283,0.0002599100441226745
6,0.1,325,0.030277278111635917,0.0003488529703646332,0.00034885297036463324,0.0002615860717510493
6,0.1,326,0.030291790584238334,0.00030410439516634455,0.00030410439516634455,0.00026003812691566426
6,0.1,327,0.03029985478240167,0.0002610368557400425,0.0002610368557400425,0.00025670782053652133
6,0.1,328,0.030088914616695415,0.00025906959467155517,0.00025906959467155517,0.00025824069836598827
6,0.1,329,0.029958628319405007,0.0002904041295882412,0.0002904041295882412,0.0002571245325188745
6,0.1,330,0.0299938026356049,0.00031177571079044113,0.00031177571079044113,0.0002513995135851005
6,0.1,331,0.030168810462715356,0.0002908356314611518,0.0002908356314611518,0.00025370633425743155
6,0.1,332,0.030142408411316948,0.0002916117532735473,0.0002916117532735473,0.0002507417135096634
6,0.1,333,0.030003052187296587,0.00027442810149065037,0.00027442810149065037,0.0002549872659572476
6,0.1,334,0.030105109057601505,0.0002926527463605793,0.0002926527463605793,0.0002523173270830024
6,0.1,335,0.03021617673487047,0.000289917670406434,0.000289917670406434,0.00024501766078502597
6,0.1,336,0.03004411107566378,0.000292451381839387,0.000292451381839387,0.000244280632499282
6,0.1,337,0.030007322285974844,0.0002831583908264069,0.0002831583908264069,0.00024706620347832023
6,0.1,338,0.029974928969028505,0.0003075992918838533,0.0003075992918838532,0.00025021564195536227
6,0.1,339,0.02995431506687749,0.0002892923088450442,0.0002892923088450441,0.00024763910119349425
6,0.1,340,0.02990521441199147,0.0002867484228952428,0.0002867484228952427,0.0002531442769705727
6,0.1,341,0.029909438157886763,0.00028528274426677276,0.00028528274426677276,0.000253956089402791
6,0.1,342,0.029845101713033048,0.00025993145762953624,0.00025187936551619933,0.00025993145762953624
6,0.1,343,0.029985102199987988,0.00026691092094493265,0.00026691092094493265,0.0002575901393063436
6,0.1,344,0.030055908139978094,0.00025567687937020164,0.0002490863057488759,0.00025567687937020164
6,0.1,345,0.030063343295643672,0.00026921526726481705,0.00026921526726481705,0.0002541078568943795
6,0.1,346,0.03008378948946538,0.0002618699137034071,0.0002618699137034071,0.00025999868083796576
6,0.1,347,0.029911680566009593,0.00027965452474031614,0.00027965452474031614,0.0002632843448407593
6,0.1,348,0.030061419830039123,0.0002648739623063484,0.0002648739623063484,0.000261668372345531
6,0.1,349,0.030142883176865025,0.0003108034722211796,0.0003108034722211796,0.00025999681803927317
6,0.1,350,0.030127680503362838,0.0003047547641468376,0.0003047547641468377,0.0002654395135385519
6,0.1,351,0.030093133509950958,0.00032396188058762164,0.00032396188058762164,0.000268655789177948
6,0.1,352,0.03017158776006366,0.0002942215456443202,0.0002942215456443202,0.0002646317140441618
6,0.1,353,0.02995678852312571,0.00028232402294286503,0.00028232402294286503,0.00025781904920081167
6,0.1,354,0.029957122805444162,0.0002864643732614257,0.0002864643732614257,0.0002603223196417696
6,0.1,355,0.03023375799734568,0.0003007474880720878,0.0003007474880720878,0.0002654495429422547
6,0.1,356,0.029890677012445726,0.00030214367451887624,0.0003021436745188762,0.0002646241587543708
6,0.1,357,0.030015721319996195,0.00027776587559283724,0.00027776587559283724,0.00026504299598772854
6,0.1,358,0.030136942154987075,0.00028761637708718074,0.00028761637708718074,0.00026627092493526324
6,0.1,359,0.030326899741649652,0.00030370844786429255,0.0003037084478642925,0.000268621853758407
6,0.1,360,0.0303651870078861,0.0002904633216904257,0.00029046332169042563,0.0002674551051500826
6,0.1,361,0.030250227053319104,0.0002917187309087336,0.0002917187309087336,0.00026678584992090987
6,0.1,362,0.030490045452006696,0.0002953807278184557,0.0002953807278184557,0.0002638103463283885
6,0.1,363,0.030597948311555847,0.00029500847700953087,0.00029500847700953087,0.0002665823757857598
6,0.1,364,0.030457605813880257,0.000296283297770172,0.000296283297770172,0.00026005487521941654
6,0.1,365,0.030525856231223537,0.00030442840605126513,0.0003044284060512652,0.00025498006234367165
6,0.1,366,0.030366154496539344,0.0002761149370279784,0.0002761149370279785,0.0002590625622530542
6,0.1,367,0.030167441712258377,0.00028564908775319096,0.00028564908775319096,0.0002590889094985078
6,0.1,368,0.030298511824734007,0.00028703086487095943,0.00028703086487095943,0.0002621880478023314
6,0.1,369,0.03035226525589967,0.00028385306050678516,0.0002838530605067851,0.0002597732397874373
6,0.1,370,0.030448495304224735,0.00025885669876323474,0.0002433713816756107,0.00025885669876323474
6,0.1,371,0.030235718608618546,0.0002599090636246131,0.0002599090636246131,0.00025385232135579787
6,0.1,372,0.030239095973683603,0.00029408853864317793,0.00029408853864317793,0.0002602668295577016
6,0.1,373,0.030602214090708978,0.0003008448041299936,0.0003008448041299936,0.00026323685684634824
6,0.1,374,0.03065679686355364,0.0002996555843633185,0.00029965558436331844,0.00026961608722970466
6,0.1,375,0.0309590833181552,0.0003215593715175684,0.0003215593715175684,0.0002667436557245811
6,0.1,376,0.030876480449707477,0.0002928624623896907,0.0002928624623896907,0.0002681754986223957
6,0.1,377,0.03062013351612446,0.00031147416086930486,0.00031147416086930486,0.0002634490208105762
6,0.1,378,0.03060648797981765,0.0002909191716932397,0.0002909191716932397,0.0002665278369557052
6,0.1,379,0.03058304752181253,0.0003176421529759458,0.0003176421529759458,0.0002616160785724826
6,0.1,380,0.030505452556235886,0.0003017940878343988,0.0003017940878343988,0.00025768082718833707
6,0.1,381,0.030569025846578963,0.00030292598683110517,0.00030292598683110517,0.00025988291851423257
6,0.1,382,0.030818853449702255,0.0002790986560080609,0.00027909865600806084,0.000262248128849412
6,0.1,383,0.030689166735736444,0.00027523633580719416,0.00027523633580719416,0.0002609362057458167
6,0.1,384,0.030612842864591715,0.0002970629906590809,0.0002970629906590809,0.00026794209424563394
6,0.1,385,0.030637248071263855,0.00029105852070249,0.00029105852070249,0.00025712904529954773
6,0.1,386,0.030699457873127754,0.00026803643077643604,0.00026803643077643604,0.0002669166580255587
6,0.1,387,0.030685482078640004,0.00027395673154101386,0.0002739567315410139,0.000266965495410739
6,0.1,388,0.030587703170800607,0.00030819933448835823,0.00030819933448835823,0.0002615045975696218
6,0.1,389,0.030473890640575353,0.0003663047790322383,0.00036630477903223826,0.00025697382355025763
6,0.1,390,0.030467489800653592,0.0003617763066626068,0.0003617763066626068,0.00025632469435441424
6,0.1,391,0.03030968947752698,0.0003426857340236973,0.00034268573402369736,0.00025435927071976037
6,0.1,392,0.030428017557096124,0.00033491152456464115,0.0003349115245646411,0.00025888533341562474
6,0.1,393,0.030406993685079743,0.00030831955874363956,0.0003083195587436395,0.0002593507237671458
6,0.1,394,0.030405781019346486,0.00032709775510226906,0.00032709775510226906,0.0002561117250637401
6,0.1,395,0.030186001703620978,0.0003245977249133134,0.0003245977249133134,0.000246867995177345
6,0.1,396,0.030446860366398196,0.0003479260670866839,0.0003479260670866839,0.0002528620051215403
6,0.1,397,0.03041596233486833,0.000350480085041588,0.00035048008504158805,0.0002586589026975491
6,0.1,398,0.030193583839228166,0.0003185952203787866,0.0003185952203787866,0.0002509311782841734
6,0.1,399,0.030276549263192575,0.0003122422020840255,0.0003122422020840255,0.00025279771092680237
6,0.1,400,0.030252308225660798,0.0002954224490408547,0.0002954224490408547,0.00025303800013168955
6,0.1,401,0.030223263797873438,0.0002872306084395686,0.0002872306084395686,0.0002471358447720575
6,0.1,402,0.030258915766817256,0.0003191248780668281,0.0003191248780668282,0.00024944125304730076
6,0.1,403,0.03020609594316715,0.0003306272093899139,0.0003306272093899139,0.00024891848099532597
6,0.1,404,0.030326497834969594,0.0002986161167967185,0.0002986161167967185,0.00024203849009456454
6,0.1,405,0.030101211979954034,0.00028690290903962625,0.00028690290903962625,0.00025040666979362166
6,0.1,406,0.03002536682410136,0.0002965394381074799,0.0002965394381074799,0.00025199137148517695
6,0.1,407,0.03007476703995592,0.0002838766643187164,0.0002838766643187164,0.00026277526332417565
6,0.1,408,0.030052654478463222,0.00031136879147879095,0.0003113687914787909,0.0002629781226994821
6,0.1,409,0.0302958387755456,0.0003709382201638934,0.0003709382201638934,0.0002681414564785255
6,0.1,410,0.03043842697332916,0.00036935177837690944,0.00036935177837690944,0.00026099522965000347
6,0.1,411,0.030404952288528294,0.0003203758114569549,0.0003203758114569549,0.00026287333873636714
6,0.1,412,0.030352881439489682,0.00034488040583925466,0.00034488040583925466,0.0002635087646458766
6,0.1,413,0.030241667680240666,0.00035628106022417565,0.00035628106022417565,0.0002539755118932196
6,0.1,414,0.030475452383486167,0.00033738081852913686,0.00033738081852913686,0.00025966591004423345
6,0.1,415,0.03046042301749721,0.0003233100553136139,0.0003233100553136139,0.00026444065672256946
6,0.1,416,0.030575806623509016,0.00029112142959077385,0.00029112142959077385,0.0002630297180432535
6,0.1,417,0.030614427578703533,0.000331988195359442,0.000331988195359442,0.0002712592144512637
6,0.1,418,0.030519463981645924,0.00032368093981072313,0.00032368093981072313,0.0002660567872825839
6,0.1,419,0.030327328785202074,0.00032206369539116006,0.00032206369539116006,0.000261257528734201
6,0.1,420,0.030314357115171896,0.00032177558821896914,0.0003217755882189691,0.0002532093968023684
6,0.1,421,0.030669046964637618,0.0003021256606364164,0.0003021256606364164,0.0002536176223760367
6,0.1,422,0.030528027848971944,0.0003141463815033126,0.0003141463815033126,0.00025442547083669197
6,0.1,423,0.030681340916636837,0.0003315379711564051,0.0003315379711564051,0.0002579546389528998
6,0.1,424,0.030717637141764665,0.0003426687726775165,0.00034266877267751655,0.00026645913144385984
6,0.1,425,0.030610665672848446,0.00032112503717408083,0.0003211250371740809,0.0002566842297323146
6,0.1,426,0.03046105791311738,0.00033767623061849454,0.00033767623061849454,0.0002565268278108459
6,0.1,427,0.030347151237741045,0.0003192471466138163,0.0003192471466138163,0.00025103599805557003
6,0.1,428,0.030486825668174553,0.00035460001144460535,0.00035460001144460535,0.0002504861859650254
6,0.1,429,0.030589516496494988,0.00034912450495533327,0.00034912450495533327,0.00024963465032559767
6,0.1,430,0.030540710852772886,0.0003025675676256782,0.0003025675676256782,0.0002393256682149407
6,0.1,431,0.030503630061327523,0.00030785486324760663,0.00030785486324760663,0.0002449050649321733
6,0.1,432,0.03046508711798679,0.0003037803638393226,0.0003037803638393226,0.00024846182117103547
6,0.1,433,0.03031220035026903,0.0003146401729057941,0.00031464017290579416,0.0002529391520082126
6,0.1,434,0.03041404145726167,0.0003363975305572462,0.0003363975305572462,0.0002480778275276438
6,0.1,435,0.030450676319597948,0.00033897313877877114,0.0003389731387787711,0.0002498107573883401
6,0.1,436,0.030595433321251444,0.00029465650625365214,0.00029465650625365214,0.0002458117065589479
6,0.1,437,0.03049049724610921,0.0003204934289893647,0.0003204934289893647,0.00024394933094754002
6,0.1,438,0.030416724982723017,0.0003111278658169539,0.00031112786581695396,0.00024039687105829733
6,0.1,439,0.030352749344572636,0.0003453629438382701,0.0003453629438382701,0.0002470115181634482
6,0.1,440,0.030388095659558655,0.0003297769280569019,0.0003297769280569019,0.00024998725734075734
6,0.1,441,0.030620490475991302,0.00031298615674363415,0.00031298615674363415,0.00025108246755556763
6,0.1,442,0.030541514647121862,0.0003277290763457494,0.0003277290763457494,0.0002546221561212207
6,0.1,443,0.03036994377431185,0.0003066081410915323,0.0003066081410915323,0.0002451491540219436
6,0.1,444,0.030460226782139024,0.0003524538806019006,0.0003524538806019006,0.00024683892599546
6,0.1,445,0.030270449925982715,0.0003294094714123791,0.0003294094714123791,0.00025050413745956714
6,0.1,446,0.03044228934743617,0.00033503981101419425,0.00033503981101419425,0.00026043365827275355
6,0.1,447,0.030253757143813557,0.0003434216821053307,0.0003434216821053307,0.00026102329446322505
6,0.1,448,0.030289162204039172,0.0003791118850057364,0.00037911188500573635,0.00026369998309337466
6,0.1,449,0.03041438417157101,0.00038706696685154195,0.0003870669668515419,0.00026128583563044596
6,0.1,450,0.030316329386392376,0.00036916913046744563,0.0003691691304674457,0.0002618727920594046
6,0.1,451,0.030328028412318124,0.0003192614284674709,0.0003192614284674709,0.0002565160727238612
6,0.1,452,0.030224769482274413,0.00027561585989708317,0.00027561585989708317,0.00025189535157519715
6,0.1,453,0.030189657541873968,0.0002867444804108144,0.00028674448041081445,0.000254223743327792
6,0.1,454,0.030218637626289128,0.00030246638273123634,0.00030246638273123634,0.00025533703562410405
6,0.1,455,0.03037572292121858,0.00030303454452875687,0.00030303454452875687,0.00025744403591803077
6,0.1,456,0.03031335418665451,0.00028646119371607287,0.00028646119371607287,0.00025301293739092513
6,0.1,457,0.030204521938795983,0.0002810227893358561,0.0002810227893358561,0.00024607639258930316
6,0.1,458,0.03020158427863655,0.00030603644605504634,0.00030603644605504634,0.00025199329596481277
6,0.1,459,0.030249902930048603,0.0003020535253134837,0.0003020535253134837,0.0002474763416943307
6,0.1,460,0.030167176889031932,0.0003134541446884233,0.0003134541446884233,0.0002442451429387766
6,0.1,461,0.030048981905583787,0.0002713131184984925,0.00027131311849849245,0.00023764071573988816
6,0.1,462,0.03021230495908629,0.00028534799942466535,0.00028534799942466535,0.00023154742121848758
6,0.1,463,0.030133582201123256,0.00027483294634788523,0.00027483294634788523,0.0002360568260036667
6,0.1,464,0.029931365362088295,0.00025589703214313504,0.00025589703214313504,0.00023188978260193038
6,0.1,465,0.029874820851596276,0.00026363677752413235,0.00026363677752413235,0.000240441085726791
6,0.1,466,0.02982026197476607,0.0002659294727916472,0.0002659294727916472,0.00023968907483665474
6,0.1,467,0.02984110489977325,0.0002742057857628898,0.0002742057857628898,0.00024105309471789368
6,0.1,468,0.02991801940094638,0.00028215736345184344,0.00028215736345184344,0.0002462615136772856
6,0.1,469,0.029993411023369825,0.0002871925420352893,0.0002871925420352893,0.00025285961143026154
6,0.1,470,0.03004292486776646,0.00030368230993397415,0.00030368230993397415,0.00024987091256007467
6,0.1,471,0.030173887704211665,0.0003194385970628368,0.0003194385970628368,0.0002566479850500707
6,0.1,472,0.029995792863764272,0.0003058000361994683,0.0003058000361994683,0.0002593763891836545
6,0.1,473,0.02999528444640871,0.00030082433167159887,0.00030082433167159887,0.0002534563615738115
6,0.1,474,0.030148360595868305,0.0003066107096435439,0.0003066107096435439,0.0002552984928049807
6,0.1,475,0.030029612819679974,0.0002980756717500954,0.0002980756717500954,0.00025573205350070235
6,0.1,476,0.030167413015510458,0.0003223477143621561,0.0003223477143621561,0.00026169112224609333
6,0.1,477,0.030329608320189844,0.0002641218224106359,0.0002641218224106359,0.00026290062946489155
6,0.1,478,0.03064240896747212,0.00028555902526520275,0.00028555902526520275,0.0002675032547531464
6,0.1,479,0.03052017343824031,0.00030103301874876185,0.00030103301874876185,0.00026524042864254125
6,0.1,480,0.03045650407211718,0.00030944081700986945,0.00030944081700986945,0.0002711556549896984
6,0.1,481,0.03056116485103517,0.0003097969048852653,0.0003097969048852653,0.00026189641126674485
6,0.1,482,0.03047084705220968,0.0002968526171171872,0.00029685261711718717,0.00026199303645450345
6,0.1,483,0.030581573163506,0.00031946844413108965,0.00031946844413108965,0.0002588780290797264
6,0.1,484,0.030630347044621344,0.00036141315580377374,0.00036141315580377374,0.00025926876133897504
6,0.1,485,0.03053537431897256,0.0002895262971459937,0.0002895262971459937,0.0002621624944506998
6,0.1,486,0.030530798477855853,0.0002636490760424294,0.0002591484000777324,0.0002636490760424294
6,0.1,487,0.03066686237869447,0.0002908995399051543,0.00029089953990515423,0.00026492847933320615
6,0.1,488,0.03063179254082158,0.0003274661755753945,0.0003274661755753945,0.00025883342247078045
6,0.1,489,0.03054548713730589,0.00029894326102900963,0.00029894326102900963,0.00026473417583430467
6,0.1,490,0.030449271683485664,0.00029160284434321147,0.00029160284434321147,0.0002523666704240492
6,0.1,491,0.030340428261486432,0.00031711496496173705,0.00031711496496173705,0.0002465423208531105
6,0.1,492,0.030300108828950154,0.0003067026093267772,0.00030670260932677725,0.00024113579938482408
6,0.1,493,0.030246643774370748,0.0002631547278931517,0.0002631547278931517,0.00025128135721069533
6,0.1,494,0.02988394276758977,0.00027808283202167603,0.00027808283202167603,0.0002468555696513629
6,0.1,495,0.03017685890477005,0.00026029042502596304,0.00026029042502596304,0.00024973133760048505
6,0.1,496,0.03031029293532496,0.00029682042785911657,0.00029682042785911657,0.0002519377444999083
6,0.1,497,0.0302544533402084,0.00026077244445238076,0.0002607724444523808,0.0002498767444216857
6,0.1,498,0.03020003324611139,0.0002508259119776886,0.0002451652548047108,0.0002508259119776886
6,0.1,499,0.03037964778109737,0.00029586441537103576,0.00029586441537103576,0.0002512223305432448
6,0.1,500,0.030285423991129618,0.0002801119978203194,0.0002801119978203194,0.0002473622425496401
6,0.2,0,0.08269686097859986,0.00024104081374250617,0.00019467157897893887,0.00024104081374250617
6,0.2,1,0.05105495186492381,0.0002892042647754235,0.00028920426477542353,0.0002446052397368427
6,0.2,2,0.03926780020642944,0.00026585243536966536,0.00026585243536966536,0.00023058474718816083
6,0.2,3,0.0332914420610519,0.0002667772268185261,0.0002667772268185261,0.00021086981268654678
6,0.2,4,0.030411765374607283,0.00022929839715091566,0.00022929839715091568,0.0001976705297513657
6,0.2,5,0.028877344354374924,0.00023996165027383645,0.00023996165027383648,0.00018556435258218495
6,0.2,6,0.02785985216244451,0.00019145301463002125,0.00019145301463002127,0.00018250651254036635
6,0.2,7,0.02724817581351336,0.00019526517906391522,0.00019526517906391525,0.0001853969700738398
6,0.2,8,0.027003521032996743,0.0002182442126901095,0.0002182442126901095,0.00018479970774332196
6,0.2,9,0.02666526080946356,0.0002215862327957177,0.00022158623279571767,0.00018331490132841337
6,0.2,10,0.026506941676713,0.00019372971553173417,0.00019372971553173417,0.00017900257127595378
6,0.2,11,0.02653736018832947,0.0001983709628208079,0.0001983709628208079,0.00018297545395555123
6,0.2,12,0.026362246639877247,0.00021430815060941724,0.00021430815060941727,0.0001834732239249615
6,0.2,13,0.02631561432108256,0.00018780237777120555,0.00017306014424305072,0.00018780237777120555
6,0.2,14,0.026080135160865412,0.00017824668333732023,0.00016212366531941693,0.00017824668333732023
6,0.2,15,0.02580172066809281,0.00017755983834951642,0.00015272299068640815,0.00017755983834951642
6,0.2,16,0.025874507795918256,0.00017719526689196214,0.0001637659985770515,0.00017719526689196214
6,0.2,17,0.02576491604476047,0.00019121630707561038,0.00019121630707561038,0.0001756211618841469
6,0.2,18,0.025876024047882418,0.00018155002356103344,0.00016480664507421614,0.00018155002356103344
6,0.2,19,0.02597211871128178,0.00017476931362988668,0.0001493127538337745,0.00017476931362988668
6,0.2,20,0.02587030238795641,0.0001761198484105039,0.00017319237948825635,0.0001761198484105039
6,0.2,21,0.02598784229960956,0.000198015924154899,0.000198015924154899,0.0001763295913675026
6,0.2,22,0.025872780726207786,0.0002232504043814413,0.0002232504043814413,0.00017577591443366895
6,0.2,23,0.02596300862750213,0.00020288246321810985,0.00020288246321810985,0.00017788157424139303
6,0.2,24,0.025871125038636,0.00020096114573366438,0.00020096114573366438,0.00017634225689383147
6,0.2,25,0.02573653368606989,0.00021398632389477013,0.0002139863238947701,0.00017575853445331503
6,0.2,26,0.025830853466392537,0.00020293349856923007,0.00020293349856923004,0.00017718182426401777
6,0.2,27,0.02578729976026705,0.00021628601013238196,0.00021628601013238196,0.0001760974334492643
6,0.2,28,0.02571580212322312,0.00019767863593076385,0.00019767863593076385,0.00017483740350928708
6,0.2,29,0.025756460499794152,0.00017111546082264142,0.00014487814243249652,0.00017111546082264142
6,0.2,30,0.02578452312605101,0.00016901694560348294,0.00015067220330410063,0.00016901694560348294
6,0.2,31,0.02574916455895032,0.00016933350403722304,0.00014972124748163584,0.00016933350403722304
6,0.2,32,0.025592945288363332,0.0001696871296247385,0.0001689087729915309,0.0001696871296247385
6,0.2,33,0.02540289019729426,0.0001654884855432383,0.00014296769131357263,0.0001654884855432383
6,0.2,34,0.02561002110842728,0.00017183019473450737,0.00012563836638207688,0.00017183019473450737
6,0.2,35,0.025385870400123838,0.0001715364371083283,0.0001335908844027034,0.0001715364371083283
6,0.2,36,0.025279943028208365,0.00017953738200456788,0.0001795373820045679,0.0001716878741817447
6,0.2,37,0.02535831552897531,0.00017737095414158596,0.00017737095414158596,0.0001742517085252082
6,0.2,38,0.02549586075283384,0.0001778099884155382,0.0001778099884155382,0.00017054123521229462
6,0.2,39,0.025507698164947114,0.00019700370016822818,0.00019700370016822815,0.00016972948450703996
6,0.2,40,0.025729104811067514,0.00018454320796378135,0.00018454320796378135,0.00016825114512776567
6,0.2,41,0.025696129845140237,0.000187361512353583,0.00018736151235358296,0.00017101847577177053
6,0.2,42,0.02575487340170825,0.00020133296537502122,0.00020133296537502122,0.00017295767785092681
6,0.2,43,0.025753715028152813,0.00018569986095533987,0.00018569986095533987,0.00017781322399506113
6,0.2,44,0.025673835106222977,0.00018345242457195243,0.00018345242457195243,0.00017905063457396292
6,0.2,45,0.02575767093365725,0.00019512842343032477,0.00019512842343032474,0.0001770341216923132
6,0.2,46,0.025660923707303003,0.00021520542053659014,0.00021520542053659014,0.00017959768274785923
6,0.2,47,0.025636199685998656,0.00017931779239605553,0.0001755216657095611,0.00017931779239605553
6,0.2,48,0.025575508778314653,0.0001756611300858467,0.00014569175858391583,0.0001756611300858467
6,0.2,49,0.025568260892963438,0.00019302847802740234,0.0001930284780274023,0.00018204931100617987
6,0.2,50,0.02571891559621178,0.0001868034445361184,0.00017253413106410885,0.0001868034445361184
6,0.2,51,0.025860042330034465,0.0001857554389653795,0.0001530959156113458,0.0001857554389653795
6,0.2,52,0.025931921442143412,0.0001996717386276186,0.0001996717386276186,0.0001878438072940141
6,0.2,53,0.026021674229688763,0.00022519912484587077,0.0002251991248458708,0.00018422815004519807
6,0.2,54,0.026019390416741357,0.00020181663357027104,0.00020181663357027104,0.00018161128259436802
6,0.2,55,0.025853648677801124,0.00022064196971915186,0.0002206419697191519,0.00017796701474496215
6,0.2,56,0.02570534216889284,0.00020166932470776634,0.00020166932470776634,0.00017650651607062687
6,0.2,57,0.025691949389565392,0.0002274538656593275,0.0002274538656593275,0.00017147282062863619
6,0.2,58,0.025610727180290553,0.00019973395462384702,0.00019973395462384702,0.00017421094590804628
6,0.2,59,0.025506187627963736,0.0002214902840322613,0.00022149028403226133,0.0001714549887978186
6,0.2,60,0.02556770279699043,0.00021693057641145868,0.00021693057641145868,0.0001773823328313938
6,0.2,61,0.025648038221435385,0.00019069552205953547,0.00019069552205953547,0.0001750945345631825
6,0.2,62,0.025600634971824705,0.00019298324441016111,0.00019298324441016111,0.00018169615648740581
6,0.2,63,0.025381297252823346,0.0002019866549204251,0.0002019866549204251,0.00016881834526109727
6,0.2,64,0.025458570347213598,0.00018548567862349842,0.0001854856786234984,0.00017286284261241636
6,0.2,65,0.025551442922486935,0.00019660143361923088,0.00019660143361923088,0.00017418801890927238
6,0.2,66,0.025361230688146833,0.00017254354099600498,0.0001603612549491676,0.00017254354099600498
6,0.2,67,0.025336421620277452,0.00016575888626923694,0.0001574655829866902,0.00016575888626923694
6,0.2,68,0.025449094369753646,0.00019086397836325908,0.00019086397836325905,0.00016984936324490425
6,0.2,69,0.025547301350872614,0.0001763811445241506,0.00015835231128486687,0.0001763811445241506
6,0.2,70,0.02559714251401413,0.0001725262076977812,0.0001322846100039794,0.0001725262076977812
6,0.2,71,0.025489013268326987,0.00017358795690610465,0.00015550283486082795,0.00017358795690610465
6,0.2,72,0.025551076651422953,0.00017757779485063816,0.000174912512687519,0.00017757779485063816
6,0.2,73,0.0254726677647666,0.00020595063326313593,0.0002059506332631359,0.00016968485316854414
6,0.2,74,0.025585567490330627,0.00022284068981932238,0.00022284068981932238,0.00017703349875622607
6,0.2,75,0.025865107443703652,0.00021096782726914246,0.00021096782726914243,0.0001786286588711632
6,0.2,76,0.02583744654798254,0.0002549936562172001,0.0002549936562172001,0.00017848512943647422
6,0.2,77,0.02572184156534339,0.0002689791576462129,0.00026897915764621284,0.00018032581381826257
6,0.2,78,0.025768819081701543,0.00022110946013032527,0.00022110946013032524,0.0001783433107863396
6,0.2,79,0.02570005517724099,0.00020909639496138375,0.00020909639496138378,0.00017590030680648443
6,0.2,80,0.025737449875687688,0.00020764743809534685,0.00020764743809534685,0.00017297076836236027
6,0.2,81,0.025617207916256768,0.0001796142557431335,0.00017961425574313352,0.00017013495952408186
6,0.2,82,0.02571949780893939,0.00020957724146174862,0.00020957724146174864,0.00017540485440076982
6,0.2,83,0.025671691219623517,0.00017504611624023157,0.00015485085981450716,0.00017504611624023157
6,0.2,84,0.02580311858295611,0.00017304175084637281,0.00016750195542831185,0.00017304175084637281
6,0.2,85,0.02566717444405503,0.00020106235679094724,0.00020106235679094722,0.00017374872602803404
6,0.2,86,0.02571260999841842,0.0001988532819946298,0.00019885328199462977,0.0001709757169976241
6,0.2,87,0.025651599261390618,0.0002129791910798329,0.00021297919107983286,0.00016595534341652888
6,0.2,88,0.02568249181026304,0.00019598417234596707,0.00019598417234596705,0.00017292538267186828
6,0.2,89,0.025559394549733362,0.00018006782066831616,0.00018006782066831616,0.00017639995891051262
6,0.2,90,0.025311959276252998,0.00017104727448022863,0.00015818036048494846,0.00017104727448022863
6,0.2,91,0.02534145439935551,0.00017546258692275306,0.00012487329187213083,0.00017546258692275306
6,0.2,92,0.02557956817357675,0.00017240934845417122,0.00013719704204274573,0.00017240934845417122
6,0.2,93,0.02545602818488522,0.00018123454525738393,0.00017719230448765949,0.00018123454525738393
6,0.2,94,0.025422430981457043,0.00018707095261881248,0.0001870709526188125,0.00018092147812245866
6,0.2,95,0.025398848971885553,0.00018554319652941574,0.00018554319652941574,0.00018120307433636205
6,0.2,96,0.025410232716306422,0.00017701143455166774,0.00015998414835955067,0.00017701143455166774
6,0.2,97,0.025317689842521505,0.00017413456702925978,0.0001360364033620824,0.00017413456702925978
6,0.2,98,0.02537002392337579,0.00017351086157480015,0.00014541401501621775,0.00017351086157480015
6,0.2,99,0.02554432275521171,0.00017606486959017846,0.00017277612092817923,0.00017606486959017846
6,0.2,100,0.025540534748766892,0.0001792253315081834,0.00017236331468261978,0.0001792253315081834
6,0.2,101,0.02544230508053203,0.00017640482120684814,0.0001739370574331901,0.00017640482120684814
6,0.2,102,0.025442062574731503,0.00016976946991405996,0.00016853244227455917,0.00016976946991405996
6,0.2,103,0.025455904985159126,0.00017399320444381726,0.0001502447951203246,0.00017399320444381726
6,0.2,104,0.025502715398463948,0.00020735091193701462,0.00020735091193701462,0.00017374840171917628
6,0.2,105,0.025435195555381502,0.00019409501429399386,0.00019409501429399386,0.0001689898211546644
6,0.2,106,0.025645309085235504,0.00021236853515028804,0.000212368535150288,0.00017847492689919032
6,0.2,107,0.02561617660864043,0.00022521846453960414,0.00022521846453960414,0.00017845117248633144
6,0.2,108,0.02565495686811892,0.0002037849721552384,0.0002037849721552384,0.00017533976879657176
6,0.2,109,0.025663191580891184,0.00021628223870637353,0.0002162822387063735,0.00017634471545976816
6,0.2,110,0.025558593236254486,0.00023750798359292036,0.00023750798359292038,0.00017771621432928413
6,0.2,111,0.025409284564510883,0.00024607899161119403,0.00024607899161119403,0.00017408897219765623
6,0.2,112,0.025415999847334,0.00022195802814188492,0.00022195802814188492,0.00017301914497357728
6,0.2,113,0.025407069602537757,0.0001934839427793345,0.00019348394277933452,0.00017160266930575695
6,0.2,114,0.02546981069456326,0.0001700291557357348,0.00015821813392530843,0.0001700291557357348
6,0.2,115,0.025703270209184007,0.00017466610900874897,0.000174666109008749,0.00016527026142635284
6,0.2,116,0.025758231455223383,0.0001637685866984456,0.00015966195107901542,0.0001637685866984456
6,0.2,117,0.025617324168341435,0.00016136845338840408,0.0001430649876988009,0.00016136845338840408
6,0.2,118,0.025701407847619685,0.00017492296314845754,0.00017492296314845757,0.00016210808721790472
6,0.2,119,0.02561295536518846,0.00018607001113067238,0.00018607001113067235,0.00016727692595079353
6,0.2,120,0.0253829173131032,0.000193596411186873,0.000193596411186873,0.00017251464750509584
6,0.2,121,0.025612286883913156,0.00018419975630080873,0.00018419975630080873,0.00017333451180598377
6,0.2,122,0.0257287412544459,0.00017485013287378583,0.00017485013287378583,0.00017468219908332297
6,0.2,123,0.025783229464953476,0.00017703116304850446,0.00017703116304850446,0.0001762728406305505
6,0.2,124,0.025791984010919214,0.000232252502705306,0.000232252502705306,0.00017951734638318531
6,0.2,125,0.02562074327617232,0.00020688752718957455,0.00020688752718957455,0.00017750327731642348
6,0.2,126,0.025744164159365725,0.00019666871537500193,0.0001966687153750019,0.0001792644795128598
6,0.2,127,0.02578681967581962,0.00019546379370629673,0.00019546379370629673,0.00018453068914657243
6,0.2,128,0.02583115128124429,0.00022658339433514435,0.00022658339433514433,0.00018397118891951017
6,0.2,129,0.025817260308342624,0.00022192732519946392,0.0002219273251994639,0.00018365898471764942
6,0.2,130,0.025810344901711694,0.0002464689966848477,0.0002464689966848476,0.00018109886787279493
6,0.2,131,0.02586103095683847,0.00021974992241679042,0.00021974992241679042,0.00017910750300875394
6,0.2,132,0.025727426103529207,0.0002174319795720238,0.0002174319795720238,0.00017713894109571345
6,0.2,133,0.025697482354984348,0.00023274027852466223,0.00023274027852466226,0.00017431951440404007
6,0.2,134,0.025511854309269676,0.00020075310521316784,0.00020075310521316784,0.00017223367740045633
6,0.2,135,0.02555021586618924,0.0002018281679999255,0.0002018281679999255,0.00017855813180398257
6,0.2,136,0.025595137611637578,0.0002323020880416162,0.0002323020880416162,0.000179284164970691
6,0.2,137,0.025843451628023126,0.0002227011181299714,0.0002227011181299714,0.0001815938548203387
6,0.2,138,0.025903359527694913,0.0002353808761907117,0.0002353808761907117,0.00018019633967197868
6,0.2,139,0.025841532458777235,0.00020646406572550016,0.00020646406572550016,0.00017640628522908494
6,0.2,140,0.025764661793210762,0.0001814728256540049,0.00018147282565400487,0.00017852487241417318
6,0.2,141,0.025785329576451098,0.0001867707515166483,0.00018677075151664828,0.00017907195221281185
6,0.2,142,0.02551319828980935,0.00017436682838929343,0.00017379462195466177,0.00017436682838929343
6,0.2,143,0.025377704501264264,0.0001772427190736909,0.0001772427190736909,0.00017374992651766145
6,0.2,144,0.025185356166551993,0.00017693724961194,0.00017693724961194,0.0001652662968861535
6,0.2,145,0.025398770709258174,0.00017079617255554987,0.00016436662437713934,0.00017079617255554987
6,0.2,146,0.0253432689431354,0.00017039264676676057,0.00016966797133285445,0.00017039264676676057
6,0.2,147,0.025356107258051597,0.00017657309053181186,0.00017065837679076647,0.00017657309053181186
6,0.2,148,0.025362194804267546,0.0001735684168574167,0.00015582044535278827,0.0001735684168574167
6,0.2,149,0.025469996644561694,0.0001721704316845506,0.00017093900396386146,0.0001721704316845506
6,0.2,150,0.025424507114697476,0.00017135547418762153,0.00015924011810039275,0.00017135547418762153
6,0.2,151,0.02554562521419775,0.00017533678413583832,0.00017533678413583835,0.00016781483562195853
6,0.2,152,0.025604849402721577,0.0001884841812844243,0.0001884841812844243,0.0001793591069458835
6,0.2,153,0.025703738182792767,0.00019045598290107145,0.00019045598290107145,0.00018085077455223713
6,0.2,154,0.025727037916088387,0.00019077919756834346,0.00019077919756834346,0.00017516267519194763
6,0.2,155,0.025548776876849873,0.00019895724923524487,0.00019895724923524487,0.00017571394637577191
6,0.2,156,0.02555353309459189,0.00017690268489352278,0.00017690268489352278,0.00017542338725750917
6,0.2,157,0.025694477861246994,0.0001810928674005779,0.00018109286740057787,0.00017951788147574748
6,0.2,158,0.025661567479706444,0.00017026427140889863,0.00015578423669109713,0.00017026427140889863
6,0.2,159,0.02566537069577947,0.00017584627933659884,0.00017584627933659884,0.00017272611424347563
6,0.2,160,0.02554714637813543,0.00017437347266390811,0.00014322980894526335,0.00017437347266390811
6,0.2,161,0.025751840888991635,0.00018218364280527525,0.00017990838188013914,0.00018218364280527525
6,0.2,162,0.025797312292184092,0.0001845371963164056,0.00013094705724351667,0.0001845371963164056
6,0.2,163,0.025618439943082626,0.00017916046547890725,0.00014949194805135923,0.00017916046547890725
6,0.2,164,0.025610614805303977,0.0001980108956905682,0.0001980108956905682,0.00017218786636095232
6,0.2,165,0.02551208797717856,0.0002248712173698426,0.0002248712173698426,0.00017081453791287034
6,0.2,166,0.025525733232407633,0.00020304675902871753,0.00020304675902871753,0.00016892364732608458
6,0.2,167,0.025605090626915523,0.0002450625201295465,0.0002450625201295465,0.0001649677818453111
6,0.2,168,0.02541807477145831,0.0002179142663067115,0.0002179142663067115,0.00016480178110449525
6,0.2,169,0.025595766423311798,0.00021351479601736695,0.00021351479601736697,0.00016971925180203808
6,0.2,170,0.025759004046077484,0.00021505623967135149,0.00021505623967135149,0.00017133514429936342
6,0.2,171,0.025596634035240692,0.00021978276935675828,0.00021978276935675825,0.00016905021275346926
6,0.2,172,0.02554837172375825,0.00019875680577506074,0.00019875680577506074,0.00016839165332436246
6,0.2,173,0.025789307330214416,0.0002116098101480559,0.0002116098101480559,0.00017103296025812936
6,0.2,174,0.02560844123236489,0.00021718834617917847,0.00021718834617917847,0.00018373938986371657
6,0.2,175,0.025715447634837112,0.00022008352157499764,0.00022008352157499764,0.0001808235462752
6,0.2,176,0.025658980375703175,0.00018409614936201884,0.0001771452402469544,0.00018409614936201884
6,0.2,177,0.025817820192733446,0.00019850298271097692,0.00019850298271097692,0.00018220793462667297
6,0.2,178,0.025744971332666823,0.00018392449343346116,0.00017080079814668018,0.00018392449343346116
6,0.2,179,0.025742923960879203,0.00019519862077281086,0.00019519862077281084,0.00017711545967156295
6,0.2,180,0.025706457614940743,0.00020282920427476775,0.00020282920427476775,0.00017506239465880393
6,0.2,181,0.025689596224879596,0.0001865521513567012,0.00018655215135670122,0.00017879195871618725
6,0.2,182,0.02549096191189037,0.00020680115997126315,0.00020680115997126315,0.00018519130941002445
6,0.2,183,0.025489111493047955,0.00020274609400890476,0.00020274609400890476,0.0001772518251504593
6,0.2,184,0.025547281944765243,0.00019553496400785927,0.00019553496400785927,0.0001783485212093809
6,0.2,185,0.025678787240662984,0.00020075159859623615,0.00020075159859623613,0.0001811338191808608
6,0.2,186,0.025710921094029362,0.00017923011350820569,0.00017923011350820569,0.0001729153980322404
6,0.2,187,0.025705016906366264,0.0001972443970983892,0.0001972443970983892,0.0001750561076382019
6,0.2,188,0.025541130242060745,0.00016655599781444612,0.0001551709711158788,0.00016655599781444612
6,0.2,189,0.02538295320242352,0.00017377698737778606,0.00014222535218456702,0.00017377698737778606
6,0.2,190,0.02538041887322403,0.00018163235986682561,0.0001816323598668256,0.00017149354879070875
6,0.2,191,0.02524442172177937,0.00022151622504849674,0.00022151622504849674,0.00017145938342110324
6,0.2,192,0.025299207827453016,0.00020496577547566324,0.00020496577547566327,0.00016903636965244983
6,0.2,193,0.025434717129574038,0.00022102826295926578,0.00022102826295926578,0.00016768601082194247
6,0.2,194,0.025214783528384174,0.00021301807573306626,0.00021301807573306626,0.00016363785451344677
6,0.2,195,0.025348861238146708,0.00021848982840973842,0.00021848982840973842,0.00016582160150862706
6,0.2,196,0.025304612525556786,0.0002221085703753035,0.0002221085703753035,0.00016518123240516318
6,0.2,197,0.02517724933585995,0.0001930438618470906,0.0001930438618470906,0.0001660006193216213
6,0.2,198,0.025352604417416182,0.0002203048467824746,0.0002203048467824746,0.00017262865517519142
6,0.2,199,0.025446762312150935,0.00022453963099253673,0.00022453963099253673,0.00017159442653463323
6,0.2,200,0.025469693693032914,0.00021258265064160042,0.00021258265064160044,0.000165932182890958
6,0.2,201,0.025584039468127383,0.00018867076635081987,0.00018867076635081985,0.00016774253480326227
6,0.2,202,0.02558427965001636,0.0001698660508141578,0.000150191211887322,0.0001698660508141578
6,0.2,203,0.02555325046422347,0.00017853100414601104,0.00015464267630907046,0.00017853100414601104
6,0.2,204,0.025722281012128555,0.00018084831315109146,0.00018001908772529937,0.00018084831315109146
6,0.2,205,0.025619667323891916,0.0001767783898923087,0.00016535709726745837,0.0001767783898923087
6,0.2,206,0.025574418233546625,0.00018572039474577825,0.00018572039474577822,0.00017804879006248574
6,0.2,207,0.025763579835256976,0.00018860418278238798,0.00018860418278238798,0.00018004267633544993
6,0.2,208,0.02575300525893964,0.00021557761790362795,0.00021557761790362795,0.00017235694341984583
6,0.2,209,0.02556164283072666,0.00020039468495146299,0.00020039468495146296,0.0001715619355062324
6,0.2,210,0.02549698595402948,0.00018917750689695424,0.00018917750689695422,0.00017327728434627244
6,0.2,211,0.025277439402958877,0.0002009458051946064,0.00020094580519460642,0.00017326866019954715
6,0.2,212,0.02523320116475455,0.00019154274620502662,0.00019154274620502662,0.00016467384544409594
6,0.2,213,0.02535888934248551,0.00017493113965239484,0.00017493113965239484,0.00017240474610733225
6,0.2,214,0.025422060132830916,0.000186913437055248,0.000186913437055248,0.00017188627404963685
6,0.2,215,0.025553502072090808,0.00023276136568298832,0.00023276136568298832,0.00017091503256681185
6,0.2,216,0.02552096936308916,0.00020110947453354748,0.00020110947453354745,0.00017347720519873878
6,0.2,217,0.025663854488293034,0.0002255724711537214,0.0002255724711537214,0.00016944948341213973
6,0.2,218,0.025738692159601024,0.00023655607403880736,0.00023655607403880733,0.00017406309874329034
6,0.2,219,0.025500600041385175,0.00020878680253889653,0.00020878680253889653,0.00017148940894480975
6,0.2,220,0.025445955178260354,0.00023336553313697052,0.0002333655331369705,0.00017569925049057438
6,0.2,221,0.02551656396409536,0.00027180397682534174,0.00027180397682534174,0.0001750071981426356
6,0.2,222,0.02552259022894354,0.0002517900664863384,0.00025179006648633835,0.00018310628425317345
6,0.2,223,0.025389874129435205,0.00020446497944864097,0.00020446497944864097,0.00017808216673485545
6,0.2,224,0.025375217953436977,0.00019486445739869772,0.00019486445739869774,0.00017566591942347174
6,0.2,225,0.025344597014464343,0.0001723079106220999,0.00016059716862878979,0.0001723079106220999
6,0.2,226,0.02548102532089839,0.0001775799306094115,0.0001775799306094115,0.00017459189098091322
6,0.2,227,0.025437316009628494,0.00018206549517685132,0.0001820654951768513,0.00017538143696980982
6,0.2,228,0.025594794423135902,0.00017747319160762976,0.00016732322982735114,0.00017747319160762976
6,0.2,229,0.025667368567844673,0.0001766771246068707,0.00017360222902942593,0.0001766771246068707
6,0.2,230,0.025620392916211588,0.00018064234853256683,0.00015788492648207,0.00018064234853256683
6,0.2,231,0.025859904755292047,0.00017475258727775905,0.00015771740242447553,0.00017475258727775905
6,0.2,232,0.025720774408484588,0.00019210178353231978,0.00019210178353231975,0.00016872924607058598
6,0.2,233,0.02569594788712971,0.00017024159929871703,0.00015669408104714849,0.00017024159929871703
6,0.2,234,0.025678576243565013,0.0002025691249349063,0.0002025691249349063,0.00016826074278428028
6,0.2,235,0.025710273579264396,0.0001874189895631191,0.0001874189895631191,0.00017414489943867528
6,0.2,236,0.025737069486025225,0.00021097730966416375,0.00021097730966416375,0.0001694552036726154
6,0.2,237,0.025729369397850543,0.000172519214851964,0.000172519214851964,0.00017124108273975372
6,0.2,238,0.025793922461854055,0.00017800206334251902,0.0001633610431369742,0.00017800206334251902
6,0.2,239,0.025660024499067877,0.00019965160441287271,0.00019965160441287274,0.00017162786878612305
6,0.2,240,0.02564820976425618,0.00020867047495491342,0.00020867047495491342,0.00017301591637986852
6,0.2,241,0.025647734938424434,0.00021498608687510478,0.0002149860868751048,0.0001689108461124331
6,0.2,242,0.025818703029896955,0.00019618252423882923,0.00019618252423882925,0.00017766774748548432
6,0.2,243,0.025724606088826707,0.00017556444971612687,0.00017193259670920442,0.00017556444971612687
6,0.2,244,0.025694329090712894,0.00020481946928962676,0.00020481946928962676,0.00018274745173460724
6,0.2,245,0.025671366702047456,0.000184878321144508,0.00018487832114450796,0.00017994239035636184
6,0.2,246,0.025720629300534665,0.00023337544471926984,0.00023337544471926987,0.00017431671890667585
6,0.2,247,0.02558644691907461,0.00021484210026575468,0.00021484210026575468,0.00017479098124531948
6,0.2,248,0.025484775628432387,0.00018320501784636165,0.00018320501784636165,0.00017179717747366712
6,0.2,249,0.025563074542509102,0.00017763619971186272,0.0001658842783751919,0.00017763619971186272
6,0.2,250,0.025571339359559634,0.0001947170516294162,0.0001947170516294162,0.000167672120119749
6,0.2,251,0.025586393804348014,0.00018738613465050336,0.0001873861346505034,0.0001734000965565251
6,0.2,252,0.025581513085135194,0.00020443377802683752,0.00020443377802683752,0.00017541467758166247
6,0.2,253,0.025565398435913222,0.00019808102932277784,0.00019808102932277784,0.00017935451199055036
6,0.2,254,0.02546078506054781,0.0002557388316173434,0.0002557388316173434,0.00017319134455749357
6,0.2,255,0.025354646733382908,0.00022951567799713642,0.0002295156779971364,0.00017038224808790009
6,0.2,256,0.025417994596902756,0.00019644087538330337,0.00019644087538330337,0.00017241269351733982
6,0.2,257,0.025513421363015477,0.00017698506681468104,0.00016862498332710074,0.00017698506681468104
6,0.2,258,0.025514964027725788,0.00017146399248972526,0.00016372322632626101,0.00017146399248972526
6,0.2,259,0.02567355736778239,0.00017765321332832414,0.00017441140471861078,0.00017765321332832414
6,0.2,260,0.02569344712556376,0.0001773522929147308,0.00017298109190933396,0.0001773522929147308
6,0.2,261,0.025515384354621893,0.00018874667239638128,0.00018874667239638128,0.0001759732468639576
6,0.2,262,0.0254815140478985,0.00018258997391021044,0.00018258997391021044,0.00017537216900615112
6,0.2,263,0.0254964351739432,0.00017817384593553704,0.0001760649927385981,0.00017817384593553704
6,0.2,264,0.025609871053707024,0.00017243349685446368,0.000166611927216433,0.00017243349685446368
6,0.2,265,0.025760401971012314,0.000178644557836544,0.00015008469380245292,0.000178644557836544
6,0.2,266,0.025742750379105134,0.0001752387620963611,0.00017256158919064,0.0001752387620963611
6,0.2,267,0.02576942042788337,0.00019751021460837236,0.00019751021460837238,0.00017403928617495523
6,0.2,268,0.025858627342422152,0.000218666323443222,0.000218666323443222,0.00017419095040762119
6,0.2,269,0.02571578228846953,0.0001788748749837931,0.0001788748749837931,0.00017881992614881748
6,0.2,270,0.025631093968606123,0.00018753754814775813,0.00018753754814775816,0.00017153572713971175
6,0.2,271,0.025784895728261356,0.00019041542476160465,0.00019041542476160462,0.0001743968842497939
6,0.2,272,0.025732230020142015,0.00021177211850978067,0.0002117721185097807,0.00017164983761953245
6,0.2,273,0.02585614246475889,0.00018917071068792123,0.00018917071068792123,0.0001744963586985124
6,0.2,274,0.02568014993085832,0.00018415824065439772,0.00018415824065439774,0.00017464832690194858
6,0.2,275,0.025752054973605738,0.00019218198481965072,0.00019218198481965072,0.00017083737134613748
6,0.2,276,0.025806690693999323,0.00021135528180366055,0.00021135528180366055,0.0001799784119456034
6,0.2,277,0.025749308700812712,0.00020170674117913723,0.00020170674117913723,0.0001765612547883263
6,0.2,278,0.025777750865695812,0.00020804408789904688,0.0002080440878990469,0.00018093062764441408
6,0.2,279,0.025892986970356843,0.00018444981273133457,0.00017549062818710646,0.00018444981273133457
6,0.2,280,0.026001763188058958,0.00018099456293639,0.00015617825241488775,0.00018099456293639
6,0.2,281,0.025827852862003012,0.0001809321717114467,0.0001809321717114467,0.0001769969941237831
6,0.2,282,0.025926248802743027,0.00017775643684829592,0.0001681349023105378,0.00017775643684829592
6,0.2,283,0.025886861471380616,0.00021796846344151436,0.00021796846344151436,0.00017568193932547188
6,0.2,284,0.025880943666261976,0.00019346140075357632,0.0001934614007535763,0.00017406448840323905
6,0.2,285,0.025911035018694135,0.0001894253004353682,0.0001894253004353682,0.00016984797073517244
6,0.2,286,0.025666085237048036,0.00018961491762345986,0.0001896149176234599,0.000165858245293698
6,0.2,287,0.02563646115583634,0.00021169994537756834,0.00021169994537756834,0.00016647525481699435
6,0.2,288,0.025524917484444513,0.00018664120170690409,0.0001866412017069041,0.00017033272937472038
6,0.2,289,0.025366222677150486,0.00020896957286083452,0.00020896957286083452,0.00016630717624649752
6,0.2,290,0.025405435860017454,0.00017759260258690045,0.00017759260258690045,0.00017721989225239282
6,0.2,291,0.025392848892497696,0.0001684064069887791,0.0001684064069887791,0.00016720543065834942
6,0.2,292,0.025477577953279595,0.0001848372392836361,0.00018483723928363612,0.00016704646639292424
6,0.2,293,0.025754318277096486,0.00019162411520354185,0.00019162411520354185,0.00016972660332620126
6,0.2,294,0.025574654983789965,0.00017340494398617977,0.00017340494398617977,0.00016610634975550755
6,0.2,295,0.025645089448408123,0.00017029331614506945,0.0001353386739940262,0.00017029331614506945
6,0.2,296,0.025717371802303032,0.00019037474077009855,0.00019037474077009852,0.0001698500514841142
6,0.2,297,0.025734675450996305,0.0001837181405030452,0.0001837181405030452,0.00017003219301567124
6,0.2,298,0.025569602960724656,0.00017221776537503698,0.00017058913488188338,0.00017221776537503698
6,0.2,299,0.025278992104774748,0.000178535237884456,0.00017119990441561946,0.000178535237884456
6,0.2,300,0.025304681619176428,0.00017457461073460415,0.00017457461073460415,0.00017438204943930852
6,0.2,301,0.025474242349691076,0.00017347046743591138,0.0001734415391659575,0.00017347046743591138
6,0.2,302,0.025454836257121968,0.00017436691133770307,0.00017251019694346402,0.00017436691133770307
6,0.2,303,0.02547260193578099,0.0001770732480921394,0.00015323646310037576,0.0001770732480921394
6,0.2,304,0.02560957396177051,0.00017312790654357442,0.00015880956536997825,0.00017312790654357442
6,0.2,305,0.025722753994604865,0.00017806604323883263,0.00017806604323883265,0.00017695291487384817
6,0.2,306,0.02577777279602188,0.00018255359103522346,0.00017262118300803716,0.00018255359103522346
6,0.2,307,0.025752361010985644,0.0001937503460395922,0.0001937503460395922,0.00017974414778614724
6,0.2,308,0.02573178858643894,0.00017651704666333805,0.00017651704666333805,0.00017011875366603694
6,0.2,309,0.02583541498737873,0.0001829262692157317,0.0001829262692157317,0.00016766573152263948
6,0.2,310,0.025547658998962688,0.0001892142232703506,0.0001892142232703506,0.00016721210379423758
6,0.2,311,0.025668326988515452,0.00018887520404119252,0.00018887520404119255,0.0001756081791262944
6,0.2,312,0.0255278828266896,0.00020972691532429507,0.00020972691532429504,0.00017264278294461073
6,0.2,313,0.02545457644372425,0.00021504934363540754,0.00021504934363540752,0.00016989880918554803
6,0.2,314,0.02539004348663574,0.00020027015825429387,0.00020027015825429387,0.0001646128800228867
6,0.2,315,0.025502092198210584,0.00016583354123943608,0.00015431738145516084,0.00016583354123943608
6,0.2,316,0.025496031924812552,0.0001668734861278597,0.00016069560317972644,0.0001668734861278597
6,0.2,317,0.02557119465987436,0.00016718690198231338,0.00015618927064305112,0.00016718690198231338
6,0.2,318,0.025489455064483586,0.00016465779013718137,0.00016337447759434348,0.00016465779013718137
6,0.2,319,0.025409061205062335,0.00016670126606546797,0.00012863688160280517,0.00016670126606546797
6,0.2,320,0.025524798712275202,0.0001713667077623857,0.00016310677572731495,0.0001713667077623857
6,0.2,321,0.025570625408504775,0.00016932726031610164,0.00014630669676541437,0.00016932726031610164
6,0.2,322,0.025631000338007227,0.00017209083736607927,0.00015442332922425693,0.00017209083736607927
6,0.2,323,0.025465381507610574,0.00016871664249381698,0.00015640164753919424,0.00016871664249381698
6,0.2,324,0.025375097855083725,0.00016867659814511635,0.00016867659814511635,0.0001675789287781441
6,0.2,325,0.025412237569181158,0.000195981129818119,0.000195981129818119,0.00016450659703863346
6,0.2,326,0.025383176918630224,0.0001667964786900461,0.000158544260687593,0.0001667964786900461
6,0.2,327,0.025204371443647303,0.00016925838963162973,0.00016811947641263368,0.00016925838963162973
6,0.2,328,0.025465673439896377,0.0001711757613666975,0.0001679200088524942,0.0001711757613666975
6,0.2,329,0.025417443641779256,0.0001828429759070404,0.0001828429759070404,0.00017061264582966871
6,0.2,330,0.025483084032516735,0.00017352686814205268,0.00017352686814205268,0.0001696080148017846
6,0.2,331,0.02557197553074395,0.00017170840166640501,0.00015151773824190076,0.00017170840166640501
6,0.2,332,0.025449065779502615,0.00018442527447034312,0.00018442527447034315,0.00016942558238727806
6,0.2,333,0.025540310782575078,0.0002053673222570521,0.00020536732225705207,0.0001734188062611755
6,0.2,334,0.025599353929207456,0.0002031164632359477,0.00020311646323594769,0.00017269265256688018
6,0.2,335,0.02553618871855038,0.00019753158032016004,0.00019753158032016004,0.0001783757499296588
6,0.2,336,0.025441098270604694,0.00019907184498623804,0.00019907184498623804,0.00016847323159566624
6,0.2,337,0.025465808048175713,0.00018240894667603772,0.00018240894667603775,0.00017456805079935154
6,0.2,338,0.02549755282099472,0.0001754185152687331,0.00017064747674835768,0.0001754185152687331
6,0.2,339,0.025340243728615812,0.00020019345517762174,0.00020019345517762174,0.00017105153678199686
6,0.2,340,0.025397394419339064,0.00019627723186035738,0.00019627723186035735,0.00016633752879888276
6,0.2,341,0.025514555749586432,0.00019862368762196936,0.00019862368762196936,0.0001780636990259293
6,0.2,342,0.02552359834593898,0.00020857159172918893,0.00020857159172918893,0.00017604522567577668
6,0.2,343,0.025512938669204774,0.00017350320014480872,0.00017205821039865368,0.00017350320014480872
6,0.2,344,0.02562147773791432,0.00017039170546881446,0.00016718460704778665,0.00017039170546881446
6,0.2,345,0.02556251126279539,0.00017240110571010173,0.00017240110571010173,0.00017064081934527222
6,0.2,346,0.025757749715511907,0.00017458614751131912,0.00015647799896368936,0.00017458614751131912
6,0.2,347,0.025621109126283778,0.00018247064400403348,0.00018247064400403346,0.00016481858103144004
6,0.2,348,0.025690499249825062,0.00019831392237790237,0.00019831392237790237,0.00017025594156585763
6,0.2,349,0.025654950104212915,0.0002033174836119898,0.0002033174836119898,0.00017014253148603958
6,0.2,350,0.025710902674392112,0.00017887982228415364,0.00017877041528945872,0.00017887982228415364
6,0.2,351,0.02570829244776462,0.0001778971283447843,0.00015862251065727463,0.0001778971283447843
6,0.2,352,0.025567782308860833,0.000178094379392611,0.00017596209785115203,0.000178094379392611
6,0.2,353,0.025746544810259384,0.00020007926917853307,0.00020007926917853307,0.00017912713252897408
6,0.2,354,0.02572022680301823,0.00019283893474734376,0.00019283893474734376,0.0001742289361606336
6,0.2,355,0.025739247737487543,0.0001873238283014142,0.0001873238283014142,0.00017486842770883288
6,0.2,356,0.025641631609137884,0.00017900894750677815,0.00017900894750677812,0.00017439697214886258
6,0.2,357,0.025832033507611193,0.00018208157963226217,0.00016544828651268741,0.00018208157963226217
6,0.2,358,0.02578170177624733,0.00018342352199404578,0.0001772310833063292,0.00018342352199404578
6,0.2,359,0.025597944373423723,0.00020072679658915117,0.00020072679658915114,0.0001845198581006972
6,0.2,360,0.025560919844684026,0.00019177354301848498,0.00019177354301848498,0.0001862054240234547
6,0.2,361,0.02556220477548522,0.00021918328816933772,0.00021918328816933772,0.00018486633815248944
6,0.2,362,0.025566774213612774,0.00019127157963686934,0.00019127157963686934,0.0001806121859495361
6,0.2,363,0.025621838946055523,0.00017911504946746364,0.00014953201277075458,0.00017911504946746364
6,0.2,364,0.025515818913526427,0.00018113490524154197,0.00018113490524154197,0.00017288429811808409
6,0.2,365,0.02569161249662174,0.00018242172648059415,0.00018242172648059415,0.00017146437791266156
6,0.2,366,0.025673245035269476,0.00017529946592844377,0.00017054306911885555,0.00017529946592844377
6,0.2,367,0.025845212542042625,0.0001826738687071517,0.00018267386870715168,0.00018153902604909638
6,0.2,368,0.025953249440085084,0.00019972289211217582,0.00019972289211217582,0.0001815569246234537
6,0.2,369,0.025842043936820314,0.00018413096914927934,0.00018413096914927937,0.00017724885612888233
6,0.2,370,0.02579694508496017,0.00018859912186592579,0.0001885991218659258,0.0001745617709959149
6,0.2,371,0.02558486663874625,0.00019883473930073226,0.00019883473930073226,0.00017377081208783883
6,0.2,372,0.025727678091302733,0.00021224831586744353,0.00021224831586744353,0.00016889139770950517
6,0.2,373,0.025821677930546516,0.00021993330547846778,0.00021993330547846778,0.0001767471274162455
6,0.2,374,0.025785962081043275,0.00018697996911394254,0.0001869799691139425,0.00017471062003441553
6,0.2,375,0.02583497037781261,0.00017797443363076575,0.00016782512626801395,0.00017797443363076575
6,0.2,376,0.025923444407209246,0.00018307470056934738,0.00015565371622116073,0.00018307470056934738
6,0.2,377,0.02587483028915981,0.00018124349157714706,0.00016869776508247027,0.00018124349157714706
6,0.2,378,0.025844808971374696,0.00020440475502072456,0.00020440475502072456,0.0001779186605657599
6,0.2,379,0.025850093247885345,0.0002095582572803778,0.00020955825728037776,0.00017276341464631312
6,0.2,380,0.025973084037341058,0.0001762986148993762,0.0001694064818761193,0.0001762986148993762
6,0.2,381,0.0259999088471161,0.00017628220714002471,0.00017481957740193661,0.00017628220714002471
6,0.2,382,0.026069616204922746,0.00017978035901174014,0.00017600049650030912,0.00017978035901174014
6,0.2,383,0.025778641114679306,0.0001795229745886463,0.0001761999962871019,0.0001795229745886463
6,0.2,384,0.025758020280939244,0.00017099825742102274,0.00015259810592031366,0.00017099825742102274
6,0.2,385,0.0256980818708585,0.00016940072241500542,0.00015179634542606578,0.00016940072241500542
6,0.2,386,0.025741607658605507,0.00017258019307921722,0.00016507330393025787,0.00017258019307921722
6,0.2,387,0.02568773192918835,0.0001809538229013328,0.00017552028130956055,0.0001809538229013328
6,0.2,388,0.025712575560325527,0.0001781903203196835,0.00015934041247396647,0.0001781903203196835
6,0.2,389,0.025690108038524135,0.0001893093382729851,0.00018930933827298506,0.00017500895255683662
6,0.2,390,0.025732037251360706,0.00017174603473807292,0.00017044425319019498,0.00017174603473807292
6,0.2,391,0.025723329240387595,0.00017310675398795954,0.00016893548573120945,0.00017310675398795954
6,0.2,392,0.02558194173338593,0.00017144295743030374,0.00017144295743030374,0.00016733489669350536
6,0.2,393,0.025616222617138376,0.00017293664739042312,0.00016595505113495897,0.00017293664739042312
6,0.2,394,0.02583969422832598,0.0001752938477949812,0.00017529384779498117,0.00017289722579049745
6,0.2,395,0.025830580780114694,0.00019247511714406377,0.00019247511714406377,0.00017683758173019668
6,0.2,396,0.02585516547819802,0.0001850830685429036,0.00018508306854290356,0.00018332557189080638
6,0.2,397,0.025773830611812834,0.0001935678273655118,0.0001935678273655118,0.00017618733667733658
6,0.2,398,0.025811082834755514,0.00019341322179939856,0.00019341322179939854,0.0001827946881355346
6,0.2,399,0.02573030046706487,0.00017382155015439966,0.0001635272269822655,0.00017382155015439966
6,0.2,400,0.02576048272778829,0.00017609361116028817,0.0001596055932139616,0.00017609361116028817
6,0.2,401,0.025597331990781645,0.00017450555210021235,0.000146953042285078,0.00017450555210021235
6,0.2,402,0.02587656142355122,0.0001735826871334464,0.00016488211427213173,0.0001735826871334464
6,0.2,403,0.02589188558715496,0.0002128535103946725,0.0002128535103946725,0.00016987520069315786
6,0.2,404,0.025830323347723304,0.00018476850740115316,0.00018476850740115316,0.00016957207420634468
6,0.2,405,0.025773840220687058,0.0001794683541188063,0.00017946835411880628,0.00016735239130609813
6,0.2,406,0.025700693796803748,0.00018674871322083095,0.00018674871322083093,0.0001679442921276306
6,0.2,407,0.025631851385696423,0.00021343000175273093,0.0002134300017527309,0.00016914206276883058
6,0.2,408,0.02568350751187443,0.0002096424805746716,0.00020964248057467162,0.00016936135214050586
6,0.2,409,0.025851723882385904,0.00021743880565439487,0.00021743880565439487,0.00017378148392766977
6,0.2,410,0.02581413942161919,0.00019473043931205836,0.00019473043931205836,0.00017773602491181627
6,0.2,411,0.025601614530525042,0.00022669784710970236,0.00022669784710970236,0.00017491117659112064
6,0.2,412,0.02546718757516009,0.00024809130543142644,0.00024809130543142644,0.00017413459468451268
6,0.2,413,0.025712611380567,0.0002512989354700282,0.0002512989354700282,0.00017824525503727214
6,0.2,414,0.025759429558344975,0.00022286142185651037,0.00022286142185651037,0.00017478121110996164
6,0.2,415,0.025828945533798994,0.00022189235073285802,0.00022189235073285802,0.00017436272356297007
6,0.2,416,0.025610288339856242,0.00020610332245414695,0.00020610332245414695,0.00017589926440125044
6,0.2,417,0.025496591182391126,0.00020416675428694834,0.00020416675428694834,0.000176179030031368
6,0.2,418,0.025669049501563814,0.00018223302557347898,0.00018223302557347898,0.00016990319627986422
6,0.2,419,0.02564452424557769,0.00018490187397612236,0.00018490187397612233,0.00016271487099950996
6,0.2,420,0.02572960166224681,0.00017190012629732476,0.00017190012629732476,0.00016599209925920926
6,0.2,421,0.02566627008510352,0.00017110225032986926,0.00014936722774129565,0.00017110225032986926
6,0.2,422,0.025564403366024373,0.00018001429798570275,0.00018001429798570275,0.00017159093613289234
6,0.2,423,0.02558354359958731,0.00017659875786488693,0.0001765987578648869,0.00016921536210857588
6,0.2,424,0.025687538593248797,0.00017341549870100983,0.0001712919020368163,0.00017341549870100983
6,0.2,425,0.02572394785017594,0.00016935061458213537,0.0001495993583398079,0.00016935061458213537
6,0.2,426,0.025742574508530732,0.00016732031981228493,0.00015047314392420267,0.00016732031981228493
6,0.2,427,0.02566127557068006,0.00017023663133252441,0.00016167482110631827,0.00017023663133252441
6,0.2,428,0.02570292804352875,0.00016960360833558495,0.0001607572106022592,0.00016960360833558495
6,0.2,429,0.025775592181132408,0.00017282146629378356,0.00015506758573377826,0.00017282146629378356
6,0.2,430,0.025633643683978073,0.00020716760341407597,0.00020716760341407597,0.00017499585609318983
6,0.2,431,0.025513986810818404,0.00023108190094435263,0.0002310819009443526,0.00017636091189383434
6,0.2,432,0.02562119797084732,0.0001836271309975664,0.0001836271309975664,0.00016927759205517917
6,0.2,433,0.025754505790406525,0.00020872977809395027,0.00020872977809395025,0.00017125306193339936
6,0.2,434,0.025821384986006293,0.00017508885558259314,0.00017270356311703688,0.00017508885558259314
6,0.2,435,0.025989887506474643,0.00018892144739502306,0.00018892144739502306,0.00017989356386316415
6,0.2,436,0.02580770492032626,0.00018074813989281475,0.00017218971219261781,0.00018074813989281475
6,0.2,437,0.025836306556627112,0.00017266543334615528,0.00016696826029359124,0.00017266543334615528
6,0.2,438,0.025887257955293373,0.00017152473119355172,0.00014950113823923168,0.00017152473119355172
6,0.2,439,0.02585565433695451,0.00017151954661313642,0.00015050948553356973,0.00017151954661313642
6,0.2,440,0.025923955238680733,0.00018767341285245534,0.00018767341285245534,0.00017248340741701784
6,0.2,441,0.025768806403701838,0.00017683529873985967,0.0001755088797238924,0.00017683529873985967
6,0.2,442,0.02599157827232114,0.00020746200282200115,0.00020746200282200115,0.00017423415923296473
6,0.2,443,0.025711571002901314,0.0001751726441091015,0.0001751726441091015,0.00017218767892746478
6,0.2,444,0.02565262182014625,0.0001852823764462397,0.00018528237644623968,0.00016796368538703107
6,0.2,445,0.02561601327935822,0.0002057772134338898,0.0002057772134338898,0.00017354630083379929
6,0.2,446,0.02557368786608718,0.0001789041772392982,0.00017529400884870483,0.0001789041772392982
6,0.2,447,0.025666858403317463,0.00018153749869140445,0.00018153749869140445,0.00018105092320922254
6,0.2,448,0.025602746492908245,0.00019800058753663842,0.0001980005875366384,0.00018108603323205866
6,0.2,449,0.025482703831915733,0.00020095121702650004,0.00020095121702650004,0.0001853837782713779
6,0.2,450,0.02563923591738204,0.0001871588235764038,0.00018522633256712573,0.0001871588235764038
6,0.2,451,0.025300624319341495,0.00017962755397596674,0.00017962755397596676,0.0001790100279006701
6,0.2,452,0.025398550827569717,0.00018394053268470397,0.00018394053268470397,0.0001808398782898386
6,0.2,453,0.02550046040189184,0.00018449902137793132,0.00014873248252157199,0.00018449902137793132
6,0.2,454,0.02534057572591537,0.00017333050551082823,0.00015608414809805844,0.00017333050551082823
6,0.2,455,0.0253800072323413,0.00017621237867494448,0.00017621237867494448,0.00017487632427641515
6,0.2,456,0.02542487419015386,0.00018785563228690793,0.00018785563228690793,0.0001708055822385397
6,0.2,457,0.02557457309956753,0.00022422908038622738,0.0002242290803862274,0.00018046961694778704
6,0.2,458,0.025609452838506616,0.0001987550316982788,0.0001987550316982788,0.0001752452712889497
6,0.2,459,0.02549184040199874,0.00017594100986577772,0.00015868279405249354,0.00017594100986577772
6,0.2,460,0.025655729018778006,0.00019975847103022068,0.00019975847103022065,0.00017586423447935872
6,0.2,461,0.02538154752253637,0.00022286018577366478,0.00022286018577366475,0.0001729827631938107
6,0.2,462,0.025583711177551375,0.00020480942330926584,0.00020480942330926584,0.00017978015285352014
6,0.2,463,0.02587905969706889,0.00022451863668678326,0.00022451863668678326,0.00018159210377753337
6,0.2,464,0.02570690743084063,0.00019207850476837829,0.00019207850476837829,0.0001730389426045848
6,0.2,465,0.0256985410617309,0.00017471968388356956,0.00017447212236199972,0.00017471968388356956
6,0.2,466,0.0256418866055357,0.00019756167335625055,0.00019756167335625052,0.00017657831460582974
6,0.2,467,0.025571359733677187,0.0001806500524647805,0.0001806500524647805,0.0001689421363448655
6,0.2,468,0.025456853007702864,0.00017357835816170504,0.00017357835816170504,0.0001678950351427695
6,0.2,469,0.02557860500372847,0.0001866171966452463,0.00018661719664524626,0.000165390168137332
6,0.2,470,0.025483101387428486,0.0001669732406641628,0.00016431238415693175,0.0001669732406641628
6,0.2,471,0.025437448161380636,0.00018033980124654563,0.00018033980124654563,0.0001696091750104938
6,0.2,472,0.0255277918666919,0.0001732430654757382,0.00016885967843245178,0.0001732430654757382
6,0.2,473,0.02551810686729145,0.0001742610122194593,0.00016138762505796034,0.0001742610122194593
6,0.2,474,0.025505743532689206,0.00017422642385419787,0.00016438703452058913,0.00017422642385419787
6,0.2,475,0.025786473868471868,0.0001769887112735281,0.0001769887112735281,0.00017173427198566906
6,0.2,476,0.025654322089639185,0.00020997893430152987,0.0002099789343015299,0.00017227453123054128
6,0.2,477,0.025748812594951122,0.00020293984944598763,0.00020293984944598763,0.00017738178366276676
6,0.2,478,0.025789663514079006,0.0002203053872463188,0.00022030538724631876,0.00017975348264685399
6,0.2,479,0.025851469810987283,0.00020607587156837835,0.00020607587156837835,0.0001837949003903217
6,0.2,480,0.02584002015688998,0.00018083514759970767,0.00018032044347526547,0.00018083514759970767
6,0.2,481,0.0258537382296495,0.0001966366699235069,0.0001966366699235069,0.00017691606831646555
6,0.2,482,0.02571178875916297,0.00019844111236065777,0.0001984411123606578,0.00017346145523067664
6,0.2,483,0.025735571760402934,0.00018471991911860581,0.00018471991911860581,0.00017540643393335563
6,0.2,484,0.025488249235633826,0.00018737800591345235,0.00018737800591345235,0.00018060825253153474
6,0.2,485,0.025607351357819514,0.00019720080751182658,0.00019720080751182658,0.00018058761178955425
6,0.2,486,0.025501812723418744,0.00018766012094771831,0.00018766012094771831,0.00017046441501889382
6,0.2,487,0.025497359655470123,0.00017693576922878996,0.00017134724101339395,0.00017693576922878996
6,0.2,488,0.02531935206105361,0.0001878314593069325,0.00018783145930693248,0.00017820459363663025
6,0.2,489,0.02537566642621396,0.00019824592199525458,0.00019824592199525458,0.00017503440085979782
6,0.2,490,0.02534629160139084,0.00020668928568754266,0.00020668928568754266,0.00017383107855824706
6,0.2,491,0.025484102280537095,0.00017063565438349814,0.00017063565438349814,0.0001693613373243193
6,0.2,492,0.02556530452183726,0.00017565214429091124,0.00017565214429091124,0.00017466635842806633
6,0.2,493,0.025468467132958347,0.00020493060003986486,0.00020493060003986483,0.00017403503416088157
6,0.2,494,0.02543662556014447,0.00018495254095034648,0.00018495254095034648,0.00017400133758545136
6,0.2,495,0.02533572256185628,0.00018689633598461148,0.00018689633598461148,0.00017294976291953268
6,0.2,496,0.025574674642190837,0.0001900361576143462,0.0001900361576143462,0.00017766525024997954
6,0.2,497,0.02556633205155884,0.00018255950689172954,0.00018255950689172954,0.0001805008412064091
6,0.2,498,0.02569989756497306,0.00020163994411456375,0.00020163994411456372,0.00018059094582752048
6,0.2,499,0.02568971099863145,0.00019363371457308597,0.00019363371457308595,0.00017580425938118583
6,0.2,500,0.02578599055995999,0.00019796154864356347,0.00019796154864356344,0.00016734939126056563
6,0.3,0,0.08218267606700123,0.0002492187552338383,0.00022222384346434033,0.0002492187552338383
6,0.3,1,0.050078891976021715,0.000275911646675295,0.000275911646675295,0.00024068913801321036
6,0.3,2,0.03798132801003,0.00022282013488048548,0.00022282013488048548,0.00021839847736843029
6,0.3,3,0.03224765973483544,0.00024042185736702023,0.0002404218573670202,0.00020250117983948023
6,0.3,4,0.029148598241960037,0.0002313567488394716,0.0002313567488394716,0.0001900081929252524
6,0.3,5,0.027289122455486214,0.00021375255955699343,0.00021375255955699343,0.00017710029127120274
6,0.3,6,0.02628956351809161,0.00021181611405012227,0.0002118161140501223,0.00017536557318932475
6,0.3,7,0.025827467951441096,0.00017207973604355524,0.00017207973604355524,0.00016943098617883237
6,0.3,8,0.025428239791153044,0.00018664006181721355,0.00018664006181721353,0.00016573440082044293
6,0.3,9,0.025179141578559265,0.00020909370629372146,0.00020909370629372146,0.00016218995669596637
6,0.3,10,0.024919489488549267,0.0001886682526224523,0.0001886682526224523,0.00015016326195420876
6,0.3,11,0.025016878733674683,0.0001955579084942232,0.0001955579084942232,0.00015474745458362145
6,0.3,12,0.025037610245542866,0.00018373192134416456,0.00018373192134416453,0.00016145102077385576
6,0.3,13,0.02468788729438948,0.00020578686177452353,0.00020578686177452355,0.00016641358043641765
6,0.3,14,0.024422772429626295,0.00016927000746859157,0.00016927000746859154,0.0001647115001330541
6,0.3,15,0.02454385174256507,0.00018608125939437287,0.00018608125939437284,0.00015885144026162932
6,0.3,16,0.02447201696694523,0.00018378408501899018,0.00018378408501899018,0.00015719583169643232
6,0.3,17,0.02449936008472405,0.00017525845320395976,0.00017525845320395976,0.00015622698035040308
6,0.3,18,0.024510440832958735,0.00015469767610752665,0.00014894818755879517,0.00015469767610752665
6,0.3,19,0.024393825082952077,0.00015455410043317826,0.00015312521137333184,0.00015455410043317826
6,0.3,20,0.02430005319129784,0.0001843973050572638,0.0001843973050572638,0.00015537839519928821
6,0.3,21,0.02431168720630366,0.0001713358436162201,0.0001713358436162201,0.00015822253742175688
6,0.3,22,0.02432238411857886,0.0001565226336837666,0.0001565226336837666,0.00015394158725979596
6,0.3,23,0.024387404535668022,0.00016512731630554726,0.00016512731630554726,0.00015345481890807338
6,0.3,24,0.02449304305772426,0.00017970246412602,0.00017970246412602,0.0001466124695566489
6,0.3,25,0.024438747487993476,0.00016412342143540972,0.00016412342143540972,0.00015386946713344274
6,0.3,26,0.0243090996081622,0.00015646731234308331,0.00013267820427138977,0.00015646731234308331
6,0.3,27,0.024522717745855856,0.00015954521627058727,0.00015176908984946947,0.00015954521627058727
6,0.3,28,0.024401539516995027,0.00016958613564852683,0.00016958613564852683,0.0001576924791899251
6,0.3,29,0.024349866990557734,0.00016000729358775474,0.00016000729358775474,0.00015394213417637705
6,0.3,30,0.02420259807983676,0.0001720942631663772,0.00017209426316637717,0.00015543565844688032
6,0.3,31,0.024348881489107358,0.00017042915965969398,0.000170429159659694,0.00016041895773304842
6,0.3,32,0.024229823278608013,0.00016987275830967084,0.00016987275830967084,0.0001595545951282753
6,0.3,33,0.02415624306017754,0.0001628958037032279,0.0001628958037032279,0.0001549263228966518
6,0.3,34,0.024315947654730264,0.00019461291400156919,0.00019461291400156919,0.0001526574157741209
6,0.3,35,0.024277170599741053,0.00017753557606209127,0.00017753557606209127,0.00015519130874833262
6,0.3,36,0.024495610455777535,0.0001924157368573521,0.0001924157368573521,0.00015707730988939806
6,0.3,37,0.02435975755248881,0.000193010401395025,0.000193010401395025,0.00015283424164465973
6,0.3,38,0.024434750580210426,0.0002009389811881707,0.00020093898118817068,0.00016149175775914752
6,0.3,39,0.024296208279821152,0.0001942649760840815,0.0001942649760840815,0.00015024890436070832
6,0.3,40,0.024292977738663468,0.00019184815679321946,0.00019184815679321946,0.00015309251950402133
6,0.3,41,0.024431817018070755,0.00016963222183346297,0.000169632221833463,0.00014870092220055722
6,0.3,42,0.02432516581918913,0.00015859892061850876,0.00015859892061850878,0.00014715047252178995
6,0.3,43,0.024430869536864287,0.000145579323589134,0.00014481864148087743,0.000145579323589134
6,0.3,44,0.024355785777206325,0.0001518356043714332,0.0001518356043714332,0.00015102502310356412
6,0.3,45,0.024443123002014105,0.0001516557710299224,0.0001516557710299224,0.00014931179705580673
6,0.3,46,0.024375471902421123,0.00015626551129794232,0.0001442819322636045,0.00015626551129794232
6,0.3,47,0.024377384503305944,0.0001889050332083776,0.0001889050332083776,0.00015023549625771044
6,0.3,48,0.024292087994410506,0.00018565254260576107,0.00018565254260576107,0.00015399769203871925
6,0.3,49,0.024390330824038006,0.00018517619104986278,0.00018517619104986278,0.00014804081757913585
6,0.3,50,0.02434833065212049,0.00021253651114033274,0.00021253651114033276,0.00015204282991496034
6,0.3,51,0.02433227534276199,0.00019916118980992055,0.00019916118980992055,0.00015785972390781856
6,0.3,52,0.024302136040529814,0.00018072557062989654,0.00018072557062989654,0.00015903661361089922
6,0.3,53,0.024379586945119176,0.00019016432033695902,0.00019016432033695904,0.00015594522028812422
6,0.3,54,0.024492791832428137,0.00020515182589271407,0.00020515182589271407,0.0001578135450887442
6,0.3,55,0.024545824441503213,0.00017327239716007564,0.0001732723971600756,0.00016386829474365788
6,0.3,56,0.02470063680464243,0.00017170419059536334,0.00017170419059536334,0.0001682105820965656
6,0.3,57,0.024803823887893536,0.0001683064080631987,0.0001683064080631987,0.00016580165218151236
6,0.3,58,0.02468694062521607,0.00017368106985756626,0.00017368106985756626,0.0001622595998865433
6,0.3,59,0.02458276209501537,0.00017527721762438913,0.00017527721762438915,0.00016052967697676736
6,0.3,60,0.024661368915442836,0.0001967349173004627,0.00019673491730046272,0.00016391837279363655
6,0.3,61,0.024733639198600724,0.00019292602715519265,0.00019292602715519265,0.00016256415055585367
6,0.3,62,0.024677741166112897,0.00015794083574927666,0.00015719437510334833,0.00015794083574927666
6,0.3,63,0.02471928381343524,0.00015794822251809495,0.0001527547978490006,0.00015794822251809495
6,0.3,64,0.02453420415996703,0.0001846853363657529,0.0001846853363657529,0.00015912784022383846
6,0.3,65,0.024445214208002664,0.00016419230051562895,0.00016419230051562895,0.00016311221515547875
6,0.3,66,0.024194031624649278,0.00016001879677629988,0.00016001879677629988,0.00015728094874619997
6,0.3,67,0.02428307692880681,0.00016008050659779217,0.00016008050659779214,0.00015774363805966038
6,0.3,68,0.024273403898713925,0.00017001052281563628,0.00017001052281563628,0.00015909941765355158
6,0.3,69,0.02431878884890375,0.0001926595566910894,0.00019265955669108938,0.00015623506909538608
6,0.3,70,0.02429343338997639,0.0001571735223708948,0.00015306041795490384,0.0001571735223708948
6,0.3,71,0.024428034601224256,0.00015757884774941148,0.0001355758847041494,0.00015757884774941148
6,0.3,72,0.024329866734472134,0.0001533557809824363,0.00014563746507984638,0.0001533557809824363
6,0.3,73,0.024351132362731825,0.00015821897575543428,0.0001505412132628842,0.00015821897575543428
6,0.3,74,0.02440152628451219,0.00017637842947144353,0.00017637842947144353,0.00016232490287833656
6,0.3,75,0.02440381745812447,0.0001935163002715972,0.00019351630027159716,0.0001581394100560254
6,0.3,76,0.02461777491276845,0.0001941010126557894,0.0001941010126557894,0.000159252476577204
6,0.3,77,0.024376460778286882,0.00019807410551515693,0.0001980741055151569,0.00015864744966745357
6,0.3,78,0.02450616443266276,0.0001857195963104117,0.0001857195963104117,0.0001566909639581801
6,0.3,79,0.024434726316763737,0.0001885530497694755,0.0001885530497694755,0.00015531827694643458
6,0.3,80,0.024209450663449004,0.0001771175478683133,0.0001771175478683133,0.00015396814002278098
6,0.3,81,0.024367881696303224,0.0002182544030157144,0.00021825440301571442,0.00016160438865503297
6,0.3,82,0.024275298554396862,0.00020939949348689084,0.00020939949348689084,0.00015860864785737264
6,0.3,83,0.024228851244644623,0.0001769065827156016,0.0001769065827156016,0.0001546047195371865
6,0.3,84,0.02430009905778912,0.00017658419814811912,0.0001765841981481191,0.00015698194047287852
6,0.3,85,0.024348957134030437,0.0001969486033986436,0.0001969486033986436,0.00015776036393037033
6,0.3,86,0.02432540205009791,0.00016961746276168327,0.00016961746276168327,0.00016020419177238665
6,0.3,87,0.024322629450063575,0.00019951336783811198,0.00019951336783811198,0.0001623148263403305
6,0.3,88,0.024546620945739082,0.00016336654113690427,0.0001502837261639185,0.00016336654113690427
6,0.3,89,0.024623687731440486,0.00016734621318226014,0.00016734621318226014,0.00016126167971576994
6,0.3,90,0.02449980949662968,0.00015587502136968557,0.00014156159907833965,0.00015587502136968557
6,0.3,91,0.024434786779465822,0.00017279054077195646,0.00017279054077195643,0.0001544021120295965
6,0.3,92,0.024326625039741864,0.00016458379220818628,0.00016458379220818628,0.0001560575565806126
6,0.3,93,0.02444506931142756,0.00018344254370406741,0.0001834425437040674,0.00015595397546575243
6,0.3,94,0.02442965822023846,0.00016551130943548504,0.00016551130943548504,0.0001574181249351563
6,0.3,95,0.02444399863885112,0.00017478792718063406,0.00017478792718063406,0.00014890116500815815
6,0.3,96,0.02446729118850677,0.0001712262709976528,0.0001712262709976528,0.00015153088612016318
6,0.3,97,0.024515090467890414,0.00016666639891868055,0.00016666639891868055,0.00015589224682969113
6,0.3,98,0.02465149205064211,0.00016169764612661253,0.00015254732811262808,0.00016169764612661253
6,0.3,99,0.02467504081078222,0.0001616511786457056,0.0001557583414135422,0.0001616511786457056
6,0.3,100,0.02485000752035619,0.00017330702209853222,0.00017330702209853222,0.00016379194467917784
6,0.3,101,0.02487480937441274,0.00015666449909849367,0.00014765838251848445,0.00015666449909849367
6,0.3,102,0.02476924961999633,0.0001731506636692097,0.0001731506636692097,0.00015337401977900315
6,0.3,103,0.02459426416043781,0.00019322545386174885,0.00019322545386174885,0.00015158981176623267
6,0.3,104,0.024754718921168293,0.00018927480827222648,0.00018927480827222648,0.00015513868178677166
6,0.3,105,0.024593225711330775,0.00015828262118704114,0.00015105253381412565,0.00015828262118704114
6,0.3,106,0.02465396227068552,0.00016215261225612643,0.00016215261225612643,0.000154191522507731
6,0.3,107,0.024738268577164456,0.0001906983914981119,0.00019069839149811192,0.00016547725260140645
6,0.3,108,0.02459081209256065,0.00019282615091386626,0.00019282615091386626,0.00015965654516534808
6,0.3,109,0.02442188790240225,0.00022454188910928623,0.0002245418891092862,0.0001537427304241326
6,0.3,110,0.024402017597978536,0.00016955396266643078,0.00016955396266643078,0.00015942369462089057
6,0.3,111,0.02441326252682408,0.00016103005628479247,0.00016103005628479247,0.0001577359181907779
6,0.3,112,0.024276533889181117,0.00019883933113037662,0.00019883933113037662,0.0001582771794668713
6,0.3,113,0.024297299326018082,0.0002043433142332742,0.00020434331423327417,0.0001611867313989171
6,0.3,114,0.024317645509155474,0.00016754552481498407,0.0001675455248149841,0.00015387709199585388
6,0.3,115,0.024293927467490525,0.00019190803804103781,0.00019190803804103781,0.0001524443142765738
6,0.3,116,0.024188948454567673,0.00018966744188966836,0.00018966744188966836,0.00015282829201419712
6,0.3,117,0.024333818026246765,0.00021493491904219072,0.00021493491904219072,0.0001577544698436469
6,0.3,118,0.02432569200506544,0.00016405279866222236,0.00015630279376869775,0.00016405279866222236
6,0.3,119,0.024217036969107233,0.00015687297748284815,0.0001307283726621629,0.00015687297748284815
6,0.3,120,0.024382606403491807,0.00015474985522683334,0.00012331355028299346,0.00015474985522683334
6,0.3,121,0.02434634539578969,0.00014795025803927343,0.0001254227084074003,0.00014795025803927343
6,0.3,122,0.02414605940929825,0.0001501627595766704,0.00014925021818986065,0.0001501627595766704
6,0.3,123,0.024106066643114175,0.00014709106921998775,0.00011916774431861345,0.00014709106921998775
6,0.3,124,0.024132545456931494,0.00016058632600727502,0.00016058632600727502,0.0001475311024442914
6,0.3,125,0.024411314609630166,0.00019642072304821025,0.00019642072304821025,0.00015508032768131994
6,0.3,126,0.02430575504858642,0.00015961701922259644,0.00015961701922259644,0.00015331775780153955
6,0.3,127,0.02409030446462975,0.00015430180588227018,0.00015430180588227015,0.0001527517162483967
6,0.3,128,0.024355250252436258,0.0001561463740940864,0.0001561463740940864,0.000151896563292663
6,0.3,129,0.02425861394594298,0.0001553502890462546,0.00014178799796464242,0.0001553502890462546
6,0.3,130,0.02422173268018992,0.0001652239695261196,0.0001652239695261196,0.00014932975879636235
6,0.3,131,0.024438455524786833,0.00017101399247857092,0.00017101399247857095,0.00015379660148156577
6,0.3,132,0.024279847541337368,0.00017974376938642426,0.00017974376938642426,0.0001535408754143336
6,0.3,133,0.024362151439860143,0.0001826450675128792,0.0001826450675128792,0.00015837817721822686
6,0.3,134,0.024161913981793792,0.00020440666092600728,0.00020440666092600728,0.00015391116469072426
6,0.3,135,0.024114341662776706,0.00020071139177842636,0.00020071139177842633,0.00015060786553381848
6,0.3,136,0.0242239618962042,0.000198022703110837,0.000198022703110837,0.00015277932875623547
6,0.3,137,0.024375120264252963,0.00018650568532811615,0.00018650568532811612,0.0001534847068512385
6,0.3,138,0.024387269705622452,0.0001802251759971628,0.00018022517599716278,0.0001575272015107764
6,0.3,139,0.024100270134242967,0.0001619659222462143,0.0001619659222462143,0.0001526152528209224
6,0.3,140,0.024185089286736218,0.00015024639885630745,0.00014392615878626387,0.00015024639885630745
6,0.3,141,0.024098409384838246,0.0001792145104665941,0.0001792145104665941,0.000155509781379051
6,0.3,142,0.02418599674600845,0.00017744220682052692,0.00017744220682052694,0.00015515519585231093
6,0.3,143,0.024285973208556532,0.00017016770409907842,0.00017016770409907842,0.0001530516097148547
6,0.3,144,0.02437671338269846,0.00019076783794833133,0.00019076783794833135,0.00015205961196541068
6,0.3,145,0.024093965552497012,0.00017630779863903027,0.0001763077986390303,0.0001526833121621413
6,0.3,146,0.024414033539919798,0.0001994756407557902,0.0001994756407557902,0.00015479223606509567
6,0.3,147,0.024263185449745175,0.0001795409432434863,0.0001795409432434863,0.00015265662648016268
6,0.3,148,0.024264977479577458,0.00018213767801122848,0.00018213767801122845,0.00015089799093368528
6,0.3,149,0.024140784941367,0.0001991243392051477,0.0001991243392051477,0.00015995626715948624
6,0.3,150,0.024477968808246358,0.0002148697679599109,0.00021486976795991093,0.00016158226452414143
6,0.3,151,0.024501969541633934,0.00023392204784415907,0.0002339220478441591,0.00016005804927240292
6,0.3,152,0.024520987378305062,0.0002257661279791147,0.0002257661279791147,0.00015592834600704916
6,0.3,153,0.02443418974568515,0.00019916187519402397,0.00019916187519402394,0.0001615961541436881
6,0.3,154,0.02468388262497669,0.00021049400112911737,0.0002104940011291174,0.00015860328434957042
6,0.3,155,0.02454511812548468,0.00016480174032760275,0.00016480174032760275,0.00016009759931557
6,0.3,156,0.024425004499681987,0.00017153774645059863,0.00017153774645059866,0.00015464727207742106
6,0.3,157,0.024368233743208352,0.00017869639484061498,0.000178696394840615,0.00015607712838079668
6,0.3,158,0.024183326896253677,0.00018880941953384637,0.00018880941953384634,0.00015259511736892797
6,0.3,159,0.02433411640585797,0.00018433633820888937,0.00018433633820888934,0.0001564180205951312
6,0.3,160,0.024251358481810117,0.00015679647456248413,0.00015679647456248413,0.00015202453999861698
6,0.3,161,0.02425457577251288,0.00015390481017314435,0.00014684711858971552,0.00015390481017314435
6,0.3,162,0.02431961193720961,0.00016327137868194376,0.0001458780205718793,0.00016327137868194376
6,0.3,163,0.024260133962945636,0.00015884341225165418,0.00013518197737866932,0.00015884341225165418
6,0.3,164,0.02457017776525621,0.0001560716665846053,0.0001304601824496048,0.0001560716665846053
6,0.3,165,0.024571411658719684,0.00016172754736855558,0.0001284817426673432,0.00016172754736855558
6,0.3,166,0.02447192664029892,0.0001622524226569666,0.000119402536642866,0.0001622524226569666
6,0.3,167,0.02445355837610527,0.00015644510436737462,0.00015402949574093298,0.00015644510436737462
6,0.3,168,0.024498988324946618,0.00015223873378343624,0.00013190803474941057,0.00015223873378343624
6,0.3,169,0.02439984558630214,0.0001525797333064047,0.00012786563574233408,0.0001525797333064047
6,0.3,170,0.024459971939296277,0.000164432275711807,0.000164432275711807,0.0001516841487381512
6,0.3,171,0.024596533096438233,0.00015590576691521768,0.00015590576691521768,0.0001525556799267188
6,0.3,172,0.024355044251337516,0.00016766684236979365,0.00016766684236979362,0.0001534735833000819
6,0.3,173,0.024507415456500703,0.00016488140132293633,0.00016488140132293633,0.00015559549263441863
6,0.3,174,0.02450194490035542,0.00015939506964568188,0.00015939506964568188,0.00015728560359118166
6,0.3,175,0.02442454633000021,0.00017830429727578646,0.00017830429727578646,0.00015761175045943187
6,0.3,176,0.024229228468670615,0.00017672966731699163,0.0001767296673169916,0.00015661021328925072
6,0.3,177,0.024213583183092836,0.00018707041212745582,0.00018707041212745582,0.00015688593944476701
6,0.3,178,0.024273552039422535,0.00015644239330834595,0.00014821048584224978,0.00015644239330834595
6,0.3,179,0.02438101511460914,0.00016478565794527267,0.0001647856579452727,0.00015885337582547193
6,0.3,180,0.02449830728539748,0.00017748810622105572,0.00017748810622105572,0.00015593708315944996
6,0.3,181,0.024357720758112277,0.0001552012775844554,0.00014896295553315544,0.0001552012775844554
6,0.3,182,0.02431913943854587,0.00017237282554304363,0.00017237282554304363,0.00015195616885192034
6,0.3,183,0.024453907508671054,0.0001577893862930238,0.00015314620394150363,0.0001577893862930238
6,0.3,184,0.024538940493363224,0.0001554636542507415,0.00014446586215281686,0.0001554636542507415
6,0.3,185,0.024596281484915303,0.00016347477689070077,0.00016347477689070074,0.0001509081836069477
6,0.3,186,0.0246531145333258,0.00016078829412402088,0.00016078829412402088,0.00015442565288144623
6,0.3,187,0.024606347060436122,0.00016013998476157446,0.00015875887207007078,0.00016013998476157446
6,0.3,188,0.024568205101279595,0.0001599407131601783,0.00015615882592572678,0.0001599407131601783
6,0.3,189,0.02447847502104177,0.00018821911745487167,0.00018821911745487167,0.00016360764685692284
6,0.3,190,0.02459354174870121,0.00017222182436273513,0.00017222182436273513,0.00016196924244289172
6,0.3,191,0.024357592883192385,0.00019032454143040167,0.00019032454143040164,0.00016182917832930404
6,0.3,192,0.024452806811706838,0.0001626410861950472,0.00015363237319605808,0.0001626410861950472
6,0.3,193,0.02458808621243679,0.000165514183243686,0.000165514183243686,0.00015820682696778956
6,0.3,194,0.02472539945100415,0.0001563956889959336,0.0001431422057336823,0.0001563956889959336
6,0.3,195,0.02460907154040395,0.00015726400026406585,0.0001416568441998658,0.00015726400026406585
6,0.3,196,0.024688769401411605,0.00018555619340424097,0.00018555619340424097,0.00015900427842135872
6,0.3,197,0.024627631960966838,0.00019121671485231994,0.00019121671485231994,0.0001589066059726165
6,0.3,198,0.024579215995766072,0.00019102502150466482,0.00019102502150466482,0.00015978421309687413
6,0.3,199,0.024726535367602363,0.00016557761978870777,0.0001655776197887078,0.0001563698845810869
6,0.3,200,0.024527584912943167,0.00015585954036459487,0.0001438023696464076,0.00015585954036459487
6,0.3,201,0.02463551097078998,0.00015942811248756563,0.00015942811248756563,0.00015517523393193891
6,0.3,202,0.024640010493315746,0.0001588699323073256,0.00015139671771193148,0.0001588699323073256
6,0.3,203,0.02454760608029853,0.0001582246657591559,0.0001582246657591559,0.00015438598337907738
6,0.3,204,0.024522396711924726,0.00019192706289768627,0.00019192706289768627,0.00014736990000399917
6,0.3,205,0.024546515215923586,0.00017710529961359792,0.00017710529961359792,0.00014602595108600386
6,0.3,206,0.024499429117403007,0.0001492667451188983,0.0001492667451188983,0.00014851310886897524
6,0.3,207,0.024433916792830156,0.00015228819389587265,0.00011878611423001114,0.00015228819389587265
6,0.3,208,0.024543241696890556,0.00015638060805303473,0.0001498432706303692,0.00015638060805303473
6,0.3,209,0.02442708779021089,0.00016704280631125117,0.00016704280631125117,0.00015041487888455552
6,0.3,210,0.02436591325562766,0.00018245056740827934,0.00018245056740827934,0.0001523344638973986
6,0.3,211,0.024414340432890185,0.0001654191258988856,0.0001654191258988856,0.00015662166992245368
6,0.3,212,0.024160773156711522,0.00015120047438081064,0.00015120047438081066,0.0001500895924866975
6,0.3,213,0.024389546173844263,0.00016174388615700726,0.00016174388615700726,0.00015021825375437616
6,0.3,214,0.024290340470493797,0.00015684768454459676,0.0001469619967884268,0.00015684768454459676
6,0.3,215,0.02437030310974594,0.00015449513871526968,0.00015251074407277162,0.00015449513871526968
6,0.3,216,0.024293730561662025,0.00014521486578240783,0.0001418780155526291,0.00014521486578240783
6,0.3,217,0.024373513321867553,0.00015468116874328133,0.00014521015181709438,0.00015468116874328133
6,0.3,218,0.024380738600286844,0.00015611003128132898,0.00014950165673047688,0.00015611003128132898
6,0.3,219,0.02450615341886579,0.00015377414234425118,0.00015260074343715518,0.00015377414234425118
6,0.3,220,0.024230623236622777,0.00015587637448469135,0.00015587637448469135,0.0001517332080016114
6,0.3,221,0.024235527914299945,0.00017641863278887194,0.00017641863278887194,0.00015359418674430124
6,0.3,222,0.024420119610050448,0.00017872080696593813,0.00017872080696593813,0.00015386761382167038
6,0.3,223,0.024152087989640518,0.00017261345057288928,0.00017261345057288928,0.00015390851746500603
6,0.3,224,0.024224519027247208,0.00017146067577402418,0.00017146067577402418,0.00015802119810757068
6,0.3,225,0.024104302104599087,0.00017189478075228028,0.00017189478075228028,0.00015896652629679222
6,0.3,226,0.024155456401067664,0.00018134025243887985,0.00018134025243887988,0.00015995221810804428
6,0.3,227,0.024338482198172102,0.00016194011657854907,0.00016194011657854907,0.00015942447135344317
6,0.3,228,0.024305143917844184,0.00016305434595255544,0.00016305434595255544,0.00015509235136449068
6,0.3,229,0.024284724309112892,0.00017893738142612473,0.0001789373814261247,0.0001519269924889512
6,0.3,230,0.024317670444250403,0.00014887648386662118,0.00013791204879889146,0.00014887648386662118
6,0.3,231,0.024162710657197474,0.00020689640165796647,0.00020689640165796647,0.00015372817912902878
6,0.3,232,0.024293679053767774,0.00019556254552033998,0.00019556254552033998,0.00015307860281084048
6,0.3,233,0.024161485725616067,0.00020993597202043386,0.00020993597202043386,0.00015676662691429643
6,0.3,234,0.02422741664907107,0.00021071296099452395,0.00021071296099452395,0.00015252054221778205
6,0.3,235,0.024332788886144995,0.00021000654261531585,0.00021000654261531585,0.0001525356085745938
6,0.3,236,0.02443241383511422,0.00017838378668854919,0.00017838378668854919,0.00014702773932795442
6,0.3,237,0.02437477728632497,0.00017322436642728506,0.00017322436642728506,0.0001489200589769188
6,0.3,238,0.02439426651302197,0.0001959536324802596,0.0001959536324802596,0.00014825732149007008
6,0.3,239,0.024341838658867777,0.00015339511297875755,0.00015339511297875758,0.0001478461170353733
6,0.3,240,0.024322123753001197,0.0001553712369773734,0.0001553712369773734,0.0001454282547269712
6,0.3,241,0.024465458247614515,0.0001560940451759593,0.0001519339133957558,0.0001560940451759593
6,0.3,242,0.024377227673647143,0.0001540378122330395,0.00015004976101835264,0.0001540378122330395
6,0.3,243,0.024179748760450905,0.0001580075465639114,0.00015800754656391137,0.0001519000151157989
6,0.3,244,0.024173708285870534,0.00017304065951106347,0.00017304065951106347,0.00014552640487043068
6,0.3,245,0.02424897717667928,0.00017034410961551494,0.00017034410961551494,0.000147049910520762
6,0.3,246,0.024281364992163667,0.00015652466768821172,0.00015652466768821172,0.00015098355620720737
6,0.3,247,0.02440380077651314,0.00016968014275282954,0.00016968014275282954,0.00015305616509578453
6,0.3,248,0.02441874861032544,0.0001898358498319852,0.0001898358498319852,0.00015346746734000444
6,0.3,249,0.024452071800686002,0.00017493393745708575,0.00017493393745708575,0.0001567148273682593
6,0.3,250,0.02457937801150247,0.00019904601449027734,0.00019904601449027734,0.00015036493686184564
6,0.3,251,0.02456421077362443,0.00019838964788487174,0.00019838964788487172,0.00015285675471675926
6,0.3,252,0.024383151036237633,0.00017773815166594959,0.00017773815166594956,0.00015381977167012854
6,0.3,253,0.02423872525053983,0.00015935212980961792,0.0001536164896481357,0.00015935212980961792
6,0.3,254,0.024361501765175864,0.00015569064663714172,0.0001446490811646813,0.00015569064663714172
6,0.3,255,0.02435875296392142,0.0001584529953620593,0.00015845299536205933,0.00015344868188397467
6,0.3,256,0.024243431722244777,0.00017688218288554696,0.000176882182885547,0.00015344207658607223
6,0.3,257,0.02422232788296208,0.00017679452736399668,0.00017679452736399668,0.00015207903289120395
6,0.3,258,0.024210953830445334,0.00017573494594775349,0.00017573494594775349,0.00015109208235053698
6,0.3,259,0.0242604608617683,0.0001659818439154407,0.0001659818439154407,0.0001554774114311256
6,0.3,260,0.02410172972737184,0.0001751057129452983,0.0001751057129452983,0.00015237677087504486
6,0.3,261,0.0240604692752042,0.00015624015530388177,0.0001562401553038818,0.00014703536162985494
6,0.3,262,0.024208230616134484,0.00017373949516548233,0.0001737394951654823,0.00015524515268645604
6,0.3,263,0.024350574688376935,0.00022718767064205494,0.00022718767064205494,0.00016163807526155773
6,0.3,264,0.024208726528055516,0.00024246164580183984,0.00024246164580183984,0.00015941550082224147
6,0.3,265,0.024307505783962405,0.00018005991983377644,0.0001800599198337764,0.0001579484816662791
6,0.3,266,0.02445947178055757,0.00015955018906984607,0.00015070177753726872,0.00015955018906984607
6,0.3,267,0.024484024715099563,0.0001573387040908297,0.00014375770030937492,0.0001573387040908297
6,0.3,268,0.024483441252479986,0.00015429622454334816,0.00013089364680927883,0.00015429622454334816
6,0.3,269,0.02446314030626269,0.00015363024030072062,0.00013829552190826747,0.00015363024030072062
6,0.3,270,0.024501843089243785,0.00016208799411269315,0.00016208799411269315,0.0001531195125822355
6,0.3,271,0.024463028329809896,0.00015876329131290256,0.00015876329131290254,0.00015160498140872526
6,0.3,272,0.024374102101185888,0.00018778459111643765,0.00018778459111643762,0.0001562673601406024
6,0.3,273,0.024419361152343912,0.00016215150149496396,0.00016215150149496396,0.00015863350985121348
6,0.3,274,0.02433435708012049,0.00015900895768127392,0.00015110558385038702,0.00015900895768127392
6,0.3,275,0.02433188511798879,0.0001858730586897296,0.0001858730586897296,0.00015659043780968699
6,0.3,276,0.024233692904657253,0.00016600728903701437,0.00016600728903701437,0.00015280824779521923
6,0.3,277,0.02417944879290148,0.0001760774666818609,0.00017607746668186087,0.0001518886257257671
6,0.3,278,0.024438424794932082,0.00019068732578624148,0.0001906873257862415,0.00015396723065032658
6,0.3,279,0.024440302611930302,0.0001890814773265833,0.0001890814773265833,0.00015619819884993215
6,0.3,280,0.02456144381195343,0.000174647545584622,0.000174647545584622,0.0001558133986533901
6,0.3,281,0.02425092596130239,0.00017717359977615756,0.00017717359977615754,0.00015485423493840188
6,0.3,282,0.024316355412150645,0.0001558130076294463,0.0001454483072272504,0.0001558130076294463
6,0.3,283,0.02431490551846884,0.00014884731142569181,0.00012357869992210712,0.00014884731142569181
6,0.3,284,0.02429147058275798,0.00015048723201348995,0.00015048723201348995,0.00014885318324792013
6,0.3,285,0.02428148267009511,0.00014866289006772645,0.0001431588025588411,0.00014866289006772645
6,0.3,286,0.024209501961021746,0.00014841012882925312,0.00014270988679729112,0.00014841012882925312
6,0.3,287,0.02418904807635921,0.00015107713100521712,0.0001463612755865755,0.00015107713100521712
6,0.3,288,0.024300564570937322,0.00015470920863501652,0.00015470920863501652,0.00015316605803932442
6,0.3,289,0.02416367358253478,0.0001694778532610891,0.0001694778532610891,0.00015095228136246402
6,0.3,290,0.0240207437308846,0.00016317380897507632,0.00016317380897507632,0.00015141018602906145
6,0.3,291,0.024001735345712212,0.00016985001685306382,0.00016985001685306382,0.00014868796682114183
6,0.3,292,0.0242151653231777,0.00021238170040755838,0.00021238170040755835,0.0001483632178395139
6,0.3,293,0.0244406517199895,0.00019487173905597888,0.00019487173905597888,0.00014980030250411907
6,0.3,294,0.02434123240173414,0.0001953197887488596,0.0001953197887488596,0.00014485444510562793
6,0.3,295,0.024450949088248058,0.00014682110275229064,0.00014372514573614392,0.00014682110275229064
6,0.3,296,0.024545079090158534,0.00015483290733705966,0.0001508641796911018,0.00015483290733705966
6,0.3,297,0.024398819361905178,0.00016441344597687237,0.00016441344597687237,0.000150704354175218
6,0.3,298,0.024341527319596774,0.00019550577353950375,0.00019550577353950378,0.0001477881638494597
6,0.3,299,0.02436952706525548,0.00017884100803805265,0.00017884100803805262,0.00015426874490698085
6,0.3,300,0.02448324533806869,0.00019689220515414104,0.00019689220515414101,0.00015576568686038957
6,0.3,301,0.02458730373659407,0.00016520937198757368,0.00016520937198757368,0.0001550277353878678
6,0.3,302,0.02445025160302317,0.00017918585271043598,0.00017918585271043595,0.0001599562327475908
6,0.3,303,0.024263136740909203,0.00019349922548478853,0.00019349922548478855,0.00015601644538306992
6,0.3,304,0.02428181125276171,0.0002356321010764224,0.0002356321010764224,0.00014556400661925171
6,0.3,305,0.024284529445626733,0.00023167693748167627,0.0002316769374816763,0.00014787511971780192
6,0.3,306,0.024286071659010148,0.0002349191413061146,0.0002349191413061146,0.00015065189595807563
6,0.3,307,0.024351333387881032,0.0001967412077805972,0.0001967412077805972,0.00015216354269060033
6,0.3,308,0.02431571552138976,0.00016492918147042226,0.00016492918147042229,0.0001548666224432929
6,0.3,309,0.024480928148171325,0.0001814985778530067,0.0001814985778530067,0.00016036081210402112
6,0.3,310,0.024505621880577436,0.00019181000575225056,0.00019181000575225059,0.0001595604677193218
6,0.3,311,0.024352924853826376,0.0001704903172723846,0.00017049031727238458,0.00016156798017403186
6,0.3,312,0.024357909351976067,0.00018722615548981422,0.00018722615548981425,0.00016407612906202138
6,0.3,313,0.024327535988767243,0.0001752970766059308,0.0001752970766059308,0.0001586679980215356
6,0.3,314,0.0244348695622194,0.00017507345045685087,0.00017507345045685087,0.00016052159409154286
6,0.3,315,0.024332943210002254,0.00017442882796015813,0.00017442882796015813,0.00015914394622047
6,0.3,316,0.0244026190033383,0.00016206091354334655,0.0001605699315097775,0.00016206091354334655
6,0.3,317,0.024129925643157354,0.00016534020503242914,0.00016534020503242914,0.0001559676271804836
6,0.3,318,0.024341604548031373,0.00018169130121751503,0.000181691301217515,0.00015658243638710562
6,0.3,319,0.02459918727274031,0.00018585103323891982,0.0001858510332389198,0.00015618948234636973
6,0.3,320,0.024599586536577414,0.00017180316677699843,0.00017180316677699843,0.0001570123048479903
6,0.3,321,0.024634792195418826,0.0001637727674323072,0.00013614083798204804,0.0001637727674323072
6,0.3,322,0.024737647305987678,0.00017905905972098903,0.00017905905972098903,0.00017118319262788542
6,0.3,323,0.024814385540110916,0.00019629169604613357,0.0001962916960461336,0.00016678309671179205
6,0.3,324,0.024719624141146392,0.00019362062380705872,0.00019362062380705875,0.00016834842885160375
6,0.3,325,0.02464822164246676,0.0001803105029830719,0.0001803105029830719,0.00016195620419998764
6,0.3,326,0.024721713154539172,0.00022263552566974593,0.0002226355256697459,0.00015841601939608785
6,0.3,327,0.024769947579385464,0.00023847388140992563,0.00023847388140992563,0.00016760812662954517
6,0.3,328,0.024702728064243687,0.00021115725850503523,0.00021115725850503523,0.00016216900182843764
6,0.3,329,0.02465036350816594,0.00021800268923411733,0.0002180026892341173,0.0001587005431263407
6,0.3,330,0.02468942933985014,0.00019724434119585107,0.0001972443411958511,0.00015481660886609513
6,0.3,331,0.024704490675707794,0.00020355588424496472,0.00020355588424496475,0.0001610147375102588
6,0.3,332,0.024645207198939378,0.00025141679115221337,0.00025141679115221337,0.00016232620827516726
6,0.3,333,0.02455774903094974,0.00021765804671354454,0.00021765804671354454,0.00015700040200190168
6,0.3,334,0.024567313631578474,0.00017754301980062685,0.00017754301980062688,0.00015887099495607502
6,0.3,335,0.024418223598078697,0.0001536183766313105,0.00014393519964861856,0.0001536183766313105
6,0.3,336,0.024527796048574222,0.00018225204639919865,0.00018225204639919865,0.00015182816665636737
6,0.3,337,0.02440837574284368,0.00018494612974631134,0.00018494612974631134,0.00015052248679995876
6,0.3,338,0.024307692556262913,0.0001691374160025384,0.0001691374160025384,0.00015836103313408663
6,0.3,339,0.02432742789530939,0.00015687136002204036,0.00014947252922959357,0.00015687136002204036
6,0.3,340,0.02423604620167494,0.0001718305556604376,0.00017183055566043757,0.00015485082566023514
6,0.3,341,0.02431391166140185,0.00015418418928852209,0.0001467677723702235,0.00015418418928852209
6,0.3,342,0.024253025804335814,0.00017755981288287544,0.00017755981288287542,0.00015095863773832507
6,0.3,343,0.02442218426511911,0.00020570459908871288,0.0002057045990887129,0.00015210204862446618
6,0.3,344,0.024340084147548555,0.0001641990649333416,0.00016419906493334157,0.00015191293600677367
6,0.3,345,0.02452653854908863,0.00018901892749746517,0.00018901892749746517,0.00015550487617565614
6,0.3,346,0.024302675983488724,0.0001980935600470172,0.0001980935600470172,0.00015369487699756044
6,0.3,347,0.02426041719568286,0.00018428346531556167,0.0001842834653155617,0.00015562482966166092
6,0.3,348,0.024262800966360222,0.00015321969141813,0.0001510110379382045,0.00015321969141813
6,0.3,349,0.024574464932006043,0.00018677684664947472,0.00018677684664947472,0.00015588641498832906
6,0.3,350,0.024567185789667177,0.00019857629991590264,0.0001985762999159026,0.00015988357529719916
6,0.3,351,0.024510321539070547,0.00020858173068329948,0.00020858173068329948,0.00016677858370761362
6,0.3,352,0.024572949906705863,0.00023820837815911812,0.00023820837815911815,0.00016575194990071012
6,0.3,353,0.024415954913998245,0.00021659315386791069,0.00021659315386791069,0.00016142534705549397
6,0.3,354,0.024384922084903945,0.00019016095282221756,0.00019016095282221754,0.00015870768192305794
6,0.3,355,0.024515303242282318,0.00016809237689524744,0.00016809237689524744,0.0001545497421386515
6,0.3,356,0.024466198832764803,0.00016281647780444798,0.0001358352423916182,0.00016281647780444798
6,0.3,357,0.024497732094253623,0.00017390063262313085,0.00017390063262313085,0.00015983660144993617
6,0.3,358,0.02460393024401564,0.00016739603367159358,0.00016739603367159358,0.00015401609225491105
6,0.3,359,0.024579715049688637,0.0001665330921074578,0.0001665330921074578,0.00015936499778480975
6,0.3,360,0.02440356127591605,0.00015819409571201146,0.0001529457576462877,0.00015819409571201146
6,0.3,361,0.024366215333930012,0.00015148696899685562,0.0001427179774031073,0.00015148696899685562
6,0.3,362,0.02443314441983554,0.0001686970235145427,0.00016869702351454268,0.00015154297216698941
6,0.3,363,0.024407459531663383,0.00017022073396205078,0.00017022073396205076,0.0001569375658460379
6,0.3,364,0.02441178751970375,0.00018475774254261658,0.0001847577425426166,0.0001544884680414992
6,0.3,365,0.024397711302603674,0.000211985574705457,0.00021198557470545698,0.0001566653302290114
6,0.3,366,0.0243877233577663,0.00021340458095951277,0.00021340458095951275,0.00015063771746503643
6,0.3,367,0.02444868141923711,0.00018094899240934977,0.00018094899240934974,0.00015545749349416918
6,0.3,368,0.0245461189597385,0.0001589384199262627,0.00015430828148614342,0.0001589384199262627
6,0.3,369,0.024742410951008802,0.00016486912276055579,0.00016486912276055579,0.0001636014983233386
6,0.3,370,0.024582332607829042,0.00016594919763357813,0.0001352860767983561,0.00016594919763357813
6,0.3,371,0.024464155312592197,0.00016475271864018555,0.0001498456924587922,0.00016475271864018555
6,0.3,372,0.0245396729960661,0.0001594103525432167,0.0001330200761069029,0.0001594103525432167
6,0.3,373,0.024365366538091262,0.00019623768102630128,0.00019623768102630128,0.00016115064870922502
6,0.3,374,0.024279449329763256,0.00018951492128954989,0.00018951492128954986,0.00014989394149494639
6,0.3,375,0.024322822742406842,0.00016517053168997668,0.00016517053168997668,0.00015577450200510528
6,0.3,376,0.024162370097639344,0.000169687162065681,0.000169687162065681,0.0001524648358249834
6,0.3,377,0.02429408833777648,0.00017178524498420085,0.00017178524498420082,0.00014939141287320643
6,0.3,378,0.02424711949365117,0.00017780142268245019,0.00017780142268245019,0.00015195406587171034
6,0.3,379,0.024349561322196265,0.00015820595855220944,0.00015820595855220944,0.00015265815143325885
6,0.3,380,0.02431110406575269,0.00018385774879552046,0.00018385774879552043,0.00015010571792195416
6,0.3,381,0.02450925271818438,0.00017597873618480295,0.00017597873618480295,0.0001511698853675585
6,0.3,382,0.024514274212704478,0.00019766409526251303,0.00019766409526251303,0.0001521535333845033
6,0.3,383,0.024240405230491157,0.00018175890038141246,0.00018175890038141246,0.0001549513770249135
6,0.3,384,0.024242044936776133,0.00019440685144695,0.00019440685144694997,0.0001552868368641954
6,0.3,385,0.02458624853711531,0.00020412850608006873,0.00020412850608006876,0.0001567800611560899
6,0.3,386,0.024443297165690315,0.00018854814621341133,0.00018854814621341133,0.00015152987549367904
6,0.3,387,0.024428395274057636,0.00018756173151161215,0.00018756173151161218,0.00015277103017354322
6,0.3,388,0.024452972322741195,0.0001832182007238946,0.00018321820072389458,0.000152989229933679
6,0.3,389,0.024367999235172078,0.00019142391068538434,0.00019142391068538436,0.0001583385504143151
6,0.3,390,0.024244142729641097,0.00015559765968884277,0.00014669396854178157,0.00015559765968884277
6,0.3,391,0.02428801373128582,0.000166654655596584,0.000166654655596584,0.00015994286663426635
6,0.3,392,0.02436210477295751,0.0001705113708687867,0.0001705113708687867,0.00016216509030783036
6,0.3,393,0.024446347960435225,0.00016338185541102512,0.0001573308559433252,0.00016338185541102512
6,0.3,394,0.024218505277455404,0.00015894378864652665,0.00013661988022102006,0.00015894378864652665
6,0.3,395,0.024296933354181652,0.00016034365180366775,0.0001363147070037441,0.00016034365180366775
6,0.3,396,0.024296558057834663,0.00017298638383278996,0.00017298638383278996,0.00015169960473460068
6,0.3,397,0.02413208328476468,0.00018902613178822797,0.00018902613178822794,0.0001540754838047293
6,0.3,398,0.024207087322008897,0.00016926470694109212,0.00016926470694109212,0.00015499006660401552
6,0.3,399,0.024424117545797992,0.0001775265866958227,0.0001775265866958227,0.00015573901962277542
6,0.3,400,0.02440051405353793,0.00016509385217251634,0.0001650938521725163,0.00015965696648494938
6,0.3,401,0.024502851083666583,0.00016691624325984556,0.00016691624325984556,0.0001572086144279443
6,0.3,402,0.024537067611387787,0.00020593956237486408,0.00020593956237486405,0.0001604987649855639
6,0.3,403,0.02463645519599078,0.00017574636173713553,0.00017574636173713556,0.0001625342167438887
6,0.3,404,0.024594398140038675,0.00017010395128543425,0.00017010395128543425,0.00016207886657984753
6,0.3,405,0.024509399134001568,0.00019597763993611436,0.00019597763993611436,0.00016092915199908623
6,0.3,406,0.024576973151133174,0.00019078244183051617,0.00019078244183051617,0.00016126542714832245
6,0.3,407,0.024633109860281898,0.00021383880317087716,0.00021383880317087716,0.00016229349689468294
6,0.3,408,0.024586059008517534,0.00015981197827520349,0.00015833970135437802,0.00015981197827520349
6,0.3,409,0.024510429612222762,0.00018429072698863667,0.00018429072698863667,0.00015748695487001325
6,0.3,410,0.024547133292702684,0.00019053119143536682,0.00019053119143536682,0.00015681118399233734
6,0.3,411,0.02453308311754312,0.0001976171553450447,0.0001976171553450447,0.00015853631043988428
6,0.3,412,0.024405083703330485,0.0002297983093393683,0.0002297983093393683,0.00015530682170116292
6,0.3,413,0.02449782813985447,0.00018713849156539385,0.00018713849156539385,0.00015327610170465909
6,0.3,414,0.02456692355174216,0.00019539640554653957,0.00019539640554653957,0.00015407066597730148
6,0.3,415,0.024589888781437124,0.0001977059390387208,0.0001977059390387208,0.00015589053421549118
6,0.3,416,0.024422542811124454,0.00019763904810033214,0.00019763904810033214,0.00015153700620105885
6,0.3,417,0.024466728331711554,0.0001755947483522847,0.0001755947483522847,0.00015190035262380817
6,0.3,418,0.024459174081471545,0.00019892808299359598,0.00019892808299359598,0.00015619352642941918
6,0.3,419,0.024559350907681042,0.000202084850240924,0.00020208485024092402,0.00015986563080911672
6,0.3,420,0.024401281903029915,0.00015354968036825273,0.0001504967446956614,0.00015354968036825273
6,0.3,421,0.024392387150510016,0.00016006963262121224,0.00016006963262121224,0.00015093173301794786
6,0.3,422,0.02446747522942335,0.00016002561557321778,0.00015987233180132947,0.00016002561557321778
6,0.3,423,0.024439716295314193,0.00020309093596120197,0.00020309093596120197,0.00015715250805506699
6,0.3,424,0.024325983640557693,0.00019940339344428834,0.00019940339344428834,0.0001606835937552666
6,0.3,425,0.024372357289465282,0.00020111240841586453,0.00020111240841586453,0.00015076361599712074
6,0.3,426,0.02429736927291559,0.00022192571178013954,0.0002219257117801395,0.00015191398465270257
6,0.3,427,0.024398846317154717,0.0002104895681906268,0.00021048956819062683,0.00014636408047809355
6,0.3,428,0.024550503300607863,0.00018363319422010625,0.00018363319422010622,0.00014726121475455248
6,0.3,429,0.02439384271885705,0.00016092345311193094,0.00016092345311193094,0.00015455545635577472
6,0.3,430,0.02443363701264609,0.0001575612898309597,0.00014432429523192488,0.0001575612898309597
6,0.3,431,0.0244090917344784,0.00019231008296074055,0.00019231008296074055,0.00015762830888859248
6,0.3,432,0.024402955252001177,0.00016472471379906577,0.00016472471379906574,0.00015656426995819595
6,0.3,433,0.024301861956517432,0.00015742305271205614,0.00015731926273723245,0.00015742305271205614
6,0.3,434,0.02431613352939798,0.00015617651805708018,0.0001551228865682342,0.00015617651805708018
6,0.3,435,0.02413438765205247,0.0001577406513975169,0.00014765741320888224,0.0001577406513975169
6,0.3,436,0.02413067558384268,0.00015997437949901165,0.00015997437949901165,0.00015050511521533117
6,0.3,437,0.024059423865306732,0.0001823797711488462,0.0001823797711488462,0.0001546333202684172
6,0.3,438,0.02412476163447162,0.00016684162528086784,0.00016684162528086787,0.00015567830976858765
6,0.3,439,0.0241452121206605,0.0001653135120168313,0.0001653135120168313,0.00015222459819541593
6,0.3,440,0.024177509120054716,0.000171633087710541,0.000171633087710541,0.00014906647997660674
6,0.3,441,0.024284601039286625,0.00017842601198946582,0.00017842601198946582,0.00015536534926869632
6,0.3,442,0.02433419040546195,0.00019549089021498722,0.00019549089021498722,0.00015553277646641143
6,0.3,443,0.02420541434039352,0.0001574958042018741,0.00014360818671375547,0.0001574958042018741
6,0.3,444,0.02413225358331711,0.0001618743885285245,0.00013406766068273584,0.0001618743885285245
6,0.3,445,0.024248623471529656,0.00016121405153085385,0.00013597618406860953,0.00016121405153085385
6,0.3,446,0.024278957533224368,0.00015627882757330444,0.0001526518891714493,0.00015627882757330444
6,0.3,447,0.02413470856030896,0.00015225090849484027,0.00013840487696520522,0.00015225090849484027
6,0.3,448,0.02421783386822129,0.000154816454994147,0.00013295275429883987,0.000154816454994147
6,0.3,449,0.024330276273044692,0.0001554617491749175,0.0001352545056597368,0.0001554617491749175
6,0.3,450,0.024127136912441092,0.00015926284976874386,0.0001592628497687439,0.0001514469063405215
6,0.3,451,0.024313272430820473,0.00015620638027636784,0.00014289839469361986,0.00015620638027636784
6,0.3,452,0.024213911678625463,0.00015161370661069418,0.00013668359941659486,0.00015161370661069418
6,0.3,453,0.02431015809099073,0.00014634943450600704,0.00012236592765924522,0.00014634943450600704
6,0.3,454,0.024300850956627335,0.0001589325616556842,0.0001589325616556842,0.00014933637360096282
6,0.3,455,0.0242500280742018,0.0001576024426524081,0.0001576024426524081,0.00014708800031943713
6,0.3,456,0.024248103940433186,0.00019215486608455468,0.00019215486608455468,0.00014811474167134172
6,0.3,457,0.0243503051434605,0.00021779890020440457,0.0002177989002044046,0.00014731565181942634
6,0.3,458,0.024123035068824916,0.00020144638056772358,0.00020144638056772358,0.00014498450847500184
6,0.3,459,0.024086833772736793,0.00020948181608755885,0.00020948181608755883,0.00014762062256583187
6,0.3,460,0.024341694407575217,0.00021940450673823409,0.00021940450673823409,0.0001529941024611184
6,0.3,461,0.024197328199822583,0.00020761579037847051,0.00020761579037847051,0.00015366606524561414
6,0.3,462,0.024002094513919554,0.00017966101360843243,0.0001796610136084324,0.00014938646619431207
6,0.3,463,0.02415861951598157,0.00019552225420806847,0.0001955222542080685,0.0001518263613431919
6,0.3,464,0.024298946777990254,0.0001991914127151746,0.0001991914127151746,0.00015296400312629524
6,0.3,465,0.02420390116546645,0.0001753666737148092,0.0001753666737148092,0.0001528427390187239
6,0.3,466,0.024166087154284515,0.00015728688172087678,0.00015728688172087678,0.00015438273357966408
6,0.3,467,0.024215638885346297,0.00016053636449051028,0.00016053636449051028,0.00015781507199439293
6,0.3,468,0.024365197552635456,0.00016272036856177107,0.00015335421106202397,0.00016272036856177107
6,0.3,469,0.02428227847619906,0.00015945112322339673,0.00015945112322339673,0.00014990795266898058
6,0.3,470,0.02426837265928333,0.00017446873600072312,0.00017446873600072312,0.00015138674205518617
6,0.3,471,0.024245511577286067,0.00017769078431747331,0.00017769078431747331,0.00015711333623622854
6,0.3,472,0.024282409517760693,0.0001750933357292292,0.0001750933357292292,0.00016046176909116899
6,0.3,473,0.024314906094556905,0.00016556277465072677,0.0001655627746507268,0.00015402423877971052
6,0.3,474,0.024417895868136846,0.00015791193165506839,0.0001503104040309334,0.00015791193165506839
6,0.3,475,0.024394608929101603,0.0001553406634479806,0.0001431427316845865,0.0001553406634479806
6,0.3,476,0.024462684889940915,0.00016457408003628447,0.00016457408003628447,0.0001577349941057249
6,0.3,477,0.02439622826017206,0.00015395887189590337,0.00014816666389896806,0.00015395887189590337
6,0.3,478,0.024478995146265007,0.00015715812402579808,0.0001440779099083165,0.00015715812402579808
6,0.3,479,0.024275267670626155,0.0001648675950033287,0.0001648675950033287,0.0001536318252012374
6,0.3,480,0.024240719439734337,0.00015861611174767612,0.00015275705345389336,0.00015861611174767612
6,0.3,481,0.024391724197368517,0.00015708651134007629,0.00015708651134007629,0.0001535924117426848
6,0.3,482,0.024459442060284074,0.0001523451966558552,0.0001452729792135994,0.0001523451966558552
6,0.3,483,0.02420111313886037,0.00014744637934912158,0.0001394639436468103,0.00014744637934912158
6,0.3,484,0.024128949997997456,0.00014378516316219673,0.0001344361943525784,0.00014378516316219673
6,0.3,485,0.024181612628141343,0.00019472256267929504,0.00019472256267929507,0.00014044200153297712
6,0.3,486,0.024276690777443252,0.00019354644614105634,0.00019354644614105634,0.00014627285164260366
6,0.3,487,0.02416524176889719,0.00016825622850512447,0.00016825622850512445,0.00014824662099214027
6,0.3,488,0.024443156216265763,0.00020583729157036345,0.00020583729157036345,0.000153223245879488
6,0.3,489,0.024500696221308887,0.00021581731753715,0.00021581731753714996,0.00014888576097502192
6,0.3,490,0.024508572054874136,0.00021620686002421895,0.00021620686002421895,0.0001534997959370051
6,0.3,491,0.024539750625443054,0.00019494429958764634,0.00019494429958764634,0.00014968094586106866
6,0.3,492,0.0244467035256775,0.00019132638981938596,0.00019132638981938594,0.00015091592158141367
6,0.3,493,0.024546380275899837,0.00015608666722708461,0.00014730366722740543,0.00015608666722708461
6,0.3,494,0.024502989516304065,0.00018101540540639923,0.00018101540540639926,0.0001607091248663869
6,0.3,495,0.024440534690788853,0.0001670840814832043,0.0001670840814832043,0.0001645235418605845
6,0.3,496,0.024291164562846516,0.00016220080259052172,0.00016220080259052172,0.0001596423268436444
6,0.3,497,0.02430780037400254,0.00016423549839424752,0.00016423549839424752,0.00015786374511517792
6,0.3,498,0.024334062971323085,0.00020772880175181616,0.00020772880175181613,0.00015896885803719075
6,0.3,499,0.024529795089490387,0.00021433426052220282,0.00021433426052220282,0.00015063188376104932
6,0.3,500,0.024587833006283574,0.00016457587863851622,0.00016457587863851622,0.00015689113535583934
6,0.4,0,0.08276369109163571,0.0003005333801554561,0.00030053338015545607,0.00024586219120545307
6,0.4,1,0.05071414175432879,0.00025444198394404115,0.0002313115550101336,0.00025444198394404115
6,0.4,2,0.0383858195157885,0.00022725050821408152,0.00018839348359506143,0.00022725050821408152
6,0.4,3,0.03241030040634903,0.00020787283612807184,0.00016699201608692975,0.00020787283612807184
6,0.4,4,0.029216420880757994,0.00020336291204423067,0.00020336291204423067,0.00018746037089996414
6,0.4,5,0.027261933119549015,0.00019245481927837913,0.00019245481927837916,0.00017821420707539454
6,0.4,6,0.025963024206608606,0.0002035964418250161,0.0002035964418250161,0.00017169971968981584
6,0.4,7,0.024931878155315227,0.00018393608396491428,0.00018393608396491428,0.00015918704166371168
6,0.4,8,0.024580591216085333,0.00017967408231536736,0.00017967408231536736,0.00015886148176258978
6,0.4,9,0.024412694380626983,0.00015628167317134533,0.00014720727711848105,0.00015628167317134533
6,0.4,10,0.02392048796074847,0.0001489475436801349,0.00014294232190224413,0.0001489475436801349
6,0.4,11,0.02373697172853849,0.00014641483385572295,0.00013434488204049408,0.00014641483385572295
6,0.4,12,0.023844564565854945,0.00014922262816730115,0.00012157121011851528,0.00014922262816730115
6,0.4,13,0.023802439627539012,0.00014788286329116228,0.00014788286329116228,0.00014593949986459092
6,0.4,14,0.023579044831529908,0.00014543545423768427,0.00011736188569328478,0.00014543545423768427
6,0.4,15,0.02354946568379361,0.0001431298730553654,0.00013180995488430746,0.0001431298730553654
6,0.4,16,0.023364372844764256,0.00015960753827690482,0.0001596075382769048,0.0001427056517553087
6,0.4,17,0.023319316727332964,0.0001542988044895915,0.0001542988044895915,0.0001445582678320383
6,0.4,18,0.023235865987453478,0.00014295929237249247,0.00014091523880966215,0.00014295929237249247
6,0.4,19,0.023307648046280702,0.00015631436827429995,0.00015631436827429995,0.00014095758201436784
6,0.4,20,0.023419422624875057,0.00017421642088379848,0.00017421642088379848,0.0001403601017935926
6,0.4,21,0.023382053978421493,0.00015406393553382664,0.00015406393553382664,0.0001382805664187863
6,0.4,22,0.023243217917188662,0.00016101488673136643,0.00016101488673136643,0.00013947573648550823
6,0.4,23,0.023257072234868625,0.00014206960998301005,0.0001270544315386502,0.00014206960998301005
6,0.4,24,0.023347939496489976,0.00015997909778681167,0.00015997909778681167,0.00013975621643565024
6,0.4,25,0.02320672774664733,0.0001697136111112191,0.00016971361111121913,0.00014045614566298475
6,0.4,26,0.023156417871910594,0.0001405047356810821,0.00012172013503946279,0.0001405047356810821
6,0.4,27,0.023185527273780253,0.00014038892240917473,0.0001390723881173846,0.00014038892240917473
6,0.4,28,0.02335907316733487,0.0001672004644308883,0.00016720046443088833,0.0001349753357512892
6,0.4,29,0.023266587344912812,0.00014028299132564802,0.00014028299132564802,0.0001358684695638109
6,0.4,30,0.023031255431029827,0.0001488168617472692,0.0001488168617472692,0.00013068781094798237
6,0.4,31,0.02336464559382848,0.0001526294806333822,0.00015262948063338218,0.00013845019404174811
6,0.4,32,0.023242822864644293,0.00015297717153010145,0.00015297717153010142,0.0001396183100894726
6,0.4,33,0.023407689187323655,0.00014150210850505274,0.00013326623153860222,0.00014150210850505274
6,0.4,34,0.02330051523905866,0.00014533320058827495,0.0001352582543077239,0.00014533320058827495
6,0.4,35,0.02335312895561903,0.00014931555678672,0.00014136171332688427,0.00014931555678672
6,0.4,36,0.02341426651748561,0.0001463899739057666,0.00014164126716011827,0.0001463899739057666
6,0.4,37,0.02354864073862707,0.0001464176463163967,0.00012664718141421045,0.0001464176463163967
6,0.4,38,0.023441001911331395,0.0001458561956433865,0.0001458561956433865,0.0001361142020899341
6,0.4,39,0.02330850291207786,0.00019682595775013362,0.00019682595775013365,0.0001424155867457631
6,0.4,40,0.023420996989314144,0.0001407586506216419,0.0001391390654994687,0.0001407586506216419
6,0.4,41,0.023133551475300093,0.00014785244060190147,0.00014785244060190147,0.00013838356190241677
6,0.4,42,0.0232689789879793,0.00017037972348659026,0.00017037972348659026,0.00013115808617865637
6,0.4,43,0.02329848679577954,0.00018097270773132282,0.00018097270773132282,0.0001337456075843308
6,0.4,44,0.0235324001593915,0.00017139818478338446,0.0001713981847833845,0.0001405979977231128
6,0.4,45,0.02337598725763235,0.000141244601553372,0.00012585543345582358,0.000141244601553372
6,0.4,46,0.02326468635861304,0.00013960478737700177,0.00011525907828477604,0.00013960478737700177
6,0.4,47,0.023320630289683335,0.00013879248624787676,0.00013145378440028473,0.00013879248624787676
6,0.4,48,0.023462699634942512,0.0001444439689224651,0.0001284667201297148,0.0001444439689224651
6,0.4,49,0.023512383838915026,0.00015832708397243097,0.00015832708397243097,0.00014150030281902338
6,0.4,50,0.023328570103788162,0.00016897992193203582,0.00016897992193203585,0.00013846115928798112
6,0.4,51,0.023420894274299046,0.0001750725461245281,0.0001750725461245281,0.000146959290382276
6,0.4,52,0.02342146493764273,0.00014283909416407258,0.000139422481081835,0.00014283909416407258
6,0.4,53,0.023414173068536385,0.00014498928215331194,0.00014498928215331194,0.0001361621049336084
6,0.4,54,0.023434894881552107,0.00017437275596035983,0.00017437275596035983,0.00013376894267954148
6,0.4,55,0.023478462164567424,0.00016936759323191302,0.00016936759323191302,0.00013871318074110158
6,0.4,56,0.023445238116398266,0.00014484010736173127,0.00014484010736173127,0.00013916015563432565
6,0.4,57,0.023368604135531088,0.00014596256637203745,0.00014596256637203745,0.00014525753383050447
6,0.4,58,0.023497032053780904,0.00014159478225883365,0.0001328343598294428,0.00014159478225883365
6,0.4,59,0.02353418373352522,0.0001763176302859643,0.0001763176302859643,0.00014249588951589386
6,0.4,60,0.02348704489283388,0.00017202270787848895,0.00017202270787848895,0.00014543009583310344
6,0.4,61,0.023467629766714404,0.00014790902802599783,0.00014670508443733238,0.00014790902802599783
6,0.4,62,0.023481531766120462,0.00014568521988303973,0.00013994979441923195,0.00014568521988303973
6,0.4,63,0.023376171622923138,0.00016247000976392766,0.00016247000976392763,0.00013908576912611363
6,0.4,64,0.023420563790950862,0.00015096588666340286,0.00015096588666340286,0.00014797831975044785
6,0.4,65,0.023509944126941937,0.0001846152848640153,0.0001846152848640153,0.00014820709929724144
6,0.4,66,0.023482700001450522,0.00016883980533915214,0.00016883980533915214,0.00014631685525494929
6,0.4,67,0.023469775028034934,0.00017174920853170404,0.00017174920853170404,0.00014264135883322433
6,0.4,68,0.023360997739274535,0.0001540042656879993,0.00015400426568799928,0.00014144171209932738
6,0.4,69,0.023610218270000937,0.00016451621150410676,0.00016451621150410676,0.00013991031709109032
6,0.4,70,0.023529592629915507,0.00014205808860321063,0.00011655610834575485,0.00014205808860321063
6,0.4,71,0.023440126022328332,0.00016146179440340916,0.00016146179440340913,0.0001473911097689535
6,0.4,72,0.023492956175881808,0.00015522702856487553,0.00015522702856487553,0.00014685647658821665
6,0.4,73,0.02347975037384907,0.00017726570911837626,0.00017726570911837623,0.00014457169184728947
6,0.4,74,0.02334777515900862,0.00018388646272716946,0.00018388646272716943,0.0001439220197815134
6,0.4,75,0.02355575575696843,0.00018956210195350597,0.00018956210195350594,0.00014238527891782075
6,0.4,76,0.02335867686040499,0.00014242642052004323,0.00014027300612512924,0.00014242642052004323
6,0.4,77,0.023375521908116374,0.00013991585712552006,0.00012393707519088042,0.00013991585712552006
6,0.4,78,0.02335236831272417,0.00014632249684424148,0.00012459766787241758,0.00014632249684424148
6,0.4,79,0.023306160520426566,0.0001455101130601699,0.00014351573728044637,0.0001455101130601699
6,0.4,80,0.023348274981253282,0.0001444214722532672,0.00012994435937070824,0.0001444214722532672
6,0.4,81,0.02331182307740638,0.00014619733024212296,0.0001271956214945711,0.00014619733024212296
6,0.4,82,0.023160026374933466,0.00014018940163186512,0.00012713251105225118,0.00014018940163186512
6,0.4,83,0.023280777314384233,0.00013914835012105242,0.00010968614481312795,0.00013914835012105242
6,0.4,84,0.023103379054138392,0.00013960945834760828,0.00012363285318828666,0.00013960945834760828
6,0.4,85,0.02323833758546815,0.00014017809500264887,0.00012786709902615567,0.00014017809500264887
6,0.4,86,0.023285264428194886,0.00014442585446530082,0.00011813751986522045,0.00014442585446530082
6,0.4,87,0.023288143284183955,0.0001422397284626978,0.00012982944333420952,0.0001422397284626978
6,0.4,88,0.023172532987441537,0.00013805338371570804,0.00011752813890288525,0.00013805338371570804
6,0.4,89,0.02331013291270791,0.00013510689957732993,0.00012481348605006132,0.00013510689957732993
6,0.4,90,0.023219993418105475,0.00013595688280323005,0.00012676849633870283,0.00013595688280323005
6,0.4,91,0.023420165143379593,0.0001430089092087347,0.00013742239185743073,0.0001430089092087347
6,0.4,92,0.023466518271721654,0.00014784210737001403,0.00012301418882952822,0.00014784210737001403
6,0.4,93,0.02349730478984591,0.00014460185339898598,0.0001350359557434735,0.00014460185339898598
6,0.4,94,0.02350299230158503,0.00014079985312583332,0.00011306441782688236,0.00014079985312583332
6,0.4,95,0.023487884108810985,0.0001583692577796918,0.0001583692577796918,0.00014441945648629466
6,0.4,96,0.023457439316470544,0.00015199550978087036,0.00015199550978087036,0.0001391640647971932
6,0.4,97,0.023487171678890546,0.00014742734065291554,0.0001257481578332455,0.00014742734065291554
6,0.4,98,0.02331901832445429,0.00014841381921688488,0.00014841381921688488,0.00014404293190335558
6,0.4,99,0.023319195434758265,0.0001373235149625919,0.00013018451309211037,0.0001373235149625919
6,0.4,100,0.023236407502619676,0.00014054358326759668,9.791158625703866e-05,0.00014054358326759668
6,0.4,101,0.023173809078324056,0.00013288094211000897,0.00011853147746148625,0.00013288094211000897
6,0.4,102,0.022991177419849178,0.00014459659824522745,0.00014459659824522745,0.00013455033703234877
6,0.4,103,0.02305586691110177,0.00014065658265447094,0.00014065658265447094,0.00013341126917776897
6,0.4,104,0.02308919208779819,0.0001392433419056266,0.0001367474466326843,0.0001392433419056266
6,0.4,105,0.023250077164317463,0.00013559060423909278,0.00011816120063183479,0.00013559060423909278
6,0.4,106,0.02344476180636597,0.00015447906862529957,0.00015447906862529957,0.00014582366282556592
6,0.4,107,0.023340524113568663,0.0001543471646050219,0.0001543471646050219,0.00014223733836803265
6,0.4,108,0.023433462669979515,0.0001418590201879615,0.00013960014849083237,0.0001418590201879615
6,0.4,109,0.023398293134413297,0.00015339114505084344,0.00015339114505084344,0.0001448082426437896
6,0.4,110,0.023390998613972053,0.00015114772179929315,0.00015114772179929313,0.0001437400614018586
6,0.4,111,0.02338731609788315,0.0001443120144332944,0.00014431201443329439,0.00014402211537918377
6,0.4,112,0.023575039148502015,0.0001885755641673864,0.00018857556416738638,0.00014491763005915515
6,0.4,113,0.0236780675116206,0.0001617541179909464,0.00016175411799094637,0.0001470572239980193
6,0.4,114,0.02341929495607313,0.0001626691892382918,0.00016266918923829184,0.00014385289207546293
6,0.4,115,0.023389878535358177,0.00015453587166105583,0.00015453587166105583,0.0001463036715386836
6,0.4,116,0.023288723144046317,0.00014543368676707947,0.0001270964758483706,0.00014543368676707947
6,0.4,117,0.023342299878321156,0.00014273231429072717,0.00011201221566988675,0.00014273231429072717
6,0.4,118,0.02319239195478844,0.00014012588246075145,0.0001374985497517793,0.00014012588246075145
6,0.4,119,0.02324361431944518,0.00014016924292239915,0.00014016924292239918,0.00013728282707475153
6,0.4,120,0.02325632576364707,0.0001385417598085217,0.0001385417598085217,0.0001379107882227577
6,0.4,121,0.02340642111551501,0.00015204382447140687,0.00015204382447140687,0.00013603961835227126
6,0.4,122,0.02340336925272627,0.00017572275406966677,0.00017572275406966677,0.00014525300086518526
6,0.4,123,0.023390825675671474,0.0001437460758977796,0.00013491379921786432,0.0001437460758977796
6,0.4,124,0.023429571885506782,0.00014613293295702009,0.00013897426932772995,0.00014613293295702009
6,0.4,125,0.023350520568233488,0.00013837935363770923,0.00011714235126553934,0.00013837935363770923
6,0.4,126,0.02338829283371195,0.00015409445876438989,0.00015409445876438989,0.00013680828994185474
6,0.4,127,0.023424912687225456,0.00014268763600966392,0.00014268763600966395,0.00013734635507489965
6,0.4,128,0.02347602719551848,0.0001632372429496779,0.0001632372429496779,0.00014122602103287693
6,0.4,129,0.023498740547716855,0.0001480125333244637,0.0001316382931560472,0.0001480125333244637
6,0.4,130,0.0232594303463702,0.00014340067673815666,0.00014340067673815666,0.00014106720730243635
6,0.4,131,0.023400307641534772,0.0001475677877356307,0.0001339019315342957,0.0001475677877356307
6,0.4,132,0.023516451015487144,0.00014617134558611607,0.0001398518368002887,0.00014617134558611607
6,0.4,133,0.0235242084479705,0.00014232073915383607,0.00011642873571574357,0.00014232073915383607
6,0.4,134,0.023489447005899562,0.00014240999649823042,0.00012094983106395841,0.00014240999649823042
6,0.4,135,0.023618069052878297,0.0001546984738544345,0.0001546984738544345,0.0001475039567983252
6,0.4,136,0.02350692928698235,0.00015964631574237237,0.0001596463157423724,0.0001526935417919437
6,0.4,137,0.023480981287113626,0.00014318959695726108,0.00013729196603431507,0.00014318959695726108
6,0.4,138,0.0234084911853081,0.00014378132064191357,0.00011273457165382165,0.00014378132064191357
6,0.4,139,0.023575966410118603,0.000142227793154262,0.00013343529729783883,0.000142227793154262
6,0.4,140,0.023397777773490724,0.00014405073220059877,0.00011965723121197559,0.00014405073220059877
6,0.4,141,0.02342852109917771,0.00015056338321383392,0.00013304717045490848,0.00015056338321383392
6,0.4,142,0.023389390031555143,0.00015466274269705521,0.00015466274269705521,0.00014612620334326205
6,0.4,143,0.02348587921030289,0.00015102302696011485,0.00015102302696011488,0.00014662783219700817
6,0.4,144,0.023598232256921394,0.00015051956186864831,0.0001485797136756187,0.00015051956186864831
6,0.4,145,0.02347502373414674,0.00015219547055446897,0.00015219547055446897,0.00014198549594438074
6,0.4,146,0.023536584827593163,0.00014383947560004477,0.00013820151848630016,0.00014383947560004477
6,0.4,147,0.02351705129342968,0.00015004923732012427,0.00015004923732012427,0.00014886120291786496
6,0.4,148,0.023494410928841362,0.000148573920192488,0.0001205703593156536,0.000148573920192488
6,0.4,149,0.023438345978771834,0.00014943167868599868,0.00014943167868599868,0.0001452927092388342
6,0.4,150,0.023613004695321516,0.0001778268652253898,0.0001778268652253898,0.00013935168508180814
6,0.4,151,0.023701461273705905,0.00016739326265977888,0.00016739326265977888,0.0001453280842203835
6,0.4,152,0.0237470349470078,0.00014645543943404021,0.00012639852313289755,0.00014645543943404021
6,0.4,153,0.02353737491299076,0.00016510331415832332,0.00016510331415832332,0.00015090699599685752
6,0.4,154,0.023427662648548783,0.00015720886003376487,0.00015720886003376487,0.00014985444413874994
6,0.4,155,0.02340533661173482,0.0001477191942269361,0.00014757206118531523,0.0001477191942269361
6,0.4,156,0.023521500824117452,0.0001738815575734974,0.00017388155757349738,0.00014489879138557694
6,0.4,157,0.02355354603481331,0.00015202854436979305,0.00015202854436979305,0.00014733486628154793
6,0.4,158,0.02352221511251662,0.00018485283830676003,0.00018485283830676003,0.0001436959852816598
6,0.4,159,0.023438215629507486,0.00016003824256344398,0.00016003824256344398,0.0001438104903609405
6,0.4,160,0.023504546584894568,0.00013993181422088582,0.00013870923393193027,0.00013993181422088582
6,0.4,161,0.023417617534355933,0.0001494790754255088,0.0001494790754255088,0.00014058341278432937
6,0.4,162,0.023642218475705978,0.0001398832842421382,0.00013988328424213817,0.0001365849135657746
6,0.4,163,0.02332413403097348,0.00015598677571940838,0.00015598677571940838,0.0001398143551024429
6,0.4,164,0.02333738817099923,0.000181309398063408,0.000181309398063408,0.00013598513912809268
6,0.4,165,0.02337471052761293,0.00016041349526362458,0.00016041349526362456,0.0001406849944886486
6,0.4,166,0.023338545092145144,0.00014249250009555416,0.00013988781158903764,0.00014249250009555416
6,0.4,167,0.023366311149743524,0.00014680275351978104,0.00014680275351978107,0.00014050766067287226
6,0.4,168,0.023228757937758727,0.00014013427862037022,0.0001331116242268281,0.00014013427862037022
6,0.4,169,0.02330032836935023,0.00013804161187268,0.00012214977016316612,0.00013804161187268
6,0.4,170,0.023505834899513415,0.00014121579102073858,0.00012333357749490066,0.00014121579102073858
6,0.4,171,0.02354476924934234,0.00014597295783645354,0.00010108784239763906,0.00014597295783645354
6,0.4,172,0.023456097621209045,0.0001396613065436926,0.0001344990459770405,0.0001396613065436926
6,0.4,173,0.023444371808947893,0.00014581030362927864,0.00014581030362927864,0.0001416912248997385
6,0.4,174,0.02323096957737414,0.0001585092534922663,0.0001585092534922663,0.00013529670236176098
6,0.4,175,0.023201370695570493,0.00016490691305883997,0.00016490691305883997,0.00013951018731971199
6,0.4,176,0.023183411803914655,0.0001405763012220134,0.00013689641607056321,0.0001405763012220134
6,0.4,177,0.023479019112117996,0.00014905973321551673,0.00014905973321551673,0.00014696143017457072
6,0.4,178,0.023316512167679014,0.00016070539013926337,0.00016070539013926337,0.0001406456040859002
6,0.4,179,0.02320910719557989,0.00016105780012253226,0.00016105780012253226,0.00014425568756938745
6,0.4,180,0.023169136555398213,0.00015303241282222058,0.00015303241282222058,0.00013789521034976077
6,0.4,181,0.023204096446620272,0.00015043229969247964,0.00015043229969247964,0.00013664310797303986
6,0.4,182,0.023111155205526885,0.00015740272986254267,0.00015740272986254267,0.00013601105705515702
6,0.4,183,0.023204869431894336,0.00015879298000117615,0.00015879298000117615,0.00013859884110729214
6,0.4,184,0.023296100438364577,0.00015076361457376115,0.00015076361457376115,0.00013781600754195065
6,0.4,185,0.023303735084042747,0.00015644901943749284,0.00015644901943749284,0.0001314685398456269
6,0.4,186,0.023404628213450844,0.0001417230439289654,0.0001417230439289654,0.0001395538955589714
6,0.4,187,0.023465890355760743,0.0001619069640523238,0.0001619069640523238,0.0001428074965750709
6,0.4,188,0.023498297263999674,0.00014990894890997333,0.00014636263492879756,0.00014990894890997333
6,0.4,189,0.023392753448116768,0.00014271597845972773,0.00013054596960392366,0.00014271597845972773
6,0.4,190,0.023375714947851026,0.00014869142549648142,0.00014869142549648142,0.00014434765526901498
6,0.4,191,0.023343312075229536,0.0001461691820573125,0.00013872461746757738,0.0001461691820573125
6,0.4,192,0.023493254148435273,0.0001489391851941889,0.00013055278831664095,0.0001489391851941889
6,0.4,193,0.023449139643150974,0.00016806873276423582,0.00016806873276423582,0.00014010666888585933
6,0.4,194,0.023244399846180246,0.0001604281709757766,0.0001604281709757766,0.0001384099294174342
6,0.4,195,0.023108144990520458,0.0001779325090046641,0.0001779325090046641,0.00013629585266083024
6,0.4,196,0.02324502095735077,0.0001577229319757445,0.00015772293197574452,0.00013443732656569086
6,0.4,197,0.023280297997520148,0.00013736247616570927,0.0001310792539845849,0.00013736247616570927
6,0.4,198,0.023257857360738418,0.00014336859640017095,0.00012730862990971252,0.00014336859640017095
6,0.4,199,0.02334746346427319,0.00015226721226495297,0.00015226721226495297,0.0001447551150442681
6,0.4,200,0.023676363303425364,0.00015745683412672065,0.00015745683412672062,0.00014249049674363153
6,0.4,201,0.023596697136092606,0.00016118378496500548,0.00016118378496500548,0.0001434473125658594
6,0.4,202,0.023435091817144506,0.00018779307481961587,0.00018779307481961587,0.00014357916759281142
6,0.4,203,0.02335293344261508,0.00021349618040601787,0.00021349618040601785,0.00014123112606178535
6,0.4,204,0.023495036707834007,0.0001894207884200803,0.0001894207884200803,0.00014333996119450464
6,0.4,205,0.02335041803356302,0.0001630586831250452,0.0001630586831250452,0.00014308613018826894
6,0.4,206,0.0233910685825502,0.00018119013152930784,0.00018119013152930784,0.00014837322784523954
6,0.4,207,0.023313628159639607,0.00015174902480029906,0.00015174902480029906,0.00013409834115797768
6,0.4,208,0.02326446129990253,0.00013523272034728285,0.0001258798708174607,0.00013523272034728285
6,0.4,209,0.023248240329090283,0.00016554156468862234,0.00016554156468862237,0.00013650625614082198
6,0.4,210,0.023340068365827967,0.00015786403806696233,0.00015786403806696233,0.00014655806746994679
6,0.4,211,0.023366329091668702,0.00016967230951969758,0.00016967230951969758,0.00014604077228949256
6,0.4,212,0.023531789801572982,0.00015553858619177184,0.00015553858619177184,0.00014011328464641766
6,0.4,213,0.023446480826785094,0.0001403603749923638,0.00011814348327986517,0.0001403603749923638
6,0.4,214,0.023558731241293353,0.00014757555411679037,0.00010448015093826726,0.00014757555411679037
6,0.4,215,0.02330111501738431,0.00014711434773345813,0.00014420880105856033,0.00014711434773345813
6,0.4,216,0.023305611975992537,0.00013623370944564528,0.00013088766424428154,0.00013623370944564528
6,0.4,217,0.023255544386739418,0.00013707883982643057,0.00010948613236994225,0.00013707883982643057
6,0.4,218,0.023286224578621215,0.0001402478497401145,0.00013086505282514742,0.0001402478497401145
6,0.4,219,0.023303212695096553,0.00015881104479687684,0.00015881104479687684,0.00014055947142127063
6,0.4,220,0.02332696001290128,0.00015837417338863147,0.0001583741733886315,0.0001445751967973442
6,0.4,221,0.023310466268782894,0.0001506132154188376,0.0001506132154188376,0.00014262759243042063
6,0.4,222,0.023283259861510763,0.00014722484547295445,0.00014722484547295445,0.0001333922689046537
6,0.4,223,0.023224284999901208,0.00013931192255748183,0.00012179535067401983,0.00013931192255748183
6,0.4,224,0.023255164960535236,0.00013747994538454748,0.00011498033516977716,0.00013747994538454748
6,0.4,225,0.02337203265854592,0.00014626766097178243,0.00013233215682125773,0.00014626766097178243
6,0.4,226,0.023392024230664617,0.00013836993484245922,0.00013224659817851888,0.00013836993484245922
6,0.4,227,0.023360150440980977,0.00015976417502304444,0.00015976417502304444,0.0001429033246431831
6,0.4,228,0.023678408277927963,0.0001478133595405667,0.0001134350508113574,0.0001478133595405667
6,0.4,229,0.02353676700344146,0.000150608199291041,0.00014228997757178693,0.000150608199291041
6,0.4,230,0.023523796854006865,0.00014301137012697872,0.00014301137012697872,0.00014074628220791285
6,0.4,231,0.023457170753527757,0.00013867814446540778,0.00012138478021540751,0.00013867814446540778
6,0.4,232,0.02358157407931013,0.00014382324047590672,0.00012817184668643353,0.00014382324047590672
6,0.4,233,0.023458984717987706,0.00014455554015626267,0.00014455554015626267,0.00014306035028767598
6,0.4,234,0.023483277279947236,0.00014324094182329995,0.0001422262410528759,0.00014324094182329995
6,0.4,235,0.023352594097490343,0.00013611238056754054,0.00010378461099109701,0.00013611238056754054
6,0.4,236,0.02340820270843145,0.00013588048725799286,0.0001234542999982453,0.00013588048725799286
6,0.4,237,0.0233691091124161,0.00014413591507706714,0.00014413591507706714,0.00013486755361323077
6,0.4,238,0.023499454615026984,0.00013847156666847642,0.00011516270309791398,0.00013847156666847642
6,0.4,239,0.02346352724209293,0.00014014405895762855,0.00013927889392838878,0.00014014405895762855
6,0.4,240,0.023549921557566612,0.00014382014959576724,0.00011993389821357121,0.00014382014959576724
6,0.4,241,0.02356328740563686,0.00015421544981459163,0.00015421544981459163,0.00014342613833392902
6,0.4,242,0.023676336839391077,0.00016986310977520208,0.00016986310977520205,0.0001449679614696192
6,0.4,243,0.02358490360990502,0.00015652115811261462,0.00015652115811261462,0.0001470151843901365
6,0.4,244,0.023636056269105622,0.0001393639733328657,0.0001330699717164831,0.0001393639733328657
6,0.4,245,0.023256236096456207,0.00017178874725268505,0.00017178874725268505,0.00013371616091605195
6,0.4,246,0.02351823403565558,0.0001530833737961599,0.0001530833737961599,0.00013661219978895511
6,0.4,247,0.023690363956909353,0.00014067578607537305,0.00014067578607537305,0.00013976005520352776
6,0.4,248,0.023514810512004266,0.0001418961532549061,0.00013868875179495323,0.0001418961532549061
6,0.4,249,0.02357881594914718,0.0001712743047030111,0.0001712743047030111,0.000146443998784609
6,0.4,250,0.023489734996651405,0.0001673561785403582,0.0001673561785403582,0.00014238610398376196
6,0.4,251,0.023448083633000088,0.00015287868704699415,0.00015287868704699418,0.0001395985446145856
6,0.4,252,0.02355247882955274,0.0001688105900003648,0.0001688105900003648,0.0001426388096376175
6,0.4,253,0.023556077979799094,0.00014358768236459092,0.0001338705581157368,0.00014358768236459092
6,0.4,254,0.023580493112067915,0.00013915412080673566,0.0001226478582488623,0.00013915412080673566
6,0.4,255,0.023610286071089167,0.00017442408154298074,0.0001744240815429807,0.00014139279557640454
6,0.4,256,0.023485751184399904,0.00014666736965501616,0.00014666736965501616,0.00013899966192562976
6,0.4,257,0.02349995090885398,0.00014417857722979986,0.00012853943641191848,0.00014417857722979986
6,0.4,258,0.02346663168195433,0.00014005589546837286,0.00011413956047349095,0.00014005589546837286
6,0.4,259,0.023279698181459915,0.00015011019484945166,0.00015011019484945166,0.00014359374794938571
6,0.4,260,0.023244760434451846,0.00013978174598127085,0.00013978174598127085,0.0001387399971023911
6,0.4,261,0.02332411666706522,0.00015249438568148692,0.0001524943856814869,0.00013972694000567918
6,0.4,262,0.023236684679200495,0.00014246365692281712,0.00013393258732722783,0.00014246365692281712
6,0.4,263,0.023237093182526664,0.00013933556437036116,0.00012710230709761847,0.00013933556437036116
6,0.4,264,0.02317273795428765,0.00013784683103859838,0.00012287176086572368,0.00013784683103859838
6,0.4,265,0.02330527434249574,0.0001469627962585892,0.0001469627962585892,0.0001402324165787129
6,0.4,266,0.02330954125263671,0.00014135446018828478,0.00012519266199971637,0.00014135446018828478
6,0.4,267,0.023219675094778975,0.00014374393965555318,0.00012098809988629662,0.00014374393965555318
6,0.4,268,0.02335596527541557,0.00014563600789127922,0.00011670180506949312,0.00014563600789127922
6,0.4,269,0.023242526312981616,0.00014565414662788046,0.00014565414662788046,0.00014495306260278685
6,0.4,270,0.0232593032923505,0.0001433562799036547,0.00011935795632656709,0.0001433562799036547
6,0.4,271,0.023437488501857912,0.00014840299181894266,0.00014840299181894266,0.0001412208515206873
6,0.4,272,0.023328844584751818,0.00014483898303616714,0.0001294407030438177,0.00014483898303616714
6,0.4,273,0.023420656908119328,0.00014166325040406385,0.00014166325040406385,0.0001400249003106477
6,0.4,274,0.023385838620101893,0.00014108197741197567,0.00012955236488616507,0.00014108197741197567
6,0.4,275,0.023516417846040694,0.00013732890762903208,0.00013646271545629985,0.00013732890762903208
6,0.4,276,0.02342425057804719,0.00014391374705382748,0.00013747367520725964,0.00014391374705382748
6,0.4,277,0.02346329176692423,0.00014150419382537614,0.00013766371235688564,0.00014150419382537614
6,0.4,278,0.023493660946048538,0.00014616439430379315,0.00014469139064117925,0.00014616439430379315
6,0.4,279,0.023450203410822313,0.00014388301789013783,0.00014388301789013786,0.00014356929698229468
6,0.4,280,0.02341836099563718,0.00015249753669830136,0.00015249753669830136,0.0001431124600852001
6,0.4,281,0.02343343230804792,0.0001448779731915455,0.0001448779731915455,0.00014107181106348663
6,0.4,282,0.02350889724594399,0.00015775817458702442,0.0001577581745870244,0.0001461459871925998
6,0.4,283,0.023545214841616348,0.0001526628280485408,0.0001526628280485408,0.00014886125944214463
6,0.4,284,0.023657880180350976,0.0001499772348611992,0.00014997723486119923,0.0001468529327032052
6,0.4,285,0.023472867109185946,0.00015807126660139084,0.00015807126660139084,0.00014735278007596924
6,0.4,286,0.023367070510501395,0.0001538922627138992,0.00015389226271389917,0.00015006484999923413
6,0.4,287,0.02330313347385836,0.00015927437128426504,0.00015927437128426504,0.00014557262932403297
6,0.4,288,0.023268438060723186,0.0001943891537029354,0.00019438915370293536,0.0001402772990764377
6,0.4,289,0.023316946145826266,0.0001516625789046699,0.0001516625789046699,0.000140229794292789
6,0.4,290,0.0233033884446083,0.00014006910282388267,0.0001366753301102509,0.00014006910282388267
6,0.4,291,0.02347740988120483,0.0001440196104653184,0.0001432923489192683,0.0001440196104653184
6,0.4,292,0.023425348968762638,0.00014681550900071949,0.00014681550900071946,0.0001409318903208842
6,0.4,293,0.02343771008568464,0.00016234399257224246,0.00016234399257224246,0.00014347646180142804
6,0.4,294,0.023409410512821895,0.00014289810141866906,0.0001273782533283324,0.00014289810141866906
6,0.4,295,0.023341416693836502,0.00014045625415271326,0.0001283308361708056,0.00014045625415271326
6,0.4,296,0.023234347380478488,0.00013831414557549952,0.00013296824857645263,0.00013831414557549952
6,0.4,297,0.023450418043030725,0.00014460865988466512,0.00012643937885833883,0.00014460865988466512
6,0.4,298,0.02339930104192928,0.0001403983189087217,0.0001367685236179749,0.0001403983189087217
6,0.4,299,0.023410135281847804,0.0001417349561720576,0.0001417349561720576,0.0001412273267263298
6,0.4,300,0.023475061642128824,0.00014694707563175116,0.000144549155555144,0.00014694707563175116
6,0.4,301,0.023456453750582567,0.0001484375813589018,0.0001484375813589018,0.00014014466570430213
6,0.4,302,0.023606742066881157,0.00014596021180446732,0.00014596021180446732,0.00014373091391133515
6,0.4,303,0.023540340941180005,0.00014400696580754013,0.00014400696580754013,0.0001436151789059315
6,0.4,304,0.023392221907088104,0.0001409717548297448,0.0001409717548297448,0.00014054828152959816
6,0.4,305,0.02321746254473874,0.0001324540624652268,0.00011175158765053068,0.0001324540624652268
6,0.4,306,0.023341429465647635,0.0001379867882920076,0.00010594682494999114,0.0001379867882920076
6,0.4,307,0.023486827813402934,0.00013870157149771772,0.00013186485606129928,0.00013870157149771772
6,0.4,308,0.023549460022872577,0.00014389856725894985,0.00014389856725894985,0.0001435003954254205
6,0.4,309,0.0234379611953312,0.00016193089739225923,0.00016193089739225923,0.00014228332301602145
6,0.4,310,0.0234932827776255,0.0001678663825089542,0.0001678663825089542,0.00014526014889323086
6,0.4,311,0.023414695775640707,0.0001979984850793025,0.00019799848507930253,0.00014370679404511507
6,0.4,312,0.023481247289868706,0.00018207008961493187,0.00018207008961493185,0.00014379931691756653
6,0.4,313,0.02331562389858715,0.00016983986434049834,0.00016983986434049834,0.00014174239126250784
6,0.4,314,0.023397521305754322,0.00014593745368688367,0.00014593745368688367,0.0001456492242419956
6,0.4,315,0.02337615317554017,0.00016276062400038665,0.00016276062400038665,0.00014124411230656873
6,0.4,316,0.023584124531611954,0.00018250250731407087,0.00018250250731407085,0.0001418589771628383
6,0.4,317,0.023360190255441914,0.00015325314473145865,0.00015325314473145865,0.00013974999231055775
6,0.4,318,0.02343921106036775,0.0001521179563962426,0.0001521179563962426,0.00013843540887917898
6,0.4,319,0.023354759949736174,0.0001839426438086671,0.0001839426438086671,0.00013980732559613004
6,0.4,320,0.02333392099468555,0.0001471138605249862,0.00014711386052498616,0.00013538175539707796
6,0.4,321,0.023217287785568315,0.0001689025983773562,0.0001689025983773562,0.00013941879050068093
6,0.4,322,0.02333990370111061,0.00016084805074422865,0.00016084805074422862,0.0001479816621969288
6,0.4,323,0.023428644878009816,0.00014253737886292428,0.0001413544842929201,0.00014253737886292428
6,0.4,324,0.023474831257930772,0.00015219247276742912,0.00015219247276742912,0.00014546278808858388
6,0.4,325,0.02354432264112673,0.00013948213368642114,0.00011584027102816421,0.00013948213368642114
6,0.4,326,0.02368433632581312,0.00014250768108444004,0.00013941872928981141,0.00014250768108444004
6,0.4,327,0.023572064721362647,0.00016456071826112057,0.00016456071826112057,0.00014415356941165745
6,0.4,328,0.023430268577880903,0.00016656690611492305,0.00016656690611492305,0.000142726577269369
6,0.4,329,0.023282236561185853,0.0001476397879829964,0.0001476397879829964,0.00013697501703428358
6,0.4,330,0.02322403963396861,0.00015406736264527186,0.00015406736264527186,0.0001444625215543476
6,0.4,331,0.02334295018375715,0.00013949504084618798,0.00013395820889330998,0.00013949504084618798
6,0.4,332,0.023265739614170746,0.0001326603409829495,0.00012284277593307627,0.0001326603409829495
6,0.4,333,0.02326128680970071,0.00013157482709466028,0.0001136711240554504,0.00013157482709466028
6,0.4,334,0.02340661741730501,0.00013934725418012089,0.00013934725418012089,0.00013435109801429162
6,0.4,335,0.023587666202271228,0.00013886260405110751,0.00013886260405110751,0.00013850956155241921
6,0.4,336,0.023677609280803296,0.00014247981597111627,0.0001424798159711163,0.0001372782799021988
6,0.4,337,0.023716838917110065,0.0001631073263949658,0.0001631073263949658,0.000140427157325208
6,0.4,338,0.02367388199986547,0.0001484848446977002,0.0001484848446977002,0.00013766625450339467
6,0.4,339,0.02357451885301652,0.00017492433764783254,0.00017492433764783254,0.00013844102881503082
6,0.4,340,0.023583143012243766,0.00016209956459755558,0.00016209956459755558,0.00014229399515660964
6,0.4,341,0.023415090634837675,0.00014162328860178205,0.00013701350423779086,0.00014162328860178205
6,0.4,342,0.023251794611484904,0.00015772453871069526,0.00015772453871069526,0.00014201321443950538
6,0.4,343,0.023242304788528814,0.00014596066824045992,0.00012969425821409038,0.00014596066824045992
6,0.4,344,0.023373963190394587,0.00014222483573880033,0.00014222483573880033,0.00014182251842599723
6,0.4,345,0.023332348985217372,0.00014611378629204104,0.00013236054551784152,0.00014611378629204104
6,0.4,346,0.02330512995756755,0.00014907025181911315,0.00014907025181911315,0.00014241427932063977
6,0.4,347,0.023458261177070127,0.0001493337978568438,0.00013605960868814758,0.0001493337978568438
6,0.4,348,0.023588620515022984,0.00014656145539296457,0.00012604902147625758,0.00014656145539296457
6,0.4,349,0.02343228613988004,0.00014186620997437265,0.00012422820096581993,0.00014186620997437265
6,0.4,350,0.023561606154076577,0.0001618904802959951,0.0001618904802959951,0.00014894719537352793
6,0.4,351,0.023363320345411512,0.00014861369483755435,0.00013746140486717388,0.00014861369483755435
6,0.4,352,0.02341619309816411,0.00014013384113757145,0.00013376983732117694,0.00014013384113757145
6,0.4,353,0.02322430285895695,0.00014584536917915878,0.00014584536917915878,0.0001372551038292286
6,0.4,354,0.023173871253466524,0.00013834179659704594,0.00010532136075968321,0.00013834179659704594
6,0.4,355,0.023195103054772452,0.000141479740230157,0.00013190729914992354,0.000141479740230157
6,0.4,356,0.023167233321252763,0.0001425713023073811,0.00014024066267867642,0.0001425713023073811
6,0.4,357,0.023237562829579447,0.0001764249914090177,0.0001764249914090177,0.00013820509618976004
6,0.4,358,0.02328304567100734,0.00015833889257899344,0.00015833889257899344,0.00014329482992477284
6,0.4,359,0.023275607647446975,0.00014190937256462855,0.00013944701010953415,0.00014190937256462855
6,0.4,360,0.023372379752767267,0.00014867318631857983,0.0001486731863185798,0.00014160511091141818
6,0.4,361,0.023296699125379117,0.00014737534466271562,0.00014737534466271562,0.0001428592580952953
6,0.4,362,0.02330565858370452,0.0001539968152367331,0.00015399681523673307,0.00014185528722874733
6,0.4,363,0.023673218419972917,0.00018485155060247551,0.00018485155060247554,0.00014476597738146365
6,0.4,364,0.023552393812625128,0.00020207142698478272,0.0002020714269847827,0.00014507800279441355
6,0.4,365,0.02355500663211789,0.00017911783383516074,0.00017911783383516074,0.00014589034255044718
6,0.4,366,0.02339115364737732,0.0001582077286021113,0.00015820772860211131,0.00014386036116493124
6,0.4,367,0.023656399653933926,0.00017815790557586738,0.00017815790557586738,0.00014958481319973094
6,0.4,368,0.023918192402357173,0.00014566048985458171,0.00014566048985458174,0.00014462629070206612
6,0.4,369,0.023891685348787432,0.00014900777473011965,0.0001300884802615638,0.00014900777473011965
6,0.4,370,0.023721788997197516,0.00014242778716201017,0.00012806134794103336,0.00014242778716201017
6,0.4,371,0.023825408896402996,0.00013958872644200012,0.00012700186168336318,0.00013958872644200012
6,0.4,372,0.023616418124344663,0.00014681229786714823,0.00014681229786714823,0.0001436403855674915
6,0.4,373,0.023642037567414058,0.00016721749597612567,0.00016721749597612567,0.00014495251516775557
6,0.4,374,0.02341777971227134,0.00017901065954079612,0.0001790106595407961,0.0001417657750656683
6,0.4,375,0.023335233529386865,0.0001461357541728742,0.0001461357541728742,0.00014327504556331942
6,0.4,376,0.023364028925175428,0.0001467192901094261,0.00013219303932545187,0.0001467192901094261
6,0.4,377,0.02334402022327827,0.0001510377284244326,0.00015103772842443259,0.00014055301184725505
6,0.4,378,0.02341576601262683,0.00015916884211836542,0.00015916884211836542,0.00014020430598950855
6,0.4,379,0.02326569271990657,0.0001415042148586517,0.00012697169177804438,0.0001415042148586517
6,0.4,380,0.023255639836334756,0.00014176593618089723,0.00012126873754846159,0.00014176593618089723
6,0.4,381,0.023204007297028793,0.00013258230703929334,0.00011784489913716567,0.00013258230703929334
6,0.4,382,0.023401611584832286,0.0001683615843247807,0.0001683615843247807,0.0001389597699464004
6,0.4,383,0.02336644524418275,0.0001478571752564663,0.0001478571752564663,0.00013875034393292723
6,0.4,384,0.023400186308770197,0.00016975045824676175,0.00016975045824676172,0.00013922535486538622
6,0.4,385,0.02341703336209221,0.0001447704096863436,0.00013008454541353035,0.0001447704096863436
6,0.4,386,0.02339536772740274,0.00014534592301867615,0.00014534592301867612,0.00014280165041867998
6,0.4,387,0.02347804328860451,0.00014017795613038443,0.00013383217257614867,0.00014017795613038443
6,0.4,388,0.023363209139435938,0.00014808070280327324,0.00012341599416879496,0.00014808070280327324
6,0.4,389,0.023227583535177603,0.00015342853821291103,0.00015342853821291103,0.00014276788911426547
6,0.4,390,0.023230893046365393,0.0001471426539395688,0.0001471426539395688,0.00014216838546758688
6,0.4,391,0.023315886615165444,0.00017553501863493354,0.00017553501863493354,0.00013855081634224625
6,0.4,392,0.023300785888450616,0.00017148295226446494,0.0001714829522644649,0.0001354101920943499
6,0.4,393,0.023358136386166583,0.00014812714038825553,0.00014812714038825553,0.0001403618928781355
6,0.4,394,0.02339042536433988,0.00015548801046819566,0.00015548801046819566,0.00014548923003602194
6,0.4,395,0.023314695040825874,0.00014505545539257947,0.00013716408518203274,0.00014505545539257947
6,0.4,396,0.02339324336892705,0.000147032338745186,0.000147032338745186,0.00013990178979668167
6,0.4,397,0.023432796680623758,0.00014990367846828186,0.00013546208523241058,0.00014990367846828186
6,0.4,398,0.023463271547108366,0.0001442548096818279,0.00014425480968182787,0.00014176074337387206
6,0.4,399,0.023472854693538273,0.00017840025705731312,0.0001784002570573131,0.0001453340228865156
6,0.4,400,0.023349864095301962,0.00019493169205260884,0.00019493169205260887,0.00013721279433754507
6,0.4,401,0.02325971575077586,0.00018936058154848872,0.0001893605815484887,0.00013955021968114673
6,0.4,402,0.02329662489913675,0.0001466278860920454,0.0001466278860920454,0.00014390987471963424
6,0.4,403,0.02327572190812564,0.00014658406246655258,0.00014658406246655258,0.0001378708293026889
6,0.4,404,0.02319843764094661,0.00016015466020763514,0.00016015466020763514,0.00014435679557964654
6,0.4,405,0.02346036145102551,0.00016960630477007478,0.00016960630477007478,0.00014412096044049186
6,0.4,406,0.023243177083816978,0.00014003044651635636,0.00013327926998687117,0.00014003044651635636
6,0.4,407,0.023361416627364462,0.00014333220095193646,0.00013560255429999693,0.00014333220095193646
6,0.4,408,0.023538374660722942,0.00013958111612300618,0.00012057919429191467,0.00013958111612300618
6,0.4,409,0.023485563090683673,0.00014476355424010892,0.00014476355424010892,0.00014458722678330877
6,0.4,410,0.0234524406406949,0.00015567764434275044,0.00015567764434275044,0.00014010287479380225
6,0.4,411,0.02348245928239967,0.00017278838336062103,0.000172788383360621,0.00014329736637203684
6,0.4,412,0.02359390694901388,0.0001619227982474979,0.0001619227982474979,0.00014846776539529228
6,0.4,413,0.023728638486554755,0.00014575566183547067,0.0001380538281135917,0.00014575566183547067
6,0.4,414,0.023604561012127587,0.00014369900289888866,0.00012443008167119628,0.00014369900289888866
6,0.4,415,0.02342435413690821,0.0001447403915828004,0.00012208010151771738,0.0001447403915828004
6,0.4,416,0.02340428864480292,0.0001416411274735725,0.00012030005634458637,0.0001416411274735725
6,0.4,417,0.0232259279505631,0.0001425584344905759,0.00012582836384939576,0.0001425584344905759
6,0.4,418,0.023454285771302763,0.0001538663326093162,0.0001538663326093162,0.00014827846055598192
6,0.4,419,0.023254711311958703,0.00016281035751094117,0.00016281035751094117,0.00014221783143496613
6,0.4,420,0.023305041083056248,0.00016456124343169638,0.00016456124343169638,0.0001390351955651963
6,0.4,421,0.02330385631461408,0.0001478305803647965,0.00014783058036479653,0.00013650146192693325
6,0.4,422,0.02353577676125212,0.00014218783648986492,0.00013807545313981943,0.00014218783648986492
6,0.4,423,0.023480704404286245,0.0001439560756464803,0.0001341851491987019,0.0001439560756464803
6,0.4,424,0.023177940903064343,0.00014037155869768263,0.00012706907447271911,0.00014037155869768263
6,0.4,425,0.023212157471979966,0.00013585462255811764,0.00013216021109730452,0.00013585462255811764
6,0.4,426,0.023167191427954575,0.00013816007307634526,0.00012158417915486978,0.00013816007307634526
6,0.4,427,0.023315267277548162,0.0001428855058271384,0.00010717599310914386,0.0001428855058271384
6,0.4,428,0.023363114649027846,0.000140205424914454,0.00011305545624927623,0.000140205424914454
6,0.4,429,0.023287278088211755,0.0001442390051956695,9.240088794749661e-05,0.0001442390051956695
6,0.4,430,0.023337574885479422,0.00013782191847162603,0.00010365308210370877,0.00013782191847162603
6,0.4,431,0.023524479528261952,0.00014778842245472836,0.0001091396492422831,0.00014778842245472836
6,0.4,432,0.023488952655753702,0.0001453233143746476,0.00012665847653429125,0.0001453233143746476
6,0.4,433,0.023440830494797022,0.0001631294335367935,0.00016312943353679346,0.00014701800367205765
6,0.4,434,0.02351635352164332,0.00014403662455668615,0.00014403662455668615,0.00014380903862155762
6,0.4,435,0.023571217621305634,0.0001532429625615486,0.0001532429625615486,0.00014534939967882673
6,0.4,436,0.02343252148013018,0.0001560741061203402,0.0001560741061203402,0.00014316832432422304
6,0.4,437,0.02328774776866547,0.00014438149518323785,0.00014438149518323785,0.0001408630380493783
6,0.4,438,0.023491155244704912,0.00014673148039103217,0.00013067454046545457,0.00014673148039103217
6,0.4,439,0.023414556374517396,0.00014850224214628808,0.00012850098570822693,0.00014850224214628808
6,0.4,440,0.023479317140886562,0.0001521087218143071,0.0001521087218143071,0.00014585738785251716
6,0.4,441,0.02329109856152802,0.0001718272769723949,0.0001718272769723949,0.0001473696967653534
6,0.4,442,0.02321321639614912,0.00014869757407214615,0.00014869757407214615,0.00014106881930165362
6,0.4,443,0.023089993946486084,0.00014428416360873867,0.0001386326759244509,0.00014428416360873867
6,0.4,444,0.023182669203372024,0.00013659725964946083,0.00013659725964946083,0.00013533828694532068
6,0.4,445,0.023351244767780978,0.00014885597475339086,0.00014885597475339086,0.00013401159668564386
6,0.4,446,0.023395489621142018,0.00015382882202375037,0.00015382882202375034,0.00013419895668259898
6,0.4,447,0.023432198544145615,0.00014141713609231251,0.0001414171360923125,0.00013948378708397385
6,0.4,448,0.02345910300081396,0.00013665202418239493,0.0001318920769895326,0.00013665202418239493
6,0.4,449,0.023653950739209575,0.00014320926989030964,0.00013533022314576686,0.00014320926989030964
6,0.4,450,0.02348960821617053,0.00014698131542681124,0.00013237628716130368,0.00014698131542681124
6,0.4,451,0.023320316808738424,0.00014337325093126684,0.0001349192575545118,0.00014337325093126684
6,0.4,452,0.023421693241538925,0.0001435861849800611,0.0001231874499491444,0.0001435861849800611
6,0.4,453,0.023308592280980943,0.00013837211399454703,0.00011577555742742049,0.00013837211399454703
6,0.4,454,0.023287379432688562,0.00014360195868559704,0.00014360195868559704,0.0001418779265727385
6,0.4,455,0.023228862132493075,0.00014323911662271322,0.0001240312048971557,0.00014323911662271322
6,0.4,456,0.023167306369652394,0.0001414716533418944,0.00012658111248876723,0.0001414716533418944
6,0.4,457,0.023042444864503707,0.00014331441639256663,0.00011842523891642932,0.00014331441639256663
6,0.4,458,0.02330252855005298,0.00014233029439509205,0.00010398558851970514,0.00014233029439509205
6,0.4,459,0.023315567412572076,0.00014002977879880066,0.0001278558652201303,0.00014002977879880066
6,0.4,460,0.023290025543632877,0.00014320375405031425,0.00014320375405031427,0.0001416281293244671
6,0.4,461,0.023054898975514392,0.0001371693554029179,0.00012252837495704312,0.0001371693554029179
6,0.4,462,0.023121307525469172,0.0001349776277773703,0.00012714589384112203,0.0001349776277773703
6,0.4,463,0.023368718740210504,0.00013861339167051047,0.00011848731846541957,0.00013861339167051047
6,0.4,464,0.023336107430873783,0.0001408057681678266,0.0001392735756114144,0.0001408057681678266
6,0.4,465,0.023202419851063676,0.00014158635097742515,0.00014158635097742515,0.0001389340582198151
6,0.4,466,0.023260331558085334,0.00016062035794348224,0.00016062035794348224,0.0001392046540148211
6,0.4,467,0.023418749858532716,0.00018201673715153148,0.00018201673715153148,0.00013940730524499223
6,0.4,468,0.023496033876509316,0.00014307277515347334,0.00014245030351255907,0.00014307277515347334
6,0.4,469,0.023472958182059026,0.00016270385722634716,0.0001627038572263472,0.00014160614082353145
6,0.4,470,0.023567490545005655,0.0001411462345708701,0.00011938743038617261,0.0001411462345708701
6,0.4,471,0.023581459724070202,0.00014606979572104813,0.00011339148325363436,0.00014606979572104813
6,0.4,472,0.02357683448796355,0.00014855358172004686,0.00012721342807661578,0.00014855358172004686
6,0.4,473,0.023372356368397476,0.00014710588700128437,0.00014710588700128437,0.00014643372711010773
6,0.4,474,0.02335140079195638,0.00014641603069767624,0.00013602302659492213,0.00014641603069767624
6,0.4,475,0.02334236238210822,0.00014303360649590519,0.00012224226095761077,0.00014303360649590519
6,0.4,476,0.023168163803788965,0.00014008176152060213,0.00013519092133601842,0.00014008176152060213
6,0.4,477,0.02309504000143244,0.00014355097180419668,9.921930736668103e-05,0.00014355097180419668
6,0.4,478,0.023054415852683967,0.00014117392227978946,0.00010177661028136056,0.00014117392227978946
6,0.4,479,0.02315308553138021,0.00014333115844307717,0.00011097672393418474,0.00014333115844307717
6,0.4,480,0.023318399198745707,0.00015316341200896706,0.00015316341200896706,0.00013991241318570577
6,0.4,481,0.02316090336231657,0.00013836086267341406,0.00013655868441372196,0.00013836086267341406
6,0.4,482,0.023337283049710233,0.00013524664036567346,0.00012378687717938628,0.00013524664036567346
6,0.4,483,0.023342828875003056,0.00014254842189326774,0.00014254842189326774,0.00013781314079944426
6,0.4,484,0.023379963412226215,0.00014060851856274395,0.00013958529916919968,0.00014060851856274395
6,0.4,485,0.023587464975188824,0.0001490095224492096,0.0001490095224492096,0.00014139392131403807
6,0.4,486,0.023599865170660723,0.00014215271035257447,0.0001421527103525745,0.00014082215900781625
6,0.4,487,0.023719721611111508,0.00014667948599006962,0.00014493086811642384,0.00014667948599006962
6,0.4,488,0.023424907834986353,0.0001426899630197203,0.0001426899630197203,0.0001424586888552496
6,0.4,489,0.02350460628343719,0.00015301374512175886,0.00015301374512175886,0.00014413724400247176
6,0.4,490,0.023559043476616696,0.0001501025881283113,0.00013779961007719235,0.0001501025881283113
6,0.4,491,0.023601239245948584,0.00015033944579411634,0.0001406456317888688,0.00015033944579411634
6,0.4,492,0.023611766183051126,0.00015418159996240908,0.00015418159996240908,0.00014974752309645446
6,0.4,493,0.023609854843411954,0.00017704269190850798,0.00017704269190850798,0.000151036000049589
6,0.4,494,0.023583856434472725,0.00019885619834404322,0.00019885619834404322,0.00014445480212549967
6,0.4,495,0.02373573142240123,0.00020091896212737098,0.00020091896212737098,0.00014386264331158575
6,0.4,496,0.023742566000821103,0.00017074425637754397,0.00017074425637754397,0.0001493871355718031
6,0.4,497,0.023664770232818783,0.00014159478322715003,0.00013991548519513,0.00014159478322715003
6,0.4,498,0.0235183994264425,0.00014866309214693138,0.00014511534855472468,0.00014866309214693138
6,0.4,499,0.02362721785435565,0.00014984486347490965,0.00014984486347490968,0.00014565539886409904
6,0.4,500,0.02362918572077951,0.00014359008255460955,0.00013025408528459804,0.00014359008255460955
6,0.5,0,0.08266190912076171,0.00024171220941328128,0.00019598566483299687,0.00024171220941328128
6,0.5,1,0.050519110298459825,0.0002404909686089253,0.00018539873650221588,0.0002404909686089253
6,0.5,2,0.03789711325341117,0.00021982011697805275,0.0002107325271037622,0.00021982011697805275
6,0.5,3,0.03211956183671829,0.0002127095161999492,0.0002127095161999492,0.00019176967101072284
6,0.5,4,0.028724831972169164,0.00018221886688436033,0.00017350205652631438,0.00018221886688436033
6,0.5,5,0.026677700339159685,0.00017360921911378668,0.00017360921911378668,0.0001675077901878729
6,0.5,6,0.02570259583095282,0.00017729959227738936,0.00017729959227738936,0.0001576576138982744
6,0.5,7,0.024805061072157474,0.00015268602693133742,0.00015268602693133742,0.00015099645150176396
6,0.5,8,0.02430603831349609,0.00016187267037847032,0.00016187267037847032,0.0001541000842727114
6,0.5,9,0.023889216907939975,0.00014572658930012692,0.0001421277807511029,0.00014572658930012692
6,0.5,10,0.023548726903921034,0.00014428831616103776,0.000142935297135118,0.00014428831616103776
6,0.5,11,0.02337629921417323,0.00013836899752758358,0.00012085244021979336,0.00013836899752758358
6,0.5,12,0.023213361419833926,0.00013915387555988315,0.00013651066692493705,0.00013915387555988315
6,0.5,13,0.023143255677102577,0.00013253632182606956,0.00011932328960935409,0.00013253632182606956
6,0.5,14,0.022906628728784257,0.00013844832745425788,0.00010483089899494425,0.00013844832745425788
6,0.5,15,0.02281326771553387,0.00013777314861453978,0.0001336255229621231,0.00013777314861453978
6,0.5,16,0.02289043163814909,0.00013938807990320992,0.0001309010545233628,0.00013938807990320992
6,0.5,17,0.022797884382132393,0.0001358489606363634,0.000102971548810999,0.0001358489606363634
6,0.5,18,0.022873915937244405,0.00013403018089474806,9.43097151894471e-05,0.00013403018089474806
6,0.5,19,0.02289217969146325,0.00016639704312042922,0.00016639704312042922,0.00013374332444933691
6,0.5,20,0.0226724181163601,0.00014351821607938952,0.00014351821607938952,0.00013695852481449038
6,0.5,21,0.02273382963947519,0.00013440539966217194,0.00011983303909515566,0.00013440539966217194
6,0.5,22,0.022952309759454538,0.0001373603750888859,0.00012948366808411416,0.0001373603750888859
6,0.5,23,0.02305079361779435,0.00013930076207935968,0.00013278799150447283,0.00013930076207935968
6,0.5,24,0.02311954483959184,0.00014587992625296334,0.00014587992625296334,0.00014098915763711856
6,0.5,25,0.023142845994317873,0.0001461170942936825,0.0001461170942936825,0.0001392877691148229
6,0.5,26,0.02314232425031287,0.0001569163795883116,0.00015691637958831158,0.00013903695362000137
6,0.5,27,0.023037704820370392,0.0001421762376105407,0.00010810884565436479,0.0001421762376105407
6,0.5,28,0.02306744542496752,0.00015748137995205135,0.00015748137995205135,0.00013515841241287124
6,0.5,29,0.023104864647169675,0.00014047505948325294,0.00012282724800017548,0.00014047505948325294
6,0.5,30,0.023265101579437956,0.0001462848558543272,0.0001462848558543272,0.0001409466226132103
6,0.5,31,0.02321675170893088,0.00014866002838752167,0.00014866002838752167,0.00013688266653955075
6,0.5,32,0.023127542632326074,0.000144552199554638,0.000144552199554638,0.00013229929459972716
6,0.5,33,0.023175031323745786,0.00015318756500706595,0.00015318756500706595,0.00013210438586142739
6,0.5,34,0.023079288837641397,0.00013411542497608823,0.0001334274932439889,0.00013411542497608823
6,0.5,35,0.023063345817453642,0.00013459384152888994,0.00012654295294285323,0.00013459384152888994
6,0.5,36,0.022885703225395567,0.00013722595632394092,0.00013722595632394092,0.00013455118523915977
6,0.5,37,0.022828057258075796,0.0001451767202134141,0.0001451767202134141,0.00013352373207456482
6,0.5,38,0.022945994088670922,0.00013069302700579935,0.0001268339436981307,0.00013069302700579935
6,0.5,39,0.02300441892288036,0.00013288394199555026,0.00012899237759098425,0.00013288394199555026
6,0.5,40,0.022841972491642826,0.0001299336437774654,0.00012142330814548804,0.0001299336437774654
6,0.5,41,0.02287728365048598,0.00013184579936617778,0.00010965032688069937,0.00013184579936617778
6,0.5,42,0.022956447596917864,0.00013395470489225325,0.00013395470489225325,0.00013207813165571424
6,0.5,43,0.023050403701475788,0.0001446999530134187,0.0001446999530134187,0.00014376644881642465
6,0.5,44,0.022933562048403206,0.00014040589449683416,0.00013166229317340556,0.00014040589449683416
6,0.5,45,0.022885279672831424,0.00014213389558079763,0.00014213389558079766,0.00013947900751427636
6,0.5,46,0.022654721048079907,0.0001338808059155615,0.00012825261757704758,0.0001338808059155615
6,0.5,47,0.02278754452323062,0.00013988098255407719,0.00012755222222687326,0.00013988098255407719
6,0.5,48,0.022849479923920356,0.00014235086188009016,0.00014147941731654462,0.00014235086188009016
6,0.5,49,0.022986554853018853,0.00015635827109547218,0.00015635827109547218,0.0001388527856611933
6,0.5,50,0.02302562149957003,0.00017655362998888924,0.00017655362998888926,0.00013393669873595172
6,0.5,51,0.02287701186843216,0.0001489006705449972,0.0001489006705449972,0.00012994168184822237
6,0.5,52,0.0228337700661943,0.00014199302157021762,0.00014199302157021762,0.0001315357674442202
6,0.5,53,0.022797654942818803,0.0001346144213182324,0.00010672227971748585,0.0001346144213182324
6,0.5,54,0.022827477104287622,0.00013574852288811292,0.00011528078612373057,0.00013574852288811292
6,0.5,55,0.022858014755678113,0.00013490311597968676,9.438784854514736e-05,0.00013490311597968676
6,0.5,56,0.022813123588124495,0.0001272875178913838,0.00011005418962195322,0.0001272875178913838
6,0.5,57,0.022914294879908297,0.00013553215379091677,0.00011205528042778325,0.00013553215379091677
6,0.5,58,0.022813224224274994,0.00013284554281126456,0.00011969918171354861,0.00013284554281126456
6,0.5,59,0.022794055408518667,0.00013702657425154033,0.00012341368499021007,0.00013702657425154033
6,0.5,60,0.023063904996498,0.0001446814238836389,0.00011174214389186312,0.0001446814238836389
6,0.5,61,0.022985302761579823,0.00017198141036550802,0.00017198141036550802,0.00013706563422007383
6,0.5,62,0.02303713602054526,0.00018113606828036266,0.00018113606828036266,0.00013375903320085047
6,0.5,63,0.023023041201273083,0.00017243226376740877,0.0001724322637674088,0.0001343627880246343
6,0.5,64,0.022919185001982312,0.00015992315139792845,0.00015992315139792845,0.00013800525528267032
6,0.5,65,0.022880258641995454,0.00015469156208452968,0.00015469156208452968,0.00013796924151072206
6,0.5,66,0.022869400499411042,0.00013958762758747688,0.0001382704151501609,0.00013958762758747688
6,0.5,67,0.022916436223547346,0.0001394301323350488,0.00013063849084254264,0.0001394301323350488
6,0.5,68,0.022923848484741823,0.0001371376993618372,0.00013432140022725218,0.0001371376993618372
6,0.5,69,0.02309534795187622,0.00013873775249903294,0.00012497611288949138,0.00013873775249903294
6,0.5,70,0.0229076395735183,0.000134096959142945,0.0001279978570504026,0.000134096959142945
6,0.5,71,0.022813960760943462,0.00013227821010484717,0.00010352649823002376,0.00013227821010484717
6,0.5,72,0.02284828336807188,0.00014848170566653248,0.00014848170566653248,0.00013537646958912273
6,0.5,73,0.02298054868549013,0.00014245434834217664,0.00014245434834217664,0.0001329927433792324
6,0.5,74,0.022857724100735163,0.0001338549580433758,0.0001338549580433758,0.00013086492309480568
6,0.5,75,0.022830492947659365,0.0001757180245718805,0.00017571802457188047,0.0001324549311698155
6,0.5,76,0.02272248807887849,0.0001505907795668508,0.0001505907795668508,0.0001307424837537721
6,0.5,77,0.022753351518056634,0.00013278484261393172,0.0001327848426139317,0.00012881367042844516
6,0.5,78,0.022918931852687657,0.0001345636019287898,0.0001331823617014848,0.0001345636019287898
6,0.5,79,0.02300151659982407,0.00015843399250060992,0.00015843399250060992,0.00013717676134875162
6,0.5,80,0.02292695871950102,0.00013040493218068795,0.0001260100254275225,0.00013040493218068795
6,0.5,81,0.022988339306616853,0.00013387232419260461,0.00010967456294590747,0.00013387232419260461
6,0.5,82,0.022980818268001267,0.00013355120054525687,0.00010810558461966862,0.00013355120054525687
6,0.5,83,0.02307403270603503,0.00013529143039289938,0.00013529143039289938,0.00013289985836454865
6,0.5,84,0.02317862737961614,0.0001394885277606739,0.00012965084789293992,0.0001394885277606739
6,0.5,85,0.02302132048581153,0.00013947339201683787,0.00013947339201683787,0.00013658078603868715
6,0.5,86,0.02294685248952787,0.00013581623609535743,0.00011807427054867418,0.00013581623609535743
6,0.5,87,0.023056761429604625,0.00015048623954233204,0.00015048623954233204,0.00013600558356226977
6,0.5,88,0.023054739565342666,0.00014870031794200935,0.00014870031794200935,0.0001333267643493277
6,0.5,89,0.02294159962774812,0.00012911157123019108,0.00012405231932798637,0.00012911157123019108
6,0.5,90,0.023073101612914253,0.00013048801556961854,0.00012404883119112206,0.00013048801556961854
6,0.5,91,0.023123735304422667,0.0001287466634809336,0.00012010482787162064,0.0001287466634809336
6,0.5,92,0.022949552717401404,0.00015439559433571035,0.00015439559433571035,0.000133593562031208
6,0.5,93,0.022892724041078408,0.00013879668898622688,0.00012523510993551587,0.00013879668898622688
6,0.5,94,0.022730321569181734,0.00013436543754687892,0.00011579028563647336,0.00013436543754687892
6,0.5,95,0.022891883936044504,0.0001442220844860502,0.0001442220844860502,0.00012989932639632858
6,0.5,96,0.02307797668589473,0.0001354330837290295,0.00013291579238019265,0.0001354330837290295
6,0.5,97,0.022907432648944067,0.00014869612012966988,0.00014869612012966988,0.00013490976174618602
6,0.5,98,0.023009322590430488,0.00015051886942136605,0.00015051886942136602,0.00013822780633069917
6,0.5,99,0.022878622055158355,0.00013477768172135804,0.00010948281650603601,0.00013477768172135804
6,0.5,100,0.02284277179450596,0.0001355530491787261,0.00010907858640839271,0.0001355530491787261
6,0.5,101,0.022767903455025027,0.00013526857489047287,0.00013526857489047287,0.0001275577571747057
6,0.5,102,0.022937409732945033,0.00014755825484025542,0.00014755825484025542,0.00013034378293317624
6,0.5,103,0.022899802621731295,0.0001399965188716011,0.0001399965188716011,0.0001338615780039629
6,0.5,104,0.023062235428210582,0.00013664953812222042,0.00013599516437417595,0.00013664953812222042
6,0.5,105,0.02299577653480606,0.00014355600420336685,0.00014355600420336685,0.0001377913032060125
6,0.5,106,0.023127444765974597,0.0001461569406695402,0.0001461569406695402,0.0001407436634213459
6,0.5,107,0.022955272199062054,0.000139325306142366,0.0001322580235061858,0.000139325306142366
6,0.5,108,0.0230097534141231,0.00013711421135404497,0.0001268313873988913,0.00013711421135404497
6,0.5,109,0.022977551163584024,0.0001362158010754811,0.00012368092616577678,0.0001362158010754811
6,0.5,110,0.023059865794320275,0.00013439733424893403,0.00013053150122294417,0.00013439733424893403
6,0.5,111,0.023068369972043482,0.00013658385568709707,0.00013518398978863203,0.00013658385568709707
6,0.5,112,0.022812580556304193,0.00013653940062427976,0.00012600429257269956,0.00013653940062427976
6,0.5,113,0.022861867853513962,0.00013724044687252348,0.00013724044687252348,0.0001314074524488064
6,0.5,114,0.02280738607365348,0.00013154260884635065,0.00010851674304589757,0.00013154260884635065
6,0.5,115,0.022847814453447367,0.00015732207110463525,0.00015732207110463525,0.0001329378428756728
6,0.5,116,0.022827226156154904,0.00013395963959561628,0.00012705331219221638,0.00013395963959561628
6,0.5,117,0.022794188557553552,0.00013272480033752924,0.00011147365224182534,0.00013272480033752924
6,0.5,118,0.022873021128365135,0.0001326292010984038,0.00010355290590771645,0.0001326292010984038
6,0.5,119,0.02294977185082266,0.00013845127940142693,0.00011206508353792566,0.00013845127940142693
6,0.5,120,0.02293477572557383,0.00013097617224494619,0.00010639095473158848,0.00013097617224494619
6,0.5,121,0.022917139255348287,0.00013858865117970107,0.00013858865117970107,0.00012774502530111528
6,0.5,122,0.02303880707898082,0.00015506720622538087,0.00015506720622538087,0.00013520393768525152
6,0.5,123,0.023049926558548584,0.00015801439214700218,0.00015801439214700218,0.00013817993731052904
6,0.5,124,0.02304607464057716,0.00014285638713246613,0.0001428563871324661,0.00013900968829152352
6,0.5,125,0.022975818646556657,0.0001381387947920366,0.00012567607253637764,0.0001381387947920366
6,0.5,126,0.022935348051271953,0.00013465922918274082,0.00010642995857198113,0.00013465922918274082
6,0.5,127,0.02304043606211115,0.0001363173033644556,0.00011081577596147307,0.0001363173033644556
6,0.5,128,0.02282093432472388,0.0001375748577454658,0.00013296155012635372,0.0001375748577454658
6,0.5,129,0.02277645138444796,0.00013709765783153572,0.00011564481052580331,0.00013709765783153572
6,0.5,130,0.02296452814287236,0.00013193701991848913,0.00010305767869189427,0.00013193701991848913
6,0.5,131,0.022793578889487225,0.00013840458176601827,0.00011834626038135433,0.00013840458176601827
6,0.5,132,0.022849547354615727,0.00013602843739242285,0.00013602843739242285,0.0001358234705728748
6,0.5,133,0.022903542256924262,0.0001390008667644624,0.00012458449446210503,0.0001390008667644624
6,0.5,134,0.023041830368764598,0.00013770306199279445,0.00010805119890522794,0.00013770306199279445
6,0.5,135,0.022960589261743804,0.0001404113068199566,0.00010302926935826729,0.0001404113068199566
6,0.5,136,0.023105037791134937,0.00013518675601014742,0.000119301557404395,0.00013518675601014742
6,0.5,137,0.022916203364987186,0.00013540159424919944,0.00013537078353863523,0.00013540159424919944
6,0.5,138,0.022932720741738653,0.0001379045377758419,0.00012071029824112486,0.0001379045377758419
6,0.5,139,0.023124064158435355,0.00014091102699345675,0.0001248548650504883,0.00014091102699345675
6,0.5,140,0.02322301027202972,0.00018080423195152644,0.0001808042319515264,0.00013840854437830507
6,0.5,141,0.02317549637149406,0.00013927158237823098,0.00013764564066596525,0.00013927158237823098
6,0.5,142,0.023111499270092213,0.000134937176662198,0.00011737612005848824,0.000134937176662198
6,0.5,143,0.022965986884908376,0.00013887757953002548,0.0001244683995426534,0.00013887757953002548
6,0.5,144,0.022991438503357827,0.00014986932769477668,0.00014986932769477668,0.00013367465623585097
6,0.5,145,0.02304696101122063,0.0001326233936164477,0.0001262858446580556,0.0001326233936164477
6,0.5,146,0.02308178121411147,0.00013479409946494847,0.00013265379036574227,0.00013479409946494847
6,0.5,147,0.02312464574759104,0.0001384503335084756,0.00013030520308658509,0.0001384503335084756
6,0.5,148,0.02320851604235056,0.0001365608059254183,0.00011791855806737828,0.0001365608059254183
6,0.5,149,0.023011440517121267,0.00013326317988579607,0.00010367516634352821,0.00013326317988579607
6,0.5,150,0.023061715820148827,0.0001366533840620256,0.0001366533840620256,0.00013656051658161042
6,0.5,151,0.02305201889432034,0.00014116498667930385,0.0001284122368657987,0.00014116498667930385
6,0.5,152,0.02319804256961964,0.0001396058959615123,0.00012542826147410015,0.0001396058959615123
6,0.5,153,0.023233070791911302,0.00014847492423953655,0.00014847492423953655,0.00014540124874913034
6,0.5,154,0.023107768713708943,0.00019291982254651942,0.0001929198225465194,0.00014363815875104445
6,0.5,155,0.023051832628367363,0.00015524596625133348,0.00015524596625133348,0.00013507568918270813
6,0.5,156,0.02311244284765096,0.00013793648258367342,0.00012564914581662378,0.00013793648258367342
6,0.5,157,0.02313749845222459,0.00014577388841915617,0.00014577388841915617,0.0001413484965338533
6,0.5,158,0.023119571981988784,0.00014848713764772199,0.00014848713764772199,0.00013936889411006044
6,0.5,159,0.02317745717567216,0.00015615453957658538,0.00015615453957658538,0.00013962997418789404
6,0.5,160,0.023177743414149864,0.00014577498287683883,0.00014577498287683885,0.00013618393366841792
6,0.5,161,0.023103427676729685,0.00015981990374999743,0.00015981990374999743,0.00013952564893046705
6,0.5,162,0.022959179126482078,0.00014519981846251292,0.0001451998184625129,0.00013223242773552127
6,0.5,163,0.022915017621579485,0.0001323265492619137,0.00012405016610288148,0.0001323265492619137
6,0.5,164,0.022861546537819025,0.00013491029608494128,0.0001347048105439025,0.00013491029608494128
6,0.5,165,0.022903449900661475,0.0001569511552846276,0.0001569511552846276,0.00013003227617381646
6,0.5,166,0.02285502344265217,0.00013330730191678543,0.00013223456120223958,0.00013330730191678543
6,0.5,167,0.023095738204874428,0.00014326470817655366,0.00014326470817655366,0.00013333463176554478
6,0.5,168,0.022980926655246807,0.00013157242691675547,0.0001306466653599898,0.00013157242691675547
6,0.5,169,0.02299707772255977,0.00015813931717608247,0.00015813931717608247,0.00013488164998863258
6,0.5,170,0.022765474438136344,0.00013481137155286563,0.00013481137155286563,0.00013224518491995548
6,0.5,171,0.02267098123288464,0.00013855708105479683,0.00010877071575740084,0.00013855708105479683
6,0.5,172,0.022838998054278713,0.0001347229034144215,0.00012318779217344178,0.0001347229034144215
6,0.5,173,0.022940662561869173,0.0001366390208904457,0.0001366390208904457,0.00013624799892298351
6,0.5,174,0.022894717030071295,0.00014053865487222993,0.0001331591148611195,0.00014053865487222993
6,0.5,175,0.023201146562996197,0.00014581994991017447,0.00014581994991017444,0.0001432127501433891
6,0.5,176,0.02316135734613223,0.0001773197668947763,0.0001773197668947763,0.00013447880384366754
6,0.5,177,0.023123441233756422,0.00018318234544890944,0.00018318234544890944,0.0001417873738373926
6,0.5,178,0.023190539908115815,0.00015498975226955184,0.00015498975226955184,0.00013931881074239649
6,0.5,179,0.02311512388413068,0.0001345469915259114,0.00013209309025997136,0.0001345469915259114
6,0.5,180,0.023123430904006436,0.00014489143115853424,0.00014489143115853421,0.0001340690010412443
6,0.5,181,0.02310155329162154,0.00014892215700080394,0.00014892215700080394,0.00013560398222111394
6,0.5,182,0.02297010872422228,0.00014299078949263664,0.00014299078949263664,0.0001322397732744291
6,0.5,183,0.02307673606346207,0.00013924157212363578,0.00013924157212363578,0.00013639785103114604
6,0.5,184,0.023371266479773303,0.00013910916877037333,0.00013708578720495487,0.00013910916877037333
6,0.5,185,0.023227182478687835,0.00014224334743424884,0.00011025981347415084,0.00014224334743424884
6,0.5,186,0.0231138674109314,0.00014617390855401713,0.00014617390855401713,0.00014396280819607457
6,0.5,187,0.02311674408752746,0.0001625862734640141,0.0001625862734640141,0.00013851145995576213
6,0.5,188,0.023109699047025273,0.00015283038318699265,0.00015283038318699267,0.00013785252854452693
6,0.5,189,0.022926317719570134,0.0001706701546376763,0.00017067015463767633,0.00013903055040827107
6,0.5,190,0.022805395836231666,0.0001638343017603288,0.0001638343017603288,0.00013108264839982212
6,0.5,191,0.02282665065792262,0.00014452424598079442,0.00014452424598079442,0.00013526046006028734
6,0.5,192,0.022789422315860067,0.00016566593904385738,0.0001656659390438574,0.000136602408373772
6,0.5,193,0.022856087177601018,0.00017353619682713346,0.00017353619682713346,0.00013675126931320152
6,0.5,194,0.022841206200258403,0.00013871377032903098,0.00013871377032903098,0.00013556802620344314
6,0.5,195,0.023002622545202144,0.00015007130507997427,0.00015007130507997427,0.0001346692691210606
6,0.5,196,0.022941417239102153,0.00017018535814943987,0.00017018535814943987,0.0001279528364772189
6,0.5,197,0.022845608750994322,0.0001377752732316301,0.0001377752732316301,0.00012860047908487925
6,0.5,198,0.022909964549935227,0.00015405811534324412,0.00015405811534324412,0.00012568831537762448
6,0.5,199,0.022900127164636828,0.00017245495181171234,0.00017245495181171232,0.0001286126974424056
6,0.5,200,0.022878543737573483,0.00013588837165731638,0.00013588837165731638,0.00013276965593091145
6,0.5,201,0.02286931459152188,0.00013229827187057292,0.00012453548689459493,0.00013229827187057292
6,0.5,202,0.0229208632348944,0.0001442581007544042,0.0001442581007544042,0.00013811514009384547
6,0.5,203,0.022869945400255148,0.0001632863794610751,0.0001632863794610751,0.00013308781847859655
6,0.5,204,0.023001183529913517,0.0001475770355849397,0.0001475770355849397,0.00013624887528581936
6,0.5,205,0.02311110966723869,0.0001403440181281782,0.0001403440181281782,0.00013229992626582034
6,0.5,206,0.023086758163813437,0.00015041853669431037,0.00015041853669431034,0.0001418690593164643
6,0.5,207,0.023140381125978795,0.00014060307735253334,0.00014060307735253334,0.00013954580117088447
6,0.5,208,0.023005015560550714,0.00016392135478479194,0.00016392135478479194,0.0001431328509743689
6,0.5,209,0.02297333129384253,0.00015380202912368703,0.00015380202912368705,0.0001378897610029026
6,0.5,210,0.022684452008116883,0.00014076692997078662,0.0001407669299707866,0.00013364883458087253
6,0.5,211,0.022829228811431956,0.00013285358235958067,0.00011669440624752393,0.00013285358235958067
6,0.5,212,0.0227840116202758,0.00013839038665399095,0.00011053570068764519,0.00013839038665399095
6,0.5,213,0.022845695683994572,0.00013670442304543486,0.00011695281160240072,0.00013670442304543486
6,0.5,214,0.022966163150756964,0.00013403250137678644,0.00010608213712268195,0.00013403250137678644
6,0.5,215,0.023156608318482264,0.0001392580599299803,0.0001392580599299803,0.00013653319810570086
6,0.5,216,0.02308942677499619,0.00013757019040505782,0.00013739993912814641,0.00013757019040505782
6,0.5,217,0.023273009515224145,0.00014189232112705373,0.00012555732689972194,0.00014189232112705373
6,0.5,218,0.02317154764101765,0.00015448521507502587,0.00015448521507502587,0.00013856134355587105
6,0.5,219,0.023263647000383504,0.0001506907635155424,0.0001506907635155424,0.00013842636602165746
6,0.5,220,0.02322064262526713,0.0001469978013759545,0.00014699780137595453,0.00013828185371450393
6,0.5,221,0.023233004931427714,0.00013287364361698893,0.00011897305395859478,0.00013287364361698893
6,0.5,222,0.02321589722472166,0.00013872705912116958,0.0001133990699175055,0.00013872705912116958
6,0.5,223,0.023217136873586883,0.0001439001819567262,0.00012247020334351164,0.0001439001819567262
6,0.5,224,0.02296022044890407,0.0001438408195135153,0.00012566079162720263,0.0001438408195135153
6,0.5,225,0.022877765292744757,0.00014200144577938956,0.00014200144577938956,0.00014166697143573096
6,0.5,226,0.022977733581114178,0.00014502256708509678,0.0001365123881083945,0.00014502256708509678
6,0.5,227,0.023119191665514332,0.00013848366769876247,0.00012540216571279783,0.00013848366769876247
6,0.5,228,0.023062434480851636,0.0001346549122134591,9.777706850080111e-05,0.0001346549122134591
6,0.5,229,0.02304310948434775,0.00013825020853513163,0.00013825020853513163,0.00013297290911579436
6,0.5,230,0.02313745256128521,0.00017458862407811697,0.000174588624078117,0.00013543301522308954
6,0.5,231,0.02306981221976649,0.00018158953203448655,0.00018158953203448655,0.0001307682179220524
6,0.5,232,0.02301146416986639,0.0001479175512653938,0.0001479175512653938,0.00013512270193887524
6,0.5,233,0.023109051591001052,0.00014204421818114464,0.00014204421818114464,0.0001354933510709613
6,0.5,234,0.023048916071941244,0.00013787921893779976,0.00012924771079703655,0.00013787921893779976
6,0.5,235,0.023026017479303353,0.00014064204642882076,0.00011688569543394465,0.00014064204642882076
6,0.5,236,0.022911978429136517,0.00014002950597440607,0.00014002950597440607,0.00013486609249429717
6,0.5,237,0.022867814073887036,0.0001581470566463888,0.0001581470566463888,0.00013257806378361248
6,0.5,238,0.0228666125589265,0.00015272911933869758,0.00015272911933869758,0.00013752990669058422
6,0.5,239,0.022985688438522223,0.0001425389980585368,0.0001425389980585368,0.00013829217269828933
6,0.5,240,0.022960141055592815,0.0001611886868621261,0.0001611886868621261,0.00013712664894362846
6,0.5,241,0.02307437228918403,0.00018148237237009058,0.00018148237237009058,0.0001350814464729825
6,0.5,242,0.023128528149437347,0.00016360945535969914,0.00016360945535969914,0.0001362399676199539
6,0.5,243,0.022938173952294957,0.00013824537735796503,0.00013284641416107834,0.00013824537735796503
6,0.5,244,0.022789975428102776,0.00016511276733714348,0.00016511276733714345,0.0001314774461596547
6,0.5,245,0.02283190643916364,0.0001500957671670281,0.0001500957671670281,0.0001351277030768077
6,0.5,246,0.02270215920305004,0.00013581392211146895,0.00012641540288614903,0.00013581392211146895
6,0.5,247,0.0228226006375352,0.0001330087981324156,0.00012187325323060436,0.0001330087981324156
6,0.5,248,0.02294169560728993,0.00013180013403760394,0.0001284833924060244,0.00013180013403760394
6,0.5,249,0.022806071703823646,0.00013528698713007595,0.0001333824958875894,0.00013528698713007595
6,0.5,250,0.022906162303373206,0.00013733949970358376,0.00011363320213730608,0.00013733949970358376
6,0.5,251,0.02290905532487852,0.00013445498733277115,0.00010440945698918683,0.00013445498733277115
6,0.5,252,0.022985165505744996,0.00014560375213049347,0.00014560375213049347,0.0001356596715004677
6,0.5,253,0.02286635244379176,0.00013939093572206586,0.0001259355388460627,0.00013939093572206586
6,0.5,254,0.023121695731569962,0.00014083799755559436,0.00014083799755559436,0.00013768443270089075
6,0.5,255,0.023026239054930484,0.0001343664121125564,0.00011227576850151147,0.0001343664121125564
6,0.5,256,0.023056878732958096,0.00013924654905149293,0.0001392465490514929,0.00013476416395023745
6,0.5,257,0.02303017743100516,0.0001382794126274013,0.00013016337504388644,0.0001382794126274013
6,0.5,258,0.023011333580830764,0.00014653440052594328,0.00014653440052594328,0.00013987925667289418
6,0.5,259,0.023213131511950973,0.00014234750541896915,0.00013878139880400868,0.00014234750541896915
6,0.5,260,0.023050512260254508,0.00014129664949368587,0.00013351325143769112,0.00014129664949368587
6,0.5,261,0.02300598084605621,0.00013632414630952827,0.00011448536118415458,0.00013632414630952827
6,0.5,262,0.02295170781921715,0.00014446187302203623,0.00012412187615596038,0.00014446187302203623
6,0.5,263,0.022915268326849234,0.00014005693724170227,0.0001344482226807473,0.00014005693724170227
6,0.5,264,0.022827172257623003,0.00014064567367861033,0.00014064567367861035,0.00013576189656272004
6,0.5,265,0.02260496604226482,0.00016793580749310845,0.00016793580749310845,0.00013890502214598818
6,0.5,266,0.022809936141327165,0.00016262718276547342,0.0001626271827654734,0.0001418741494413539
6,0.5,267,0.022874107571947612,0.0001689096368153834,0.0001689096368153834,0.00014255402667247088
6,0.5,268,0.02296763227565817,0.00016631519795606996,0.00016631519795606996,0.00013888270028088415
6,0.5,269,0.022945437878527656,0.00017329491605333673,0.00017329491605333673,0.0001391391098723483
6,0.5,270,0.02287868018075944,0.00016068966813756108,0.00016068966813756108,0.0001351538647428491
6,0.5,271,0.023107960432460165,0.0001637984178130973,0.0001637984178130973,0.00013882731743162973
6,0.5,272,0.023046251033085392,0.00016099705565173633,0.00016099705565173633,0.0001377119197452819
6,0.5,273,0.02308533503103723,0.00014321059215670516,0.00014321059215670516,0.00013688728922694928
6,0.5,274,0.022949916797421907,0.0001569942214051373,0.0001569942214051373,0.00013857328510030482
6,0.5,275,0.022994265006270095,0.00013561950360515513,0.0001356195036051551,0.00013028078241782718
6,0.5,276,0.023096675290713076,0.00017973988931903703,0.00017973988931903703,0.00013788113169984354
6,0.5,277,0.02313290268721849,0.00019846511588020394,0.00019846511588020394,0.00014087911341449937
6,0.5,278,0.02317633137435498,0.0001665325440754531,0.0001665325440754531,0.00013597479075622853
6,0.5,279,0.0231429857233419,0.00016644377900700463,0.0001664437790070046,0.00013118159216895248
6,0.5,280,0.023272309191541277,0.00015965182977552357,0.00015965182977552357,0.00013088116808525685
6,0.5,281,0.02316552887996271,0.0001389308909686757,0.00013893089096867568,0.00013755267143670855
6,0.5,282,0.02304738911295662,0.00015553598298001452,0.00015553598298001452,0.0001377072570573449
6,0.5,283,0.02315565719713061,0.00013570102567294078,0.00013570102567294078,0.0001347882309944496
6,0.5,284,0.02303479743056524,0.0001364041527631007,0.0001364041527631007,0.00013385631962922553
6,0.5,285,0.022925532906587876,0.00013831267697111784,0.00013831267697111784,0.00012837842228172083
6,0.5,286,0.022940291392099032,0.00013199063574217577,0.00013019053353488074,0.00013199063574217577
6,0.5,287,0.02273829701083038,0.0001332735366621952,0.00012256156084041543,0.0001332735366621952
6,0.5,288,0.022944119557715383,0.0001371189913654176,0.00012651390940345147,0.0001371189913654176
6,0.5,289,0.022959964941764353,0.00014172754940597443,0.00013766008295631123,0.00014172754940597443
6,0.5,290,0.022936111648270953,0.00013790302399799197,0.00012393298604270597,0.00013790302399799197
6,0.5,291,0.023090315867552856,0.00013091557091599103,9.32094770372619e-05,0.00013091557091599103
6,0.5,292,0.023016282827835924,0.00013860070996878632,0.00012138815640486849,0.00013860070996878632
6,0.5,293,0.022968602100747262,0.00012982207535553117,0.00012812745247804317,0.00012982207535553117
6,0.5,294,0.023043742802650712,0.00017105729969858129,0.00017105729969858126,0.00013411754434111914
6,0.5,295,0.023096042313362628,0.00018872960660294802,0.00018872960660294802,0.0001366751839142474
6,0.5,296,0.02300090749661312,0.00018520085408908152,0.00018520085408908152,0.00013976876197955353
6,0.5,297,0.023054372893957793,0.00017276234097325668,0.00017276234097325668,0.00013371058369301744
6,0.5,298,0.022952196931525733,0.00016127855531237594,0.00016127855531237594,0.0001370905114051424
6,0.5,299,0.023160645994030636,0.00017398191214444746,0.00017398191214444746,0.0001432150107424346
6,0.5,300,0.022872176487780574,0.00013644725615117697,0.000129465104704135,0.00013644725615117697
6,0.5,301,0.0229127116260669,0.000134653801202721,0.000134653801202721,0.0001323400589597554
6,0.5,302,0.02297219902012792,0.00013357691949491128,0.00011548777127299591,0.00013357691949491128
6,0.5,303,0.023016184769530205,0.00013462979846098306,0.0001152393350109219,0.00013462979846098306
6,0.5,304,0.02312723753870578,0.00013261576251213426,0.00011030537276825723,0.00013261576251213426
6,0.5,305,0.02293794205778882,0.00013378377932044667,0.00012072879260134727,0.00013378377932044667
6,0.5,306,0.02294846910162582,0.0001380462431274569,0.00012662862154322945,0.0001380462431274569
6,0.5,307,0.022846266936098075,0.00015541891299174072,0.00015541891299174072,0.00013123981210481033
6,0.5,308,0.022830777995870487,0.0001372027029768379,0.0001372027029768379,0.00013333735689325733
6,0.5,309,0.022920488416510374,0.00015319634516829266,0.00015319634516829266,0.00013582102046333266
6,0.5,310,0.02311558125270923,0.00013709531579295838,0.00013709531579295835,0.00013579595690824418
6,0.5,311,0.022924233199791585,0.0001572790669811329,0.0001572790669811329,0.00013610963638250153
6,0.5,312,0.022919047522955517,0.00013728342561001835,0.00013728342561001835,0.00013355501415224865
6,0.5,313,0.022862055344172294,0.00013706856303956905,0.00012082474781571272,0.00013706856303956905
6,0.5,314,0.022822985338106297,0.00013836745522789287,0.00013836745522789287,0.0001349126170158285
6,0.5,315,0.022982614385746638,0.0001470494792996989,0.0001470494792996989,0.00013362277520072492
6,0.5,316,0.02295882271665425,0.00013587424758022173,0.00013587424758022173,0.00013061429402992203
6,0.5,317,0.02287433697598361,0.00013470409984074004,0.00012231271843942573,0.00013470409984074004
6,0.5,318,0.022979563483013235,0.0001368702085076546,0.00012484035346213223,0.0001368702085076546
6,0.5,319,0.023050279743171875,0.00013761399082339157,0.00011088147131394654,0.00013761399082339157
6,0.5,320,0.02298326496114728,0.00014246300902903545,0.00014246300902903548,0.00013111256877684687
6,0.5,321,0.022965152016330308,0.00014479753747217753,0.00014479753747217753,0.00013755346155788003
6,0.5,322,0.022914494922769615,0.00015112241111162655,0.00015112241111162655,0.00013721371972929197
6,0.5,323,0.022959600198280625,0.00013825353693936463,0.0001323099432435843,0.00013825353693936463
6,0.5,324,0.02288937996009843,0.00014065892117019543,0.00014065892117019543,0.00013684945410595009
6,0.5,325,0.02293508207683701,0.00015618058602922969,0.00015618058602922966,0.00013984258836442925
6,0.5,326,0.022891812057808006,0.00014803419914603355,0.00014803419914603355,0.00013476494987418335
6,0.5,327,0.02270298941320096,0.00015621303746816476,0.00015621303746816476,0.00012787459520348623
6,0.5,328,0.02283476014754449,0.00016612710105965914,0.00016612710105965917,0.00013012252750917584
6,0.5,329,0.02281167505668081,0.00013477976887802482,0.00013477976887802482,0.00012930636588067424
6,0.5,330,0.022985548993569978,0.00013221458049361947,0.00013019312664826243,0.00013221458049361947
6,0.5,331,0.02295577458535673,0.00013792971937777606,0.00013792971937777606,0.0001316664364033553
6,0.5,332,0.02291200810864595,0.00013748199357612806,0.0001270975304163206,0.00013748199357612806
6,0.5,333,0.022875836357467292,0.00013682699769016464,0.00012137464762413515,0.00013682699769016464
6,0.5,334,0.022925040676230326,0.0001357322121510628,0.00012481538513431505,0.0001357322121510628
6,0.5,335,0.02288756306976084,0.00013775553953579512,0.00011844558949672897,0.00013775553953579512
6,0.5,336,0.022823526808882895,0.00014069361015342483,0.00013582185441519216,0.00014069361015342483
6,0.5,337,0.022906364629293532,0.00013992400911391417,0.00012087374470424438,0.00013992400911391417
6,0.5,338,0.022824692851113555,0.00013507724736993857,0.00011761902270338084,0.00013507724736993857
6,0.5,339,0.02283070377920471,0.00014116022158908902,0.0001243043927427916,0.00014116022158908902
6,0.5,340,0.02284060542820982,0.00013666961262981368,0.00013466730417315665,0.00013666961262981368
6,0.5,341,0.022879398193344124,0.00013463401155707156,0.00010347863922568663,0.00013463401155707156
6,0.5,342,0.02292077375548267,0.0001307595305327541,0.00012904533014887823,0.0001307595305327541
6,0.5,343,0.023161739103879166,0.00013780957116003246,0.00013165103611801907,0.00013780957116003246
6,0.5,344,0.023050311077362284,0.000140105938968452,0.000140105938968452,0.00013462222373138762
6,0.5,345,0.023097553450827393,0.0001476793556058755,0.00014767935560587554,0.00014465386209513612
6,0.5,346,0.022909361714569976,0.0001374872809470894,0.00013162489306967062,0.0001374872809470894
6,0.5,347,0.02300835666260081,0.00014439839057323392,0.00014439839057323392,0.00013870116442006537
6,0.5,348,0.02304518328076969,0.00014058466897276956,0.00014058466897276954,0.00013953467856984343
6,0.5,349,0.023210135612217995,0.00014039479303916286,0.00012871411851665815,0.00014039479303916286
6,0.5,350,0.023089533891282907,0.00013494710738022462,0.0001272961786549174,0.00013494710738022462
6,0.5,351,0.023064621778488236,0.00013370881022172284,0.00012549320723659826,0.00013370881022172284
6,0.5,352,0.02321791013570778,0.00013626010768048234,0.00012646536276814606,0.00013626010768048234
6,0.5,353,0.023103109234185133,0.00013815363304151823,0.00013815363304151823,0.00013508932215172483
6,0.5,354,0.023246141233482356,0.00014717316924874524,0.00014717316924874524,0.00014653679076421914
6,0.5,355,0.02309962345743667,0.00013968017110915743,0.00011238874692468442,0.00013968017110915743
6,0.5,356,0.02324188401067624,0.00014670703200385442,0.00014670703200385442,0.0001401273793924471
6,0.5,357,0.02313890227978803,0.00016920133892767418,0.00016920133892767418,0.00013981280153599096
6,0.5,358,0.023008236614342464,0.0001409887348994241,0.00013144611031219928,0.0001409887348994241
6,0.5,359,0.023237832820132472,0.0001464845708561077,0.0001464845708561077,0.0001377314492056406
6,0.5,360,0.02328225671492056,0.0001521352029493802,0.00015213520294938017,0.00013739170911043034
6,0.5,361,0.02320685513254136,0.00016200407973962437,0.00016200407973962437,0.0001403034184748172
6,0.5,362,0.02320899663837472,0.00013877453999076758,0.00013126942465966745,0.00013877453999076758
6,0.5,363,0.023305868174179307,0.0001434347339589436,0.0001315974999254286,0.0001434347339589436
6,0.5,364,0.02336314743261296,0.00017775971285156133,0.00017775971285156133,0.00014448846290113248
6,0.5,365,0.023352356591173132,0.0001553411460001231,0.0001553411460001231,0.00014252177547725874
6,0.5,366,0.02321539582057437,0.00014549379484073328,0.0001454937948407333,0.0001404184343712252
6,0.5,367,0.02330475719826943,0.00013934792341481941,0.00013263685431533622,0.00013934792341481941
6,0.5,368,0.023114579928734443,0.00014617759163388345,0.00014617759163388345,0.0001326424945244085
6,0.5,369,0.023155940316312126,0.00013635244195981882,0.00012178354138741135,0.00013635244195981882
6,0.5,370,0.02304539537097768,0.00013968406739087137,0.00011833775385108597,0.00013968406739087137
6,0.5,371,0.023024847916950256,0.00013815221909222215,0.00013815221909222215,0.00013487339956613938
6,0.5,372,0.022956228185826006,0.00015174143009156132,0.00015174143009156132,0.0001442766717878051
6,0.5,373,0.022801031562507214,0.00015567409110367835,0.00015567409110367835,0.00013780045109515032
6,0.5,374,0.023034956636318528,0.00016241132238894846,0.00016241132238894846,0.00014003748373073386
6,0.5,375,0.02293709371855015,0.00017138030213551154,0.00017138030213551152,0.00013698056145900058
6,0.5,376,0.022968205089944776,0.00015478025596870574,0.00015478025596870574,0.0001320607627956808
6,0.5,377,0.022947654886161756,0.00014890250225753365,0.00014890250225753365,0.00013402067336555412
6,0.5,378,0.02293797838734826,0.00013881364971965663,0.00013881364971965663,0.0001327803655405303
6,0.5,379,0.022974047598692305,0.0001490659687220832,0.0001490659687220832,0.00012820171024375908
6,0.5,380,0.02292574068066263,0.00013325873746772816,0.00012701430720061133,0.00013325873746772816
6,0.5,381,0.022907292905739514,0.00014862494898176964,0.00014862494898176964,0.00013881382269055565
6,0.5,382,0.02288802566566439,0.00013512633782253428,0.0001236788445105753,0.00013512633782253428
6,0.5,383,0.02288908127174201,0.00013980181665768044,0.0001265175532129102,0.00013980181665768044
6,0.5,384,0.023035078001485666,0.00013798144287602702,0.00013798144287602702,0.00013689677112360807
6,0.5,385,0.022913116150680684,0.00014116840439121233,0.00013311266652917108,0.00014116840439121233
6,0.5,386,0.022909065892692995,0.0001419030401878293,0.00014190304018782927,0.00013616854449073287
6,0.5,387,0.02284830358055377,0.00014953504919053406,0.00014953504919053406,0.00013809541211733296
6,0.5,388,0.022963246320725255,0.00013809603606470785,0.00013809603606470787,0.00013783721243296765
6,0.5,389,0.022829417710878774,0.000132165783056843,0.00010232156124709377,0.000132165783056843
6,0.5,390,0.022892089990603368,0.00013270588868357882,9.413446011864357e-05,0.00013270588868357882
6,0.5,391,0.023019132871049827,0.00013743075209832266,0.00010864327172166327,0.00013743075209832266
6,0.5,392,0.02297096334724076,0.00013803798693381842,0.0001380379869338184,0.00013698650611482382
6,0.5,393,0.02293353568018291,0.0001411374908946182,0.0001411374908946182,0.00013582056522454302
6,0.5,394,0.023052164472869473,0.00013756822600132204,0.00012244380796168458,0.00013756822600132204
6,0.5,395,0.022979297764520772,0.00013906707896021414,0.00011039735384912263,0.00013906707896021414
6,0.5,396,0.02279714185221411,0.00013553190668965084,0.0001274225967957526,0.00013553190668965084
6,0.5,397,0.022921093346513217,0.00015812181557617932,0.00015812181557617932,0.00013763871504572834
6,0.5,398,0.02287723257457177,0.0001468199484985015,0.0001468199484985015,0.00013417638084602858
6,0.5,399,0.022864026332332758,0.00015830695628002737,0.00015830695628002737,0.00013992124202895926
6,0.5,400,0.022822993150399384,0.00015469023816873552,0.00015469023816873555,0.00014079157092285869
6,0.5,401,0.022993260416046827,0.0001567660805374625,0.0001567660805374625,0.00013898655620387456
6,0.5,402,0.022925625111957726,0.00017015326355604294,0.00017015326355604294,0.00014206075614826938
6,0.5,403,0.022959930162183378,0.0001406942959384595,0.0001293080081020239,0.0001406942959384595
6,0.5,404,0.022892822483435462,0.0001551575607395233,0.00015515756073952331,0.0001376032168224695
6,0.5,405,0.022850431796766827,0.00014106517214004804,0.00014106517214004804,0.00013350448573584367
6,0.5,406,0.02303325627593546,0.00013665152018887034,0.00013264394653908073,0.00013665152018887034
6,0.5,407,0.023035477919645164,0.00013709215875569623,0.00012348692305458572,0.00013709215875569623
6,0.5,408,0.02324845566470462,0.00014567176464833786,0.00014567176464833786,0.0001377879893686495
6,0.5,409,0.02321503810155843,0.00013459277930417263,0.00013459277930417263,0.0001339885848090319
6,0.5,410,0.023211962216624856,0.00012871718753591473,0.00010933022578003181,0.00012871718753591473
6,0.5,411,0.023221732540467787,0.00013708973925857283,0.00013619283313331455,0.00013708973925857283
6,0.5,412,0.02329908657337276,0.00013988486935545062,0.00013252827260268977,0.00013988486935545062
6,0.5,413,0.023156597977669793,0.00013642896555885522,0.00012881520846463483,0.00013642896555885522
6,0.5,414,0.023178214693328054,0.00014296832400862,0.0001210279658146678,0.00014296832400862
6,0.5,415,0.023262023058830864,0.00017811435469627143,0.00017811435469627143,0.0001444916004497861
6,0.5,416,0.023086352972761518,0.00015797359545679772,0.00015797359545679772,0.0001415031026345714
6,0.5,417,0.023016369286586215,0.00013647557260012516,0.00012472125441065682,0.00013647557260012516
6,0.5,418,0.023134655060996916,0.00014557357300079525,0.00014557357300079522,0.00013685422045028848
6,0.5,419,0.023084525351849548,0.0001602215339881709,0.0001602215339881709,0.00013499353508964108
6,0.5,420,0.022967501452861642,0.00013810510679924856,0.00013810510679924856,0.00013366925720106453
6,0.5,421,0.022858822789369963,0.0001351726305089393,0.00012461261842272573,0.0001351726305089393
6,0.5,422,0.022972963844239972,0.00013446938318115604,0.00013424371894743108,0.00013446938318115604
6,0.5,423,0.02294438319136537,0.00014276526556102913,0.00014276526556102913,0.00013120455726831184
6,0.5,424,0.02295859133348279,0.00014185489342598411,0.00014185489342598411,0.00013437689090821855
6,0.5,425,0.023125224159622204,0.0001375123069813108,0.00012374909820720052,0.0001375123069813108
6,0.5,426,0.022861671009318806,0.00015792547685405576,0.00015792547685405573,0.00013741578204184095
6,0.5,427,0.022920758938326378,0.00013991317407273344,0.0001382875124754335,0.00013991317407273344
6,0.5,428,0.022926029095015156,0.00015426222284936977,0.00015426222284936977,0.00013316980958737203
6,0.5,429,0.022785689517123443,0.00013707101234728794,0.0001370710123472879,0.000129646096660594
6,0.5,430,0.022809909565119888,0.00014453580860228148,0.0001445358086022815,0.0001350377442945562
6,0.5,431,0.022801828222230328,0.0001327986518688768,0.00012538829929230065,0.0001327986518688768
6,0.5,432,0.02262801402096595,0.00014826927882338528,0.00014826927882338528,0.00013879603889816123
6,0.5,433,0.022600833130789734,0.0001539605361909426,0.0001539605361909426,0.00014041339167521056
6,0.5,434,0.022746835106807698,0.00016245846882314473,0.0001624584688231447,0.0001347372781175475
6,0.5,435,0.022698607769581904,0.00015321220511353592,0.00015321220511353592,0.0001304772821160581
6,0.5,436,0.022839390620819706,0.00013556234485994782,0.0001355623448599478,0.00013208939431902738
6,0.5,437,0.022958983925720048,0.00014821123095568853,0.00014821123095568856,0.0001343367339635837
6,0.5,438,0.02281419456979749,0.00014635381840605408,0.0001463538184060541,0.00013410845753373174
6,0.5,439,0.022946161224904973,0.00015721034816984953,0.00015721034816984953,0.0001313462081855744
6,0.5,440,0.023053769460402933,0.0001394168184987258,0.0001394168184987258,0.00013514917861666805
6,0.5,441,0.023156313393248883,0.00013696393944107675,0.00013696393944107675,0.0001333383149710247
6,0.5,442,0.02315357140116725,0.00013820725882263046,0.00010679429872149446,0.00013820725882263046
6,0.5,443,0.02312597550151235,0.00013683943938709963,0.00010730374237113788,0.00013683943938709963
6,0.5,444,0.02308878569821137,0.0001396368122508652,0.0001103698987704529,0.0001396368122508652
6,0.5,445,0.022994041401145013,0.00015244235643449547,0.00015244235643449547,0.00013384353385595984
6,0.5,446,0.022966573755693782,0.00015120682390453542,0.00015120682390453542,0.00013776557190079902
6,0.5,447,0.022808570449158457,0.00014292643641409755,0.00014292643641409755,0.0001321533824011095
6,0.5,448,0.022845421672856418,0.00013623828122587725,0.00013623828122587728,0.00013621727358985233
6,0.5,449,0.02291114679807483,0.00014434009235444258,0.00014434009235444255,0.0001382134557183543
6,0.5,450,0.022709923066520577,0.00013443565002071702,0.00013408123878938126,0.00013443565002071702
6,0.5,451,0.022844559483184878,0.0001390137277673271,0.00012815406694264815,0.0001390137277673271
6,0.5,452,0.022799430977302873,0.00013287761110771486,0.00011593042659890157,0.00013287761110771486
6,0.5,453,0.022850205103072285,0.00013332749263392083,0.00012812415950207197,0.00013332749263392083
6,0.5,454,0.0226851704038088,0.0001421808700902748,0.0001421808700902748,0.00013016073933173024
6,0.5,455,0.02276810953090904,0.00013063786810371594,0.00012564241061401518,0.00013063786810371594
6,0.5,456,0.02295360008639682,0.00013182026176870333,0.00013182026176870333,0.00013148977440921345
6,0.5,457,0.02280456953243416,0.00015204565729312055,0.00015204565729312058,0.00012869550836165725
6,0.5,458,0.02285918094069548,0.0001384440927872453,0.0001384440927872453,0.0001326674850733069
6,0.5,459,0.022927674175296165,0.00014753048197620972,0.00014753048197620975,0.0001382105779931925
6,0.5,460,0.023124365938001358,0.00013969987195030693,0.00013880975722222873,0.00013969987195030693
6,0.5,461,0.02311607832453112,0.00013556506208780897,0.00013235605222773446,0.00013556506208780897
6,0.5,462,0.02314077296741782,0.00016323715957001963,0.00016323715957001963,0.00014466551089678355
6,0.5,463,0.023192945632844842,0.00017011007004817373,0.00017011007004817373,0.00014250852847834972
6,0.5,464,0.023206730588287223,0.00014671656475876796,0.00012734025034882493,0.00014671656475876796
6,0.5,465,0.02325297674079584,0.00014174402939112643,0.00013959421877326748,0.00014174402939112643
6,0.5,466,0.023131719692989303,0.00013878469360248649,0.00013708267764028025,0.00013878469360248649
6,0.5,467,0.02312978954336425,0.0001325418413214285,0.00012855823865151017,0.0001325418413214285
6,0.5,468,0.02306389984970146,0.0001476048755450174,0.0001476048755450174,0.0001363669101134661
6,0.5,469,0.023044678640723144,0.00013520231657850268,0.00013180236256851014,0.00013520231657850268
6,0.5,470,0.02298259770080181,0.00013703621321312098,0.00013353321175593093,0.00013703621321312098
6,0.5,471,0.023064274263422842,0.00013437083751640798,0.00011955557510800725,0.00013437083751640798
6,0.5,472,0.022913529028863355,0.00013274499998157125,0.00010582382720272893,0.00013274499998157125
6,0.5,473,0.02278432143918386,0.0001304064089252164,0.00012353673627002514,0.0001304064089252164
6,0.5,474,0.022821071809153846,0.00013251705292234835,0.00011146128517034721,0.00013251705292234835
6,0.5,475,0.02281658726244805,0.00012989496134605452,0.00010769068547562687,0.00012989496134605452
6,0.5,476,0.022816029807598948,0.00013920333576079868,0.0001257926526539385,0.00013920333576079868
6,0.5,477,0.023072902542195975,0.0001444629054123525,0.0001444629054123525,0.00013496459997141985
6,0.5,478,0.022939353905459373,0.00013471926814488983,0.00012065243106569498,0.00013471926814488983
6,0.5,479,0.022753337383754218,0.0001394609674589465,0.00012957375378051182,0.0001394609674589465
6,0.5,480,0.02285406528191258,0.00016064960088519388,0.00016064960088519388,0.0001367931273498386
6,0.5,481,0.022864750513846666,0.000172403739717883,0.000172403739717883,0.00013353261363097742
6,0.5,482,0.02279238556182661,0.00016158180186525475,0.00016158180186525475,0.00013346581264213122
6,0.5,483,0.022884167055957298,0.00013421499635017623,0.00011519651728163922,0.00013421499635017623
6,0.5,484,0.022838824626700584,0.00013950388570570975,0.00013950388570570975,0.00013392498537831998
6,0.5,485,0.02290322060820566,0.00013183433250532438,0.00012004734831245812,0.00013183433250532438
6,0.5,486,0.022782639537279943,0.00013640220072179328,0.00013394603000591837,0.00013640220072179328
6,0.5,487,0.022844622504660454,0.000142733908517591,0.000142733908517591,0.00013189730543981164
6,0.5,488,0.023057902224000778,0.0001723975524771552,0.0001723975524771552,0.00013257604838474863
6,0.5,489,0.02318212934142724,0.00017918579583538137,0.00017918579583538137,0.00013610715878344692
6,0.5,490,0.023138174688944788,0.00015382593674722207,0.00015382593674722207,0.00014147422000506955
6,0.5,491,0.02318879054377796,0.00014634605177036273,0.00014634605177036273,0.0001391578494844723
6,0.5,492,0.02319859023039471,0.00013459181712915575,0.0001331886496001345,0.00013459181712915575
6,0.5,493,0.02327249393569963,0.0001450779856034043,0.0001450779856034043,0.0001382444274059677
6,0.5,494,0.0230080266432875,0.00013902866448223068,0.00013902866448223068,0.00012944772149458894
6,0.5,495,0.023104454457364733,0.0001381420983352205,0.0001381420983352205,0.0001350060013798812
6,0.5,496,0.02297445340263786,0.00014974565179565012,0.00014974565179565012,0.0001401438673353833
6,0.5,497,0.02310629188497561,0.00013900180957418295,0.0001111545754854706,0.00013900180957418295
6,0.5,498,0.02308144564626227,0.0001441842200799491,0.0001441842200799491,0.00014039763248183728
6,0.5,499,0.02314017492857974,0.00014511942043718423,0.0001403916390608927,0.00014511942043718423
6,0.5,500,0.022977929981695903,0.00014227647765336604,0.00010641441392661893,0.00014227647765336604
6,0.7,0,0.08245771234946316,0.0002944505895274378,0.0002944505895274378,0.00024249687401033197
6,0.7,1,0.04998893930668733,0.0002475133313891778,0.0002475133313891778,0.00024291279081646862
6,0.7,2,0.03805201873461016,0.00023275526485243064,0.00023275526485243064,0.00021773526353628946
6,0.7,3,0.032070965016695915,0.00020497912670890622,0.00018132137160138654,0.00020497912670890622
6,0.7,4,0.028502943009677737,0.0001798862703962346,0.00017752984989793477,0.0001798862703962346
6,0.7,5,0.026367107709011326,0.00016313458099176568,0.00016313458099176568,0.00016243451318022795
6,0.7,6,0.025134750864749675,0.00018277305497729402,0.00018277305497729402,0.0001539769578213044
6,0.7,7,0.024364677546409207,0.00016642710398202904,0.00016642710398202904,0.0001445511999518465
6,0.7,8,0.023926702059750136,0.00013916222350476197,0.00011398245572982941,0.00013916222350476197
6,0.7,9,0.02359137010794578,0.00014041780599756258,0.00013407910393101782,0.00014041780599756258
6,0.7,10,0.023314783770413836,0.00014131709918589495,0.00012943116689069026,0.00014131709918589495
6,0.7,11,0.02304599351919009,0.00015690567062986616,0.0001569056706298662,0.00014304396319718358
6,0.7,12,0.022822753188614105,0.00017068177951530902,0.00017068177951530902,0.00014543518279320008
6,0.7,13,0.02267992652551165,0.00015952189860229534,0.00015952189860229534,0.00013674426372395945
6,0.7,14,0.02279359678688041,0.0001706336917707933,0.00017063369177079327,0.0001387327808703766
6,0.7,15,0.022775050237908736,0.00015096637429114776,0.00015096637429114776,0.00013078716438498243
6,0.7,16,0.02245324583754554,0.00016105261602566076,0.00016105261602566073,0.00013218727555271208
6,0.7,17,0.022590200772013277,0.0001607263270698018,0.00016072632706980183,0.0001330792530986756
6,0.7,18,0.0225794557026236,0.00013564773448459876,0.00013564773448459876,0.00013221185176828988
6,0.7,19,0.022580187739237912,0.0001296054622523018,0.00012104797997072651,0.0001296054622523018
6,0.7,20,0.022723622787540344,0.00013362545061197168,0.00012518300328832912,0.00013362545061197168
6,0.7,21,0.022807651817150297,0.00013116652168129985,0.00012883599621910807,0.00013116652168129985
6,0.7,22,0.022702255693359267,0.0001426485043114484,0.0001426485043114484,0.0001311082355659405
6,0.7,23,0.02254580810573573,0.00013249218989682836,0.00012348009841153568,0.00013249218989682836
6,0.7,24,0.022538759565901827,0.00013785464195018366,0.00013785464195018366,0.00012867432706539428
6,0.7,25,0.022434916210579914,0.00013067681329752574,0.00011488868040232911,0.00013067681329752574
6,0.7,26,0.022438625528287917,0.00013705824270865506,0.00013705824270865506,0.00012933227343583584
6,0.7,27,0.022554252888810376,0.00016469429657482352,0.00016469429657482352,0.00012676403649747607
6,0.7,28,0.022642442940525424,0.00014030079105918484,0.00014030079105918484,0.00012625800637179526
6,0.7,29,0.022741883204333527,0.00014865215541375715,0.00014865215541375713,0.00012885322294827535
6,0.7,30,0.022647119355860876,0.00013092605423648256,0.0001158720151360165,0.00013092605423648256
6,0.7,31,0.02286001938803095,0.00013229186797439988,0.00012153032408924083,0.00013229186797439988
6,0.7,32,0.022788731300453995,0.00013954277532909283,0.00013954277532909283,0.00012587211973059693
6,0.7,33,0.022619508577142847,0.00014699251975285843,0.00014699251975285843,0.00012850976955679138
6,0.7,34,0.022534804279710198,0.00013000831389777578,0.0001181974109005511,0.00013000831389777578
6,0.7,35,0.022653940620415102,0.00012851161254023524,0.0001080298404226699,0.00012851161254023524
6,0.7,36,0.02261246247902515,0.0001323964043543125,0.00013008017328250152,0.0001323964043543125
6,0.7,37,0.022648530502798525,0.00016778151918476984,0.00016778151918476984,0.00013254911507475323
6,0.7,38,0.022617377764863653,0.00015511541891591261,0.0001551154189159126,0.00012800220304971197
6,0.7,39,0.022630842931268446,0.00013712619901599786,0.00013712619901599786,0.00012870054759793036
6,0.7,40,0.022713012840151404,0.00014387507490232397,0.00014387507490232397,0.0001313333771483406
6,0.7,41,0.0227277830572697,0.00014274661134575916,0.00014274661134575916,0.00013112793309767997
6,0.7,42,0.022704110474320256,0.00015333741152807087,0.00015333741152807087,0.00012982706262745636
6,0.7,43,0.02268998910722007,0.00013346498472702688,0.00011891570370961962,0.00013346498472702688
6,0.7,44,0.02269940684945153,0.00013072004807492357,0.00012354220838698785,0.00013072004807492357
6,0.7,45,0.02267073249919883,0.0001546366890640125,0.0001546366890640125,0.00013521284151362414
6,0.7,46,0.022935034503758,0.00013487341055716445,0.00013368643682178677,0.00013487341055716445
6,0.7,47,0.022872168864398374,0.00014527105664584604,0.00014527105664584607,0.00012934182889622
6,0.7,48,0.02283668541273513,0.00012881957609193171,0.0001254476018796567,0.00012881957609193171
6,0.7,49,0.02307169282630628,0.00014788640509196818,0.00014788640509196818,0.00013305187614502618
6,0.7,50,0.022873487728075393,0.00013734677036356682,0.00011022408158802443,0.00013734677036356682
6,0.7,51,0.022906822610223,0.00013547651492328512,0.00010145117487170566,0.00013547651492328512
6,0.7,52,0.02286326065586587,0.00013515941215047872,0.00011821510736948297,0.00013515941215047872
6,0.7,53,0.02275552437124439,0.00018514302624368265,0.00018514302624368265,0.00013477120002294434
6,0.7,54,0.02278645170713191,0.0001353621064633963,0.0001353621064633963,0.00013372030943047136
6,0.7,55,0.022701414497192905,0.0001528445969302126,0.0001528445969302126,0.00013538829980150113
6,0.7,56,0.022843023541187057,0.00013322956923979366,0.00012894996458499215,0.00013322956923979366
6,0.7,57,0.022979698350394043,0.00013329988811541007,0.00012194892743279654,0.00013329988811541007
6,0.7,58,0.022766685760423535,0.00013684671241202077,0.00013684671241202077,0.00013446162903102963
6,0.7,59,0.02273398292216282,0.0001355949537750062,0.00011914144390180711,0.0001355949537750062
6,0.7,60,0.02268069727893137,0.00013349702587704844,0.0001172956351261405,0.00013349702587704844
6,0.7,61,0.02269036185809077,0.0001336919162479372,0.00011847356887838224,0.0001336919162479372
6,0.7,62,0.02260961497732743,0.00013126163655166652,0.00012124998391195761,0.00013126163655166652
6,0.7,63,0.02250815816758322,0.00015519670623304784,0.00015519670623304781,0.00012983634327655777
6,0.7,64,0.022410241218280218,0.00015097218681150035,0.00015097218681150038,0.00013047743397576287
6,0.7,65,0.022454872478712563,0.00014605375529252518,0.00014605375529252518,0.00013009899663192376
6,0.7,66,0.022417400477601455,0.00013056756554815922,0.00012306954328494504,0.00013056756554815922
6,0.7,67,0.022537266003437903,0.00013633904992182066,0.00013633904992182066,0.0001320173369759053
6,0.7,68,0.022543334958390882,0.00013032259781873166,0.00012906268224993332,0.00013032259781873166
6,0.7,69,0.022496244926096802,0.00013042772923550536,0.00012429757660316012,0.00013042772923550536
6,0.7,70,0.02265406637589738,0.00014228026840525123,0.00014228026840525123,0.00012579769454731918
6,0.7,71,0.022672078511454977,0.00013673385299651508,0.0001367338529965151,0.00012644685921755336
6,0.7,72,0.022616889777160396,0.00014383875086542631,0.0001438387508654263,0.00013423006818255015
6,0.7,73,0.022721822252881864,0.00013488672047410886,0.00010659673968052216,0.00013488672047410886
6,0.7,74,0.02280041498592166,0.00013544637891728498,0.00013004172333719769,0.00013544637891728498
6,0.7,75,0.022694591183406863,0.00013547378000657747,0.0001228702130724621,0.00013547378000657747
6,0.7,76,0.022490561595975855,0.0001356336629203576,0.00012819486500090523,0.0001356336629203576
6,0.7,77,0.02250576365688915,0.00014550485794062191,0.00014550485794062191,0.00012987926719008476
6,0.7,78,0.02267891389073288,0.0001368881536006486,0.00011176013746520643,0.0001368881536006486
6,0.7,79,0.022826888684266737,0.00013601475277343457,0.0001185314774781464,0.00013601475277343457
6,0.7,80,0.022804060902905723,0.00013518633627466504,0.00012956174164002548,0.00013518633627466504
6,0.7,81,0.02277245340279543,0.00013483396797378072,0.00013483396797378072,0.00013236127940347906
6,0.7,82,0.02279315000495657,0.00015074039130416736,0.00015074039130416736,0.0001327356163487073
6,0.7,83,0.0228741984580419,0.00013101609250245513,0.00013101609250245513,0.00012975722183011828
6,0.7,84,0.023009190862228097,0.00012946751119829414,0.00012536122311852124,0.00012946751119829414
6,0.7,85,0.02282196775821273,0.00012499904415764573,0.0001126790693338648,0.00012499904415764573
6,0.7,86,0.022857547213688885,0.00012734237870936637,0.00012079653275245561,0.00012734237870936637
6,0.7,87,0.022925054962018486,0.00015607267765121253,0.00015607267765121253,0.00012979739044536649
6,0.7,88,0.02297111713297554,0.00015709910482792204,0.00015709910482792204,0.00013284551294518172
6,0.7,89,0.022730234617633967,0.00017189468003165966,0.00017189468003165966,0.00013159956717184696
6,0.7,90,0.022815449131857082,0.00013687788482198942,0.00013687788482198942,0.00013680377666313583
6,0.7,91,0.022700163751494914,0.00013431153544151488,0.00011081140554341658,0.00013431153544151488
6,0.7,92,0.022635285534799765,0.00013189216120007986,0.00012092701636174168,0.00013189216120007986
6,0.7,93,0.02265777854103938,0.00013496748781565232,0.00012152539306439737,0.00013496748781565232
6,0.7,94,0.022618472685998363,0.00013890773200215628,0.00013890773200215628,0.00013521039645552778
6,0.7,95,0.02252934173768682,0.00013415921435443659,0.00011467876069905037,0.00013415921435443659
6,0.7,96,0.022420137859050178,0.0001357596431931476,0.00012523295019382054,0.0001357596431931476
6,0.7,97,0.022531435959889438,0.00013456153941562778,0.00013456153941562778,0.00013146582155399184
6,0.7,98,0.022702384870243987,0.00013497078032535445,0.00013497078032535443,0.00013281894283483382
6,0.7,99,0.02265387884934324,0.00013832509929454932,0.00013832509929454932,0.0001351270472277846
6,0.7,100,0.02247283568235286,0.00013573364791434907,0.0001288138606619513,0.00013573364791434907
6,0.7,101,0.02261807405670703,0.00013295020339562766,9.696712442442163e-05,0.00013295020339562766
6,0.7,102,0.022663231785950526,0.00013696154388365432,0.00013696154388365432,0.0001338826690075435
6,0.7,103,0.0226094145930704,0.00014622281047721943,0.00014622281047721943,0.00013080141698661104
6,0.7,104,0.022655738347871855,0.00013356681340897657,0.00012806661626691362,0.00013356681340897657
6,0.7,105,0.022865308220720477,0.0001382011080192739,0.00011060408100391243,0.0001382011080192739
6,0.7,106,0.022765601040792487,0.00014163939687199058,0.00013880880724445867,0.00014163939687199058
6,0.7,107,0.022672972341448678,0.00013366689258365895,0.00013366689258365895,0.00012844716731673467
6,0.7,108,0.022501742019178154,0.0001239750630294223,0.00011294040268084051,0.0001239750630294223
6,0.7,109,0.022531050919153195,0.00013095592454426445,0.00013095592454426445,0.0001256262783131142
6,0.7,110,0.02268529593128716,0.0001287757582864239,0.00011205585329714408,0.0001287757582864239
6,0.7,111,0.022664168170068954,0.0001328892324866207,0.00011732348773404097,0.0001328892324866207
6,0.7,112,0.022599963890319312,0.0001295692871813308,0.00011966621550760913,0.0001295692871813308
6,0.7,113,0.022757981810744943,0.00013446381429048647,0.00012461093923599216,0.00013446381429048647
6,0.7,114,0.022651320276304558,0.00014973397174388852,0.00014973397174388852,0.0001256161316288043
6,0.7,115,0.02248541228606452,0.00019073914959350703,0.00019073914959350706,0.00012510067174405492
6,0.7,116,0.022681988051430044,0.00013558160803531577,0.00013558160803531577,0.00012308388618130156
6,0.7,117,0.022475231715331483,0.00014263259269730723,0.00014263259269730723,0.00012386605092849383
6,0.7,118,0.022505139438123312,0.0001306674948201948,9.839222928536068e-05,0.0001306674948201948
6,0.7,119,0.022474652726152174,0.0001478096156261662,0.00014780961562616622,0.0001307546406912995
6,0.7,120,0.022617132123475554,0.00017121099911827223,0.00017121099911827226,0.0001313971397090834
6,0.7,121,0.022521534793863165,0.00015156841015883928,0.00015156841015883925,0.00012817270643931115
6,0.7,122,0.02256365790526176,0.00015269155052394616,0.00015269155052394616,0.0001312813203667195
6,0.7,123,0.022413099799484342,0.00013668356148512792,0.00013668356148512792,0.0001295894438029133
6,0.7,124,0.022298533690390376,0.0001268320034594684,0.00011711543824492713,0.0001268320034594684
6,0.7,125,0.02241891517297222,0.00013165021687367625,9.443141859265479e-05,0.00013165021687367625
6,0.7,126,0.022508148227953415,0.00013271019375154996,0.00013271019375154996,0.00012940081311164998
6,0.7,127,0.022380101458981613,0.0001496786036358319,0.0001496786036358319,0.00012670689916854735
6,0.7,128,0.022518239439705198,0.0001366388285907501,0.0001366388285907501,0.00012906198720147525
6,0.7,129,0.022644437566073747,0.00013661408785714483,0.00013661408785714483,0.00012962423118212613
6,0.7,130,0.022664204835129195,0.00014391115434616298,0.00014391115434616295,0.00013095796485510698
6,0.7,131,0.022827669235118007,0.00013214478157382066,0.00012533983469134659,0.00013214478157382066
6,0.7,132,0.02280889818253267,0.00013773805072134608,0.00011314315190689731,0.00013773805072134608
6,0.7,133,0.022602037980777232,0.00013853789291459057,0.00013413371097272664,0.00013853789291459057
6,0.7,134,0.022515998760070634,0.00014162091842692635,0.00014162091842692635,0.0001343709135191787
6,0.7,135,0.022448789356935762,0.00014413345481871766,0.00014413345481871766,0.00013026907592468618
6,0.7,136,0.022412263265285413,0.00013819382446120292,0.00013819382446120292,0.00013631256117314694
6,0.7,137,0.02249714291321594,0.0001356422507404253,0.00011736689963638234,0.0001356422507404253
6,0.7,138,0.022388552966507737,0.000131583706424047,0.00010588257115623612,0.000131583706424047
6,0.7,139,0.022580305993162016,0.00013319216848710718,0.0001331921684871072,0.0001310481551599518
6,0.7,140,0.02252993345546154,0.0001339818331838852,0.0001339818331838852,0.00013078022150296445
6,0.7,141,0.022487858058837306,0.00014233350961970935,0.00014233350961970935,0.0001286415574743203
6,0.7,142,0.02243430695310097,0.0001423396051445801,0.0001423396051445801,0.00013249142144136744
6,0.7,143,0.022596190093628087,0.00013206326799833896,0.00011661136807234452,0.00013206326799833896
6,0.7,144,0.022705922528533814,0.00014325989289904473,0.0001432598928990447,0.00012907052138170052
6,0.7,145,0.022769917395792708,0.00013082079751109397,0.00011642895734824194,0.00013082079751109397
6,0.7,146,0.022729739223483685,0.00013052915823851867,0.00011555091296272475,0.00013052915823851867
6,0.7,147,0.022529138947283412,0.00013342353610689802,0.00011042888836360793,0.00013342353610689802
6,0.7,148,0.022705806422110928,0.00013208131860550137,9.641869207418364e-05,0.00013208131860550137
6,0.7,149,0.02287909155737688,0.00013307733371261852,0.00013307733371261852,0.00013193794773485462
6,0.7,150,0.022835869602002914,0.00013827150887943276,0.00010200514488226464,0.00013827150887943276
6,0.7,151,0.02265492490531423,0.00015119121140629875,0.00015119121140629875,0.00013326248215530826
6,0.7,152,0.022700766791970788,0.00012782952322466047,0.00012312177180601443,0.00012782952322466047
6,0.7,153,0.02272268836213167,0.00014127210815221208,0.00014127210815221208,0.00012903276069783465
6,0.7,154,0.022790017811379605,0.00014314801002807305,0.00014314801002807302,0.00013436566882958794
6,0.7,155,0.02290820177641598,0.0001299773797378323,9.521047890084742e-05,0.0001299773797378323
6,0.7,156,0.022655216408285047,0.0001306650382938381,0.0001124144110748061,0.0001306650382938381
6,0.7,157,0.022742719745478236,0.00013052606889944366,8.850071270286817e-05,0.00013052606889944366
6,0.7,158,0.022645655870939488,0.00013346290669798738,0.00013346290669798738,0.00013084024751243398
6,0.7,159,0.022680527497465956,0.0001449105334239089,0.00014491053342390888,0.00013070721797988496
6,0.7,160,0.022573144142707616,0.0001325191479016346,0.00011109608045004095,0.0001325191479016346
6,0.7,161,0.02253237408467777,0.0001308425627225971,0.0001308425627225971,0.00012643663321558214
6,0.7,162,0.022554421738104836,0.000132949894860985,0.0001289418548247589,0.000132949894860985
6,0.7,163,0.022758373712720412,0.0001307963807838682,0.00010889414945438629,0.0001307963807838682
6,0.7,164,0.022771879436768463,0.00012755304913417736,0.00012045655508256913,0.00012755304913417736
6,0.7,165,0.022756742483300434,0.00015561631387693456,0.00015561631387693456,0.00014097504575094348
6,0.7,166,0.022899718169351234,0.0001425567700959114,0.00014255677009591136,0.00013290429468901737
6,0.7,167,0.022779073659430406,0.00015184718835323423,0.00015184718835323423,0.00013251081701670848
6,0.7,168,0.022722135865058186,0.0001369581413790583,0.0001369581413790583,0.00013327498881990206
6,0.7,169,0.022709896553122912,0.00013671161869751095,0.0001290506631289792,0.00013671161869751095
6,0.7,170,0.022689014396581015,0.00013611280818579699,0.00010403311251821724,0.00013611280818579699
6,0.7,171,0.022657905809214222,0.00013234795579061042,0.00012230988175893553,0.00013234795579061042
6,0.7,172,0.022692394870555643,0.00013823213369049359,0.00012972918082907194,0.00013823213369049359
6,0.7,173,0.0227201179154768,0.00014084209199234922,0.00010400017198545704,0.00014084209199234922
6,0.7,174,0.02251448484907311,0.00013437381166899487,0.00011979462532024866,0.00013437381166899487
6,0.7,175,0.022425990738456844,0.00012977255969411346,0.00011350899586419102,0.00012977255969411346
6,0.7,176,0.022640890489608833,0.00013353910902629004,0.00010980062999879994,0.00013353910902629004
6,0.7,177,0.022818139561125272,0.00013336469101620272,0.00012004282472117612,0.00013336469101620272
6,0.7,178,0.022729062237669306,0.00013244295102509963,0.00012202931270481283,0.00013244295102509963
6,0.7,179,0.02271202071750321,0.00013705980435785498,0.00012779700612839984,0.00013705980435785498
6,0.7,180,0.02278025448201128,0.0001650112594537069,0.0001650112594537069,0.00013704434987458995
6,0.7,181,0.022726279738539457,0.00017944885388689608,0.00017944885388689608,0.00013999792540935523
6,0.7,182,0.022864621451678134,0.00014447282110251284,0.00014447282110251281,0.00013521011109764785
6,0.7,183,0.022763341567275813,0.0001320613860580978,0.00011652627161678763,0.0001320613860580978
6,0.7,184,0.022767626113730833,0.00013318805817872522,0.00013318805817872522,0.00012947944055319998
6,0.7,185,0.022876377424232854,0.00012944093280772275,0.00012094140413304424,0.00012944093280772275
6,0.7,186,0.02272198315653,0.00014292632195241753,0.00014292632195241753,0.00013280536254250096
6,0.7,187,0.022734439785537592,0.0001333478994433514,0.00012409789352681497,0.0001333478994433514
6,0.7,188,0.022612050431013095,0.00013998168876587454,0.00013998168876587454,0.00013415381360109725
6,0.7,189,0.022559114291383308,0.00013254527683020313,0.0001244326744747889,0.00013254527683020313
6,0.7,190,0.02255643160107906,0.0001304910099700489,0.00012458224133172078,0.0001304910099700489
6,0.7,191,0.022539198698929768,0.00014219321677055996,0.00014219321677055996,0.0001327768024143451
6,0.7,192,0.022628146982998417,0.00014656394199143874,0.00014656394199143874,0.00013661572435061275
6,0.7,193,0.022666854844138985,0.000143238963281211,0.000143238963281211,0.00013552277242803018
6,0.7,194,0.022859375139964864,0.00013796039600830648,0.00012788309191220958,0.00013796039600830648
6,0.7,195,0.022800999976850977,0.0001357825621158563,0.00013548701169128469,0.0001357825621158563
6,0.7,196,0.022622746779290406,0.0001375619722985765,0.00012853024961985025,0.0001375619722985765
6,0.7,197,0.022683889067234286,0.000138190902818716,0.00011696278548602817,0.000138190902818716
6,0.7,198,0.022719953466121642,0.00013681817855868157,0.000135545394909024,0.00013681817855868157
6,0.7,199,0.022739903041447535,0.00015431094632010038,0.00015431094632010038,0.0001301622437450989
6,0.7,200,0.022699901287053747,0.0001534181514405068,0.0001534181514405068,0.00013202824934994688
6,0.7,201,0.022832439289989574,0.00013879073265487993,0.0001387907326548799,0.00013275308712266455
6,0.7,202,0.022767343429344892,0.00013003845646015254,0.00010893430033505356,0.00013003845646015254
6,0.7,203,0.022750992637780174,0.00013298056241908406,0.00012369212060460387,0.00013298056241908406
6,0.7,204,0.02261478905781696,0.00013099892940369843,0.00010472691862284973,0.00013099892940369843
6,0.7,205,0.022591464803756508,0.00014032243677005804,0.00011758162292761066,0.00014032243677005804
6,0.7,206,0.02266481276650293,0.00013885435633892023,0.00010752606993676814,0.00013885435633892023
6,0.7,207,0.022659252701713373,0.00013524153238305835,0.00012869122022462516,0.00013524153238305835
6,0.7,208,0.02264468877418191,0.00013172277266795707,0.00012264711138596258,0.00013172277266795707
6,0.7,209,0.022620694977910517,0.0001353808545265745,0.00012877561265553665,0.0001353808545265745
6,0.7,210,0.02257633802217235,0.00014507999612448528,0.00014507999612448528,0.00013234162159698492
6,0.7,211,0.022649772576256798,0.00016103485038474212,0.00016103485038474212,0.00013342625883167606
6,0.7,212,0.02273201280076785,0.00014682882282916895,0.00014682882282916895,0.0001314852427316303
6,0.7,213,0.0227829204072298,0.00013820417363393135,0.00013820417363393135,0.00012973769847357194
6,0.7,214,0.022559040041145086,0.00014297948540560715,0.00014297948540560718,0.00013265360460689953
6,0.7,215,0.022671120417385275,0.00012744962569129784,9.587173250828122e-05,0.00012744962569129784
6,0.7,216,0.02280267502971,0.0001351493902901618,0.00013039759516282964,0.0001351493902901618
6,0.7,217,0.02268945838850885,0.0001343408466898145,0.00012406515948254436,0.0001343408466898145
6,0.7,218,0.022645041348674257,0.00013041696216851522,9.86973178569731e-05,0.00013041696216851522
6,0.7,219,0.02269570001985235,0.00013372996718061158,0.00013372996718061158,0.00012679100393277052
6,0.7,220,0.022654009705226665,0.00013083269469469906,0.00011905601536866105,0.00013083269469469906
6,0.7,221,0.022471667683051946,0.00013274109383357255,0.00013274109383357255,0.0001313767528110168
6,0.7,222,0.022578771783237184,0.00013220234674428115,0.00012502162455947297,0.00013220234674428115
6,0.7,223,0.02266633098592551,0.00014519156674536993,0.00014519156674536993,0.00013203577767749913
6,0.7,224,0.022677621820873874,0.00014039872388513157,0.00014039872388513157,0.00013682155453875736
6,0.7,225,0.022629693325029305,0.0001304726801835973,0.00010981061213696619,0.0001304726801835973
6,0.7,226,0.02261294317440456,0.00013216455798338304,0.00011891912064393906,0.00013216455798338304
6,0.7,227,0.022444037133725187,0.00013605069323384002,0.00013605069323384002,0.00013279148006263626
6,0.7,228,0.022665548824132055,0.0001311952445186079,0.00012852900771744648,0.0001311952445186079
6,0.7,229,0.022713922270592844,0.00013366156309312582,8.787020119526921e-05,0.00013366156309312582
6,0.7,230,0.022786456352480014,0.00013103418894964023,0.00012420945404823533,0.00013103418894964023
6,0.7,231,0.022576344529699647,0.00012981193121211598,0.00011969695721432351,0.00012981193121211598
6,0.7,232,0.022504395575315368,0.00013515525337796507,0.00012297140652411614,0.00013515525337796507
6,0.7,233,0.022240867920571082,0.0001342305798473329,0.0001342305798473329,0.0001341278898312819
6,0.7,234,0.022292416436594038,0.0001340999832079742,0.0001317942254466784,0.0001340999832079742
6,0.7,235,0.022256667106183917,0.00012981955582044852,0.0001298195558204485,0.00012634249587711115
6,0.7,236,0.02241775543647156,0.00014859388228271518,0.00014859388228271515,0.0001301924199305068
6,0.7,237,0.022392493898332137,0.00013140977781114918,0.0001171741411812666,0.00013140977781114918
6,0.7,238,0.022570077182274807,0.00015114375257225588,0.00015114375257225588,0.0001309091128566407
6,0.7,239,0.022696309195393605,0.00015708188382325882,0.00015708188382325882,0.0001317251382232442
6,0.7,240,0.022661462587198443,0.00013166100264960483,0.00012740392978385464,0.00013166100264960483
6,0.7,241,0.022669807222054514,0.0001340684953989396,0.0001326078026638481,0.0001340684953989396
6,0.7,242,0.022714578832647474,0.00013882202281732134,0.0001256827533546535,0.00013882202281732134
6,0.7,243,0.02264254638382587,0.00013742558568921066,8.792129275366804e-05,0.00013742558568921066
6,0.7,244,0.022823021298812862,0.00013986112452291704,0.0001247356696423888,0.00013986112452291704
6,0.7,245,0.022624629247030015,0.00014482027373364232,0.00014482027373364232,0.0001346419322547704
6,0.7,246,0.02290883336156947,0.00013479333786876695,0.00010977470039578772,0.00013479333786876695
6,0.7,247,0.02256593007453164,0.000131055344935897,0.0001111233499109156,0.000131055344935897
6,0.7,248,0.02253713860678063,0.00013400746414199164,0.00013400746414199164,0.00013128480076988536
6,0.7,249,0.022547868119141168,0.0001466823075089104,0.0001466823075089104,0.0001294495942277046
6,0.7,250,0.02279062297402656,0.0001344161313322671,0.00013270585224672217,0.0001344161313322671
6,0.7,251,0.022861019583305643,0.00013696080924366136,0.00013696080924366136,0.00013233931366038551
6,0.7,252,0.02271844992591073,0.00015254029562402117,0.00015254029562402117,0.00013123548998457264
6,0.7,253,0.0225923206467503,0.00014385752629257785,0.00014385752629257785,0.00012737685445373182
6,0.7,254,0.022645873010562034,0.00013098593861511062,0.00013098593861511062,0.00012627208884434334
6,0.7,255,0.02255996817575265,0.0001243522320305971,0.00012132605637493907,0.0001243522320305971
6,0.7,256,0.02269589092223939,0.00014865964942465992,0.00014865964942465992,0.00013223303454137667
6,0.7,257,0.022673967677906623,0.00013841827314478865,0.00013841827314478862,0.0001328897728543987
6,0.7,258,0.022646975436716017,0.00014726951392813982,0.00014726951392813982,0.00013125629893786638
6,0.7,259,0.022629911957369978,0.0001324672242458939,0.0001187196371845865,0.0001324672242458939
6,0.7,260,0.02259320655710607,0.0001367163597378367,0.00010881666291127878,0.0001367163597378367
6,0.7,261,0.022777413254226327,0.0001326635623148352,0.00012911781081900042,0.0001326635623148352
6,0.7,262,0.02282112449701048,0.00013567577012337634,0.00010075094572785688,0.00013567577012337634
6,0.7,263,0.022793430772708394,0.00013575039658826537,0.00012532535265196885,0.00013575039658826537
6,0.7,264,0.02271929896922344,0.00013954417523854846,0.00011283833131162215,0.00013954417523854846
6,0.7,265,0.022723980691205733,0.00013965172338632108,0.00011307567648601004,0.00013965172338632108
6,0.7,266,0.022634973004516657,0.00013262544408253231,0.00010796784911624,0.00013262544408253231
6,0.7,267,0.02262241058378254,0.00013160769506506063,0.00010653724624738858,0.00013160769506506063
6,0.7,268,0.022698834602539356,0.00013296518191221972,0.00011365651347511662,0.00013296518191221972
6,0.7,269,0.022688526505476148,0.00013611729025582816,0.00011069701504861558,0.00013611729025582816
6,0.7,270,0.022614959583720604,0.00013587780730444664,0.00011750933433029135,0.00013587780730444664
6,0.7,271,0.022532474496891733,0.00013014614500024153,0.00010764592294856046,0.00013014614500024153
6,0.7,272,0.022642250172911993,0.00013086899287320745,0.00013086899287320745,0.00012648947678301596
6,0.7,273,0.022737301472889906,0.00012949324068623993,0.00010906297462218003,0.00012949324068623993
6,0.7,274,0.022837412676664934,0.00013410586367725415,0.00011919703095417332,0.00013410586367725415
6,0.7,275,0.022784399244199834,0.00013411939064960124,0.00011469602236292725,0.00013411939064960124
6,0.7,276,0.022745442905653338,0.0001383475088742855,0.0001383475088742855,0.00013412758663465464
6,0.7,277,0.0227987129665263,0.000131592224740319,0.00010895320463815576,0.000131592224740319
6,0.7,278,0.02293448610615027,0.0001413912305288677,0.0001246263570745907,0.0001413912305288677
6,0.7,279,0.022727349351448385,0.00014303543807629617,0.00011430656774472806,0.00014303543807629617
6,0.7,280,0.022607782262372433,0.00013442904064708887,0.00010725303196322624,0.00013442904064708887
6,0.7,281,0.02261061160817438,0.00013603842698719484,0.00011016586720431643,0.00013603842698719484
6,0.7,282,0.022443411430060043,0.00013946886878106688,0.00012472475053133502,0.00013946886878106688
6,0.7,283,0.022519330737277684,0.0001509290923062197,0.0001509290923062197,0.00013643316774521004
6,0.7,284,0.022781953575597754,0.0001399578346758833,0.0001372831483939634,0.0001399578346758833
6,0.7,285,0.022534756677987988,0.00013089004953641242,0.0001131474612050526,0.00013089004953641242
6,0.7,286,0.02255609135517925,0.00013300747469632764,0.00010279100749692456,0.00013300747469632764
6,0.7,287,0.02272549519473239,0.00014663969308370791,0.00014663969308370794,0.00013098891865311158
6,0.7,288,0.022683259801034097,0.0001261131142849478,0.00010550578609339635,0.0001261131142849478
6,0.7,289,0.022697365164731267,0.00013383471327167024,0.00012281549635706943,0.00013383471327167024
6,0.7,290,0.022733269298669357,0.00013562945951681873,0.00012608962730174757,0.00013562945951681873
6,0.7,291,0.02270384600144496,0.00015097974568860787,0.00015097974568860787,0.00013453507588079424
6,0.7,292,0.022633530278483013,0.0001329641528319558,0.0001229549708781125,0.0001329641528319558
6,0.7,293,0.02262836769764296,0.00013194891082827178,0.00012499573396208843,0.00013194891082827178
6,0.7,294,0.022596337893928328,0.00013442414312620177,0.00012189053471840395,0.00013442414312620177
6,0.7,295,0.022511242535600193,0.00013100677392276146,0.00010347334601239092,0.00013100677392276146
6,0.7,296,0.022416022540343264,0.00012940056982130527,8.680230571726911e-05,0.00012940056982130527
6,0.7,297,0.02247892576531032,0.00012489435539216246,0.00012224380257085885,0.00012489435539216246
6,0.7,298,0.022538526347039,0.00013806545329826233,0.00013806545329826233,0.0001323550872490622
6,0.7,299,0.022509416592517976,0.0001521754613872225,0.0001521754613872225,0.00013527643885611373
6,0.7,300,0.022476688752045202,0.00013503364182741249,0.00013503364182741249,0.00013361026654698735
6,0.7,301,0.02243703440850152,0.00012961016070060135,0.00011516871456541014,0.00012961016070060135
6,0.7,302,0.02256675071810353,0.0001350052635744464,0.0001031626650784185,0.0001350052635744464
6,0.7,303,0.022542904301860813,0.00013430252836385388,0.00010427578185792003,0.00013430252836385388
6,0.7,304,0.0224651837023748,0.00012687028996190763,0.0001268702899619076,0.0001243420553281364
6,0.7,305,0.022345060393343576,0.0001297863501259356,0.0001297863501259356,0.00012334699989038661
6,0.7,306,0.022384146132048414,0.00012263177457210256,0.00011714921220228802,0.00012263177457210256
6,0.7,307,0.02229395681793882,0.00015769883627377208,0.0001576988362737721,0.00012602957763533588
6,0.7,308,0.022488375237582958,0.0001262646130368287,0.00011508823423558445,0.0001262646130368287
6,0.7,309,0.022518171988233467,0.00013187210650894798,0.000131872106508948,0.0001279534502764333
6,0.7,310,0.022613729388503045,0.00013439248886712711,0.00013439248886712711,0.00012954178562589263
6,0.7,311,0.022660828727618692,0.00014705134901736672,0.00014705134901736672,0.0001350562402472356
6,0.7,312,0.022647120575723084,0.00014120911040422593,0.00014120911040422593,0.0001350481875731126
6,0.7,313,0.022370099581544785,0.00014828818058886805,0.00014828818058886805,0.00012975071726886326
6,0.7,314,0.022373618674875258,0.00016621022087142415,0.00016621022087142415,0.00012713071780843312
6,0.7,315,0.022397680787576583,0.00016565359058165756,0.00016565359058165756,0.00012676940060227481
6,0.7,316,0.022622058971879418,0.0001519009012004822,0.00015190090120048217,0.00013072666487586417
6,0.7,317,0.022688227441485794,0.0001640888055926143,0.0001640888055926143,0.0001338730512083187
6,0.7,318,0.022705633804942584,0.00014120160294441944,0.00014120160294441944,0.00013224923532273499
6,0.7,319,0.022840621883433054,0.0001328317198389141,0.00013223390916924097,0.0001328317198389141
6,0.7,320,0.022595614167537633,0.00012919706381586552,0.00011826258161807896,0.00012919706381586552
6,0.7,321,0.022495707381222273,0.00015475484894648974,0.00015475484894648974,0.00012843880162319917
6,0.7,322,0.022586936909721172,0.00014822745354158706,0.00014822745354158706,0.00013357596840039005
6,0.7,323,0.022566433234354547,0.00016651979676647304,0.00016651979676647304,0.00013419962341961226
6,0.7,324,0.02255007450562208,0.00012961068856989988,0.00012732715896960316,0.00012961068856989988
6,0.7,325,0.02260364874234415,0.00013039527354030694,0.0001302732311604817,0.00013039527354030694
6,0.7,326,0.022756032377468993,0.00014001837101616755,0.00010159559207522106,0.00014001837101616755
6,0.7,327,0.022671336018644624,0.0001340887692956853,0.00013002026441507396,0.0001340887692956853
6,0.7,328,0.022728716840545515,0.00013580015641029899,0.00012210340433702917,0.00013580015641029899
6,0.7,329,0.02276614159031677,0.00015797422288899384,0.00015797422288899382,0.00013626626546145968
6,0.7,330,0.02262687567335381,0.00014034869730341815,0.00014034869730341815,0.0001346163170628567
6,0.7,331,0.022695903510349304,0.00013541720070436457,0.00012880471894495746,0.00013541720070436457
6,0.7,332,0.022644136585179785,0.00013121628954453415,0.00012618559201250522,0.00013121628954453415
6,0.7,333,0.022750231700397104,0.00013633266619439402,0.00013041649426005599,0.00013633266619439402
6,0.7,334,0.022543317330729853,0.0001324334759160295,0.00010802555635720032,0.0001324334759160295
6,0.7,335,0.022573164918469453,0.00014138461586779102,0.000141384615867791,0.00013122493282518454
6,0.7,336,0.022423899287230212,0.00016821889696247785,0.00016821889696247788,0.00012776888013226704
6,0.7,337,0.022515161181953677,0.0001446083418368396,0.0001446083418368396,0.00013266580642494024
6,0.7,338,0.022493903343328667,0.00013380617766001068,0.00013323758970506088,0.00013380617766001068
6,0.7,339,0.022377018690421746,0.0001414647970444925,0.00014146479704449253,0.00012945245917826454
6,0.7,340,0.022595928218179472,0.00016604448119698098,0.00016604448119698098,0.0001299047503088454
6,0.7,341,0.02241073292313856,0.00015010863889613305,0.00015010863889613305,0.00013105858361156237
6,0.7,342,0.02240848382431511,0.00013889029671396069,0.00013105255236462736,0.00013889029671396069
6,0.7,343,0.022486783661681574,0.00013716059105620996,0.00011948475033814983,0.00013716059105620996
6,0.7,344,0.022411983238317078,0.00013485975323520194,0.00013485975323520194,0.0001332350971950094
6,0.7,345,0.022389788654187785,0.00013371169043585577,0.0001265460464276143,0.00013371169043585577
6,0.7,346,0.02234773988215003,0.0001295661991309617,0.00010029527362928721,0.0001295661991309617
6,0.7,347,0.02234913712127024,0.00012886055359824427,0.00010293407336136738,0.00012886055359824427
6,0.7,348,0.022470419631734576,0.00012984802293929468,0.00012984802293929468,0.00012838605953618818
6,0.7,349,0.022632550226952153,0.00013470513740147322,0.00012790623505070037,0.00013470513740147322
6,0.7,350,0.022570450156414172,0.00014247123840065677,0.00014247123840065677,0.00013368582706917062
6,0.7,351,0.022540457146941893,0.00013976709051736306,0.00013976709051736306,0.00013038157924311693
6,0.7,352,0.022455204880019012,0.00012914393158061435,0.0001139551813727396,0.00012914393158061435
6,0.7,353,0.022578910973254148,0.00013335771791629292,0.0001174260707506025,0.00013335771791629292
6,0.7,354,0.022629158600994334,0.00013077923647085855,0.0001222708317926203,0.00013077923647085855
6,0.7,355,0.022643759586161962,0.0001291352980976687,0.00010570571769212913,0.0001291352980976687
6,0.7,356,0.022634413429575114,0.00013316619663360815,0.0001300854904904816,0.00013316619663360815
6,0.7,357,0.022614501568416965,0.0001425262112409113,0.0001425262112409113,0.00013150779717977423
6,0.7,358,0.022607087149136798,0.0001590476853394932,0.0001590476853394932,0.0001230835689182419
6,0.7,359,0.02280559498887954,0.00016026553930040898,0.00016026553930040895,0.00013463414005026873
6,0.7,360,0.022765229962993974,0.0001373311757843313,0.0001373311757843313,0.00013376578458720973
6,0.7,361,0.022811345991783645,0.00012968278011569085,0.00011946652213700561,0.00012968278011569085
6,0.7,362,0.022680615046176876,0.0001381469756618865,0.0001381469756618865,0.00013046006173783096
6,0.7,363,0.022695657376373635,0.00017924224225023062,0.00017924224225023062,0.00013733448881838504
6,0.7,364,0.022731832399112896,0.00014809207057373225,0.00014809207057373222,0.00013602648392950191
6,0.7,365,0.022661879058013853,0.0001356320300918392,0.00012412802699766258,0.0001356320300918392
6,0.7,366,0.022531904389496784,0.00013652293565531574,0.00011912878046347152,0.00013652293565531574
6,0.7,367,0.0226281972902997,0.00013553232182294828,0.00013553232182294828,0.00013006673247237163
6,0.7,368,0.022562585610956608,0.00013948504528163758,0.00013948504528163758,0.0001347257840254441
6,0.7,369,0.022691442099722167,0.0001418136023815059,0.0001418136023815059,0.00013332041680843597
6,0.7,370,0.02269358031268227,0.00012918906155667874,0.00011581206077965085,0.00012918906155667874
6,0.7,371,0.022818864160121306,0.000135183502272756,0.00011421367969620058,0.000135183502272756
6,0.7,372,0.0226703658321327,0.00013423003906516098,0.00013311240517955447,0.00013423003906516098
6,0.7,373,0.022634579238002637,0.000149426693783639,0.000149426693783639,0.00013491676398207845
6,0.7,374,0.02264071340449055,0.00013304561597293405,0.00012804925754500944,0.00013304561597293405
6,0.7,375,0.022673099512468098,0.00013507343768573863,0.00013431838835531405,0.00013507343768573863
6,0.7,376,0.02263372983616661,0.00014036173308345812,0.00014036173308345812,0.00013634239278537087
6,0.7,377,0.022708419566883617,0.00013601241985497956,0.00012448178425326895,0.00013601241985497956
6,0.7,378,0.0228326805146471,0.00013439938558813092,0.00011910937607490576,0.00013439938558813092
6,0.7,379,0.022695167729136292,0.0001361635323915437,0.00012705733110915127,0.0001361635323915437
6,0.7,380,0.022673762436881746,0.0001365527492449529,0.0001365527492449529,0.00013348641775638953
6,0.7,381,0.022571892032316857,0.00013344165180018196,0.00013344165180018196,0.00013227033137698033
6,0.7,382,0.02257189668006681,0.00013514302123159277,0.00012348326172787936,0.00013514302123159277
6,0.7,383,0.022584425898243266,0.00013508465191167956,0.00010780446999814175,0.00013508465191167956
6,0.7,384,0.022458245933693347,0.00012998655116964967,0.00012711710555507333,0.00012998655116964967
6,0.7,385,0.022516040696668217,0.00012939195134584102,0.00011967156331805785,0.00012939195134584102
6,0.7,386,0.022622062716426652,0.00013420273480379213,0.00013420273480379213,0.0001283988917842968
6,0.7,387,0.022630072728910555,0.0001273221333549438,0.00010757032002715719,0.0001273221333549438
6,0.7,388,0.02281888404371619,0.00013150362449516813,0.00010496250527041488,0.00013150362449516813
6,0.7,389,0.022938773133628645,0.0001368848405869112,0.00011176672194349224,0.0001368848405869112
6,0.7,390,0.02272602528751862,0.00013871842265807395,0.0001126332486458137,0.00013871842265807395
6,0.7,391,0.02261111985576169,0.00013500081525719707,0.0001242314813889404,0.00013500081525719707
6,0.7,392,0.022567481405604203,0.00013477904093276227,0.00013477904093276227,0.00013155424874050298
6,0.7,393,0.022492438269652724,0.00017060224700898535,0.00017060224700898535,0.00013233149927450918
6,0.7,394,0.022564641571345002,0.0001350479542130695,0.0001350479542130695,0.00012929072183725837
6,0.7,395,0.02255253410610491,0.00013281874716499723,0.00012575510513632756,0.00013281874716499723
6,0.7,396,0.02278909275181283,0.00013113554513237088,0.00011946858762753932,0.00013113554513237088
6,0.7,397,0.022628257626199102,0.0001298329101920603,9.728875369559314e-05,0.0001298329101920603
6,0.7,398,0.022585028071281064,0.00013052601520507453,0.00012280365838409726,0.00013052601520507453
6,0.7,399,0.022649264052245453,0.0001338911782183402,0.00010460653165083007,0.0001338911782183402
6,0.7,400,0.022494758534405832,0.00013110742773623233,0.00011047867077765783,0.00013110742773623233
6,0.7,401,0.022395669672854644,0.0001253777122789265,0.00011516196840551736,0.0001253777122789265
6,0.7,402,0.02263047878335585,0.00012929320998351777,0.0001188054037812906,0.00012929320998351777
6,0.7,403,0.02268942779782764,0.0001285195127544716,0.00012036530429111939,0.0001285195127544716
6,0.7,404,0.022622321976540172,0.000132849089838938,0.00011971018706254455,0.000132849089838938
6,0.7,405,0.022617530190821824,0.00014632495255260597,0.00014632495255260597,0.0001306216267303052
6,0.7,406,0.02246155258747756,0.00013044837953481476,0.00012778994851947356,0.00013044837953481476
6,0.7,407,0.02240393788510785,0.00013268197875544274,0.0001326819787554427,0.00013023735771597854
6,0.7,408,0.022456051646130036,0.00013548512559196873,0.00012759151676013228,0.00013548512559196873
6,0.7,409,0.022712069265520787,0.00013698098160964058,0.00013698098160964056,0.00013459261956439483
6,0.7,410,0.02255514365584892,0.0001424692434405173,0.0001424692434405173,0.00013535046094212766
6,0.7,411,0.02243996212696621,0.00013852529883155446,0.00013852529883155446,0.00013267819265509745
6,0.7,412,0.022537264269791715,0.00013682468524057125,0.00012250464447291357,0.00013682468524057125
6,0.7,413,0.022619840452259447,0.00013440407215982537,0.000122204053640477,0.00013440407215982537
6,0.7,414,0.022738841777409535,0.0001360004353932518,0.0001041617537442754,0.0001360004353932518
6,0.7,415,0.022643896640979145,0.00013448352260916476,0.00012473890580212325,0.00013448352260916476
6,0.7,416,0.022690252722870122,0.00013309012362103492,0.0001237898154120802,0.00013309012362103492
6,0.7,417,0.022705403217241057,0.00015307068011541047,0.00015307068011541047,0.00012969452221482235
6,0.7,418,0.02269065025939747,0.00017596338396893343,0.00017596338396893343,0.00013104112303759745
6,0.7,419,0.022748663306809927,0.00013605812831258302,0.00013605812831258302,0.00013200923839496492
6,0.7,420,0.022895432218673167,0.000134476799462552,0.00010575800177812357,0.000134476799462552
6,0.7,421,0.022957741168797705,0.00013568628278863134,0.0001305551241127057,0.00013568628278863134
6,0.7,422,0.02292271477177177,0.00013309565659392475,0.00012981666039322968,0.00013309565659392475
6,0.7,423,0.022874720349648103,0.00014546241053349054,0.00014546241053349054,0.00013361329765250863
6,0.7,424,0.02286599380314548,0.00014486361741672532,0.00014486361741672532,0.0001307048683360848
6,0.7,425,0.02280540279363271,0.00015032590289893992,0.00015032590289893992,0.0001332246517226221
6,0.7,426,0.022802311021539446,0.0001312333789503855,0.00012391753510244163,0.0001312333789503855
6,0.7,427,0.02260468592149242,0.00018245383400334716,0.00018245383400334716,0.00012653907167653174
6,0.7,428,0.022542545542785543,0.0001324103401095227,0.00013241034010952267,0.0001242076778961804
6,0.7,429,0.022701825636577806,0.00013014536086650827,0.00013014536086650827,0.00013005267096018985
6,0.7,430,0.022770911562703146,0.00016137039911340588,0.00016137039911340588,0.00013252149437726965
6,0.7,431,0.02284035006315997,0.00014240324839552576,0.00014240324839552576,0.0001347592710948108
6,0.7,432,0.022792776823048932,0.00014967729568620276,0.00014967729568620276,0.0001314292732436817
6,0.7,433,0.022692344166291293,0.00013379634060932855,0.00010080086925854063,0.00013379634060932855
6,0.7,434,0.022731769741777763,0.00013332764689605696,0.00010591864137391533,0.00013332764689605696
6,0.7,435,0.022805608166964014,0.00013655948192549874,0.00011569818394103259,0.00013655948192549874
6,0.7,436,0.022654265933779515,0.00016919115603382956,0.00016919115603382956,0.00013076703047414483
6,0.7,437,0.022650072602459766,0.00017284920506252673,0.00017284920506252673,0.00012993022614647858
6,0.7,438,0.022785501387441717,0.00014860236737384417,0.00014860236737384417,0.0001333839321848995
6,0.7,439,0.022689428813801975,0.00013122756047665847,0.00012989740577067175,0.00013122756047665847
6,0.7,440,0.022519348101699827,0.00013047358586713642,0.0001193720307568685,0.00013047358586713642
6,0.7,441,0.022718461650683832,0.00015710688193083528,0.00015710688193083528,0.0001339681777417279
6,0.7,442,0.022798497085891874,0.00015472878752495034,0.00015472878752495034,0.00013864893925166554
6,0.7,443,0.022741406693153395,0.00013245405612326226,0.00012127375210712954,0.00013245405612326226
6,0.7,444,0.022724017952999,0.00014586299639669513,0.00014586299639669513,0.00013410850159920588
6,0.7,445,0.02252928754873039,0.00015247048051328255,0.00015247048051328255,0.00012581830259209516
6,0.7,446,0.022553608091068857,0.00012935725631264364,0.0001260095217369032,0.00012935725631264364
6,0.7,447,0.0225598536731386,0.00013184195601915607,0.0001274546107143729,0.00013184195601915607
6,0.7,448,0.02255034598692623,0.00013655255882864407,0.00013655255882864407,0.00013200834472475246
6,0.7,449,0.02249825059793388,0.00013919311927312444,0.00013919311927312444,0.00013528930712731753
6,0.7,450,0.022623204675921285,0.00013104401903283214,0.00011564832558875809,0.00013104401903283214
6,0.7,451,0.02268474152971571,0.00013703849030907058,0.00011708521082653411,0.00013703849030907058
6,0.7,452,0.02278903617859277,0.00013822995888678214,0.00013822995888678214,0.00013246943273529556
6,0.7,453,0.02281091488882762,0.0001365049699620031,0.00013650496996200307,0.00013573419576661831
6,0.7,454,0.02284108469757878,0.00012964125828424016,0.00011816743411953165,0.00012964125828424016
6,0.7,455,0.022725004842626913,0.0001611818150481252,0.0001611818150481252,0.00013403939380883374
6,0.7,456,0.02273753592137433,0.00016267062001451633,0.00016267062001451633,0.00013827643972979086
6,0.7,457,0.022617746924170234,0.00015287855238460394,0.00015287855238460394,0.00013587344379956267
6,0.7,458,0.02250941937126071,0.0001338592587517602,0.00012688171178065234,0.0001338592587517602
6,0.7,459,0.022666223477010587,0.00013288654183284468,0.00012762161979775507,0.00013288654183284468
6,0.7,460,0.022637179830217336,0.000134175242383714,0.00011313574228775922,0.000134175242383714
6,0.7,461,0.022530220796727597,0.00013220960224383105,0.00011344277662475813,0.00013220960224383105
6,0.7,462,0.02256361674606734,0.00013066441214444377,0.00010004185930261844,0.00013066441214444377
6,0.7,463,0.022758812870737537,0.00012964481969774964,0.00012396727483809624,0.00012964481969774964
6,0.7,464,0.02278953806864923,0.00013499684984815777,0.00011833803917311026,0.00013499684984815777
6,0.7,465,0.022726437834364042,0.00013832009228732588,0.00012236038492567623,0.00013832009228732588
6,0.7,466,0.02275321605731796,0.00013612974328961898,0.00011055939809292936,0.00013612974328961898
6,0.7,467,0.022677178749430905,0.00013730341794086746,0.00013730341794086746,0.00013368003671211418
6,0.7,468,0.022765842661997746,0.00013188108988255152,0.00012601235912889275,0.00013188108988255152
6,0.7,469,0.022596823871603364,0.00013846510399022834,0.00013846510399022834,0.00013715215649386537
6,0.7,470,0.022578439895119422,0.0001350273983294492,0.00012085929883958478,0.0001350273983294492
6,0.7,471,0.022531030326836076,0.00013223015211127645,0.00011958636722375767,0.00013223015211127645
6,0.7,472,0.022539189845813705,0.00014526752695885598,0.00014526752695885598,0.0001352405627558745
6,0.7,473,0.02265177927974874,0.0001333704520646419,0.0001333704520646419,0.0001331000610331222
6,0.7,474,0.02262662956673911,0.00013368421913587453,0.00013014385349621009,0.00013368421913587453
6,0.7,475,0.022697559512700426,0.00013323587485357673,0.00012085926099516419,0.00013323587485357673
6,0.7,476,0.022569736503187884,0.00013012696213028508,0.0001191188788953969,0.00013012696213028508
6,0.7,477,0.022630825689265853,0.000133717108097234,0.00011858007964641427,0.000133717108097234
6,0.7,478,0.022619246122685847,0.00013039328313499404,0.00011713611088865419,0.00013039328313499404
6,0.7,479,0.022350247341714684,0.0001336073622751547,0.0001336073622751547,0.0001261321168023328
6,0.7,480,0.02241136893819998,0.00013791900606757588,0.00013791900606757588,0.00012833655488991554
6,0.7,481,0.02233663573982921,0.00014279197585224807,0.00014279197585224807,0.00013107413591355053
6,0.7,482,0.02246410426473897,0.0001308315561741967,0.00010889377490007285,0.0001308315561741967
6,0.7,483,0.02244001875840765,0.0001281692869963675,0.00012540332318367747,0.0001281692869963675
6,0.7,484,0.022468370741834994,0.00014139210294986427,0.00014139210294986427,0.00013038168526633868
6,0.7,485,0.022467823657704566,0.0001252925461448397,0.00011090581114993678,0.0001252925461448397
6,0.7,486,0.022681946428093937,0.0001404827141039496,0.0001404827141039496,0.0001270198313609154
6,0.7,487,0.022623592179235038,0.00014235149813174989,0.00014235149813174989,0.0001303847535894111
6,0.7,488,0.022739685434729474,0.00014390538118575242,0.00014390538118575242,0.00013161364270614751
6,0.7,489,0.022469071147244904,0.00013288648888705283,0.000128449290577841,0.00013288648888705283
6,0.7,490,0.022498119318675687,0.00013169968378125502,0.00012431024337227953,0.00013169968378125502
6,0.7,491,0.022460002691934607,0.0001345420046522019,0.0001345420046522019,0.00013107690578529276
6,0.7,492,0.02238427226272478,0.00013804115131786564,0.00013804115131786564,0.00012352039191125557
6,0.7,493,0.022446210641665045,0.00012386554826124055,0.00012386554826124055,0.00012364884178743402
6,0.7,494,0.022493884471988117,0.0001233267097629355,0.00011516850719894127,0.0001233267097629355
6,0.7,495,0.022662762750396474,0.0001252811430806202,0.00011672589829806255,0.0001252811430806202
6,0.7,496,0.022561959914464372,0.00013349045229912423,0.00013349045229912423,0.00013112378317109468
6,0.7,497,0.02266979061812893,0.00012968305205073667,0.00012884012255777555,0.00012968305205073667
6,0.7,498,0.022696381229333748,0.00012783754045334652,0.00010740921676322624,0.00012783754045334652
6,0.7,499,0.02263064353665967,0.00013607013460750433,0.00013607013460750433,0.00012504849325741647
6,0.7,500,0.022617269642149718,0.0001530263288313396,0.0001530263288313396,0.00012613853185919203
6,0.9,0,0.08229633132984199,0.0002814892363379844,0.0002814892363379844,0.00025320463726043565
6,0.9,1,0.05012674352151046,0.0002471299673612265,0.0002368028018848593,0.0002471299673612265
6,0.9,2,0.03774273337991148,0.00022276918706768222,0.00018843028629298708,0.00022276918706768222
6,0.9,3,0.03160669897132174,0.0001937452184984077,0.0001789606445347395,0.0001937452184984077
6,0.9,4,0.02819953855263203,0.0001899993096563307,0.0001899993096563307,0.00017794639081295126
6,0.9,5,0.026107995474821885,0.00016271694504144403,0.00013497389109596436,0.00016271694504144403
6,0.9,6,0.024759619766143565,0.00015135923847424878,0.0001354605244686,0.00015135923847424878
6,0.9,7,0.023976935900229934,0.0001460162551661725,0.00014033957958198647,0.0001460162551661725
6,0.9,8,0.02353255077004246,0.00014587760947644418,0.00014100822044069386,0.00014587760947644418
6,0.9,9,0.023174534900305247,0.00014244257132231956,0.00011776204463453306,0.00014244257132231956
6,0.9,10,0.022960056596165533,0.00014412249283610602,0.00011363318228066422,0.00014412249283610602
6,0.9,11,0.02293805464305599,0.00013822367313513182,0.0001226456953548286,0.00013822367313513182
6,0.9,12,0.022796070463655838,0.00015852503691651966,0.0001585250369165197,0.00013729575297926372
6,0.9,13,0.022742950371155018,0.00014982740452836466,0.00014982740452836466,0.00013517620109906715
6,0.9,14,0.022756559156598393,0.0001565320941792599,0.0001565320941792599,0.00013093912006922068
6,0.9,15,0.022769156042910556,0.0001315506435943537,0.0001309016659058281,0.0001315506435943537
6,0.9,16,0.022789051373140214,0.00013508705615842659,0.00010509248020380144,0.00013508705615842659
6,0.9,17,0.02270288296292535,0.00013151510199874315,0.00012415851700697402,0.00013151510199874315
6,0.9,18,0.022703966225078597,0.00013486225777413418,0.0001281856199670394,0.00013486225777413418
6,0.9,19,0.022731760600833397,0.00013304781717431684,0.00010738276507404677,0.00013304781717431684
6,0.9,20,0.022683324712317446,0.0001438164714700483,0.0001438164714700483,0.00012999859124382344
6,0.9,21,0.022695372509745213,0.00013607210361856863,0.00013551457885594066,0.00013607210361856863
6,0.9,22,0.022592534890643137,0.00012899255824606136,0.00011468799239761109,0.00012899255824606136
6,0.9,23,0.02271319586437833,0.00013571107544399266,0.00011902343101226492,0.00013571107544399266
6,0.9,24,0.022601535860987766,0.00012984612190429002,0.00012543253458732802,0.00012984612190429002
6,0.9,25,0.02264645773199041,0.00013236180520044097,0.00012198870421231838,0.00013236180520044097
6,0.9,26,0.02253544104490016,0.00012639541792452678,0.00012250563475080847,0.00012639541792452678
6,0.9,27,0.022509405559479216,0.00012785631928180166,0.00012453271620425455,0.00012785631928180166
6,0.9,28,0.022512961836319737,0.00014086669468858082,0.00014086669468858082,0.00012628213033341493
6,0.9,29,0.02248090849628533,0.00015157219847466855,0.00015157219847466858,0.00012916113261874764
6,0.9,30,0.02257138264720783,0.00013020374042537963,0.00012696775447453015,0.00013020374042537963
6,0.9,31,0.022512940876482538,0.00012931940959005426,0.00012857519247642864,0.00012931940959005426
6,0.9,32,0.022512599630353916,0.00014712481026138478,0.0001471248102613848,0.00012903883521966523
6,0.9,33,0.022472190910339078,0.00013658735410733284,0.0001365873541073328,0.00012740031779809614
6,0.9,34,0.022371840140941342,0.00013476410381015755,0.00013476410381015755,0.00013011505659918184
6,0.9,35,0.022399367681127554,0.00013489471402964906,0.00013489471402964906,0.00013086075231606652
6,0.9,36,0.02237982929606146,0.00013106413719942637,0.0001042815970636426,0.00013106413719942637
6,0.9,37,0.022639717219952005,0.00013208755863815144,0.00011912485671463668,0.00013208755863815144
6,0.9,38,0.022590938665803577,0.00013423585001841196,0.00013423585001841196,0.00012931870641402914
6,0.9,39,0.022460820941081625,0.00013036645067901367,0.00012051225452706426,0.00013036645067901367
6,0.9,40,0.02245846461255237,0.00015906941477460875,0.00015906941477460875,0.00012682858229890788
6,0.9,41,0.02252112620224536,0.00013471134488618458,0.00013471134488618458,0.00013292103786805335
6,0.9,42,0.022478860213884514,0.00013429545430339285,0.00013429545430339285,0.0001337176684969845
6,0.9,43,0.02251474009599591,0.0001307813418104669,0.00012604447609111688,0.0001307813418104669
6,0.9,44,0.022583470243023762,0.0001479136421482012,0.0001479136421482012,0.00013114617497574319
6,0.9,45,0.02258977892487035,0.0001396677642750055,0.00013966776427500548,0.00013104337252066732
6,0.9,46,0.0223197297178189,0.0001650485694614979,0.0001650485694614979,0.0001261889429100861
6,0.9,47,0.022439175949443564,0.00014664625004455375,0.00014664625004455373,0.00013216849060347747
6,0.9,48,0.022726824667665183,0.00015928223003068003,0.00015928223003068003,0.00012974595886557379
6,0.9,49,0.02253996735334097,0.000139346454793756,0.000139346454793756,0.00012898411091117663
6,0.9,50,0.02262932622687856,0.00014934794251983657,0.00014934794251983657,0.00013614314554956505
6,0.9,51,0.022477516673229336,0.00013027146560584712,0.00013027146560584712,0.00012713530648581381
6,0.9,52,0.02239239568226842,0.00013241559183968881,0.00013241559183968881,0.0001282054825360733
6,0.9,53,0.022322147743790644,0.0001412623685696114,0.00014126236856961143,0.00012421274876183347
6,0.9,54,0.022513110008727466,0.00014493268794457767,0.00014493268794457767,0.00013572540951785732
6,0.9,55,0.022479754991208203,0.00013782800871466402,0.00013782800871466402,0.00013046842616187425
6,0.9,56,0.022571693645127244,0.0001321645061334231,0.00012027634629752464,0.0001321645061334231
6,0.9,57,0.022604030610548165,0.00013785865588721214,0.00013440597580407224,0.00013785865588721214
6,0.9,58,0.02254349067764539,0.00015837048677438856,0.00015837048677438856,0.00013105404494394385
6,0.9,59,0.022654371847403886,0.0001465084870334777,0.0001465084870334777,0.00013162931223029522
6,0.9,60,0.022613128733341505,0.00012953738229438022,0.00011844213048080714,0.00012953738229438022
6,0.9,61,0.0225877976296369,0.00012970835509392922,0.0001280515507488182,0.00012970835509392922
6,0.9,62,0.02276637136123734,0.00012973592028554166,0.00012000329849943445,0.00012973592028554166
6,0.9,63,0.02263070873568349,0.00013247095815778303,0.00012746628718476188,0.00013247095815778303
6,0.9,64,0.022603098557652336,0.0001304495693762163,0.00012987960838133905,0.0001304495693762163
6,0.9,65,0.022656613147617372,0.00015608818670660203,0.00015608818670660203,0.0001317037625002463
6,0.9,66,0.022682036828700063,0.00015238977888794053,0.00015238977888794053,0.00013871596293255368
6,0.9,67,0.022773249812523308,0.0001591368560918533,0.0001591368560918533,0.0001324817472658281
6,0.9,68,0.02266443700357885,0.0001375229623648942,0.0001375229623648942,0.00013107936878165185
6,0.9,69,0.022341137449786483,0.00014613904028693662,0.00014613904028693662,0.00012955834635759147
6,0.9,70,0.022648376053739,0.0001330576180061985,8.834243265510729e-05,0.0001330576180061985
6,0.9,71,0.022502751038375905,0.00013139366715036628,0.0001272248821983574,0.00013139366715036628
6,0.9,72,0.022662237331705738,0.00013808553143196403,0.0001201134496581253,0.00013808553143196403
6,0.9,73,0.022481423918752377,0.00013674638673717146,0.00013674638673717148,0.0001306949770058679
6,0.9,74,0.022624894297542133,0.00013236558623815406,0.00010474151377533343,0.00013236558623815406
6,0.9,75,0.02254700068865342,0.0001736384092126854,0.00017363840921268538,0.0001340347397469811
6,0.9,76,0.022645072092357978,0.00015953889540567783,0.00015953889540567783,0.00013476775293090465
6,0.9,77,0.022548006455367944,0.00013211358991928996,0.00013211358991928996,0.000129252494985844
6,0.9,78,0.022494413071084917,0.00014101845471729048,0.00014101845471729048,0.00012813331811452135
6,0.9,79,0.022434077876674213,0.0001295202818818366,0.00012671899456974324,0.0001295202818818366
6,0.9,80,0.022460145851742788,0.00013725521566527297,0.00013725521566527297,0.00013146751431637906
6,0.9,81,0.022411947256662377,0.00017250744648073064,0.00017250744648073064,0.00013288237174380793
6,0.9,82,0.02246561039543171,0.00013237612429339542,0.00011265624394763741,0.00013237612429339542
6,0.9,83,0.022463365598569224,0.00014149058295934933,9.891106659779812e-05,0.00014149058295934933
6,0.9,84,0.022473259236624007,0.00014740996258000847,0.0001474099625800085,0.0001414899661012791
6,0.9,85,0.02264083160288715,0.000137226384158672,0.00013317763007804253,0.000137226384158672
6,0.9,86,0.02250793365528768,0.00013464337761896357,0.0001270991545124216,0.00013464337761896357
6,0.9,87,0.02237434594177898,0.00013088880893527476,0.0001242230532768448,0.00013088880893527476
6,0.9,88,0.022532885039948332,0.00013299268028550953,0.00013299268028550953,0.0001242421437756687
6,0.9,89,0.022583419078695634,0.0001313026603059306,0.00012374973456302384,0.0001313026603059306
6,0.9,90,0.022625075747229714,0.00014580001884269728,0.0001458000188426973,0.0001317602227523916
6,0.9,91,0.02264147187156273,0.00012713485859635134,0.00011093731766769202,0.00012713485859635134
6,0.9,92,0.02261981655437377,0.00012957139323936168,0.0001274040248626918,0.00012957139323936168
6,0.9,93,0.022643588613779058,0.00013164700580107932,0.0001243721500946637,0.00013164700580107932
6,0.9,94,0.022498799480540507,0.00013228125694982352,0.00010631966148157887,0.00013228125694982352
6,0.9,95,0.02244026299804148,0.0001453272432013999,0.00014532724320139988,0.00012905291443295012
6,0.9,96,0.022460069939560692,0.0001558438595734634,0.0001558438595734634,0.0001274931372464611
6,0.9,97,0.02249240572506647,0.00014395739984282072,0.00014395739984282072,0.000131867982252711
6,0.9,98,0.0225319069254843,0.00015112495009814413,0.00015112495009814413,0.00013041432867343816
6,0.9,99,0.022409012196475963,0.00013319439447879755,0.00013319439447879755,0.00012705639722628326
6,0.9,100,0.022457867554453427,0.0001373172086355866,0.0001373172086355866,0.00013263273234130843
6,0.9,101,0.02244854683393031,0.00015847293821166943,0.00015847293821166943,0.0001313983237139895
6,0.9,102,0.022493813731596403,0.00015247698420285595,0.00015247698420285595,0.0001277158204718317
6,0.9,103,0.02245898007372083,0.00013526057293587483,0.00013526057293587483,0.00013033881107635666
6,0.9,104,0.022537537358700187,0.00014579296863281114,0.00014579296863281114,0.00013171226993845945
6,0.9,105,0.02251101676875777,0.00013523587921183123,0.00013244250938099109,0.00013523587921183123
6,0.9,106,0.022279099314135034,0.00012960300671081612,0.00011742943461522212,0.00012960300671081612
6,0.9,107,0.022620907637182882,0.00014741376161270215,0.00014741376161270215,0.00013096638868115193
6,0.9,108,0.02249173586206089,0.00014960195961829143,0.0001496019596182914,0.00013201086685207981
6,0.9,109,0.02251455582893791,0.0001412113407806597,0.0001412113407806597,0.00012940153783142495
6,0.9,110,0.02254510845025288,0.00013088706507640566,0.0001237487876701486,0.00013088706507640566
6,0.9,111,0.022636868470342845,0.0001534479117333492,0.0001534479117333492,0.00012978896331111456
6,0.9,112,0.022485547839238586,0.0001404403880139058,0.00014044038801390584,0.00013146017461488615
6,0.9,113,0.02260522816728582,0.00015938031999970155,0.00015938031999970155,0.00013084322785272224
6,0.9,114,0.022509636563805103,0.00015732541839588108,0.00015732541839588108,0.000128862311718513
6,0.9,115,0.02276382802750147,0.0001512744789080845,0.00015127447890808448,0.00013520354295139294
6,0.9,116,0.022565732015548488,0.00013508645020471268,0.00012845153056377105,0.00013508645020471268
6,0.9,117,0.022779523998932866,0.00014247905400466772,0.00014247905400466772,0.00013546100762838184
6,0.9,118,0.02266115902704328,0.00015339669321711065,0.00015339669321711065,0.0001293831765993644
6,0.9,119,0.022635953335952322,0.00013400323587080972,0.00012228057445276116,0.00013400323587080972
6,0.9,120,0.022707866217943882,0.0001310431270699048,0.00011562502615686533,0.0001310431270699048
6,0.9,121,0.02268324673675755,0.00013517423222239694,0.00012255368885608626,0.00013517423222239694
6,0.9,122,0.022639861031160724,0.0001431727130315103,0.0001431727130315103,0.00013667731610921845
6,0.9,123,0.02261890745004835,0.0001347430332705735,0.0001328143463602142,0.0001347430332705735
6,0.9,124,0.02265591044515597,0.0001445351189572665,0.0001445351189572665,0.00013124901220159003
6,0.9,125,0.02268618874196256,0.0001309948042780868,0.00010765107508009941,0.0001309948042780868
6,0.9,126,0.022634737720526064,0.00017292539123242971,0.00017292539123242971,0.00013155939365797276
6,0.9,127,0.0226959723794936,0.00018872884828042026,0.00018872884828042026,0.000129136442096948
6,0.9,128,0.022614578948208616,0.0001264754153870874,0.00011990930185730092,0.0001264754153870874
6,0.9,129,0.02252920457436492,0.00013016203394581956,9.740867825090912e-05,0.00013016203394581956
6,0.9,130,0.022449986449682754,0.00012682839254564716,0.00011472126898693565,0.00012682839254564716
6,0.9,131,0.022579832955333324,0.00013058730196552674,0.00012544353642516618,0.00013058730196552674
6,0.9,132,0.022648352377618534,0.00012835466759530574,0.00012191893043608427,0.00012835466759530574
6,0.9,133,0.022555658187944538,0.00013087385773211143,0.00010751360242131627,0.00013087385773211143
6,0.9,134,0.022367412052557826,0.00013464514681833334,0.00013464514681833334,0.00013215590123586508
6,0.9,135,0.02246139374303745,0.00012840707276719988,0.00012037946071656408,0.00012840707276719988
6,0.9,136,0.02252697048204238,0.00015504139787932074,0.00015504139787932074,0.00012809460261671346
6,0.9,137,0.022683650301415725,0.00014489498833113217,0.00014489498833113217,0.00013259065770501025
6,0.9,138,0.022754893273203115,0.000148440286630331,0.000148440286630331,0.00013309460512138575
6,0.9,139,0.022658785092219306,0.0001268287775130146,0.00010729973557442416,0.0001268287775130146
6,0.9,140,0.022680487785158313,0.00013408091300735236,0.00013408091300735236,0.0001302932293190769
6,0.9,141,0.02262363976347598,0.00012673165858895482,0.00010024511934386055,0.00012673165858895482
6,0.9,142,0.022576882680179513,0.000129268382754219,0.00012446439360933048,0.000129268382754219
6,0.9,143,0.022418477105696447,0.00015066415417717857,0.00015066415417717857,0.00012764996673075735
6,0.9,144,0.022557026592076302,0.0001301077054915505,0.0001277608308267763,0.0001301077054915505
6,0.9,145,0.022502002834272047,0.0001288299687394485,0.00011402708612338988,0.0001288299687394485
6,0.9,146,0.02242053693375222,0.00014111433384036656,0.00014111433384036656,0.00012946435803698836
6,0.9,147,0.022530529809607104,0.00014097356192039313,0.00014097356192039313,0.00012894702487844693
6,0.9,148,0.0224590429869624,0.00012697900151678915,0.00011868905382592037,0.00012697900151678915
6,0.9,149,0.022359073059290056,0.00012826900556015016,0.00010186238676225365,0.00012826900556015016
6,0.9,150,0.02243373754541346,0.00013066866447010022,0.000126987198444897,0.00013066866447010022
6,0.9,151,0.02248933777876837,0.00014981634890461623,0.00014981634890461623,0.00012708674819193104
6,0.9,152,0.02277952962098926,0.00014768853691482682,0.00014768853691482682,0.00013460053020690376
6,0.9,153,0.022691012567657952,0.0001347661695531092,0.00013475063841042738,0.0001347661695531092
6,0.9,154,0.022706059271818867,0.00013628325027050236,0.00013609215991247628,0.00013628325027050236
6,0.9,155,0.022825172141010423,0.0001347479767310607,0.00012144840273274985,0.0001347479767310607
6,0.9,156,0.022780713257949503,0.00013788080229639027,0.00013788080229639027,0.00013265730459398377
6,0.9,157,0.022753865573343267,0.00013278725546362577,0.00011977589513072514,0.00013278725546362577
6,0.9,158,0.022835023045967927,0.0001482113681899426,0.0001482113681899426,0.00013778876370586468
6,0.9,159,0.02272108583153667,0.0001419586512858365,0.0001419586512858365,0.00013712804969863134
6,0.9,160,0.022492615380511446,0.0001352552218838484,0.00013525522188384838,0.0001343975051859501
6,0.9,161,0.02253979073365179,0.00013304071156941243,0.00011170993354428159,0.00013304071156941243
6,0.9,162,0.022485153500588797,0.00013094909522511165,0.0001274763400261006,0.00013094909522511165
6,0.9,163,0.022511328633277684,0.00013633040292294752,0.0001326813228479241,0.00013633040292294752
6,0.9,164,0.022500235719645777,0.00013466868664816097,0.00012155510010410584,0.00013466868664816097
6,0.9,165,0.022482975842547073,0.00013423094338179873,0.00011759087995507261,0.00013423094338179873
6,0.9,166,0.022507641288687825,0.00013225068087521557,0.00011900601302536832,0.00013225068087521557
6,0.9,167,0.022258223010746356,0.00013090668995361025,0.00013090668995361025,0.00013030960167626434
6,0.9,168,0.02251682322319266,0.0001273351937945877,0.0001265760795938208,0.0001273351937945877
6,0.9,169,0.022453753677419048,0.00012759400998455187,0.00012512201713417561,0.00012759400998455187
6,0.9,170,0.02257849188149733,0.00013251426191526912,0.00012210078828817233,0.00013251426191526912
6,0.9,171,0.0226587956312105,0.0001299719903435963,0.00012767687134316325,0.0001299719903435963
6,0.9,172,0.022657683060256326,0.00013408538502147696,0.00010312995824280708,0.00013408538502147696
6,0.9,173,0.022691383083468394,0.00012979676989809515,0.00010374022252016091,0.00012979676989809515
6,0.9,174,0.02248019275551383,0.00013605385781661968,0.00011479930631501773,0.00013605385781661968
6,0.9,175,0.022394238289455692,0.0001321600349338939,0.00012152216055358568,0.0001321600349338939
6,0.9,176,0.02236316024319712,0.00013163307916833406,0.00012632068765304065,0.00013163307916833406
6,0.9,177,0.02229745486977285,0.0001423764321868801,0.0001423764321868801,0.00012781694793938592
6,0.9,178,0.022441055738017263,0.00013198694245760722,0.00013198694245760722,0.0001305249731978586
6,0.9,179,0.02238039539789928,0.00012983437532283675,0.00012425516706068325,0.00012983437532283675
6,0.9,180,0.02242913236906074,0.0001371545621274049,0.0001371545621274049,0.0001292812773692767
6,0.9,181,0.02244951628212592,0.00013038802301488449,0.00013038802301488446,0.00012749653653108128
6,0.9,182,0.02243659229620307,0.00013859958846528845,0.00013859958846528845,0.00012633049259349387
6,0.9,183,0.02256247412276271,0.00013001524391188375,0.00011827461589583981,0.00013001524391188375
6,0.9,184,0.022523078887226763,0.00012929735538725403,0.0001218375446800595,0.00012929735538725403
6,0.9,185,0.02254422052356189,0.0001352377809992628,0.00012463393939358738,0.0001352377809992628
6,0.9,186,0.022474770345949472,0.00012944635294385423,0.0001225198757492421,0.00012944635294385423
6,0.9,187,0.02244356138957625,0.00013676119210207104,0.00011097033396081927,0.00013676119210207104
6,0.9,188,0.022548110701369323,0.00013951710156563684,0.00013951710156563681,0.00012939255027344092
6,0.9,189,0.022706514985807988,0.00014092258073081132,0.00014092258073081132,0.0001297391225400706
6,0.9,190,0.022541565177674805,0.00015145830112600072,0.00015145830112600072,0.00012869909022939893
6,0.9,191,0.02264086730220614,0.0001285314933568763,0.00012173102617510413,0.0001285314933568763
6,0.9,192,0.022750291764989206,0.0001476480163672397,0.0001476480163672397,0.0001345967060620602
6,0.9,193,0.02256758439261689,0.0001347350790909227,0.00013027413374041012,0.0001347350790909227
6,0.9,194,0.022457629473849088,0.00013621961565678215,0.00012701630786103547,0.00013621961565678215
6,0.9,195,0.02245208440105092,0.00013994601180286514,0.00013994601180286517,0.00013403259422036746
6,0.9,196,0.022591020226365752,0.0001460703498930908,0.0001460703498930908,0.0001375732138338759
6,0.9,197,0.022680504006735113,0.00014146764570700023,0.00014146764570700023,0.00013910978104771408
6,0.9,198,0.0225895324845161,0.00013288036193044296,0.00012046522622150288,0.00013288036193044296
6,0.9,199,0.02253763047722925,0.0001313422809664781,0.0001229130700064354,0.0001313422809664781
6,0.9,200,0.02253787129678843,0.00013379028684278708,0.0001304746579486068,0.00013379028684278708
6,0.9,201,0.022439062794794847,0.0001391519804344277,0.0001391519804344277,0.00013705446072260637
6,0.9,202,0.022444098599074626,0.00015240214975818998,0.00015240214975818998,0.000134423066533964
6,0.9,203,0.022465898876139295,0.00015962075908038966,0.00015962075908038966,0.00012863618667044148
6,0.9,204,0.022628288194536793,0.0001368218518413312,0.00011364504359405827,0.0001368218518413312
6,0.9,205,0.022262611308960442,0.00012763006848653794,0.00010971107198478511,0.00012763006848653794
6,0.9,206,0.022168174597759396,0.00015158656959729885,0.00015158656959729885,0.00012506408202424182
6,0.9,207,0.022323699119934922,0.00013092018368385822,0.0001297978736468392,0.00013092018368385822
6,0.9,208,0.022390748447025533,0.00013695890418205934,0.00013695890418205934,0.00012799141355400638
6,0.9,209,0.022429063841766315,0.00015853378678336945,0.00015853378678336945,0.00012801808841180889
6,0.9,210,0.02256536480415555,0.00015847305639623866,0.00015847305639623866,0.00013152036041520128
6,0.9,211,0.022518375392068656,0.0001413994533128409,0.0001413994533128409,0.0001248314255141912
6,0.9,212,0.02254488262574102,0.00012991953163530825,0.00012478440611979222,0.00012991953163530825
6,0.9,213,0.022391996803161836,0.00013373820562469433,0.00013373820562469433,0.00012575014087997535
6,0.9,214,0.02236007431038804,0.0001319677912057635,0.0001319677912057635,0.00012810894480455766
6,0.9,215,0.02239251360855724,0.00013292446452840685,0.00013292446452840685,0.00012814036788618482
6,0.9,216,0.022456508520256668,0.00013979199993133847,0.00013979199993133847,0.00012842668665730717
6,0.9,217,0.022537168970800898,0.00013848877561868005,0.00013848877561868002,0.00012723008091451845
6,0.9,218,0.022441249244357645,0.00015427373815067352,0.00015427373815067352,0.00012697981153477004
6,0.9,219,0.022771988296445812,0.00014131886368282256,0.00014131886368282256,0.00013011243359799168
6,0.9,220,0.022744099208296887,0.00013030942987514078,0.00013030942987514078,0.00012842199596436579
6,0.9,221,0.022667397514248306,0.00012754359209052473,0.0001231156362415396,0.00012754359209052473
6,0.9,222,0.02275263113340239,0.00013837530841518726,0.00013837530841518723,0.00012727598464066036
6,0.9,223,0.02256466271077463,0.00014171795238528758,0.00014171795238528755,0.0001262654413249194
6,0.9,224,0.02263444783080627,0.00015402356883958184,0.00015402356883958184,0.00012923775913589128
6,0.9,225,0.02261254389199513,0.00016740599464820562,0.00016740599464820562,0.00012688757694500087
6,0.9,226,0.02260462771139634,0.00015004944234783105,0.00015004944234783105,0.0001292611937533102
6,0.9,227,0.022619768519105906,0.00014301072549943348,0.00014301072549943348,0.00012579904542145792
6,0.9,228,0.02260109434823521,0.0001496089916460301,0.0001496089916460301,0.0001301118272585232
6,0.9,229,0.02256709019614976,0.0001505563138112484,0.0001505563138112484,0.0001277409701603053
6,0.9,230,0.022585163460368717,0.00014808411325094967,0.00014808411325094967,0.00012895836277572012
6,0.9,231,0.022428465645974182,0.00013686163909263873,0.00013686163909263873,0.0001250103363721737
6,0.9,232,0.02235901837937583,0.00014724818761602045,0.00014724818761602043,0.00013346042530082045
6,0.9,233,0.02232960821957314,0.00012871524941378404,0.00012871524941378404,0.00012698135876432562
6,0.9,234,0.022532839109529055,0.0001318259932659972,0.00010739509726475697,0.0001318259932659972
6,0.9,235,0.022234954220507124,0.0001406767708354848,0.00014067677083548478,0.00012619058177285988
6,0.9,236,0.02236496557203027,0.00012555300535457581,0.00011703299172179347,0.00012555300535457581
6,0.9,237,0.022446875029879063,0.00013757150044834532,0.00012345976142303907,0.00013757150044834532
6,0.9,238,0.022634379375144103,0.000132753453800763,0.00011661948544907603,0.000132753453800763
6,0.9,239,0.02257521717961336,0.00013254075396928325,0.0001288757276334947,0.00013254075396928325
6,0.9,240,0.02255816427914287,0.00013973882145601105,0.00013973882145601105,0.00012765190313420902
6,0.9,241,0.022341295854332466,0.00013603605165829236,0.00013603605165829236,0.00012764784532135823
6,0.9,242,0.02266503708779322,0.0001532520178903887,0.0001532520178903887,0.0001305956990539982
6,0.9,243,0.022662645570665323,0.00013779267554854947,0.00013779267554854947,0.00012753453174297471
6,0.9,244,0.022376471081278222,0.00013690357249548167,0.00013690357249548167,0.00013010057738286674
6,0.9,245,0.0224539491807693,0.0001284310754980735,0.000115262602233112,0.0001284310754980735
6,0.9,246,0.022544901363543125,0.0001323719081557079,9.966607219541252e-05,0.0001323719081557079
6,0.9,247,0.022735538365116333,0.00013842067696188238,0.00013842067696188238,0.00013224084885716793
6,0.9,248,0.022676824453605523,0.00013660365984335162,0.00013026521207531002,0.00013660365984335162
6,0.9,249,0.02263397554580199,0.00014340229147701916,0.00014340229147701916,0.00014221376412256308
6,0.9,250,0.02256051915103637,0.00014173028645796684,0.00014173028645796684,0.00013934906959882506
6,0.9,251,0.022660032542142418,0.00014059266498238083,0.0001405926649823808,0.00013107588856845544
6,0.9,252,0.022571267695281505,0.00016062422068556975,0.00016062422068556975,0.00013244013169696456
6,0.9,253,0.022478536145155697,0.00013956018078889888,0.00013956018078889888,0.00012791376271748775
6,0.9,254,0.022538389817756056,0.0001307838905808889,0.00013078389058088889,0.00012844295508062368
6,0.9,255,0.02243616437166313,0.00013697535112043062,0.00013697535112043062,0.00012800389922806033
6,0.9,256,0.022448957416643284,0.0001293397116511739,0.0001293397116511739,0.00012922659357481563
6,0.9,257,0.022531531427629908,0.0001322257174573628,0.00011863166740086344,0.0001322257174573628
6,0.9,258,0.022188657931274315,0.00012652729190684465,0.00011284453753885648,0.00012652729190684465
6,0.9,259,0.02234752967858129,0.0001373004001471353,0.0001373004001471353,0.00012716086056009968
6,0.9,260,0.02254721621372065,0.0001410007329789673,0.0001410007329789673,0.00013189283928395602
6,0.9,261,0.022548430282067555,0.0001294420440291892,0.00012596352373189928,0.0001294420440291892
6,0.9,262,0.022381492024974563,0.0001473500814004847,0.0001473500814004847,0.00012977425416312382
6,0.9,263,0.022382311672751374,0.0001397793804072942,0.0001397793804072942,0.00012631612848868517
6,0.9,264,0.022404656316335963,0.00013134728529213237,0.00011921208505659039,0.00013134728529213237
6,0.9,265,0.022317244427121928,0.00012708900338807873,0.0001263618539058833,0.00012708900338807873
6,0.9,266,0.022511370604476753,0.00012881386897915678,0.00011555367787578108,0.00012881386897915678
6,0.9,267,0.022445766485525084,0.0001343417122542614,0.00011210800569955078,0.0001343417122542614
6,0.9,268,0.022525859908821326,0.00013335960263823342,0.00012315321339110075,0.00013335960263823342
6,0.9,269,0.022586811450237075,0.00013371421380889707,0.00011199876495545401,0.00013371421380889707
6,0.9,270,0.022657736476425685,0.00015930354154027946,0.00015930354154027946,0.00013425934867340562
6,0.9,271,0.02262423966877065,0.000158100343137913,0.000158100343137913,0.0001367526546402418
6,0.9,272,0.022537527690403143,0.00013524474396691257,0.00011532292236492705,0.00013524474396691257
6,0.9,273,0.022575224099311356,0.00013325019373412527,0.00013325019373412527,0.0001315474780590249
6,0.9,274,0.022376974308143772,0.00014129478015294437,0.0001412947801529444,0.0001309064676428206
6,0.9,275,0.022434314842066337,0.00015866288063831738,0.00015866288063831738,0.00013258656252230537
6,0.9,276,0.022573421420197515,0.00013465173383578167,0.0001330208621409578,0.00013465173383578167
6,0.9,277,0.0224629412191897,0.00013226354117635097,0.0001119019892468069,0.00013226354117635097
6,0.9,278,0.022616633422410052,0.00013231994477149483,0.00012576401589441095,0.00013231994477149483
6,0.9,279,0.02271440094148286,0.00012834176944464225,0.00012834176944464225,0.0001263216136389406
6,0.9,280,0.02263041401682995,0.00015713677428900777,0.00015713677428900774,0.0001332842146608197
6,0.9,281,0.022545432134541923,0.00015801179666174339,0.00015801179666174339,0.00013283636655609207
6,0.9,282,0.022849277043330694,0.00014537136891798727,0.00014537136891798727,0.00013513633477524613
6,0.9,283,0.022749310754587995,0.00013187724197262547,0.00012140976805416777,0.00013187724197262547
6,0.9,284,0.022543029131976235,0.0001531282415669286,0.0001531282415669286,0.00013050087288760982
6,0.9,285,0.02245233772131885,0.00015283300012681734,0.00015283300012681734,0.00012885887051502286
6,0.9,286,0.0223977864767944,0.0001454737917349318,0.0001454737917349318,0.00012621355411299528
6,0.9,287,0.022627820028073897,0.00014513696244824732,0.0001451369624482473,0.00012971655402074388
6,0.9,288,0.022725636422983024,0.0001399053310583945,0.00013990533105839447,0.0001252817634082119
6,0.9,289,0.0226619615453872,0.00015442081089150398,0.00015442081089150398,0.00012471079152782952
6,0.9,290,0.022814491282498257,0.00012999006566022446,0.00012999006566022446,0.0001276965611560816
6,0.9,291,0.022570811617625426,0.00013470098189619312,0.00013470098189619312,0.0001343977174270189
6,0.9,292,0.022443901524413154,0.00013369433867499046,0.00013369433867499046,0.0001281934392203091
6,0.9,293,0.022491815198387038,0.0001313656421294937,0.00013136564212949372,0.0001270383503510511
6,0.9,294,0.022674976723277902,0.00014485385810630185,0.00014485385810630183,0.00012927864924456518
6,0.9,295,0.02273265897370948,0.00013461305900278856,9.537398257175448e-05,0.00013461305900278856
6,0.9,296,0.022873279963326252,0.00013274698806143504,0.00011691890662878882,0.00013274698806143504
6,0.9,297,0.02271350395558232,0.00015901185658732795,0.00015901185658732795,0.00013723765358904136
6,0.9,298,0.022587614139794692,0.00013765917641845948,0.00011787610461929621,0.00013765917641845948
6,0.9,299,0.022459943371683246,0.00013335616097005218,0.00011811621142139742,0.00013335616097005218
6,0.9,300,0.02240930373656982,0.0001314450885489705,0.00012193981821659363,0.0001314450885489705
6,0.9,301,0.022363500746215945,0.00013346949213401994,0.00013158003299402774,0.00013346949213401994
6,0.9,302,0.022407958889028814,0.00012661265090894134,0.00010903088033213716,0.00012661265090894134
6,0.9,303,0.0225584320349966,0.0001533224913452203,0.0001533224913452203,0.00012874691353898464
6,0.9,304,0.02267125680446788,0.00013069972869099574,0.00012524039349375417,0.00013069972869099574
6,0.9,305,0.02262774733106693,0.00014323908508127818,0.0001432390850812782,0.0001324083030175415
6,0.9,306,0.022554973407938776,0.00015237995489913035,0.00015237995489913035,0.00013146407154557117
6,0.9,307,0.022404074009010396,0.00015217779921115738,0.00015217779921115738,0.00013829663974835766
6,0.9,308,0.02240117577404783,0.00012755948463257985,0.00012557639844505486,0.00012755948463257985
6,0.9,309,0.022360326457594934,0.00013093243997946657,0.00013093243997946657,0.00013040271419228724
6,0.9,310,0.02258906891563023,0.00013847654077449157,0.00013847654077449157,0.00013185909995964124
6,0.9,311,0.022514692650603553,0.00014648611000554342,0.00014648611000554342,0.00013431568838365423
6,0.9,312,0.02267290278830609,0.00013787469945928348,0.00011803631384451118,0.00013787469945928348
6,0.9,313,0.02260574999792998,0.00013373559549456314,0.0001187255979657545,0.00013373559549456314
6,0.9,314,0.022668927910521084,0.00014966723210398615,0.00014966723210398615,0.00012970255359389743
6,0.9,315,0.022509257953588227,0.0001688211037644455,0.00016882110376444548,0.00013084968047553317
6,0.9,316,0.02248733337655359,0.00014667667998318214,0.0001466766799831821,0.000138357631734993
6,0.9,317,0.022449561141942142,0.00014970893616548264,0.00014970893616548264,0.00013631912818061983
6,0.9,318,0.022602911179802867,0.00012952968645425726,0.00011199902502040745,0.00012952968645425726
6,0.9,319,0.022555950616358598,0.0001314445789080326,0.00011836178920582675,0.0001314445789080326
6,0.9,320,0.022427586964574964,0.00012731676646047838,0.00011766084199355964,0.00012731676646047838
6,0.9,321,0.02255347946168819,0.00012896597274977267,0.00011031997503914029,0.00012896597274977267
6,0.9,322,0.02241644034956424,0.0001256165163666405,9.369681125347675e-05,0.0001256165163666405
6,0.9,323,0.022570939254312816,0.00012974018402218845,0.00010882557930273168,0.00012974018402218845
6,0.9,324,0.022390757096337532,0.00013170758991922965,0.00012884272062874626,0.00013170758991922965
6,0.9,325,0.022567777242090574,0.00014375490957836305,0.00014375490957836305,0.0001301631992190247
6,0.9,326,0.022705661586486313,0.00013002553029346949,0.00010580896671628425,0.00013002553029346949
6,0.9,327,0.02269708394830343,0.00013083593977605522,0.00011784699914745246,0.00013083593977605522
6,0.9,328,0.022647640744068075,0.00013078197068166805,0.00012519114190147557,0.00013078197068166805
6,0.9,329,0.022570722878309208,0.00012685381200669367,0.00011965291690301173,0.00012685381200669367
6,0.9,330,0.02272573678062217,0.00013945465581221802,0.00013945465581221802,0.00012884604060449964
6,0.9,331,0.022675359923414417,0.000130781682757614,0.00012815054778862362,0.000130781682757614
6,0.9,332,0.022820074974999185,0.00014700210279612057,0.00014700210279612057,0.00013613338471171833
6,0.9,333,0.02267704538139641,0.00013991008565011242,0.00013815684433752056,0.00013991008565011242
6,0.9,334,0.02271550024284928,0.00013887593926295986,0.00013800518833464274,0.00013887593926295986
6,0.9,335,0.022744466849035534,0.00012989827634789526,0.00012138743569870531,0.00012989827634789526
6,0.9,336,0.022598333449163902,0.00012942255236445926,0.00012450788364584112,0.00012942255236445926
6,0.9,337,0.02259161227301257,0.00012805283613559495,0.00011550135287193171,0.00012805283613559495
6,0.9,338,0.022478270383653517,0.00013364177791401285,0.00012075777023140173,0.00013364177791401285
6,0.9,339,0.022413131479938272,0.0001286910441910594,0.000122176556381255,0.0001286910441910594
6,0.9,340,0.02260333607070256,0.00012896606733625216,0.00010081614639130127,0.00012896606733625216
6,0.9,341,0.022565685837971715,0.00015001883012078765,0.00015001883012078765,0.0001270623390281355
6,0.9,342,0.02257881667136067,0.00015263928484598516,0.00015263928484598514,0.00013132170710168688
6,0.9,343,0.022425107398693127,0.00013459612033992385,0.00013035698063288716,0.00013459612033992385
6,0.9,344,0.02251389361193788,0.00013194586410614537,0.00011699115049406378,0.00013194586410614537
6,0.9,345,0.02266549123247403,0.00013447685626602647,0.0001213466207208217,0.00013447685626602647
6,0.9,346,0.022586973499016297,0.00013158398304886082,0.00010447624029019315,0.00013158398304886082
6,0.9,347,0.022608082625419072,0.00013079667489846554,0.00010736453608201446,0.00013079667489846554
6,0.9,348,0.022553530226125232,0.00013262428571086317,0.00012651852940283773,0.00013262428571086317
6,0.9,349,0.02271835897373856,0.00013833036646355773,0.0001383303664635577,0.00013346894681648953
6,0.9,350,0.022690031937211873,0.00013265150663474494,0.0001075100921202839,0.00013265150663474494
6,0.9,351,0.02252914011452759,0.00013262934460579065,0.00011701334318905676,0.00013262934460579065
6,0.9,352,0.022538259252718542,0.0001318884712557244,0.00011637552926996974,0.0001318884712557244
6,0.9,353,0.022589635846653047,0.00012995944603456987,0.0001091963600575292,0.00012995944603456987
6,0.9,354,0.022534544872334163,0.00013840808399159243,0.00013840808399159243,0.0001322234535925383
6,0.9,355,0.022408781854913865,0.00013275415430107196,0.0001260578410021155,0.00013275415430107196
6,0.9,356,0.02251628267602938,0.0001347740887307128,0.00010793383199593689,0.0001347740887307128
6,0.9,357,0.022498458924221178,0.00013368459082502214,0.00012674764289895938,0.00013368459082502214
6,0.9,358,0.02245849397700968,0.0001444959085936377,0.0001444959085936377,0.0001280348738500141
6,0.9,359,0.022542900174938277,0.00015086325055739132,0.00015086325055739132,0.00012926160009148495
6,0.9,360,0.022546545353373682,0.0001622844386572926,0.0001622844386572926,0.00013359848371285554
6,0.9,361,0.022652606033207637,0.00017227834505112414,0.00017227834505112414,0.00012779052871885778
6,0.9,362,0.022569112417007882,0.00012311544485363275,0.00011462998571090513,0.00012311544485363275
6,0.9,363,0.02242167815644772,0.00012540195866235745,0.00012136705139021028,0.00012540195866235745
6,0.9,364,0.022444808409999076,0.00013645697194053527,0.00013645697194053527,0.00012679816926258183
6,0.9,365,0.02247189102818448,0.00012724903236951924,0.00012265841432214847,0.00012724903236951924
6,0.9,366,0.022289473840443278,0.0001294410557830029,0.0001283671623856127,0.0001294410557830029
6,0.9,367,0.022372490748929445,0.0001315034750933802,0.0001277865016307746,0.0001315034750933802
6,0.9,368,0.02244863602490229,0.0001321356094024901,0.00011182947900034841,0.0001321356094024901
6,0.9,369,0.022387907396659898,0.00014066275805409031,0.00014066275805409031,0.00012729284044549145
6,0.9,370,0.022406621695455205,0.00016095903944027176,0.00016095903944027176,0.00012559911514121799
6,0.9,371,0.022393202684243104,0.00015654496430361498,0.00015654496430361498,0.00013041275151097123
6,0.9,372,0.022369216246973522,0.00015357561011768083,0.00015357561011768083,0.00013105430363082884
6,0.9,373,0.022467814543642627,0.00015518670307631573,0.0001551867030763157,0.00013275697537211618
6,0.9,374,0.022534992301019345,0.00016520969627992202,0.00016520969627992202,0.00013413688729360537
6,0.9,375,0.022485595628739818,0.00013517995555459086,0.00011633174060841979,0.00013517995555459086
6,0.9,376,0.022516685531921928,0.00013656572417644343,0.00013656572417644343,0.00013168557581178628
6,0.9,377,0.02243884573064425,0.00013745108791641332,0.00013745108791641332,0.00013059823000884354
6,0.9,378,0.02246547801028159,0.00013008133001096372,9.047276994356272e-05,0.00013008133001096372
6,0.9,379,0.022410792418424873,0.0001350729191909366,0.00011079999119186838,0.0001350729191909366
6,0.9,380,0.022742730320792846,0.0001320804203536945,0.00010314835038997922,0.0001320804203536945
6,0.9,381,0.02256223347194505,0.00013447958397039218,0.00011845336749030523,0.00013447958397039218
6,0.9,382,0.022403691892394908,0.0001530666414166517,0.0001530666414166517,0.000130095190760302
6,0.9,383,0.022542559104182472,0.00014992941436850263,0.00014992941436850263,0.0001340300535161824
6,0.9,384,0.0224377502617931,0.0001596786134411369,0.0001596786134411369,0.0001332762605064033
6,0.9,385,0.0223701190328357,0.0001285709169632442,0.00012373251211794756,0.0001285709169632442
6,0.9,386,0.022577158001462018,0.00012700924081397567,0.0001239812315423199,0.00012700924081397567
6,0.9,387,0.022634999801972245,0.00013194729153602884,0.00013194729153602884,0.00012718152007807148
6,0.9,388,0.022717826344442874,0.00012867346606081878,0.00011949153244652144,0.00012867346606081878
6,0.9,389,0.022519306816124757,0.00012980555564654766,0.00012103407505419831,0.00012980555564654766
6,0.9,390,0.022397096577321425,0.00013679763536242375,0.00013679763536242375,0.00013269691829134153
6,0.9,391,0.02238714452716038,0.000127605767432844,0.00011897582834648401,0.000127605767432844
6,0.9,392,0.022383848595462375,0.00012983699980681753,0.00011296630606332338,0.00012983699980681753
6,0.9,393,0.02234018848043823,0.0001302810835899864,0.00010773085037102722,0.0001302810835899864
6,0.9,394,0.022434702356442748,0.00013844062731181708,0.00013844062731181708,0.00012867428503266415
6,0.9,395,0.02254297418403833,0.00013111632976115447,0.00011847833028350276,0.00013111632976115447
6,0.9,396,0.022640708074357994,0.0001565069648891503,0.0001565069648891503,0.0001333744741395506
6,0.9,397,0.022465356915518226,0.00015509640341182992,0.00015509640341182992,0.00013446357131199232
6,0.9,398,0.022424956775158742,0.00013477114142109486,0.0001274424286525482,0.00013477114142109486
6,0.9,399,0.022469115690203708,0.0001300870074859265,0.00011360207605189711,0.0001300870074859265
6,0.9,400,0.022481144727023342,0.00013131778051938409,9.941552215455678e-05,0.00013131778051938409
6,0.9,401,0.022347838913176116,0.00013190905212839672,0.00012910119500787382,0.00013190905212839672
6,0.9,402,0.022526032727840373,0.00013340870626410856,0.0001247946752310596,0.00013340870626410856
6,0.9,403,0.022656856353483416,0.00013629261759444446,0.00013629261759444446,0.00013225415122171424
6,0.9,404,0.022634392034829826,0.0001328469421084011,0.00013058166323966103,0.0001328469421084011
6,0.9,405,0.022382710210216084,0.00012954920117757304,0.000127295592259444,0.00012954920117757304
6,0.9,406,0.022314225088806563,0.0001309768080696874,0.00011076491153446079,0.0001309768080696874
6,0.9,407,0.022370702943113895,0.00012626297243115752,0.00012477241466867198,0.00012626297243115752
6,0.9,408,0.02242283684734903,0.00012868335527970367,0.00012868335527970365,0.0001245668246043888
6,0.9,409,0.022367342021732857,0.00013196851644756122,8.165798452689353e-05,0.00013196851644756122
6,0.9,410,0.022464421173404407,0.00013435194419389603,0.00012821912044968929,0.00013435194419389603
6,0.9,411,0.022487762459450566,0.000138174303738166,0.000138174303738166,0.0001364280297313319
6,0.9,412,0.022749977086162974,0.00015080903160965515,0.00015080903160965515,0.00013918604111965986
6,0.9,413,0.022789289162210173,0.00014127285966021393,0.0001218425609024134,0.00014127285966021393
6,0.9,414,0.02271517754627936,0.00013539089950082424,0.00013539089950082424,0.00013255610944153522
6,0.9,415,0.02269642379126473,0.00012813777280599512,0.00011160096140426925,0.00012813777280599512
6,0.9,416,0.022668627065792462,0.00014991984367126586,0.00014991984367126586,0.0001295332132165585
6,0.9,417,0.022466718776522794,0.00014823865904955828,0.00014823865904955828,0.0001361481539271264
6,0.9,418,0.022394816261441335,0.00013203919590105853,0.00012167428086128704,0.00013203919590105853
6,0.9,419,0.022450290880324665,0.00014072420596052856,0.00014072420596052856,0.00013059822724346883
6,0.9,420,0.02248048083044821,0.00016419488912318168,0.00016419488912318168,0.00012530281013155783
6,0.9,421,0.022332193982103597,0.00015903785305560465,0.00015903785305560465,0.0001275682297200112
6,0.9,422,0.0223609191201729,0.00014541652844737515,0.00014541652844737515,0.00013081056056396366
6,0.9,423,0.02248581408398017,0.000130242861875791,0.000130242861875791,0.00012746309948279082
6,0.9,424,0.022687722078789652,0.0001406765675744429,0.00014067656757444288,0.0001280524488845508
6,0.9,425,0.02258105858863537,0.00013038346349985745,0.0001263745563322332,0.00013038346349985745
6,0.9,426,0.022579833725969188,0.0001294580130149843,0.0001276007098317649,0.0001294580130149843
6,0.9,427,0.02242367749236585,0.0001632524032120998,0.0001632524032120998,0.00012829476361363664
6,0.9,428,0.02252066569876782,0.00013429770220450897,0.000134297702204509,0.00012845440284502325
6,0.9,429,0.022669846373522394,0.00016922048266166862,0.00016922048266166862,0.00012840927380785747
6,0.9,430,0.022592158583028207,0.00013270258549010505,0.0001299243241071763,0.00013270258549010505
6,0.9,431,0.022538179352080155,0.00013174667614532714,0.00010844214877840797,0.00013174667614532714
6,0.9,432,0.02271339145098511,0.00013687027537844084,0.00012670269054075286,0.00013687027537844084
6,0.9,433,0.022633395839139606,0.00013002660178070637,0.00011054656901552733,0.00013002660178070637
6,0.9,434,0.022556357175505266,0.00012610524623138592,0.0001261052462313859,0.00012564072252140238
6,0.9,435,0.022656266259097925,0.00012969445037976554,0.00012969445037976554,0.000129068040129237
6,0.9,436,0.02258193076282618,0.00013139646924126841,0.00011603485291623645,0.00013139646924126841
6,0.9,437,0.02253138982013567,0.00013446874655921552,0.0001337442154988634,0.00013446874655921552
6,0.9,438,0.022492458520801676,0.00013850452131981288,0.00013850452131981288,0.00013455637371197183
6,0.9,439,0.02252670024600023,0.00012943877133228898,9.334913178708713e-05,0.00012943877133228898
6,0.9,440,0.022496181593172418,0.00013166881600915566,0.00013166881600915566,0.00012918029466400813
6,0.9,441,0.022496484411698044,0.00016140018311569865,0.00016140018311569865,0.0001282124755287087
6,0.9,442,0.022540820896110942,0.00013218279924463836,0.00013218279924463836,0.0001278935188593178
6,0.9,443,0.022442070085560872,0.00013206124184738654,0.00011734753540298167,0.00013206124184738654
6,0.9,444,0.022669772239300282,0.00013575800138909363,9.148826787026532e-05,0.00013575800138909363
6,0.9,445,0.02257375849245637,0.00014687042145922007,0.00014687042145922007,0.00013388203318685164
6,0.9,446,0.022685308013291623,0.00013554549581431402,0.00013554549581431402,0.00013522998938446585
6,0.9,447,0.022592084575668935,0.00015228255427542127,0.00015228255427542127,0.00013204735617158633
6,0.9,448,0.022739639679734542,0.00014754442583715923,0.00014754442583715923,0.00013254927486465028
6,0.9,449,0.02276357170425255,0.00016104574727547827,0.00016104574727547827,0.00013427059008698812
6,0.9,450,0.022623691647508184,0.0001482525715420394,0.0001482525715420394,0.0001336710559802265
6,0.9,451,0.022592832491827926,0.00015759375322827232,0.00015759375322827232,0.00013166985150961467
6,0.9,452,0.022643186274918077,0.00013592319511935698,0.00013592319511935698,0.00013357516471172213
6,0.9,453,0.022463926826477375,0.00014419336431609447,0.00014419336431609447,0.00012870258724867833
6,0.9,454,0.022297284172509077,0.00014294360523786704,0.00014294360523786707,0.00012527696726480955
6,0.9,455,0.022533407592155257,0.0001339129581791951,0.0001339129581791951,0.00012862621056885568
6,0.9,456,0.022520867097061914,0.00015302385148230265,0.00015302385148230265,0.00012816289473055922
6,0.9,457,0.022558390068549303,0.00014433899034520906,0.0001443389903452091,0.00013058660771931804
6,0.9,458,0.022365499386774405,0.0001482407612195566,0.0001482407612195566,0.0001329657315427631
6,0.9,459,0.022323534526719938,0.00013555565064244312,0.00013555565064244315,0.00013288051625555972
6,0.9,460,0.02232417132106803,0.0001278306535769242,0.00011364256777758047,0.0001278306535769242
6,0.9,461,0.02245785129307035,0.0001329982848651426,0.00013299828486514257,0.00012954388086015985
6,0.9,462,0.02251831930005878,0.00013740296697617587,0.00013740296697617587,0.00012970899691081643
6,0.9,463,0.02228039039356642,0.00013975512035706045,0.00013975512035706045,0.0001318611058963988
6,0.9,464,0.02234424460539175,0.00013115944997546574,0.0001225900736765629,0.00013115944997546574
6,0.9,465,0.022444019810203907,0.0001479731898251468,0.0001479731898251468,0.00012568591794960383
6,0.9,466,0.022568727454922447,0.00013028391391416776,0.00012811413786057265,0.00013028391391416776
6,0.9,467,0.022639343479035116,0.00013081264778365764,0.00012464750276247938,0.00013081264778365764
6,0.9,468,0.022662646981701208,0.0001368566765357973,0.00010727321543083765,0.0001368566765357973
6,0.9,469,0.022670747076587006,0.00013584630496678407,0.0001358463049667841,0.00013348002301239738
6,0.9,470,0.022797846083867652,0.00014713194660915903,0.00014713194660915903,0.00013587036804437063
6,0.9,471,0.02259596566713643,0.0001303700265134408,0.00011952869654079742,0.0001303700265134408
6,0.9,472,0.022707014239129374,0.00013396796708375886,0.00011658484270816198,0.00013396796708375886
6,0.9,473,0.022495822654302933,0.00013186771350390323,0.0001207402854759305,0.00013186771350390323
6,0.9,474,0.022649679336702016,0.0001363656015704246,0.00012159490869027698,0.0001363656015704246
6,0.9,475,0.022642245815371168,0.00013268400784986246,0.00012776487011164535,0.00013268400784986246
6,0.9,476,0.022630849376704718,0.00012860717166871915,0.00012610649775968272,0.00012860717166871915
6,0.9,477,0.022564318721019737,0.00013096142257518326,0.0001284033395329316,0.00013096142257518326
6,0.9,478,0.022550479549560985,0.0001342909653271595,0.00012483707857083607,0.0001342909653271595
6,0.9,479,0.022386403435096736,0.0001326216385919095,0.00013262163859190947,0.00013122018958632888
6,0.9,480,0.022456820963176152,0.00014077006176469725,0.00014077006176469725,0.0001368903637841744
6,0.9,481,0.0226176253247462,0.00016494382800267852,0.00016494382800267852,0.0001363662630550493
6,0.9,482,0.02257118475348117,0.0001488869775266991,0.00014888697752669914,0.00013520524450754068
6,0.9,483,0.022496388925789076,0.00014947865845340444,0.00014947865845340444,0.00012845062029831657
6,0.9,484,0.022400277961124863,0.00014775583636516705,0.00014775583636516705,0.00013126577105750204
6,0.9,485,0.022315428457759134,0.00014482553892670574,0.00014482553892670574,0.00013340033516789159
6,0.9,486,0.022451782062521013,0.00014397184125488147,0.00014397184125488144,0.0001338412054740457
6,0.9,487,0.02241468244851667,0.0001357811054115384,0.00012497655798654982,0.0001357811054115384
6,0.9,488,0.022517839380856185,0.0001320472317646906,0.00011497468150212101,0.0001320472317646906
6,0.9,489,0.02268785834373189,0.00013024919661831766,0.00012235937926969562,0.00013024919661831766
6,0.9,490,0.022684975220469326,0.0001481175525832153,0.0001481175525832153,0.00012891909767214375
6,0.9,491,0.02268550954630456,0.00013542940107999957,0.00013542940107999954,0.00013106115936776583
6,0.9,492,0.022582108269885492,0.00013076490119542404,0.00012727121564171576,0.00013076490119542404
6,0.9,493,0.022530479245000776,0.00013576276925594566,0.00012628070674200578,0.00013576276925594566
6,0.9,494,0.02256277359570854,0.00013286010445142724,0.00011267427331482157,0.00013286010445142724
6,0.9,495,0.022442234910481456,0.0001355642823611432,0.0001355642823611432,0.0001325921842360782
6,0.9,496,0.022402374032536844,0.00012923563890792893,0.00012614961538712953,0.00012923563890792893
6,0.9,497,0.02250053786723222,0.00013827538744858172,0.00013827538744858172,0.00012670732986331523
6,0.9,498,0.02238353051271889,0.00015042159360361177,0.00015042159360361177,0.00012929149345636853
6,0.9,499,0.02234088006051628,0.0001630364978867851,0.0001630364978867851,0.00013229781896892466
6,0.9,500,0.02246583665514561,0.00013511216676910837,0.00013511216676910837,0.00012629807100613546
6,1.0,0,0.08220018370489313,0.00026353112109689706,0.00026353112109689706,0.0002473712524236965
6,1.0,1,0.050478030160455496,0.0002555503854884997,0.00022399460001814786,0.0002555503854884997
6,1.0,2,0.037936526725136796,0.00022405122926901234,0.00019050699210037997,0.00022405122926901234
6,1.0,3,0.03175022008786477,0.0001975032106354872,0.00019511826288856607,0.0001975032106354872
6,1.0,4,0.02829133529277608,0.00017881136089295988,0.00017881136089295988,0.00017597534537610338
6,1.0,5,0.026081620157616944,0.0001863588976020903,0.00018635889760209033,0.00016188884494699213
6,1.0,6,0.02487453015874335,0.00017896332130828174,0.00017896332130828174,0.0001552157982857617
6,1.0,7,0.02418858266168542,0.00016044091675818166,0.00016044091675818166,0.00014633160704825244
6,1.0,8,0.023764317890744437,0.00013805356882335925,0.00012490062632586772,0.00013805356882335925
6,1.0,9,0.023376879903441578,0.00015261755516837895,0.00015261755516837893,0.0001384489460016099
6,1.0,10,0.02323515228290653,0.00013883259577275196,0.00011695061113251993,0.00013883259577275196
6,1.0,11,0.023184347268837606,0.00013950148091859297,0.00012181482280794893,0.00013950148091859297
6,1.0,12,0.02310949840826344,0.0001425318450507158,0.00013019731503374955,0.0001425318450507158
6,1.0,13,0.02275320126818804,0.00013698192689039765,0.00013698192689039765,0.00013460377889804674
6,1.0,14,0.022604849595985282,0.00014444066520374446,0.00014444066520374446,0.00013869042161132475
6,1.0,15,0.0227280992670533,0.0001419307261692431,0.0001419307261692431,0.00013392586069317663
6,1.0,16,0.022673133236722407,0.00015634378459649165,0.00015634378459649165,0.00013261485355176697
6,1.0,17,0.022711201789967685,0.00013308017106171622,0.00013157399397753183,0.00013308017106171622
6,1.0,18,0.0226822682712513,0.00013099527775980706,0.00011944637102825283,0.00013099527775980706
6,1.0,19,0.022768888489576488,0.00012810650558319918,0.00012388081161400304,0.00012810650558319918
6,1.0,20,0.022823392891057052,0.00012820283288935243,0.00012174247730624013,0.00012820283288935243
6,1.0,21,0.02258999002705442,0.00013079608100296313,0.00011102180433710634,0.00013079608100296313
6,1.0,22,0.022440875228557988,0.00013856438681973833,0.0001385643868197383,0.00012991255805002035
6,1.0,23,0.022485519979401604,0.00012898599519249279,0.0001233679354029393,0.00012898599519249279
6,1.0,24,0.02230901121026018,0.0001453438972312407,0.0001453438972312407,0.0001303560223559971
6,1.0,25,0.022426406305108244,0.000153868450593612,0.000153868450593612,0.00012967166048017547
6,1.0,26,0.022582000404771152,0.00015829671135651025,0.00015829671135651025,0.00013486581710111292
6,1.0,27,0.022331921522993157,0.00013510792629170448,0.00013510792629170448,0.0001340696075633232
6,1.0,28,0.022388500860965672,0.00013715048013973626,0.00013715048013973626,0.0001329475769056887
6,1.0,29,0.022590581551423808,0.00013259850100549931,0.00013111279999715464,0.00013259850100549931
6,1.0,30,0.02254870471638661,0.00013498339765409737,0.00012448015153742475,0.00013498339765409737
6,1.0,31,0.02242153041001085,0.00013470942180337058,0.0001317117709134581,0.00013470942180337058
6,1.0,32,0.022525181417181444,0.00014182959349613112,0.00013112476747807156,0.00014182959349613112
6,1.0,33,0.022635922293882213,0.00014767508577689302,0.00014767508577689302,0.00013831001768843649
6,1.0,34,0.02252790907790896,0.0001460418231560636,0.0001460418231560636,0.00013395493943710204
6,1.0,35,0.022512108923093865,0.00014696983376965918,0.00014696983376965916,0.00013000899901739873
6,1.0,36,0.02264903569053179,0.00013425097959352051,0.00013060467822965404,0.00013425097959352051
6,1.0,37,0.022679516885758345,0.00013018776420250315,0.00012792640796870403,0.00013018776420250315
6,1.0,38,0.022602063088479795,0.0001309495849171682,0.00012373077553446668,0.0001309495849171682
6,1.0,39,0.02242690759111075,0.000130831044419579,0.00012391880058649457,0.000130831044419579
6,1.0,40,0.022571185194703233,0.0001472376947382258,0.00014723769473822584,0.00012984952278229152
6,1.0,41,0.02253948945350444,0.000130311710344927,0.00011792542797717228,0.000130311710344927
6,1.0,42,0.022571653576084212,0.00013224533031702535,0.00010764421375893358,0.00013224533031702535
6,1.0,43,0.022395102161753923,0.00013001700919282956,9.017220781023853e-05,0.00013001700919282956
6,1.0,44,0.02253721232422591,0.0001411850716256404,0.0001411850716256404,0.00013022502350356263
6,1.0,45,0.022582723382011248,0.00014215751757081158,0.00014215751757081158,0.0001274581562508901
6,1.0,46,0.022626991448448583,0.00013125798353933065,0.00013104271515746767,0.00013125798353933065
6,1.0,47,0.02256485390576614,0.00013685209963021223,0.00011707529766518144,0.00013685209963021223
6,1.0,48,0.022498531446890364,0.00015230121819287406,0.00015230121819287406,0.0001325682411765763
6,1.0,49,0.02246308468457194,0.00013321562400981212,0.00010230544561034847,0.00013321562400981212
6,1.0,50,0.022509933376030012,0.00013067601107480268,0.00012544751167209133,0.00013067601107480268
6,1.0,51,0.022383329612492897,0.0001369664458181813,0.00013696644581818128,0.00013312499254316865
6,1.0,52,0.022536089138014862,0.00013546368443509947,0.00013546368443509947,0.00013029487036432568
6,1.0,53,0.02242241998845881,0.00012873337980203364,0.00011997351660012699,0.00012873337980203364
6,1.0,54,0.02256939067734194,0.0001315605618827317,0.00012562233178501752,0.0001315605618827317
6,1.0,55,0.02254367607417966,0.0001338535673131279,0.0001338535673131279,0.00013301044723202854
6,1.0,56,0.022548117090315775,0.00013228564664138283,0.00010964563085074217,0.00013228564664138283
6,1.0,57,0.02243036350027926,0.0001240426367877012,0.00011296016736853046,0.0001240426367877012
6,1.0,58,0.022288235202141682,0.00013567454195542313,0.0001356745419554231,0.0001247884712689379
6,1.0,59,0.022446983725467776,0.00012736985296132,0.00012399731824000397,0.00012736985296132
6,1.0,60,0.022460820671618604,0.00015630649036400314,0.00015630649036400314,0.00012959020395905815
6,1.0,61,0.022554157157585252,0.00013190420037098425,0.0001218752915144395,0.00013190420037098425
6,1.0,62,0.02253159503448538,0.00014320594191396613,0.00014320594191396613,0.0001325918541192936
6,1.0,63,0.022466015313186878,0.00012764735551161808,0.0001275786741666216,0.00012764735551161808
6,1.0,64,0.02247025901083409,0.00013264752132279128,0.00011510331689055492,0.00013264752132279128
6,1.0,65,0.022610002916710427,0.00013523572734930835,0.00011215775910394769,0.00013523572734930835
6,1.0,66,0.022659685352639323,0.00013485020654826194,0.00013464173944095607,0.00013485020654826194
6,1.0,67,0.022701724149313648,0.00014172423487531806,0.00014172423487531806,0.00013156075778916702
6,1.0,68,0.02277706333329655,0.0001443821070248722,0.0001443821070248722,0.00013771751846278777
6,1.0,69,0.0227494193198753,0.00015093505271370394,0.00015093505271370392,0.00013427374215955578
6,1.0,70,0.02263168162763714,0.00013250670670880777,0.00012638267892613224,0.00013250670670880777
6,1.0,71,0.022537357985839754,0.0001314021130728038,0.00011576329372810631,0.0001314021130728038
6,1.0,72,0.022531644950827774,0.00015441251802938616,0.00015441251802938614,0.00013125952310619475
6,1.0,73,0.0225999053346526,0.00014609071600413094,0.00014609071600413096,0.00012589009572256462
6,1.0,74,0.022652165738208108,0.00015389395909477194,0.00015389395909477194,0.00013018462476279257
6,1.0,75,0.022537289048079924,0.00015044535761851008,0.00015044535761851008,0.00012495736541043084
6,1.0,76,0.022557997236873375,0.0001293005697339803,0.00010331619078515098,0.0001293005697339803
6,1.0,77,0.022445587816368965,0.0001336961913471334,0.00011539147710340826,0.0001336961913471334
6,1.0,78,0.022505345547074014,0.00013285159621544148,0.00011191530209985222,0.00013285159621544148
6,1.0,79,0.02267023960476884,0.00013053403317216108,0.00012212243641020087,0.00013053403317216108
6,1.0,80,0.022749281946711542,0.000159266522168178,0.00015926652216817798,0.0001268827677192886
6,1.0,81,0.022772772879396896,0.0001617028644676696,0.0001617028644676696,0.00012843459628547125
6,1.0,82,0.02265984145367467,0.00014465988146246844,0.00014465988146246844,0.00012992350465841968
6,1.0,83,0.02255614553362398,0.0001498876515617439,0.0001498876515617439,0.00013139489751299847
6,1.0,84,0.022589449168389474,0.00012884319516867187,0.00012884319516867187,0.00012655973871796299
6,1.0,85,0.022536771904198005,0.00013108155593646192,0.00013108155593646192,0.00012784013844626026
6,1.0,86,0.022379655476785134,0.00014011753949929633,0.0001401175394992963,0.00012824182751650415
6,1.0,87,0.022439060186111824,0.00012979345650024002,0.00012656222122763318,0.00012979345650024002
6,1.0,88,0.022608974253986888,0.00013186997836546634,0.00012993816735378547,0.00013186997836546634
6,1.0,89,0.022545991803060075,0.00012699380190128766,0.00011173185400776719,0.00012699380190128766
6,1.0,90,0.022348807664243898,0.000122690207348329,0.00010050904266566635,0.000122690207348329
6,1.0,91,0.022493040550966924,0.00013161514237086607,0.0001088235920179741,0.00013161514237086607
6,1.0,92,0.02250477118707197,0.00012763921974660245,0.00012256213814940917,0.00012763921974660245
6,1.0,93,0.022489769319429913,0.00014521005527834966,0.00014521005527834966,0.00013026294964193878
6,1.0,94,0.022358665359739273,0.0001532202024552641,0.0001532202024552641,0.0001317436682190218
6,1.0,95,0.02238492478360148,0.0001415241929244913,0.0001415241929244913,0.00013187670390362434
6,1.0,96,0.022494000378295607,0.00013708441385793457,0.00013708441385793454,0.00012846132552835952
6,1.0,97,0.02254926004149832,0.00014905911248836747,0.00014905911248836747,0.0001292990494101029
6,1.0,98,0.022482877472270606,0.0001449931027872864,0.00014499310278728644,0.00013094617954597168
6,1.0,99,0.022453483909956013,0.0001381584921586984,0.0001381584921586984,0.00013010827424262853
6,1.0,100,0.02242813911522249,0.00015775933011069832,0.00015775933011069832,0.00012475806255876602
6,1.0,101,0.022614984544584823,0.00017070475297386125,0.00017070475297386125,0.00012744815240697195
6,1.0,102,0.02251531534734388,0.00014000556209315044,0.00014000556209315044,0.00012807318313481206
6,1.0,103,0.02250590728732189,0.00014268590908373175,0.00014268590908373175,0.00012762723197253122
6,1.0,104,0.022513494349230986,0.0001241958784647851,0.00012130638622224297,0.0001241958784647851
6,1.0,105,0.02249814605610927,0.0001236700307712982,0.00010272008223570565,0.0001236700307712982
6,1.0,106,0.02256071513872694,0.0001228800390296813,0.00011485076068641056,0.0001228800390296813
6,1.0,107,0.02245732079691403,0.00013105278514146727,0.00013105278514146727,0.0001236430136267301
6,1.0,108,0.02241654145200401,0.00014534495765385408,0.0001453449576538541,0.0001209507167821949
6,1.0,109,0.022470097613789222,0.00014578310645951248,0.00014578310645951248,0.0001324960977270046
6,1.0,110,0.022424233284069027,0.00014345518426556484,0.00014345518426556482,0.00012910347994711204
6,1.0,111,0.022469093559965694,0.00012721786822924644,0.00012430871782432668,0.00012721786822924644
6,1.0,112,0.02241334061823606,0.00014404256025083164,0.00014404256025083164,0.0001282529987374964
6,1.0,113,0.022507230646292745,0.00013125264468210154,0.00012116305612975763,0.00013125264468210154
6,1.0,114,0.02269758893242544,0.0001424204257416314,0.0001424204257416314,0.000131796478276333
6,1.0,115,0.02279973210142451,0.0001296021027251987,0.0001164199397672191,0.0001296021027251987
6,1.0,116,0.022830909858200375,0.00013520353420844145,0.00012520311748982684,0.00013520353420844145
6,1.0,117,0.022659860731843225,0.00012862371712242038,0.00011804085291714215,0.00012862371712242038
6,1.0,118,0.022586091266709164,0.00013506653441438634,0.00013506653441438637,0.00012711844969455003
6,1.0,119,0.022562092175808447,0.00013692753326637988,0.00013692753326637988,0.00013240287683750915
6,1.0,120,0.02260864030490438,0.00013523621091172448,0.0001343995691621326,0.00013523621091172448
6,1.0,121,0.022568773496988603,0.00013652709992940075,0.00013652709992940075,0.00013633742335805978
6,1.0,122,0.022466358820206516,0.00014673185889913767,0.00014673185889913765,0.00013658564362422303
6,1.0,123,0.022455768117520047,0.00014155868972015674,0.00014155868972015674,0.00013383079700835041
6,1.0,124,0.022511304809040966,0.00013304871099185434,0.00013304871099185434,0.00013201692997461887
6,1.0,125,0.022456255594863923,0.0001507961621038718,0.0001507961621038718,0.00013124158656922916
6,1.0,126,0.022552144193703303,0.00013544628196909312,0.00013294240806518607,0.00013544628196909312
6,1.0,127,0.022625882787442327,0.000148643988369142,0.000148643988369142,0.00013420198880136996
6,1.0,128,0.02272412807127785,0.00015804472307633192,0.00015804472307633194,0.00013350139438714892
6,1.0,129,0.0225883797728215,0.00015456020690757463,0.00015456020690757463,0.00012942656219674912
6,1.0,130,0.02249377745567119,0.00014822223395458595,0.00014822223395458595,0.00013256103739415936
6,1.0,131,0.02249950286202236,0.00012942569211377798,0.00012788842713346338,0.00012942569211377798
6,1.0,132,0.022551499430457683,0.0001389130920029215,0.0001389130920029215,0.00013113964995144315
6,1.0,133,0.022425581255474558,0.00015768966464733278,0.00015768966464733278,0.00012828285408095975
6,1.0,134,0.022594790626372253,0.00014330324279624552,0.00014330324279624552,0.00013142565015596515
6,1.0,135,0.02265610403600119,0.0001325200969264777,0.00013252009692647768,0.0001282112868748479
6,1.0,136,0.022602321036196426,0.00013151839692719276,0.00013151839692719276,0.00013058964669479593
6,1.0,137,0.022697490616270806,0.00013191655439808675,0.00013184314822410175,0.00013191655439808675
6,1.0,138,0.022753285689179264,0.00013630167457800662,0.00010007344252280512,0.00013630167457800662
6,1.0,139,0.022664663354632155,0.00013131861019053875,9.081056940640734e-05,0.00013131861019053875
6,1.0,140,0.022511111156419124,0.00013261922851639176,0.00010584098323908928,0.00013261922851639176
6,1.0,141,0.022414702480368517,0.00013016557309636123,0.00012375397477784472,0.00013016557309636123
6,1.0,142,0.022475588482518887,0.000129353244239696,0.00012666906102235982,0.000129353244239696
6,1.0,143,0.0225767863483225,0.00013304834371537068,0.00013156059785460257,0.00013304834371537068
6,1.0,144,0.02240911645130405,0.0001311003387484005,0.00013110033874840052,0.00012865892520367146
6,1.0,145,0.022683844676891107,0.0001337322018416114,0.00013119322409216956,0.0001337322018416114
6,1.0,146,0.022541479529762192,0.00015712964951944958,0.00015712964951944958,0.00013034564793712263
6,1.0,147,0.02260113961481696,0.0001678269020478849,0.0001678269020478849,0.00012982615782293765
6,1.0,148,0.02253138284683368,0.00015024681245578186,0.00015024681245578186,0.00012885139081461613
6,1.0,149,0.0226951318499334,0.00014190292405100378,0.00014190292405100378,0.00013078256170190655
6,1.0,150,0.022452484115755015,0.0001422317227466314,0.00014223172274663138,0.00013012746802888307
6,1.0,151,0.02242917829485607,0.00012484922513975586,0.00010013683916717563,0.00012484922513975586
6,1.0,152,0.022295146703710366,0.00012272476209829896,0.0001061202932639516,0.00012272476209829896
6,1.0,153,0.022521778080607825,0.00012365757228825273,0.00011997516369368136,0.00012365757228825273
6,1.0,154,0.02252996419154895,0.0001327585355138508,0.00010052135414172729,0.0001327585355138508
6,1.0,155,0.022588312362566483,0.00014199957089094836,0.00014199957089094836,0.0001290313367800769
6,1.0,156,0.02249810852652002,0.00013953674849262728,0.00013953674849262725,0.00013459580823482135
6,1.0,157,0.022406172555181143,0.00013452731128324309,0.0001345273112832431,0.00013019528966609585
6,1.0,158,0.022456834919353897,0.00013033988695405942,0.00012155545757277861,0.00013033988695405942
6,1.0,159,0.022403544033440206,0.00013053698011250366,9.34376610408527e-05,0.00013053698011250366
6,1.0,160,0.02247934274454564,0.00014047722737742143,0.00014047722737742143,0.00012872822470498847
6,1.0,161,0.022502772042795206,0.00012942266701981142,0.00011794062322898059,0.00012942266701981142
6,1.0,162,0.022380043754259775,0.00013037722583096855,8.887069204298678e-05,0.00013037722583096855
6,1.0,163,0.02242965427329003,0.00013444963969500926,0.00010881102454812194,0.00013444963969500926
6,1.0,164,0.022403659573780033,0.00013451768291943,0.00010180365125819395,0.00013451768291943
6,1.0,165,0.022472130658453708,0.0001424304124685127,0.0001424304124685127,0.00013761234866586908
6,1.0,166,0.022447403409267565,0.00013207303558688125,9.780413231571302e-05,0.00013207303558688125
6,1.0,167,0.022575515063819777,0.00013104857263637824,0.00012527161407527898,0.00013104857263637824
6,1.0,168,0.022640580359960975,0.00015315324857284135,0.00015315324857284132,0.00012748270676235873
6,1.0,169,0.02275265049016614,0.00013937278367015388,0.00013937278367015388,0.00013235055727208356
6,1.0,170,0.022666442110506523,0.0001393161185675353,0.0001393161185675353,0.00013327767888247463
6,1.0,171,0.022655894670046816,0.00015632881080351367,0.00015632881080351367,0.0001320967742431948
6,1.0,172,0.0227415715357512,0.00015768697488307296,0.00015768697488307296,0.0001350510014741345
6,1.0,173,0.022775645646921836,0.00016175233935853547,0.00016175233935853547,0.00013204209617117762
6,1.0,174,0.0226624651212237,0.00017946444492362594,0.00017946444492362594,0.00013281099697525447
6,1.0,175,0.02264267547767491,0.00018080262385488025,0.00018080262385488025,0.00013166121767659112
6,1.0,176,0.02257818144819412,0.00016480739403284162,0.00016480739403284164,0.0001340089990349879
6,1.0,177,0.02249821139066249,0.0001351017383233369,0.0001351017383233369,0.00013456684821309338
6,1.0,178,0.02243160791801978,0.00012945957445772546,0.00012398911190291176,0.00012945957445772546
6,1.0,179,0.022352384081260605,0.00013126334122243115,0.00012353068682177136,0.00013126334122243115
6,1.0,180,0.022432749552710723,0.00013451428444865438,0.00011052548017148821,0.00013451428444865438
6,1.0,181,0.022452241855439,0.00013099317892393108,0.00012686949324123496,0.00013099317892393108
6,1.0,182,0.0223655933425116,0.00013321579062490214,0.00012827598453014636,0.00013321579062490214
6,1.0,183,0.022419191226962572,0.00013278144177939275,0.0001187264408116748,0.00013278144177939275
6,1.0,184,0.022488928669114578,0.0001322947877253999,0.00012893170275012991,0.0001322947877253999
6,1.0,185,0.022585605934362103,0.00012939798938600298,0.00012193486233764547,0.00012939798938600298
6,1.0,186,0.02258014088360772,0.0001546053293797253,0.00015460532937972528,0.00013331282803143618
6,1.0,187,0.022854818386692184,0.00018952647778827214,0.0001895264777882721,0.00013716190581592925
6,1.0,188,0.02262132060626308,0.00017122872177936582,0.0001712287217793658,0.00013413495060322705
6,1.0,189,0.022553813334579342,0.00017429024769255295,0.00017429024769255292,0.00014006551581485012
6,1.0,190,0.02243358864418947,0.00013467605108524,0.0001310156093002634,0.00013467605108524
6,1.0,191,0.02258010775012167,0.00013198381539848478,0.0001308801302201046,0.00013198381539848478
6,1.0,192,0.022400168637318165,0.00013442188228451177,0.00013442188228451177,0.00013151181287841295
6,1.0,193,0.022677046006641652,0.00013233727864230967,0.0001263724668489788,0.00013233727864230967
6,1.0,194,0.022618315206242138,0.00014827190389418224,0.00014827190389418224,0.00012862285096199307
6,1.0,195,0.022582220656781133,0.0001729422832906789,0.00017294228329067893,0.00013303339775972654
6,1.0,196,0.022347226137967875,0.00014360876758101265,0.00014360876758101262,0.00013510467487658437
6,1.0,197,0.02244404165340269,0.0001406487363528215,0.0001406487363528215,0.00013096726610905605
6,1.0,198,0.022556020032206706,0.00013935793345872503,0.00013935793345872503,0.00012751498296741212
6,1.0,199,0.02265605988785315,0.00012792931239478326,0.00012135307102308153,0.00012792931239478326
6,1.0,200,0.022860736440297447,0.00013106017534267892,0.0001132846107023695,0.00013106017534267892
6,1.0,201,0.02286650178969213,0.00013247553801090417,0.0001278990969206177,0.00013247553801090417
6,1.0,202,0.022691484085549263,0.00013640082574433812,0.00012804660854090602,0.00013640082574433812
6,1.0,203,0.022842974822747983,0.00013891121889181927,0.00013562809391331655,0.00013891121889181927
6,1.0,204,0.022731528703764832,0.0001334835156092689,0.00010734415083511223,0.0001334835156092689
6,1.0,205,0.02264120360101188,0.0001453488252665862,0.00014534882526658617,0.00013190457869486423
6,1.0,206,0.022548393617887293,0.00013245652346180733,0.000116417214666165,0.00013245652346180733
6,1.0,207,0.022625503491308017,0.00013164568244196376,0.00012378176187752588,0.00013164568244196376
6,1.0,208,0.02263789579664225,0.00013291403716252271,0.00012882912418006506,0.00013291403716252271
6,1.0,209,0.022605120185675644,0.00012936890871242016,0.00011406161020905755,0.00012936890871242016
6,1.0,210,0.022578096063243562,0.0001315548741582711,0.00012620076122000286,0.0001315548741582711
6,1.0,211,0.022507747606117675,0.00014740505846814057,0.00014740505846814057,0.00013173315803969882
6,1.0,212,0.02247076409166129,0.00015241109575050383,0.0001524110957505038,0.00013517189368970385
6,1.0,213,0.022614914257607237,0.0001358015890823377,0.0001338220298066505,0.0001358015890823377
6,1.0,214,0.022607297612162628,0.00013158428315300332,0.00012544221638933795,0.00013158428315300332
6,1.0,215,0.022562737934273443,0.00012779211414089484,0.0001236911762485194,0.00012779211414089484
6,1.0,216,0.0224543636578664,0.00012550418918443745,0.00012446352092628022,0.00012550418918443745
6,1.0,217,0.022452383625125825,0.00014607050899645538,0.00014607050899645538,0.00012863653820938427
6,1.0,218,0.02244776301213679,0.0001332224498226771,0.00010727592424602592,0.0001332224498226771
6,1.0,219,0.02272475319060958,0.00013218265261618863,0.00012133882016536012,0.00013218265261618863
6,1.0,220,0.02273888119790206,0.00013807805055050739,0.00013807805055050739,0.00013295159853112358
6,1.0,221,0.022644972766912012,0.0001572841388534217,0.0001572841388534217,0.0001345183003161692
6,1.0,222,0.02267435499700365,0.00013344008655988317,0.00011433376473249557,0.00013344008655988317
6,1.0,223,0.022563665752914894,0.00013088594912817833,9.054033495702103e-05,0.00013088594912817833
6,1.0,224,0.022634033539166775,0.00013371135505581554,0.00010012245561503591,0.00013371135505581554
6,1.0,225,0.022656761814592207,0.0001322414951671997,0.00012849935858233948,0.0001322414951671997
6,1.0,226,0.022546048941634533,0.00012901544725934708,0.00011655687954110741,0.00012901544725934708
6,1.0,227,0.022508259218661692,0.00012666520763617822,0.00012666520763617822,0.00012524684770024352
6,1.0,228,0.02248980672309899,0.0001352940862232568,0.0001352940862232568,0.00012764104735868477
6,1.0,229,0.022707290184713687,0.00015058817143163484,0.00015058817143163487,0.00013052872913103992
6,1.0,230,0.022676756070762683,0.00013168988913713435,0.00013168988913713435,0.0001266424816149508
6,1.0,231,0.022632938637906694,0.00013837938506639633,0.00013837938506639636,0.0001288065636732522
6,1.0,232,0.022671964084072866,0.00012732735124762438,0.00012412744270633077,0.00012732735124762438
6,1.0,233,0.022454530832715702,0.00013007670130118587,0.00012647035312602834,0.00013007670130118587
6,1.0,234,0.022516977057345906,0.0001283062658362926,0.00011860317503740451,0.0001283062658362926
6,1.0,235,0.022630568779500166,0.0001370736531645218,0.00013707365316452182,0.00012765323362804416
6,1.0,236,0.022644247366824903,0.00013348958703117658,0.0001334895870311766,0.00013116947891686796
6,1.0,237,0.022470947406634856,0.00013267968783000855,0.00012359796418139778,0.00013267968783000855
6,1.0,238,0.0224254033103466,0.00013988828706032737,0.00013988828706032737,0.0001299482697668686
6,1.0,239,0.02257876207393173,0.00015143942315903322,0.00015143942315903322,0.00013029440423257868
6,1.0,240,0.022709580189974647,0.00013878363464069348,0.00013878363464069348,0.000128165207820181
6,1.0,241,0.02248531203550934,0.0001327918833393783,0.00012588283636749318,0.0001327918833393783
6,1.0,242,0.02249655082319927,0.00017416513598195467,0.00017416513598195467,0.00013518076285687282
6,1.0,243,0.022578589995249136,0.00015878705875712487,0.0001587870587571249,0.00013582943996635045
6,1.0,244,0.022560765478776106,0.000140048088596634,0.00014004808859663403,0.00013300403328768615
6,1.0,245,0.02249949707606415,0.00013609576884683736,0.0001316427794487086,0.00013609576884683736
6,1.0,246,0.022326771443102477,0.00013362673208880185,0.00013362673208880185,0.00012847077736495384
6,1.0,247,0.022308346878320638,0.0001261820592196424,0.00012618205921964237,0.00012565368949248227
6,1.0,248,0.02237289539797064,0.00012865017749410121,0.00010331409828482474,0.00012865017749410121
6,1.0,249,0.0225643761994835,0.00013236010814875554,9.261598508507927e-05,0.00013236010814875554
6,1.0,250,0.02257062264615689,0.00013185990329891306,0.00011498826674921784,0.00013185990329891306
6,1.0,251,0.022524185632823372,0.00013165532087632654,0.0001221014806650304,0.00013165532087632654
6,1.0,252,0.022634094299812342,0.00013193853902067573,0.00010195126273421382,0.00013193853902067573
6,1.0,253,0.02248808580813209,0.00013641987805308972,0.00013641987805308972,0.00013334601950161295
6,1.0,254,0.022454829465246247,0.00015233592221769156,0.00015233592221769156,0.000125448989131396
6,1.0,255,0.022564308613004704,0.00016358367843237668,0.00016358367843237668,0.000129931274782318
6,1.0,256,0.022622501252595996,0.0001292425893440623,0.00012841411320536203,0.0001292425893440623
6,1.0,257,0.022550363370270343,0.00015663460959630137,0.00015663460959630137,0.00012891506138121923
6,1.0,258,0.022510122333317683,0.0001380458598821536,0.0001380458598821536,0.0001314369352724337
6,1.0,259,0.022539183154584547,0.00013689368319881037,0.00012357010550319785,0.00013689368319881037
6,1.0,260,0.022554075772966205,0.00013666612998484499,0.00011169994099424998,0.00013666612998484499
6,1.0,261,0.022551117132921225,0.0001347616013518001,0.00011531730319235253,0.0001347616013518001
6,1.0,262,0.022519170508922322,0.00013392861816768957,0.00011758050862183002,0.00013392861816768957
6,1.0,263,0.0226004980086042,0.0001342921565781596,0.00011260385696663362,0.0001342921565781596
6,1.0,264,0.022588122124683443,0.00014427561551353386,0.00014427561551353386,0.0001316780979889511
6,1.0,265,0.02236878395284523,0.00012599202177591756,0.0001086686086463605,0.00012599202177591756
6,1.0,266,0.02253438800814569,0.00012661979913119792,0.00011643886864421512,0.00012661979913119792
6,1.0,267,0.022386929921421012,0.000130483091951757,0.00010780660974997294,0.000130483091951757
6,1.0,268,0.022331063187010895,0.00012916574492221038,0.00011478249441980177,0.00012916574492221038
6,1.0,269,0.022315342839557443,0.00013578837283467947,0.0001105366994786473,0.00013578837283467947
6,1.0,270,0.02249136472833713,0.00013630753499241298,0.00013630753499241298,0.00013560807193669982
6,1.0,271,0.02256859671145821,0.0001386411085538815,0.00012546494398264825,0.0001386411085538815
6,1.0,272,0.022565309381881518,0.00014995162225644331,0.00014995162225644331,0.00013783152680932795
6,1.0,273,0.022715720108535748,0.00016204161688574624,0.00016204161688574624,0.00013652242716987047
6,1.0,274,0.02272839750481244,0.00017402819154107722,0.00017402819154107722,0.00013223058922749947
6,1.0,275,0.022626870386054092,0.00014161959259918104,0.00014161959259918104,0.00013104718952093998
6,1.0,276,0.022454170210033084,0.00012982435330885928,0.00012893810730404333,0.00012982435330885928
6,1.0,277,0.022363761753224302,0.00012917401922192656,0.00010395600683318662,0.00012917401922192656
6,1.0,278,0.02240825596386415,0.0001318441355201888,0.00012507463435141908,0.0001318441355201888
6,1.0,279,0.022450405761582252,0.0001317619746566282,0.00012906886567056068,0.0001317619746566282
6,1.0,280,0.02246346791854749,0.00012928549493051642,0.00011557279957429256,0.00012928549493051642
6,1.0,281,0.02255704613235084,0.0001308295368796085,0.00011590015208913486,0.0001308295368796085
6,1.0,282,0.02267377259544353,0.00013737166766176863,0.00012865459367485417,0.00013737166766176863
6,1.0,283,0.02252965890536337,0.0001370697403678218,0.0001370697403678218,0.0001352490934647374
6,1.0,284,0.022589733766258533,0.00014017331834309204,0.0001197766882197231,0.00014017331834309204
6,1.0,285,0.022549474328150756,0.00016235585570698304,0.00016235585570698307,0.00012938790109321536
6,1.0,286,0.022571518374926398,0.00013349863190114376,0.00012116541553181498,0.00013349863190114376
6,1.0,287,0.022413600644869466,0.00013234694842280916,0.00011735416299674054,0.00013234694842280916
6,1.0,288,0.022448310659298233,0.00013706750252313017,0.00013553806186372453,0.00013706750252313017
6,1.0,289,0.02258263385518995,0.0001597840277031658,0.0001597840277031658,0.0001353620545001826
6,1.0,290,0.02241747961535265,0.00013558452807661028,0.00013558452807661028,0.00013430097937378922
6,1.0,291,0.022342496540661456,0.00013489853967208235,0.0001278342246512786,0.00013489853967208235
6,1.0,292,0.022391040091704544,0.0001377187391827465,0.0001377187391827465,0.0001340168055665314
6,1.0,293,0.022446019678127517,0.0001308253018008738,0.00012410134941660405,0.0001308253018008738
6,1.0,294,0.02247771454213438,0.00013134140680236237,0.00012781898621663595,0.00013134140680236237
6,1.0,295,0.022518584059995055,0.00013147018934644302,0.00010805976276577765,0.00013147018934644302
6,1.0,296,0.022516875923651,0.00013488289572798675,9.908347855097009e-05,0.00013488289572798675
6,1.0,297,0.022512487616645427,0.0001322805228776034,0.00010519065753953095,0.0001322805228776034
6,1.0,298,0.02254789764765498,0.00012456643521739142,0.00011498891890820615,0.00012456643521739142
6,1.0,299,0.02248210284754832,0.00013239967805247493,0.00011541360599784324,0.00013239967805247493
6,1.0,300,0.02240600452888244,0.00014042599148734395,0.00014042599148734395,0.00012570987665990534
6,1.0,301,0.022479834780069048,0.00015503993327981288,0.00015503993327981288,0.00012944515394946974
6,1.0,302,0.022568796393883005,0.00013095138358335182,0.0001288334340510122,0.00013095138358335182
6,1.0,303,0.022593552960400696,0.00013994115225855508,0.00013994115225855508,0.00013343450038927934
6,1.0,304,0.02286150007776034,0.00013490279222775503,0.00012850130294978003,0.00013490279222775503
6,1.0,305,0.022751400804193418,0.00015596392827719346,0.00015596392827719346,0.00014076880548707246
6,1.0,306,0.02260440638501782,0.0001346522563167221,0.0001264535638629048,0.0001346522563167221
6,1.0,307,0.022632551460610457,0.0001321955252259927,9.155199331385649e-05,0.0001321955252259927
6,1.0,308,0.022518128535280964,0.00014095843895447314,0.00014095843895447314,0.00013045175553387672
6,1.0,309,0.022578615542810036,0.00013550814505013797,0.00013513674086617464,0.00013550814505013797
6,1.0,310,0.022607766562954247,0.00013791099133136678,0.00013791099133136678,0.00013404868624461894
6,1.0,311,0.022628284948928688,0.00013813427407463938,0.00013813427407463938,0.0001318061179035077
6,1.0,312,0.022726969665952963,0.00013778607566344254,0.00013778607566344254,0.0001354852799076574
6,1.0,313,0.02263118968393134,0.00013066223568822778,0.00012403533042330245,0.00013066223568822778
6,1.0,314,0.022682867685278933,0.0001408768863023834,0.0001408768863023834,0.00013246208192624397
6,1.0,315,0.022562416457200415,0.0001317458275264784,0.00011915162064729233,0.0001317458275264784
6,1.0,316,0.02245312914817297,0.00013429792549056897,0.000134297925490569,0.00013346633033559796
6,1.0,317,0.022473620473142678,0.000126993079599633,0.0001205104737920156,0.000126993079599633
6,1.0,318,0.022572956073090747,0.0001299320268144477,0.00012851672451496708,0.0001299320268144477
6,1.0,319,0.02271673679801212,0.00015626474432792854,0.00015626474432792854,0.00013428335461397256
6,1.0,320,0.022681366012630454,0.0001337992158466402,0.00011492658760916054,0.0001337992158466402
6,1.0,321,0.022584520984149196,0.00013385455798426918,0.0001287192849183884,0.00013385455798426918
6,1.0,322,0.0227333701940352,0.00014295453003386512,0.00014295453003386512,0.00013745571842949748
6,1.0,323,0.02265878958800998,0.00013351006949924519,0.0001254227357545972,0.00013351006949924519
6,1.0,324,0.0226155704813241,0.00013399598580888123,9.594940952887544e-05,0.00013399598580888123
6,1.0,325,0.02257495813719618,0.0001355354654150303,0.00013291558255044058,0.0001355354654150303
6,1.0,326,0.02251641775032697,0.00013759964517026156,0.0001034941291543895,0.00013759964517026156
6,1.0,327,0.02256422360332659,0.0001272681758023002,0.00012060728509243259,0.0001272681758023002
6,1.0,328,0.02259044717780032,0.00014153528184289018,0.00014153528184289018,0.0001327734290980763
6,1.0,329,0.02247013403326753,0.00012871075856664275,0.00012395964128602603,0.00012871075856664275
6,1.0,330,0.022600991865773648,0.00012964443064690932,0.00011000608149556494,0.00012964443064690932
6,1.0,331,0.022399025918819447,0.0001311356218007625,0.0001233822912405484,0.0001311356218007625
6,1.0,332,0.02224286629638493,0.00013935460434810434,0.00013935460434810434,0.0001286532151107972
6,1.0,333,0.022295699567560258,0.0001362995933469996,0.0001362995933469996,0.0001320487357986635
6,1.0,334,0.022308873056302712,0.00016570490581352236,0.00016570490581352236,0.0001351866544734326
6,1.0,335,0.022462131218428584,0.00015784859988755002,0.00015784859988755002,0.00013027871176043526
6,1.0,336,0.022660309317784004,0.00013673703252994494,0.00013673703252994494,0.00012865207327200038
6,1.0,337,0.022744126160364714,0.00012639016685101788,8.196132482986099e-05,0.00012639016685101788
6,1.0,338,0.02249073763236639,0.00012439779729545876,9.874180685104799e-05,0.00012439779729545876
6,1.0,339,0.0225099120170495,0.00013348667547521395,9.456373831228583e-05,0.00013348667547521395
6,1.0,340,0.0224981889271143,0.00013165713825307986,0.00010840677893419952,0.00013165713825307986
6,1.0,341,0.022472246850398406,0.00013199090166896572,0.00013199090166896572,0.00012721649993764647
6,1.0,342,0.02245660747219258,0.00012622872408562258,0.00012565847649096375,0.00012622872408562258
6,1.0,343,0.02226473713230744,0.00013230284000420958,0.0001073743711843768,0.00013230284000420958
6,1.0,344,0.022305547748962904,0.000136813297440318,0.00012659438592719033,0.000136813297440318
6,1.0,345,0.02242460497693422,0.0001348063480769919,0.00013440264568879376,0.0001348063480769919
6,1.0,346,0.022555395936634613,0.00017746718028988255,0.00017746718028988255,0.0001327475319583638
6,1.0,347,0.022502914674009,0.00015696628545398396,0.00015696628545398396,0.0001312439469311508
6,1.0,348,0.022527182730067645,0.0001325893589907719,0.0001325893589907719,0.00012803450175119857
6,1.0,349,0.02240299839012134,0.00012782412737784754,0.00012782412737784754,0.00012586063907361593
6,1.0,350,0.022526899441496544,0.00012914887008337077,0.00012914887008337077,0.00012883911434503727
6,1.0,351,0.02259634319611338,0.00013679182462195602,0.000136791824621956,0.00012600548664593215
6,1.0,352,0.02245514798570907,0.00015968286814889763,0.00015968286814889763,0.00012726970607411243
6,1.0,353,0.0225465169952106,0.00013160031808667544,0.00010137101902197551,0.00013160031808667544
6,1.0,354,0.022447781194893702,0.00014014384841509763,0.00014014384841509763,0.0001341436193730034
6,1.0,355,0.022590547232414153,0.0001359350960899525,0.00011248331101872321,0.0001359350960899525
6,1.0,356,0.022519439960353202,0.00014599310670523728,0.00014599310670523728,0.00013268298596065585
6,1.0,357,0.02257581828621502,0.0001557916652348023,0.00015579166523480232,0.00013025441283889803
6,1.0,358,0.022593203020346852,0.0001380288249050633,0.0001380288249050633,0.00012861643716184046
6,1.0,359,0.022477590182979675,0.00012978001909943272,0.00012792054288932533,0.00012978001909943272
6,1.0,360,0.02254112656918568,0.0001268355613632225,0.00012523487158958664,0.0001268355613632225
6,1.0,361,0.022406791315666207,0.00013027534578832165,0.00013027534578832165,0.00011976122923477983
6,1.0,362,0.022581587326453947,0.00014367657755662527,0.0001436765775566253,0.0001274807271752357
6,1.0,363,0.02249879101025647,0.00014034347940311022,0.00014034347940311022,0.00012606103283749969
6,1.0,364,0.02249946838743303,0.00013436379070383683,0.00013436379070383683,0.0001275390744877928
6,1.0,365,0.022462214441337034,0.00012753968751461406,0.00010035671457396558,0.00012753968751461406
6,1.0,366,0.02259941532185895,0.00013279994097675294,0.0001327999409767529,0.00012808893469342108
6,1.0,367,0.022546856426780826,0.00013031296161457654,0.0001285174079946915,0.00013031296161457654
6,1.0,368,0.022584407503259837,0.00013261809056271443,0.00012590062661879401,0.00013261809056271443
6,1.0,369,0.022617152674078732,0.00015352443079588596,0.00015352443079588596,0.00013124337772444386
6,1.0,370,0.022663086698075537,0.00015190799168316197,0.000151907991683162,0.0001253727184905845
6,1.0,371,0.022646234312555524,0.00012823883483810834,0.00011386043900237563,0.00012823883483810834
6,1.0,372,0.022414368870218655,0.00015306022736023177,0.00015306022736023177,0.00013061164079197044
6,1.0,373,0.022501151445095277,0.00013078755057674546,0.00012712340690336529,0.00013078755057674546
6,1.0,374,0.02251352790762019,0.00013017147066186758,0.0001301714706618676,0.00012815931517092257
6,1.0,375,0.022634277619243855,0.00012711286558346734,0.00011769381460321275,0.00012711286558346734
6,1.0,376,0.02231382877529586,0.0001327817873457779,0.0001327817873457779,0.00012514917280660327
6,1.0,377,0.022459717569839964,0.0001688944565297726,0.0001688944565297726,0.00012936014901510187
6,1.0,378,0.022434403779259465,0.0001823273354728122,0.0001823273354728122,0.00013386126532927126
6,1.0,379,0.02235669892472631,0.00016845757289450368,0.00016845757289450365,0.00013407044133676588
6,1.0,380,0.022333219909487313,0.0001358038315148087,0.00013231951504394214,0.0001358038315148087
6,1.0,381,0.022353112671018836,0.00012684773810540313,0.00011066262662514059,0.00012684773810540313
6,1.0,382,0.02245874450381353,0.00012982820883167644,0.00012111377855070194,0.00012982820883167644
6,1.0,383,0.022394685626814556,0.000130866664838085,0.00012035576924004613,0.000130866664838085
6,1.0,384,0.0223865466683887,0.00013477257263840446,0.00012475725797608353,0.00013477257263840446
6,1.0,385,0.022657349090328096,0.00013640150102058485,0.00013592943882291978,0.00013640150102058485
6,1.0,386,0.022595226221641406,0.00013137742514396022,0.000119058578517997,0.00013137742514396022
6,1.0,387,0.022536447999562056,0.00014656541142427012,0.00014656541142427012,0.00012983278272273344
6,1.0,388,0.02261957662858414,0.0001324499924459912,0.00012125556756242169,0.0001324499924459912
6,1.0,389,0.02265036426158407,0.00013030870894856648,0.00011791967942551863,0.00013030870894856648
6,1.0,390,0.022573092866725153,0.00012633494750299065,0.00012404142449474014,0.00012633494750299065
6,1.0,391,0.022688071632747876,0.00013416473186227552,0.00013416473186227555,0.00012902655758225545
6,1.0,392,0.022603629853405954,0.00012852445289845618,0.00011279140017036479,0.00012852445289845618
6,1.0,393,0.02277205313609332,0.00013469926425570996,0.00012204287983821874,0.00013469926425570996
6,1.0,394,0.022791006608279426,0.00015472579147342644,0.00015472579147342644,0.0001384121710293661
6,1.0,395,0.022421825824393442,0.00013379063338636205,0.00012995604851256633,0.00013379063338636205
6,1.0,396,0.02253706781886323,0.0001609593315151379,0.0001609593315151379,0.00013290468703219184
6,1.0,397,0.02241088170772149,0.0001340619562729774,0.00012537896317809966,0.0001340619562729774
6,1.0,398,0.022513381172872413,0.00013521972396855991,0.00011611328833249443,0.00013521972396855991
6,1.0,399,0.022448775440084445,0.00014100539364351482,0.0001410053936435148,0.00013729959811054266
6,1.0,400,0.02260913578817488,0.0001332214844728596,0.00012872782360953333,0.0001332214844728596
6,1.0,401,0.02259712039001781,0.00013412828133294022,0.00011025026837998643,0.00013412828133294022
6,1.0,402,0.02254166471649948,0.0001317386992631357,0.00010015502835089298,0.0001317386992631357
6,1.0,403,0.022589933348355,0.0001342722808230058,0.00012026408436096469,0.0001342722808230058
6,1.0,404,0.022467318792282732,0.0001264513513139678,0.00011252258199670933,0.0001264513513139678
6,1.0,405,0.022502961684591653,0.0001272555151468566,0.00011532044755120451,0.0001272555151468566
6,1.0,406,0.02246022702806412,0.00013618133672604316,0.0001080701658589144,0.00013618133672604316
6,1.0,407,0.022384077613134223,0.00014507152244748467,0.00014507152244748467,0.000129344011487946
6,1.0,408,0.022369280654428676,0.00015644401809830478,0.00015644401809830478,0.0001307720817145601
6,1.0,409,0.022468988096535917,0.00013577900742559347,0.00013577900742559347,0.0001277271340619716
6,1.0,410,0.022553146870072927,0.00013644332936694646,0.00013644332936694646,0.00012959593938143802
6,1.0,411,0.022616264151178005,0.0001309918520513062,0.00013099185205130617,0.00013078664165403102
6,1.0,412,0.02245905938137499,0.00015174156056626262,0.00015174156056626262,0.00013184917825338622
6,1.0,413,0.02259208507544327,0.0001382939251116838,0.0001382939251116838,0.00013035258953602829
6,1.0,414,0.022552495767123922,0.0001305642905946719,0.00013017196143055856,0.0001305642905946719
6,1.0,415,0.022594262545549006,0.00012877933242988482,0.00012577416315469756,0.00012877933242988482
6,1.0,416,0.022492516306172983,0.00012759848435254736,0.00011481724171676254,0.00012759848435254736
6,1.0,417,0.02267658867365598,0.0001490650726757204,0.0001490650726757204,0.00012742799198580163
6,1.0,418,0.022581315839432615,0.00013393737357272502,0.00013393737357272502,0.0001318952255947447
6,1.0,419,0.022392758389244902,0.0001429645674815441,0.0001429645674815441,0.00012979876966675706
6,1.0,420,0.02249672795519134,0.00013360863272559928,0.00013360863272559928,0.00012998678096658717
6,1.0,421,0.02246329222144523,0.0001313903479636594,0.00012082986063160356,0.0001313903479636594
6,1.0,422,0.022598486623371526,0.00013730530775267098,0.00013169441092390598,0.00013730530775267098
6,1.0,423,0.022683708548742514,0.00013652455472549233,0.000108074831048569,0.00013652455472549233
6,1.0,424,0.022580682859899687,0.00013501667503298658,0.00011440229170038163,0.00013501667503298658
6,1.0,425,0.0227693194975247,0.0001368281139301563,0.00013509872820809154,0.0001368281139301563
6,1.0,426,0.022564731529019406,0.00013196202381798438,0.00012873503587037174,0.00013196202381798438
6,1.0,427,0.022646071059984726,0.00013647496462176477,0.00011096135547180445,0.00013647496462176477
6,1.0,428,0.02276625284478023,0.00013804705930550755,0.0001355795442640912,0.00013804705930550755
6,1.0,429,0.022714845485568895,0.0001332115471332873,0.00013253316124501314,0.0001332115471332873
6,1.0,430,0.02276531870762906,0.00013222747355220326,0.00013114728758924639,0.00013222747355220326
6,1.0,431,0.022695276786533904,0.00013014750547890502,0.00010875838634521464,0.00013014750547890502
6,1.0,432,0.022685736758296732,0.00012934366916702412,0.00010767274613656522,0.00012934366916702412
6,1.0,433,0.022602289958170728,0.0001557994316471042,0.0001557994316471042,0.00012656650875281518
6,1.0,434,0.022547200917499146,0.0001472167323555154,0.0001472167323555154,0.00013013717189115133
6,1.0,435,0.022457934930160222,0.00013031776067498255,0.00012132264148571379,0.00013031776067498255
6,1.0,436,0.022517954433401422,0.00013131666165635376,9.59414842727951e-05,0.00013131666165635376
6,1.0,437,0.022584097858386214,0.0001435254667567428,0.00014352546675674277,0.0001311461463333122
6,1.0,438,0.022526223259172803,0.00013805894640775976,0.00013805894640775976,0.00013322335607013827
6,1.0,439,0.022503725552148527,0.0001298788124663389,0.00011288692213020315,0.0001298788124663389
6,1.0,440,0.022416012644613736,0.00012355412088408565,8.454057545895326e-05,0.00012355412088408565
6,1.0,441,0.022468265922175643,0.000125853910930877,0.00011194239732348853,0.000125853910930877
6,1.0,442,0.022349097825502286,0.00012932583182560271,0.00012459553428649558,0.00012932583182560271
6,1.0,443,0.022203182542532958,0.00012313742206292207,8.716907584720271e-05,0.00012313742206292207
6,1.0,444,0.022433022747408278,0.00012539064113756732,0.00010183701009236318,0.00012539064113756732
6,1.0,445,0.022417866593460924,0.00012696931479111562,0.00011568348183837668,0.00012696931479111562
6,1.0,446,0.022376446618398278,0.0001340408382523766,0.00011836119673092349,0.0001340408382523766
6,1.0,447,0.02245233897917128,0.00012621660377321788,0.00012075873900542731,0.00012621660377321788
6,1.0,448,0.022386368262618115,0.00013206400477935908,0.00010680767724395769,0.00013206400477935908
6,1.0,449,0.022495237593078924,0.00013296038482575774,0.00010201349764667768,0.00013296038482575774
6,1.0,450,0.02235809707151253,0.0001315698637782603,0.00012921967958488703,0.0001315698637782603
6,1.0,451,0.022456381526204154,0.0001340914318332922,0.00012631756269934405,0.0001340914318332922
6,1.0,452,0.02249460704517014,0.00013414491214445564,0.00012288246816772837,0.00013414491214445564
6,1.0,453,0.02252032642716856,0.000131107971917762,0.00012811805417290456,0.000131107971917762
6,1.0,454,0.02249669309047219,0.00012777584617018148,0.00010399495269291002,0.00012777584617018148
6,1.0,455,0.02253985794034784,0.00013217778152116913,0.00012997389519985706,0.00013217778152116913
6,1.0,456,0.02255617395139776,0.0001304047839880798,0.00011479971946051641,0.0001304047839880798
6,1.0,457,0.022651650922547832,0.00013723787262093318,0.00013723787262093315,0.0001315139156377711
6,1.0,458,0.022724950077687163,0.00013454566505322285,0.00013454566505322285,0.0001262543085165267
6,1.0,459,0.022581696046081123,0.00013411168619762486,0.00013411168619762486,0.00012800594580808318
6,1.0,460,0.022569509722300006,0.00012685080229732327,0.00011701238990805814,0.00012685080229732327
6,1.0,461,0.02251947688675561,0.00015522013145608166,0.00015522013145608166,0.00013297644349155054
6,1.0,462,0.02246014086262101,0.0001415508982866716,0.00014155089828667163,0.00013257638947340435
6,1.0,463,0.022633731584697565,0.0001333145806592218,0.00011018777904737259,0.0001333145806592218
6,1.0,464,0.022632669176367817,0.00013643909930191798,0.00012686555328540264,0.00013643909930191798
6,1.0,465,0.022633214209752242,0.00013172513519489758,0.0001248363474079118,0.00013172513519489758
6,1.0,466,0.022631685147585217,0.00013130331229515663,9.930088372216004e-05,0.00013130331229515663
6,1.0,467,0.022499715651804666,0.00012682499052920105,9.804327476194864e-05,0.00012682499052920105
6,1.0,468,0.02256164431166662,0.00012985480484010303,0.00011459277781098704,0.00012985480484010303
6,1.0,469,0.02246541031310017,0.00013242748107077936,9.23510642034425e-05,0.00013242748107077936
6,1.0,470,0.02246652137917682,0.00012936460766725918,0.00012723850462712956,0.00012936460766725918
6,1.0,471,0.022615978883343782,0.00014345350826730567,0.00014345350826730564,0.00013480739420123676
6,1.0,472,0.022362735379249838,0.00013612577263187416,0.00013569387388160715,0.00013612577263187416
6,1.0,473,0.02239291963970802,0.00015364876612095283,0.00015364876612095283,0.00013061612595270062
6,1.0,474,0.02252526855915437,0.0001546504295692853,0.0001546504295692853,0.00012986996451507448
6,1.0,475,0.022454035690165734,0.000127037830762086,0.00012682055288526403,0.000127037830762086
6,1.0,476,0.022543477462662123,0.00012887325985828924,0.00012319542707267563,0.00012887325985828924
6,1.0,477,0.022464643019560093,0.00012862888028791726,0.0001181274877463947,0.00012862888028791726
6,1.0,478,0.022663315041453906,0.00013262736881367927,0.00013262736881367927,0.00012852835078747425
6,1.0,479,0.022509333156179666,0.00012346624495337193,0.00011803294974273344,0.00012346624495337193
6,1.0,480,0.02281270770324334,0.00015277689103138981,0.00015277689103138981,0.0001293794438547236
6,1.0,481,0.022561620925946647,0.0001463353395437642,0.0001463353395437642,0.00012946550812052034
6,1.0,482,0.022545001233644536,0.00013498095536125873,0.0001133072170405948,0.00013498095536125873
6,1.0,483,0.022477149791707743,0.00013106502894907085,0.00012463229476799973,0.00013106502894907085
6,1.0,484,0.022549948860558038,0.00013478049796200134,0.00011156188310836965,0.00013478049796200134
6,1.0,485,0.022551090338303173,0.00014270695835740218,0.00014270695835740218,0.00013267875432182265
6,1.0,486,0.022662065373498765,0.00013974168644602646,0.00013974168644602646,0.00012841716548090497
6,1.0,487,0.022465429056520644,0.00013905364688108755,0.00013905364688108758,0.0001304595687561705
6,1.0,488,0.022404718643069862,0.00014596436145138345,0.00014596436145138347,0.00012920433991828826
6,1.0,489,0.022307660089341912,0.0001373342930156045,0.0001373342930156045,0.0001315223310342121
6,1.0,490,0.022414462036785817,0.00015680934938599585,0.00015680934938599585,0.00012586340431949752
6,1.0,491,0.022304128931514247,0.00014815389010163106,0.00014815389010163106,0.00012485274112578805
6,1.0,492,0.02233601339104493,0.00012766031723973191,0.00011056441663375393,0.00012766031723973191
6,1.0,493,0.022449255191706312,0.00013287757113319957,0.0001095052761700119,0.00013287757113319957
6,1.0,494,0.022451798421048694,0.00013204181169681786,0.00011055089282880562,0.00013204181169681786
6,1.0,495,0.02247344653844998,0.00014612973547195295,0.00014612973547195295,0.00012624535057167424
6,1.0,496,0.02251321812523549,0.0001364213682551502,0.00013642136825515018,0.00012380619402936033
6,1.0,497,0.02243058885573891,0.00013016896748454726,0.00011385542888360581,0.00013016896748454726
6,1.0,498,0.022345113067332185,0.0001498339506244627,0.0001498339506244627,0.0001324241388033539
6,1.0,499,0.02251889591358368,0.00017876028838459136,0.00017876028838459136,0.00013425239894612412
6,1.0,500,0.02253590585648337,0.00012998141724226422,0.00012998141724226422,0.00012872950124919429
