m,t,model,variance_mean,sem_total,sem_network,sem_runs
20,0,model1_fixed_q,0.0832104338921472,8.447725404935687e-05,8.447725404935687e-05,7.853745099829264e-05
20,0,model3_dynamic_q,0.08326182704328484,7.941481643166264e-05,7.342598152335314e-05,7.941481643166264e-05
20,1,model1_fixed_q,0.06399293706562936,0.00010032111571396363,0.00010032111571396363,0.00010003269449118715
20,1,model3_dynamic_q,0.0704230441842839,0.00011513555413579217,0.0001042576073706726,0.00011513555413579217
20,2,model1_fixed_q,0.0550291567886948,0.0001049123936387382,0.0001049123936387382,9.610012037802415e-05
20,2,model3_dynamic_q,0.06409661148051138,0.00013813028605009182,0.00010426827973435704,0.00013813028605009182
20,3,model1_fixed_q,0.05040207621992567,8.717054679018184e-05,7.678454317029442e-05,8.717054679018184e-05
20,3,model3_dynamic_q,0.06080902386596917,0.0001915333909456912,0.00019153339094569118,0.00014110789203157116
20,4,model1_fixed_q,0.04812653127860679,8.643761727464047e-05,8.643761727464047e-05,8.4970949642413e-05
20,4,model3_dynamic_q,0.05895500262660827,0.00019918617230663753,0.00019918617230663753,0.00014501310662780705
20,5,model1_fixed_q,0.04699008505408724,8.559807943863806e-05,8.559807943863806e-05,8.296291316038723e-05
20,5,model3_dynamic_q,0.05790647295918506,0.00017453754784185714,0.00017453754784185714,0.00015076580762313533
20,6,model1_fixed_q,0.04643531100173803,8.33069451848602e-05,7.567869827088445e-05,8.33069451848602e-05
20,6,model3_dynamic_q,0.05715638674826557,0.00019017799873474286,0.00019017799873474284,0.00014794222766464137
20,7,model1_fixed_q,0.04610122691758667,7.959808254972405e-05,7.572725050868609e-05,7.959808254972405e-05
20,7,model3_dynamic_q,0.056844756552294304,0.00016480311157199076,0.00016480311157199076,0.00014521870777323904
20,8,model1_fixed_q,0.04590347880067057,9.096511129466708e-05,9.096511129466709e-05,8.089381215569407e-05
20,8,model3_dynamic_q,0.05663657352424757,0.0001411455307462495,0.00011721606182147342,0.0001411455307462495
20,9,model1_fixed_q,0.04589252939292072,7.986942338308891e-05,7.799448127927124e-05,7.986942338308891e-05
20,9,model3_dynamic_q,0.0563472595438279,0.00014055246812244926,0.0001303349750722025,0.00014055246812244926
20,10,model1_fixed_q,0.04588033197686228,8.368290058763402e-05,8.368290058763402e-05,7.955639669078143e-05
20,10,model3_dynamic_q,0.05625469069170177,0.00014626843069445557,0.00013973897799547953,0.00014626843069445557
20,11,model1_fixed_q,0.04571318544880314,8.039133289164435e-05,7.604112993936867e-05,8.039133289164435e-05
20,11,model3_dynamic_q,0.056138579908275706,0.00014617478435442814,0.00014617478435442814,0.00014074807589173612
20,12,model1_fixed_q,0.04567284455033684,8.222177910886683e-05,6.962185833575413e-05,8.222177910886683e-05
20,12,model3_dynamic_q,0.05610340200628037,0.00015489572230637774,0.00015489572230637777,0.00013793503535549265
20,13,model1_fixed_q,0.04571204385390718,8.570378983615675e-05,8.570378983615674e-05,7.935799993397536e-05
20,13,model3_dynamic_q,0.05623509561462894,0.00017343548530993983,0.0001734354853099398,0.00013904711244785447
20,14,model1_fixed_q,0.04580757421911129,8.007030124424373e-05,7.772534681364092e-05,8.007030124424373e-05
20,14,model3_dynamic_q,0.05632559086300808,0.00016786754338798748,0.00016786754338798748,0.0001436070060869753
20,15,model1_fixed_q,0.045701263608440755,7.934445359099142e-05,7.934445359099142e-05,7.857148171397271e-05
20,15,model3_dynamic_q,0.05632266360567812,0.00018049512229533285,0.00018049512229533288,0.00014120192382257392
20,16,model1_fixed_q,0.04563383383823372,9.847546312772056e-05,9.847546312772058e-05,7.749859323144758e-05
20,16,model3_dynamic_q,0.05639987699686623,0.00016763736155032665,0.00016763736155032665,0.0001415165828066187
20,17,model1_fixed_q,0.045674090176618984,9.379225350834717e-05,9.379225350834718e-05,7.83309304924295e-05
20,17,model3_dynamic_q,0.056243830468673914,0.00016134527567904653,0.00016134527567904653,0.00014494861552037417
20,18,model1_fixed_q,0.045682780360524866,9.448308421111544e-05,9.448308421111543e-05,8.141588289305696e-05
20,18,model3_dynamic_q,0.05618417025850721,0.00014837398369403222,0.00014837398369403222,0.00014429927089616037
20,19,model1_fixed_q,0.04578823917118712,8.508651849683885e-05,8.508651849683885e-05,8.056445016148468e-05
20,19,model3_dynamic_q,0.05621205396902976,0.00014239907974695047,0.00014239907974695047,0.00013927371530149233
20,20,model1_fixed_q,0.04588552419824658,7.9657389013383e-05,7.9657389013383e-05,7.834859182182526e-05
20,20,model3_dynamic_q,0.056045624618057316,0.00014476647303593814,0.00014476647303593814,0.00013688462422408915
20,21,model1_fixed_q,0.045856163459738836,7.816307651665996e-05,7.657056437305866e-05,7.816307651665996e-05
20,21,model3_dynamic_q,0.05602787430325407,0.00014507010618289038,0.00014507010618289038,0.00013271598591512566
20,22,model1_fixed_q,0.04578121987319609,8.674717574724246e-05,7.43737433940882e-05,8.674717574724246e-05
20,22,model3_dynamic_q,0.05592481370872875,0.00013825237253863406,0.00013825237253863406,0.00013571823278428133
20,23,model1_fixed_q,0.045740626395320456,8.225961002502419e-05,8.225961002502417e-05,8.154230308063982e-05
20,23,model3_dynamic_q,0.056106930145895344,0.00014544001990433753,0.00014544001990433753,0.0001366566683574941
20,24,model1_fixed_q,0.04577422713750091,8.749523106318362e-05,8.749523106318362e-05,7.98879001969599e-05
20,24,model3_dynamic_q,0.05622916076903486,0.0001396768247503305,0.0001396768247503305,0.00013681649988009465
20,25,model1_fixed_q,0.04566105444900918,7.843994137509123e-05,7.240232292033197e-05,7.843994137509123e-05
20,25,model3_dynamic_q,0.056299717466004054,0.00014115379347168867,0.00013573317461004468,0.00014115379347168867
20,26,model1_fixed_q,0.0455910046169061,7.803575988863343e-05,6.67177845046786e-05,7.803575988863343e-05
20,26,model3_dynamic_q,0.056273848819662714,0.00014010147624565127,0.0001370083085633114,0.00014010147624565127
20,27,model1_fixed_q,0.04565926674363776,7.627649226938659e-05,7.24996424033249e-05,7.627649226938659e-05
20,27,model3_dynamic_q,0.05629329295910875,0.0001626421208222579,0.00016264212082225794,0.00014719234350554284
20,28,model1_fixed_q,0.04570774283727128,7.755971460283254e-05,6.013448262657217e-05,7.755971460283254e-05
20,28,model3_dynamic_q,0.05630531709926132,0.00019071164397754364,0.00019071164397754366,0.00014726940139095439
20,29,model1_fixed_q,0.04569058068734654,8.214451458011712e-05,6.757806140367355e-05,8.214451458011712e-05
20,29,model3_dynamic_q,0.05629313624556061,0.00020493790216336184,0.00020493790216336184,0.0001468792195906027
20,30,model1_fixed_q,0.04567792934131533,7.777178543231798e-05,7.205952261080215e-05,7.777178543231798e-05
20,30,model3_dynamic_q,0.05634864573395046,0.00021150566244002004,0.00021150566244002,0.0001503828706392763
20,31,model1_fixed_q,0.045614761193392236,9.04793120740023e-05,9.04793120740023e-05,7.862599317147251e-05
20,31,model3_dynamic_q,0.05636736117897863,0.0001878157217198953,0.0001878157217198953,0.00014341904272308933
20,32,model1_fixed_q,0.04554041934371496,8.762646485928643e-05,8.762646485928643e-05,7.862074442466426e-05
20,32,model3_dynamic_q,0.05634140478183256,0.00015556089092579807,0.00015556089092579807,0.00014798211704724154
20,33,model1_fixed_q,0.04556084475574864,7.867198849013308e-05,7.192192774083993e-05,7.867198849013308e-05
20,33,model3_dynamic_q,0.05633004821086158,0.0001689245836520348,0.0001689245836520348,0.00014747425785473285
20,34,model1_fixed_q,0.04568849307542674,7.715560991431553e-05,5.780795825067188e-05,7.715560991431553e-05
20,34,model3_dynamic_q,0.05624480846587351,0.00018446938752287613,0.00018446938752287616,0.00014307139294311678
20,35,model1_fixed_q,0.045709427306168185,7.87281388645286e-05,7.364176245856221e-05,7.87281388645286e-05
20,35,model3_dynamic_q,0.05635057515063121,0.00016274508879330038,0.00016274508879330038,0.0001466792103594976
20,36,model1_fixed_q,0.04570408855417476,8.105635123842215e-05,7.291205376365352e-05,8.105635123842215e-05
20,36,model3_dynamic_q,0.05645435626080802,0.00016910401087159326,0.00016910401087159326,0.00013884999013892086
20,37,model1_fixed_q,0.045740422740239914,7.980835760393071e-05,7.481966406323766e-05,7.980835760393071e-05
20,37,model3_dynamic_q,0.05641212225287931,0.00016701675588293128,0.00016701675588293128,0.00014150278167579094
20,38,model1_fixed_q,0.04569487941131293,9.74075640291297e-05,9.740756402912971e-05,7.954786943620374e-05
20,38,model3_dynamic_q,0.056562906713423684,0.00017010627404444884,0.00017010627404444884,0.0001418599205430701
20,39,model1_fixed_q,0.04570175874064131,7.902995748328673e-05,7.488156258044369e-05,7.902995748328673e-05
20,39,model3_dynamic_q,0.05642339124328813,0.00014898010359460354,0.00014898010359460354,0.000139578373345867
20,40,model1_fixed_q,0.04566539733904431,8.024920243947481e-05,5.970422637047385e-05,8.024920243947481e-05
20,40,model3_dynamic_q,0.05666667753374157,0.0001399798707492011,0.00013853595426918734,0.0001399798707492011
20,41,model1_fixed_q,0.045608374249496694,7.876706962653022e-05,6.979200902337375e-05,7.876706962653022e-05
20,41,model3_dynamic_q,0.056580761087084624,0.00014176709005088057,0.00011441719167823727,0.00014176709005088057
20,42,model1_fixed_q,0.045660451818694804,8.44531978033032e-05,8.44531978033032e-05,8.020195008973279e-05
20,42,model3_dynamic_q,0.056495370862307166,0.00014251558041535384,0.00011961550232912557,0.00014251558041535384
20,43,model1_fixed_q,0.045693744510522334,8.012877353788035e-05,8.012877353788035e-05,8.008394153119478e-05
20,43,model3_dynamic_q,0.05653513162624209,0.000147327602630537,0.000147327602630537,0.00014439625944978382
20,44,model1_fixed_q,0.0456367453642716,8.513656596885188e-05,8.513656596885187e-05,7.808783304205375e-05
20,44,model3_dynamic_q,0.05629499609700698,0.0001385500024145396,0.00013436921516321078,0.0001385500024145396
20,45,model1_fixed_q,0.04570722188531381,8.71747732551962e-05,8.71747732551962e-05,8.169152314561542e-05
20,45,model3_dynamic_q,0.056270143095052946,0.00014755163077493806,0.00014755163077493806,0.00014393750668270714
20,46,model1_fixed_q,0.045701198760415264,7.947208044116173e-05,6.424985355142084e-05,7.947208044116173e-05
20,46,model3_dynamic_q,0.05631672885612886,0.00016065676181430775,0.00016065676181430775,0.00014075502841390434
20,47,model1_fixed_q,0.0456036137971166,7.723282297859843e-05,6.033095022582167e-05,7.723282297859843e-05
20,47,model3_dynamic_q,0.056539599907452984,0.00017271559297968745,0.00017271559297968745,0.00014181333925539086
20,48,model1_fixed_q,0.0456169022907601,7.893850308569896e-05,7.893850308569896e-05,7.857925448852385e-05
20,48,model3_dynamic_q,0.05652729378209836,0.00018465609844186312,0.00018465609844186312,0.00014258467324790622
20,49,model1_fixed_q,0.045692872697148626,7.652954368973014e-05,7.556994245590059e-05,7.652954368973014e-05
20,49,model3_dynamic_q,0.05661402584329708,0.00017626642736972317,0.00017626642736972317,0.00014477660009234365
20,50,model1_fixed_q,0.04574896983039737,7.821383327150569e-05,7.484049997343508e-05,7.821383327150569e-05
20,50,model3_dynamic_q,0.05647612449609643,0.00015257799535128307,0.0001525779953512831,0.0001412553279797343
20,51,model1_fixed_q,0.04578881709571809,7.891088161404708e-05,7.581029039033733e-05,7.891088161404708e-05
20,51,model3_dynamic_q,0.056459042170955605,0.00017640873637463263,0.0001764087363746326,0.00014325064431287775
20,52,model1_fixed_q,0.045892180093065296,7.828381583058172e-05,7.828381583058172e-05,7.624586242032339e-05
20,52,model3_dynamic_q,0.05643374704688198,0.00017721972373651578,0.00017721972373651578,0.00014536855352873296
20,53,model1_fixed_q,0.045791236652720856,8.131481584940542e-05,8.08987778425537e-05,8.131481584940542e-05
20,53,model3_dynamic_q,0.05635738160343622,0.00015705179546006428,0.00015705179546006428,0.00014138163754544948
20,54,model1_fixed_q,0.04569071808616627,8.02923628317977e-05,5.867586171315458e-05,8.02923628317977e-05
20,54,model3_dynamic_q,0.0563064852315698,0.00017591825931958122,0.00017591825931958122,0.00013758762330521546
20,55,model1_fixed_q,0.045706329552557094,8.30734075147336e-05,7.444292270590238e-05,8.30734075147336e-05
20,55,model3_dynamic_q,0.056275477543355684,0.00015794737703096802,0.00015794737703096802,0.00013936827500769987
20,56,model1_fixed_q,0.04561762021186134,7.956308442820119e-05,7.462605644712676e-05,7.956308442820119e-05
20,56,model3_dynamic_q,0.05612605404863539,0.00016160508763603818,0.00016160508763603818,0.0001410695797132884
20,57,model1_fixed_q,0.04563109089475588,0.00010578977686984981,0.00010578977686984981,7.988125601503672e-05
20,57,model3_dynamic_q,0.05612313079600039,0.00016564838460505232,0.00016564838460505232,0.00014097851919026326
20,58,model1_fixed_q,0.045683272407561974,8.888819450595528e-05,8.888819450595528e-05,7.836451549762893e-05
20,58,model3_dynamic_q,0.056440172965111016,0.00017315105676923075,0.00017315105676923075,0.00014822776618383314
20,59,model1_fixed_q,0.04563133128647553,7.753252378225112e-05,7.269508524074421e-05,7.753252378225112e-05
20,59,model3_dynamic_q,0.0563860343720238,0.0001434770249612537,0.00013362010006672808,0.0001434770249612537
20,60,model1_fixed_q,0.045726394692735324,7.780909191650048e-05,7.144924657501555e-05,7.780909191650048e-05
20,60,model3_dynamic_q,0.05635018041380153,0.0001437795178271385,0.0001229845402608713,0.0001437795178271385
20,61,model1_fixed_q,0.045641832612677735,7.809321714910661e-05,7.729365345913409e-05,7.809321714910661e-05
20,61,model3_dynamic_q,0.05638456402246035,0.00014685878177157828,0.00010317351339748363,0.00014685878177157828
20,62,model1_fixed_q,0.045743606425821905,8.644259177761986e-05,8.644259177761985e-05,7.864948561928387e-05
20,62,model3_dynamic_q,0.0563924360332001,0.00014621792318347793,0.00014081498002802988,0.00014621792318347793
20,63,model1_fixed_q,0.04577227679457618,8.12469427508636e-05,7.536657309258806e-05,8.12469427508636e-05
20,63,model3_dynamic_q,0.056287198859073594,0.00015441226222439236,0.00015441226222439236,0.00014424206334394916
20,64,model1_fixed_q,0.04570588731024207,7.965889359875383e-05,6.96319507941616e-05,7.965889359875383e-05
20,64,model3_dynamic_q,0.05621148265038671,0.0001515449558871934,0.0001515449558871934,0.00014503604123377228
20,65,model1_fixed_q,0.04561612558943673,8.129935773222749e-05,7.464441012139621e-05,8.129935773222749e-05
20,65,model3_dynamic_q,0.05629954078970116,0.00014247212815160607,0.00013588273200237748,0.00014247212815160607
20,66,model1_fixed_q,0.045626752328800126,9.49586317909914e-05,9.495863179099138e-05,8.099735665549904e-05
20,66,model3_dynamic_q,0.05631225473231351,0.00013838487209735112,0.00012390762483391449,0.00013838487209735112
20,67,model1_fixed_q,0.045675526756211705,8.585654394004676e-05,8.585654394004676e-05,8.330119846558951e-05
20,67,model3_dynamic_q,0.05633422651187479,0.00013628872015001198,0.00011065027305394127,0.00013628872015001198
20,68,model1_fixed_q,0.04564262341207031,8.045215229076852e-05,7.620743343079716e-05,8.045215229076852e-05
20,68,model3_dynamic_q,0.05631081106601007,0.00013796994637495322,0.00013468956075501885,0.00013796994637495322
20,69,model1_fixed_q,0.04565211510910876,7.862466290397174e-05,6.14228611019372e-05,7.862466290397174e-05
20,69,model3_dynamic_q,0.05619741106955553,0.00013690521248282148,0.0001312005121592696,0.00013690521248282148
20,70,model1_fixed_q,0.04569715209971923,7.79671547739275e-05,7.756953144416494e-05,7.79671547739275e-05
20,70,model3_dynamic_q,0.05625108644171344,0.000140561454626371,0.000140561454626371,0.00013730283984527544
20,71,model1_fixed_q,0.04562594599737207,7.683790467456224e-05,5.685450083902298e-05,7.683790467456224e-05
20,71,model3_dynamic_q,0.056165553978935655,0.00015217157079375963,0.00015217157079375963,0.00014081568048425586
20,72,model1_fixed_q,0.04547856826371057,7.351928900075457e-05,6.467364378733492e-05,7.351928900075457e-05
20,72,model3_dynamic_q,0.05647462871230117,0.0001619623192401763,0.0001619623192401763,0.0001483995062860877
20,73,model1_fixed_q,0.04551346173682779,7.727479472301163e-05,7.041309221430132e-05,7.727479472301163e-05
20,73,model3_dynamic_q,0.056357895207579944,0.00017877767021981012,0.00017877767021981015,0.0001465108891244681
20,74,model1_fixed_q,0.04560600148254194,7.712300882792037e-05,7.011323402823783e-05,7.712300882792037e-05
20,74,model3_dynamic_q,0.056389889652640496,0.00016481788931333984,0.00016481788931333984,0.00014688013822366442
20,75,model1_fixed_q,0.045653736878368614,8.066991493336835e-05,7.552524621472487e-05,8.066991493336835e-05
20,75,model3_dynamic_q,0.05637895406974303,0.0001457068864128194,0.00013803696233746825,0.0001457068864128194
20,76,model1_fixed_q,0.04563973146711831,7.842788360567933e-05,6.939904342983002e-05,7.842788360567933e-05
20,76,model3_dynamic_q,0.05650649647456715,0.0001439855437772585,0.0001439855437772585,0.00013896320034251225
20,77,model1_fixed_q,0.04564890554343198,8.162400530332765e-05,7.627182479959596e-05,8.162400530332765e-05
20,77,model3_dynamic_q,0.05641505846250302,0.00015488625459980702,0.00015488625459980702,0.00014544261285142252
20,78,model1_fixed_q,0.04559648540013762,8.020343861891456e-05,7.690360752216471e-05,8.020343861891456e-05
20,78,model3_dynamic_q,0.05638969572087215,0.000165031415856936,0.000165031415856936,0.00014527138414102675
20,79,model1_fixed_q,0.04564356657981282,7.776330903683485e-05,6.491312947558509e-05,7.776330903683485e-05
20,79,model3_dynamic_q,0.05625176916151278,0.00015910332033914238,0.00015910332033914238,0.00014392048675998843
20,80,model1_fixed_q,0.04570892462642573,8.461702070039435e-05,8.461702070039434e-05,7.765024230396073e-05
20,80,model3_dynamic_q,0.05618625327257682,0.0001488531196411135,0.00014885311964111348,0.00013851447861396105
20,81,model1_fixed_q,0.04561939492879508,7.498532802037479e-05,7.498532802037479e-05,7.489593378405665e-05
20,81,model3_dynamic_q,0.05622377938208138,0.00014149828595552078,0.00013866651542907373,0.00014149828595552078
20,82,model1_fixed_q,0.04568748401896893,7.795136940743188e-05,7.795136940743188e-05,7.684602661721199e-05
20,82,model3_dynamic_q,0.056224281485963784,0.00014292605722614614,0.00014292605722614614,0.0001399828439383007
20,83,model1_fixed_q,0.04567988539272842,7.976653399628622e-05,6.464241815717251e-05,7.976653399628622e-05
20,83,model3_dynamic_q,0.05627528226464371,0.00015190863198094012,0.00015190863198094012,0.00014449308565610744
20,84,model1_fixed_q,0.04568916168734882,8.041730439181721e-05,7.450140594781247e-05,8.041730439181721e-05
20,84,model3_dynamic_q,0.05639270413235553,0.00016897291492151884,0.00016897291492151884,0.00014411807302989774
20,85,model1_fixed_q,0.045755249931896086,9.460042753641166e-05,9.460042753641168e-05,7.679929255069692e-05
20,85,model3_dynamic_q,0.05637222806386955,0.00015689673521011413,0.00015689673521011413,0.00015085382652074684
20,86,model1_fixed_q,0.04586493251903859,8.30138297881117e-05,8.30138297881117e-05,7.517354621014627e-05
20,86,model3_dynamic_q,0.05637471557726935,0.00014573622400343759,0.00013529327386660272,0.00014573622400343759
20,87,model1_fixed_q,0.04569349311114891,7.342543442361843e-05,7.249527195592142e-05,7.342543442361843e-05
20,87,model3_dynamic_q,0.05631773494536621,0.00016002781688324752,0.00016002781688324752,0.0001410585242874859
20,88,model1_fixed_q,0.045621075352629194,8.4617782519044e-05,8.4617782519044e-05,7.989999829825754e-05
20,88,model3_dynamic_q,0.056340497687329544,0.00014228130383114618,0.00013641159063172887,0.00014228130383114618
20,89,model1_fixed_q,0.04578068697892541,9.280347681595713e-05,9.280347681595712e-05,7.625257046633637e-05
20,89,model3_dynamic_q,0.05643310476085664,0.00014585064535384143,0.00014421223012670497,0.00014585064535384143
20,90,model1_fixed_q,0.045837594440359036,9.78367049012297e-05,9.78367049012297e-05,7.941193596153725e-05
20,90,model3_dynamic_q,0.05638920558681077,0.00014185445385113876,0.00012942942686079925,0.00014185445385113876
20,91,model1_fixed_q,0.04583589487143809,9.334343338487182e-05,9.33434333848718e-05,8.165515302399554e-05
20,91,model3_dynamic_q,0.056350054468404916,0.00016892427049462627,0.00016892427049462625,0.000145277093048843
20,92,model1_fixed_q,0.04578037922645338,9.494055885196932e-05,9.494055885196932e-05,7.977398252393692e-05
20,92,model3_dynamic_q,0.056440123796813034,0.00018769184130721484,0.00018769184130721487,0.00014773983623911246
20,93,model1_fixed_q,0.04568339465570236,8.171571569413637e-05,7.186784976591662e-05,8.171571569413637e-05
20,93,model3_dynamic_q,0.05647189698201487,0.00019031387344119131,0.00019031387344119131,0.00014618204277300036
20,94,model1_fixed_q,0.0457185590920559,7.732172195032992e-05,7.290260712797048e-05,7.732172195032992e-05
20,94,model3_dynamic_q,0.0563115870813027,0.00015008127251153763,0.00014668092596473864,0.00015008127251153763
20,95,model1_fixed_q,0.0458405551597405,7.66925845589377e-05,7.111543445429928e-05,7.66925845589377e-05
20,95,model3_dynamic_q,0.05621394009641845,0.00013932130350081994,0.00012921958441966208,0.00013932130350081994
20,96,model1_fixed_q,0.04585697893722402,7.747764187961621e-05,7.361203230438113e-05,7.747764187961621e-05
20,96,model3_dynamic_q,0.05632879157370749,0.00013711367632042367,0.00013356767801435036,0.00013711367632042367
20,97,model1_fixed_q,0.04572102473118913,7.775210974353629e-05,7.775210974353629e-05,7.761576163339315e-05
20,97,model3_dynamic_q,0.05627653688194225,0.00013557962683404846,0.00013550590050057034,0.00013557962683404846
20,98,model1_fixed_q,0.045629983867563416,8.283787323498292e-05,8.283787323498292e-05,7.867427734118893e-05
20,98,model3_dynamic_q,0.05631998955411667,0.0001390595128207164,0.00013905951282071642,0.00013449370051557666
20,99,model1_fixed_q,0.04581075808612658,8.485736447361647e-05,8.485736447361645e-05,7.818414021800529e-05
20,99,model3_dynamic_q,0.05634815921086525,0.00016363265404483205,0.00016363265404483205,0.00013622221291846094
20,100,model1_fixed_q,0.045723886627708814,9.443481042547468e-05,9.443481042547469e-05,7.865604574913327e-05
20,100,model3_dynamic_q,0.0563613596046959,0.00013742163500248789,0.00013189131165194804,0.00013742163500248789
20,101,model1_fixed_q,0.04571349626716424,8.220006985019714e-05,7.255814080951886e-05,8.220006985019714e-05
20,101,model3_dynamic_q,0.0562010914830127,0.00014370036124109912,0.00011951653677910845,0.00014370036124109912
20,102,model1_fixed_q,0.04566247721444778,8.068426893931232e-05,5.7618638902299904e-05,8.068426893931232e-05
20,102,model3_dynamic_q,0.056231108803481436,0.00014578489445219857,0.00014578489445219857,0.00014377462697188852
20,103,model1_fixed_q,0.045511367816856226,8.909067714646512e-05,8.909067714646512e-05,7.990346855303708e-05
20,103,model3_dynamic_q,0.05646413730508642,0.0001838706251490169,0.00018387062514901693,0.00014314148373223448
20,104,model1_fixed_q,0.04553051813948858,8.14095537111528e-05,7.496195136378041e-05,8.14095537111528e-05
20,104,model3_dynamic_q,0.05644271325095782,0.0001763366512611072,0.0001763366512611072,0.00014274611958531763
20,105,model1_fixed_q,0.045557184986638646,7.623942465375269e-05,7.497841252027324e-05,7.623942465375269e-05
20,105,model3_dynamic_q,0.05621304860406516,0.00017244914556662362,0.00017244914556662362,0.0001385397192460124
20,106,model1_fixed_q,0.04562089015477526,7.84120876439353e-05,7.84120876439353e-05,7.810631076791554e-05
20,106,model3_dynamic_q,0.05624109505395823,0.0001505298152615205,0.00015052981526152048,0.0001388200997735166
20,107,model1_fixed_q,0.04565272238271038,8.456753794563971e-05,8.456753794563971e-05,8.145604683296837e-05
20,107,model3_dynamic_q,0.05613919172535508,0.00015671437231820786,0.00015671437231820786,0.0001422481713988355
20,108,model1_fixed_q,0.0456672189935164,8.076310783095942e-05,7.158144073862437e-05,8.076310783095942e-05
20,108,model3_dynamic_q,0.05630777715752876,0.00014641369160570562,0.00014641369160570562,0.0001401338538769264
20,109,model1_fixed_q,0.04574337533660199,7.67023734946596e-05,7.072006283637314e-05,7.67023734946596e-05
20,109,model3_dynamic_q,0.0562382138245153,0.000137960046060868,0.00013563587076778104,0.000137960046060868
20,110,model1_fixed_q,0.04563265902896077,8.7725961871735e-05,8.7725961871735e-05,7.555354265271181e-05
20,110,model3_dynamic_q,0.05626680274984549,0.00014075559088063089,0.00011764911836429867,0.00014075559088063089
20,111,model1_fixed_q,0.04568678032821678,8.513462646006425e-05,8.513462646006423e-05,7.729593052514148e-05
20,111,model3_dynamic_q,0.05636963607462299,0.00014773883104363006,0.00010146652520649722,0.00014773883104363006
20,112,model1_fixed_q,0.04579036798033958,8.009648207439025e-05,7.310396335900124e-05,8.009648207439025e-05
20,112,model3_dynamic_q,0.056366655099329324,0.00014387251503822208,0.0001273609040875147,0.00014387251503822208
20,113,model1_fixed_q,0.04572717991241406,8.043633045698129e-05,7.208642226009595e-05,8.043633045698129e-05
20,113,model3_dynamic_q,0.056403504648300226,0.0001458488750333216,0.00014002259200173776,0.0001458488750333216
20,114,model1_fixed_q,0.04562326276035564,7.898087573823591e-05,7.40323567088744e-05,7.898087573823591e-05
20,114,model3_dynamic_q,0.05630926141271573,0.00014693912695623674,0.00014693912695623674,0.00014416829158620548
20,115,model1_fixed_q,0.045779065492827155,8.532789643582222e-05,8.532789643582222e-05,8.280111226286896e-05
20,115,model3_dynamic_q,0.05646682186985499,0.00015369176364989073,0.00015369176364989073,0.00014069409584952105
20,116,model1_fixed_q,0.04566115650657628,8.071798930966057e-05,6.004923112299158e-05,8.071798930966057e-05
20,116,model3_dynamic_q,0.05632699453890384,0.00014215480098871242,0.0001349083588413836,0.00014215480098871242
20,117,model1_fixed_q,0.045777079681364824,7.877291911102164e-05,7.790830438004954e-05,7.877291911102164e-05
20,117,model3_dynamic_q,0.056318727448130226,0.00013912666775724205,0.00013014687745604395,0.00013912666775724205
20,118,model1_fixed_q,0.04569711273341355,8.048805344767667e-05,7.180945560855718e-05,8.048805344767667e-05
20,118,model3_dynamic_q,0.056343605547292536,0.00014815653436058278,0.00014815653436058278,0.0001413150785912551
20,119,model1_fixed_q,0.04571395079252724,7.88185184091072e-05,7.044348845291858e-05,7.88185184091072e-05
20,119,model3_dynamic_q,0.056357906651052773,0.00015725367069755104,0.00015725367069755104,0.00014438386055252688
20,120,model1_fixed_q,0.04565748410061078,7.814561652020634e-05,7.814561652020634e-05,7.556103356085665e-05
20,120,model3_dynamic_q,0.05628429089045815,0.0001654670015557281,0.0001654670015557281,0.0001416052943511533
20,121,model1_fixed_q,0.04566780001325505,7.685021335111578e-05,7.504449398549431e-05,7.685021335111578e-05
20,121,model3_dynamic_q,0.05648070172913755,0.0001669278407533754,0.0001669278407533754,0.00014566058504635173
20,122,model1_fixed_q,0.04567306572345251,7.894016010506789e-05,7.190871231192887e-05,7.894016010506789e-05
20,122,model3_dynamic_q,0.05650249475869173,0.00014812749261901558,0.00014259264206061844,0.00014812749261901558
20,123,model1_fixed_q,0.045596804308050534,7.81273493216693e-05,7.340080650721021e-05,7.81273493216693e-05
20,123,model3_dynamic_q,0.056271314925688404,0.0001575134340706808,0.0001575134340706808,0.0001422881974488508
20,124,model1_fixed_q,0.04574159344703218,8.22384943342523e-05,7.99586480630567e-05,8.22384943342523e-05
20,124,model3_dynamic_q,0.056359201939322985,0.00017833624125221766,0.00017833624125221766,0.0001439261943929746
20,125,model1_fixed_q,0.045774548031439787,9.211188807551445e-05,9.211188807551445e-05,7.725415755190806e-05
20,125,model3_dynamic_q,0.05636287339354893,0.00014565963776128312,0.00014565963776128312,0.0001440807029504981
20,126,model1_fixed_q,0.045798610686355164,7.983905093253618e-05,7.504293379266375e-05,7.983905093253618e-05
20,126,model3_dynamic_q,0.05638793749603282,0.00015130102236119748,0.00015130102236119748,0.00014255419275992153
20,127,model1_fixed_q,0.04575427457132622,8.144532898085286e-05,7.820302526323237e-05,8.144532898085286e-05
20,127,model3_dynamic_q,0.0562831743462096,0.00014518353024012653,0.00014518353024012653,0.0001451027144039507
20,128,model1_fixed_q,0.04575255947119165,8.027464420707563e-05,6.182551948023658e-05,8.027464420707563e-05
20,128,model3_dynamic_q,0.05637782533170223,0.0001625464250635264,0.0001625464250635264,0.00014230846431289868
20,129,model1_fixed_q,0.045722295638040644,8.464508915138931e-05,8.464508915138931e-05,7.825293357296795e-05
20,129,model3_dynamic_q,0.05642626696491463,0.00016175046363588755,0.00016175046363588752,0.00014395726202144437
20,130,model1_fixed_q,0.04574618598353818,8.160165958920569e-05,8.160165958920569e-05,7.498332006883843e-05
20,130,model3_dynamic_q,0.056447518652536006,0.00014473782592732762,0.00014473782592732765,0.00014025491388355531
20,131,model1_fixed_q,0.04569988156770286,9.608141999014974e-05,9.608141999014974e-05,7.80703450867002e-05
20,131,model3_dynamic_q,0.05636009446646517,0.00014677062376902255,0.00014517228454301805,0.00014677062376902255
20,132,model1_fixed_q,0.04570451264919366,9.956196969416958e-05,9.956196969416958e-05,7.755487352816526e-05
20,132,model3_dynamic_q,0.056202104904836146,0.00014559648830989426,0.00014559648830989426,0.0001419296003864378
20,133,model1_fixed_q,0.04577411089092368,8.250227030871838e-05,7.776696249479238e-05,8.250227030871838e-05
20,133,model3_dynamic_q,0.056461532429877434,0.00014250165131501048,0.00013451144302843073,0.00014250165131501048
20,134,model1_fixed_q,0.04573035985966707,8.194894349159798e-05,8.194894349159798e-05,8.174804601173418e-05
20,134,model3_dynamic_q,0.056517545577462566,0.00014634441503322387,0.0001416983863782343,0.00014634441503322387
20,135,model1_fixed_q,0.04578464591281287,8.29222205637342e-05,8.031280922099448e-05,8.29222205637342e-05
20,135,model3_dynamic_q,0.05654727916581365,0.0001557314808568614,0.0001557314808568614,0.0001509451003634058
20,136,model1_fixed_q,0.04577276608336479,7.93944795504443e-05,7.93944795504443e-05,7.727859317957528e-05
20,136,model3_dynamic_q,0.056541906065221935,0.0001502209930172174,0.00015022099301721737,0.00014416208497932594
20,137,model1_fixed_q,0.04583068051924202,7.893911998938355e-05,7.022529710652885e-05,7.893911998938355e-05
20,137,model3_dynamic_q,0.056625346086524156,0.0001654293387467057,0.0001654293387467057,0.0001428843174914988
20,138,model1_fixed_q,0.04581137550348354,7.832373957543899e-05,6.78777963489121e-05,7.832373957543899e-05
20,138,model3_dynamic_q,0.056625870241618366,0.00018609170664305193,0.00018609170664305193,0.00014182222817774422
20,139,model1_fixed_q,0.045773283190917696,7.85579608517529e-05,6.684597190598004e-05,7.85579608517529e-05
20,139,model3_dynamic_q,0.05663687041295055,0.0001757077425069879,0.0001757077425069879,0.00014255944585505635
20,140,model1_fixed_q,0.045755487786039335,8.918857290085359e-05,8.918857290085359e-05,7.85318249783585e-05
20,140,model3_dynamic_q,0.056453526342628894,0.00018362898648953337,0.00018362898648953337,0.00014424253762176294
20,141,model1_fixed_q,0.04565179803772833,8.011352649931723e-05,7.374186084702887e-05,8.011352649931723e-05
20,141,model3_dynamic_q,0.05645544757071517,0.0001548438451768804,0.0001548438451768804,0.00014729483840224218
20,142,model1_fixed_q,0.04566077023179857,8.340558273944381e-05,8.34055827394438e-05,8.168736543032724e-05
20,142,model3_dynamic_q,0.05642552496701454,0.0001436858214015019,0.00013572132895419114,0.0001436858214015019
20,143,model1_fixed_q,0.04571064693985265,8.268290915160734e-05,6.741855686473574e-05,8.268290915160734e-05
20,143,model3_dynamic_q,0.05655944890534356,0.00013809275018454516,0.0001324183729522207,0.00013809275018454516
20,144,model1_fixed_q,0.04584412547446816,8.310923316833644e-05,8.015269410472243e-05,8.310923316833644e-05
20,144,model3_dynamic_q,0.05656831497749131,0.00014108879137314075,0.00014108879137314075,0.00013793824644295761
20,145,model1_fixed_q,0.045837386218899254,8.18564218295072e-05,8.18564218295072e-05,8.065867207245522e-05
20,145,model3_dynamic_q,0.056562828953561774,0.00016433174789879144,0.00016433174789879144,0.00014031541446126922
20,146,model1_fixed_q,0.045728610952979594,8.14407401560732e-05,5.971778839709113e-05,8.14407401560732e-05
20,146,model3_dynamic_q,0.05646347094599554,0.00014416260913513765,0.00014416260913513768,0.00014189591454515183
20,147,model1_fixed_q,0.04585091267827316,7.838035174456112e-05,6.906212726060373e-05,7.838035174456112e-05
20,147,model3_dynamic_q,0.056324380423667234,0.0001382059588725289,0.00013526725879094923,0.0001382059588725289
20,148,model1_fixed_q,0.04575991190851921,7.890888545376956e-05,7.74334749720304e-05,7.890888545376956e-05
20,148,model3_dynamic_q,0.056414591559524635,0.00014196548121556325,0.00013470541417007868,0.00014196548121556325
20,149,model1_fixed_q,0.045757082194443965,9.077113208386689e-05,9.077113208386689e-05,7.951139064350117e-05
20,149,model3_dynamic_q,0.05628736821100685,0.0001548703781375304,0.0001548703781375304,0.00013890177972159646
20,150,model1_fixed_q,0.045724105907585355,7.783595218640225e-05,6.372705215669218e-05,7.783595218640225e-05
20,150,model3_dynamic_q,0.056331560856461856,0.0001518330320997022,0.0001518330320997022,0.00013986286168129499
20,151,model1_fixed_q,0.04580799256087716,7.974532337093955e-05,7.974532337093955e-05,7.931433879505496e-05
20,151,model3_dynamic_q,0.056426603763019764,0.00014683401442881785,0.00013466889971312082,0.00014683401442881785
20,152,model1_fixed_q,0.045815566901052665,8.343927380833569e-05,8.343927380833569e-05,7.823572409134641e-05
20,152,model3_dynamic_q,0.056359654559397766,0.00013959272212713057,0.00012426491277583852,0.00013959272212713057
20,153,model1_fixed_q,0.04567951748035818,9.302277193953319e-05,9.302277193953317e-05,7.79430835937097e-05
20,153,model3_dynamic_q,0.056339216025084224,0.00014139039935338635,0.00014139039935338635,0.00014022222596700372
20,154,model1_fixed_q,0.04581266415425449,7.994619846202543e-05,7.620115631373032e-05,7.994619846202543e-05
20,154,model3_dynamic_q,0.056316449861740496,0.00014755938318592086,0.00014755938318592086,0.0001383884498373518
20,155,model1_fixed_q,0.045825911837729376,8.396919046152811e-05,8.063777320632412e-05,8.396919046152811e-05
20,155,model3_dynamic_q,0.05636198179403647,0.00014037169159433486,0.0001316798863476508,0.00014037169159433486
20,156,model1_fixed_q,0.04565980483423193,7.907002940009256e-05,6.625568286466265e-05,7.907002940009256e-05
20,156,model3_dynamic_q,0.05635152497452771,0.00014487522090451136,0.00013845759587216339,0.00014487522090451136
20,157,model1_fixed_q,0.04571494045627457,8.272076278672326e-05,8.272076278672326e-05,7.899995415096674e-05
20,157,model3_dynamic_q,0.05643968120452328,0.00015126078830663306,0.00011330979756787386,0.00015126078830663306
20,158,model1_fixed_q,0.045746260686246557,8.029390660611528e-05,8.029390660611528e-05,8.000174377828996e-05
20,158,model3_dynamic_q,0.056317905263510055,0.00014407314956669948,0.00012258759401369252,0.00014407314956669948
20,159,model1_fixed_q,0.04573611334054494,7.713703863399827e-05,7.660370602034832e-05,7.713703863399827e-05
20,159,model3_dynamic_q,0.05640974960618434,0.00013944895721100886,0.00013745091315524603,0.00013944895721100886
20,160,model1_fixed_q,0.0456940494573943,8.987248585522775e-05,8.987248585522774e-05,7.783648397205196e-05
20,160,model3_dynamic_q,0.05654222751317792,0.00013799555589924932,0.00011842645416987703,0.00013799555589924932
20,161,model1_fixed_q,0.045730924227635854,9.028076588226326e-05,9.028076588226326e-05,7.769137125810272e-05
20,161,model3_dynamic_q,0.05642962021828306,0.00014405107210045334,0.00013948536571518468,0.00014405107210045334
20,162,model1_fixed_q,0.04567613534130075,8.317951824872227e-05,8.317951824872227e-05,7.732344280155252e-05
20,162,model3_dynamic_q,0.056542984705475335,0.00014725123694492867,0.0001430624025884356,0.00014725123694492867
20,163,model1_fixed_q,0.0458385950519816,8.766952102484126e-05,8.766952102484125e-05,7.782496375572576e-05
20,163,model3_dynamic_q,0.056698469349345436,0.00016726524546699053,0.00016726524546699053,0.00014493658845289906
20,164,model1_fixed_q,0.045853574115818675,8.330927494173927e-05,8.330927494173927e-05,8.209388690550822e-05
20,164,model3_dynamic_q,0.05672175984755887,0.00016988986559213033,0.0001698898655921303,0.00014460432182018224
20,165,model1_fixed_q,0.04565711368404672,9.054802645757951e-05,9.05480264575795e-05,7.701215235783808e-05
20,165,model3_dynamic_q,0.056514839736378074,0.00015466219152559846,0.00015466219152559849,0.00014056101971558668
20,166,model1_fixed_q,0.04563550845827601,7.831082005305835e-05,7.831082005305835e-05,7.824382362763344e-05
20,166,model3_dynamic_q,0.0565280612230166,0.0001541967051395538,0.00015419670513955382,0.00013974323097644308
20,167,model1_fixed_q,0.04568792810254692,8.142514726261528e-05,7.441179594878964e-05,8.142514726261528e-05
20,167,model3_dynamic_q,0.056549128585668455,0.00016118027768786342,0.00016118027768786342,0.00014313343726481958
20,168,model1_fixed_q,0.04570111839685189,8.638299630806384e-05,8.638299630806384e-05,7.847005238110504e-05
20,168,model3_dynamic_q,0.05645714158651348,0.00014551041849461302,0.00011747924539198424,0.00014551041849461302
20,169,model1_fixed_q,0.04580135205609318,7.746173315421934e-05,7.082569736162477e-05,7.746173315421934e-05
20,169,model3_dynamic_q,0.05637613088070573,0.00015021900003907784,0.00015021900003907784,0.00014685233710373397
20,170,model1_fixed_q,0.045774972548421715,7.730857330224079e-05,7.359549282474988e-05,7.730857330224079e-05
20,170,model3_dynamic_q,0.056248069286876784,0.00013906317534687995,0.00013629489281223237,0.00013906317534687995
20,171,model1_fixed_q,0.045668294364627014,9.623411259742786e-05,9.623411259742784e-05,7.540760260317982e-05
20,171,model3_dynamic_q,0.056168355873382335,0.00014755653037104487,0.00012633473012657183,0.00014755653037104487
20,172,model1_fixed_q,0.04589593651428772,7.622487032623046e-05,7.55212443281387e-05,7.622487032623046e-05
20,172,model3_dynamic_q,0.05629009190617195,0.00014610723349305402,0.00012848419796409097,0.00014610723349305402
20,173,model1_fixed_q,0.04583324274790388,8.491304611438074e-05,8.491304611438074e-05,7.769943012068556e-05
20,173,model3_dynamic_q,0.05637837634294791,0.00014485707861466979,0.0001382658847219395,0.00014485707861466979
20,174,model1_fixed_q,0.04585031889605429,9.123341300153855e-05,9.123341300153855e-05,7.780765546053789e-05
20,174,model3_dynamic_q,0.05634580039996669,0.0001445285407823852,0.0001429076104439272,0.0001445285407823852
20,175,model1_fixed_q,0.04594511307438208,7.966361398867816e-05,5.626897263030551e-05,7.966361398867816e-05
20,175,model3_dynamic_q,0.0563788821045154,0.00014454960533198164,0.00012653035364472648,0.00014454960533198164
20,176,model1_fixed_q,0.04573424622801661,7.791914325089784e-05,6.891788255948652e-05,7.791914325089784e-05
20,176,model3_dynamic_q,0.05638837304901489,0.00015167068509955553,0.00013330901022757976,0.00015167068509955553
20,177,model1_fixed_q,0.04561395427005905,8.951848392862741e-05,8.951848392862743e-05,7.864104199832742e-05
20,177,model3_dynamic_q,0.05626513654456167,0.00015152315395576812,0.00015152315395576812,0.00014803794384370434
20,178,model1_fixed_q,0.04570799563395858,9.450209599112176e-05,9.450209599112177e-05,7.763166660491446e-05
20,178,model3_dynamic_q,0.056289217321584234,0.00014063005778326622,0.0001370447447857696,0.00014063005778326622
20,179,model1_fixed_q,0.045719814030735675,8.30746279978893e-05,8.30746279978893e-05,7.764675223432096e-05
20,179,model3_dynamic_q,0.0563021414698959,0.00014182202277048466,0.00013922190596292228,0.00014182202277048466
20,180,model1_fixed_q,0.04583064994302485,8.022814570282053e-05,7.503505647447095e-05,8.022814570282053e-05
20,180,model3_dynamic_q,0.05637609031148131,0.00018743020546076826,0.00018743020546076826,0.00013598922074884153
20,181,model1_fixed_q,0.045786660026208806,8.07565283389932e-05,7.055468539784551e-05,8.07565283389932e-05
20,181,model3_dynamic_q,0.056429044623185175,0.00014547717539043381,0.0001454771753904338,0.00013885201049644106
20,182,model1_fixed_q,0.04584672492717406,8.066023709625027e-05,6.789610999369108e-05,8.066023709625027e-05
20,182,model3_dynamic_q,0.05636370991553499,0.0001373739826681771,0.0001360379051202189,0.0001373739826681771
20,183,model1_fixed_q,0.045766358095376804,8.254859847568742e-05,7.246309378006203e-05,8.254859847568742e-05
20,183,model3_dynamic_q,0.05636863259741427,0.00013622768051659224,0.00013517509485821684,0.00013622768051659224
20,184,model1_fixed_q,0.04580432393773301,7.904149637794754e-05,6.810295627939923e-05,7.904149637794754e-05
20,184,model3_dynamic_q,0.056269326108593185,0.0001406448503881009,0.00012526640377167142,0.0001406448503881009
20,185,model1_fixed_q,0.04573082910319784,8.102997825699323e-05,6.824895397788398e-05,8.102997825699323e-05
20,185,model3_dynamic_q,0.05632415707264193,0.00014035600181119153,0.00013451314911958886,0.00014035600181119153
20,186,model1_fixed_q,0.04572739895981689,7.639087406678356e-05,5.8047842895469e-05,7.639087406678356e-05
20,186,model3_dynamic_q,0.056453610985347194,0.00013761520652546996,0.00013761520652546996,0.00013560354254346185
20,187,model1_fixed_q,0.04568809256563703,8.356669337984817e-05,7.550533440489585e-05,8.356669337984817e-05
20,187,model3_dynamic_q,0.05632776365515195,0.00013693106706293913,0.00011862816877783318,0.00013693106706293913
20,188,model1_fixed_q,0.04559874256912779,8.20550105210306e-05,8.20550105210306e-05,7.991450837115335e-05
20,188,model3_dynamic_q,0.056345067682654765,0.00014807433049310426,0.00014807433049310426,0.0001360943435897732
20,189,model1_fixed_q,0.045665522952420205,7.640139416320177e-05,7.381351164502151e-05,7.640139416320177e-05
20,189,model3_dynamic_q,0.056246696717637,0.00017340394169872164,0.00017340394169872164,0.00013962520839456082
20,190,model1_fixed_q,0.04584103378360226,8.137536939246104e-05,8.137536939246104e-05,8.00644123304471e-05
20,190,model3_dynamic_q,0.05628622932664926,0.00019086919332404867,0.00019086919332404867,0.0001401985894720289
20,191,model1_fixed_q,0.04577309703050558,8.30322562169165e-05,8.30322562169165e-05,7.89080727292503e-05
20,191,model3_dynamic_q,0.05659278085124956,0.00015951802010697244,0.00015951802010697244,0.00014089819198499648
20,192,model1_fixed_q,0.04587859979828203,7.812210312545346e-05,7.239698591529139e-05,7.812210312545346e-05
20,192,model3_dynamic_q,0.05654473813269727,0.0001593140731283745,0.0001593140731283745,0.00014271821154140235
20,193,model1_fixed_q,0.045663913158279446,8.583920333575535e-05,8.583920333575537e-05,7.94407237562819e-05
20,193,model3_dynamic_q,0.05658900954832965,0.00014303505385409102,0.00013323448878122486,0.00014303505385409102
20,194,model1_fixed_q,0.045714622041047114,7.724705551247495e-05,5.835290192763911e-05,7.724705551247495e-05
20,194,model3_dynamic_q,0.056387835653593316,0.000156243942123496,0.000156243942123496,0.00013901303519194523
20,195,model1_fixed_q,0.04568321884197681,7.650928285279092e-05,6.962574140335636e-05,7.650928285279092e-05
20,195,model3_dynamic_q,0.05652700929051675,0.00014244812717768355,0.00013559669780297196,0.00014244812717768355
20,196,model1_fixed_q,0.04569534172932943,8.462483316141503e-05,8.462483316141504e-05,7.663706853017672e-05
20,196,model3_dynamic_q,0.05652461252233376,0.00014412389328786383,0.0001255138173522635,0.00014412389328786383
20,197,model1_fixed_q,0.045663985462881924,8.15002405205363e-05,8.15002405205363e-05,7.516955068997017e-05
20,197,model3_dynamic_q,0.05646919758870975,0.00014795074346200262,0.0001170368880645867,0.00014795074346200262
20,198,model1_fixed_q,0.045704571805107966,8.293473535454215e-05,8.293473535454215e-05,7.897103577509339e-05
20,198,model3_dynamic_q,0.05644026597920975,0.00014446964347977767,0.00013342455193226082,0.00014446964347977767
20,199,model1_fixed_q,0.04581981999285339,8.046845253243603e-05,6.176767935602655e-05,8.046845253243603e-05
20,199,model3_dynamic_q,0.0563710720975433,0.00014191633747619409,0.00014191633747619409,0.00014168465396491954
20,200,model1_fixed_q,0.045694728005228134,8.143381365911681e-05,7.564509626887163e-05,8.143381365911681e-05
20,200,model3_dynamic_q,0.056461922395158314,0.0001471740379816445,0.00013231301902728244,0.0001471740379816445
20,201,model1_fixed_q,0.04570422762562655,7.839734410076772e-05,7.258339196036524e-05,7.839734410076772e-05
20,201,model3_dynamic_q,0.056482566443592126,0.00015284929711264066,0.00015284929711264066,0.00015039483814188794
20,202,model1_fixed_q,0.045775983377939373,7.870638530443601e-05,6.790084516230464e-05,7.870638530443601e-05
20,202,model3_dynamic_q,0.05651750032390272,0.00014659361578892117,0.0001447524781819062,0.00014659361578892117
20,203,model1_fixed_q,0.045792289927917534,7.866642476303052e-05,6.956566385158082e-05,7.866642476303052e-05
20,203,model3_dynamic_q,0.056405838430167,0.000152841373789295,0.000152841373789295,0.00014384454283341175
20,204,model1_fixed_q,0.04569265342074371,8.017746245235507e-05,7.377998337013467e-05,8.017746245235507e-05
20,204,model3_dynamic_q,0.05647075744827566,0.00014502407152324975,0.0001432438065124215,0.00014502407152324975
20,205,model1_fixed_q,0.04561426401397411,7.888316372913733e-05,6.654588810907648e-05,7.888316372913733e-05
20,205,model3_dynamic_q,0.0565927345295416,0.0001616730350174568,0.0001616730350174568,0.0001425396114764904
20,206,model1_fixed_q,0.045729191477299244,7.825071195249932e-05,6.1035424886293e-05,7.825071195249932e-05
20,206,model3_dynamic_q,0.05649027679511021,0.0001409920441789953,0.0001409920441789953,0.00013934283026537073
20,207,model1_fixed_q,0.04562507695065266,9.005414508380042e-05,9.005414508380043e-05,7.770355635902032e-05
20,207,model3_dynamic_q,0.056542949626683346,0.00017010743792593986,0.00017010743792593983,0.0001450490022211852
20,208,model1_fixed_q,0.04572241968000786,7.472668590298249e-05,7.36466827535544e-05,7.472668590298249e-05
20,208,model3_dynamic_q,0.05654353659005178,0.0001505619644738516,0.0001453612723922062,0.0001505619644738516
20,209,model1_fixed_q,0.04570271562198529,8.127640664344532e-05,8.127640664344532e-05,7.739160946335116e-05
20,209,model3_dynamic_q,0.056671163971621134,0.000181418714491668,0.000181418714491668,0.0001487735174193216
20,210,model1_fixed_q,0.04575397784835535,9.216178740414041e-05,9.21617874041404e-05,7.836083657238058e-05
20,210,model3_dynamic_q,0.056676675733902365,0.00017272334462236976,0.00017272334462236976,0.00014533940899138584
20,211,model1_fixed_q,0.04579190233915737,7.939151234155097e-05,7.91230904770244e-05,7.939151234155097e-05
20,211,model3_dynamic_q,0.056652586864705645,0.00016154824687318373,0.00016154824687318373,0.00014210460209468297
20,212,model1_fixed_q,0.04573741040936471,7.81501790793046e-05,7.306827263092782e-05,7.81501790793046e-05
20,212,model3_dynamic_q,0.05659009134086707,0.00019550690793373714,0.0001955069079337371,0.00014283561117311189
20,213,model1_fixed_q,0.045701519630626256,7.883756468158379e-05,6.937593563864979e-05,7.883756468158379e-05
20,213,model3_dynamic_q,0.05636636904249099,0.0002177145730652691,0.0002177145730652691,0.0001464800973158984
20,214,model1_fixed_q,0.04574158837515905,8.005054450284149e-05,7.928977251983229e-05,8.005054450284149e-05
20,214,model3_dynamic_q,0.056295223992303356,0.00020951134238787942,0.00020951134238787942,0.00014284067734860888
20,215,model1_fixed_q,0.04580100412754486,8.274001444533802e-05,7.949510147975929e-05,8.274001444533802e-05
20,215,model3_dynamic_q,0.05635178260866585,0.0001716116126626791,0.0001716116126626791,0.00014373938320353408
20,216,model1_fixed_q,0.04582113993059454,8.360600760399945e-05,8.360600760399945e-05,7.95517377610346e-05
20,216,model3_dynamic_q,0.05663697658939361,0.00019246828261609467,0.00019246828261609467,0.00014549407307211149
20,217,model1_fixed_q,0.04567843365291282,8.131721670200155e-05,7.261251380568419e-05,8.131721670200155e-05
20,217,model3_dynamic_q,0.05663172610270065,0.00015384870017960475,0.00015384870017960475,0.00014628099688821628
20,218,model1_fixed_q,0.045709581228521465,8.037557908254192e-05,7.578127065537971e-05,8.037557908254192e-05
20,218,model3_dynamic_q,0.05659712291973484,0.00013776701735395715,0.0001375770127221662,0.00013776701735395715
20,219,model1_fixed_q,0.0456818168731981,8.792080415398194e-05,8.792080415398194e-05,7.8962034860483e-05
20,219,model3_dynamic_q,0.05646614455469663,0.00014223057138189313,0.0001422305713818931,0.00014018691326055533
20,220,model1_fixed_q,0.04585521889705601,0.00010261387237904104,0.00010261387237904105,8.325923133710325e-05
20,220,model3_dynamic_q,0.05652186442164961,0.00016382247080942011,0.00016382247080942011,0.0001384708968740292
20,221,model1_fixed_q,0.045798546566405814,8.346864131329955e-05,8.332574900630799e-05,8.346864131329955e-05
20,221,model3_dynamic_q,0.05640203375629455,0.00017350234790348227,0.00017350234790348227,0.00014327708258733061
20,222,model1_fixed_q,0.0457392869999745,7.634871163902858e-05,6.366199684870678e-05,7.634871163902858e-05
20,222,model3_dynamic_q,0.05645950870145379,0.00015013854967799596,0.00015013854967799596,0.00013831225340461486
20,223,model1_fixed_q,0.045629964214375755,7.819610224406114e-05,6.673917796912189e-05,7.819610224406114e-05
20,223,model3_dynamic_q,0.0565040697946533,0.00017714999887821003,0.00017714999887821003,0.00014459857709529
20,224,model1_fixed_q,0.04567951863075547,7.733236982399966e-05,6.790042451375057e-05,7.733236982399966e-05
20,224,model3_dynamic_q,0.05642634470856881,0.00014823326962188848,0.00014823326962188848,0.0001390721567818739
20,225,model1_fixed_q,0.045627353467172234,8.073458823476587e-05,8.073458823476587e-05,8.006113148327265e-05
20,225,model3_dynamic_q,0.05642241030095539,0.0001518185446884052,0.0001518185446884052,0.00013882736040485245
20,226,model1_fixed_q,0.04569608763626362,7.893516263659159e-05,7.054823502843957e-05,7.893516263659159e-05
20,226,model3_dynamic_q,0.056377023692095005,0.00013756262019421742,0.00012732899209200884,0.00013756262019421742
20,227,model1_fixed_q,0.04578592560550705,7.843194186881518e-05,6.899760996695304e-05,7.843194186881518e-05
20,227,model3_dynamic_q,0.05641273911492374,0.00013332855759475565,0.00012283906529855678,0.00013332855759475565
20,228,model1_fixed_q,0.0456299373115268,8.0680439443932e-05,7.743422172529985e-05,8.0680439443932e-05
20,228,model3_dynamic_q,0.056468495023768765,0.00015669409229832412,0.00015669409229832412,0.00014196762531507254
20,229,model1_fixed_q,0.04567552669938445,8.046753741052312e-05,7.753686807332498e-05,8.046753741052312e-05
20,229,model3_dynamic_q,0.05641809269979094,0.00016594850481417155,0.00016594850481417155,0.0001435247457599842
20,230,model1_fixed_q,0.0457727158206523,7.777107523079307e-05,7.725252161146852e-05,7.777107523079307e-05
20,230,model3_dynamic_q,0.056357362461058935,0.00014746066507136473,0.00013586829133373858,0.00014746066507136473
20,231,model1_fixed_q,0.04570391714541019,7.677440981807864e-05,6.435751290720413e-05,7.677440981807864e-05
20,231,model3_dynamic_q,0.05627048388528718,0.0001503114911125285,0.00011968296389874409,0.0001503114911125285
20,232,model1_fixed_q,0.04566177800877804,7.503170776481586e-05,7.503170776481588e-05,7.422247877607552e-05
20,232,model3_dynamic_q,0.05633097085226239,0.00014936206948086298,0.00011206627183422271,0.00014936206948086298
20,233,model1_fixed_q,0.04567202146707929,0.00010994058114775143,0.00010994058114775143,7.816205989087876e-05
20,233,model3_dynamic_q,0.05642777854570942,0.000160766908354958,0.000160766908354958,0.00014109667428276835
20,234,model1_fixed_q,0.04578007289656203,9.51031433185503e-05,9.51031433185503e-05,8.08503419262825e-05
20,234,model3_dynamic_q,0.056327715538697976,0.00018767508456827789,0.00018767508456827786,0.00013694413446161034
20,235,model1_fixed_q,0.04570719473507487,8.028789138418345e-05,7.357313926625294e-05,8.028789138418345e-05
20,235,model3_dynamic_q,0.05638425549803864,0.0001981325709212631,0.00019813257092126307,0.00013996975953924526
20,236,model1_fixed_q,0.04566059595164581,8.020117598790245e-05,7.058975998359877e-05,8.020117598790245e-05
20,236,model3_dynamic_q,0.05635065207796237,0.00016948344047066117,0.00016948344047066117,0.0001413142366712134
20,237,model1_fixed_q,0.04576998757524637,7.556694747382515e-05,7.217742358771431e-05,7.556694747382515e-05
20,237,model3_dynamic_q,0.056286384958178615,0.00015280448038701547,0.0001528044803870155,0.00014008266436231685
20,238,model1_fixed_q,0.045590557184283426,8.386347229920001e-05,8.386347229920001e-05,7.804232297932348e-05
20,238,model3_dynamic_q,0.05628845597741851,0.0001435380959064444,0.0001375234026727265,0.0001435380959064444
20,239,model1_fixed_q,0.04580456203577401,8.025777492729214e-05,8.025777492729214e-05,7.847498750430117e-05
20,239,model3_dynamic_q,0.05632975870024932,0.00015538349579773974,0.00015538349579773974,0.00014388394668569547
20,240,model1_fixed_q,0.04567526933369456,7.819960879033305e-05,7.61713265005144e-05,7.819960879033305e-05
20,240,model3_dynamic_q,0.05630457505505711,0.00015486275357459424,0.00015486275357459424,0.00014430598846058986
20,241,model1_fixed_q,0.04570364322960995,8.812208537585555e-05,8.812208537585555e-05,7.888459815746781e-05
20,241,model3_dynamic_q,0.05631211215814166,0.0001543586675280095,0.0001543586675280095,0.00014328797137625447
20,242,model1_fixed_q,0.04571853055714027,8.790866031940473e-05,8.790866031940475e-05,7.952726447681625e-05
20,242,model3_dynamic_q,0.05652489529211093,0.00017165560233233125,0.00017165560233233122,0.0001498903686687694
20,243,model1_fixed_q,0.04572052063911448,9.497570074630834e-05,9.497570074630836e-05,7.831009069271522e-05
20,243,model3_dynamic_q,0.05642556668322439,0.00016923280258815366,0.00016923280258815363,0.0001486116950019904
20,244,model1_fixed_q,0.04581927204750512,7.804702584782241e-05,6.304243666359055e-05,7.804702584782241e-05
20,244,model3_dynamic_q,0.0564401693060371,0.00017576386208000583,0.0001757638620800058,0.00014233491362785166
20,245,model1_fixed_q,0.0456943007548048,9.453999507742703e-05,9.453999507742702e-05,8.072779869609587e-05
20,245,model3_dynamic_q,0.05647289259603723,0.00018551759850778801,0.00018551759850778804,0.00014471910461837236
20,246,model1_fixed_q,0.04560663664704077,7.86965873449202e-05,7.86965873449202e-05,7.848760742926275e-05
20,246,model3_dynamic_q,0.05643944657010165,0.00019144327609794707,0.00019144327609794704,0.00014636795563025462
20,247,model1_fixed_q,0.04565436230201436,8.158229416029906e-05,8.158229416029906e-05,7.906917983239172e-05
20,247,model3_dynamic_q,0.0564732693578874,0.00019695799967934128,0.00019695799967934128,0.00014562971604770917
20,248,model1_fixed_q,0.045741800464902484,7.906865636083108e-05,7.751447034109588e-05,7.906865636083108e-05
20,248,model3_dynamic_q,0.0564862118374911,0.0001890448862468384,0.0001890448862468384,0.0001456479427839016
20,249,model1_fixed_q,0.045662584297350865,7.79181493227171e-05,7.79181493227171e-05,7.756543363441338e-05
20,249,model3_dynamic_q,0.0566106851838305,0.0001577519892196722,0.0001577519892196722,0.00013983549899598675
20,250,model1_fixed_q,0.045638928837246705,7.950084148652386e-05,7.950084148652386e-05,7.772084354790127e-05
20,250,model3_dynamic_q,0.05653096301586755,0.0001605943187610021,0.0001605943187610021,0.0001471764786083676
20,251,model1_fixed_q,0.04564378724353504,8.054633189658737e-05,8.027075606283356e-05,8.054633189658737e-05
20,251,model3_dynamic_q,0.05642302961181043,0.00018778106025830587,0.00018778106025830584,0.00014690364380514297
20,252,model1_fixed_q,0.04562211090943721,7.745142097297413e-05,6.851099730771458e-05,7.745142097297413e-05
20,252,model3_dynamic_q,0.056445784411998406,0.00016548290161205273,0.00016548290161205273,0.0001484593963191325
20,253,model1_fixed_q,0.04564203785622921,7.768814298505285e-05,7.107489317440926e-05,7.768814298505285e-05
20,253,model3_dynamic_q,0.05656324605128816,0.00017226418528859929,0.00017226418528859929,0.00014219943581511585
20,254,model1_fixed_q,0.04577861635018695,8.457371266095512e-05,8.457371266095512e-05,7.743592990393708e-05
20,254,model3_dynamic_q,0.05660235518575626,0.00016192303224198958,0.00016192303224198958,0.00014428571070765906
20,255,model1_fixed_q,0.04567617753245694,7.773498513148005e-05,6.46522495482249e-05,7.773498513148005e-05
20,255,model3_dynamic_q,0.056414460671671954,0.0001656646340008367,0.0001656646340008367,0.00014525791252355388
20,256,model1_fixed_q,0.0457595041475666,7.932248940025841e-05,7.532875829182193e-05,7.932248940025841e-05
20,256,model3_dynamic_q,0.056431732276903346,0.0001755034910857886,0.0001755034910857886,0.00014046173312574897
20,257,model1_fixed_q,0.045780254751605985,8.545652447102267e-05,8.545652447102267e-05,8.096828311745411e-05
20,257,model3_dynamic_q,0.05655440021947427,0.00017779713230967414,0.00017779713230967414,0.00014259820043888038
20,258,model1_fixed_q,0.045609143723186155,8.711627811410246e-05,8.711627811410248e-05,7.868428515100778e-05
20,258,model3_dynamic_q,0.056369034856173644,0.00016133722122317805,0.00016133722122317805,0.00013794008145788007
20,259,model1_fixed_q,0.045645672230893684,9.286925738964856e-05,9.286925738964854e-05,7.864328719740091e-05
20,259,model3_dynamic_q,0.05633864101430265,0.00016226963397353614,0.00016226963397353614,0.00013750896133466394
20,260,model1_fixed_q,0.04565836640710338,7.871284699637266e-05,7.861720131512043e-05,7.871284699637266e-05
20,260,model3_dynamic_q,0.056323318690797895,0.00014908822999049458,0.00014908822999049458,0.00014255282061487868
20,261,model1_fixed_q,0.04572637561068174,9.02711690036248e-05,9.02711690036248e-05,7.910691069536643e-05
20,261,model3_dynamic_q,0.05631925554571219,0.00014181349759149472,0.00013500345678597053,0.00014181349759149472
20,262,model1_fixed_q,0.04575438639953768,8.133827475966072e-05,8.133827475966072e-05,7.790437442955945e-05
20,262,model3_dynamic_q,0.056324023788356374,0.00014546049778869986,0.00014546049778869986,0.00013847796844592867
20,263,model1_fixed_q,0.04574994811862322,9.025107037460426e-05,9.025107037460427e-05,7.946571805752277e-05
20,263,model3_dynamic_q,0.0563801643884194,0.000144670581243395,0.000144670581243395,0.00014224201000868097
20,264,model1_fixed_q,0.045620400267110894,7.706692462172718e-05,6.727436104277289e-05,7.706692462172718e-05
20,264,model3_dynamic_q,0.05637652260608414,0.0001582082468604301,0.0001582082468604301,0.00014548841234091566
20,265,model1_fixed_q,0.04566297082504111,8.312343448249113e-05,7.738300747480635e-05,8.312343448249113e-05
20,265,model3_dynamic_q,0.05640103440696319,0.00014725636084539842,0.00011739109408560213,0.00014725636084539842
20,266,model1_fixed_q,0.0457616678624698,8.092884081582489e-05,6.774678513121117e-05,8.092884081582489e-05
20,266,model3_dynamic_q,0.05639865001488205,0.0001414286193162714,0.00011770846847377197,0.0001414286193162714
20,267,model1_fixed_q,0.045658607359309586,8.074946876554288e-05,7.896406665035311e-05,8.074946876554288e-05
20,267,model3_dynamic_q,0.056503739143846037,0.00016158216288372014,0.00016158216288372014,0.00013737284211447228
20,268,model1_fixed_q,0.04565853169672575,9.32277560217064e-05,9.322775602170639e-05,7.788590202864284e-05
20,268,model3_dynamic_q,0.05637696341268609,0.00017965107216920542,0.00017965107216920542,0.00014047220890266323
20,269,model1_fixed_q,0.04559928640704124,9.714911198747015e-05,9.714911198747013e-05,7.656738561207912e-05
20,269,model3_dynamic_q,0.056522120550358726,0.0002045593302804503,0.00020455933028045028,0.00014541886489607498
20,270,model1_fixed_q,0.045569417067139725,9.028277308913823e-05,9.028277308913823e-05,7.839353272492551e-05
20,270,model3_dynamic_q,0.056335891975258096,0.0001960138346632114,0.0001960138346632114,0.0001445829615343605
20,271,model1_fixed_q,0.045601787986536586,8.721223032640987e-05,8.721223032640987e-05,7.810454917088194e-05
20,271,model3_dynamic_q,0.05642758770140172,0.00019329584225972863,0.00019329584225972863,0.00014273193481513245
20,272,model1_fixed_q,0.04572734801966395,7.65787838640135e-05,7.442284583970187e-05,7.65787838640135e-05
20,272,model3_dynamic_q,0.05634361924584419,0.00018564022774531836,0.00018564022774531836,0.00014042091725520423
20,273,model1_fixed_q,0.04572146486979013,8.275864176113968e-05,8.275864176113968e-05,7.905586407151246e-05
20,273,model3_dynamic_q,0.05638068298317495,0.00016562427596093356,0.00016562427596093353,0.00014067448780610142
20,274,model1_fixed_q,0.04568122712434894,8.103107818197243e-05,8.103107818197243e-05,7.964433272949959e-05
20,274,model3_dynamic_q,0.056177959122395156,0.0001410852736160113,0.0001410852736160113,0.00013833417470913138
20,275,model1_fixed_q,0.04569387087943713,8.260549930578445e-05,8.260549930578446e-05,7.631168264955118e-05
20,275,model3_dynamic_q,0.05624206621993059,0.0001472159864938359,0.0001472159864938359,0.00014222192046840188
20,276,model1_fixed_q,0.04569912147378014,7.756476410446093e-05,7.240927177758034e-05,7.756476410446093e-05
20,276,model3_dynamic_q,0.0562639110139124,0.00015768937830111635,0.00015768937830111635,0.00014676268097671614
20,277,model1_fixed_q,0.045629070471385126,7.445663531821764e-05,7.059322026431024e-05,7.445663531821764e-05
20,277,model3_dynamic_q,0.056196415807890296,0.00015010151027477665,0.00014558769609910845,0.00015010151027477665
20,278,model1_fixed_q,0.045793810060347225,8.084291854454579e-05,6.782376865379405e-05,8.084291854454579e-05
20,278,model3_dynamic_q,0.05639109677296639,0.00015082231904724105,0.00015082231904724105,0.0001494428598471626
20,279,model1_fixed_q,0.04569600436833588,8.104408546016881e-05,7.086800380356306e-05,8.104408546016881e-05
20,279,model3_dynamic_q,0.05655230578000934,0.000172381925561023,0.000172381925561023,0.00015236462570295898
20,280,model1_fixed_q,0.04563436318427031,8.075579088169788e-05,7.347401843499471e-05,8.075579088169788e-05
20,280,model3_dynamic_q,0.05619697605753558,0.0001670957704946949,0.0001670957704946949,0.00014660393247821593
20,281,model1_fixed_q,0.04571842057246989,8.157099712349103e-05,6.881969334943859e-05,8.157099712349103e-05
20,281,model3_dynamic_q,0.056129677174878954,0.0001584208605660124,0.0001584208605660124,0.00014259937480073928
20,282,model1_fixed_q,0.045734886286497786,7.88366912434398e-05,6.748198680769723e-05,7.88366912434398e-05
20,282,model3_dynamic_q,0.0562717024674053,0.00017830088190217357,0.00017830088190217355,0.00014089815585600183
20,283,model1_fixed_q,0.04561657760689048,0.00010674507702437403,0.00010674507702437403,7.802160722375093e-05
20,283,model3_dynamic_q,0.05637506624177151,0.0001962491778000684,0.00019624917780006838,0.00014056050281627852
20,284,model1_fixed_q,0.04560825532183532,8.372095832941545e-05,8.372095832941545e-05,7.856233100132135e-05
20,284,model3_dynamic_q,0.05642348653164626,0.00017076376325118252,0.00017076376325118252,0.0001409320069858029
20,285,model1_fixed_q,0.045514594474736034,0.00010444214700414918,0.00010444214700414917,7.767682168134196e-05
20,285,model3_dynamic_q,0.056497420449372594,0.00017242906426269717,0.00017242906426269717,0.00014063329526447575
20,286,model1_fixed_q,0.04553339657894304,8.940687808101715e-05,8.940687808101716e-05,8.201128039716657e-05
20,286,model3_dynamic_q,0.056420235486026975,0.00016108792719037246,0.00016108792719037246,0.0001425468558727222
20,287,model1_fixed_q,0.04558469104111466,7.701924612981357e-05,7.554550568017881e-05,7.701924612981357e-05
20,287,model3_dynamic_q,0.056575280132368636,0.0001981062848432122,0.0001981062848432122,0.00013810326456809076
20,288,model1_fixed_q,0.045701957076253207,7.87685470043315e-05,7.87685470043315e-05,7.478462356722232e-05
20,288,model3_dynamic_q,0.05642247831382508,0.00016184841921172252,0.0001618484192117225,0.00013959976771069882
20,289,model1_fixed_q,0.045626543870773216,7.850925944523835e-05,7.794206783271864e-05,7.850925944523835e-05
20,289,model3_dynamic_q,0.056233872067731075,0.0001826557840705045,0.0001826557840705045,0.00013816136982589173
20,290,model1_fixed_q,0.04572863484130858,8.244224462562928e-05,8.244224462562928e-05,7.920779116134284e-05
20,290,model3_dynamic_q,0.05627123856931522,0.0001625512209601399,0.0001625512209601399,0.00014498353533090206
20,291,model1_fixed_q,0.04574656820873971,8.187917859798194e-05,8.187917859798192e-05,7.986426757342494e-05
20,291,model3_dynamic_q,0.05639170530872574,0.00014145717893502768,0.00014145717893502768,0.00014064915006964499
20,292,model1_fixed_q,0.045737555522838334,8.280081929984758e-05,8.280081929984758e-05,8.05919988722973e-05
20,292,model3_dynamic_q,0.05629148006137334,0.00013816379313782865,0.00013019377629365354,0.00013816379313782865
20,293,model1_fixed_q,0.04575400626880364,8.172584512271491e-05,6.392110200553217e-05,8.172584512271491e-05
20,293,model3_dynamic_q,0.056359500388582666,0.00015368094603837435,0.00015368094603837433,0.0001405125505983079
20,294,model1_fixed_q,0.04578555915593152,8.372477621221133e-05,8.372477621221133e-05,8.024400755815145e-05
20,294,model3_dynamic_q,0.056398914469420226,0.00014291261774820025,0.0001345952964077218,0.00014291261774820025
20,295,model1_fixed_q,0.045774772718071115,9.453561234487903e-05,9.453561234487903e-05,8.260452768608927e-05
20,295,model3_dynamic_q,0.056329440988992084,0.0001475978152036583,0.0001337251538266991,0.0001475978152036583
20,296,model1_fixed_q,0.04586984519284059,9.711979080159e-05,9.711979080158999e-05,8.240814951705748e-05
20,296,model3_dynamic_q,0.056395397643738916,0.00015132410895617838,0.0001510547869672334,0.00015132410895617838
20,297,model1_fixed_q,0.04574950330147961,8.063670240041368e-05,8.022071708258499e-05,8.063670240041368e-05
20,297,model3_dynamic_q,0.056314439688927256,0.0001426633294846294,0.00012475609903213594,0.0001426633294846294
20,298,model1_fixed_q,0.04579630813484639,8.433691169789025e-05,8.433691169789025e-05,7.746060525338468e-05
20,298,model3_dynamic_q,0.05634438307796854,0.00014265411781719543,0.00014096058533606063,0.00014265411781719543
20,299,model1_fixed_q,0.04576348037118865,7.791444484693346e-05,7.009033742471522e-05,7.791444484693346e-05
20,299,model3_dynamic_q,0.056302996850853305,0.00014315922222837848,0.00013860313249352928,0.00014315922222837848
20,300,model1_fixed_q,0.045723522471102146,8.074114206837008e-05,7.756698615166353e-05,8.074114206837008e-05
20,300,model3_dynamic_q,0.05642124984214418,0.00015941478201572543,0.00015941478201572543,0.00014446811128042533
20,301,model1_fixed_q,0.04565437221216632,8.305683844532123e-05,5.750154657625737e-05,8.305683844532123e-05
20,301,model3_dynamic_q,0.05637406158813552,0.00015478571587760934,0.00015478571587760934,0.00014161017573007003
20,302,model1_fixed_q,0.04566170134773519,8.102376662630324e-05,7.912965692687045e-05,8.102376662630324e-05
20,302,model3_dynamic_q,0.05628056233579667,0.0001437044090401586,0.00012875413679430266,0.0001437044090401586
20,303,model1_fixed_q,0.04573240874048589,8.43121941356494e-05,8.431219413564941e-05,8.13029877213421e-05
20,303,model3_dynamic_q,0.05614995440451975,0.00016411446787503245,0.00016411446787503245,0.00014361141603280134
20,304,model1_fixed_q,0.045704546350710876,9.394094225985589e-05,9.394094225985589e-05,7.994854201565819e-05
20,304,model3_dynamic_q,0.056297757733437884,0.00014364744467508753,0.000129505448374422,0.00014364744467508753
20,305,model1_fixed_q,0.045704375380866434,8.678381862575349e-05,8.678381862575349e-05,7.681780545621868e-05
20,305,model3_dynamic_q,0.0564582044156732,0.00014594406458121956,0.00013933749396696223,0.00014594406458121956
20,306,model1_fixed_q,0.045650185520931884,7.658219249891303e-05,6.704349364834426e-05,7.658219249891303e-05
20,306,model3_dynamic_q,0.056446820674101006,0.00014774796556833272,0.00013619716321023432,0.00014774796556833272
20,307,model1_fixed_q,0.045623762936928526,8.764242708860463e-05,8.764242708860463e-05,7.652669995765022e-05
20,307,model3_dynamic_q,0.05629066565428918,0.00015227418149455296,0.00015227418149455296,0.00014100124441358963
20,308,model1_fixed_q,0.04562912984895806,8.57918084500918e-05,8.57918084500918e-05,7.950042098877733e-05
20,308,model3_dynamic_q,0.056294940326321694,0.00015808316589279022,0.00015808316589279022,0.0001410375423517423
20,309,model1_fixed_q,0.04560445129689042,8.786280846425875e-05,8.786280846425875e-05,7.947392133351256e-05
20,309,model3_dynamic_q,0.056479813912527356,0.00014376650688278182,0.00012900866355611672,0.00014376650688278182
20,310,model1_fixed_q,0.04566818456897508,8.965700216870723e-05,8.965700216870723e-05,7.844645411587664e-05
20,310,model3_dynamic_q,0.056476308666756195,0.0001451475159141454,0.00012451201297165922,0.0001451475159141454
20,311,model1_fixed_q,0.04569383838578348,7.717344519593849e-05,7.66832152964592e-05,7.717344519593849e-05
20,311,model3_dynamic_q,0.05642562896575893,0.00014342786863124837,0.00011431744313450038,0.00014342786863124837
20,312,model1_fixed_q,0.045765630904025044,7.714712199107716e-05,6.563592390651948e-05,7.714712199107716e-05
20,312,model3_dynamic_q,0.056340341819625654,0.00014790122413723796,0.00014366457600116237,0.00014790122413723796
20,313,model1_fixed_q,0.045781101696642276,7.912843349045087e-05,7.730188116256437e-05,7.912843349045087e-05
20,313,model3_dynamic_q,0.056449472626861036,0.00016482433127138895,0.00016482433127138895,0.0001495546662686819
20,314,model1_fixed_q,0.045681638360684146,9.810600129009445e-05,9.810600129009445e-05,7.620700139859578e-05
20,314,model3_dynamic_q,0.056632794076612494,0.0001678471266505396,0.0001678471266505396,0.00014238735339165224
20,315,model1_fixed_q,0.045738045175091085,7.872005424944472e-05,7.044631186568311e-05,7.872005424944472e-05
20,315,model3_dynamic_q,0.05671653595183493,0.00014417029791557637,0.0001412065719562688,0.00014417029791557637
20,316,model1_fixed_q,0.04570571446985564,8.071636560952955e-05,7.027622834558149e-05,8.071636560952955e-05
20,316,model3_dynamic_q,0.05665683201650011,0.00016290139430800147,0.00016290139430800147,0.00014409375213228932
20,317,model1_fixed_q,0.045675439648456787,7.895594349376365e-05,6.95271643774569e-05,7.895594349376365e-05
20,317,model3_dynamic_q,0.05667166806488415,0.00016296383192954835,0.00016296383192954835,0.00014087682770280767
20,318,model1_fixed_q,0.04567342501253555,7.947131464885294e-05,7.774391618321616e-05,7.947131464885294e-05
20,318,model3_dynamic_q,0.05644634714891169,0.00014483622888212795,0.00014483622888212795,0.00013805526657970486
20,319,model1_fixed_q,0.045780031590217644,8.711957876894292e-05,8.71195787689429e-05,8.285230954729936e-05
20,319,model3_dynamic_q,0.05661880591277767,0.000164303231716948,0.00016430323171694804,0.00013717329186034027
20,320,model1_fixed_q,0.045694319659753894,8.720054105722152e-05,8.720054105722152e-05,8.062943838136963e-05
20,320,model3_dynamic_q,0.05654244646142656,0.00017657613233971572,0.0001765761323397157,0.00014369609611425768
20,321,model1_fixed_q,0.045641231454851786,8.021607330260345e-05,6.93095655123763e-05,8.021607330260345e-05
20,321,model3_dynamic_q,0.05653723084025111,0.00018020885742409064,0.0001802088574240906,0.00014666978730887596
20,322,model1_fixed_q,0.04568837036885619,9.434306027537256e-05,9.434306027537256e-05,8.192868783123574e-05
20,322,model3_dynamic_q,0.056497922465200925,0.00015902032265194187,0.00015902032265194187,0.00014235523187322455
20,323,model1_fixed_q,0.04567462887141644,8.289914098492844e-05,8.289914098492844e-05,7.843140956920376e-05
20,323,model3_dynamic_q,0.05655588091230464,0.00015623580026371677,0.00015623580026371677,0.00014157243094803514
20,324,model1_fixed_q,0.0456989567605066,8.135552926515538e-05,8.135552926515537e-05,7.381248366300337e-05
20,324,model3_dynamic_q,0.05662752593989414,0.00015919138271531364,0.00015919138271531364,0.00014263202069997715
20,325,model1_fixed_q,0.04562016706833512,8.301430226579655e-05,8.301430226579655e-05,7.713966277731448e-05
20,325,model3_dynamic_q,0.056410197276821256,0.00013677299766978471,0.00012769695156802905,0.00013677299766978471
20,326,model1_fixed_q,0.04550255544406012,7.75720981832792e-05,6.591732165786474e-05,7.75720981832792e-05
20,326,model3_dynamic_q,0.05643389272811853,0.0001472190933477152,0.00014721909334771517,0.00014133123968854724
20,327,model1_fixed_q,0.04558729406783061,7.910766817151292e-05,7.910766817151292e-05,7.440526407963354e-05
20,327,model3_dynamic_q,0.056552183364474,0.0001527343831351825,0.0001527343831351825,0.00014141171248136048
20,328,model1_fixed_q,0.04563253024394726,8.885284958318106e-05,8.885284958318106e-05,7.862301022890478e-05
20,328,model3_dynamic_q,0.056446268137592244,0.00017168922868550837,0.00017168922868550837,0.00013927832971227347
20,329,model1_fixed_q,0.04555947582148647,7.859394074669322e-05,5.4572653202316284e-05,7.859394074669322e-05
20,329,model3_dynamic_q,0.05653146573884042,0.00015735389584217613,0.00015735389584217613,0.00013876423360673738
20,330,model1_fixed_q,0.04557976484225438,7.856092432425485e-05,6.187443460956513e-05,7.856092432425485e-05
20,330,model3_dynamic_q,0.05640715166475986,0.00017160349477043848,0.00017160349477043848,0.00014504069850780813
20,331,model1_fixed_q,0.04572717520235693,7.817848895432796e-05,6.0975055005287046e-05,7.817848895432796e-05
20,331,model3_dynamic_q,0.05634952202607231,0.00014530346161666173,0.00014397373912659913,0.00014530346161666173
20,332,model1_fixed_q,0.045670248592684023,7.853372927262695e-05,7.853372927262695e-05,7.649653934224371e-05
20,332,model3_dynamic_q,0.05645574292996169,0.00014376535390272293,0.00012846056627970873,0.00014376535390272293
20,333,model1_fixed_q,0.04576120676741064,8.858519335841929e-05,8.858519335841929e-05,8.052775279948292e-05
20,333,model3_dynamic_q,0.056453918056235085,0.00014512372185765973,0.000138675215290938,0.00014512372185765973
20,334,model1_fixed_q,0.045842557573325345,9.389302110625484e-05,9.389302110625484e-05,8.096281523426638e-05
20,334,model3_dynamic_q,0.056326322603331445,0.000138126293877737,0.00013198419553208477,0.000138126293877737
20,335,model1_fixed_q,0.04575549834779302,0.00010457725392728928,0.00010457725392728928,8.297672195702171e-05
20,335,model3_dynamic_q,0.056307091530732684,0.00014995709220241764,0.00014995709220241764,0.00013518412598251657
20,336,model1_fixed_q,0.04579000202450445,8.183544266314842e-05,7.383992252831739e-05,8.183544266314842e-05
20,336,model3_dynamic_q,0.05617871233794182,0.00016801781590105485,0.00016801781590105485,0.00013288462248187572
20,337,model1_fixed_q,0.0456400690589844,7.862544143736011e-05,7.86254414373601e-05,7.768486172628675e-05
20,337,model3_dynamic_q,0.056070261201151224,0.00015807593794240767,0.00015807593794240767,0.00013374643780495686
20,338,model1_fixed_q,0.04572483469942328,8.085296187627221e-05,8.085296187627221e-05,7.997248038388969e-05
20,338,model3_dynamic_q,0.05613146045883088,0.00014827708708988098,0.00014827708708988098,0.00013673134775223558
20,339,model1_fixed_q,0.04567793429823701,7.952354308544599e-05,7.798546207760095e-05,7.952354308544599e-05
20,339,model3_dynamic_q,0.05605219953496288,0.00013930034998072596,0.00012931573385689487,0.00013930034998072596
20,340,model1_fixed_q,0.04570186928991937,9.297837942635201e-05,9.297837942635201e-05,8.016277313001373e-05
20,340,model3_dynamic_q,0.0562581497787521,0.00014179920352198812,0.00012631363388049713,0.00014179920352198812
20,341,model1_fixed_q,0.04556920339110819,7.726141358267743e-05,7.055711619711497e-05,7.726141358267743e-05
20,341,model3_dynamic_q,0.05615948742698081,0.00014057606081721897,0.00011495200480086285,0.00014057606081721897
20,342,model1_fixed_q,0.04568554881981599,7.752990949365335e-05,7.410390169251353e-05,7.752990949365335e-05
20,342,model3_dynamic_q,0.056307208840303984,0.0001391013028970421,0.00011283267312261386,0.0001391013028970421
20,343,model1_fixed_q,0.04561205178627311,7.706187913570777e-05,7.706187913570777e-05,7.40439586043825e-05
20,343,model3_dynamic_q,0.05646619838126756,0.00016922710084438732,0.00016922710084438732,0.00014518070016247554
20,344,model1_fixed_q,0.04557286595387553,7.83343466190071e-05,5.6613300097165456e-05,7.83343466190071e-05
20,344,model3_dynamic_q,0.05630088781582929,0.0001694552929801376,0.0001694552929801376,0.0001447485692339686
20,345,model1_fixed_q,0.04559531785284014,9.368238848196017e-05,9.368238848196017e-05,7.804348766476432e-05
20,345,model3_dynamic_q,0.056348770172266846,0.00015873657238567107,0.00015873657238567104,0.00014131244675803822
20,346,model1_fixed_q,0.04563373851689452,7.62353474820614e-05,6.310537686242622e-05,7.62353474820614e-05
20,346,model3_dynamic_q,0.05627619159666229,0.0001530921209636115,0.00015309212096361146,0.00014660872197973208
20,347,model1_fixed_q,0.04565551663953296,8.080771802126509e-05,6.605621495746075e-05,8.080771802126509e-05
20,347,model3_dynamic_q,0.056310712754304194,0.00014837334596863624,0.00014837334596863624,0.0001459759515400627
20,348,model1_fixed_q,0.04569374975884089,7.976572124069638e-05,7.964505315514226e-05,7.976572124069638e-05
20,348,model3_dynamic_q,0.05626776303712269,0.00014606550784080938,0.0001300722249737097,0.00014606550784080938
20,349,model1_fixed_q,0.04561083757534535,9.557585232608711e-05,9.557585232608713e-05,7.738895639536081e-05
20,349,model3_dynamic_q,0.056315374562940584,0.00014572472124237964,0.0001357392258647571,0.00014572472124237964
20,350,model1_fixed_q,0.04565477601259045,7.855049289308163e-05,7.855049289308163e-05,7.651552254064489e-05
20,350,model3_dynamic_q,0.05636281430190158,0.0001487365068378602,0.00012768655815423852,0.0001487365068378602
20,351,model1_fixed_q,0.04559565731470595,8.881641326307767e-05,8.881641326307767e-05,7.696583970328167e-05
20,351,model3_dynamic_q,0.05646230537817934,0.0001461295678585269,0.00013229271859276572,0.0001461295678585269
20,352,model1_fixed_q,0.04564696701423659,7.834688892309975e-05,7.321151274802712e-05,7.834688892309975e-05
20,352,model3_dynamic_q,0.056505958888491595,0.00014163473343261566,0.00013781204784231552,0.00014163473343261566
20,353,model1_fixed_q,0.04575689581799365,8.099432461792474e-05,8.099432461792472e-05,7.639921016115631e-05
20,353,model3_dynamic_q,0.056419336918915965,0.00014353031958018187,0.00012727978066421312,0.00014353031958018187
20,354,model1_fixed_q,0.04573254723528107,9.005572812905044e-05,9.005572812905044e-05,7.544183584458797e-05
20,354,model3_dynamic_q,0.05629463989226471,0.00014246745485785,0.0001248041296821023,0.00014246745485785
20,355,model1_fixed_q,0.04568364246048791,9.059539384783184e-05,9.059539384783183e-05,7.998802472600487e-05
20,355,model3_dynamic_q,0.05642872439252675,0.00016273042963136522,0.00016273042963136522,0.00014263265561498145
20,356,model1_fixed_q,0.04577152108233685,9.640612918417814e-05,9.640612918417814e-05,7.986068181599278e-05
20,356,model3_dynamic_q,0.056489120089178405,0.00015707647529698577,0.00015707647529698577,0.00013715793165965521
20,357,model1_fixed_q,0.04572809037210723,9.109337397259827e-05,9.109337397259828e-05,7.794150781141991e-05
20,357,model3_dynamic_q,0.056364107067416416,0.00014254609891423606,0.00012236422625383248,0.00014254609891423606
20,358,model1_fixed_q,0.045696173794328485,8.259987653392255e-05,8.259987653392255e-05,8.04744419997531e-05
20,358,model3_dynamic_q,0.05654687474080408,0.00014094696508672858,0.0001326460754718497,0.00014094696508672858
20,359,model1_fixed_q,0.045682171054022794,7.819825107428136e-05,7.392635510189198e-05,7.819825107428136e-05
20,359,model3_dynamic_q,0.05645400697676143,0.00015508120418393438,0.00015508120418393438,0.00014573064091726943
20,360,model1_fixed_q,0.04572714190885755,7.789063836307302e-05,7.246000231742774e-05,7.789063836307302e-05
20,360,model3_dynamic_q,0.05665541179518277,0.00016838487967010376,0.00016838487967010376,0.0001449806765284493
20,361,model1_fixed_q,0.04571622906907522,7.876353524022706e-05,6.140876678433917e-05,7.876353524022706e-05
20,361,model3_dynamic_q,0.05653916808541995,0.00014584145291085657,0.00013936816382040525,0.00014584145291085657
20,362,model1_fixed_q,0.04578116703720627,7.696963368570812e-05,6.723926067910474e-05,7.696963368570812e-05
20,362,model3_dynamic_q,0.05638289643629831,0.00016515046456403283,0.00016515046456403283,0.00013836146799729737
20,363,model1_fixed_q,0.0458034976105458,8.881220894297661e-05,8.881220894297661e-05,7.959458779382446e-05
20,363,model3_dynamic_q,0.05649712590498478,0.00017676931185200252,0.00017676931185200252,0.00014277098795580797
20,364,model1_fixed_q,0.045730254836603305,7.856360107474511e-05,6.463302253702684e-05,7.856360107474511e-05
20,364,model3_dynamic_q,0.05641352045755115,0.0001786404361987405,0.0001786404361987405,0.00014550060886861342
20,365,model1_fixed_q,0.045764538141180804,7.769242170846127e-05,7.502376505613473e-05,7.769242170846127e-05
20,365,model3_dynamic_q,0.05629894067634397,0.0001880187079018245,0.00018801870790182448,0.00014432047114735586
20,366,model1_fixed_q,0.04577341454212249,8.34933784616097e-05,8.34933784616097e-05,8.174641132533249e-05
20,366,model3_dynamic_q,0.05617007773512943,0.0002023690228049171,0.00020236902280491712,0.0001417428609735205
20,367,model1_fixed_q,0.04580938843201681,8.143922706959918e-05,8.143922706959918e-05,8.124889026565227e-05
20,367,model3_dynamic_q,0.056038062635495,0.0002076633553346745,0.0002076633553346745,0.00013776108447098817
20,368,model1_fixed_q,0.04560764178988176,7.8384879541852e-05,7.520158251269069e-05,7.8384879541852e-05
20,368,model3_dynamic_q,0.056150486502175766,0.00017778078400665655,0.00017778078400665655,0.000143064994189553
20,369,model1_fixed_q,0.04567168540473311,9.966056638488001e-05,9.966056638488003e-05,7.781180287692472e-05
20,369,model3_dynamic_q,0.05627878877921551,0.0001977711808682869,0.00019777118086828686,0.00014144638341560294
20,370,model1_fixed_q,0.0457214750931785,8.699542057896914e-05,8.699542057896914e-05,7.417000805940208e-05
20,370,model3_dynamic_q,0.05630811585752962,0.00020609161937219051,0.00020609161937219051,0.00014257340833890325
20,371,model1_fixed_q,0.04576133869591029,7.824248458048613e-05,7.824248458048612e-05,7.585097127308824e-05
20,371,model3_dynamic_q,0.05637881102297516,0.00017958341464988082,0.00017958341464988082,0.00014456708193721787
20,372,model1_fixed_q,0.045733818125853976,9.06312303268441e-05,9.06312303268441e-05,7.575439998415683e-05
20,372,model3_dynamic_q,0.056452793453484,0.00014760652072964262,0.00014760652072964262,0.00014418265781419227
20,373,model1_fixed_q,0.0457042123702761,8.760380855541976e-05,8.760380855541976e-05,8.401610766237847e-05
20,373,model3_dynamic_q,0.05643488800923347,0.0001458631242782318,0.0001458631242782318,0.00013878543032243404
20,374,model1_fixed_q,0.045585212492952,8.095707794022074e-05,8.010267305236418e-05,8.095707794022074e-05
20,374,model3_dynamic_q,0.05645886777929947,0.00014161329409649988,0.00013220238230939456,0.00014161329409649988
20,375,model1_fixed_q,0.04553631086976018,7.561584735728797e-05,7.466231499050805e-05,7.561584735728797e-05
20,375,model3_dynamic_q,0.05663632267491193,0.00014912621263068107,0.00014912621263068107,0.0001464841828235234
20,376,model1_fixed_q,0.04556027145021586,8.184192159375872e-05,8.184192159375872e-05,7.881790295359457e-05
20,376,model3_dynamic_q,0.0564080866913625,0.00016300987309828498,0.00016300987309828498,0.00014101093588082865
20,377,model1_fixed_q,0.04562267197824214,7.771757193512756e-05,7.5688010625608e-05,7.771757193512756e-05
20,377,model3_dynamic_q,0.05638124911994835,0.00016202645978481359,0.00016202645978481356,0.0001412171824476026
20,378,model1_fixed_q,0.045706635633373634,7.836018605620526e-05,7.308278024667386e-05,7.836018605620526e-05
20,378,model3_dynamic_q,0.05638789887229065,0.00015537039036296228,0.00015537039036296225,0.00013803782041225027
20,379,model1_fixed_q,0.0456444241990626,8.681903934754745e-05,8.681903934754743e-05,7.899775064664595e-05
20,379,model3_dynamic_q,0.05645848509773522,0.00014430765783478446,0.00014091469688299588,0.00014430765783478446
20,380,model1_fixed_q,0.04565651267570176,8.036138424430075e-05,6.726592061207984e-05,8.036138424430075e-05
20,380,model3_dynamic_q,0.05628380544945306,0.00016337230647463975,0.00016337230647463975,0.00014593311825644717
20,381,model1_fixed_q,0.045704139897288325,7.800859376528602e-05,6.537882974913458e-05,7.800859376528602e-05
20,381,model3_dynamic_q,0.05647608595078517,0.0001575136307645318,0.0001575136307645318,0.00014167813491351337
20,382,model1_fixed_q,0.04558254649573593,7.824359809809513e-05,7.797829562412837e-05,7.824359809809513e-05
20,382,model3_dynamic_q,0.056529915989122374,0.00017500752262226204,0.00017500752262226204,0.00014740240462007205
20,383,model1_fixed_q,0.04561234617131424,7.953530444006829e-05,7.603699954113011e-05,7.953530444006829e-05
20,383,model3_dynamic_q,0.05650418348859796,0.00014708386002119911,0.00013824211197749955,0.00014708386002119911
20,384,model1_fixed_q,0.04563231236709265,8.87500137744738e-05,8.87500137744738e-05,7.921717718347896e-05
20,384,model3_dynamic_q,0.056462584211454794,0.00016971679908626803,0.00016971679908626803,0.00013879462761576814
20,385,model1_fixed_q,0.04565565903946933,8.002972859404487e-05,8.002972859404487e-05,7.797889310954807e-05
20,385,model3_dynamic_q,0.05655702082820828,0.00016025109356005937,0.00016025109356005937,0.00014120284541539044
20,386,model1_fixed_q,0.045601246718809746,7.957582325737934e-05,6.902239946175764e-05,7.957582325737934e-05
20,386,model3_dynamic_q,0.05640758032537556,0.00018558300202202086,0.00018558300202202086,0.0001470206652958831
20,387,model1_fixed_q,0.045529898686887164,9.191510230525585e-05,9.191510230525585e-05,7.557105267616039e-05
20,387,model3_dynamic_q,0.05632753051470766,0.00018896618080517394,0.00018896618080517394,0.00014476006278104928
20,388,model1_fixed_q,0.04564167306811155,8.587459861599005e-05,8.587459861599005e-05,7.828020234091386e-05
20,388,model3_dynamic_q,0.056352404490594074,0.00017442445005843362,0.00017442445005843362,0.00014007966990360965
20,389,model1_fixed_q,0.045657614768902545,7.898256585416966e-05,7.898256585416966e-05,7.767140791607472e-05
20,389,model3_dynamic_q,0.05636918233240932,0.00014936514635915138,0.00014936514635915135,0.00013739245685707652
20,390,model1_fixed_q,0.04557142969745231,7.771425458390734e-05,6.284686577456477e-05,7.771425458390734e-05
20,390,model3_dynamic_q,0.0563239158085358,0.00015009888040334727,0.00015009888040334727,0.00013130756802980155
20,391,model1_fixed_q,0.045706014714827804,8.386844863156634e-05,7.070727455378173e-05,8.386844863156634e-05
20,391,model3_dynamic_q,0.05622580614904768,0.0001594483209081225,0.0001594483209081225,0.0001347774009265958
20,392,model1_fixed_q,0.045636987542500236,7.954333834023633e-05,7.806776541993549e-05,7.954333834023633e-05
20,392,model3_dynamic_q,0.056102549264057645,0.00016672110926246232,0.00016672110926246232,0.00014126664694646046
20,393,model1_fixed_q,0.04572760986330045,9.098446062998509e-05,9.09844606299851e-05,7.634167474816356e-05
20,393,model3_dynamic_q,0.056264131246774575,0.0001683017221210043,0.0001683017221210043,0.000139748331692218
20,394,model1_fixed_q,0.04573910795751572,7.663850859635571e-05,6.999667041979444e-05,7.663850859635571e-05
20,394,model3_dynamic_q,0.056139114049243335,0.0001805501519986604,0.0001805501519986604,0.00014150629993193612
20,395,model1_fixed_q,0.04568548486136421,7.878222341085628e-05,7.659742885029445e-05,7.878222341085628e-05
20,395,model3_dynamic_q,0.05631116256086998,0.00015221461386575734,0.00015221461386575737,0.0001418621644649351
20,396,model1_fixed_q,0.04568201379830095,8.227605507844072e-05,8.22760550784407e-05,7.686037334408719e-05
20,396,model3_dynamic_q,0.05644547157976602,0.0001505072323963529,0.0001505072323963529,0.00014964399193094385
20,397,model1_fixed_q,0.04564808593320329,7.735885682934622e-05,7.735885682934622e-05,7.683943850277069e-05
20,397,model3_dynamic_q,0.05644517593771191,0.00015669599797576774,0.00015669599797576774,0.00014440554566570022
20,398,model1_fixed_q,0.04570240912294313,7.826818008913579e-05,7.142821906487789e-05,7.826818008913579e-05
20,398,model3_dynamic_q,0.05629027250787147,0.00014360919951215482,0.0001265861831491787,0.00014360919951215482
20,399,model1_fixed_q,0.045743219577624505,8.15022856449452e-05,7.981606445341562e-05,8.15022856449452e-05
20,399,model3_dynamic_q,0.05642050122343677,0.00014746811379796193,0.00014404638843723395,0.00014746811379796193
20,400,model1_fixed_q,0.04573518892298481,8.242659787699569e-05,7.977309520747665e-05,8.242659787699569e-05
20,400,model3_dynamic_q,0.05637983055277784,0.0001460234296929633,0.0001455414198362909,0.0001460234296929633
20,401,model1_fixed_q,0.045665282459885916,8.102446815142458e-05,7.50312017376586e-05,8.102446815142458e-05
20,401,model3_dynamic_q,0.05636320251773746,0.0001617733306740794,0.00016177333067407944,0.0001410709993387562
20,402,model1_fixed_q,0.045778124301047045,9.342870434500262e-05,9.342870434500261e-05,8.037326591443568e-05
20,402,model3_dynamic_q,0.05664020406109668,0.00017700387669478904,0.00017700387669478904,0.00014017106604436664
20,403,model1_fixed_q,0.04576335033645567,8.151972109964545e-05,7.970672365963893e-05,8.151972109964545e-05
20,403,model3_dynamic_q,0.05663483021497253,0.00016853499965972205,0.00016853499965972205,0.00014427085606123066
20,404,model1_fixed_q,0.045769689870408845,8.276553364852409e-05,6.973097081054762e-05,8.276553364852409e-05
20,404,model3_dynamic_q,0.056658157103971506,0.0001444593416580684,0.00014373770035375428,0.0001444593416580684
20,405,model1_fixed_q,0.04588782285339443,8.267660181231373e-05,5.936399211683505e-05,8.267660181231373e-05
20,405,model3_dynamic_q,0.056645369903145816,0.00014071043087817862,0.00013872888727355011,0.00014071043087817862
20,406,model1_fixed_q,0.04568747485631454,7.781399105048653e-05,6.238558564528068e-05,7.781399105048653e-05
20,406,model3_dynamic_q,0.05668107807972379,0.0001438532043728777,0.00014385320437287766,0.0001395190324398287
20,407,model1_fixed_q,0.04574565069511095,7.650466700905789e-05,6.558803144798633e-05,7.650466700905789e-05
20,407,model3_dynamic_q,0.05658610424708442,0.00015515277863074268,0.0001551527786307427,0.00013887146046114336
20,408,model1_fixed_q,0.04568242980927554,8.224537816327859e-05,8.224537816327859e-05,7.926895410054006e-05
20,408,model3_dynamic_q,0.05659355128285541,0.00018415392403034513,0.00018415392403034516,0.0001380986770567866
20,409,model1_fixed_q,0.04572559076096852,0.0001021557053594218,0.0001021557053594218,7.752455463956507e-05
20,409,model3_dynamic_q,0.05643477406517968,0.00017770946411091755,0.00017770946411091755,0.00014158598612687054
20,410,model1_fixed_q,0.04567587762948919,7.890899094298812e-05,6.319182197590261e-05,7.890899094298812e-05
20,410,model3_dynamic_q,0.056591860297340264,0.00017329072483404206,0.00017329072483404206,0.00014463406247594525
20,411,model1_fixed_q,0.04556682869232871,7.931895352553257e-05,7.115463926525624e-05,7.931895352553257e-05
20,411,model3_dynamic_q,0.0566029883832552,0.00016178820183512045,0.00016178820183512045,0.0001457713921761588
20,412,model1_fixed_q,0.045514867688385835,8.068392303406247e-05,7.346757103669992e-05,8.068392303406247e-05
20,412,model3_dynamic_q,0.05652069841599112,0.00016540494566503447,0.00016540494566503444,0.0001489376697504216
20,413,model1_fixed_q,0.04559757128553229,7.933577527995135e-05,7.747602937958611e-05,7.933577527995135e-05
20,413,model3_dynamic_q,0.05656564525433681,0.00018181922121943988,0.00018181922121943988,0.00014361733857594093
20,414,model1_fixed_q,0.04566467428573997,8.152150357372565e-05,7.425653710738984e-05,8.152150357372565e-05
20,414,model3_dynamic_q,0.05650796664038533,0.00019867642393815076,0.00019867642393815076,0.00014399363791758584
20,415,model1_fixed_q,0.04561714549578341,8.689205443194325e-05,8.689205443194324e-05,7.742580362670544e-05
20,415,model3_dynamic_q,0.056272051822075175,0.00013880862340016778,0.00013802802482742554,0.00013880862340016778
20,416,model1_fixed_q,0.045749225711483696,7.848609891512741e-05,7.115641458064464e-05,7.848609891512741e-05
20,416,model3_dynamic_q,0.05633278482106847,0.0001408823418107028,0.0001369047554120982,0.0001408823418107028
20,417,model1_fixed_q,0.0456804140365664,8.078463461609508e-05,7.125231510606577e-05,8.078463461609508e-05
20,417,model3_dynamic_q,0.05638131017513422,0.00015565879714868837,0.00015565879714868837,0.00014513484574533276
20,418,model1_fixed_q,0.04577335540924871,9.373247603756758e-05,9.373247603756758e-05,7.643390044397382e-05
20,418,model3_dynamic_q,0.056600239967237724,0.00017156816543557126,0.00017156816543557126,0.00013930087758108134
20,419,model1_fixed_q,0.045826039964641616,7.98679895478878e-05,7.609540019610943e-05,7.98679895478878e-05
20,419,model3_dynamic_q,0.056449664752925906,0.00018858337062102577,0.00018858337062102574,0.0001415866173304413
20,420,model1_fixed_q,0.04567978294153365,9.675257445052298e-05,9.675257445052298e-05,8.559722949878388e-05
20,420,model3_dynamic_q,0.056281286694074686,0.0001788020950656913,0.0001788020950656913,0.00013908296337435515
20,421,model1_fixed_q,0.0456155378238766,7.891290808194111e-05,7.450932560763438e-05,7.891290808194111e-05
20,421,model3_dynamic_q,0.05630596993018056,0.0001667367909763286,0.0001667367909763286,0.00013622703912333721
20,422,model1_fixed_q,0.04562892458750347,9.086461680949426e-05,9.086461680949426e-05,7.679202812574943e-05
20,422,model3_dynamic_q,0.05632127393257127,0.00013779482296850782,0.00013203138874791603,0.00013779482296850782
20,423,model1_fixed_q,0.04567661515855762,7.48809270929441e-05,7.488092709294411e-05,7.339380015263482e-05
20,423,model3_dynamic_q,0.05634199354765567,0.00014145824728759447,0.0001293232181956091,0.00014145824728759447
20,424,model1_fixed_q,0.04567082446587147,7.944780730658989e-05,6.859888030991423e-05,7.944780730658989e-05
20,424,model3_dynamic_q,0.056363382723944255,0.00015833319816998422,0.00015833319816998422,0.0001410634145034064
20,425,model1_fixed_q,0.04583704545412173,7.81466854854649e-05,7.249301456413733e-05,7.81466854854649e-05
20,425,model3_dynamic_q,0.05638707394549291,0.0001503883825741122,0.0001503883825741122,0.00013788910294998408
20,426,model1_fixed_q,0.04575981942905856,7.88376423288769e-05,7.672093893549601e-05,7.88376423288769e-05
20,426,model3_dynamic_q,0.056336154714405104,0.0001424636051588268,0.00013094338612157865,0.0001424636051588268
20,427,model1_fixed_q,0.04574994824320441,8.231716994145379e-05,8.231716994145379e-05,7.526649099353407e-05
20,427,model3_dynamic_q,0.056358285445668586,0.00014553213803046496,0.00013001830198148943,0.00014553213803046496
20,428,model1_fixed_q,0.04568139176217453,8.017630378875268e-05,8.017630378875267e-05,7.680870307202375e-05
20,428,model3_dynamic_q,0.05633358101934509,0.00014335805189219058,0.00013339019385239575,0.00014335805189219058
20,429,model1_fixed_q,0.04568158193670697,7.655393764283888e-05,7.533624654913927e-05,7.655393764283888e-05
20,429,model3_dynamic_q,0.05637659726729439,0.00014517748525696425,0.00013817092579406488,0.00014517748525696425
20,430,model1_fixed_q,0.045619305892140694,7.759551500551163e-05,5.752898250711479e-05,7.759551500551163e-05
20,430,model3_dynamic_q,0.05642464189419925,0.00014143663879537705,0.00013531423466633567,0.00014143663879537705
20,431,model1_fixed_q,0.04562426340897802,0.00010345467767756915,0.00010345467767756913,7.567633084157329e-05
20,431,model3_dynamic_q,0.0564132178211995,0.00014909294304733331,0.00014909294304733331,0.0001469239215283841
20,432,model1_fixed_q,0.04555620366653706,8.977812061980645e-05,8.977812061980645e-05,7.876234603254e-05
20,432,model3_dynamic_q,0.05636376610977444,0.00016237678098339034,0.00016237678098339034,0.0001425375144910057
20,433,model1_fixed_q,0.045591153394321404,7.893710606433586e-05,6.704606516458405e-05,7.893710606433586e-05
20,433,model3_dynamic_q,0.05653522513519456,0.00016837929820134366,0.00016837929820134366,0.0001416755776342034
20,434,model1_fixed_q,0.04565124065689741,8.374215265143365e-05,8.374215265143363e-05,8.25492342180953e-05
20,434,model3_dynamic_q,0.05657073851338308,0.00014725171177410194,0.00014725171177410194,0.000142605559691646
20,435,model1_fixed_q,0.045530554319198155,9.392991632266326e-05,9.392991632266327e-05,8.039091798398419e-05
20,435,model3_dynamic_q,0.056663914763924086,0.00015182535338050502,0.00015182535338050502,0.0001401587147800712
20,436,model1_fixed_q,0.04571514925145149,0.00010399609505457646,0.00010399609505457645,8.148869200043259e-05
20,436,model3_dynamic_q,0.0565490580067504,0.00016796672983707042,0.0001679667298370704,0.0001401608331422631
20,437,model1_fixed_q,0.04563934019502084,9.269121065261132e-05,9.269121065261132e-05,7.774134039992494e-05
20,437,model3_dynamic_q,0.05648392876614141,0.00017638536768345946,0.00017638536768345948,0.0001429745505843027
20,438,model1_fixed_q,0.04570912567906051,7.868468076705255e-05,7.56045706714658e-05,7.868468076705255e-05
20,438,model3_dynamic_q,0.056521886795507556,0.0001446761166001537,0.00014342272105826617,0.0001446761166001537
20,439,model1_fixed_q,0.04571245262732627,7.905539034162844e-05,7.905539034162844e-05,7.589410146709497e-05
20,439,model3_dynamic_q,0.05661119990371009,0.0001519062988303475,0.0001519062988303475,0.0001397062444095034
20,440,model1_fixed_q,0.045835796404363485,8.164964529116133e-05,6.510986467735224e-05,8.164964529116133e-05
20,440,model3_dynamic_q,0.056812282680162224,0.00017002823571943073,0.00017002823571943073,0.00014331042656748558
20,441,model1_fixed_q,0.04579199599252769,8.210633295523558e-05,7.294541738722355e-05,8.210633295523558e-05
20,441,model3_dynamic_q,0.05660576251711289,0.0001449501169695557,0.00013420588276927327,0.0001449501169695557
20,442,model1_fixed_q,0.0457277151063123,7.780414912547045e-05,7.780414912547045e-05,7.764776027754681e-05
20,442,model3_dynamic_q,0.05653357787372949,0.00015411529113979958,0.00015411529113979955,0.00014394458157987282
20,443,model1_fixed_q,0.045779789463968996,7.936148346518914e-05,7.459780246951708e-05,7.936148346518914e-05
20,443,model3_dynamic_q,0.05654607462042828,0.00016194321465719938,0.00016194321465719938,0.0001421101330928244
20,444,model1_fixed_q,0.045812445379290544,7.877238354975613e-05,6.804171449325394e-05,7.877238354975613e-05
20,444,model3_dynamic_q,0.056449276819877485,0.00016600834214451383,0.00016600834214451385,0.00014243084806413606
20,445,model1_fixed_q,0.045753747929118044,8.342883628253137e-05,8.342883628253137e-05,7.805436779193083e-05
20,445,model3_dynamic_q,0.0563677571299643,0.00019220211584251325,0.00019220211584251325,0.00013902874722182939
20,446,model1_fixed_q,0.0458191502974257,8.87750829957178e-05,8.87750829957178e-05,8.055836401549458e-05
20,446,model3_dynamic_q,0.05638126485791409,0.00018090265449844715,0.00018090265449844715,0.000144762701097207
20,447,model1_fixed_q,0.045824649120905246,7.96545741644405e-05,7.220091153997295e-05,7.96545741644405e-05
20,447,model3_dynamic_q,0.056343852877151206,0.00015396608578417426,0.00015396608578417426,0.00014413874640459322
20,448,model1_fixed_q,0.045695204536132884,8.119910396344841e-05,7.790618921186349e-05,8.119910396344841e-05
20,448,model3_dynamic_q,0.05628601279427773,0.00016136818827067417,0.0001613681882706742,0.00014351197496114987
20,449,model1_fixed_q,0.045661271467049486,7.84289095641962e-05,6.997463178474424e-05,7.84289095641962e-05
20,449,model3_dynamic_q,0.056356780825965284,0.00014384252151376494,0.00014384252151376494,0.00014358507077412975
20,450,model1_fixed_q,0.04575051969313528,7.982759847192869e-05,7.066798302678143e-05,7.982759847192869e-05
20,450,model3_dynamic_q,0.05634480190122943,0.00014262398519009685,0.0001247635561726387,0.00014262398519009685
20,451,model1_fixed_q,0.045632808335717964,8.399996559306934e-05,7.024375342061917e-05,8.399996559306934e-05
20,451,model3_dynamic_q,0.05638993874292871,0.00013951838651711968,0.00013492949827278184,0.00013951838651711968
20,452,model1_fixed_q,0.045623083155129016,8.09136074625199e-05,6.921832171072249e-05,8.09136074625199e-05
20,452,model3_dynamic_q,0.056201142139465796,0.00015422171314063515,0.00015422171314063515,0.00013600101860351252
20,453,model1_fixed_q,0.045575972298542926,9.524916202568707e-05,9.524916202568707e-05,8.06172844644349e-05
20,453,model3_dynamic_q,0.05625618389269041,0.0001465144654458851,0.0001465144654458851,0.00013609120805326098
20,454,model1_fixed_q,0.04557978222342418,9.323204537894027e-05,9.323204537894027e-05,8.217517080533397e-05
20,454,model3_dynamic_q,0.05637360592992359,0.00017528712803370356,0.00017528712803370353,0.0001411366947873634
20,455,model1_fixed_q,0.04551120370854208,8.343223085021396e-05,7.085986288901613e-05,8.343223085021396e-05
20,455,model3_dynamic_q,0.056370856631885,0.00018417238203243428,0.00018417238203243425,0.00014426737006794388
20,456,model1_fixed_q,0.045748483409160275,7.905551234690174e-05,7.604380968112975e-05,7.905551234690174e-05
20,456,model3_dynamic_q,0.0562039230600265,0.0001666845614806914,0.0001666845614806914,0.00014464997664268638
20,457,model1_fixed_q,0.045792119952434186,7.897353282427285e-05,7.111711355816346e-05,7.897353282427285e-05
20,457,model3_dynamic_q,0.05621641871595953,0.0001458252434655272,0.0001310431553079087,0.0001458252434655272
20,458,model1_fixed_q,0.04567776412477715,7.856042426091878e-05,7.19359106790527e-05,7.856042426091878e-05
20,458,model3_dynamic_q,0.05616785119009755,0.0001557852463726119,0.0001557852463726119,0.00014094288852451305
20,459,model1_fixed_q,0.045613838503461526,8.436627608485257e-05,8.188054774543375e-05,8.436627608485257e-05
20,459,model3_dynamic_q,0.056268532094465966,0.00015104953020524085,0.00015104953020524085,0.00013923614833383384
20,460,model1_fixed_q,0.04568671028650344,7.924305307444183e-05,7.924305307444183e-05,7.88701127924565e-05
20,460,model3_dynamic_q,0.056349148350272014,0.00014176843563217916,0.0001414264299652777,0.00014176843563217916
20,461,model1_fixed_q,0.04570682198918522,7.904005330729116e-05,6.646017387838539e-05,7.904005330729116e-05
20,461,model3_dynamic_q,0.05634791403628512,0.00014608081042052974,0.0001435347837228268,0.00014608081042052974
20,462,model1_fixed_q,0.04560339085846863,7.765014721911139e-05,7.477308210777107e-05,7.765014721911139e-05
20,462,model3_dynamic_q,0.056350569812825116,0.00013966053531788152,0.00013826504024034474,0.00013966053531788152
20,463,model1_fixed_q,0.045589005403358404,8.179859688047455e-05,8.179859688047455e-05,7.902395440080375e-05
20,463,model3_dynamic_q,0.05647974541613244,0.00013883197867094885,0.00013883197867094885,0.0001370805432532689
20,464,model1_fixed_q,0.045629894846203646,8.143874694691356e-05,8.143874694691356e-05,7.801666853639659e-05
20,464,model3_dynamic_q,0.056393405933131024,0.0001467401617320433,0.00014632299042386702,0.0001467401617320433
20,465,model1_fixed_q,0.04560983887020768,0.0001068302136296541,0.0001068302136296541,7.807262190746202e-05
20,465,model3_dynamic_q,0.05622496731838809,0.00015747531556300953,0.00015747531556300953,0.00014253573350542944
20,466,model1_fixed_q,0.045636599418205546,8.190565668299285e-05,8.190565668299284e-05,7.912834710684977e-05
20,466,model3_dynamic_q,0.056284128574263875,0.00016395411057525938,0.00016395411057525938,0.00013738724222143404
20,467,model1_fixed_q,0.04570638962846819,8.901587584590104e-05,8.901587584590103e-05,7.820676047320736e-05
20,467,model3_dynamic_q,0.05635660629209338,0.00014971832099692456,0.00014971832099692456,0.00013757260561170573
20,468,model1_fixed_q,0.045706106828158594,8.298087669080985e-05,8.298087669080985e-05,8.052629454546404e-05
20,468,model3_dynamic_q,0.05641011315416627,0.00017750770075044065,0.00017750770075044065,0.00014307658292977429
20,469,model1_fixed_q,0.04568869997379542,9.60657931714461e-05,9.60657931714461e-05,7.906430403408999e-05
20,469,model3_dynamic_q,0.05634805205613758,0.00019790923175244183,0.00019790923175244183,0.00014748132839180545
20,470,model1_fixed_q,0.045787162055627176,8.513763976910058e-05,8.513763976910057e-05,7.693746224610942e-05
20,470,model3_dynamic_q,0.05647238492209536,0.00018408905862567885,0.00018408905862567885,0.0001476382883903985
20,471,model1_fixed_q,0.045606013642024164,9.116978673585917e-05,9.116978673585917e-05,7.968442565302443e-05
20,471,model3_dynamic_q,0.05646365212683197,0.00020222768491282088,0.00020222768491282088,0.0001530131433485058
20,472,model1_fixed_q,0.045715456719584886,8.092642962199487e-05,5.134909413900903e-05,8.092642962199487e-05
20,472,model3_dynamic_q,0.05666803046907319,0.00018110577321404052,0.00018110577321404055,0.00015202416168890823
20,473,model1_fixed_q,0.04563683621544644,7.961271210237312e-05,7.423587478567384e-05,7.961271210237312e-05
20,473,model3_dynamic_q,0.056519872478956006,0.00018055206920489518,0.00018055206920489515,0.00014722343115744233
20,474,model1_fixed_q,0.045704607372867335,8.311449546817418e-05,8.311449546817417e-05,7.875020243494538e-05
20,474,model3_dynamic_q,0.05661795555430477,0.00015115111641278214,0.00015115111641278214,0.00014310218605732098
20,475,model1_fixed_q,0.045641917374462576,9.025615215417252e-05,9.02561521541725e-05,7.661117534376912e-05
20,475,model3_dynamic_q,0.056697331003530624,0.0001733108051969603,0.0001733108051969603,0.00014390857029830976
20,476,model1_fixed_q,0.04568944768225892,7.795368487437095e-05,7.43268900947083e-05,7.795368487437095e-05
20,476,model3_dynamic_q,0.05657438362638228,0.00017393351592342448,0.00017393351592342448,0.00014449748235641785
20,477,model1_fixed_q,0.045723841950777146,8.383346163049408e-05,8.383346163049408e-05,8.095511252798654e-05
20,477,model3_dynamic_q,0.0564482511584133,0.00014671350320926788,0.00014671350320926788,0.0001431503490304783
20,478,model1_fixed_q,0.04575614077465118,7.930788354707233e-05,6.984340491693789e-05,7.930788354707233e-05
20,478,model3_dynamic_q,0.05640957093953622,0.0001400276814418761,0.00010561285372610246,0.0001400276814418761
20,479,model1_fixed_q,0.04579448565700364,7.752005244282724e-05,6.470380864435446e-05,7.752005244282724e-05
20,479,model3_dynamic_q,0.056260046582998074,0.00013921701582782355,0.00012508694220893511,0.00013921701582782355
20,480,model1_fixed_q,0.04574814576773276,7.872080489889644e-05,6.815487058446784e-05,7.872080489889644e-05
20,480,model3_dynamic_q,0.05625828656636445,0.00015174124165016155,0.00015174124165016155,0.00013648461497800301
20,481,model1_fixed_q,0.045729375909669606,7.753826129821301e-05,7.22282004113513e-05,7.753826129821301e-05
20,481,model3_dynamic_q,0.05622214261465779,0.00013981506032942679,0.00012772952474339453,0.00013981506032942679
20,482,model1_fixed_q,0.045786353097698206,7.939737653200978e-05,7.939737653200978e-05,7.92138111887497e-05
20,482,model3_dynamic_q,0.056286127207910513,0.00014314711831456967,0.00014295939624897448,0.00014314711831456967
20,483,model1_fixed_q,0.04577978451139101,8.087324109297979e-05,7.276576203318074e-05,8.087324109297979e-05
20,483,model3_dynamic_q,0.05619126972567145,0.0001417037734358426,0.0001173519109428665,0.0001417037734358426
20,484,model1_fixed_q,0.04578816519457758,8.062502712779679e-05,8.062502712779679e-05,8.041462481724756e-05
20,484,model3_dynamic_q,0.056234519345583454,0.0001429541946891678,0.00012507317302647852,0.0001429541946891678
20,485,model1_fixed_q,0.04580085171978595,8.116328081536954e-05,8.116328081536954e-05,8.011491891401522e-05
20,485,model3_dynamic_q,0.05646253103501221,0.00014722102624787836,0.000130554181715097,0.00014722102624787836
20,486,model1_fixed_q,0.045801690650560604,7.95897442640933e-05,7.591273575455953e-05,7.95897442640933e-05
20,486,model3_dynamic_q,0.05661498449650729,0.00014636390626421818,0.00012357166860446357,0.00014636390626421818
20,487,model1_fixed_q,0.04574107183882115,9.953432748641177e-05,9.953432748641175e-05,7.870039584448458e-05
20,487,model3_dynamic_q,0.05669681917078053,0.0001399175806164837,0.00013757150893313735,0.0001399175806164837
20,488,model1_fixed_q,0.0456785922710969,8.209731003948517e-05,8.209731003948517e-05,7.880165870635217e-05
20,488,model3_dynamic_q,0.056441487470183634,0.00013654109024356529,0.00013450188414270158,0.00013654109024356529
20,489,model1_fixed_q,0.04574095871952752,8.054778463467043e-05,6.690655228678167e-05,8.054778463467043e-05
20,489,model3_dynamic_q,0.056234468758241944,0.00014869062605070733,0.00014869062605070733,0.0001381315738329361
20,490,model1_fixed_q,0.045726702360403985,8.051431489673627e-05,6.191643252048794e-05,8.051431489673627e-05
20,490,model3_dynamic_q,0.05631869621617388,0.0001408488490513183,0.00012788457141628198,0.0001408488490513183
20,491,model1_fixed_q,0.04570672003012363,8.091164907149853e-05,7.656734488475318e-05,8.091164907149853e-05
20,491,model3_dynamic_q,0.056354408851961045,0.0001459689581219129,0.00014044721106958697,0.0001459689581219129
20,492,model1_fixed_q,0.045737388495912724,7.900965782004341e-05,7.63968447590842e-05,7.900965782004341e-05
20,492,model3_dynamic_q,0.05644951736260896,0.00015956223378965466,0.00015956223378965466,0.00014452150591046542
20,493,model1_fixed_q,0.045807502748461126,7.675876280142654e-05,7.392883700337908e-05,7.675876280142654e-05
20,493,model3_dynamic_q,0.056526927658085875,0.00014374431094008343,0.0001432061265220255,0.00014374431094008343
20,494,model1_fixed_q,0.04576258401519436,7.726190974392683e-05,6.732614136310605e-05,7.726190974392683e-05
20,494,model3_dynamic_q,0.056456960142081694,0.00015631930986203675,0.00015631930986203675,0.0001407324385497509
20,495,model1_fixed_q,0.045761808967428534,7.77768840111449e-05,6.829319877214222e-05,7.77768840111449e-05
20,495,model3_dynamic_q,0.056452019598156565,0.00014380930277916587,0.00013186127354732316,0.00014380930277916587
20,496,model1_fixed_q,0.04572011116379005,8.358468834325805e-05,8.358468834325805e-05,7.790942335757843e-05
20,496,model3_dynamic_q,0.05638811536934459,0.0001451372162100082,0.00012711016127968684,0.0001451372162100082
20,497,model1_fixed_q,0.045662766014905806,7.818830573869583e-05,7.058866276284167e-05,7.818830573869583e-05
20,497,model3_dynamic_q,0.05643342280808837,0.00014913447071623271,0.00014913447071623271,0.0001430789732357616
20,498,model1_fixed_q,0.04572930328443565,7.86010221114155e-05,7.718086518543118e-05,7.86010221114155e-05
20,498,model3_dynamic_q,0.05652402658025713,0.00013916875303771395,0.00013413458324081456,0.00013916875303771395
20,499,model1_fixed_q,0.04577559845828019,7.935263908345895e-05,7.870452147926421e-05,7.935263908345895e-05
20,499,model3_dynamic_q,0.056711724154663,0.00017408917544925855,0.00017408917544925858,0.00014248226905353448
20,500,model1_fixed_q,0.045788526252129806,8.922217281690859e-05,8.922217281690859e-05,7.69202558644913e-05
20,500,model3_dynamic_q,0.05668330788118245,0.00014361851904118138,0.00014361851904118138,0.0001420202739893733
