k,p,t,variance_mean,sem_total,sem_network,sem_runs
8,0.0,0,0.08226551468452076,0.00026371745357754766,0.0002637174535775476,0.0002485203290311471
8,0.0,1,0.05057448335578847,0.0003089132619755849,0.0003089132619755849,0.00024817123808163914
8,0.0,2,0.037988200498029576,0.00027142507240068175,0.00027142507240068175,0.0002257304347610886
8,0.0,3,0.03274556127861904,0.00024924413744608926,0.00024924413744608926,0.00022480093142941194
8,0.0,4,0.030159443028552935,0.00022855101758326052,0.00022855101758326052,0.0002161799781679638
8,0.0,5,0.02936521632204556,0.0002421565566464575,0.00024215655664645752,0.00021773417279108483
8,0.0,6,0.029048028082773136,0.0002263009492772112,0.00021635301226685945,0.0002263009492772112
8,0.0,7,0.029167589551529628,0.0002267714399642748,0.00021504629590462482,0.0002267714399642748
8,0.0,8,0.02905824084456506,0.0002349014373934096,0.00022378982386486628,0.0002349014373934096
8,0.0,9,0.029113336566202408,0.0002323007773337468,0.00019081945657407881,0.0002323007773337468
8,0.0,10,0.029405977325601438,0.00023657068726141287,0.00023618148595525235,0.00023657068726141287
8,0.0,11,0.029717409429154094,0.00027086762771056955,0.00027086762771056955,0.00024460490964154963
8,0.0,12,0.029960979836686736,0.0002521434063259449,0.0002373690347095446,0.0002521434063259449
8,0.0,13,0.030276438588950624,0.0002559238505168265,0.00024082496862380077,0.0002559238505168265
8,0.0,14,0.030693804455015523,0.00025732684824397473,0.0002505309911500924,0.00025732684824397473
8,0.0,15,0.0310691533306934,0.0002617438253977649,0.00021647926349626585,0.0002617438253977649
8,0.0,16,0.03116734265333156,0.00026216242979604996,0.00024838000013116264,0.00026216242979604996
8,0.0,17,0.03144222080191405,0.00029700742564159945,0.00029700742564159945,0.00027608611531562016
8,0.0,18,0.031735787085170206,0.0003256072811086444,0.00032560728110864434,0.00028724985053046333
8,0.0,19,0.03188008756589803,0.0003282221186840748,0.0003282221186840748,0.0002911238834105177
8,0.0,20,0.03199457901468477,0.00033385956771003885,0.00033385956771003885,0.0002953684761000274
8,0.0,21,0.03216065182288786,0.00029964031450567156,0.00029964031450567156,0.00029634467547921275
8,0.0,22,0.03230504832572257,0.0003097370078995527,0.0003086329445313628,0.0003097370078995527
8,0.0,23,0.03270885279157886,0.0003626586824984072,0.0003626586824984072,0.00031196734425554027
8,0.0,24,0.03309738827294383,0.00034023775990074,0.00034023775990074,0.00031542890196443525
8,0.0,25,0.03348438696885528,0.0003283061894400554,0.0003283061894400554,0.00032299308526314083
8,0.0,26,0.03371346699824942,0.0003289300682666271,0.00032602604170219664,0.0003289300682666271
8,0.0,27,0.033744891324311396,0.00033552388922060026,0.00033552388922060026,0.00032709377133562274
8,0.0,28,0.03411226439468373,0.00033043650824382797,0.00030405092453603653,0.00033043650824382797
8,0.0,29,0.03428134316571134,0.00033923353948208214,0.0003237397853106685,0.00033923353948208214
8,0.0,30,0.03462200884878624,0.0003485379736458816,0.0003129752011006058,0.0003485379736458816
8,0.0,31,0.034795345552225174,0.00035711806779344725,0.00031817028575665266,0.00035711806779344725
8,0.0,32,0.03513231706880851,0.0003631242028379303,0.00030998267001499237,0.0003631242028379303
8,0.0,33,0.03507135228460475,0.00035723514609008964,0.00032002630372987936,0.00035723514609008964
8,0.0,34,0.0351236472472743,0.0003609897626649807,0.0003167513150409025,0.0003609897626649807
8,0.0,35,0.03554328461740273,0.00036432339017880696,0.00035076395481472986,0.00036432339017880696
8,0.0,36,0.03563184326246681,0.00040100278414330597,0.00040100278414330597,0.00036721896756727955
8,0.0,37,0.03563495689162805,0.00040848333539608044,0.00040848333539608044,0.0003614434493216527
8,0.0,38,0.03591773970651085,0.00041266959695712544,0.00041266959695712544,0.0003731192333661674
8,0.0,39,0.03623578156940173,0.0003921823870209737,0.0003921823870209737,0.00038106966140856246
8,0.0,40,0.03628588588225987,0.0003947821422016247,0.0003947821422016247,0.000385682762196779
8,0.0,41,0.03663656698689951,0.00039292841068809596,0.00036826603840058785,0.00039292841068809596
8,0.0,42,0.03674883651730961,0.00039340610641245416,0.0003728377576196949,0.00039340610641245416
8,0.0,43,0.03699626794139898,0.0004107428691498653,0.0003964054611235117,0.0004107428691498653
8,0.0,44,0.03702456649730482,0.000406249309335383,0.00038861787089147277,0.000406249309335383
8,0.0,45,0.037089915580968906,0.00041530589712664715,0.0004004173195174166,0.00041530589712664715
8,0.0,46,0.037201722354220056,0.0004147489310709559,0.0003832790628754278,0.0004147489310709559
8,0.0,47,0.03743678924658716,0.00042669098305162613,0.0003931609989821392,0.00042669098305162613
8,0.0,48,0.037385057527951265,0.00042832302052446867,0.0004023711111453697,0.00042832302052446867
8,0.0,49,0.03751083262621368,0.0004366657577927598,0.0003985765580342019,0.0004366657577927598
8,0.0,50,0.0376060184699299,0.00044192094967476797,0.0003723024303651599,0.00044192094967476797
8,0.0,51,0.03800205283256427,0.0004533707531181961,0.0003989648679705437,0.0004533707531181961
8,0.0,52,0.038455509854401965,0.0004542593450282686,0.00040468556792317334,0.0004542593450282686
8,0.0,53,0.038519517607099464,0.00045728628645083945,0.0003827340703898867,0.00045728628645083945
8,0.0,54,0.03854401871176691,0.00046760429651514934,0.00038916867496976206,0.00046760429651514934
8,0.0,55,0.038650400352207806,0.0004805210273445625,0.00036815388302520967,0.0004805210273445625
8,0.0,56,0.038639484417382915,0.0004739997156332182,0.0003521605112551051,0.0004739997156332182
8,0.0,57,0.0389197324822517,0.0004798641590955058,0.0003591713537058704,0.0004798641590955058
8,0.0,58,0.039164131803807754,0.0004907185829910462,0.0003572033446668017,0.0004907185829910462
8,0.0,59,0.0392772444050743,0.00048274829483947284,0.00039404017906037055,0.00048274829483947284
8,0.0,60,0.039291422789334236,0.00048390482232977584,0.00041205336816446935,0.00048390482232977584
8,0.0,61,0.039297047408134514,0.0004914289027922975,0.0004208989457549321,0.0004914289027922975
8,0.0,62,0.039408666448018534,0.0004931742521275559,0.0004058237227041865,0.0004931742521275559
8,0.0,63,0.03946296054001581,0.0005039811713544121,0.0004025979626623207,0.0005039811713544121
8,0.0,64,0.0392547099635505,0.0005022154895389158,0.00045021466291833643,0.0005022154895389158
8,0.0,65,0.0394954322568802,0.0004991975096359429,0.0004411170963100405,0.0004991975096359429
8,0.0,66,0.03959175594605442,0.0004998742768264696,0.000423546296772416,0.0004998742768264696
8,0.0,67,0.0398420358728665,0.000509763398109131,0.0003791015905829784,0.000509763398109131
8,0.0,68,0.039974790484952956,0.0005126350289774796,0.00045530928732771505,0.0005126350289774796
8,0.0,69,0.040150205776683615,0.0005229575341600536,0.000473095454756372,0.0005229575341600536
8,0.0,70,0.04041849178756351,0.0005246612140255755,0.0004945236494662759,0.0005246612140255755
8,0.0,71,0.040485794917386644,0.000547446782981848,0.000547446782981848,0.0005288726092273077
8,0.0,72,0.04059665007211586,0.0006089687203815328,0.0006089687203815328,0.0005281043924950928
8,0.0,73,0.04086707155344831,0.0005899432659038585,0.0005899432659038585,0.00053548577074867
8,0.0,74,0.040773762882629544,0.0005799502838503132,0.0005799502838503132,0.000548845050770703
8,0.0,75,0.04089400353745808,0.0005500100176559721,0.0005412706704434374,0.0005500100176559721
8,0.0,76,0.041246670709806206,0.0005499426440062125,0.0005342114478637661,0.0005499426440062125
8,0.0,77,0.04104754415276158,0.000542484102717546,0.0005075636720842137,0.000542484102717546
8,0.0,78,0.04107858190785221,0.0005469223017860682,0.0005194977908643145,0.0005469223017860682
8,0.0,79,0.040891575533447015,0.0005479239700632918,0.0004964135413906728,0.0005479239700632918
8,0.0,80,0.040913622137866014,0.0005475142544385001,0.000464155271428693,0.0005475142544385001
8,0.0,81,0.04097293437520207,0.000540471516884901,0.00046868092816524255,0.000540471516884901
8,0.0,82,0.04103606535969361,0.0005490130104115404,0.0004453154657238009,0.0005490130104115404
8,0.0,83,0.04101834746076091,0.0005424498415135988,0.0004897606638963293,0.0005424498415135988
8,0.0,84,0.04133506170953724,0.0005643626119086583,0.0005584897397199104,0.0005643626119086583
8,0.0,85,0.04121990550531618,0.0005619489127526277,0.0004783527787649042,0.0005619489127526277
8,0.0,86,0.041494937528361295,0.0005641800187505428,0.00048596116278031877,0.0005641800187505428
8,0.0,87,0.041464684177793795,0.0005595112789023985,0.0005277927933684433,0.0005595112789023985
8,0.0,88,0.04161566843495313,0.0005578037288019023,0.000498895498585676,0.0005578037288019023
8,0.0,89,0.04159584477493803,0.000559094462365223,0.0005014096426202167,0.000559094462365223
8,0.0,90,0.04168102154490165,0.0005609980847798039,0.0005435593721902657,0.0005609980847798039
8,0.0,91,0.04178630226117995,0.000553938752349167,0.0005053698758522198,0.000553938752349167
8,0.0,92,0.04190913922962535,0.0005498468856984491,0.00046184266693550114,0.0005498468856984491
8,0.0,93,0.041948017305161504,0.000571051228025536,0.000459563699264773,0.000571051228025536
8,0.0,94,0.04155931779103945,0.0005675674875183508,0.00045337221732088504,0.0005675674875183508
8,0.0,95,0.04145307717378098,0.0005767338695378708,0.0005342455488338947,0.0005767338695378708
8,0.0,96,0.041571976926008704,0.0005696828977715807,0.0005501955047945819,0.0005696828977715807
8,0.0,97,0.041762496064362574,0.0005757071657345141,0.0004988105494408695,0.0005757071657345141
8,0.0,98,0.04175041493248193,0.0005775408670469376,0.0005595364813882512,0.0005775408670469376
8,0.0,99,0.041484737939177514,0.0005789223794821797,0.000538639140137913,0.0005789223794821797
8,0.0,100,0.04175215174955724,0.0005903924477973805,0.0005275203843173847,0.0005903924477973805
8,0.0,101,0.04177203024731017,0.0005871233882841311,0.0004957101303565269,0.0005871233882841311
8,0.0,102,0.0418369812301497,0.000587971535842373,0.0005393224490652379,0.000587971535842373
8,0.0,103,0.04191296115131966,0.0006016375577454896,0.0005149762059142998,0.0006016375577454896
8,0.0,104,0.041889609568536615,0.000605866712463273,0.0005619216801510377,0.000605866712463273
8,0.0,105,0.041953476346205415,0.0006100514025866272,0.0005830349698202387,0.0006100514025866272
8,0.0,106,0.04197293861904058,0.0006237519229424045,0.0005616475735262915,0.0006237519229424045
8,0.0,107,0.042269784645004076,0.0006192566375819952,0.0005373430830456476,0.0006192566375819952
8,0.0,108,0.04211266845063029,0.0006292975108627257,0.0005282644282050367,0.0006292975108627257
8,0.0,109,0.04229071399299781,0.000633648646575483,0.0005459696863524553,0.000633648646575483
8,0.0,110,0.04259978858667409,0.0006407271636133816,0.0005391693908610803,0.0006407271636133816
8,0.0,111,0.04263176563303462,0.0006386841062022829,0.00048783195184230917,0.0006386841062022829
8,0.0,112,0.04263521525860024,0.0006504699495813293,0.0005412185921108128,0.0006504699495813293
8,0.0,113,0.04271521366701204,0.0006426794839644959,0.0005580323189149087,0.0006426794839644959
8,0.0,114,0.04254799526705799,0.0006320462044361355,0.000524562989732591,0.0006320462044361355
8,0.0,115,0.04290078667551208,0.0006387470290643278,0.000500169533213613,0.0006387470290643278
8,0.0,116,0.04295750777900997,0.000639085373219943,0.000500244939759529,0.000639085373219943
8,0.0,117,0.04283280215854686,0.0006277157443714788,0.0005192100079387344,0.0006277157443714788
8,0.0,118,0.042910004145867514,0.0006231086322862446,0.0004914237228316009,0.0006231086322862446
8,0.0,119,0.04293858520110432,0.0006193955711650695,0.0005265903193042812,0.0006193955711650695
8,0.0,120,0.043165184233947475,0.0006279089008852508,0.000532312160874766,0.0006279089008852508
8,0.0,121,0.043057906430333935,0.0006213347262019688,0.0005237111930274825,0.0006213347262019688
8,0.0,122,0.04307534714798231,0.000635793714437561,0.0005655261809001862,0.000635793714437561
8,0.0,123,0.04316871557403721,0.0006340644905388087,0.0005543826118549922,0.0006340644905388087
8,0.0,124,0.04319586213284984,0.0006364453410294229,0.0006164747420353835,0.0006364453410294229
8,0.0,125,0.04310193105640957,0.0006982479972570124,0.0006982479972570124,0.0006344473280864921
8,0.0,126,0.04325131301947607,0.0007424020335752031,0.0007424020335752031,0.0006370388260479219
8,0.0,127,0.04323797490243588,0.000748722677483644,0.0007487226774836441,0.0006417823880747243
8,0.0,128,0.04308507081863556,0.000719370240731584,0.000719370240731584,0.0006380331727478837
8,0.0,129,0.043320549012057334,0.0006987680277816161,0.0006987680277816161,0.000640737316180424
8,0.0,130,0.04332932922519929,0.0006749112917772221,0.0006749112917772221,0.0006369970479040011
8,0.0,131,0.04369722639870357,0.0006359938736959393,0.0006108033171363698,0.0006359938736959393
8,0.0,132,0.04393029875243507,0.0006403225833950477,0.0006113801834974647,0.0006403225833950477
8,0.0,133,0.04411981002811998,0.0006481962116294113,0.0005826071841660189,0.0006481962116294113
8,0.0,134,0.04424767081906124,0.0006538397683513651,0.0005652088741432244,0.0006538397683513651
8,0.0,135,0.044240361932763046,0.0006551000723999114,0.0005986200190271066,0.0006551000723999114
8,0.0,136,0.044333001074068665,0.0006668553712905088,0.0006261956250817542,0.0006668553712905088
8,0.0,137,0.04453908133531294,0.00067738303314855,0.0006319122543980315,0.00067738303314855
8,0.0,138,0.044397000598886835,0.000670871434690239,0.0006163988826402288,0.000670871434690239
8,0.0,139,0.044292855982886715,0.0006511895035006428,0.0006175612573580024,0.0006511895035006428
8,0.0,140,0.044394807121531606,0.0006655847886732177,0.0006158141457228321,0.0006655847886732177
8,0.0,141,0.044275190428277024,0.0006572199203811926,0.0006057890938524029,0.0006572199203811926
8,0.0,142,0.04453154704254472,0.000664136445551629,0.0006244731864384849,0.000664136445551629
8,0.0,143,0.04419472608070247,0.0006584054485838399,0.000588179569905888,0.0006584054485838399
8,0.0,144,0.044027824757644156,0.0006544430321957751,0.0006153748887654735,0.0006544430321957751
8,0.0,145,0.044625431154890365,0.0006672459098275472,0.0006225467743779345,0.0006672459098275472
8,0.0,146,0.044436537897874044,0.000651276718546732,0.0006153725546352791,0.000651276718546732
8,0.0,147,0.044591081259644456,0.0006773653104766286,0.0006773653104766286,0.0006498856696241186
8,0.0,148,0.04472511571892041,0.0006619704228434248,0.0006595628041811395,0.0006619704228434248
8,0.0,149,0.044648820746933646,0.0006581227343596314,0.0005903510894148889,0.0006581227343596314
8,0.0,150,0.04440268656971187,0.0006534145179580384,0.0005887272902590893,0.0006534145179580384
8,0.0,151,0.044585254354182036,0.000655277900068247,0.0005689379152193419,0.000655277900068247
8,0.0,152,0.04471916941694513,0.0006498243168350609,0.0005778208160872245,0.0006498243168350609
8,0.0,153,0.04456115247137491,0.0006586217814957347,0.0006149566293624223,0.0006586217814957347
8,0.0,154,0.044539177562832565,0.0006562731526961705,0.0006073250742216391,0.0006562731526961705
8,0.0,155,0.04461673897196553,0.0006560663138827908,0.000609399363756322,0.0006560663138827908
8,0.0,156,0.044601629945566885,0.0006676867665745256,0.0006080373366522605,0.0006676867665745256
8,0.0,157,0.04446313760064699,0.0006626798791142858,0.0005797868485987677,0.0006626798791142858
8,0.0,158,0.04437356833411588,0.0006627890475138832,0.0006045151949407774,0.0006627890475138832
8,0.0,159,0.044301523936718316,0.0006532824914081297,0.0005889876100057379,0.0006532824914081297
8,0.0,160,0.04420701724702874,0.0006580168829007175,0.0006097858814294452,0.0006580168829007175
8,0.0,161,0.04444263469379552,0.0006651701899990057,0.0006310245241782104,0.0006651701899990057
8,0.0,162,0.04470267973124944,0.0006851259406638121,0.000616374920120023,0.0006851259406638121
8,0.0,163,0.04467496322093085,0.0006929923175680926,0.0006326645448459751,0.0006929923175680926
8,0.0,164,0.04457438043045538,0.0006928908690818411,0.0006518723584664201,0.0006928908690818411
8,0.0,165,0.044729946714653565,0.0006914187361947669,0.0006846861707276069,0.0006914187361947669
8,0.0,166,0.045170485837955826,0.0006881180387370873,0.0006881180387370873,0.0006857794710385497
8,0.0,167,0.045272183723568435,0.0007459793472274057,0.0007459793472274056,0.0006927995629266426
8,0.0,168,0.045353218645112665,0.0007445165831984838,0.0007445165831984838,0.0006863334811911386
8,0.0,169,0.04510945908912104,0.0007225803009783257,0.0007225803009783256,0.0006746134019666667
8,0.0,170,0.04469024561468741,0.0007052231866284796,0.0007052231866284796,0.0006661635137719781
8,0.0,171,0.044852913828821436,0.0006757293209268318,0.0006757293209268318,0.0006634814682524943
8,0.0,172,0.044632263922726755,0.0006842029462435075,0.0006842029462435075,0.0006559712838997458
8,0.0,173,0.04475468559164813,0.0007276392913497579,0.0007276392913497579,0.0006533097711523826
8,0.0,174,0.0447932009986709,0.0006838332568088516,0.0006838332568088516,0.0006627155048082798
8,0.0,175,0.04499327915607618,0.000692854447697859,0.000692854447697859,0.0006528556722214338
8,0.0,176,0.04484665033752651,0.0006827157589484433,0.0006827157589484433,0.0006503075564941311
8,0.0,177,0.04519232171003984,0.0006816793682686152,0.0006816793682686152,0.0006435026515382846
8,0.0,178,0.04517897565049677,0.0006945071832364141,0.0006945071832364141,0.0006422319839514596
8,0.0,179,0.045335697478125186,0.0007379922516173372,0.0007379922516173371,0.0006380601221356705
8,0.0,180,0.04527845979527691,0.0006983983203206084,0.0006983983203206084,0.0006506953173287611
8,0.0,181,0.04493373597002984,0.000735239190798946,0.000735239190798946,0.0006561390600606785
8,0.0,182,0.0450486057536147,0.0007658638321446975,0.0007658638321446976,0.0006549383338779944
8,0.0,183,0.04515117098211867,0.0007101969630993829,0.000710196963099383,0.0006492431772938622
8,0.0,184,0.0450686626390382,0.0006760445438087657,0.0006760445438087658,0.0006314840706289343
8,0.0,185,0.04519164629897663,0.0007144372846032145,0.0007144372846032145,0.0006379549897431067
8,0.0,186,0.04519466109956536,0.000704423571970587,0.000704423571970587,0.0006387389292868842
8,0.0,187,0.0452258311355295,0.0007343945183153257,0.0007343945183153256,0.0006401080822239942
8,0.0,188,0.04535985291598488,0.0007174438296079137,0.0007174438296079137,0.0006419642564769495
8,0.0,189,0.04534060045135656,0.0007035345627049101,0.00070353456270491,0.0006426491677698991
8,0.0,190,0.04552322093159541,0.0007361621394161303,0.0007361621394161302,0.0006378742824648368
8,0.0,191,0.04580525835277338,0.0007596130738562669,0.0007596130738562668,0.0006466842228059257
8,0.0,192,0.045937887408067896,0.0007577699916202817,0.0007577699916202817,0.0006580175808770925
8,0.0,193,0.04585548966262389,0.0008146336172768347,0.0008146336172768346,0.0006550376012100494
8,0.0,194,0.045891617032052294,0.0007640734318415016,0.0007640734318415016,0.0006647398565009938
8,0.0,195,0.04583646210331171,0.0007610505409721269,0.0007610505409721268,0.000670613624123585
8,0.0,196,0.046079567388539314,0.0007087948613793321,0.0007087948613793321,0.0006717438195011789
8,0.0,197,0.04600015070697126,0.0007101007977445304,0.0007101007977445304,0.0006741663251073265
8,0.0,198,0.04571774682334782,0.0006983749155865393,0.0006983749155865393,0.0006733987670117253
8,0.0,199,0.045749907047297665,0.0007166937172612441,0.0007166937172612441,0.0006760784611269614
8,0.0,200,0.045810896511287245,0.0007151242434674805,0.0007151242434674804,0.0006844938968169795
8,0.0,201,0.04590719266079448,0.0006894781252539742,0.0006894781252539742,0.0006785901462706206
8,0.0,202,0.04593710731927628,0.0007366969112567253,0.0007366969112567253,0.0006712555462270081
8,0.0,203,0.045748131574037156,0.0007388422284802553,0.0007388422284802553,0.0006631506072792653
8,0.0,204,0.045838191988933845,0.0007681840498207013,0.0007681840498207013,0.0006670622842490046
8,0.0,205,0.045636356162422155,0.0007552234861812204,0.0007552234861812204,0.0006662466839525442
8,0.0,206,0.0457647143630678,0.0007624666705033482,0.0007624666705033482,0.0006914103957774872
8,0.0,207,0.04565768451038906,0.0007528556355266066,0.0007528556355266067,0.0006830707368839494
8,0.0,208,0.045750745175494406,0.00075902702181744,0.00075902702181744,0.000686233753643049
8,0.0,209,0.04570133115007042,0.0006938133900413018,0.0006938133900413018,0.0006769652498766561
8,0.0,210,0.045411726433164816,0.0006910390802642965,0.0006910390802642966,0.0006789327161647492
8,0.0,211,0.045623932684669376,0.0006967451897675823,0.0006967451897675823,0.0006763046952639441
8,0.0,212,0.045798318679399624,0.0006776327897503121,0.0006497488552065215,0.0006776327897503121
8,0.0,213,0.045450006626812055,0.000669595585835659,0.0006659753203021768,0.000669595585835659
8,0.0,214,0.04542548878804305,0.0006643277805887918,0.0006555686877832124,0.0006643277805887918
8,0.0,215,0.04555996791796889,0.0006913969125648137,0.0006913969125648137,0.0006670136393426409
8,0.0,216,0.04528553425400384,0.0006912738978276878,0.0006912738978276878,0.000663378905009203
8,0.0,217,0.0452466850724118,0.0006787461041706356,0.0006787461041706356,0.0006652472644669735
8,0.0,218,0.04536787336337449,0.0007047386755180107,0.0007047386755180106,0.0006626046870537488
8,0.0,219,0.045405231851183475,0.0007175551103534194,0.0007175551103534194,0.0006663365269564604
8,0.0,220,0.04549965411436218,0.0007057521135799135,0.0007057521135799135,0.0006644025680147908
8,0.0,221,0.04547292268469636,0.0006940830275929526,0.0006940830275929525,0.0006746296766601374
8,0.0,222,0.04534747290714609,0.0007383946147933205,0.0007383946147933205,0.0006693985589104391
8,0.0,223,0.04549344708034509,0.000762793000192585,0.000762793000192585,0.0006757796271278238
8,0.0,224,0.04570907922251566,0.0007461007542137856,0.0007461007542137856,0.000677156701162772
8,0.0,225,0.04554320811395407,0.0007123471210563283,0.0007123471210563284,0.0006685048232714927
8,0.0,226,0.04538989288537377,0.0006985077814368151,0.0006985077814368151,0.0006735803621924438
8,0.0,227,0.04554920227343904,0.0007556001652447641,0.0007556001652447641,0.0006714920431359025
8,0.0,228,0.04542248105895667,0.0007191461131363914,0.0007191461131363914,0.000663926637481336
8,0.0,229,0.04538767093626127,0.0007630379094993848,0.0007630379094993848,0.000659665149615318
8,0.0,230,0.045190989961657047,0.0007148825484333061,0.0007148825484333061,0.0006606936493070051
8,0.0,231,0.04529889382293607,0.0007048463476246591,0.0007048463476246591,0.000661790379466109
8,0.0,232,0.045169374546931956,0.0006649312084230265,0.0006649312084230263,0.0006597131499130698
8,0.0,233,0.0454884974463728,0.0006747605448124299,0.0006695087644182171,0.0006747605448124299
8,0.0,234,0.045330783316185105,0.0006933291905706314,0.0006933291905706313,0.0006607027344412574
8,0.0,235,0.04543372655327729,0.0006918093534305248,0.0006918093534305249,0.0006653914221838364
8,0.0,236,0.045617749522465036,0.0006858425405053232,0.0006858425405053232,0.0006604505502484887
8,0.0,237,0.045815958717935104,0.0007013299110584756,0.0007013299110584756,0.000662695798255605
8,0.0,238,0.04606923208326254,0.0007238200973483847,0.0007238200973483847,0.0006677770111284257
8,0.0,239,0.045920281452757235,0.0006933807574591007,0.0006933807574591007,0.0006783356838854989
8,0.0,240,0.04621797777955281,0.0006830425335735457,0.0006685914115839302,0.0006830425335735457
8,0.0,241,0.046447451933660594,0.000704476843248867,0.000704476843248867,0.0007012928537538635
8,0.0,242,0.04610372963833563,0.0007163430725815703,0.0006814083183969027,0.0007163430725815703
8,0.0,243,0.04604727210298196,0.0007070322135142797,0.0006709408924224859,0.0007070322135142797
8,0.0,244,0.045977746626992166,0.0006898579469084754,0.0006395983161443255,0.0006898579469084754
8,0.0,245,0.045987519991120065,0.0006985988601534527,0.0006570773920822097,0.0006985988601534527
8,0.0,246,0.04607746177337099,0.0006994490604711517,0.0006389965532768855,0.0006994490604711517
8,0.0,247,0.04590640261090259,0.0007002459620322005,0.0006739384993600113,0.0007002459620322005
8,0.0,248,0.04599920109653031,0.0007039434112517656,0.0006742782870777503,0.0007039434112517656
8,0.0,249,0.04588824239101227,0.0007004072223958405,0.0006479938225264661,0.0007004072223958405
8,0.0,250,0.04603127479621947,0.000699742127616001,0.0006761113327363935,0.000699742127616001
8,0.0,251,0.04595156588031394,0.0007076047693817736,0.0006705575019002361,0.0007076047693817736
8,0.0,252,0.04591389897591309,0.0007017281194971277,0.0006436782314233494,0.0007017281194971277
8,0.0,253,0.04574008144868454,0.0007096855894054533,0.0006571152691525066,0.0007096855894054533
8,0.0,254,0.04565703304251061,0.0007185038924754773,0.0006705610131591755,0.0007185038924754773
8,0.0,255,0.04577539269984656,0.0007254286686077641,0.0006795499446230005,0.0007254286686077641
8,0.0,256,0.045806992358977096,0.0007166778470965832,0.0007166778470965832,0.0007163347146438784
8,0.0,257,0.046045116884302954,0.0007153479423337471,0.000710839918404263,0.0007153479423337471
8,0.0,258,0.04630673227881617,0.0007214219211457298,0.0007175921949771982,0.0007214219211457298
8,0.0,259,0.046531367427966125,0.0007104840641842403,0.0006819672169290755,0.0007104840641842403
8,0.0,260,0.046498322793588565,0.0007202074310044262,0.0006750518311012425,0.0007202074310044262
8,0.0,261,0.04649032324040422,0.0007205321179679452,0.0006820086443327519,0.0007205321179679452
8,0.0,262,0.046573795960906016,0.0007199437547711177,0.0006948113233629866,0.0007199437547711177
8,0.0,263,0.04642800768379438,0.0007169228522920476,0.0006989563730714188,0.0007169228522920476
8,0.0,264,0.04642605639592735,0.0007371772817638467,0.0007371772817638467,0.0007180574494139829
8,0.0,265,0.04632926588591805,0.0007297682684265684,0.0007044570968940834,0.0007297682684265684
8,0.0,266,0.0461363040726286,0.0007306557997130115,0.0006697199381551427,0.0007306557997130115
8,0.0,267,0.04621777481621478,0.0007318435007132295,0.000663182583565227,0.0007318435007132295
8,0.0,268,0.04607570335629265,0.0007308157075631829,0.0006595183677020668,0.0007308157075631829
8,0.0,269,0.045815050796976856,0.0007417344442589452,0.000692548152892839,0.0007417344442589452
8,0.0,270,0.04598006857828927,0.0007449472421509986,0.0007324310399567704,0.0007449472421509986
8,0.0,271,0.04603653985843399,0.000830358836154368,0.000830358836154368,0.0007586071924932774
8,0.0,272,0.046251321585064904,0.000803709337292818,0.0008037093372928179,0.0007553302655271403
8,0.0,273,0.04603467765643122,0.00079087472909683,0.00079087472909683,0.0007539760347974489
8,0.0,274,0.046033435662017834,0.000811430983802717,0.0008114309838027168,0.0007451637041965914
8,0.0,275,0.046041253121291835,0.0008370099335885002,0.0008370099335885002,0.0007504513583572485
8,0.0,276,0.04597879927193389,0.0008666572196321505,0.0008666572196321504,0.0007535933678284482
8,0.0,277,0.046249519093734336,0.000873784796412428,0.0008737847964124279,0.0007648843357232254
8,0.0,278,0.04598358034034396,0.000866457318590942,0.000866457318590942,0.0007405091595194404
8,0.0,279,0.0459848400345999,0.0009073632918274364,0.0009073632918274364,0.0007404265428342484
8,0.0,280,0.04636005533949326,0.0008753317637102065,0.0008753317637102065,0.00075287704078557
8,0.0,281,0.046250610523575195,0.0008961246323305033,0.0008961246323305032,0.0007472321138464463
8,0.0,282,0.04636224207980361,0.0008936474128712035,0.0008936474128712035,0.0007611190137483568
8,0.0,283,0.046355643116693004,0.000879967352357804,0.000879967352357804,0.0007636915773509543
8,0.0,284,0.046459604740014156,0.0008685722808126618,0.0008685722808126619,0.0007638874178194343
8,0.0,285,0.04678508932809431,0.0008473034677767181,0.0008473034677767181,0.0007655740716975926
8,0.0,286,0.04655966340963422,0.0007704739591571574,0.0007702016694962118,0.0007704739591571574
8,0.0,287,0.0467893526622334,0.0007767593225702696,0.0007767593225702695,0.0007703309762689113
8,0.0,288,0.046834228663408674,0.000764455816034906,0.0007486556366069435,0.000764455816034906
8,0.0,289,0.04702988010577069,0.0007609286257911015,0.0007515986047811046,0.0007609286257911015
8,0.0,290,0.04687996875891299,0.0007496123350253876,0.0007194552108431392,0.0007496123350253876
8,0.0,291,0.04705691441691576,0.0007655105960279331,0.0007232570911477203,0.0007655105960279331
8,0.0,292,0.046877960370517835,0.0007681559999437298,0.0007354022567250517,0.0007681559999437298
8,0.0,293,0.04695816163925436,0.0007769267970514336,0.0007511355103726646,0.0007769267970514336
8,0.0,294,0.04684533070782835,0.0007720331399230621,0.0007272061655694251,0.0007720331399230621
8,0.0,295,0.04674596209901959,0.0007681683649409727,0.0007131312071101002,0.0007681683649409727
8,0.0,296,0.04673192568206726,0.0007572718363536084,0.0006513755070522527,0.0007572718363536084
8,0.0,297,0.046803450193342054,0.0007488954593308005,0.0006581993658537496,0.0007488954593308005
8,0.0,298,0.046749172150446966,0.0007377928075537378,0.0005934582164702883,0.0007377928075537378
8,0.0,299,0.04660587840257056,0.0007397031794881271,0.0006245929962605235,0.0007397031794881271
8,0.0,300,0.04652402725494034,0.000742139146287946,0.0006095998275437422,0.000742139146287946
8,0.0,301,0.04659920553502379,0.0007350726605460072,0.0005802260215762914,0.0007350726605460072
8,0.0,302,0.04666025408896752,0.0007254484531183638,0.0006005632155828575,0.0007254484531183638
8,0.0,303,0.046471336139606335,0.0007184469907646197,0.0005444083597024854,0.0007184469907646197
8,0.0,304,0.04648602725005913,0.0007284760732445418,0.0005190927449257803,0.0007284760732445418
8,0.0,305,0.04652362241961335,0.0007220726448988488,0.0005029107807833751,0.0007220726448988488
8,0.0,306,0.04630409832824912,0.0007294504477087796,0.00043417270262167387,0.0007294504477087796
8,0.0,307,0.04637081927525481,0.0007265734837636731,0.0004841608562267592,0.0007265734837636731
8,0.0,308,0.046216927853964716,0.0007173612448616219,0.0004579141389060821,0.0007173612448616219
8,0.0,309,0.04616883029068039,0.0007058763987443976,0.00046915812669275797,0.0007058763987443976
8,0.0,310,0.046095626230938255,0.000697967523996726,0.00040728586299410447,0.000697967523996726
8,0.0,311,0.04611194249208259,0.0006984186663794361,0.0004167197442966908,0.0006984186663794361
8,0.0,312,0.04602015589883319,0.0006846185996999084,0.0004005047392011113,0.0006846185996999084
8,0.0,313,0.045797113341499086,0.0006790552865672185,0.00043440099083824906,0.0006790552865672185
8,0.0,314,0.0461417019045495,0.0006840913270709862,0.0004683601682651758,0.0006840913270709862
8,0.0,315,0.045723052281781404,0.0006752476746688098,0.0004937177164646129,0.0006752476746688098
8,0.0,316,0.04587820362382639,0.0006741196130850899,0.0005366405217769872,0.0006741196130850899
8,0.0,317,0.045771300452870214,0.0006607135594020483,0.0005487974947268148,0.0006607135594020483
8,0.0,318,0.04588528002949999,0.0006584458833076172,0.0005024527291376535,0.0006584458833076172
8,0.0,319,0.04605004690150125,0.0006673949787568685,0.0005182757766885534,0.0006673949787568685
8,0.0,320,0.04593316361259091,0.0006760988906319332,0.0004976788133658991,0.0006760988906319332
8,0.0,321,0.046131701224807704,0.0006674516683922285,0.00048056870888738955,0.0006674516683922285
8,0.0,322,0.04633827773216821,0.0006746888200730266,0.00043209222069324474,0.0006746888200730266
8,0.0,323,0.04635991303357254,0.00066912516452777,0.0004776034447935743,0.00066912516452777
8,0.0,324,0.04645672299710027,0.0006734950256966998,0.0005025243914666828,0.0006734950256966998
8,0.0,325,0.046505276947729164,0.0006811120950870231,0.0005361925218081842,0.0006811120950870231
8,0.0,326,0.0464334978885707,0.0006900143829852031,0.0005426380995272297,0.0006900143829852031
8,0.0,327,0.04632741178230362,0.0006891573770792037,0.0005623682862103301,0.0006891573770792037
8,0.0,328,0.04654447918062933,0.0006945584955627906,0.0006092254192087949,0.0006945584955627906
8,0.0,329,0.04658024865092578,0.0007046469375525052,0.0006444267798035413,0.0007046469375525052
8,0.0,330,0.0468401730893042,0.0006984209888110086,0.0006891711519055187,0.0006984209888110086
8,0.0,331,0.046861160917442586,0.0007290587231160488,0.0007290587231160488,0.0006957528679875383
8,0.0,332,0.046801953325918744,0.0007413102498900309,0.0007413102498900309,0.0007068016242659386
8,0.0,333,0.04674733466183905,0.0007265070480470922,0.0007265070480470923,0.0007116379583527133
8,0.0,334,0.04679701641762508,0.0007312967290734865,0.0007312967290734865,0.0007163039801539008
8,0.0,335,0.04666209698554387,0.0007201777100933794,0.0006859435463140418,0.0007201777100933794
8,0.0,336,0.04702498711588397,0.0007313190849422693,0.0007201071680198378,0.0007313190849422693
8,0.0,337,0.04682689263461005,0.0007273336938521159,0.0007273336938521159,0.0007162157080186737
8,0.0,338,0.04661810077533665,0.0008070108990642837,0.0008070108990642836,0.0007154447370558615
8,0.0,339,0.04650703660349142,0.0007796648082619617,0.0007796648082619618,0.0007079246770785652
8,0.0,340,0.046266236516329134,0.0007056579378468667,0.0006963432217329395,0.0007056579378468667
8,0.0,341,0.04642047449540706,0.000711967631104517,0.0006887400274182869,0.000711967631104517
8,0.0,342,0.0466145834354079,0.000722005748702864,0.0006717830398262294,0.000722005748702864
8,0.0,343,0.04645801872639062,0.0007097467721653298,0.000665874270890416,0.0007097467721653298
8,0.0,344,0.04647888095663807,0.0007106967273889334,0.0006562885404852242,0.0007106967273889334
8,0.0,345,0.04657388177726314,0.0007192347414222517,0.0006656026216879467,0.0007192347414222517
8,0.0,346,0.04647407418822392,0.0007285924264950545,0.0007285924264950544,0.0007138129556486262
8,0.0,347,0.04668361310491162,0.0007180794193729663,0.0006991381972969498,0.0007180794193729663
8,0.0,348,0.04648535075487057,0.0007043602377752312,0.0007043602377752312,0.000704192284041663
8,0.0,349,0.0465955790805587,0.0007429836473374303,0.0007429836473374302,0.0007044489725194527
8,0.0,350,0.04661283434960028,0.0007691729778351511,0.0007691729778351511,0.0006951926235447279
8,0.0,351,0.04655928538339613,0.0007621759505557338,0.0007621759505557339,0.0006879897260575886
8,0.0,352,0.04703001567937217,0.0007422994664712078,0.0007422994664712078,0.0007048734231850676
8,0.0,353,0.04699986590215314,0.0007063424709357612,0.0006919948318689271,0.0007063424709357612
8,0.0,354,0.04684499969620189,0.0007193673295836892,0.0007193673295836892,0.0007055639639797412
8,0.0,355,0.04688823280622985,0.000722766372379589,0.000722766372379589,0.000707762491411465
8,0.0,356,0.046963238551072845,0.000719349818732298,0.0007129300498672305,0.000719349818732298
8,0.0,357,0.04705417367431813,0.0007221392387140393,0.000665837286068265,0.0007221392387140393
8,0.0,358,0.04720963012054986,0.0007332588373347176,0.0006619341403750709,0.0007332588373347176
8,0.0,359,0.04725747118517175,0.0007503632929740452,0.0006780625128256681,0.0007503632929740452
8,0.0,360,0.04743222143848894,0.0007634614007312952,0.0006692456642439746,0.0007634614007312952
8,0.0,361,0.04775456087145493,0.0007664055377376781,0.0007426005822423718,0.0007664055377376781
8,0.0,362,0.04740839877989535,0.0007639442010768567,0.0007639442010768568,0.0007627816556860426
8,0.0,363,0.04747570077883334,0.0007595564030839372,0.0007061845114167767,0.0007595564030839372
8,0.0,364,0.04735844728772211,0.0007464033215397886,0.000687029480481799,0.0007464033215397886
8,0.0,365,0.047500572874239415,0.0007583427326751227,0.0007326529708524468,0.0007583427326751227
8,0.0,366,0.04755299139353608,0.0007429573092402104,0.0006939375091018639,0.0007429573092402104
8,0.0,367,0.04730218605873652,0.0007364340472873594,0.00066862768093444,0.0007364340472873594
8,0.0,368,0.04750658146138254,0.0007397051452208261,0.000717125377390395,0.0007397051452208261
8,0.0,369,0.04767584525529815,0.0007607608944448302,0.0007607608944448302,0.0007483091039368215
8,0.0,370,0.04763769796010776,0.0007490127166276551,0.0007347307801686439,0.0007490127166276551
8,0.0,371,0.04752398353105677,0.0007384688511963612,0.0007302983015809194,0.0007384688511963612
8,0.0,372,0.04723048294919165,0.0007585728609247061,0.0007585728609247062,0.0007354535221587299
8,0.0,373,0.047483629702615056,0.0007464303794757335,0.0007464303794757335,0.000739838238570072
8,0.0,374,0.04751649207151432,0.0007485899361343285,0.0007351459367071677,0.0007485899361343285
8,0.0,375,0.04753980331850175,0.0007540591969282929,0.000676869259286807,0.0007540591969282929
8,0.0,376,0.04737283637451143,0.0007558716711478534,0.0007025644256919127,0.0007558716711478534
8,0.0,377,0.047411093126493754,0.0007627998814212227,0.0006581285273598147,0.0007627998814212227
8,0.0,378,0.047249076321705406,0.0007474400812939906,0.0006712091764382038,0.0007474400812939906
8,0.0,379,0.04722071287563764,0.0007600042475941742,0.0006975345788563074,0.0007600042475941742
8,0.0,380,0.04716726435498169,0.0007508109315692529,0.0006951269215824734,0.0007508109315692529
8,0.0,381,0.047179639374091094,0.0007386750175185375,0.0007183288053596507,0.0007386750175185375
8,0.0,382,0.04709446593113349,0.0007262261856154291,0.0007262261856154291,0.0007254279559367854
8,0.0,383,0.04729454281814873,0.0007185862838221625,0.0007051026888689825,0.0007185862838221625
8,0.0,384,0.04732200527770458,0.0007215724641651875,0.0006973618333694527,0.0007215724641651875
8,0.0,385,0.04740148045851325,0.0007256328800252858,0.0007256328800252858,0.000724582310836137
8,0.0,386,0.04732909778339101,0.0007417698327697392,0.0007417698327697392,0.0007203911099967391
8,0.0,387,0.04704841613526298,0.0007218379966712443,0.0007057317406976316,0.0007218379966712443
8,0.0,388,0.04709717274699808,0.0007333557867899432,0.0006654921023007137,0.0007333557867899432
8,0.0,389,0.04692719620681474,0.0007443012745243177,0.0006738861039150592,0.0007443012745243177
8,0.0,390,0.04698829290641611,0.0007520170602671954,0.0006707043137420772,0.0007520170602671954
8,0.0,391,0.04646940333468726,0.0007469753355711235,0.0007060994429330709,0.0007469753355711235
8,0.0,392,0.04661082216864434,0.0007469136982198776,0.0007172895150552056,0.0007469136982198776
8,0.0,393,0.04672923598585287,0.0007436722285020355,0.0007436722285020355,0.000730518310391614
8,0.0,394,0.04664432623340935,0.0007464781837675794,0.0007464781837675794,0.0007386750160109014
8,0.0,395,0.04667586207347935,0.0007458501584506767,0.0007458501584506767,0.0007360688500372656
8,0.0,396,0.04672943315886018,0.0007760385728081595,0.0007760385728081595,0.0007374152294725796
8,0.0,397,0.04662736215036993,0.0007390705694995902,0.000721976415922364,0.0007390705694995902
8,0.0,398,0.046902522773760655,0.0007568964649576079,0.0007568964649576079,0.0007438482514282538
8,0.0,399,0.04691427129205657,0.0007751870806780605,0.0007751870806780606,0.0007486531817935622
8,0.0,400,0.04674016801627587,0.0007471877957992827,0.0007471877957992828,0.0007339070089317736
8,0.0,401,0.046820067740237024,0.0007489281435298707,0.0007489281435298707,0.0007400016833137122
8,0.0,402,0.04692118958223022,0.0008065088087396351,0.0008065088087396352,0.0007426618194096017
8,0.0,403,0.04706223801368261,0.0008396477244769961,0.0008396477244769961,0.0007405831791888088
8,0.0,404,0.04694807140425308,0.0008432185673332088,0.0008432185673332088,0.0007276912795158504
8,0.0,405,0.04689361366600587,0.0007791668900623011,0.0007791668900623011,0.0007227819365440724
8,0.0,406,0.047200047263216874,0.0007483658490313055,0.0007483658490313055,0.0007237905062077093
8,0.0,407,0.047235854983459946,0.0007548979956945985,0.0007548979956945985,0.0007288134227216195
8,0.0,408,0.04719079848490596,0.0007874222367731357,0.0007874222367731357,0.0007250499668186507
8,0.0,409,0.04727189600810036,0.0008312883927339678,0.0008312883927339678,0.0007284410826349009
8,0.0,410,0.047367151206643004,0.0008505387785659245,0.0008505387785659245,0.0007309525564676916
8,0.0,411,0.047446637057454,0.0008393524319889324,0.0008393524319889325,0.0007345944213569749
8,0.0,412,0.04744646369201837,0.0008730472721069202,0.0008730472721069202,0.0007503774017085722
8,0.0,413,0.047329066687051176,0.0008707358921733055,0.0008707358921733054,0.0007588379224592229
8,0.0,414,0.047254798163313905,0.0007904566930855514,0.0007904566930855513,0.0007582014106914818
8,0.0,415,0.0471376561376946,0.000768345805070867,0.000768345805070867,0.0007540532115647965
8,0.0,416,0.04697902662437041,0.0008078726818642123,0.0008078726818642123,0.0007422922190450536
8,0.0,417,0.047021645972005865,0.000801799698828206,0.000801799698828206,0.000745153505539091
8,0.0,418,0.04686467336140623,0.0007828541175950005,0.0007828541175950006,0.0007354691631182522
8,0.0,419,0.04682944291763045,0.000775018517913665,0.000775018517913665,0.000725360344336845
8,0.0,420,0.04649208507292703,0.00080838794494806,0.00080838794494806,0.000719257182770161
8,0.0,421,0.046620096898840044,0.0008039222302024173,0.0008039222302024173,0.0007108018460319381
8,0.0,422,0.046842192279394436,0.0007924779977858421,0.0007924779977858422,0.0007167374826336166
8,0.0,423,0.04696986920304113,0.0007876388938443196,0.0007876388938443195,0.0007194920819896761
8,0.0,424,0.046759277171665406,0.0007922535999554481,0.0007922535999554482,0.000721072121666716
8,0.0,425,0.04669314214042861,0.0007996317286600559,0.0007996317286600559,0.0007338233042181271
8,0.0,426,0.046570644725489156,0.0007441918797969134,0.0007441918797969134,0.0007282471688523258
8,0.0,427,0.046498104816341125,0.000754003250652212,0.0007540032506522119,0.0007263060037445314
8,0.0,428,0.046600488583848354,0.0007836751713836142,0.0007836751713836142,0.0007234748017217919
8,0.0,429,0.046578662226641636,0.0007316546884185824,0.0007316546884185824,0.0007166949811589064
8,0.0,430,0.04656655724447649,0.0007610711974683303,0.0007610711974683304,0.0007089474936450709
8,0.0,431,0.04677247322958682,0.0007999541571935223,0.0007999541571935224,0.0007160391839287567
8,0.0,432,0.046429195805662626,0.000738214794933367,0.000738214794933367,0.0007139368775010459
8,0.0,433,0.04652927435794262,0.0007392157880770089,0.0007392157880770089,0.0007024140979359931
8,0.0,434,0.04650475052426903,0.000775304329398487,0.0007753043293984869,0.0007043466289584451
8,0.0,435,0.046495897126474596,0.0007590739685423243,0.0007590739685423243,0.0007140341063132808
8,0.0,436,0.046268035781442486,0.0007434129167449121,0.000743412916744912,0.0007092202395460258
8,0.0,437,0.046434842396708524,0.0007224029770221637,0.0007224029770221636,0.0007163506691188695
8,0.0,438,0.04674520380537714,0.0007149020266596297,0.0006945794768761273,0.0007149020266596297
8,0.0,439,0.04689495316724213,0.0007119784142026963,0.0007119784142026962,0.0007073382262730682
8,0.0,440,0.046565267646595625,0.0007146727124897218,0.0007146727124897217,0.0006921300430222186
8,0.0,441,0.04640869466283864,0.0007075269823649005,0.0007075269823649005,0.000701642794798671
8,0.0,442,0.04639908750392569,0.0007085484713753391,0.0006716593846979749,0.0007085484713753391
8,0.0,443,0.045960839628917304,0.0007052547071761113,0.0006620598215242719,0.0007052547071761113
8,0.0,444,0.046097254728180236,0.0007037704062302108,0.0006664742388385184,0.0007037704062302108
8,0.0,445,0.04605273054411609,0.0007089971454260244,0.000620580983388324,0.0007089971454260244
8,0.0,446,0.04617176442215145,0.0007118922018159416,0.0006064616795091965,0.0007118922018159416
8,0.0,447,0.04635808288009273,0.0007199210863930412,0.0006532419743618939,0.0007199210863930412
8,0.0,448,0.04653381210135139,0.0007239028777552075,0.0006589981343343497,0.0007239028777552075
8,0.0,449,0.04674126769740013,0.0007263504328288319,0.0006755884116246561,0.0007263504328288319
8,0.0,450,0.046679632949990564,0.0007296669956983116,0.0007142161100616587,0.0007296669956983116
8,0.0,451,0.04668091928056365,0.0007349782186875889,0.0006705722734847223,0.0007349782186875889
8,0.0,452,0.04664832055316463,0.0007410185843936484,0.0006857339730674521,0.0007410185843936484
8,0.0,453,0.04663265117611655,0.0007379654666974688,0.0006239366642702294,0.0007379654666974688
8,0.0,454,0.04632504670806228,0.0007355968592500297,0.0005965970005904572,0.0007355968592500297
8,0.0,455,0.04662772378430468,0.0007239982003264859,0.0006436360446234092,0.0007239982003264859
8,0.0,456,0.046639697902368764,0.0007200926945434504,0.0006307678876019219,0.0007200926945434504
8,0.0,457,0.04644772083662687,0.000711260211616337,0.0005971634073454654,0.000711260211616337
8,0.0,458,0.04648794361826724,0.0007065614631834075,0.0005934982055105949,0.0007065614631834075
8,0.0,459,0.046662186311808025,0.0007173749251927045,0.0005857853757120335,0.0007173749251927045
8,0.0,460,0.04668622236215903,0.0007233890293175396,0.0006207962062674601,0.0007233890293175396
8,0.0,461,0.04696590621058845,0.0007371925943091792,0.0005852043146143734,0.0007371925943091792
8,0.0,462,0.04680817798316132,0.0007340236161455132,0.0005916590770273522,0.0007340236161455132
8,0.0,463,0.04668045597886395,0.0007167569687058503,0.0006391164677976241,0.0007167569687058503
8,0.0,464,0.04672647219336961,0.0007169869333851451,0.0006810854600671904,0.0007169869333851451
8,0.0,465,0.04656746201386729,0.0007276072719689232,0.0007276072719689232,0.0007230485858305158
8,0.0,466,0.04660522520138446,0.0007231846793528814,0.0007101992454850953,0.0007231846793528814
8,0.0,467,0.046780026445094804,0.0007290655011403952,0.0007202626516795063,0.0007290655011403952
8,0.0,468,0.04703206828555219,0.0007692757636700255,0.0007692757636700254,0.0007336855812919368
8,0.0,469,0.0470800961347362,0.0007273023471195779,0.0007237656140376059,0.0007273023471195779
8,0.0,470,0.04722470601891762,0.0007294985952155062,0.000728416340934504,0.0007294985952155062
8,0.0,471,0.04700681671625096,0.0007288514831388684,0.0007288514831388684,0.0007172343524870933
8,0.0,472,0.04692194016053409,0.0007643929287676316,0.0007643929287676315,0.0007212668323467163
8,0.0,473,0.04698789194989719,0.0007462807984541742,0.0007462807984541741,0.0007339798882248888
8,0.0,474,0.04709567571444105,0.0007459013391586891,0.0007459013391586891,0.0007369027636196229
8,0.0,475,0.04716955599814591,0.0007481326274658693,0.0007481326274658693,0.0007343898652256363
8,0.0,476,0.04688885376271257,0.0007296764495204103,0.0007293775921491477,0.0007296764495204103
8,0.0,477,0.04698162423854555,0.0007471970826171978,0.0007351184255460174,0.0007471970826171978
8,0.0,478,0.047205434228261706,0.0007396468460643996,0.0007305741339133287,0.0007396468460643996
8,0.0,479,0.04736580655547138,0.0007273692124086528,0.0007164147421542188,0.0007273692124086528
8,0.0,480,0.047536942637853574,0.0007416576570538562,0.0006833100416868269,0.0007416576570538562
8,0.0,481,0.04742673107571195,0.00074076988886978,0.000718995019854103,0.00074076988886978
8,0.0,482,0.04739330449030457,0.0007510673083334048,0.0007510673083334047,0.0007435625108179681
8,0.0,483,0.04760100132247813,0.0007713610703754405,0.0007713610703754405,0.0007452414398290553
8,0.0,484,0.047561840446646006,0.0007485240012924166,0.0007485240012924165,0.0007416882879138196
8,0.0,485,0.04751376972721693,0.0007561122543613119,0.0007561122543613118,0.0007226390276280081
8,0.0,486,0.04718834417172417,0.0007561585075263757,0.0007561585075263757,0.0007129711657548116
8,0.0,487,0.04688575922182521,0.0007202682986912427,0.0006943533495444636,0.0007202682986912427
8,0.0,488,0.04703766064189736,0.0007096666192504448,0.0006656029348449519,0.0007096666192504448
8,0.0,489,0.04724673684704984,0.0007086493880487491,0.0006725123652936954,0.0007086493880487491
8,0.0,490,0.04725432689592369,0.0007241563537048116,0.0007241563537048115,0.0006996601699114978
8,0.0,491,0.04708217853138141,0.0006950714895870986,0.0006759653263635353,0.0006950714895870986
8,0.0,492,0.046991857075477594,0.0006913483543791921,0.0006279153749623972,0.0006913483543791921
8,0.0,493,0.047451776174595194,0.0007106250949028994,0.0006774319336819406,0.0007106250949028994
8,0.0,494,0.047362596148264546,0.0007079932881796422,0.000664856150086434,0.0007079932881796422
8,0.0,495,0.047306603623912986,0.0007006721305807864,0.000644758803350605,0.0007006721305807864
8,0.0,496,0.04712297636770398,0.0006998940408674537,0.000664183325982048,0.0006998940408674537
8,0.0,497,0.04719831391696679,0.0006953526499731553,0.0006953526499731554,0.0006939362455148712
8,0.0,498,0.047468364994014946,0.0007035316390592589,0.0007035316390592588,0.0007021238569986925
8,0.0,499,0.04727331277439834,0.0007219326489166733,0.0007219326489166733,0.0006954693435244763
8,0.0,500,0.0475829961170562,0.0007078682994409647,0.0007014134492611399,0.0007078682994409647
8,0.01,0,0.08232647428670381,0.0002694318979445833,0.00026943189794458337,0.0002539229884858525
8,0.01,1,0.05050929331214483,0.00024248120111796805,0.000202270355122576,0.00024248120111796805
8,0.01,2,0.037766894189587515,0.00021609647551342197,0.0002103172394942104,0.00021609647551342197
8,0.01,3,0.03218764837044505,0.00020727888703802225,0.00020146104553243497,0.00020727888703802225
8,0.01,4,0.03004643067622103,0.00020766428360473825,0.00019007460164548304,0.00020766428360473825
8,0.01,5,0.029031548979449658,0.0002217584057095339,0.0002217584057095339,0.00021713722992373752
8,0.01,6,0.028848201127845204,0.00025132147036473196,0.0002513214703647319,0.00022177901696082607
8,0.01,7,0.028718287810586118,0.0002557578775955508,0.0002557578775955508,0.0002235816120535275
8,0.01,8,0.028674395260369145,0.00028953080771254607,0.00028953080771254607,0.00022642205556291112
8,0.01,9,0.02878252706189015,0.00026348832924123723,0.0002634883292412372,0.00023060660846479134
8,0.01,10,0.02883999507113357,0.00028158510660402443,0.0002815851066040244,0.0002366839636380231
8,0.01,11,0.02932655012353057,0.00028801926821462025,0.00028801926821462025,0.0002454574668361782
8,0.01,12,0.029810876611398206,0.0002966959371157179,0.00029669593711571785,0.00024727257230665697
8,0.01,13,0.029897258754771956,0.00026527531062013105,0.00026527531062013105,0.0002571246718171359
8,0.01,14,0.030244652709607862,0.00026301103810276796,0.00026301103810276796,0.0002576147133006267
8,0.01,15,0.030291217826207344,0.00027138013375266063,0.0002713801337526606,0.0002636326266297017
8,0.01,16,0.030437140546021924,0.0002673808903304817,0.00026708159964287253,0.0002673808903304817
8,0.01,17,0.030793868483189154,0.0003082954653780463,0.0003082954653780463,0.0002687966292938218
8,0.01,18,0.031063686354811982,0.00030213129946889545,0.00030213129946889545,0.00027044865839798913
8,0.01,19,0.031026895815812756,0.0002779849203615917,0.0002751849480939297,0.0002779849203615917
8,0.01,20,0.03130709015880297,0.0002860939982350384,0.00028609399823503837,0.0002825114168787249
8,0.01,21,0.031227956651659835,0.0002874755729910452,0.0002847277922387026,0.0002874755729910452
8,0.01,22,0.03152477917179505,0.00032716820207054055,0.00032716820207054055,0.0002942621876926916
8,0.01,23,0.031801124898330264,0.00032357874196011616,0.00032357874196011616,0.00029647477779666244
8,0.01,24,0.031948635799995836,0.0003211244405104133,0.0003211244405104133,0.00029629009546945287
8,0.01,25,0.032033738194901934,0.00029326450970895175,0.0002701172998863351,0.00029326450970895175
8,0.01,26,0.03251184150167071,0.0003089412185316393,0.00030139404115914713,0.0003089412185316393
8,0.01,27,0.03280201128547335,0.00030953602909662334,0.00029141029870753937,0.00030953602909662334
8,0.01,28,0.03296735512995354,0.0003162575218491435,0.00031492967767256805,0.0003162575218491435
8,0.01,29,0.03310285966691687,0.0003658492121151035,0.00036584921211510344,0.0003154743230798828
8,0.01,30,0.03330422314111428,0.0003404359565097554,0.0003404359565097554,0.00032365503929669334
8,0.01,31,0.033415530217787995,0.00033891207448227925,0.0003384809029308526,0.00033891207448227925
8,0.01,32,0.033586556045836935,0.00036949051809987045,0.00036949051809987045,0.0003486047215143549
8,0.01,33,0.033710244419993964,0.0003660040328241606,0.00036600403282416056,0.0003520296690069386
8,0.01,34,0.03367728453933301,0.00038693320610459314,0.00038693320610459314,0.00034362633658979546
8,0.01,35,0.03391057239465313,0.00039818697311300876,0.0003981869731130088,0.00035512341773148145
8,0.01,36,0.034093150482138394,0.0004493190148429762,0.0004493190148429762,0.0003679178632454622
8,0.01,37,0.03427420538412947,0.0004813354635675743,0.00048133546356757425,0.0003687941996868908
8,0.01,38,0.03446517036442622,0.00049147968201908,0.00049147968201908,0.00036987044484259473
8,0.01,39,0.034614123684280323,0.0005537553906990934,0.0005537553906990934,0.0003732517181480808
8,0.01,40,0.03482218506331814,0.0005210837082514915,0.0005210837082514915,0.000384131065198093
8,0.01,41,0.03493767365590845,0.0005047246379975576,0.0005047246379975576,0.00038207521104042077
8,0.01,42,0.03486022934905022,0.0004532308263766382,0.0004532308263766381,0.0003809978993803114
8,0.01,43,0.03515427057342016,0.0004257930608428536,0.00042579306084285354,0.0003927183120237962
8,0.01,44,0.03535926121337869,0.000466424876586438,0.000466424876586438,0.00040057833925982944
8,0.01,45,0.03547071457552475,0.00045072039222845853,0.00045072039222845853,0.00040831090641486027
8,0.01,46,0.03548230770318019,0.0004606623906038995,0.00046066239060389946,0.00040997686123235566
8,0.01,47,0.035443887442745084,0.0004223668118166881,0.00042236681181668807,0.00040789732470504893
8,0.01,48,0.035593734708371114,0.0004156863869411715,0.0004156863869411715,0.00041245922594934653
8,0.01,49,0.035942181968922314,0.00041822055321686735,0.0003978962924223952,0.00041822055321686735
8,0.01,50,0.03590323722943607,0.000414084578328369,0.00039892190323545935,0.000414084578328369
8,0.01,51,0.03589553726272932,0.0004157710137791943,0.00041510680468956167,0.0004157710137791943
8,0.01,52,0.035931251850727666,0.0004225498330059174,0.00039602288969341226,0.0004225498330059174
8,0.01,53,0.03625363543266513,0.0004436665314012268,0.0004436665314012268,0.0004224555567104793
8,0.01,54,0.036425359106170244,0.0004974915426617406,0.0004974915426617406,0.00043850448530259795
8,0.01,55,0.036383137629669236,0.0004882849810724692,0.0004882849810724692,0.0004421938714927552
8,0.01,56,0.0366544474313536,0.0005069125150761893,0.0005069125150761893,0.00044412971456466853
8,0.01,57,0.03675408558634543,0.0004897014362767046,0.0004897014362767046,0.0004427442744006848
8,0.01,58,0.03682361492369878,0.0005241430826156507,0.0005241430826156507,0.00044683721065918774
8,0.01,59,0.0366180319970176,0.0005607428390047487,0.0005607428390047487,0.0004377637832770945
8,0.01,60,0.03681777833582025,0.0004974295654348021,0.0004974295654348021,0.0004359691094460618
8,0.01,61,0.03637420259614177,0.00047122827452868973,0.00047122827452868973,0.00043312011800825784
8,0.01,62,0.03651959398809955,0.00048526546105950576,0.00048526546105950576,0.0004444417939799255
8,0.01,63,0.03650510293211938,0.0004648681836000964,0.00046486818360009634,0.00044112602745462686
8,0.01,64,0.036684228536776775,0.0004871656741822755,0.00048716567418227545,0.0004396391944999979
8,0.01,65,0.03663474977426737,0.000511494433703139,0.000511494433703139,0.00044100664891206555
8,0.01,66,0.036698806980444844,0.0005008705681366231,0.0005008705681366232,0.0004385477058159382
8,0.01,67,0.036678410229622066,0.0005254948806512974,0.0005254948806512974,0.0004356814695387803
8,0.01,68,0.03696215638307995,0.000503779570234401,0.000503779570234401,0.0004350285372838285
8,0.01,69,0.03692860962896735,0.0005118010136060392,0.0005118010136060391,0.00043995185735547747
8,0.01,70,0.03685344979288643,0.0005090898708205908,0.0005090898708205907,0.00044096375892405457
8,0.01,71,0.036985710229380624,0.0004828599395141857,0.0004828599395141858,0.00044125399194665916
8,0.01,72,0.03706815723252842,0.0004661432319567688,0.0004661432319567688,0.00044219142313789265
8,0.01,73,0.036962984191525806,0.0004906651232966901,0.0004906651232966901,0.00043650001791934346
8,0.01,74,0.03724721937453623,0.0005145927921397777,0.0005145927921397777,0.00044920205880741553
8,0.01,75,0.03745477751411962,0.0004960415012545867,0.0004960415012545867,0.0004546358734384439
8,0.01,76,0.03746695323852171,0.0005507055735220641,0.0005507055735220641,0.00046186337681409915
8,0.01,77,0.03762243567109445,0.0005321800636322636,0.0005321800636322635,0.0004554429640618661
8,0.01,78,0.037765889082258565,0.0005181027408562943,0.0005181027408562942,0.0004620524668047574
8,0.01,79,0.037953324058972365,0.0005249885580317802,0.0005249885580317802,0.00046342403162381466
8,0.01,80,0.03768805427153263,0.0005411609137512391,0.0005411609137512391,0.0004582068904598455
8,0.01,81,0.03756392600622864,0.0005059387135329675,0.0005059387135329675,0.0004501455850630263
8,0.01,82,0.03745633603541773,0.0005455297242349541,0.0005455297242349541,0.0004460392306306443
8,0.01,83,0.03738786766453405,0.0005470058445983135,0.0005470058445983134,0.000447497388227783
8,0.01,84,0.037492081344492875,0.0005591737656860889,0.0005591737656860888,0.0004599988288892997
8,0.01,85,0.037445098223959576,0.000522413432813439,0.000522413432813439,0.0004624738208843295
8,0.01,86,0.037667114969978516,0.0005418387407556425,0.0005418387407556425,0.0004573095365975991
8,0.01,87,0.03775132096931395,0.0005877717196459172,0.0005877717196459172,0.0004616507466004491
8,0.01,88,0.03786744889730605,0.0006033118232117184,0.0006033118232117184,0.00047244568203798446
8,0.01,89,0.03796571010774764,0.0006185467536567457,0.0006185467536567457,0.00046946110641170064
8,0.01,90,0.03782446106763927,0.0005811058435728544,0.0005811058435728544,0.0004658620246893391
8,0.01,91,0.03800599748255108,0.0005791501746947939,0.0005791501746947939,0.0004710232131569387
8,0.01,92,0.03775547920057527,0.0005700069858970931,0.0005700069858970932,0.0004665171926314248
8,0.01,93,0.03776490984739337,0.0005874766926706937,0.0005874766926706938,0.0004653081646462184
8,0.01,94,0.03774117517949738,0.0006318372290728725,0.0006318372290728725,0.0004732281376448177
8,0.01,95,0.03800575202194523,0.0006477563430685836,0.0006477563430685835,0.00047449449221543595
8,0.01,96,0.03814670048988671,0.000664455593803942,0.0006644555938039419,0.00048121517383169763
8,0.01,97,0.038334438029685135,0.0006598787964633145,0.0006598787964633146,0.0004798742108933701
8,0.01,98,0.03874828568013133,0.0006111822409479752,0.0006111822409479752,0.0004820443290689831
8,0.01,99,0.03871028132894218,0.000600383585884064,0.000600383585884064,0.00048612839004140765
8,0.01,100,0.03876672043852063,0.0005762901093084561,0.0005762901093084561,0.0004884489229342845
8,0.01,101,0.03865897008403201,0.0005636153595085634,0.0005636153595085634,0.0004907482986108355
8,0.01,102,0.038733021218756686,0.0006134450474979181,0.0006134450474979181,0.0004983147641758158
8,0.01,103,0.038743100714424245,0.000641713829776642,0.000641713829776642,0.000498712149064514
8,0.01,104,0.038916045837553946,0.0005993146135344008,0.0005993146135344007,0.0004980699338568561
8,0.01,105,0.03884644254182258,0.0005738033630147721,0.0005738033630147721,0.0005017418867361639
8,0.01,106,0.03893855494242082,0.000559762253951832,0.000559762253951832,0.0004995923926136536
8,0.01,107,0.039181263769249554,0.0005897974885085092,0.0005897974885085092,0.000498921479614795
8,0.01,108,0.03937031727860988,0.0006021867203979699,0.0006021867203979699,0.0005040350007987435
8,0.01,109,0.03941751130627777,0.0005669388930557605,0.0005669388930557604,0.0004952610113276527
8,0.01,110,0.03928460366395943,0.0006009172546316207,0.0006009172546316207,0.0005011558358201158
8,0.01,111,0.03928068139080466,0.0005758801440024588,0.0005758801440024588,0.0004915658315726173
8,0.01,112,0.039237953781749386,0.0005763780284567383,0.0005763780284567382,0.0004997010606859214
8,0.01,113,0.03933822744250868,0.0006330755386636803,0.0006330755386636803,0.0005015498132550303
8,0.01,114,0.03901747710809588,0.0005679474027615314,0.0005679474027615314,0.0004956481845628673
8,0.01,115,0.03904267883700556,0.0005689040830838017,0.0005689040830838017,0.0004982671707223339
8,0.01,116,0.039169775498216625,0.0005366005289316904,0.0005366005289316904,0.0005069702225868191
8,0.01,117,0.03892318304768221,0.0005547095051500904,0.0005547095051500903,0.0004951984399063547
8,0.01,118,0.039075409993830516,0.0005639623522335029,0.0005639623522335029,0.0004916633289234312
8,0.01,119,0.03922551572966408,0.0005541896733166695,0.0005541896733166695,0.00048623896819856673
8,0.01,120,0.039039236761037974,0.0005264402500749335,0.0005264402500749335,0.00047946348274460114
8,0.01,121,0.039007177979211015,0.000520286551212063,0.000520286551212063,0.0004803356705478751
8,0.01,122,0.039141060029020645,0.0005453109062576432,0.0005453109062576433,0.0004875910577845325
8,0.01,123,0.03913522931228522,0.0005018604416750333,0.0005018604416750333,0.0004927783960567458
8,0.01,124,0.0389571527117277,0.0005037348393130546,0.0005037348393130545,0.0004941174987903726
8,0.01,125,0.038916968695037475,0.0005647544032579402,0.0005647544032579402,0.0004958053277998404
8,0.01,126,0.038701937298946734,0.0005987458018048451,0.0005987458018048451,0.0004865327160793764
8,0.01,127,0.03852152820283847,0.0006179434711177011,0.0006179434711177011,0.0004871239734192196
8,0.01,128,0.03850280783301311,0.0006637230503785509,0.0006637230503785509,0.0004867640813844467
8,0.01,129,0.03852938353969833,0.0006554714410328613,0.0006554714410328613,0.0004885350276848761
8,0.01,130,0.03860964581340675,0.0006934427452625618,0.0006934427452625617,0.0004876377157168814
8,0.01,131,0.03860275551084128,0.0006838748802457633,0.0006838748802457634,0.0005008535010219932
8,0.01,132,0.03838781285331636,0.0006813135193774232,0.0006813135193774232,0.0004914131523115639
8,0.01,133,0.03843793726581421,0.0006468440141136074,0.0006468440141136074,0.0004919908396812314
8,0.01,134,0.0385357202330674,0.0006422628148964678,0.0006422628148964678,0.0004841361063271307
8,0.01,135,0.03882174452920514,0.0006599940724488812,0.0006599940724488812,0.0004909798967284185
8,0.01,136,0.03880761963787372,0.0006665220834478807,0.0006665220834478807,0.000492216377838041
8,0.01,137,0.03876159050594875,0.0006634295517847132,0.0006634295517847133,0.0004798935740905508
8,0.01,138,0.038726311135489584,0.0006871035805374172,0.0006871035805374171,0.00048380452069605014
8,0.01,139,0.038852733212743844,0.0006555723473958276,0.0006555723473958275,0.0004909845813672152
8,0.01,140,0.03861041401635443,0.0006926116437999216,0.0006926116437999215,0.0004961006786867652
8,0.01,141,0.03865669683297395,0.0007299029335454794,0.0007299029335454792,0.0004991263763764609
8,0.01,142,0.03866829941123705,0.0007072601568307025,0.0007072601568307024,0.00048555215463420923
8,0.01,143,0.03874855958812651,0.0007322505373613434,0.0007322505373613435,0.00048381389404208275
8,0.01,144,0.03864275975496722,0.0006918513682867544,0.0006918513682867544,0.0004700937402041561
8,0.01,145,0.03883926761410961,0.0006757071638351068,0.0006757071638351068,0.0004701637345351589
8,0.01,146,0.038721218875376114,0.000697456561008015,0.000697456561008015,0.00046492593253996076
8,0.01,147,0.03857100679581142,0.0007243788979821311,0.0007243788979821311,0.0004695804437366139
8,0.01,148,0.038684501719851654,0.0007955876810634712,0.0007955876810634712,0.0004897607547458456
8,0.01,149,0.038883914219576536,0.0008421473153216273,0.0008421473153216273,0.0005004161067449437
8,0.01,150,0.03906295256182852,0.0008094410760415806,0.0008094410760415805,0.0005009269102054133
8,0.01,151,0.03907483301163967,0.0008051414279334931,0.0008051414279334931,0.0004936541878048113
8,0.01,152,0.038819095000218996,0.0008084203024898893,0.0008084203024898893,0.0004946781842077339
8,0.01,153,0.03881500089915559,0.0007988358401115458,0.0007988358401115458,0.00048793940332884467
8,0.01,154,0.038803740755217524,0.0008072011232722266,0.0008072011232722266,0.0004891181626922327
8,0.01,155,0.03914013519343722,0.0007664642727914402,0.0007664642727914403,0.0005016529867859998
8,0.01,156,0.03914434188622392,0.0008074257237588055,0.0008074257237588053,0.0004970979402366472
8,0.01,157,0.03925045502266897,0.0008179211915569962,0.0008179211915569961,0.00050792356646751
8,0.01,158,0.03929567986951346,0.00078223142114894,0.00078223142114894,0.0005006864495621774
8,0.01,159,0.03924294299210545,0.0007414932911984677,0.0007414932911984677,0.0004859982395900875
8,0.01,160,0.03953037372117027,0.0007702931506575674,0.0007702931506575674,0.0004985471498515614
8,0.01,161,0.03937663600133941,0.0007240452730678048,0.0007240452730678048,0.0004980660908749121
8,0.01,162,0.03954208255097318,0.0007180693935823072,0.0007180693935823072,0.0005048671313817581
8,0.01,163,0.03955811703065047,0.0007074791509363533,0.0007074791509363533,0.0005091873383385287
8,0.01,164,0.03951987963582163,0.0006783462100863699,0.0006783462100863698,0.0005178614054915187
8,0.01,165,0.039371887070700294,0.0006428526834532393,0.0006428526834532393,0.0005091312279431049
8,0.01,166,0.03966932080450751,0.0006377054585198331,0.0006377054585198331,0.0005073508873464098
8,0.01,167,0.03961389144437445,0.0006804527012285542,0.0006804527012285542,0.0005121882424870871
8,0.01,168,0.03958289341651053,0.0007045782602166366,0.0007045782602166366,0.0005040572788511841
8,0.01,169,0.03946255839466511,0.000694854757831508,0.0006948547578315079,0.0005022599898329541
8,0.01,170,0.039707871650632824,0.0006730047447972027,0.0006730047447972027,0.0005001039869762994
8,0.01,171,0.039817059216984835,0.0007295342897769615,0.0007295342897769615,0.0005046668230562795
8,0.01,172,0.04001808791643612,0.0007723123208888256,0.0007723123208888255,0.0005048993959649585
8,0.01,173,0.040121843440696595,0.000719477108858145,0.0007194771088581449,0.00051874016390623
8,0.01,174,0.0401757793720497,0.0007351556889703653,0.0007351556889703654,0.0005301254119256253
8,0.01,175,0.03993894020046282,0.0007178691730759677,0.0007178691730759677,0.000518551508957727
8,0.01,176,0.0399291982259586,0.0007517518802850395,0.0007517518802850395,0.0005243630438018507
8,0.01,177,0.0400417437315494,0.000832776945287084,0.0008327769452870839,0.0005235369865000503
8,0.01,178,0.040071706219230334,0.0008003844346599872,0.0008003844346599872,0.0005202511381740564
8,0.01,179,0.03985828788472527,0.000801919913954433,0.0008019199139544331,0.0005260306195151492
8,0.01,180,0.04008013771022649,0.0008024393405935235,0.0008024393405935235,0.0005386194529306048
8,0.01,181,0.040042367000442954,0.0007967324831021628,0.0007967324831021628,0.0005317218059225738
8,0.01,182,0.0400354990158766,0.0007584375118508043,0.0007584375118508043,0.0005304679021500695
8,0.01,183,0.039832848528227244,0.0007561084927143677,0.0007561084927143677,0.0005288789772823633
8,0.01,184,0.039876526902491875,0.000781579967408379,0.0007815799674083791,0.000525844681505841
8,0.01,185,0.04005228972718925,0.0008119692893637435,0.0008119692893637434,0.0005298132284169585
8,0.01,186,0.03991608663451516,0.0007617555119280398,0.0007617555119280399,0.0005262061782441853
8,0.01,187,0.03993326766592256,0.0007821941902498335,0.0007821941902498335,0.0005242200971243045
8,0.01,188,0.04003422115630909,0.0007981184874649007,0.0007981184874649006,0.0005458312058860031
8,0.01,189,0.040312504172205756,0.0007739423925142348,0.0007739423925142348,0.0005473750839986875
8,0.01,190,0.04030652749613405,0.0007765966860992721,0.0007765966860992721,0.0005435611873311238
8,0.01,191,0.040115457084294676,0.0007801063286890927,0.0007801063286890927,0.0005392324779290546
8,0.01,192,0.0398412607315274,0.0007797236224028625,0.0007797236224028625,0.0005353799400748505
8,0.01,193,0.03998758010122945,0.0007736696896096842,0.0007736696896096842,0.0005309189105579828
8,0.01,194,0.039752184268337314,0.0007564607642140699,0.00075646076421407,0.0005294773766134015
8,0.01,195,0.03972577442988111,0.0008275593930155541,0.0008275593930155541,0.0005281490613446034
8,0.01,196,0.03960895222273502,0.000818597083233599,0.0008185970832335988,0.0005385111012222319
8,0.01,197,0.03991860275031576,0.0008280102360955827,0.0008280102360955825,0.0005414623874948821
8,0.01,198,0.03989993532009923,0.0007518946509500889,0.0007518946509500889,0.0005479491183697161
8,0.01,199,0.039972978630654306,0.0007972294472276685,0.0007972294472276685,0.0005426234753211031
8,0.01,200,0.04009402561200322,0.0007890440802774816,0.0007890440802774815,0.0005533325112057869
8,0.01,201,0.03992509619325987,0.0007914194453991562,0.0007914194453991562,0.0005461470502655142
8,0.01,202,0.039762383546252535,0.000782996398122071,0.000782996398122071,0.0005470016989193195
8,0.01,203,0.03958627596256278,0.0008088374769971984,0.0008088374769971984,0.0005419608132095622
8,0.01,204,0.039649563414255046,0.0008361693189332802,0.0008361693189332802,0.0005469753633962978
8,0.01,205,0.03965605858997582,0.0008573545419511625,0.0008573545419511624,0.000541349811559593
8,0.01,206,0.039854549588522234,0.0008361907629597194,0.0008361907629597194,0.0005449526628889337
8,0.01,207,0.04019775957278082,0.0008077502565967509,0.0008077502565967509,0.0005603312041991067
8,0.01,208,0.04017262026366383,0.0008159901931151349,0.0008159901931151348,0.0005563762198741838
8,0.01,209,0.04002392975582685,0.0007837314509539078,0.0007837314509539076,0.0005551105876518014
8,0.01,210,0.039967446793528455,0.0007932792241057703,0.0007932792241057704,0.000558707606768906
8,0.01,211,0.04010873612391554,0.0007536335277146556,0.0007536335277146556,0.0005534111151544886
8,0.01,212,0.040355421164105704,0.0007620330766706748,0.0007620330766706748,0.000558760628287498
8,0.01,213,0.04044556539469669,0.000773583159253673,0.000773583159253673,0.0005614708476538715
8,0.01,214,0.04035810528704165,0.0007564357214487476,0.0007564357214487476,0.0005660554347200211
8,0.01,215,0.040139426197779174,0.0007726967874845277,0.0007726967874845277,0.0005547594085056685
8,0.01,216,0.0403293471018069,0.0007950811187709376,0.0007950811187709376,0.0005616815340669384
8,0.01,217,0.04020981041312977,0.0007951483164378961,0.0007951483164378961,0.0005614621426440496
8,0.01,218,0.04005294610776491,0.000739882569135816,0.000739882569135816,0.0005604375828596002
8,0.01,219,0.04022695199527586,0.0007623230086059917,0.0007623230086059917,0.0005633701106870032
8,0.01,220,0.04011229805535179,0.0007207732864669699,0.0007207732864669699,0.0005498733071046621
8,0.01,221,0.03997800776946677,0.0007506015832549706,0.0007506015832549706,0.0005577910449196954
8,0.01,222,0.04017015510819905,0.0007807181095186763,0.0007807181095186763,0.0005621036474498817
8,0.01,223,0.04015351560753934,0.0007980499248890891,0.0007980499248890891,0.0005536079256415361
8,0.01,224,0.03999089386725773,0.0007686234238989048,0.0007686234238989048,0.000551052184271553
8,0.01,225,0.04025140664424623,0.0007906548044380767,0.0007906548044380766,0.0005585475549366799
8,0.01,226,0.04019033446733669,0.0007966713609251418,0.0007966713609251417,0.0005454910681167622
8,0.01,227,0.04028629022563409,0.0008246792437526917,0.0008246792437526917,0.0005458403496045406
8,0.01,228,0.040196574386003193,0.0008294628107742439,0.0008294628107742439,0.0005388768862421755
8,0.01,229,0.04014284992696688,0.0008124360078682857,0.0008124360078682856,0.0005433692047790617
8,0.01,230,0.04014666222927866,0.0008105031532344529,0.0008105031532344528,0.000534914108917852
8,0.01,231,0.04031598128465606,0.0007890198864979335,0.0007890198864979335,0.0005268862770971353
8,0.01,232,0.040292549794203096,0.0007549496889706375,0.0007549496889706374,0.0005220282530637681
8,0.01,233,0.04034092816424293,0.0007332776277582249,0.0007332776277582249,0.0005352257558673618
8,0.01,234,0.04046696013821406,0.0007613527966959152,0.0007613527966959153,0.0005437336310800176
8,0.01,235,0.04055346867640463,0.0007867256018307373,0.0007867256018307373,0.0005512176167996371
8,0.01,236,0.04055498154441801,0.0008056085372716153,0.0008056085372716153,0.0005587527017260063
8,0.01,237,0.04076363169953392,0.0008063488443400574,0.0008063488443400574,0.0005673748674943621
8,0.01,238,0.04074238692304027,0.0008239304859529081,0.0008239304859529082,0.0005786094617136865
8,0.01,239,0.04057159469607068,0.0008478031246871485,0.0008478031246871485,0.0005768917766939112
8,0.01,240,0.04038421881059426,0.0007972280068306013,0.0007972280068306013,0.0005824813151292112
8,0.01,241,0.04050679110118072,0.0007565846012672003,0.0007565846012672003,0.0005850049816104993
8,0.01,242,0.04055918477866661,0.0007650849046608119,0.0007650849046608119,0.0005838336666231771
8,0.01,243,0.04055301764591826,0.000774871605711254,0.000774871605711254,0.0005871357608077472
8,0.01,244,0.04052720874452839,0.0007799494354205259,0.0007799494354205257,0.0005826707017025875
8,0.01,245,0.04065217771350736,0.0008027535771452464,0.0008027535771452464,0.0005801807374717773
8,0.01,246,0.04064458710099157,0.0008408489728855339,0.0008408489728855338,0.0005843410675380294
8,0.01,247,0.040421290086448125,0.0008247860200273949,0.0008247860200273948,0.0005818714641110164
8,0.01,248,0.04051927632412223,0.0007899842168008952,0.0007899842168008951,0.0005721195617190296
8,0.01,249,0.040362804418260005,0.0007847080481228492,0.0007847080481228491,0.0005622617808918243
8,0.01,250,0.04033974801615714,0.0007765091212148579,0.0007765091212148579,0.0005565775309595084
8,0.01,251,0.04035298996123957,0.0007320803025323176,0.0007320803025323176,0.000550188603781084
8,0.01,252,0.040410384098990254,0.0006801244998561732,0.0006801244998561731,0.0005524472651108693
8,0.01,253,0.04032081326855375,0.000734894792368497,0.0007348947923684969,0.0005379773388314983
8,0.01,254,0.04038998771835324,0.0007048083429139843,0.0007048083429139843,0.0005431052518076135
8,0.01,255,0.04048377783517791,0.0007391520541414248,0.0007391520541414248,0.0005452427113750245
8,0.01,256,0.04072332779561594,0.0007130598711940822,0.0007130598711940821,0.0005545896864333854
8,0.01,257,0.04049466549373058,0.0006827392985177272,0.0006827392985177273,0.0005516241259407063
8,0.01,258,0.04041058800878462,0.0006879829336112957,0.0006879829336112957,0.0005511376693021886
8,0.01,259,0.040360977420863815,0.0007144437254000518,0.0007144437254000517,0.0005479247413398
8,0.01,260,0.040217986791014314,0.0007634490400420077,0.0007634490400420077,0.0005556843947355009
8,0.01,261,0.040240961128573664,0.0007278526615784027,0.0007278526615784027,0.0005523014800105451
8,0.01,262,0.04005977545392334,0.0007083578709050084,0.0007083578709050083,0.0005415759182663236
8,0.01,263,0.04044421476852087,0.0007012540576804147,0.0007012540576804147,0.0005600207708021539
8,0.01,264,0.04054408107925119,0.0007057338602849674,0.0007057338602849674,0.000556987073636328
8,0.01,265,0.040580334062609816,0.0007897480766192687,0.0007897480766192687,0.0005599247045474541
8,0.01,266,0.04036759240889932,0.0007808945490305392,0.0007808945490305391,0.0005535109728433328
8,0.01,267,0.04051668411925353,0.00077524711270176,0.00077524711270176,0.0005570549546401115
8,0.01,268,0.04036160770860294,0.0007891859497674837,0.0007891859497674837,0.0005501807356514069
8,0.01,269,0.04056454939694214,0.0007589943694726461,0.0007589943694726461,0.0005563720924848599
8,0.01,270,0.04055144062362744,0.0007409133439617282,0.0007409133439617283,0.0005491983705187543
8,0.01,271,0.04046325636986171,0.0007613091250782637,0.0007613091250782637,0.0005423429459513469
8,0.01,272,0.040389799578026374,0.000744558215386597,0.000744558215386597,0.0005437948307624401
8,0.01,273,0.04046314628725144,0.0007386855859557648,0.0007386855859557647,0.0005407434475647461
8,0.01,274,0.04021547087352233,0.0007469320163921422,0.0007469320163921422,0.000534135838498471
8,0.01,275,0.040242219350203584,0.000787158043568744,0.0007871580435687441,0.0005318070943609381
8,0.01,276,0.04008104119140354,0.000765032655998607,0.0007650326559986071,0.0005351056670760562
8,0.01,277,0.04014639471339736,0.0007296834249483229,0.0007296834249483229,0.0005372664259340409
8,0.01,278,0.04013329127000673,0.0007108161398300133,0.0007108161398300133,0.000550892012251047
8,0.01,279,0.04010746477890092,0.0007487829776718995,0.0007487829776718994,0.000544881226148734
8,0.01,280,0.03990580230336001,0.0007419897577520099,0.00074198975775201,0.0005421759685409776
8,0.01,281,0.03972804914367117,0.0006977733605945879,0.0006977733605945878,0.0005358082749633384
8,0.01,282,0.03990360593068943,0.0006962366876526477,0.0006962366876526477,0.0005352199130617514
8,0.01,283,0.039656672866949835,0.000649192860919778,0.0006491928609197779,0.0005335466304610291
8,0.01,284,0.03972393448254889,0.000680753705882502,0.000680753705882502,0.0005331045182213434
8,0.01,285,0.03959440835678382,0.000655619689349047,0.000655619689349047,0.0005310387711232391
8,0.01,286,0.03969190918307725,0.000685481657095618,0.000685481657095618,0.000531622578212469
8,0.01,287,0.03985755702277167,0.0006925684865122822,0.0006925684865122822,0.0005350914154519449
8,0.01,288,0.03994831221144625,0.0006741917508694867,0.0006741917508694867,0.0005279760852713187
8,0.01,289,0.039691990059186874,0.000658045405235267,0.000658045405235267,0.0005191737056885026
8,0.01,290,0.03962530577456768,0.0006531203836286974,0.0006531203836286974,0.0005124888250350941
8,0.01,291,0.03960223229024111,0.0006374995310855875,0.0006374995310855875,0.0005152625643761988
8,0.01,292,0.039446746814923286,0.0006374320871598292,0.0006374320871598292,0.0005238263432802431
8,0.01,293,0.03945744456637408,0.0006771212422359127,0.0006771212422359127,0.0005273551048106202
8,0.01,294,0.039478042914455766,0.0006400624360926639,0.0006400624360926639,0.0005258194625914243
8,0.01,295,0.03967297370929812,0.0006577957060863896,0.0006577957060863896,0.0005250728437948858
8,0.01,296,0.03986129569341507,0.0006806251734120035,0.0006806251734120035,0.0005368729485499524
8,0.01,297,0.0396847603075406,0.0006814485051945758,0.0006814485051945758,0.0005390490785523239
8,0.01,298,0.03964663362365649,0.0006758705978463823,0.0006758705978463823,0.0005401633726144728
8,0.01,299,0.0397521922485447,0.0006424764257295407,0.0006424764257295407,0.0005381131282887842
8,0.01,300,0.03972739495062475,0.0006553480218757482,0.0006553480218757482,0.0005345542399303177
8,0.01,301,0.039960704872411754,0.0006448339795925864,0.0006448339795925864,0.0005393773529554814
8,0.01,302,0.0401328716024617,0.0006523361276742502,0.0006523361276742502,0.0005457159550206531
8,0.01,303,0.040284012066972734,0.0007145243164491326,0.0007145243164491326,0.000557567346446488
8,0.01,304,0.04021521130890087,0.0006965165491636995,0.0006965165491636995,0.0005524616121026387
8,0.01,305,0.040031942151759765,0.0007206885768130796,0.0007206885768130798,0.0005283923301908989
8,0.01,306,0.039984991264934835,0.0007211849519704174,0.0007211849519704175,0.0005271926265495609
8,0.01,307,0.04004307879089786,0.000692793642973679,0.0006927936429736789,0.0005270699201279067
8,0.01,308,0.04024766584802492,0.0007082277563107967,0.0007082277563107967,0.0005299999874963032
8,0.01,309,0.04009415659772919,0.0007199145339156736,0.0007199145339156736,0.0005321571766366002
8,0.01,310,0.04005499394927138,0.0007200656637926631,0.000720065663792663,0.0005331535560019424
8,0.01,311,0.03972437463551061,0.000724818709997935,0.000724818709997935,0.0005289330031954273
8,0.01,312,0.03958740384812472,0.0007368981658919223,0.0007368981658919223,0.0005246511541242968
8,0.01,313,0.039669844186543284,0.0007583175421249912,0.0007583175421249911,0.0005270149253019608
8,0.01,314,0.039588304699377616,0.0007253363910199738,0.0007253363910199738,0.0005399543915088933
8,0.01,315,0.039650963893109056,0.0007488975061115297,0.0007488975061115297,0.0005453074051726336
8,0.01,316,0.040023876206408564,0.0007665485236330222,0.0007665485236330221,0.0005526544777919162
8,0.01,317,0.03971587598665126,0.0007641186730509387,0.0007641186730509387,0.0005470875053504929
8,0.01,318,0.039871085225177315,0.0007630118760847034,0.0007630118760847034,0.0005440333715199783
8,0.01,319,0.0399088358609002,0.0008080097100781348,0.0008080097100781348,0.000548307636324307
8,0.01,320,0.039948543549830844,0.0008009639455035859,0.000800963945503586,0.0005462355833799382
8,0.01,321,0.039951619521122625,0.0007719405612016025,0.0007719405612016025,0.0005407641676803182
8,0.01,322,0.039888670805932995,0.0008144205902846532,0.0008144205902846532,0.00053736903178507
8,0.01,323,0.03975960181357856,0.0008233847739212111,0.0008233847739212111,0.0005446891342688972
8,0.01,324,0.039920556663157365,0.0008867712448711868,0.0008867712448711868,0.0005435074125489272
8,0.01,325,0.040042577337678006,0.0008589751154312061,0.000858975115431206,0.0005436879864427707
8,0.01,326,0.040020539407359536,0.0007725309836974287,0.0007725309836974286,0.0005342639888246693
8,0.01,327,0.04000269473775819,0.0008194166627187588,0.0008194166627187587,0.0005263238664031918
8,0.01,328,0.03974099119126646,0.0007870103280447462,0.0007870103280447461,0.0005271810088343515
8,0.01,329,0.03985388433391706,0.0008020608623270924,0.0008020608623270924,0.0005217227607168372
8,0.01,330,0.04012653276331627,0.0008047073729933735,0.0008047073729933735,0.0005176166597825504
8,0.01,331,0.03999267998071042,0.000780092960433212,0.0007800929604332122,0.000518758785300385
8,0.01,332,0.03991425142203891,0.0007879662180040759,0.0007879662180040758,0.0005187730675691311
8,0.01,333,0.03995322408549777,0.0007428138444656657,0.0007428138444656657,0.0005231502441295809
8,0.01,334,0.03990617644207161,0.0006916369018814146,0.0006916369018814146,0.0005187251119360951
8,0.01,335,0.039866684229296546,0.0007097425611955716,0.0007097425611955716,0.0005108254354396432
8,0.01,336,0.03972923447735708,0.0007506244970421329,0.000750624497042133,0.0005121763668966826
8,0.01,337,0.04000109264924475,0.0007668350999813329,0.0007668350999813329,0.0005212282267619489
8,0.01,338,0.039949728871045684,0.0008111417407082694,0.0008111417407082694,0.0005322829833307785
8,0.01,339,0.03988807051429318,0.0008417723093847865,0.0008417723093847865,0.000525311443677085
8,0.01,340,0.03968159038259305,0.000845058477387756,0.0008450584773877559,0.0005266697547787612
8,0.01,341,0.0396432246426506,0.000821124385620995,0.000821124385620995,0.0005372630435038936
8,0.01,342,0.03966334073195894,0.0007756766934825526,0.0007756766934825526,0.0005411835840177703
8,0.01,343,0.03972064421631494,0.0007902428756533037,0.0007902428756533036,0.0005423019576739293
8,0.01,344,0.039529457169965726,0.0007709574864348031,0.0007709574864348031,0.0005392859296496054
8,0.01,345,0.039694873082345664,0.0008142442692709981,0.0008142442692709981,0.0005364789999120679
8,0.01,346,0.039822842715786747,0.0008461933541513108,0.0008461933541513107,0.0005405390923984395
8,0.01,347,0.03955581056961977,0.0008564284249701916,0.0008564284249701916,0.0005445559413946384
8,0.01,348,0.03976229944404903,0.0008499789794829287,0.0008499789794829288,0.0005433254425287413
8,0.01,349,0.03958592534749241,0.0008257103076730578,0.0008257103076730577,0.0005325532900693826
8,0.01,350,0.039362173997252545,0.0008455395193405988,0.0008455395193405988,0.0005217611903990389
8,0.01,351,0.039325311891586036,0.0008739376293765904,0.0008739376293765904,0.0005149205310584225
8,0.01,352,0.03915253612513166,0.0008435520352101062,0.0008435520352101062,0.000527352743398997
8,0.01,353,0.03940858652340706,0.000869800752187749,0.000869800752187749,0.0005294783975251364
8,0.01,354,0.03926786848807836,0.0008958963212360611,0.0008958963212360611,0.0005333315914882734
8,0.01,355,0.03935200946263396,0.0008324196553123765,0.0008324196553123766,0.0005303475716910917
8,0.01,356,0.0395859986831826,0.0008510861256552931,0.000851086125655293,0.0005276690020082106
8,0.01,357,0.03948585306871557,0.0008231473023308945,0.0008231473023308945,0.0005217267035489056
8,0.01,358,0.03952932989881904,0.0008292443183367992,0.0008292443183367993,0.000525889468943559
8,0.01,359,0.03942947956078013,0.0007736980213886931,0.000773698021388693,0.000525523646093341
8,0.01,360,0.039653980259570745,0.0007896627110022012,0.0007896627110022012,0.0005279452633444365
8,0.01,361,0.039720968140281414,0.0008142303864256162,0.0008142303864256161,0.0005406335001598759
8,0.01,362,0.039612720700484,0.0008345868357970184,0.0008345868357970183,0.0005414004676373557
8,0.01,363,0.03965405456255235,0.0008835541050868322,0.0008835541050868322,0.0005435899363221593
8,0.01,364,0.039877490830443736,0.0009331968738206841,0.0009331968738206841,0.0005408605295927458
8,0.01,365,0.039523083477409085,0.0008564670216242363,0.0008564670216242363,0.0005472050832542018
8,0.01,366,0.03972796506298549,0.0008531727222485788,0.0008531727222485787,0.0005493255413634847
8,0.01,367,0.039678613420560685,0.0008448364957582417,0.0008448364957582417,0.0005587439917033327
8,0.01,368,0.039453882608332026,0.0008265174841754719,0.0008265174841754719,0.00054029888898656
8,0.01,369,0.03940987485463325,0.0008308387594309286,0.0008308387594309285,0.000544552884565892
8,0.01,370,0.03938367701773828,0.0008056736592293653,0.0008056736592293653,0.0005398604590075563
8,0.01,371,0.039630847977998096,0.000837326101000885,0.0008373261010008848,0.0005530973193840046
8,0.01,372,0.039279569826863335,0.0008707989240719176,0.0008707989240719176,0.0005453291101939184
8,0.01,373,0.03948212559692647,0.0009155893025618276,0.0009155893025618276,0.0005471411142990154
8,0.01,374,0.03959175371596503,0.0008721568117063085,0.0008721568117063084,0.0005462008026851509
8,0.01,375,0.03962314215532454,0.0009218829022570265,0.0009218829022570265,0.0005349175136727477
8,0.01,376,0.0395350222149065,0.000927769723951684,0.0009277697239516839,0.0005382584349286788
8,0.01,377,0.03976767722483045,0.0009368963519899565,0.0009368963519899565,0.0005413186028314817
8,0.01,378,0.039761837915681233,0.0009302841279013287,0.0009302841279013287,0.000554702612142581
8,0.01,379,0.03974065306195599,0.0008853673990619094,0.0008853673990619095,0.0005461076236273038
8,0.01,380,0.03969644941046456,0.0008858441680039378,0.0008858441680039378,0.0005610989476779579
8,0.01,381,0.039747192406496996,0.0008842565185464333,0.0008842565185464333,0.0005409337643589676
8,0.01,382,0.039845343842515514,0.0008929421440121211,0.000892942144012121,0.0005510813077016444
8,0.01,383,0.03987754729685342,0.0008496512308778603,0.0008496512308778604,0.0005407882438573034
8,0.01,384,0.03985685977325092,0.0008867305392148134,0.0008867305392148134,0.0005352493063786327
8,0.01,385,0.039953726606069856,0.0008538358315046058,0.0008538358315046058,0.000537740825059
8,0.01,386,0.04016012846618016,0.0008785177803780933,0.0008785177803780933,0.0005332460749809493
8,0.01,387,0.03982900835199518,0.0008785558050981454,0.0008785558050981453,0.0005311788519859974
8,0.01,388,0.039867254780278895,0.0008263054601726986,0.0008263054601726986,0.0005290466892424199
8,0.01,389,0.039645025996971714,0.0008353288153970702,0.0008353288153970702,0.0005227800741273806
8,0.01,390,0.039632957246780696,0.0008450377739586103,0.0008450377739586103,0.0005260836955449154
8,0.01,391,0.03962116204290699,0.0008420150186784079,0.0008420150186784079,0.0005253058540630375
8,0.01,392,0.03972328876118214,0.0008561881417753181,0.0008561881417753181,0.0005275461411436925
8,0.01,393,0.0396673855295274,0.0008715294415807134,0.0008715294415807134,0.0005225307998915062
8,0.01,394,0.03978078011742092,0.0008799886868790474,0.0008799886868790473,0.0005198191465371275
8,0.01,395,0.039811108787840846,0.000891959431220978,0.000891959431220978,0.000522080913207881
8,0.01,396,0.03979525607140256,0.0009193061707777648,0.0009193061707777648,0.0005160909302929349
8,0.01,397,0.0397255182313534,0.0009620912890028326,0.0009620912890028326,0.0005239123292686346
8,0.01,398,0.039648492256940115,0.0009296832062842591,0.000929683206284259,0.000529329387153324
8,0.01,399,0.039846447692979445,0.0009735206752712991,0.0009735206752712991,0.0005285533094071421
8,0.01,400,0.03954702767501853,0.0009050915951242841,0.000905091595124284,0.0005274707309948486
8,0.01,401,0.03966570006315802,0.0009147623659464821,0.0009147623659464821,0.0005233695456547571
8,0.01,402,0.0395545366134433,0.000930884713140292,0.0009308847131402919,0.0005196109657119016
8,0.01,403,0.039810972341878456,0.0008916295559820919,0.000891629555982092,0.000529572714273249
8,0.01,404,0.03988303512438115,0.0008965591930603403,0.0008965591930603403,0.0005239289424693687
8,0.01,405,0.040143979256599814,0.0009001653197564003,0.0009001653197564004,0.0005256577961509644
8,0.01,406,0.03997448026571227,0.0009051001834788388,0.0009051001834788388,0.0005380454761297731
8,0.01,407,0.04013519856359062,0.0008924473093753742,0.0008924473093753743,0.0005434126445308427
8,0.01,408,0.04011857683877681,0.0009215863786938559,0.0009215863786938559,0.0005498659099612029
8,0.01,409,0.04015598000318433,0.000958400051720807,0.0009584000517208069,0.0005531720332923361
8,0.01,410,0.04004109658255522,0.000999385477911613,0.000999385477911613,0.0005494285087567084
8,0.01,411,0.04010715394975397,0.0010407580920956492,0.0010407580920956492,0.0005641412232728982
8,0.01,412,0.040240796699887976,0.0010184744257707436,0.0010184744257707436,0.0005645447990171505
8,0.01,413,0.04016490187543473,0.0010340885651799574,0.0010340885651799574,0.0005632228120574375
8,0.01,414,0.04043571270893899,0.0010219917452101174,0.0010219917452101174,0.0005697272864593581
8,0.01,415,0.040209342238831255,0.000995683636432029,0.000995683636432029,0.0005753752414971349
8,0.01,416,0.0402937395946914,0.0009988368002472033,0.0009988368002472033,0.000586885655781482
8,0.01,417,0.04042909409416251,0.0009905036505347335,0.0009905036505347335,0.0005988272588616006
8,0.01,418,0.04059862256713657,0.000920939719669539,0.0009209397196695391,0.0006052576291209372
8,0.01,419,0.040769586989709145,0.0009659465086437845,0.0009659465086437846,0.0006151784833564967
8,0.01,420,0.040444504706325435,0.0009716776924868802,0.0009716776924868802,0.0006109110528084798
8,0.01,421,0.0404644059420977,0.0010189401171348186,0.0010189401171348186,0.0006049377719553754
8,0.01,422,0.040625255375937606,0.0010232787357348986,0.0010232787357348984,0.0006101711065565861
8,0.01,423,0.04046159932552059,0.0010007455869126907,0.0010007455869126907,0.0006093839051353765
8,0.01,424,0.040320926226222374,0.0009152557787223629,0.0009152557787223629,0.0005947616209744862
8,0.01,425,0.0402087665604861,0.0009178651307436673,0.0009178651307436672,0.0005942783209138398
8,0.01,426,0.04028811346077094,0.0009133867627135284,0.0009133867627135284,0.0005833817457177655
8,0.01,427,0.040331923117536875,0.0009439872390446808,0.0009439872390446808,0.0005875781479761668
8,0.01,428,0.040360674544738566,0.0009362488603914081,0.0009362488603914081,0.0005806283759887434
8,0.01,429,0.040429590944841595,0.0009601835395868573,0.0009601835395868574,0.0005772763843989705
8,0.01,430,0.04040422560939942,0.0009318819505571437,0.0009318819505571436,0.0005690744291725684
8,0.01,431,0.04019902565688668,0.0009554346942211554,0.0009554346942211554,0.0005677797641221256
8,0.01,432,0.040392352807612074,0.0009371930572584007,0.0009371930572584007,0.0005716131674318252
8,0.01,433,0.040227064232980926,0.0009051859522659656,0.0009051859522659656,0.0005702484002143774
8,0.01,434,0.04024831826281144,0.0009309754001532265,0.0009309754001532266,0.0005662059485180576
8,0.01,435,0.040417242229673675,0.0009549341894873045,0.0009549341894873044,0.0005648601312417879
8,0.01,436,0.04018209930682834,0.0009498793131463988,0.0009498793131463987,0.0005516595475476346
8,0.01,437,0.040097936067178604,0.0009239634846884219,0.0009239634846884218,0.0005471966135598882
8,0.01,438,0.04010973974596235,0.0009665255087372077,0.0009665255087372076,0.000541391860400349
8,0.01,439,0.040231378266137,0.0009855005119597622,0.0009855005119597622,0.0005578754563027282
8,0.01,440,0.04026255810915932,0.0010181900721271595,0.0010181900721271595,0.0005476552436029902
8,0.01,441,0.0402999419658929,0.000993569735636386,0.0009935697356363857,0.0005514170098489852
8,0.01,442,0.040125762031395666,0.001018242350847679,0.001018242350847679,0.0005463683986870307
8,0.01,443,0.04049387204478399,0.0010319858109634095,0.0010319858109634095,0.0005598292160984269
8,0.01,444,0.04044937439301957,0.0009923382359051482,0.0009923382359051482,0.0005577129274090979
8,0.01,445,0.040614953901726446,0.0009930153029381965,0.0009930153029381965,0.0005799567135801418
8,0.01,446,0.04051207454514442,0.0009981395518215918,0.0009981395518215916,0.0005849165010387485
8,0.01,447,0.04072664519530564,0.0009828050627826903,0.00098280506278269,0.0005781934994359139
8,0.01,448,0.040687931401977455,0.0009480907726107029,0.0009480907726107029,0.0005740079963751928
8,0.01,449,0.040669749968573005,0.000983548588048943,0.000983548588048943,0.0005707924555832802
8,0.01,450,0.04084875986989616,0.0010178414512233439,0.0010178414512233439,0.0005676302735628897
8,0.01,451,0.04074878299735895,0.0009704691219959674,0.0009704691219959675,0.0005624197679695996
8,0.01,452,0.04079467544550202,0.0009855769826393776,0.0009855769826393776,0.0005684018842393079
8,0.01,453,0.04086118891613107,0.0010001089311086676,0.0010001089311086678,0.0005698018258394915
8,0.01,454,0.04073322311644633,0.0010742840458539495,0.0010742840458539495,0.0005696534203460915
8,0.01,455,0.04078927914722054,0.001005700815189971,0.001005700815189971,0.0005709443358179552
8,0.01,456,0.040567154067539926,0.0010111878365299354,0.0010111878365299354,0.000571138844050803
8,0.01,457,0.040487384280619224,0.0010101640147908676,0.0010101640147908673,0.000570841784889596
8,0.01,458,0.04048609460255453,0.0010041713709424106,0.0010041713709424106,0.0005749187954258672
8,0.01,459,0.040278930074936894,0.0009863294429516623,0.000986329442951662,0.0005742780431582505
8,0.01,460,0.04020788743832293,0.0009154536521255724,0.0009154536521255724,0.0005688137126228573
8,0.01,461,0.04037894353642476,0.0009228959833946563,0.0009228959833946561,0.0005691528166944099
8,0.01,462,0.04025758572280244,0.0009296195934548093,0.0009296195934548093,0.0005673630391132453
8,0.01,463,0.040176751751061696,0.0009353281875279191,0.0009353281875279191,0.0005574391349211434
8,0.01,464,0.03999627538466511,0.0008710890702301502,0.0008710890702301502,0.000552877969174135
8,0.01,465,0.03986878168084861,0.0008429413170082281,0.0008429413170082281,0.0005457739822297421
8,0.01,466,0.03985036530889336,0.000819807776162793,0.000819807776162793,0.0005452806732953589
8,0.01,467,0.04002453179737064,0.0008208591895112891,0.0008208591895112892,0.0005422324675371084
8,0.01,468,0.04015001049914489,0.0008753654480466416,0.0008753654480466416,0.0005399110925381135
8,0.01,469,0.0401111703134641,0.0008741900207306187,0.0008741900207306186,0.0005396332652366523
8,0.01,470,0.03994644074951608,0.000817708505272548,0.000817708505272548,0.0005437629827271204
8,0.01,471,0.04024360083162719,0.0008495273585474431,0.0008495273585474431,0.0005464151442423636
8,0.01,472,0.04022043699241642,0.0008686137728882633,0.0008686137728882634,0.0005527462399331724
8,0.01,473,0.040502478349136554,0.0009102767015275493,0.0009102767015275492,0.00056339401527525
8,0.01,474,0.04036059074536543,0.0009752593566568594,0.0009752593566568593,0.0005650759164992419
8,0.01,475,0.04057464203674503,0.000986427215274932,0.0009864272152749322,0.0005635163340102893
8,0.01,476,0.040400114795884894,0.0009689446402143155,0.0009689446402143154,0.0005759755432169606
8,0.01,477,0.04042552097979197,0.0009223758830671282,0.0009223758830671282,0.0005800013582805493
8,0.01,478,0.04063660728245041,0.000962859671091664,0.000962859671091664,0.0005800163347283767
8,0.01,479,0.040518460170166665,0.0009196300783969354,0.0009196300783969353,0.0005810115742008847
8,0.01,480,0.04053582761117439,0.000906448405233027,0.0009064484052330271,0.0005823899072898016
8,0.01,481,0.040415186847314405,0.0009704927583304602,0.0009704927583304602,0.000595324196993144
8,0.01,482,0.04042839297188071,0.0009858413434756402,0.0009858413434756402,0.0005989679236284854
8,0.01,483,0.040628101559636365,0.0009344378297740371,0.000934437829774037,0.0006045290734317066
8,0.01,484,0.040571071912685955,0.0009745089258884572,0.0009745089258884572,0.000602389225124622
8,0.01,485,0.04075601032708121,0.0010331924089737156,0.0010331924089737156,0.0005988690609893773
8,0.01,486,0.04075430787864502,0.001008407334676939,0.001008407334676939,0.0006057118081483912
8,0.01,487,0.040899861366031055,0.0010078380645761398,0.0010078380645761398,0.0006016947562610129
8,0.01,488,0.040997842749229955,0.0010061921252045823,0.0010061921252045823,0.0005918249986600286
8,0.01,489,0.04110574238505836,0.0010417733876331699,0.0010417733876331699,0.0005970868059557556
8,0.01,490,0.04083274591949079,0.0010391003952769922,0.001039100395276992,0.0005930254258962857
8,0.01,491,0.04049440767705746,0.0010446594099059224,0.0010446594099059224,0.000590721232541352
8,0.01,492,0.040394985806965385,0.001023503303901979,0.001023503303901979,0.0005862546607761869
8,0.01,493,0.0403322367107451,0.0010001422859582062,0.0010001422859582062,0.000596369157333804
8,0.01,494,0.04025323053127119,0.001006136963023071,0.001006136963023071,0.0005863957364576314
8,0.01,495,0.040063287447328025,0.0009777987767330945,0.0009777987767330945,0.000578824279396156
8,0.01,496,0.0400571285960942,0.0009710617534917209,0.0009710617534917208,0.0005859748492149576
8,0.01,497,0.04004023070930558,0.0009756509111618724,0.0009756509111618724,0.0005806477206963317
8,0.01,498,0.040127705331380416,0.0009356707041831213,0.0009356707041831212,0.0005852447847132544
8,0.01,499,0.04017630373765079,0.0009119481327210532,0.0009119481327210532,0.0005877844509091615
8,0.01,500,0.040320017568135094,0.0008735591352390362,0.0008735591352390362,0.0005968365979859627
8,0.03,0,0.08232170032335118,0.0002572049425790245,0.0002506800849382704,0.0002572049425790245
8,0.03,1,0.05041147538324494,0.0002519754600152409,0.00024351403218861992,0.0002519754600152409
8,0.03,2,0.037294278930250786,0.00021140537143003307,0.00015420135223571883,0.00021140537143003307
8,0.03,3,0.03213127066413127,0.0002088961031073331,0.00019696707252591996,0.0002088961031073331
8,0.03,4,0.029572041376021728,0.00020094660707825038,0.00015033435818607194,0.00020094660707825038
8,0.03,5,0.028570900991335288,0.00019801290151355292,0.00018490433836152378,0.00019801290151355292
8,0.03,6,0.028026279403715625,0.00020155955292970232,0.0001830266187238957,0.00020155955292970232
8,0.03,7,0.027886643494629947,0.00020144249992658486,0.00020144249992658486,0.00019931930400381124
8,0.03,8,0.02804672372640471,0.00022155305029140368,0.00022155305029140368,0.00020810072023337084
8,0.03,9,0.028233281247579407,0.00023069696047912477,0.00023069696047912477,0.0002100331990168265
8,0.03,10,0.028350254369960342,0.00023993508428355004,0.00023993508428355001,0.0002128043301865213
8,0.03,11,0.02847248395012802,0.00021550029757345002,0.00020132425882557793,0.00021550029757345002
8,0.03,12,0.02865688942209457,0.00022347548433699827,0.00020521741727702234,0.00022347548433699827
8,0.03,13,0.028633891075034803,0.00023808587230187444,0.00023808587230187442,0.0002192142449766581
8,0.03,14,0.02889652510225053,0.00024074618057053413,0.00024074618057053413,0.00022593033690366154
8,0.03,15,0.028975495516645633,0.0002239433476340455,0.00020807098934213158,0.0002239433476340455
8,0.03,16,0.02920964114067631,0.0002253516649386698,0.0002138525510077683,0.0002253516649386698
8,0.03,17,0.0293141899086835,0.00024107261633102774,0.00024107261633102774,0.00023917229252829077
8,0.03,18,0.029336313368346294,0.00024344387735593845,0.00023037842323719022,0.00024344387735593845
8,0.03,19,0.029648970172240434,0.00026369049634880593,0.00026369049634880593,0.0002520377761694311
8,0.03,20,0.029883083697545058,0.0002617813608674182,0.00022175988972869193,0.0002617813608674182
8,0.03,21,0.029757155245841493,0.0002551736425039938,0.0002454362626922447,0.0002551736425039938
8,0.03,22,0.02965389998214359,0.00024567983624019737,0.0002456798362401973,0.00024409145053806065
8,0.03,23,0.029996733573475112,0.0002512066927596117,0.00023793401561622094,0.0002512066927596117
8,0.03,24,0.030117627935364173,0.0002550811538408857,0.0002329199311312689,0.0002550811538408857
8,0.03,25,0.03011884976344317,0.0002554188709464181,0.00022122149667315745,0.0002554188709464181
8,0.03,26,0.03007965276200151,0.00025883693308639783,0.00023455050103097494,0.00025883693308639783
8,0.03,27,0.030380916827549165,0.0002662929281344038,0.00020826951840266977,0.0002662929281344038
8,0.03,28,0.03040136419014777,0.00027186109367333805,0.0002519482587663602,0.00027186109367333805
8,0.03,29,0.0306408316590792,0.00027378545516542523,0.0002481635729936436,0.00027378545516542523
8,0.03,30,0.030879320779057036,0.0002774858215486687,0.0002508830737515873,0.0002774858215486687
8,0.03,31,0.030898543964987486,0.000289892832553984,0.00024053518662180828,0.000289892832553984
8,0.03,32,0.030774195466004937,0.0002935132855734462,0.00024154080711234435,0.0002935132855734462
8,0.03,33,0.03117638947995301,0.0003019214573982095,0.00022621350368776642,0.0003019214573982095
8,0.03,34,0.03116463757829548,0.000295221523516831,0.0002463009889027992,0.000295221523516831
8,0.03,35,0.031385559821031014,0.0002935703998338539,0.00022587689753401685,0.0002935703998338539
8,0.03,36,0.03113594573615397,0.0002957745825408206,0.0002431775726395617,0.0002957745825408206
8,0.03,37,0.03138888757604582,0.00029795139489749114,0.00026252871003851387,0.00029795139489749114
8,0.03,38,0.0310733262192891,0.00029643783617679456,0.00028188181079208337,0.00029643783617679456
8,0.03,39,0.031125444944590012,0.00029775817120044295,0.0002771527916382589,0.00029775817120044295
8,0.03,40,0.03132919275129577,0.0002956102950604005,0.00028648036310419307,0.0002956102950604005
8,0.03,41,0.03183786089935601,0.0003298529865120761,0.0003298529865120761,0.0002993304085593271
8,0.03,42,0.03186729412671083,0.00037468076316646016,0.0003746807631664602,0.00031219686027708616
8,0.03,43,0.03191077743672519,0.0003299740995561793,0.00032997409955617924,0.000312949694860961
8,0.03,44,0.0318289535454721,0.00032202709099828975,0.00032202709099828975,0.00031012846604760113
8,0.03,45,0.03196254144867054,0.00031300420490474804,0.0002720553298741098,0.00031300420490474804
8,0.03,46,0.03205368600529978,0.0003157341725109911,0.0002899781224617627,0.0003157341725109911
8,0.03,47,0.0318921533548315,0.0003127362793208212,0.00030584912655871004,0.0003127362793208212
8,0.03,48,0.03200897842734476,0.0003109193733612401,0.0002837013021441064,0.0003109193733612401
8,0.03,49,0.03234271100114935,0.0003188452858459133,0.0002770929264706232,0.0003188452858459133
8,0.03,50,0.03240432167839713,0.00032148900032837014,0.0002931938066866801,0.00032148900032837014
8,0.03,51,0.03254917660876507,0.00032242214977310424,0.000312062850311968,0.00032242214977310424
8,0.03,52,0.032591233203576195,0.0003558794780273073,0.00035587947802730727,0.0003224072121625261
8,0.03,53,0.032735797368931174,0.00033351636521527605,0.00033351636521527605,0.00031767537064706893
8,0.03,54,0.03278514386860647,0.0003338053202069004,0.0003338053202069004,0.0003167383158486736
8,0.03,55,0.03274431105251304,0.00037286222699142106,0.000372862226991421,0.00032072272701950846
8,0.03,56,0.03277194587934252,0.00039139093850459986,0.0003913909385045998,0.00032242840384577993
8,0.03,57,0.032627004413581434,0.0003918830132189025,0.0003918830132189026,0.0003264121676535559
8,0.03,58,0.03259170971204386,0.0003914000140740077,0.0003914000140740078,0.0003281935147343744
8,0.03,59,0.03272003479171828,0.000432602826798957,0.00043260282679895697,0.0003267774225936516
8,0.03,60,0.03258609304722636,0.0003987217297894134,0.0003987217297894134,0.0003249132987691583
8,0.03,61,0.03252658647961372,0.0003638092168867078,0.00036380921688670774,0.0003254532817445934
8,0.03,62,0.03250912237814144,0.00044701929840493867,0.00044701929840493867,0.00034156961424535966
8,0.03,63,0.03262531635545515,0.000396916673003886,0.000396916673003886,0.0003478153661797234
8,0.03,64,0.032712997187769786,0.00038832331502494335,0.0003883233150249433,0.00034761022917579085
8,0.03,65,0.032770081610433585,0.00038997230652008453,0.00038997230652008453,0.00034007737032886446
8,0.03,66,0.03272367865005014,0.0004236795633041347,0.00042367956330413467,0.000348105492297855
8,0.03,67,0.03278267474114693,0.00042812632721111674,0.00042812632721111674,0.00034995305229160054
8,0.03,68,0.0327800816160069,0.00046983761130293483,0.00046983761130293483,0.00033401444953366305
8,0.03,69,0.03284299959385039,0.0004134123077793115,0.0004134123077793116,0.00033770566922716305
8,0.03,70,0.03298239251201805,0.0004081656396392512,0.0004081656396392512,0.0003422093370845338
8,0.03,71,0.032934645797365006,0.00044151821549021666,0.0004415182154902167,0.00035509386179101714
8,0.03,72,0.03298075041891425,0.00044605297832638264,0.00044605297832638264,0.00035954898988627983
8,0.03,73,0.03284718035753135,0.00042949358035142184,0.00042949358035142184,0.0003611566999039858
8,0.03,74,0.03309818091480488,0.00042221536706627124,0.0004222153670662713,0.0003565517119625747
8,0.03,75,0.033055011425413255,0.00041381873668971806,0.00041381873668971806,0.0003631766950462119
8,0.03,76,0.03308422918223831,0.00042804207532000106,0.000428042075320001,0.00036988139164965224
8,0.03,77,0.03295686929902372,0.00043260504413639893,0.00043260504413639893,0.0003573930143408338
8,0.03,78,0.03296722020703987,0.0004170488269569304,0.00041704882695693034,0.0003524487856094421
8,0.03,79,0.032953349945434536,0.00040043686678291633,0.00040043686678291633,0.0003495898906562438
8,0.03,80,0.033119126541377386,0.0004014389321775695,0.0004014389321775695,0.00035480307326171185
8,0.03,81,0.03317104507882201,0.00043413952826568255,0.0004341395282656825,0.00036604089944763826
8,0.03,82,0.03333014991805162,0.00043154577691865704,0.00043154577691865704,0.00036322668280658766
8,0.03,83,0.03331788471698393,0.00042730834930270064,0.00042730834930270064,0.0003599333916124833
8,0.03,84,0.033117949364435455,0.00041345011192227895,0.000413450111922279,0.0003523986909071454
8,0.03,85,0.03304428725384027,0.0004173186503617659,0.0004173186503617659,0.00034964910644544973
8,0.03,86,0.03301437850383617,0.0003872822467380171,0.0003872822467380171,0.0003502166654813832
8,0.03,87,0.03303784262893544,0.0003904813690306023,0.0003904813690306023,0.0003520162094673269
8,0.03,88,0.03294276948265127,0.00038881682161279017,0.00038881682161279017,0.0003501539676910155
8,0.03,89,0.033036082448757255,0.00038759653588782146,0.00038759653588782146,0.00035010971445554733
8,0.03,90,0.033135785140510875,0.00039357046497459153,0.0003935704649745915,0.0003575945647073548
8,0.03,91,0.033219453309250996,0.0003465781481754755,0.0003397062852390659,0.0003465781481754755
8,0.03,92,0.033296983053402646,0.0003610757812964943,0.0003610757812964943,0.00034807075114325097
8,0.03,93,0.0332092195974864,0.0003660477259694554,0.0003660477259694554,0.0003527349316470387
8,0.03,94,0.03320452647929046,0.000351813079801045,0.000351813079801045,0.00034827853846976486
8,0.03,95,0.0331621908163767,0.0003595321873061491,0.0003595321873061491,0.0003394746924021282
8,0.03,96,0.033235086439499746,0.0003689397820445466,0.0003689397820445466,0.00035212677970315607
8,0.03,97,0.03321167074332918,0.0003446230048323156,0.00033466851506533645,0.0003446230048323156
8,0.03,98,0.03299568245466686,0.00036548354195476025,0.00036548354195476025,0.00034103050398892127
8,0.03,99,0.03302677049751329,0.0003601659140963341,0.00036016591409633407,0.0003440113281611234
8,0.03,100,0.03289995897903379,0.00039477028537031583,0.00039477028537031583,0.00034367141697047376
8,0.03,101,0.03304331663201096,0.00037947707484127,0.0003794770748412699,0.0003423311834195903
8,0.03,102,0.03298542627107206,0.00039110311823815675,0.00039110311823815675,0.00033883191400330386
8,0.03,103,0.03303969909778074,0.0003809260247376614,0.0003809260247376613,0.0003403578844634925
8,0.03,104,0.03321777392674959,0.00038551197796301916,0.0003855119779630191,0.0003327950620035177
8,0.03,105,0.03308723072599384,0.000369475820548796,0.000369475820548796,0.00032391415732210913
8,0.03,106,0.03308863602434157,0.0004183520258139335,0.0004183520258139335,0.00033315741129690376
8,0.03,107,0.03320542724664003,0.0004048802109156415,0.0004048802109156415,0.0003357124208240874
8,0.03,108,0.033101598650939854,0.0003800632844941826,0.0003800632844941826,0.00034020216279642993
8,0.03,109,0.03313960493921204,0.0004449307667662403,0.00044493076676624025,0.00034621248097849893
8,0.03,110,0.03304382396051808,0.00043405868412200825,0.00043405868412200825,0.0003435876382940071
8,0.03,111,0.033243099791096346,0.00042786324112966285,0.0004278632411296628,0.0003514476097957112
8,0.03,112,0.03318045050327371,0.0004377816457585616,0.0004377816457585615,0.00035467252896371305
8,0.03,113,0.03316313458149076,0.0004962904084159788,0.0004962904084159788,0.0003571251368930324
8,0.03,114,0.03311341203968534,0.0004815746686988524,0.00048157466869885233,0.0003586866448385958
8,0.03,115,0.03316388240369397,0.0004378173983767692,0.00043781739837676914,0.00036300353118078727
8,0.03,116,0.03309836836635987,0.0004304339703265144,0.0004304339703265145,0.0003557044255781578
8,0.03,117,0.032953920891510155,0.0004219119679757284,0.0004219119679757284,0.00035962612721891454
8,0.03,118,0.033104107398377464,0.00043883122727020557,0.0004388312272702056,0.00036081585729216223
8,0.03,119,0.033382470961431536,0.0003903223761066307,0.00039032237610663067,0.00035951519024703213
8,0.03,120,0.03352013689396965,0.0003613290481619331,0.0003613290481619331,0.0003557629630451372
8,0.03,121,0.03355733849936859,0.0003653009881721178,0.000346032938163958,0.0003653009881721178
8,0.03,122,0.033642355652358444,0.00037351386962544675,0.0003570361904092579,0.00037351386962544675
8,0.03,123,0.03340372701250988,0.0003689475284409023,0.00032953447827792283,0.0003689475284409023
8,0.03,124,0.033459322347537755,0.00036521484778440284,0.0003555726678872789,0.00036521484778440284
8,0.03,125,0.0335781003507675,0.00036719371692486245,0.0003251869001717566,0.00036719371692486245
8,0.03,126,0.03355670870000339,0.0003661667617309112,0.00031087116968071484,0.0003661667617309112
8,0.03,127,0.03361907835623724,0.00036953447195661504,0.00035361486499315136,0.00036953447195661504
8,0.03,128,0.033571168722698094,0.0003635173068051315,0.0003603042018507683,0.0003635173068051315
8,0.03,129,0.03346418640814323,0.00037710835058009015,0.0003771083505800901,0.00036206228934323954
8,0.03,130,0.03347925588464761,0.0003951740462227395,0.0003951740462227395,0.0003700058798058447
8,0.03,131,0.03345962116434484,0.00042567320781128674,0.00042567320781128674,0.00037592146821945164
8,0.03,132,0.033499940159791276,0.00043550452267616675,0.00043550452267616675,0.0003755448822765275
8,0.03,133,0.03357551368048193,0.0004009253037942733,0.0004009253037942733,0.00036769187601188804
8,0.03,134,0.033657797041739775,0.0004037367817214607,0.0004037367817214607,0.0003714573459956685
8,0.03,135,0.03366547835341505,0.0003768327840268431,0.00037683278402684303,0.0003707160205618973
8,0.03,136,0.033559037968238246,0.0003704161778853199,0.00035201002900431575,0.0003704161778853199
8,0.03,137,0.03351783679074287,0.0003712548772132941,0.00037125487721329414,0.00036847403753064155
8,0.03,138,0.033440047119334196,0.0004129101980920467,0.0004129101980920467,0.0003709300532828776
8,0.03,139,0.033669768744829555,0.00042868338036574976,0.0004286833803657497,0.00036792379946547487
8,0.03,140,0.033613586347659125,0.00043741461325133725,0.0004374146132513373,0.0003722713730829059
8,0.03,141,0.033706972385123074,0.00044240162613772975,0.0004424016261377297,0.00037410079250318307
8,0.03,142,0.03365474573290341,0.0004098779194653702,0.00040987791946537017,0.0003768170279636365
8,0.03,143,0.033485886468988826,0.00038728180422521405,0.0003872818042252141,0.0003724088968460564
8,0.03,144,0.033520481723423604,0.0004094062399750942,0.0004094062399750941,0.00038153851742264407
8,0.03,145,0.033506790245015315,0.00043159819892155826,0.00043159819892155826,0.00038092809936084274
8,0.03,146,0.03364049428964536,0.0004048229061012643,0.0004048229061012644,0.0003783655288033951
8,0.03,147,0.0337561108663476,0.0004174243733930519,0.0004174243733930519,0.0003757756039164383
8,0.03,148,0.03368542920667799,0.0003810826014681209,0.00037046888801210546,0.0003810826014681209
8,0.03,149,0.033550526129055146,0.000429564667113941,0.000429564667113941,0.0003834895697137624
8,0.03,150,0.03367280356792676,0.00045052694549793605,0.00045052694549793605,0.00038775574305702345
8,0.03,151,0.033978634831012565,0.0004265517437580562,0.0004265517437580562,0.00039377594468637016
8,0.03,152,0.03373661280627626,0.0004230480312145228,0.00042304803121452275,0.00039479377513307665
8,0.03,153,0.03385715458890948,0.0004191088697646568,0.0004191088697646568,0.0003884644644554036
8,0.03,154,0.03389944507012409,0.0004393665388018372,0.0004393665388018372,0.00039790426367569925
8,0.03,155,0.033601699493144926,0.0004515849702669506,0.0004515849702669506,0.00038690277441617984
8,0.03,156,0.03355880033853003,0.00046597673676397594,0.00046597673676397594,0.0003876073203410532
8,0.03,157,0.03341684832765731,0.00047450623484357875,0.0004745062348435787,0.0003840253463949358
8,0.03,158,0.03342407367700717,0.00044213915224078614,0.0004421391522407862,0.00038953813363213274
8,0.03,159,0.033387164573994814,0.0004274719213953464,0.0004274719213953464,0.0003957080328366471
8,0.03,160,0.03345224504808881,0.0003958564777171148,0.0003958564777171148,0.00039236066062063856
8,0.03,161,0.033578329097746155,0.000412175704311273,0.00041217570431127307,0.0003825069566671307
8,0.03,162,0.033740117172575995,0.0003973562712596172,0.0003973562712596172,0.0003823555516745036
8,0.03,163,0.03355878647838642,0.00038370714602023096,0.0003837071460202309,0.0003834740185267236
8,0.03,164,0.03347247886030883,0.00038475414088157595,0.0003723596529288296,0.00038475414088157595
8,0.03,165,0.033297628854333315,0.00037568194765503864,0.00037568194765503864,0.0003690357072125918
8,0.03,166,0.033583963321562944,0.00041297226191402465,0.00041297226191402465,0.00036617747421682756
8,0.03,167,0.03358289659773341,0.00043576679405081905,0.00043576679405081905,0.0003632404402196
8,0.03,168,0.033836334244341175,0.0004665517059580137,0.0004665517059580137,0.0003726070871716079
8,0.03,169,0.033780471347306114,0.00046929508708179024,0.00046929508708179024,0.00036519262856506563
8,0.03,170,0.03364401526041632,0.0005036554994237385,0.0005036554994237385,0.00036890505281957634
8,0.03,171,0.0334805484778274,0.000455710417864358,0.000455710417864358,0.0003688269713378916
8,0.03,172,0.033451204688655554,0.0004415312563929396,0.0004415312563929396,0.0003645214250941449
8,0.03,173,0.03353638407933581,0.00043654356200654467,0.00043654356200654467,0.0003551808845425268
8,0.03,174,0.033682627017516974,0.0004596180176842866,0.0004596180176842866,0.00035230278867748706
8,0.03,175,0.03365394420662363,0.0004740776383012815,0.0004740776383012815,0.00035080104203886016
8,0.03,176,0.033720687813434416,0.0004799014723620312,0.00047990147236203124,0.0003607272555885695
8,0.03,177,0.033670524852178425,0.000454651061041019,0.00045465106104101906,0.000362359028572497
8,0.03,178,0.03355217137059077,0.0004859012660852464,0.0004859012660852464,0.0003620533839775643
8,0.03,179,0.03364368891556868,0.0004513921006105614,0.00045139210061056144,0.0003639740700936561
8,0.03,180,0.033698865774004196,0.00042190758988470506,0.00042190758988470506,0.0003668429828881896
8,0.03,181,0.033741039808178934,0.0004374227178642643,0.0004374227178642643,0.00036676939776979635
8,0.03,182,0.033844675309406366,0.00042743901801134296,0.00042743901801134296,0.0003575712537858575
8,0.03,183,0.033811290108491286,0.00046190368817099355,0.00046190368817099355,0.00036773138688095684
8,0.03,184,0.03367991181399572,0.0004811167844761992,0.0004811167844761992,0.0003742131079921976
8,0.03,185,0.033527589050329154,0.0004597448608309277,0.0004597448608309277,0.0003770530859565986
8,0.03,186,0.03349790825569939,0.00044597807725054985,0.00044597807725054985,0.00037586111342858864
8,0.03,187,0.03349581082135309,0.00046733699783005,0.00046733699783005,0.00036623340129685066
8,0.03,188,0.03364112602200513,0.000467039954772145,0.000467039954772145,0.0003686944178086874
8,0.03,189,0.03371355594080335,0.00044833888027804957,0.00044833888027804957,0.0003732523095456923
8,0.03,190,0.033727227639160584,0.00043819094326239845,0.0004381909432623985,0.00036424544209304194
8,0.03,191,0.03360779040278166,0.0004239090815308501,0.00042390908153085003,0.0003680719482191879
8,0.03,192,0.03367619803167897,0.0004102871613439329,0.0004102871613439329,0.00036317264900518796
8,0.03,193,0.03388775708965772,0.0003726530295688145,0.0003726530295688145,0.00036699664085809117
8,0.03,194,0.03387300083284987,0.0004254306280170017,0.00042543062801700165,0.0003660316064954208
8,0.03,195,0.03377958328935149,0.0003972041444236444,0.00039720414442364444,0.000355595073332121
8,0.03,196,0.03375580971635359,0.00040271580616088766,0.00040271580616088766,0.00035477378334781913
8,0.03,197,0.03353970518471087,0.0004185594238182409,0.0004185594238182409,0.00034549652781640927
8,0.03,198,0.03361793361423062,0.0004569448686657569,0.00045694486866575693,0.0003549630159910758
8,0.03,199,0.03351355332268826,0.00040069584807716607,0.000400695848077166,0.00035108532158409307
8,0.03,200,0.03372511632004625,0.00043127792503632357,0.0004312779250363235,0.00035567651125666133
8,0.03,201,0.03377712250163248,0.0003875495079291561,0.0003875495079291561,0.0003615744244680487
8,0.03,202,0.03378475419483757,0.00043924347693360835,0.0004392434769336084,0.00035167443496924
8,0.03,203,0.03379682457745621,0.00039359093294294493,0.00039359093294294493,0.00034644603148970606
8,0.03,204,0.033680034034091845,0.00039683291891168775,0.00039683291891168775,0.0003557588903817778
8,0.03,205,0.03320171090475017,0.0003976680055650948,0.0003976680055650948,0.0003485830629748462
8,0.03,206,0.033360684827090335,0.00046789270940517623,0.0004678927094051762,0.00034051720107306996
8,0.03,207,0.03352792954854103,0.0004713231345101949,0.00047132313451019487,0.0003515920340638136
8,0.03,208,0.033565369417116304,0.00043279278288110064,0.0004327927828811006,0.0003495266910519319
8,0.03,209,0.0335242422012655,0.0004421697847540033,0.00044216978475400333,0.0003546947949560723
8,0.03,210,0.03363556908324956,0.000441676797695636,0.000441676797695636,0.00035997523043848883
8,0.03,211,0.0336730990339679,0.00043705394435861596,0.00043705394435861596,0.0003610861600317324
8,0.03,212,0.03368711800515508,0.0004338045537988951,0.0004338045537988952,0.0003656638055185555
8,0.03,213,0.03359338222811225,0.000474809901858639,0.00047480990185863907,0.00036720755453775386
8,0.03,214,0.033701799161646846,0.000493935259919048,0.000493935259919048,0.0003771328113695168
8,0.03,215,0.03381205889575309,0.0004860206479993148,0.00048602064799931473,0.00038212772620670123
8,0.03,216,0.033816822339407616,0.0004823652526915192,0.0004823652526915192,0.0003743682001120243
8,0.03,217,0.033961727103658655,0.0004411678422108015,0.0004411678422108015,0.0003718845464078692
8,0.03,218,0.03396931127151195,0.00044260839785264985,0.00044260839785264985,0.00036705807342311315
8,0.03,219,0.0342504033249171,0.0004580075295235035,0.00045800752952350346,0.00037892261390887444
8,0.03,220,0.03407396949500081,0.0004998917528132905,0.0004998917528132905,0.0003812279169155176
8,0.03,221,0.0341640999992251,0.0005378586514305553,0.0005378586514305553,0.0003784070724035408
8,0.03,222,0.03410258630826743,0.0005266974267302523,0.0005266974267302523,0.0003787118846181918
8,0.03,223,0.03409084881461285,0.0005044956969651847,0.0005044956969651847,0.0003739945083244842
8,0.03,224,0.03409253242662502,0.0005329679393521557,0.0005329679393521557,0.0003695437240986003
8,0.03,225,0.03406147846843022,0.0005190748407924241,0.0005190748407924241,0.00036953865279380776
8,0.03,226,0.034036553419758774,0.0005106664459472196,0.0005106664459472195,0.0003618918536230757
8,0.03,227,0.033883476492127036,0.0005160972586415862,0.0005160972586415861,0.00036969337807428725
8,0.03,228,0.03384169543702564,0.000463738692495079,0.000463738692495079,0.00036480572898872545
8,0.03,229,0.033762961562128976,0.0004597928568170656,0.0004597928568170656,0.0003680042487939156
8,0.03,230,0.03386518256759332,0.0004496655527313196,0.00044966555273131956,0.0003625349320479403
8,0.03,231,0.03398382621189621,0.00042958498539534773,0.0004295849853953477,0.00036635033644172625
8,0.03,232,0.03404861181754456,0.0004246978850905562,0.0004246978850905562,0.00037473145930740244
8,0.03,233,0.03411215163377079,0.000391271313353896,0.000391271313353896,0.0003767119342921813
8,0.03,234,0.03396791050242136,0.00037087788449047905,0.0003469034315069917,0.00037087788449047905
8,0.03,235,0.03397305169830352,0.0003660501581024403,0.0003535859467106457,0.0003660501581024403
8,0.03,236,0.03385246338126033,0.00036367135276047186,0.00032406857221215255,0.00036367135276047186
8,0.03,237,0.033591940979166006,0.0003509246503002839,0.00029901918781688604,0.0003509246503002839
8,0.03,238,0.033613569116231,0.0003456566294993877,0.0003028656857195142,0.0003456566294993877
8,0.03,239,0.03365895160987456,0.00035339190164220956,0.00035339190164220956,0.00034749096377797355
8,0.03,240,0.03359949016107552,0.00037578624986225005,0.00037578624986225,0.0003528429078309279
8,0.03,241,0.03377102962328924,0.0003603443417699687,0.0003477819125888118,0.0003603443417699687
8,0.03,242,0.033608689191529595,0.000383336788182152,0.00038333678818215205,0.00035920115866325763
8,0.03,243,0.03366073121726979,0.0003968291713605563,0.0003968291713605563,0.00036084908332402433
8,0.03,244,0.03380064919425949,0.00039995015562788367,0.0003999501556278837,0.0003619272980018288
8,0.03,245,0.03364287775249466,0.0004265655463389995,0.00042656554633899955,0.0003510628301234313
8,0.03,246,0.0335131107567134,0.00042008196943822397,0.00042008196943822397,0.0003479327910624563
8,0.03,247,0.03381273637173955,0.00042048570169780615,0.0004204857016978062,0.000355058672193382
8,0.03,248,0.033828075412314945,0.000399313405249058,0.000399313405249058,0.0003488821135390869
8,0.03,249,0.033858624897813265,0.00045167493075066984,0.00045167493075066984,0.00034999460062020934
8,0.03,250,0.03402279204132045,0.00045992467902286735,0.00045992467902286735,0.00036222447124112286
8,0.03,251,0.034044163047988935,0.00045109255149863587,0.00045109255149863587,0.00036389928439372525
8,0.03,252,0.0338982644976507,0.0004745309588748242,0.0004745309588748242,0.00037246537327212593
8,0.03,253,0.033691659910890286,0.000454133525937778,0.000454133525937778,0.00036927459722349245
8,0.03,254,0.033573745972583315,0.0004531982790152387,0.0004531982790152387,0.00037411456127222573
8,0.03,255,0.033535032336259,0.00044945949139358097,0.00044945949139358097,0.00037178808475420275
8,0.03,256,0.03349375937331748,0.00048246116797301164,0.0004824611679730116,0.000361045861283735
8,0.03,257,0.03336372731586968,0.00044941607095054937,0.0004494160709505494,0.000364075517920961
8,0.03,258,0.0334095487818576,0.00046243985435025014,0.00046243985435025014,0.0003761075717217904
8,0.03,259,0.033378965265002676,0.00048796894994665327,0.00048796894994665327,0.00037215243532470304
8,0.03,260,0.0331001661443643,0.0004739202962326544,0.00047392029623265447,0.00036757268619441095
8,0.03,261,0.03304609107305915,0.00043301303653223155,0.00043301303653223155,0.00035518216696670663
8,0.03,262,0.03330828609288066,0.0004562019819363087,0.0004562019819363086,0.00036715203217492444
8,0.03,263,0.03315936286652713,0.00045295243185738797,0.00045295243185738797,0.00036796737141344424
8,0.03,264,0.03316739244567103,0.0004546262977872754,0.0004546262977872754,0.00036252550496755685
8,0.03,265,0.03316192855364472,0.0004564899516702886,0.0004564899516702886,0.0003577268401526985
8,0.03,266,0.03336512566573089,0.0004396379545958559,0.0004396379545958559,0.0003607969556527055
8,0.03,267,0.033149925697499236,0.000448052420172262,0.000448052420172262,0.0003590198016290326
8,0.03,268,0.03305138162131106,0.0004753988425028813,0.00047539884250288124,0.00035840977778963366
8,0.03,269,0.03292853815934293,0.0004512802315894184,0.0004512802315894184,0.0003566223446549682
8,0.03,270,0.032947209686006694,0.00048379411436969114,0.00048379411436969114,0.00036448907408171484
8,0.03,271,0.0331104638486633,0.00047995635292795983,0.0004799563529279598,0.00035629604809087853
8,0.03,272,0.033281056238512095,0.00046543924930713706,0.00046543924930713706,0.0003566847011199476
8,0.03,273,0.03303691607320307,0.0004473412491380271,0.00044734124913802713,0.00034856913719808277
8,0.03,274,0.03321839599727084,0.0004596474397198009,0.0004596474397198009,0.0003544280451632072
8,0.03,275,0.033253257070029824,0.00042469192269085654,0.00042469192269085654,0.0003655790169904072
8,0.03,276,0.03343293324087538,0.0004924337466423976,0.0004924337466423975,0.00035954251185821523
8,0.03,277,0.033423234836217564,0.0004887747113400066,0.0004887747113400066,0.00036193884795976465
8,0.03,278,0.03315351079907195,0.0004892968301552276,0.0004892968301552276,0.0003602116669402458
8,0.03,279,0.0333971487443588,0.0005350914381981472,0.0005350914381981472,0.0003630032231504269
8,0.03,280,0.03358558356510864,0.0005533444591882512,0.0005533444591882511,0.0003576724824522913
8,0.03,281,0.0333318331631853,0.0005499043693685314,0.0005499043693685314,0.0003586422791129429
8,0.03,282,0.03345398949750294,0.0005240507168975479,0.0005240507168975479,0.00036789466426304107
8,0.03,283,0.033312707553611806,0.0005343911107413013,0.0005343911107413013,0.0003610092353244339
8,0.03,284,0.033197733317174544,0.0005343344310866996,0.0005343344310866996,0.00035163451284235525
8,0.03,285,0.033259219941744966,0.0004842299684664646,0.0004842299684664646,0.00035650539907545624
8,0.03,286,0.033521460797321656,0.0005089358967961254,0.0005089358967961255,0.0003546315669650267
8,0.03,287,0.03362197727412841,0.0005126804282318557,0.0005126804282318556,0.00035838873586524413
8,0.03,288,0.03341313076822491,0.0005262406689289847,0.0005262406689289848,0.0003633823141738239
8,0.03,289,0.033574561645799125,0.0005400809799628433,0.0005400809799628433,0.0003714451071567283
8,0.03,290,0.03373426694640127,0.0005582268033809341,0.0005582268033809341,0.00036939217415241885
8,0.03,291,0.03373072217110453,0.0005367568541690036,0.0005367568541690036,0.0003637192861601735
8,0.03,292,0.03367173455688585,0.0005414961349258063,0.0005414961349258063,0.000375781763496079
8,0.03,293,0.03385931611582079,0.0005209677514519828,0.0005209677514519828,0.0003801657314615201
8,0.03,294,0.03404149899368099,0.0004941477479586745,0.0004941477479586746,0.0003867421776127593
8,0.03,295,0.0338936794647242,0.0005229708669694846,0.0005229708669694846,0.0003796417206950607
8,0.03,296,0.033893388187161796,0.0005533931561539662,0.0005533931561539662,0.0003764370300719992
8,0.03,297,0.03402618517140412,0.000555662032503444,0.000555662032503444,0.00036528020324742155
8,0.03,298,0.03386337076007579,0.0005477410592089414,0.0005477410592089414,0.00037504036456503125
8,0.03,299,0.03396079535192012,0.0005510156618546267,0.0005510156618546267,0.0003695360814968699
8,0.03,300,0.03384693161557486,0.0004832613722849598,0.0004832613722849598,0.00036827544156336556
8,0.03,301,0.03381624896860548,0.0004922803521661525,0.0004922803521661525,0.0003619458770253286
8,0.03,302,0.03398962118787864,0.0005181579256632626,0.0005181579256632626,0.0003733612645377226
8,0.03,303,0.03382000311851461,0.0005106959218319022,0.0005106959218319022,0.0003708324338622793
8,0.03,304,0.033855461116595195,0.0004698325922761037,0.0004698325922761037,0.00037146726932600177
8,0.03,305,0.03388956213660953,0.0004448682417670686,0.0004448682417670686,0.00036985558740998604
8,0.03,306,0.033870194807534525,0.0004637250192688867,0.0004637250192688867,0.0003802126897550503
8,0.03,307,0.034004160550029396,0.00046700217279355756,0.0004670021727935576,0.00037473237681466797
8,0.03,308,0.033836573366828576,0.00045686148782706366,0.00045686148782706366,0.00038240088440564494
8,0.03,309,0.03390454144995567,0.0004475159277215429,0.000447515927721543,0.00038419009031596187
8,0.03,310,0.0341068711220777,0.0004944697292250773,0.0004944697292250772,0.0003926011825735863
8,0.03,311,0.033869327822816576,0.0004654734155568334,0.0004654734155568334,0.00039112488780690874
8,0.03,312,0.03382086339207316,0.0004617021869667677,0.00046170218696676773,0.00039391675952739477
8,0.03,313,0.03378473909475506,0.00046978422249870127,0.00046978422249870127,0.00038575336579593105
8,0.03,314,0.03390722507971749,0.0004717059631089022,0.0004717059631089022,0.00038499230705436866
8,0.03,315,0.03402889258118449,0.0004572266502322706,0.0004572266502322706,0.00037856135057335954
8,0.03,316,0.03409608392030148,0.00048261212658015,0.00048261212658014995,0.00038238886159869565
8,0.03,317,0.034151380535953645,0.0005063816822148133,0.0005063816822148132,0.0003821963256899615
8,0.03,318,0.034110535933724345,0.0005203950472548561,0.0005203950472548561,0.00038133941497432814
8,0.03,319,0.03410690822975829,0.0005452933960704161,0.0005452933960704161,0.0003830941865010919
8,0.03,320,0.03418230880017618,0.0005616659446954484,0.0005616659446954484,0.0003913469979748665
8,0.03,321,0.03392146339374875,0.0005552200441130603,0.0005552200441130603,0.00039034173330751166
8,0.03,322,0.03388962245776131,0.0005637013883521356,0.0005637013883521357,0.00038611509309838547
8,0.03,323,0.03404837547949329,0.0005557324177683369,0.0005557324177683369,0.00038394492631566035
8,0.03,324,0.03398159546492088,0.0005386409456071554,0.0005386409456071554,0.00038232770973938837
8,0.03,325,0.03392757625874608,0.0005027470085246262,0.0005027470085246261,0.0003802665204626178
8,0.03,326,0.033734953446650465,0.0005000137991314871,0.0005000137991314871,0.00036905041472362274
8,0.03,327,0.03352975175501864,0.0005145495743984301,0.0005145495743984301,0.0003661699771385275
8,0.03,328,0.03348543555840776,0.00046777196676047356,0.0004677719667604735,0.0003643432315835225
8,0.03,329,0.03321632685350812,0.0004951724336502892,0.0004951724336502893,0.0003695524468122533
8,0.03,330,0.033290315550914794,0.0005101520612271304,0.0005101520612271304,0.00037203455766630743
8,0.03,331,0.03351203857345749,0.0005056382310266099,0.0005056382310266098,0.00036856442704745213
8,0.03,332,0.03362802897785154,0.0005272918635715564,0.0005272918635715564,0.0003715062481130995
8,0.03,333,0.033648634858279076,0.0004987329945387575,0.0004987329945387577,0.00036672608198104993
8,0.03,334,0.033750645185603126,0.0005127196899164063,0.0005127196899164063,0.00037260352155042844
8,0.03,335,0.03355197912412575,0.0004806454145226254,0.0004806454145226254,0.0003717094199279104
8,0.03,336,0.033632949900762335,0.0005014032673486286,0.0005014032673486287,0.0003777840437557607
8,0.03,337,0.03358015064592694,0.0005053020059057592,0.0005053020059057592,0.00037605934326729565
8,0.03,338,0.03374233584650197,0.0005695456661847825,0.0005695456661847825,0.0003776964444107522
8,0.03,339,0.03368041778482259,0.0006056969273573982,0.0006056969273573982,0.00038221287530184293
8,0.03,340,0.0337049217514314,0.000592018147631724,0.000592018147631724,0.00037496993733520696
8,0.03,341,0.03384246228881717,0.0006235278648898881,0.0006235278648898881,0.00038342018069374137
8,0.03,342,0.033981617200528176,0.0006302112293912875,0.0006302112293912875,0.0003793782853239486
8,0.03,343,0.033874700590594935,0.0006069197716719309,0.0006069197716719309,0.0003785280299486133
8,0.03,344,0.03365351519014244,0.0006020879726230198,0.0006020879726230198,0.0003746932857382957
8,0.03,345,0.03380605371554613,0.00062721003076193,0.0006272100307619299,0.0003798976498476925
8,0.03,346,0.03367850898031837,0.0006130847180682599,0.0006130847180682599,0.0003823955772749156
8,0.03,347,0.033652735734693864,0.0005730447612066658,0.0005730447612066659,0.00036919961493277675
8,0.03,348,0.0336806211396924,0.0005242158767781424,0.0005242158767781422,0.00036751106303367447
8,0.03,349,0.03366606882112862,0.0005757577985140109,0.000575757798514011,0.0003732461601607534
8,0.03,350,0.033740540241432755,0.0005706492834598286,0.0005706492834598286,0.00037002457515057457
8,0.03,351,0.03361480083061309,0.0005690875182170437,0.0005690875182170437,0.0003667016012966714
8,0.03,352,0.033635011033834705,0.0005171873829467374,0.0005171873829467374,0.0003692388922835259
8,0.03,353,0.033690097046648305,0.0004892908169290558,0.0004892908169290558,0.00037416484110991085
8,0.03,354,0.0337118713547426,0.000502352121578484,0.000502352121578484,0.00036231456060245587
8,0.03,355,0.033655072099361034,0.0004980016213982165,0.0004980016213982165,0.00034775067115623624
8,0.03,356,0.03376951802665173,0.0004717194581152391,0.0004717194581152391,0.00035054784677429114
8,0.03,357,0.03373764053820748,0.00046322777810353443,0.00046322777810353443,0.00035989476065406234
8,0.03,358,0.03361117143098178,0.00046116119030240195,0.00046116119030240195,0.0003634546060240329
8,0.03,359,0.03349381765519547,0.0004854219075051573,0.0004854219075051574,0.000368611539656238
8,0.03,360,0.03329957125201586,0.0004900691246349151,0.0004900691246349151,0.00036709100254697327
8,0.03,361,0.033198817410510145,0.0005064287063005708,0.0005064287063005709,0.00036970173895807106
8,0.03,362,0.03330921016162621,0.0004735330477551837,0.00047353304775518365,0.0003718486408727188
8,0.03,363,0.03346340650970135,0.000426233323759872,0.000426233323759872,0.0003693996595854746
8,0.03,364,0.03342403844302276,0.00046881792618636925,0.00046881792618636925,0.0003681504225481819
8,0.03,365,0.03334086139873896,0.00043617291281066015,0.0004361729128106601,0.00036949157828923383
8,0.03,366,0.03328409706294052,0.0004024620190958183,0.0004024620190958183,0.0003577349233206978
8,0.03,367,0.03313727135443738,0.00039257632221806446,0.00039257632221806446,0.00036553011746299694
8,0.03,368,0.033092001591486994,0.0003765991198117529,0.00036953557889574963,0.0003765991198117529
8,0.03,369,0.03308446685114882,0.0003586946274902674,0.00035394356866559265,0.0003586946274902674
8,0.03,370,0.03341117428240084,0.0003972803396023034,0.0003972803396023034,0.0003587630614419628
8,0.03,371,0.03342280188504127,0.00043030854086330864,0.00043030854086330864,0.000356535909140447
8,0.03,372,0.03348154095938731,0.00042902353526407655,0.00042902353526407655,0.0003609469484276226
8,0.03,373,0.03332463099343382,0.00038907911144595155,0.00038907911144595155,0.00036586177704756826
8,0.03,374,0.033252762997442425,0.00041762487398699694,0.0004176248739869969,0.00036275760619874876
8,0.03,375,0.033318680813745595,0.00043957103005133586,0.0004395710300513359,0.00036281431845840205
8,0.03,376,0.033248509293315534,0.00042716239162775656,0.00042716239162775656,0.0003615161573209698
8,0.03,377,0.03326310606334775,0.0004545567220982599,0.0004545567220982598,0.0003632182774377582
8,0.03,378,0.03335879160723909,0.0004269536910465948,0.0004269536910465947,0.000350908355118986
8,0.03,379,0.033091553201426524,0.0004285796114581336,0.0004285796114581336,0.0003456921883806719
8,0.03,380,0.03292502264834033,0.00042448084346207994,0.00042448084346207994,0.00035206803063092545
8,0.03,381,0.033298525630767656,0.00044747833605083854,0.0004474783360508386,0.00035753265365281436
8,0.03,382,0.033145024042519934,0.00042324098509630755,0.00042324098509630755,0.0003529621415094158
8,0.03,383,0.033174649911235844,0.0004187941695525473,0.00041879416955254735,0.00035517007713152803
8,0.03,384,0.033332538386130296,0.0004397213679449224,0.0004397213679449223,0.00035958266135151777
8,0.03,385,0.03316639597350866,0.0004057275136035304,0.00040572751360353035,0.0003582322878335941
8,0.03,386,0.033164182261102446,0.00046206982219537874,0.00046206982219537874,0.00034806261891617574
8,0.03,387,0.03295626189194833,0.00041670471887862113,0.00041670471887862113,0.00034402935324336667
8,0.03,388,0.03267032738558909,0.00044563774277934956,0.0004456377427793495,0.00034385070304393284
8,0.03,389,0.03292264139011756,0.0004459434345709653,0.00044594343457096534,0.0003419343605643385
8,0.03,390,0.03291859134538198,0.0004372583103034341,0.00043725831030343415,0.00035136687743504084
8,0.03,391,0.032855349394676756,0.00039905136886627654,0.0003990513688662766,0.0003450982897507578
8,0.03,392,0.03272070925579093,0.00038108791392243486,0.00038108791392243486,0.0003422831660020542
8,0.03,393,0.03293471360837265,0.0004081081726039351,0.0004081081726039351,0.0003420437282126092
8,0.03,394,0.03292118618983906,0.00043466209434346,0.00043466209434346,0.00034027085844544856
8,0.03,395,0.03273060598769508,0.0004313262280716567,0.0004313262280716567,0.00034991799446876807
8,0.03,396,0.03287149357706066,0.0004485968577235468,0.0004485968577235468,0.0003535472156987222
8,0.03,397,0.032794695490984606,0.0004272342235209172,0.00042723422352091724,0.00035163174034745536
8,0.03,398,0.0329068409161682,0.0004332960798513042,0.0004332960798513042,0.0003543763024010561
8,0.03,399,0.03277748238656562,0.0004426211027656307,0.0004426211027656307,0.00035040596596540747
8,0.03,400,0.03283216361618489,0.0004884857427603956,0.0004884857427603956,0.0003494326318095653
8,0.03,401,0.03280079013144952,0.00047216628043149963,0.0004721662804314996,0.00035975842649351786
8,0.03,402,0.03279759247372153,0.00043400037872247247,0.00043400037872247247,0.0003615357778174028
8,0.03,403,0.03277333119893796,0.00043717490442675124,0.00043717490442675124,0.00035334563624255715
8,0.03,404,0.03299441280018329,0.00044384798012055506,0.00044384798012055506,0.00036571247156225894
8,0.03,405,0.032975787404106296,0.0004362964119921195,0.0004362964119921195,0.00035698594644363834
8,0.03,406,0.032962961560936865,0.0003962666228774477,0.00039626662287744774,0.00035838809426372797
8,0.03,407,0.032820375476509886,0.0003794585378260812,0.00037945853782608125,0.0003610335832708974
8,0.03,408,0.03303650952830535,0.00036514239445582656,0.00036514239445582656,0.00036435454296380787
8,0.03,409,0.03310997374238192,0.0003644090443970477,0.000320954497892305,0.0003644090443970477
8,0.03,410,0.03322881352258157,0.0003782495835126075,0.0003782495835126075,0.0003554899119382848
8,0.03,411,0.03333990729955602,0.00040771034933583184,0.00040771034933583184,0.0003592475650131374
8,0.03,412,0.03324548292514499,0.0004477976427205166,0.0004477976427205166,0.0003673156926600837
8,0.03,413,0.033340369365901415,0.00045259577345935545,0.0004525957734593555,0.00036293667024695284
8,0.03,414,0.033144758890094175,0.0004391852999046664,0.0004391852999046664,0.00035850296325924485
8,0.03,415,0.03304891840368303,0.00039489138057062457,0.00039489138057062457,0.00035446322525761113
8,0.03,416,0.033217053624313986,0.0004053085460262663,0.0004053085460262663,0.0003524643488185413
8,0.03,417,0.033355580991762744,0.0004322414258206712,0.0004322414258206712,0.00035674660685038224
8,0.03,418,0.03323478452577936,0.000476000520081873,0.000476000520081873,0.00034714364590492466
8,0.03,419,0.033245592364147154,0.00045265547509708683,0.00045265547509708683,0.00036007791698611496
8,0.03,420,0.033421015602570575,0.00048499892702624054,0.00048499892702624054,0.00038148296609617256
8,0.03,421,0.03362787800788468,0.0004991532851044716,0.0004991532851044716,0.0003790487520946975
8,0.03,422,0.03357075658233767,0.00048180554995739714,0.00048180554995739714,0.0003720678291019255
8,0.03,423,0.03331274720663736,0.00048291475709096195,0.00048291475709096195,0.00036597825140163506
8,0.03,424,0.03364097652538833,0.00044719341191037416,0.0004471934119103742,0.00036198583529113525
8,0.03,425,0.03348104245197057,0.00048498103650458565,0.00048498103650458565,0.00036982775721708204
8,0.03,426,0.033389961982142016,0.0004371622417273493,0.0004371622417273493,0.0003770240653933738
8,0.03,427,0.03323860416899415,0.00047234879990653894,0.00047234879990653894,0.00036537457808019863
8,0.03,428,0.03294987357665233,0.0004955902311066312,0.0004955902311066312,0.0003605680568054317
8,0.03,429,0.03321657810764694,0.00046902914895957377,0.00046902914895957377,0.0003572542235137796
8,0.03,430,0.0331960725233992,0.00044622245425487164,0.0004462224542548716,0.0003517452919226084
8,0.03,431,0.03304219909592024,0.00045819676420316854,0.0004581967642031686,0.0003473711999840144
8,0.03,432,0.03298227029479683,0.00043572952356370854,0.0004357295235637086,0.0003492496323503013
8,0.03,433,0.033048963745933614,0.00039004436084301804,0.00039004436084301804,0.0003463403537527926
8,0.03,434,0.033090944372720456,0.0004128121736741459,0.0004128121736741459,0.00035627418096366106
8,0.03,435,0.03302421409094965,0.000454858108972176,0.00045485810897217594,0.0003571958312032197
8,0.03,436,0.033131334174243035,0.00045203476942447685,0.00045203476942447685,0.0003553483875522852
8,0.03,437,0.03301905646381952,0.0004586742451315883,0.0004586742451315883,0.0003578298809892819
8,0.03,438,0.033143656200886676,0.0005187767552806967,0.0005187767552806967,0.00036743947024432623
8,0.03,439,0.033302084217884005,0.0004933984981194795,0.0004933984981194795,0.0003725852585960221
8,0.03,440,0.03321684774402842,0.0004363959593500901,0.00043639595935009016,0.0003737259224696188
8,0.03,441,0.03329577333953864,0.00044977163388919397,0.0004497716338891939,0.00038208281364066657
8,0.03,442,0.03331817175475933,0.0004442464927461173,0.0004442464927461174,0.00038710548599977683
8,0.03,443,0.03328860128176097,0.0004142028935129296,0.0004142028935129296,0.00038076139693999674
8,0.03,444,0.03299613744967718,0.00041218907345115307,0.000412189073451153,0.0003833474631209777
8,0.03,445,0.033221362925039744,0.00039817480483125064,0.00039817480483125064,0.00037881564112012396
8,0.03,446,0.033396495574775774,0.00038588856282354794,0.000385888562823548,0.0003789194055225621
8,0.03,447,0.033546627974308366,0.000416548484641105,0.000416548484641105,0.0003727790778361299
8,0.03,448,0.033256973055305804,0.0004532594722857421,0.0004532594722857421,0.0003620085620310639
8,0.03,449,0.03330600631351517,0.00043541687614282067,0.00043541687614282067,0.0003682341921437195
8,0.03,450,0.03339896733826027,0.00043410608075456386,0.00043410608075456386,0.00036286019062131187
8,0.03,451,0.03337754074849786,0.0004794720973617604,0.0004794720973617604,0.00035567795632885426
8,0.03,452,0.033549617502209736,0.0004833066673391097,0.0004833066673391097,0.0003549849215850578
8,0.03,453,0.033297560766428154,0.0004211344421701189,0.0004211344421701189,0.0003489232046508843
8,0.03,454,0.033691524081542926,0.0004554042549325536,0.0004554042549325536,0.00035644713841922945
8,0.03,455,0.03369086549344696,0.00043953902171003006,0.00043953902171003006,0.00035686666910329844
8,0.03,456,0.03377703152456026,0.0004468667162470061,0.0004468667162470061,0.00035756162231903463
8,0.03,457,0.03370804173833283,0.0004265848729680173,0.00042658487296801735,0.00036386891178240147
8,0.03,458,0.0337785625199695,0.0004286000495094352,0.00042860004950943514,0.0003659605673075984
8,0.03,459,0.03386630980275782,0.00044627213251268317,0.00044627213251268317,0.00035789126667962504
8,0.03,460,0.03350678378249082,0.00043269365733153393,0.00043269365733153393,0.0003548190130938175
8,0.03,461,0.03372466263634266,0.00041885853129186405,0.0004188585312918641,0.00035750687283860483
8,0.03,462,0.033693980877276646,0.00040277621963016484,0.0004027762196301648,0.0003571615368637924
8,0.03,463,0.033618520397897256,0.00037179377050681925,0.0003717937705068192,0.0003555655187359573
8,0.03,464,0.03367036112911985,0.0004065480474734752,0.00040654804747347525,0.00035867029079082795
8,0.03,465,0.03341650340346744,0.00042142005138401145,0.00042142005138401145,0.0003481910227351242
8,0.03,466,0.03340410364486987,0.00041917403928847126,0.00041917403928847126,0.00035091156495109505
8,0.03,467,0.03334651590198698,0.0004462673283389618,0.00044626732833896184,0.00034959299937138943
8,0.03,468,0.03340284890218944,0.0004655224546771258,0.0004655224546771258,0.0003513661647880281
8,0.03,469,0.033596929446289864,0.0004495191142436861,0.00044951911424368613,0.0003536307617493593
8,0.03,470,0.03325566627204397,0.00042026634638784395,0.0004202663463878439,0.00035345343757387274
8,0.03,471,0.03319316635057318,0.0004314201400671157,0.00043142014006711563,0.000342165465756648
8,0.03,472,0.0330160980725028,0.00041453451166506105,0.00041453451166506105,0.0003314417574897046
8,0.03,473,0.03313832311824138,0.0003998331635000885,0.00039983316350008846,0.00032662467800865537
8,0.03,474,0.033429770241874546,0.00043252373972496475,0.00043252373972496475,0.0003251196338415613
8,0.03,475,0.03324273509300848,0.0004051559041065115,0.0004051559041065115,0.00032813144337181323
8,0.03,476,0.03307048388824093,0.0004343913026253637,0.0004343913026253637,0.0003286632500313212
8,0.03,477,0.03323864995420684,0.0004083107051650473,0.00040831070516504723,0.00032875541573486913
8,0.03,478,0.03340230460188774,0.00037966046624321047,0.00037966046624321047,0.0003293916420730392
8,0.03,479,0.03324019094783075,0.0003438658360050275,0.00034386583600502747,0.0003340788815342078
8,0.03,480,0.03331171439290933,0.00033103068967099914,0.0003276019329187998,0.00033103068967099914
8,0.03,481,0.03326517077156901,0.0003685978663435816,0.0003685978663435816,0.00032742613919594163
8,0.03,482,0.033238443101398965,0.0003854837887262291,0.0003854837887262292,0.0003357847300860333
8,0.03,483,0.033068516240581644,0.00034709340975679575,0.00034709340975679575,0.0003375560455110787
8,0.03,484,0.033160373232610695,0.000389534536189157,0.000389534536189157,0.0003362675313052797
8,0.03,485,0.03302402134124613,0.00034375732833738217,0.00033174883052794203,0.00034375732833738217
8,0.03,486,0.032856657325605304,0.00034794703676441815,0.00034794703676441815,0.0003440279845563607
8,0.03,487,0.03303421355927496,0.0003567959137441751,0.00035679591374417513,0.00034100188891862036
8,0.03,488,0.033004911569491154,0.0003966428276973076,0.0003966428276973076,0.0003528116534837893
8,0.03,489,0.032991596244545396,0.0004600655397916825,0.0004600655397916825,0.0003545066787282251
8,0.03,490,0.03279459020748174,0.0004505477793250294,0.0004505477793250294,0.00035371933302986254
8,0.03,491,0.0330951982932876,0.00047332380171527,0.00047332380171526996,0.0003578560456870458
8,0.03,492,0.03316053937605758,0.0004991035009570341,0.0004991035009570341,0.00035885405249688697
8,0.03,493,0.03323043762617098,0.0005125460495471405,0.0005125460495471405,0.00034810226395648203
8,0.03,494,0.0331001110111983,0.00048302617808482066,0.00048302617808482066,0.00034609751490697146
8,0.03,495,0.033219936048030876,0.00046022392561919273,0.00046022392561919273,0.0003473554151564824
8,0.03,496,0.03304726300151995,0.00045020152438203444,0.0004502015243820344,0.0003507504312874502
8,0.03,497,0.033166771827524436,0.0004590242784667426,0.0004590242784667426,0.00035575042927107225
8,0.03,498,0.03300627396284591,0.0004377196207827653,0.00043771962078276535,0.0003541344683357672
8,0.03,499,0.03307676473972823,0.0004432353995289764,0.0004432353995289764,0.000359915471871263
8,0.03,500,0.03305867823436984,0.0004737982143801994,0.0004737982143801994,0.00036675762096471004
8,0.05,0,0.0827631920051088,0.00024444923156429957,0.00022776070449510402,0.00024444923156429957
8,0.05,1,0.05077407287313546,0.00023892461908119994,0.00022643729795857615,0.00023892461908119994
8,0.05,2,0.037843120906874216,0.00022355316596603262,0.0002165762412762736,0.00022355316596603262
8,0.05,3,0.03203765281620384,0.00021675379723804338,0.00021675379723804338,0.00021352839958870904
8,0.05,4,0.029623278606354667,0.00020530842424225615,0.00019252084111846208,0.00020530842424225615
8,0.05,5,0.028546520826628518,0.00020219848232464578,0.0001678557632823236,0.00020219848232464578
8,0.05,6,0.027921909756587614,0.00020267386666553746,0.00020267386666553746,0.00019670391780678842
8,0.05,7,0.027595218081861453,0.00019916341988212368,0.00017767729393628596,0.00019916341988212368
8,0.05,8,0.02736121094329686,0.0002275520281126212,0.0002275520281126212,0.0001966066698326269
8,0.05,9,0.027419917204612794,0.00020338458647302824,0.00020199178338113427,0.00020338458647302824
8,0.05,10,0.027516496568035894,0.00022376412950176876,0.00022376412950176876,0.00020516633843952362
8,0.05,11,0.02764768577742158,0.00023612413896894626,0.00023612413896894626,0.00021595285652896385
8,0.05,12,0.027731609608589215,0.0002552695213200814,0.0002552695213200814,0.00021926942223692684
8,0.05,13,0.027760045329144698,0.00028320932206591303,0.00028320932206591303,0.00022318936248479554
8,0.05,14,0.02779006801528303,0.0002924597984078364,0.00029245979840783633,0.00021541445172765193
8,0.05,15,0.027899518864685658,0.00023204642272284435,0.00023204642272284433,0.00021828756904614466
8,0.05,16,0.027979844585955427,0.00024512768493939414,0.00024512768493939414,0.00021891318275395013
8,0.05,17,0.02797447646487503,0.0002305087196858642,0.0002305087196858642,0.00022197825502945332
8,0.05,18,0.028228182536710767,0.00023375355910873203,0.00023375355910873203,0.0002234411444490925
8,0.05,19,0.028280159277417703,0.00021966003224637234,0.00020942369181320804,0.00021966003224637234
8,0.05,20,0.028417756570606127,0.0002248530453661098,0.0001924013961106897,0.0002248530453661098
8,0.05,21,0.028580024870090835,0.00023454014910197332,0.00021186000532461702,0.00023454014910197332
8,0.05,22,0.028542451915656873,0.00022788912178460632,0.00021989968455720838,0.00022788912178460632
8,0.05,23,0.02855293125685613,0.00024280474435235452,0.00024280474435235452,0.00022288778209009297
8,0.05,24,0.028702001397210245,0.00024049872953076283,0.00024049872953076283,0.0002319569462344816
8,0.05,25,0.02888342839012337,0.0002793228202971957,0.0002793228202971957,0.00022668849665063672
8,0.05,26,0.029004619725155268,0.00024753800108183563,0.00024753800108183563,0.00023676580910171447
8,0.05,27,0.02911393617604319,0.00027652967847441887,0.00027652967847441887,0.00024148838098673501
8,0.05,28,0.029373797680634025,0.00027995609468912345,0.00027995609468912345,0.0002491828367927832
8,0.05,29,0.02924418563031441,0.0003003694692450373,0.0003003694692450373,0.00024840001620087633
8,0.05,30,0.029315231590938528,0.0002783544729131527,0.0002783544729131527,0.00024420356206794814
8,0.05,31,0.0294037413259465,0.0002663948398474595,0.0002663948398474595,0.00025033281723745894
8,0.05,32,0.029432441941669062,0.000299312486384622,0.000299312486384622,0.0002567254201232651
8,0.05,33,0.029302652165780044,0.00028896257673568224,0.0002889625767356823,0.0002543325750639369
8,0.05,34,0.02941191502092306,0.00027310600472344663,0.00027310600472344663,0.0002608646754538432
8,0.05,35,0.029283134980668934,0.0003182259721432794,0.00031822597214327934,0.0002589444991755454
8,0.05,36,0.029498780361808762,0.0002783675597869552,0.0002783675597869552,0.0002636760649831853
8,0.05,37,0.029732756411677386,0.000299011324117715,0.000299011324117715,0.00026374232491278344
8,0.05,38,0.02956284039267681,0.0002648040257187372,0.0002640136272738847,0.0002648040257187372
8,0.05,39,0.029601907030297015,0.0002806702664656053,0.0002806702664656053,0.00025687571823630436
8,0.05,40,0.02965543863020099,0.0002800307259114358,0.0002800307259114358,0.00024989309280240384
8,0.05,41,0.029870391348989906,0.00029106452653928445,0.00029106452653928445,0.00025879986947571174
8,0.05,42,0.029874310574897114,0.00029512976645462225,0.00029512976645462225,0.00025949457992098155
8,0.05,43,0.030094552787242025,0.00030580783444191374,0.00030580783444191374,0.0002653419104895822
8,0.05,44,0.02993311360221461,0.0002699755634515036,0.00026997556345150354,0.0002642198048236905
8,0.05,45,0.03006144185968383,0.0002920288318652553,0.0002920288318652553,0.00026761203489482886
8,0.05,46,0.029836871686098703,0.0002891016597512338,0.0002891016597512338,0.00026285981416893935
8,0.05,47,0.029715556465473105,0.0002855417960568691,0.000285541796056869,0.00026469229147693516
8,0.05,48,0.029695989994036665,0.0003135326393310696,0.0003135326393310696,0.00026951897415041014
8,0.05,49,0.029318700542817277,0.00029413468712336584,0.0002941346871233658,0.00026183068290252517
8,0.05,50,0.029310143178033925,0.00027109826290868576,0.0002710982629086857,0.0002565719130579892
8,0.05,51,0.029327548236206362,0.00026350230871649105,0.00025791103958378383,0.00026350230871649105
8,0.05,52,0.02920159986736125,0.0002738217633114215,0.0002488953306327385,0.0002738217633114215
8,0.05,53,0.029442511439921985,0.0002735228825481884,0.00027352288254818845,0.00026690536048815827
8,0.05,54,0.029427014045997,0.0003064321561730208,0.0003064321561730208,0.0002599258439301423
8,0.05,55,0.029364067444753998,0.0002804609321061162,0.0002804609321061162,0.00026310867039699434
8,0.05,56,0.02957176024319937,0.0002789451536253617,0.0002789451536253617,0.0002629918791133884
8,0.05,57,0.029596614795256434,0.00031220759050353133,0.00031220759050353133,0.0002652078313232373
8,0.05,58,0.02953107701132259,0.0003195407500730186,0.0003195407500730186,0.0002673802308997307
8,0.05,59,0.029827852866313335,0.0003137683804976098,0.0003137683804976098,0.0002672285780873628
8,0.05,60,0.029731316951185062,0.00028771769932991526,0.00028771769932991526,0.0002636986985662642
8,0.05,61,0.029828178693131084,0.00030350240797534907,0.00030350240797534907,0.00026181163894677974
8,0.05,62,0.029941437986513796,0.00035593010571704093,0.00035593010571704093,0.0002622982780924166
8,0.05,63,0.029909168334965066,0.0003322916480764908,0.0003322916480764908,0.00026460636374838224
8,0.05,64,0.029824346440095913,0.0003245695450096594,0.0003245695450096594,0.0002673724805142736
8,0.05,65,0.02976687989387581,0.0003190131726785847,0.0003190131726785847,0.0002701584603296172
8,0.05,66,0.029771333482110623,0.0003294549457138573,0.0003294549457138573,0.0002670999496561938
8,0.05,67,0.02987760259723437,0.00034993435134704465,0.00034993435134704465,0.0002657605844190573
8,0.05,68,0.030016780885950944,0.00038334412612414344,0.0003833441261241435,0.000259845370933949
8,0.05,69,0.030071999618532137,0.0003947019707019388,0.0003947019707019388,0.0002564502843175273
8,0.05,70,0.03011180007957609,0.00036693441052570064,0.00036693441052570064,0.00026840694164373093
8,0.05,71,0.030178585179130715,0.00036329085510212756,0.0003632908551021275,0.0002619584945193696
8,0.05,72,0.030036719427872782,0.00033390516848862795,0.0003339051684886279,0.00026168490431741775
8,0.05,73,0.029792498411954617,0.00035975355213941495,0.0003597535521394149,0.0002622418736006031
8,0.05,74,0.029970375469071775,0.0003325618752006416,0.0003325618752006416,0.00026562781635109983
8,0.05,75,0.029991837928175245,0.00035223356309674217,0.00035223356309674217,0.0002713601230085176
8,0.05,76,0.02987271802182008,0.0003437464166315125,0.0003437464166315125,0.00026180114095332555
8,0.05,77,0.030075558280042068,0.0003296086010562466,0.0003296086010562466,0.00025912628610025437
8,0.05,78,0.029985752874134367,0.00033591516954224477,0.00033591516954224477,0.00025861175400666695
8,0.05,79,0.030068589195102396,0.0003208694242231101,0.0003208694242231101,0.00025943532477746103
8,0.05,80,0.029969106703949245,0.0003241307086909457,0.00032413070869094566,0.0002566694842164821
8,0.05,81,0.029864032412350718,0.00034265632662786624,0.00034265632662786624,0.00025614727860422733
8,0.05,82,0.0298458041114816,0.00034143460533102033,0.00034143460533102033,0.00024934040832674836
8,0.05,83,0.029882323911591,0.00037569202452341705,0.000375692024523417,0.0002566676523233004
8,0.05,84,0.029912877063754797,0.00033499626053310583,0.00033499626053310583,0.0002539658582613766
8,0.05,85,0.03006685929660999,0.00036006776522667813,0.00036006776522667813,0.0002603138086619766
8,0.05,86,0.02993276442747128,0.000336591028333594,0.000336591028333594,0.00025898939480194786
8,0.05,87,0.029692369789239934,0.0003412478462068399,0.0003412478462068398,0.0002506021093826073
8,0.05,88,0.02981291003111953,0.00036784458747394784,0.0003678445874739478,0.0002530145253335792
8,0.05,89,0.02971700917302238,0.0003623888957256048,0.0003623888957256048,0.0002648458456817465
8,0.05,90,0.02975977042967166,0.0003622896172649449,0.00036228961726494495,0.0002594539421086401
8,0.05,91,0.029941693131606474,0.00038003667804932436,0.00038003667804932436,0.00026818695186807124
8,0.05,92,0.030071778704523988,0.00035662333061701665,0.00035662333061701665,0.0002660011747154688
8,0.05,93,0.02984046415332324,0.0003244453949147214,0.00032444539491472145,0.0002681778808458775
8,0.05,94,0.02977510350169896,0.00035850172205617717,0.0003585017220561772,0.0002580055289126155
8,0.05,95,0.02971433485287366,0.000361939925718644,0.0003619399257186441,0.00026159651164958393
8,0.05,96,0.029559166127671763,0.0003629369366885417,0.00036293693668854163,0.00025605768175843743
8,0.05,97,0.029500266335186716,0.0003990916430696832,0.0003990916430696832,0.00025337046397431095
8,0.05,98,0.02960944813279313,0.00040559585965548283,0.00040559585965548283,0.000254819508907232
8,0.05,99,0.029507543489681647,0.00042928625131420433,0.0004292862513142043,0.0002586264931992166
8,0.05,100,0.029437697680901168,0.00043556605343797927,0.00043556605343797927,0.0002622705777698938
8,0.05,101,0.029473705019091655,0.00043637781422534465,0.0004363778142253447,0.000262508372608941
8,0.05,102,0.02945464606645505,0.00042154232765654633,0.0004215423276565464,0.00025748391098206347
8,0.05,103,0.02972107523049453,0.0004045345101278409,0.0004045345101278409,0.00026013106397134453
8,0.05,104,0.02958716632221394,0.0004274503267451461,0.00042745032674514603,0.00026243983023338107
8,0.05,105,0.02972173803977862,0.000418737095827964,0.00041873709582796397,0.0002695261129359471
8,0.05,106,0.029647623080054916,0.00042876643452553683,0.0004287664345255369,0.00026298546626921766
8,0.05,107,0.0297191992948936,0.0003876081523202058,0.0003876081523202058,0.00026112748705067713
8,0.05,108,0.029690400350450178,0.0003479052685703226,0.0003479052685703226,0.00026409439158721245
8,0.05,109,0.0299509852835235,0.0003495789526589644,0.0003495789526589644,0.0002754758706598126
8,0.05,110,0.029911760889971474,0.00036191288763714395,0.0003619128876371439,0.000274337235046113
8,0.05,111,0.029697209446737875,0.0003706604625790122,0.0003706604625790122,0.000278258652842688
8,0.05,112,0.02976010975587927,0.0003531115934147191,0.0003531115934147191,0.0002729038625055523
8,0.05,113,0.02971104027014831,0.0003623079104151161,0.0003623079104151161,0.0002790974834911788
8,0.05,114,0.02962555577386584,0.00038383479320758647,0.0003838347932075864,0.00027281977474613985
8,0.05,115,0.02977842771905798,0.00036810770274662354,0.00036810770274662354,0.00027512451526714104
8,0.05,116,0.029654487371956757,0.00035053854870836033,0.0003505385487083603,0.0002660145538034227
8,0.05,117,0.029824832564820387,0.0003445187900806834,0.0003445187900806834,0.00025920496409940715
8,0.05,118,0.029963869663620368,0.0003445672518365248,0.0003445672518365248,0.00026246652298653347
8,0.05,119,0.02991693085586318,0.0003100464564897115,0.0003100464564897115,0.0002646328653782735
8,0.05,120,0.029775601009424956,0.00035323454859887386,0.00035323454859887386,0.00026511313852305255
8,0.05,121,0.029884518966478046,0.0003791435399482345,0.00037914353994823453,0.0002733538767870393
8,0.05,122,0.030115818636792784,0.0003378631800940947,0.00033786318009409473,0.0002767275328853746
8,0.05,123,0.030031164519819537,0.0003801641679774203,0.00038016416797742033,0.0002721840343526464
8,0.05,124,0.030178843487645865,0.0003690068562309148,0.0003690068562309148,0.00027912787622718445
8,0.05,125,0.029983511880769826,0.00038409437515063687,0.00038409437515063687,0.0002694734380222633
8,0.05,126,0.02983307084187008,0.0003930000606373721,0.0003930000606373721,0.0002688764661811161
8,0.05,127,0.029961207698618434,0.00038447594926412586,0.00038447594926412586,0.0002750837437363592
8,0.05,128,0.030072521671429188,0.00037202765186660695,0.000372027651866607,0.0002756222067689099
8,0.05,129,0.029912395830375738,0.00040590008448333753,0.00040590008448333753,0.0002794356159008297
8,0.05,130,0.029908546727395877,0.00038275322488652536,0.0003827532248865254,0.0002745734595447577
8,0.05,131,0.030008505393480323,0.00036568379944168885,0.00036568379944168885,0.0002811700800502851
8,0.05,132,0.029931018022099118,0.00035354172497688524,0.00035354172497688524,0.0002772013759328984
8,0.05,133,0.030027859597020787,0.00037288498222105295,0.00037288498222105295,0.00027508232362186553
8,0.05,134,0.029851820238337618,0.0003483972758076829,0.0003483972758076829,0.000265271218727248
8,0.05,135,0.02980594584234784,0.0003749140289256916,0.00037491402892569155,0.00026468376556564277
8,0.05,136,0.029808138953341005,0.0003950448360487498,0.0003950448360487498,0.00026860533270628596
8,0.05,137,0.029832484729728437,0.0004128051701743848,0.0004128051701743848,0.000270180632817522
8,0.05,138,0.02990527545412475,0.00039272810281188044,0.0003927281028118805,0.0002685603614847225
8,0.05,139,0.029834469954711323,0.0004113776552397973,0.0004113776552397973,0.0002676222971696435
8,0.05,140,0.03034482027650066,0.0003949706816227745,0.0003949706816227746,0.00027454218738751204
8,0.05,141,0.030399309991575384,0.00038172998929082106,0.00038172998929082106,0.0002769851520092844
8,0.05,142,0.03021060531317492,0.00043451066838742406,0.0004345106683874241,0.0002768130331368891
8,0.05,143,0.03033107036267374,0.00040141440797377873,0.0004014144079737787,0.0002832441776733495
8,0.05,144,0.030598729267317985,0.0004144482935885027,0.0004144482935885027,0.0002845986624586253
8,0.05,145,0.030628616875816854,0.0004523425967133587,0.0004523425967133587,0.0002906796122964639
8,0.05,146,0.030551044823738646,0.00044978719535191167,0.0004497871953519116,0.00030003277003663406
8,0.05,147,0.030402035511320983,0.0004164441279476033,0.0004164441279476033,0.00029608773434502733
8,0.05,148,0.030619134034820725,0.0004251956968139197,0.00042519569681391967,0.00029986763748478034
8,0.05,149,0.030409170940195664,0.0004301973274900398,0.0004301973274900398,0.00028846656305725514
8,0.05,150,0.030382334689217187,0.00043657931310107483,0.0004365793131010749,0.0002894411854382712
8,0.05,151,0.030120585701740844,0.00040313459126754505,0.0004031345912675451,0.00028346412268771495
8,0.05,152,0.030281478468388506,0.0004306254398246747,0.0004306254398246747,0.0002834678649454416
8,0.05,153,0.03032422800073452,0.0004243355281848946,0.00042433552818489455,0.00028103872799062715
8,0.05,154,0.03033079697746649,0.0004082533488526508,0.00040825334885265073,0.00027975006087917377
8,0.05,155,0.030010328407307153,0.00040397066597425504,0.000403970665974255,0.0002766706552106045
8,0.05,156,0.029888263838232676,0.0003773126461970995,0.0003773126461970995,0.00028278300379377713
8,0.05,157,0.03013460999750126,0.00040729301160641947,0.0004072930116064194,0.00029071366952483884
8,0.05,158,0.02994860645492407,0.00041454204591035755,0.00041454204591035755,0.00029146139133067676
8,0.05,159,0.029933495005321463,0.000425527174193196,0.000425527174193196,0.00028742696580075797
8,0.05,160,0.029834669039258653,0.00041570597180048285,0.0004157059718004829,0.00027836686011866374
8,0.05,161,0.029725179347412544,0.00039765707309945644,0.00039765707309945644,0.00027440205993241323
8,0.05,162,0.029823375141140567,0.00040537310940275785,0.0004053731094027579,0.00027648950919302335
8,0.05,163,0.029900373020718587,0.00041806963148280097,0.0004180696314828009,0.00027109752119451136
8,0.05,164,0.029883172032932667,0.00039662334838590045,0.00039662334838590045,0.0002719470429416675
8,0.05,165,0.029852914409600254,0.0003821867844046446,0.0003821867844046446,0.00027123168109609037
8,0.05,166,0.029939231301554736,0.0003709947266508591,0.0003709947266508591,0.00027586088363985183
8,0.05,167,0.029816823663366014,0.00036550579082439877,0.0003655057908243988,0.00027308474911743523
8,0.05,168,0.02979975963602047,0.000401794548098112,0.000401794548098112,0.00027468300505136575
8,0.05,169,0.02975430105788213,0.0004124916303495497,0.00041249163034954965,0.00027744660255213285
8,0.05,170,0.029882840858389215,0.00044674547591636265,0.00044674547591636265,0.0002850064902636786
8,0.05,171,0.0298773547605457,0.00042801579186021294,0.000428015791860213,0.0002877100123607012
8,0.05,172,0.029820205106389306,0.0004484401179074365,0.0004484401179074365,0.0002857803681276276
8,0.05,173,0.029676601304952685,0.00039920802032138023,0.0003992080203213803,0.0002741304472100366
8,0.05,174,0.029597983492519027,0.0003993990287067064,0.00039939902870670643,0.0002737624303051009
8,0.05,175,0.02963916096717002,0.0003982042821838166,0.0003982042821838166,0.00027081673527637153
8,0.05,176,0.029745208640523022,0.0003813940717045655,0.0003813940717045655,0.0002756468339885824
8,0.05,177,0.029717903375120935,0.00041444838071176223,0.00041444838071176223,0.00028130120944691887
8,0.05,178,0.029682321692726873,0.00040203837332428914,0.0004020383733242891,0.0002821456794697312
8,0.05,179,0.029557181372912293,0.00042093096273713147,0.00042093096273713147,0.000275020095184631
8,0.05,180,0.029825257325109687,0.0004189632969114273,0.0004189632969114273,0.00027528450632713516
8,0.05,181,0.029654072923092665,0.0004285444917418603,0.0004285444917418602,0.0002696391918713934
8,0.05,182,0.029541880141830193,0.00040477467144292367,0.00040477467144292367,0.0002671396151911991
8,0.05,183,0.029768423622344897,0.00037627073587614133,0.0003762707358761414,0.000276263712691006
8,0.05,184,0.02986049406641455,0.0003892657754272228,0.00038926577542722283,0.0002759018947628023
8,0.05,185,0.029982740409845686,0.0004300477601606412,0.0004300477601606412,0.0002762114998680754
8,0.05,186,0.029965176856731245,0.00040664227991947,0.00040664227991947,0.0002863692647328295
8,0.05,187,0.02996304443645834,0.0004001006480710392,0.00040010064807103913,0.0002834213574905593
8,0.05,188,0.030154199047139462,0.00041503469330404644,0.00041503469330404644,0.00028827664488788074
8,0.05,189,0.030166233666917085,0.0003974078383093323,0.0003974078383093323,0.0002783766044380117
8,0.05,190,0.030026670278080793,0.0003813136557071193,0.00038131365570711923,0.00028552002567812455
8,0.05,191,0.030037951279022073,0.00037136390505869985,0.00037136390505869985,0.00027559059803830847
8,0.05,192,0.029951200681610606,0.0003673938559413743,0.0003673938559413743,0.0002726397076713007
8,0.05,193,0.02990339557085281,0.00033589429006332096,0.00033589429006332096,0.0002757792195050758
8,0.05,194,0.02965521313245111,0.0003462165407879152,0.0003462165407879152,0.00027302198854175266
8,0.05,195,0.029633859161119065,0.0003288812835711991,0.0003288812835711991,0.0002726743898605306
8,0.05,196,0.02961484382531976,0.00031412738880007583,0.00031412738880007583,0.0002672512045714288
8,0.05,197,0.02957567881203037,0.000316061529603383,0.000316061529603383,0.00027207924542763004
8,0.05,198,0.0296542461193672,0.00031524784457589354,0.0003152478445758936,0.00027713235702682757
8,0.05,199,0.029981476748940472,0.00034072606928862103,0.00034072606928862103,0.00028451036682105815
8,0.05,200,0.029909810179360768,0.00033433558422167874,0.00033433558422167874,0.0002815300819739814
8,0.05,201,0.02982529038840137,0.00034649940161244074,0.00034649940161244074,0.0002741722884464726
8,0.05,202,0.02964920929925715,0.00031050611021196173,0.0003105061102119617,0.0002699082663645191
8,0.05,203,0.029701682093663733,0.0002957486328492971,0.0002957486328492971,0.00026886686684251014
8,0.05,204,0.029704861044837293,0.00031011869635836687,0.00031011869635836687,0.0002647250225914473
8,0.05,205,0.02968018153628301,0.0003031205430874187,0.0003031205430874187,0.00026293675714518207
8,0.05,206,0.02960957924852281,0.0003238571405058777,0.0003238571405058777,0.00026320164547070826
8,0.05,207,0.02963959582891277,0.0002965124205581301,0.0002965124205581301,0.00026748354164970567
8,0.05,208,0.029513348982404663,0.00031863316039152566,0.00031863316039152566,0.000271840806908814
8,0.05,209,0.029377905077880104,0.0003097269464841101,0.0003097269464841101,0.00027003085695422155
8,0.05,210,0.029439496841988946,0.00033266289532918433,0.00033266289532918433,0.00026260032662937273
8,0.05,211,0.029526904648871633,0.00035730115905924936,0.00035730115905924936,0.0002659643348012178
8,0.05,212,0.029490039548949847,0.0003806451603940907,0.0003806451603940907,0.0002662110171777239
8,0.05,213,0.029485871872315824,0.0003820609179548007,0.00038206091795480075,0.0002684008733575916
8,0.05,214,0.029431092029811583,0.00036333512236068333,0.00036333512236068333,0.0002602220795422686
8,0.05,215,0.029388347166307605,0.0003148911862917711,0.0003148911862917711,0.00025681997239665824
8,0.05,216,0.029621126861860424,0.00033525831372397205,0.00033525831372397205,0.0002659879782815374
8,0.05,217,0.02967550059864178,0.0003441801494336967,0.0003441801494336967,0.00026759718040630275
8,0.05,218,0.029787705072214028,0.00031671821425797514,0.00031671821425797514,0.0002612170831418378
8,0.05,219,0.029588860524003377,0.00028455315716744534,0.00028455315716744534,0.0002572143780123309
8,0.05,220,0.02970519314458498,0.00029615376384175147,0.0002961537638417514,0.00025796132052198755
8,0.05,221,0.029470689822792454,0.000305635371383482,0.000305635371383482,0.0002570193832601984
8,0.05,222,0.029475951707127624,0.0003162880640419632,0.0003162880640419632,0.0002568595258592279
8,0.05,223,0.029454214248999792,0.00032702293855662137,0.00032702293855662137,0.0002603866656143427
8,0.05,224,0.029496403060498364,0.0003241185359360487,0.0003241185359360487,0.0002599366473790746
8,0.05,225,0.02977413002739856,0.00031551525255299836,0.00031551525255299836,0.00026755329725157873
8,0.05,226,0.02969016506827861,0.00032311472582514467,0.00032311472582514467,0.00025741652567777345
8,0.05,227,0.02976702827661389,0.0003679485923649944,0.0003679485923649944,0.00025976326317476484
8,0.05,228,0.029775713560127516,0.00038661702549325173,0.0003866170254932517,0.00025857074601955913
8,0.05,229,0.029845544085647206,0.0003923997620220493,0.00039239976202204923,0.00025999283254624837
8,0.05,230,0.029950027575044925,0.0003517691221744838,0.00035176912217448384,0.00026692730078863063
8,0.05,231,0.029820469431290415,0.00036192607411358695,0.0003619260741135869,0.00026077950986519324
8,0.05,232,0.02996982533440915,0.0004009366868871876,0.00040093668688718766,0.00027265318748381025
8,0.05,233,0.03002201193662389,0.00038799155671612347,0.00038799155671612347,0.00026711971315667495
8,0.05,234,0.030035792307344482,0.0003937198686380938,0.00039371986863809386,0.00026915180847987834
8,0.05,235,0.030241579398321845,0.000395246471946079,0.000395246471946079,0.00026734774228229203
8,0.05,236,0.030041136010337,0.00038811035176997594,0.000388110351769976,0.00026674972077000606
8,0.05,237,0.03009900752790506,0.00041378379398411807,0.00041378379398411807,0.00027692396484213635
8,0.05,238,0.03019416615869679,0.00043356770003956824,0.00043356770003956824,0.0002837082593627227
8,0.05,239,0.030150867787279885,0.00046610486521097064,0.00046610486521097064,0.00027727437476078066
8,0.05,240,0.029976137197478978,0.00040336941843804435,0.00040336941843804435,0.00027251195438565966
8,0.05,241,0.030358506495392967,0.0003991324370912029,0.0003991324370912029,0.0002832065566651257
8,0.05,242,0.03047620915523305,0.0004018562362707908,0.0004018562362707908,0.0002816347963751296
8,0.05,243,0.0304309167515937,0.00046685229919195444,0.0004668522991919544,0.00027668460682148523
8,0.05,244,0.030202970290435924,0.00042860399398174056,0.00042860399398174056,0.0002774847638732593
8,0.05,245,0.030314163467844178,0.0004278381705230829,0.00042783817052308284,0.0002748300493244893
8,0.05,246,0.030326492123936833,0.0004466032336607006,0.00044660323366070066,0.00027901853639151277
8,0.05,247,0.030098434210606984,0.00044744581137622764,0.0004474458113762276,0.00028388434360317926
8,0.05,248,0.0300148607982381,0.00042527962700802686,0.00042527962700802686,0.0002745801529449247
8,0.05,249,0.030058566560361613,0.00041079207492607,0.00041079207492607006,0.00027419014439292904
8,0.05,250,0.02997354452172122,0.0004023282391753417,0.0004023282391753417,0.0002732431099262857
8,0.05,251,0.03000927421709893,0.0003807708020300597,0.00038077080203005966,0.000279630000501988
8,0.05,252,0.029766572525176793,0.0003727803651391491,0.00037278036513914913,0.00027418303885891966
8,0.05,253,0.029816838080302274,0.0003770045975408725,0.0003770045975408724,0.00026761113039245195
8,0.05,254,0.029933137991459566,0.00041115127829371794,0.0004111512782937179,0.00027064707041235867
8,0.05,255,0.029745227221695474,0.00037884040751407205,0.00037884040751407205,0.00026111221520339447
8,0.05,256,0.029869100242908068,0.00037348338523068196,0.00037348338523068196,0.00026188335267888753
8,0.05,257,0.02995823550373411,0.00038290000484409966,0.00038290000484409966,0.0002669933909926704
8,0.05,258,0.029921501321211855,0.00039546258292661867,0.00039546258292661867,0.0002689600040039246
8,0.05,259,0.02999567890700821,0.0004284210631397081,0.0004284210631397081,0.00026781064531161344
8,0.05,260,0.029923295584381296,0.000397609956174503,0.000397609956174503,0.00027306611544153066
8,0.05,261,0.029991125533738082,0.0004049686944564075,0.0004049686944564075,0.0002763025063676547
8,0.05,262,0.029932795727272057,0.00037715129389213865,0.00037715129389213865,0.00027877835420194835
8,0.05,263,0.029855193401860894,0.0003632939332744888,0.0003632939332744888,0.00028446062426356564
8,0.05,264,0.03010515415859453,0.00034748857103142285,0.00034748857103142285,0.00027341203214644084
8,0.05,265,0.03020449348388634,0.00036187133018541877,0.00036187133018541877,0.0002713701602606548
8,0.05,266,0.030303398423845978,0.00040298524130645834,0.00040298524130645834,0.0002709659517804524
8,0.05,267,0.030311669515821416,0.0003758537757520293,0.0003758537757520293,0.0002741695660390876
8,0.05,268,0.030488806381441573,0.0003722915953310242,0.0003722915953310242,0.0002803775431876483
8,0.05,269,0.030286651223524988,0.00038567198181979254,0.00038567198181979254,0.00028023652465715594
8,0.05,270,0.030017085680244946,0.0003874258026965853,0.0003874258026965853,0.00027871876557920996
8,0.05,271,0.030037975126082004,0.00033943096511732167,0.00033943096511732167,0.0002759939486333956
8,0.05,272,0.030234305529748613,0.0003782978186479586,0.0003782978186479586,0.00028166905450667155
8,0.05,273,0.030371546984348192,0.0003931180454651367,0.0003931180454651367,0.000292424372592645
8,0.05,274,0.030186582407193914,0.00038078370659377605,0.000380783706593776,0.0002956400311350858
8,0.05,275,0.03014635777259421,0.00035589644370748663,0.00035589644370748663,0.00028949133418270154
8,0.05,276,0.03019872326533988,0.0003499289843116079,0.0003499289843116079,0.00028929176022977606
8,0.05,277,0.03020759369808802,0.00036598678395332815,0.0003659867839533282,0.0002886452960575628
8,0.05,278,0.029901023234643557,0.0003431822580446005,0.0003431822580446005,0.0002792934158854303
8,0.05,279,0.02999247366941344,0.0003197803941393815,0.0003197803941393815,0.0002913385322521057
8,0.05,280,0.029965611719788357,0.00032619083360532135,0.00032619083360532135,0.0002934137338357013
8,0.05,281,0.02996941144156125,0.00033351024881504937,0.0003335102488150494,0.0002899707989579695
8,0.05,282,0.02989849173782103,0.0003402923503490428,0.0003402923503490428,0.00029590635345626173
8,0.05,283,0.02999221186092603,0.00036874734359748754,0.00036874734359748754,0.00030213180769354244
8,0.05,284,0.029854819769353842,0.00038708462122070335,0.0003870846212207033,0.00029325931378484184
8,0.05,285,0.030065369327806905,0.00038886139745007096,0.00038886139745007096,0.00029122291295996766
8,0.05,286,0.030038995793687455,0.0003874365727667518,0.0003874365727667518,0.00029045560890190655
8,0.05,287,0.03011601571867047,0.0003960801767372449,0.0003960801767372449,0.0002891431077445308
8,0.05,288,0.0303987235745779,0.00037208807080383027,0.00037208807080383027,0.0002906164275271843
8,0.05,289,0.0304009241114779,0.00040521160825067736,0.00040521160825067736,0.00028736358420982305
8,0.05,290,0.030252863553813424,0.00039621766028219473,0.00039621766028219473,0.00029469459600578896
8,0.05,291,0.030147665677648636,0.00037050699324475873,0.00037050699324475873,0.0002928844852140934
8,0.05,292,0.029928231949266602,0.000378162641069824,0.00037816264106982394,0.00029397861144769865
8,0.05,293,0.02998254779820108,0.0004039843785959769,0.0004039843785959769,0.00029242228806380894
8,0.05,294,0.02988879049628067,0.0004330597579344994,0.0004330597579344994,0.0002809635491169376
8,0.05,295,0.02999861807656151,0.00044473273794927,0.00044473273794927,0.0002823550340205029
8,0.05,296,0.02991909659321336,0.00045659945819649124,0.0004565994581964912,0.0002837396274860656
8,0.05,297,0.029871042543480976,0.00045876040100864904,0.00045876040100864904,0.00028165989308585323
8,0.05,298,0.02997377588878785,0.0004204185475269444,0.00042041854752694434,0.0002934564895416635
8,0.05,299,0.02988851508356046,0.00039854313270118073,0.00039854313270118073,0.00029137331734938515
8,0.05,300,0.03004686492440308,0.000379708448491651,0.000379708448491651,0.00028733618345421847
8,0.05,301,0.030200493032600247,0.0003394642343059144,0.00033946423430591434,0.00028535175586137657
8,0.05,302,0.03005366604350598,0.0003343494106902359,0.00033434941069023595,0.0002825987189284446
8,0.05,303,0.030230709828047764,0.0003370809914133858,0.0003370809914133858,0.0002787127947833844
8,0.05,304,0.030192200238509482,0.0003392918610312869,0.0003392918610312869,0.0002798661677964466
8,0.05,305,0.0302136045270513,0.000342255006130634,0.000342255006130634,0.0002784514128862092
8,0.05,306,0.030184245161190747,0.000340715870811334,0.000340715870811334,0.0002810251399710118
8,0.05,307,0.030097081467036668,0.0003354536781254256,0.00033545367812542565,0.00028395597479820533
8,0.05,308,0.029964060384895904,0.000368374006737403,0.00036837400673740304,0.00028593873507975494
8,0.05,309,0.03000191289413556,0.00037956266758478526,0.00037956266758478526,0.00028349373614472613
8,0.05,310,0.029885338719584743,0.0003755579775634688,0.0003755579775634688,0.00028232456364941303
8,0.05,311,0.02973428675352452,0.0003962318316725859,0.00039623183167258587,0.00027847065550327927
8,0.05,312,0.030117749182333696,0.00037848040311559954,0.0003784804031155995,0.0002909235114216487
8,0.05,313,0.030126011410833122,0.0003484973875586274,0.0003484973875586274,0.00028703201208889775
8,0.05,314,0.03029043429576763,0.00035851995927433533,0.0003585199592743353,0.00028478783523965613
8,0.05,315,0.030213902801625763,0.00034068992458756713,0.00034068992458756713,0.0002880030014039129
8,0.05,316,0.030032124837868584,0.00033294815588709567,0.00033294815588709567,0.0002884675632017984
8,0.05,317,0.02991845360369735,0.00035331216466160607,0.00035331216466160607,0.0002782135679805418
8,0.05,318,0.0300062508429486,0.0003628831262367016,0.00036288312623670153,0.00027939687836266977
8,0.05,319,0.029955251488712246,0.00034836254153937954,0.0003483625415393795,0.00027845218547357774
8,0.05,320,0.029822265880683117,0.00040434546840502545,0.0004043454684050254,0.0002796223990405018
8,0.05,321,0.02975077426070565,0.0003728676368210228,0.00037286763682102287,0.0002756926291950113
8,0.05,322,0.029633159102155287,0.00035092337382454207,0.000350923373824542,0.0002751727625606674
8,0.05,323,0.029622509380922167,0.0003682525343675193,0.0003682525343675193,0.00027509316039626215
8,0.05,324,0.029778971596348805,0.00035074769701614266,0.00035074769701614266,0.0002762663108220778
8,0.05,325,0.030002507700017996,0.0003467181026316075,0.0003467181026316075,0.0002891113731695463
8,0.05,326,0.02998077503868964,0.0003657612006637655,0.0003657612006637655,0.0002839352835934191
8,0.05,327,0.03004741017067304,0.0003967771268515566,0.0003967771268515566,0.0002890381019868293
8,0.05,328,0.030033604653643596,0.000433876416927567,0.000433876416927567,0.0002914945635323436
8,0.05,329,0.030105688904040598,0.0003984473655897,0.00039844736558969997,0.00029414075348577976
8,0.05,330,0.030098125664067006,0.00042677446447192304,0.00042677446447192304,0.0002982298837301772
8,0.05,331,0.02994140075113856,0.0004371522513298017,0.0004371522513298017,0.0002975369159408671
8,0.05,332,0.02992110596622314,0.00038703588148981645,0.00038703588148981645,0.00029128065560442675
8,0.05,333,0.029920938387819854,0.00035362024494459945,0.00035362024494459945,0.00028356725381383917
8,0.05,334,0.029885978840645835,0.00034963932307325267,0.00034963932307325267,0.0002755842029527093
8,0.05,335,0.029890219845197404,0.0003581833262591863,0.0003581833262591863,0.00027749910174260735
8,0.05,336,0.029833721342210295,0.0003702521192094671,0.00037025211920946706,0.00027880767765244116
8,0.05,337,0.029738971809946075,0.00039446069169968273,0.0003944606916996827,0.0002767314146316193
8,0.05,338,0.029750130707021087,0.00038072740680395156,0.0003807274068039515,0.00027165955195703487
8,0.05,339,0.029786723787251574,0.0004123171126502042,0.0004123171126502042,0.00028153862948741604
8,0.05,340,0.029561658534939885,0.0004351885725538626,0.00043518857255386265,0.0002827922704365166
8,0.05,341,0.029741849200490354,0.0004070559117036436,0.0004070559117036436,0.0002825985789729383
8,0.05,342,0.02956655759547893,0.0004016178094451879,0.00040161780944518796,0.0002865704820879441
8,0.05,343,0.02977444811181187,0.000403448941969782,0.000403448941969782,0.00029217773719618476
8,0.05,344,0.030001349571580613,0.00038002895660506624,0.00038002895660506624,0.00029667524194511416
8,0.05,345,0.030057636272945262,0.00037301213915241744,0.0003730121391524175,0.0002947101837237576
8,0.05,346,0.029819527230661145,0.00038741370893242034,0.00038741370893242034,0.00029309154670467577
8,0.05,347,0.03012329634980334,0.0003633156110403633,0.0003633156110403633,0.0002919379439376988
8,0.05,348,0.02992429634264985,0.00035441110412373964,0.00035441110412373964,0.0002903181486542892
8,0.05,349,0.02988258750054468,0.00038457699877006754,0.0003845769987700676,0.00029189428011066666
8,0.05,350,0.02994374556826638,0.00037850374731843,0.00037850374731843,0.0002879712066478981
8,0.05,351,0.02987554828070067,0.0004053290774305588,0.0004053290774305589,0.00028888730868881397
8,0.05,352,0.029924427727794016,0.00039921120232826244,0.0003992112023282624,0.0002891449937931119
8,0.05,353,0.0297442765012547,0.0003196391529824555,0.0003196391529824555,0.00028799771838719767
8,0.05,354,0.029732012374163605,0.00036758088316252375,0.00036758088316252375,0.00027743214360552887
8,0.05,355,0.02957182996061048,0.00035356538547027914,0.0003535653854702791,0.00027275733207689007
8,0.05,356,0.02964590129006561,0.0003084429955668309,0.0003084429955668309,0.00027466636863577546
8,0.05,357,0.029839747958737842,0.00035675305309442693,0.00035675305309442693,0.0002700030016066107
8,0.05,358,0.029793928323832472,0.0003544484123909835,0.0003544484123909835,0.00026704715009787805
8,0.05,359,0.02980114503053124,0.0003422615057018712,0.0003422615057018712,0.00027863007688774073
8,0.05,360,0.02988180094066011,0.00034288699926434665,0.00034288699926434665,0.0002803966569703293
8,0.05,361,0.030039868347073884,0.0003562486703377237,0.0003562486703377237,0.000279334821946914
8,0.05,362,0.029977175259135402,0.00033296231391455376,0.00033296231391455376,0.0002817521674932803
8,0.05,363,0.03002399752523421,0.0003373297248442453,0.0003373297248442453,0.0002709789310389842
8,0.05,364,0.030035558417059724,0.0003705242701414935,0.00037052427014149344,0.00026570986003469015
8,0.05,365,0.029995016458797007,0.0003484821190303184,0.0003484821190303184,0.00026759606583699356
8,0.05,366,0.029826367647083695,0.00034212266740714175,0.00034212266740714175,0.00026536720442223237
8,0.05,367,0.029881707053745214,0.0003500918034436554,0.0003500918034436554,0.000263635240366262
8,0.05,368,0.030109983086285978,0.0003770524181911109,0.0003770524181911109,0.00026707911583122757
8,0.05,369,0.029820002485439524,0.0003179734421718851,0.0003179734421718851,0.0002706813339730265
8,0.05,370,0.02972828444933782,0.00034674797535322457,0.00034674797535322457,0.00027360354372038694
8,0.05,371,0.029877287850175866,0.00034799757913947743,0.00034799757913947743,0.0002754431621285726
8,0.05,372,0.029997007763674255,0.0003893643655908268,0.0003893643655908268,0.00028213300483313406
8,0.05,373,0.02992913802587233,0.0003955006900109999,0.00039550069001099996,0.00027735216595097553
8,0.05,374,0.029719113546091136,0.0003864901670354024,0.00038649016703540246,0.0002667885685403605
8,0.05,375,0.029872740510570116,0.0004135132053149981,0.00041351320531499803,0.00026784016012252384
8,0.05,376,0.030111153934403775,0.0004407953074163083,0.00044079530741630824,0.0002734640792195286
8,0.05,377,0.029924076786747564,0.0004146998665070559,0.000414699866507056,0.00028204581315780316
8,0.05,378,0.03001456580619225,0.00038307584558804747,0.00038307584558804747,0.00028041973734888677
8,0.05,379,0.02985974457836671,0.0003801327803147453,0.00038013278031474537,0.0002740968454804797
8,0.05,380,0.029762815582579125,0.0003897186572342444,0.0003897186572342444,0.000261429686145745
8,0.05,381,0.02983033704151431,0.0003759647820164994,0.00037596478201649936,0.00026346138468690396
8,0.05,382,0.029566226330377747,0.00039259069079912434,0.00039259069079912434,0.0002600009618749519
8,0.05,383,0.02965249254014041,0.00038210697470395823,0.0003821069747039583,0.0002582477332708617
8,0.05,384,0.029713495880843,0.00039591924799317526,0.00039591924799317526,0.0002525051769606158
8,0.05,385,0.0295077971250743,0.0003989373263072875,0.00039893732630728743,0.0002568436756360752
8,0.05,386,0.02959589592381471,0.0004048328867292751,0.00040483288672927507,0.0002627884814055758
8,0.05,387,0.029773552511306655,0.000348867740668107,0.00034886774066810697,0.0002693747277120013
8,0.05,388,0.02981617700535202,0.0003757647835257071,0.0003757647835257071,0.000271181805454765
8,0.05,389,0.029860581605332857,0.0003895143963719809,0.0003895143963719809,0.00026910158218267804
8,0.05,390,0.029514947150087806,0.0003327559107032569,0.00033275591070325685,0.0002580636052927367
8,0.05,391,0.029291075686479442,0.000350942958876289,0.000350942958876289,0.00026253492949729573
8,0.05,392,0.02941729574711343,0.0003502903219968253,0.0003502903219968253,0.00026193140310363724
8,0.05,393,0.02952026223501811,0.0003673316900942885,0.00036733169009428855,0.0002641276790141655
8,0.05,394,0.029537945412255597,0.00040357839659592616,0.00040357839659592616,0.00027359000241351165
8,0.05,395,0.029618932295082865,0.0003970211291074616,0.0003970211291074616,0.00027070020991023976
8,0.05,396,0.02960958621548231,0.00038731840030092456,0.00038731840030092456,0.0002695434662699982
8,0.05,397,0.029466170659165552,0.00034473217796972955,0.00034473217796972955,0.00026807725421358603
8,0.05,398,0.029535312893023948,0.00035597679270980235,0.00035597679270980235,0.0002671992864035309
8,0.05,399,0.029642892786000043,0.0003521713895181591,0.0003521713895181591,0.0002660842811986708
8,0.05,400,0.029613664545802543,0.0003627025152326488,0.0003627025152326488,0.0002666798602003038
8,0.05,401,0.029611270535743816,0.0003669966333807147,0.0003669966333807147,0.0002662840038215689
8,0.05,402,0.0296114526105427,0.00035494411800105657,0.00035494411800105657,0.00026198232456279175
8,0.05,403,0.02957687930921205,0.00035558177393139157,0.00035558177393139157,0.00025759274400176494
8,0.05,404,0.02973870890624956,0.0003714194243644968,0.00037141942436449683,0.0002697642299844647
8,0.05,405,0.0295838081648357,0.0004042938630335951,0.0004042938630335951,0.00026688134239917196
8,0.05,406,0.029844033432497006,0.00041095701068295484,0.00041095701068295484,0.0002668783864767637
8,0.05,407,0.029799676351065625,0.0004191829759552052,0.00041918297595520515,0.00026840554568448196
8,0.05,408,0.02951666556831213,0.00042137524920606,0.00042137524920606,0.00026960556178828686
8,0.05,409,0.02963817275841429,0.0003693662248156641,0.0003693662248156641,0.00027108711781586816
8,0.05,410,0.029844142711198705,0.00036101428683321446,0.00036101428683321446,0.0002613615645346302
8,0.05,411,0.02960693943682375,0.0003577352867940769,0.00035773528679407685,0.00026546560976927164
8,0.05,412,0.0295449235472902,0.00035372332459761806,0.00035372332459761806,0.000273195150875595
8,0.05,413,0.029449994327127856,0.0003335720409551712,0.0003335720409551712,0.0002707793002757178
8,0.05,414,0.029608867994863966,0.00032893249179357314,0.00032893249179357314,0.00027319740298551375
8,0.05,415,0.029639531275332903,0.00036461046690522327,0.00036461046690522327,0.00026462601751704783
8,0.05,416,0.029712797277013665,0.0003120146302121088,0.00031201463021210884,0.00026593353884501965
8,0.05,417,0.029806491738066168,0.0002980754093005208,0.00029807540930052074,0.00026922136961350326
8,0.05,418,0.029637022527972838,0.0003221470143778307,0.0003221470143778307,0.0002648856524512377
8,0.05,419,0.029570200075077258,0.0002713395894822146,0.00027133958948221467,0.0002689754230915393
8,0.05,420,0.029791804359197357,0.00031930509663974594,0.00031930509663974594,0.00027739286119487225
8,0.05,421,0.02977679526211374,0.000291006867889382,0.00029100686788938196,0.000278317011047816
8,0.05,422,0.029858933742434222,0.00031462299735545004,0.00031462299735545004,0.0002737911711799338
8,0.05,423,0.0298590304019906,0.00031839030440112767,0.00031839030440112767,0.00026356735477856084
8,0.05,424,0.029886070499427816,0.00033917469641168394,0.00033917469641168394,0.0002567058504646042
8,0.05,425,0.02991080120457429,0.00032200898558378785,0.00032200898558378785,0.00025581676887006117
8,0.05,426,0.029668777916130033,0.0003340608815795173,0.00033406088157951724,0.00026062736282746017
8,0.05,427,0.029708185274477068,0.0003205322131110055,0.0003205322131110055,0.0002610436882772357
8,0.05,428,0.02998505161487397,0.0003444007013957182,0.0003444007013957182,0.0002666758522566965
8,0.05,429,0.02991474173283513,0.00035557606498122035,0.00035557606498122035,0.0002634198434924759
8,0.05,430,0.029763607514234233,0.00033387715190446226,0.00033387715190446226,0.0002682972241598298
8,0.05,431,0.029599985537967097,0.00030311179727122577,0.00030311179727122577,0.00026966367259177113
8,0.05,432,0.029475642398646706,0.000313280199559995,0.000313280199559995,0.0002663472819004195
8,0.05,433,0.02966412870395756,0.00035787011533680634,0.0003578701153368064,0.00026482172640158677
8,0.05,434,0.029811012619090874,0.00036319884753616377,0.0003631988475361637,0.0002661347054700544
8,0.05,435,0.029878825707560074,0.00035348971395509417,0.00035348971395509417,0.0002693170220017593
8,0.05,436,0.029743104473398244,0.0003821760027584098,0.0003821760027584098,0.00026559099590049153
8,0.05,437,0.029604502770787734,0.00037461195664843143,0.0003746119566484315,0.0002678559115081125
8,0.05,438,0.02967634733786705,0.0003477100551738269,0.0003477100551738269,0.0002651198769547914
8,0.05,439,0.029454536473063248,0.00032213389023817474,0.00032213389023817474,0.00026308078708646833
8,0.05,440,0.029625809675993084,0.0003446227868190289,0.0003446227868190289,0.0002645432767475727
8,0.05,441,0.029536726550152357,0.00035524743850993225,0.00035524743850993225,0.0002664730219364963
8,0.05,442,0.0295504465820798,0.00036844395042799453,0.00036844395042799453,0.0002696004684296637
8,0.05,443,0.02923255164321015,0.0003582078964863484,0.00035820789648634846,0.000259782069997724
8,0.05,444,0.029336101484894708,0.00034912760381531987,0.00034912760381531987,0.0002617355962284169
8,0.05,445,0.029294621534042713,0.0003736137855939218,0.00037361378559392175,0.00025596917493771464
8,0.05,446,0.0292521334086577,0.00039453821763431297,0.00039453821763431297,0.0002577808460368862
8,0.05,447,0.029216817586878985,0.00035897633040120715,0.0003589763304012072,0.0002527702756031609
8,0.05,448,0.029518812792120038,0.0003824786933309501,0.00038247869333095006,0.0002588718214171678
8,0.05,449,0.029586772822881413,0.0003687983422537676,0.0003687983422537676,0.00026516755619174887
8,0.05,450,0.029382138944572343,0.000375638253747736,0.000375638253747736,0.00025941891237265304
8,0.05,451,0.029626548666786393,0.0003899980687289137,0.0003899980687289137,0.000262172815745462
8,0.05,452,0.02959347847682073,0.0003844776045320746,0.00038447760453207467,0.00026840364258696466
8,0.05,453,0.029417889445222542,0.00039732676843125394,0.000397326768431254,0.00026907398382320047
8,0.05,454,0.029488069400742622,0.00041039293939552457,0.00041039293939552457,0.00026876515071805275
8,0.05,455,0.029547998537201643,0.0004073720566813819,0.0004073720566813819,0.00027234497751725897
8,0.05,456,0.02946647666093395,0.0004221150195561314,0.0004221150195561314,0.00027312515566991846
8,0.05,457,0.029610096253124576,0.00043821515481814945,0.00043821515481814945,0.00027017085444604904
8,0.05,458,0.02966166914293505,0.0004079159399979013,0.0004079159399979013,0.0002686357346186457
8,0.05,459,0.029562247597655075,0.00044209948904429345,0.00044209948904429345,0.0002610389349786249
8,0.05,460,0.029293226107708455,0.0004276052552736283,0.00042760525527362825,0.0002611730422166782
8,0.05,461,0.02947225168246453,0.000408836430518872,0.000408836430518872,0.000260975816568827
8,0.05,462,0.029614004517838726,0.0003861718592781282,0.00038617185927812813,0.0002699614863143348
8,0.05,463,0.029686525339731627,0.00036897584426929885,0.0003689758442692988,0.00026256692540581653
8,0.05,464,0.02979261592296133,0.00036273243009351505,0.00036273243009351505,0.00026029688601509227
8,0.05,465,0.029787888414540338,0.00041470778932039463,0.0004147077893203947,0.0002609365652902647
8,0.05,466,0.0298685473204926,0.00041688954171944874,0.00041688954171944874,0.0002624757102580833
8,0.05,467,0.029970360825291857,0.00042418402317034165,0.0004241840231703416,0.00026485851177424904
8,0.05,468,0.030033752756559694,0.0004169679457861418,0.00041696794578614175,0.0002659619420795217
8,0.05,469,0.030160731859285913,0.00040382540105516306,0.00040382540105516306,0.0002697414141936496
8,0.05,470,0.030111734197766638,0.0004298981999892712,0.00042989819998927114,0.00027108504010900613
8,0.05,471,0.029975760694293366,0.00043608623945964425,0.0004360862394596442,0.00027750623525738937
8,0.05,472,0.030067796936212542,0.0004500289077919788,0.0004500289077919788,0.0002776373187656706
8,0.05,473,0.030250982041459703,0.0004112219584052002,0.0004112219584052002,0.00028837143228015297
8,0.05,474,0.03058553122349037,0.0004260884134114841,0.0004260884134114841,0.0002842434480721961
8,0.05,475,0.03066723525001289,0.0004487258899646352,0.00044872588996463516,0.00027641711587974687
8,0.05,476,0.030759208387944523,0.00041114721448315763,0.00041114721448315763,0.00027659982817222154
8,0.05,477,0.030603975119505043,0.00042327414538598934,0.00042327414538598934,0.00028435387248734045
8,0.05,478,0.030531557601453988,0.00042096554976294673,0.00042096554976294673,0.00028642138946793574
8,0.05,479,0.03053292405332015,0.0004281445181943712,0.00042814451819437124,0.00028477882118655513
8,0.05,480,0.030429057931763162,0.0003841805169657435,0.0003841805169657435,0.0002795648759363398
8,0.05,481,0.030093214140903872,0.00034948506508820915,0.00034948506508820915,0.0002759020915525365
8,0.05,482,0.03010498209897805,0.0003806286337424577,0.0003806286337424577,0.00028483832747303007
8,0.05,483,0.029997160979898806,0.00036287026062368583,0.0003628702606236858,0.0002770715439788485
8,0.05,484,0.030176867634091473,0.0003909954142865905,0.0003909954142865905,0.0002789329331356663
8,0.05,485,0.0302119945403239,0.0004117195492535565,0.0004117195492535565,0.00027621979715007015
8,0.05,486,0.030169838579685446,0.000400944179907626,0.000400944179907626,0.0002764505324991035
8,0.05,487,0.03007696913191934,0.0004025371603389688,0.0004025371603389688,0.0002798851922184308
8,0.05,488,0.029988249682684463,0.0004119179274292404,0.00041191792742924037,0.00027564015402971743
8,0.05,489,0.029982012238820892,0.0003943127928091418,0.0003943127928091418,0.00027431725413194324
8,0.05,490,0.030051457485860193,0.0004030015898237055,0.00040300158982370556,0.00026947867462617846
8,0.05,491,0.029919727642608782,0.00039211352479905337,0.0003921135247990534,0.0002706202937904164
8,0.05,492,0.0299128862850061,0.0003759021702226217,0.0003759021702226217,0.0002679446215095754
8,0.05,493,0.030022683025737452,0.0003734651380033111,0.00037346513800331116,0.0002725062754939718
8,0.05,494,0.029795439508300936,0.00039419470292281197,0.00039419470292281197,0.0002761495614323677
8,0.05,495,0.029929452586452288,0.00041277565970120256,0.00041277565970120256,0.0002813178355353371
8,0.05,496,0.029997344583311224,0.0004091844734614234,0.0004091844734614234,0.00026943150439607644
8,0.05,497,0.0298891809658684,0.00036669817257805833,0.0003666981725780584,0.00026135232353473477
8,0.05,498,0.029824172965006664,0.0003445874432407459,0.0003445874432407459,0.0002640819119874323
8,0.05,499,0.02968665036788442,0.0003623560219558197,0.0003623560219558197,0.00026097616164963433
8,0.05,500,0.029794214418220263,0.0003738889578069049,0.0003738889578069049,0.00026238994250637977
8,0.1,0,0.08231220189079509,0.00025692703488790474,0.00025692703488790474,0.00024684924918402546
8,0.1,1,0.05050066485562829,0.00023981528097942893,0.00023246633091302376,0.00023981528097942893
8,0.1,2,0.03739819129806805,0.00023287868787653885,0.00023287868787653885,0.000220466299801632
8,0.1,3,0.03163352672697164,0.0002219378309788275,0.00022193783097882754,0.0002126905022778217
8,0.1,4,0.02880225393752052,0.00019465810364805886,0.00018489533818301967,0.00019465810364805886
8,0.1,5,0.027358844216078263,0.0002135140027119135,0.0002135140027119135,0.0001950637422677526
8,0.1,6,0.026525822944425976,0.00018803968154130297,0.00018798618573911578,0.00018803968154130297
8,0.1,7,0.02610646587155662,0.0001924691490489406,0.00019246914904894063,0.00018724564169708455
8,0.1,8,0.026048272116463364,0.00018872718881366156,0.00018872718881366156,0.00018329418547369808
8,0.1,9,0.025972791246664653,0.0001865262528411335,0.00018623261583370376,0.0001865262528411335
8,0.1,10,0.025987680377901983,0.0001812494334267975,0.00016429801280974077,0.0001812494334267975
8,0.1,11,0.026089535292733407,0.00018303998934933915,0.00018303998934933915,0.00018081937831701262
8,0.1,12,0.02611508965996604,0.00019243466678815066,0.00019243466678815066,0.0001859208798188352
8,0.1,13,0.026060564448816635,0.0002144585607642043,0.00021445856076420433,0.0001849817055177619
8,0.1,14,0.025950115425453717,0.00018966562732210547,0.00018966562732210547,0.0001852481626498729
8,0.1,15,0.02608278783911404,0.0001874412475002831,0.00017834148128540573,0.0001874412475002831
8,0.1,16,0.02589439301656265,0.00019336542782971824,0.00019336542782971824,0.00017557573064719628
8,0.1,17,0.026030187424521643,0.00022093191363883465,0.00022093191363883465,0.00017790398083033387
8,0.1,18,0.025939076599676248,0.00020560099541815064,0.00020560099541815064,0.00018802963247066589
8,0.1,19,0.025743771363827817,0.000188455897048576,0.00016509148823860362,0.000188455897048576
8,0.1,20,0.02573735304786092,0.00021387359777598578,0.00021387359777598578,0.00018631155816503693
8,0.1,21,0.025832418204208268,0.00019490381796720535,0.00019490381796720535,0.00018798715592753773
8,0.1,22,0.025933981326940303,0.00019890345989399057,0.00019890345989399057,0.000190558511785676
8,0.1,23,0.025735719526178223,0.00022227717743556486,0.00022227717743556486,0.00018644807374842994
8,0.1,24,0.025828409212441512,0.0002344859641376476,0.00023448596413764764,0.00019785659464245601
8,0.1,25,0.025755932874633843,0.0002230960292923742,0.0002230960292923742,0.00019175689720440226
8,0.1,26,0.025767798514188877,0.00021028088402092523,0.00021028088402092523,0.0001864767647191294
8,0.1,27,0.025679706423062335,0.0002130967029948933,0.0002130967029948933,0.0001871561679412927
8,0.1,28,0.025735806339720606,0.00019433498867193328,0.00019433498867193328,0.00018855013699983964
8,0.1,29,0.02569766827162763,0.0001832317643342037,0.0001760751688595223,0.0001832317643342037
8,0.1,30,0.025805461301910148,0.00018517658785475509,0.00017711675244041155,0.00018517658785475509
8,0.1,31,0.025838971873786153,0.00019877357014939156,0.00019877357014939153,0.00018582001905303127
8,0.1,32,0.025890201187777396,0.00021144199766214895,0.00021144199766214895,0.00018647580492615927
8,0.1,33,0.02591855684061579,0.0002384403000849159,0.0002384403000849159,0.0001900418637548807
8,0.1,34,0.025956922865086347,0.0002241224072094273,0.00022412240720942733,0.00020073711120516849
8,0.1,35,0.025837202368253827,0.00021431666766686744,0.00021431666766686747,0.00019086744133551273
8,0.1,36,0.02607842605182036,0.00019009397636829962,0.0001687148589841994,0.00019009397636829962
8,0.1,37,0.026125678055208178,0.00019128466008740204,0.0001608780755322586,0.00019128466008740204
8,0.1,38,0.02593130151205937,0.0001960850187811809,0.0001891158275754873,0.0001960850187811809
8,0.1,39,0.02613514654857965,0.0002095489216154415,0.0002095489216154415,0.00019281030985601107
8,0.1,40,0.026051388699145424,0.00023015240149195209,0.00023015240149195206,0.00019895202459613228
8,0.1,41,0.025998175866663708,0.0002457243318975433,0.0002457243318975433,0.00020078859066045593
8,0.1,42,0.026158146255227825,0.00023282618795574553,0.00023282618795574553,0.0002007434810220319
8,0.1,43,0.02613291776507629,0.00023438632271756003,0.00023438632271756,0.00020629307362803075
8,0.1,44,0.026159496010714618,0.0002805446255745994,0.0002805446255745994,0.0001981233738771811
8,0.1,45,0.026197156756466874,0.00024127099845370874,0.00024127099845370876,0.0001957160626780309
8,0.1,46,0.02603062067213788,0.0002166188191287041,0.0002166188191287041,0.00019987977817319244
8,0.1,47,0.026143091465165243,0.00022570150422512427,0.00022570150422512425,0.00020063978973727985
8,0.1,48,0.02607549058181137,0.00026810980064607607,0.00026810980064607607,0.00020165966900408347
8,0.1,49,0.026391016864345525,0.000266712469262986,0.000266712469262986,0.00020236824653007245
8,0.1,50,0.026378193381744616,0.00024244484846635915,0.00024244484846635915,0.00020712088320317955
8,0.1,51,0.026199228032513802,0.0002664782014420951,0.0002664782014420951,0.00020149402613439576
8,0.1,52,0.026370320944488854,0.00024345751475955967,0.00024345751475955964,0.00019631252799619988
8,0.1,53,0.026173062071431583,0.00023082520891778307,0.0002308252089177831,0.0001998703957725901
8,0.1,54,0.0262044683063884,0.00022052763675864108,0.00022052763675864108,0.0002073875132290716
8,0.1,55,0.026237034502311123,0.00021953771428170074,0.00021953771428170074,0.00020694796819543677
8,0.1,56,0.0261786686568544,0.0002447846011511722,0.0002447846011511722,0.0002026707931573113
8,0.1,57,0.026167455986818817,0.00022712333527768571,0.00022712333527768571,0.00019150692634690875
8,0.1,58,0.026301175834003866,0.0002060822625464766,0.00020608226254647657,0.00019394150914401893
8,0.1,59,0.02636401889543506,0.00023763209955463883,0.00023763209955463883,0.0001935163976956092
8,0.1,60,0.026348253223562976,0.00024348801590327903,0.00024348801590327903,0.00019242099311079665
8,0.1,61,0.026036293886138647,0.00025655578283809665,0.00025655578283809665,0.0001816136153732876
8,0.1,62,0.026171007031438608,0.00022941789567856787,0.00022941789567856787,0.00018310903976741827
8,0.1,63,0.026187658988654734,0.00024488405712103594,0.00024488405712103594,0.00018452784969353334
8,0.1,64,0.026192240019572034,0.0002408676608384323,0.0002408676608384323,0.0001870797283858509
8,0.1,65,0.026035439306419484,0.00024170212806874354,0.00024170212806874354,0.0001864412645562165
8,0.1,66,0.026177414532248353,0.00024480847332369676,0.00024480847332369676,0.00018994444375942943
8,0.1,67,0.026219624883492006,0.00022813513222326936,0.00022813513222326933,0.00019020548242508736
8,0.1,68,0.026113838158735133,0.00023304134412247747,0.00023304134412247747,0.00018627290527574266
8,0.1,69,0.026239657289262152,0.0002297634948201843,0.00022976349482018433,0.00019672494667048688
8,0.1,70,0.026311756671152355,0.00024058133850701085,0.00024058133850701083,0.00019297467604577657
8,0.1,71,0.02624540072676653,0.0002445224138113646,0.0002445224138113646,0.00019346235945869676
8,0.1,72,0.02626738945209739,0.00021504974803724833,0.0002150497480372483,0.00019255402142876192
8,0.1,73,0.02640332223103495,0.00021724339517488687,0.00021724339517488687,0.00019489736856395296
8,0.1,74,0.026359134362179442,0.00021786658751930398,0.00021786658751930398,0.00019246535949337353
8,0.1,75,0.026318919980109053,0.00021627851964629684,0.0002162785196462968,0.0001898256235653422
8,0.1,76,0.026189346254651847,0.0001922966237969369,0.0001922966237969369,0.00018749308613592644
8,0.1,77,0.026152475395268146,0.00019680604132979438,0.00019680604132979435,0.00018398218314779558
8,0.1,78,0.02599601806250416,0.0001935749011237772,0.0001849229509253563,0.0001935749011237772
8,0.1,79,0.02588413753774643,0.00019303299612231548,0.00018020182221356498,0.00019303299612231548
8,0.1,80,0.02603738142427865,0.00022457204449281417,0.0002245720444928142,0.00018921071449083532
8,0.1,81,0.02611722783122391,0.0002119656314538851,0.0002119656314538851,0.0001961615274652426
8,0.1,82,0.02622238605939282,0.0002375478348322886,0.0002375478348322886,0.00019219042258322166
8,0.1,83,0.02607242534860416,0.00020734098504461795,0.00020734098504461795,0.00018587787258216108
8,0.1,84,0.026108114515287564,0.00020235296130524633,0.00020235296130524633,0.000187310223374628
8,0.1,85,0.026198297885855374,0.00022027057110811076,0.00022027057110811073,0.0001925536907368723
8,0.1,86,0.0262633041092657,0.00023721232017676985,0.00023721232017676985,0.00019591179682093134
8,0.1,87,0.026298103801798697,0.0002833843749666513,0.0002833843749666513,0.00019528224528318625
8,0.1,88,0.026214091880728523,0.000287712180299116,0.00028771218029911594,0.0001940070592887521
8,0.1,89,0.02632191106499897,0.00026351506802321795,0.00026351506802321795,0.00020058698403004632
8,0.1,90,0.02631953381760722,0.00028568867199345446,0.00028568867199345446,0.00019644937253809989
8,0.1,91,0.02638573951843377,0.00026292433104808737,0.00026292433104808737,0.0001966266817763963
8,0.1,92,0.02629858167200116,0.00027970033552168744,0.00027970033552168744,0.00020071394616412314
8,0.1,93,0.026169302074297667,0.0002481436639527381,0.00024814366395273804,0.0001979351444033069
8,0.1,94,0.026101968101242178,0.00024365295288497884,0.00024365295288497884,0.00020598436782261577
8,0.1,95,0.026136971260052835,0.00024937942477959587,0.00024937942477959587,0.00020316750787398782
8,0.1,96,0.026140946355400763,0.000280923426776407,0.000280923426776407,0.00019190423536577303
8,0.1,97,0.02608316590117353,0.0002680221582094529,0.00026802215820945295,0.00019386149612100567
8,0.1,98,0.02595520851491446,0.00025708890613105836,0.00025708890613105836,0.00019656300072597478
8,0.1,99,0.02606362227261381,0.00027401358896606774,0.0002740135889660678,0.0001905907241725236
8,0.1,100,0.025881390502164824,0.00024688103378356076,0.00024688103378356076,0.0001916073836466854
8,0.1,101,0.02609792369180405,0.00023479098288712002,0.00023479098288712002,0.0001977854112155939
8,0.1,102,0.02624784361859376,0.00025468451194326293,0.00025468451194326293,0.00020587848067938177
8,0.1,103,0.02641705820743858,0.00028301596263051383,0.00028301596263051383,0.00021006194801881289
8,0.1,104,0.02639198067797667,0.00024014059885116228,0.00024014059885116228,0.000208154475567833
8,0.1,105,0.02661546333556121,0.00025780284212856985,0.00025780284212856985,0.00021020960988434845
8,0.1,106,0.02663862211890861,0.0002591459500049377,0.0002591459500049377,0.00020768705868258732
8,0.1,107,0.026579067733319642,0.00020910252844280047,0.00020910252844280047,0.00020439422869970034
8,0.1,108,0.02643370260246747,0.00022472913277484386,0.00022472913277484386,0.00021167487843492923
8,0.1,109,0.02652469802044484,0.00023309815759825148,0.00023309815759825145,0.00020587717720282325
8,0.1,110,0.026567802738728778,0.00022876785879049147,0.00022876785879049147,0.00020076463502133785
8,0.1,111,0.026599471710543738,0.00020987938173977364,0.00020987938173977364,0.00019659180475070312
8,0.1,112,0.02639474604035454,0.00022313523719369902,0.000223135237193699,0.0002070014772673745
8,0.1,113,0.02656643418715322,0.00023430151671023362,0.0002343015167102336,0.00020995699135795888
8,0.1,114,0.026454045850237456,0.00020932082196583267,0.00020932082196583267,0.00020494290694540919
8,0.1,115,0.026522309385876897,0.00023528939138787072,0.00023528939138787072,0.00020757981689090016
8,0.1,116,0.026512015610225266,0.00024545386004201164,0.00024545386004201164,0.00020527484942702457
8,0.1,117,0.026566519130839444,0.00024746943050896745,0.00024746943050896745,0.00020971456724813025
8,0.1,118,0.02644290837795415,0.00025869918635297866,0.00025869918635297866,0.00020562533775365374
8,0.1,119,0.026471913172717302,0.00022734688801562185,0.00022734688801562185,0.00020916684889848191
8,0.1,120,0.02641212176283696,0.0002531658703782911,0.0002531658703782911,0.00020356504180599053
8,0.1,121,0.02634775853668332,0.00022794574954868472,0.0002279457495486847,0.00019166105087993268
8,0.1,122,0.02629468623387461,0.00023117494726755406,0.00023117494726755406,0.00019208917029066847
8,0.1,123,0.02634893850874319,0.00021808258290572925,0.00021808258290572925,0.00019847961227533974
8,0.1,124,0.026371712739128837,0.00020991416524910163,0.00020991416524910163,0.0002068558401895573
8,0.1,125,0.026387631141926403,0.0002479006206108919,0.00024790062061089195,0.0002133986298228714
8,0.1,126,0.02642347277153694,0.000273986464097076,0.00027398646409707597,0.00020920681577914842
8,0.1,127,0.02632082830245803,0.0002616928478978695,0.00026169284789786943,0.00020694810692575274
8,0.1,128,0.02623484056295914,0.0002654863517145189,0.0002654863517145189,0.000199652295380952
8,0.1,129,0.026580375096822893,0.00022445496842951216,0.00022445496842951216,0.0002076965016075685
8,0.1,130,0.0265906787842642,0.00021454259902599043,0.00021454259902599043,0.00020976577747220141
8,0.1,131,0.026560203735007334,0.00021751557547053813,0.0002175155754705381,0.00020522012860828894
8,0.1,132,0.026552550047001595,0.00021766786222100334,0.00021766786222100336,0.00020362519087105494
8,0.1,133,0.026443528412146623,0.00023827157891002988,0.00023827157891002988,0.00021393716612224
8,0.1,134,0.02648217619313907,0.00021725628248387492,0.00019850070503094563,0.00021725628248387492
8,0.1,135,0.026421210059718703,0.00023423901362392056,0.00023423901362392056,0.00020849528920408977
8,0.1,136,0.026375370425051836,0.0002403911565886497,0.00024039115658864972,0.00020200487643508134
8,0.1,137,0.0264132932936957,0.0002437156338707511,0.0002437156338707511,0.00020057682515944305
8,0.1,138,0.02636931760363547,0.00027189177146143224,0.00027189177146143224,0.00020233667037148468
8,0.1,139,0.02636772078029319,0.0002768289300652158,0.0002768289300652158,0.00020971123658367657
8,0.1,140,0.0262825826063464,0.0002493026318440883,0.0002493026318440883,0.00020854468805652326
8,0.1,141,0.026194912807863714,0.0002626354128758885,0.0002626354128758885,0.00019965321827345445
8,0.1,142,0.026383033973333612,0.00025186838265208817,0.0002518683826520882,0.00019236414890215205
8,0.1,143,0.02627118435597261,0.0002607899471021112,0.0002607899471021112,0.0001935665971839326
8,0.1,144,0.026475817430794257,0.0002248737818614403,0.00022487378186144034,0.0001922522297413647
8,0.1,145,0.026415493783454348,0.00023900691348057392,0.00023900691348057392,0.00019304475563253047
8,0.1,146,0.026447384306887804,0.00021846077298539774,0.00021846077298539774,0.00019506356315374847
8,0.1,147,0.026292276451397586,0.00018993462300167206,0.00018040202545874983,0.00018993462300167206
8,0.1,148,0.026377585741919733,0.00021578405017451792,0.00021578405017451792,0.0001974706036641521
8,0.1,149,0.026561261648546955,0.0002660916216576334,0.0002660916216576334,0.000197866772488935
8,0.1,150,0.026592362814753072,0.0002936216578520618,0.0002936216578520618,0.00019494772661735084
8,0.1,151,0.026313144930356976,0.00024904948627066213,0.00024904948627066213,0.00019917037333634405
8,0.1,152,0.026243881321727072,0.00023309144860410335,0.00023309144860410338,0.00019451250208863438
8,0.1,153,0.0263384549403764,0.00022637479464300463,0.00022637479464300466,0.0001983983861022903
8,0.1,154,0.02655534253140177,0.0002558885879597596,0.0002558885879597596,0.0002008568641776562
8,0.1,155,0.02668338412855713,0.00024351335418081862,0.00024351335418081865,0.00019864186277959185
8,0.1,156,0.026618014856130683,0.00027057265797692204,0.000270572657976922,0.00020664496581811228
8,0.1,157,0.02653627564707284,0.000238491103591437,0.000238491103591437,0.00020969380630943556
8,0.1,158,0.026508223454607894,0.00021126103345899452,0.00021080303481497937,0.00021126103345899452
8,0.1,159,0.026364899805067506,0.0002114404472380127,0.00021144044723801268,0.00019434520437408876
8,0.1,160,0.026453331761450198,0.00020812082447025927,0.00020812082447025927,0.00019481231405343735
8,0.1,161,0.026478232146234175,0.00021961760762883318,0.00021961760762883315,0.00018812479074533525
8,0.1,162,0.026284478617263855,0.0002569927570606698,0.0002569927570606698,0.000186708449024079
8,0.1,163,0.026201398196951577,0.00024768033892811584,0.00024768033892811584,0.0001879684671395163
8,0.1,164,0.02627132599327735,0.00023822910088370188,0.00023822910088370188,0.0001922004960033568
8,0.1,165,0.026337799979894213,0.0002785806923171896,0.0002785806923171896,0.0002011710415231148
8,0.1,166,0.02633612625810008,0.0002526900111467179,0.00025269001114671785,0.0002007449708376986
8,0.1,167,0.026459572596547368,0.00023311670422913113,0.00023311670422913113,0.00019788097800532134
8,0.1,168,0.026420050925421004,0.00025828601854503745,0.00025828601854503745,0.00019963017739160432
8,0.1,169,0.026407249568579667,0.00023048691757569196,0.00023048691757569196,0.0001924127954531033
8,0.1,170,0.02612920927011843,0.0002485868418599302,0.0002485868418599302,0.00018495214726649422
8,0.1,171,0.02627807592733815,0.0002609343040947635,0.0002609343040947635,0.0001881290375540688
8,0.1,172,0.026237615501792218,0.00025331832556515436,0.00025331832556515436,0.00018501810733248162
8,0.1,173,0.026022204356415866,0.00025949963060033926,0.00025949963060033926,0.00018491209299193825
8,0.1,174,0.026192501163715402,0.00024626270506415427,0.0002462627050641543,0.0001915261410907627
8,0.1,175,0.0260369492626891,0.0002241191279270269,0.00022411912792702688,0.00018935767509004696
8,0.1,176,0.02594827118694195,0.00019058932408059584,0.0001818973171565053,0.00019058932408059584
8,0.1,177,0.026057828083899986,0.00020991749778521426,0.00020991749778521426,0.0001889409638602711
8,0.1,178,0.026143352633355668,0.00021810193950045376,0.00021810193950045378,0.00018908703001656473
8,0.1,179,0.026282718352124583,0.0002502500851244496,0.0002502500851244495,0.0001942670660185275
8,0.1,180,0.026300210514034996,0.00023710883059509353,0.00023710883059509355,0.00019117169357812906
8,0.1,181,0.026317071102966036,0.00019662461552029858,0.00019662461552029858,0.00019116893138101826
8,0.1,182,0.02627928533245923,0.0002169368332822312,0.00021693683328223118,0.00019908988090953128
8,0.1,183,0.026302850945922773,0.0002128713641349845,0.00021287136413498454,0.00019947628480848571
8,0.1,184,0.026339338947533666,0.00019427111103107475,0.0001941998165850719,0.00019427111103107475
8,0.1,185,0.02650887472602929,0.00019746383338384052,0.0001897871141402914,0.00019746383338384052
8,0.1,186,0.02656603292381249,0.0002002658906305678,0.00019315809430081425,0.0002002658906305678
8,0.1,187,0.026508734018580563,0.0002018231205615263,0.0002018231205615263,0.00020014833589336554
8,0.1,188,0.02652532694752012,0.0002614574453241409,0.0002614574453241409,0.00019782694378000357
8,0.1,189,0.026564490792011956,0.0002502178485346662,0.0002502178485346662,0.00019817936576579757
8,0.1,190,0.026684125797238903,0.0002391467367781201,0.0002391467367781201,0.00019931616297733145
8,0.1,191,0.026559763499673282,0.00024814760049865546,0.00024814760049865546,0.00019191110034145385
8,0.1,192,0.026513853510139497,0.00023431225099121398,0.00023431225099121398,0.00019556465156428057
8,0.1,193,0.026381093327230074,0.0002362691755777191,0.0002362691755777191,0.00019872360423256168
8,0.1,194,0.026564832579420074,0.00019857483842193176,0.00019771377282699752,0.00019857483842193176
8,0.1,195,0.02668253796358244,0.00024708295469068797,0.00024708295469068797,0.00019705107461671684
8,0.1,196,0.02647912954243369,0.0002581891340979645,0.0002581891340979645,0.00019682251902291333
8,0.1,197,0.026468090699959444,0.00022207023039095216,0.00022207023039095213,0.000193835889861976
8,0.1,198,0.02620370367941309,0.00020870414243672204,0.00020870414243672207,0.00019559653545313656
8,0.1,199,0.026137990442746943,0.00019601499673116857,0.00018503750642632602,0.00019601499673116857
8,0.1,200,0.025944198012196096,0.00019843206421973284,0.00019200020988989762,0.00019843206421973284
8,0.1,201,0.02613724722313086,0.00019723300899627017,0.00017678131690756818,0.00019723300899627017
8,0.1,202,0.026260504982908228,0.0002020514531805543,0.0002012513981408105,0.0002020514531805543
8,0.1,203,0.02648704619317031,0.0002571629652626738,0.0002571629652626738,0.00020458169383744639
8,0.1,204,0.02664670916539869,0.00023256105308023817,0.0002325610530802382,0.0002011534572635483
8,0.1,205,0.02649847950136915,0.00021107689828833874,0.00021107689828833874,0.00020066235266600577
8,0.1,206,0.026380155163145753,0.00020256374493156972,0.0001866612939821243,0.00020256374493156972
8,0.1,207,0.02626343783925131,0.0002355737380849145,0.00023557373808491452,0.00019758668962845165
8,0.1,208,0.02626837145250787,0.00022288620764632293,0.00022288620764632293,0.0001937760969918185
8,0.1,209,0.026530378253737955,0.00019510808883600687,0.00019208860148542156,0.00019510808883600687
8,0.1,210,0.026123720681016194,0.00020385990289225974,0.00020385990289225974,0.0001926381294103091
8,0.1,211,0.026022675904907797,0.00023169615362119087,0.00023169615362119087,0.0001884375606718445
8,0.1,212,0.026318972267030914,0.00020453008908667567,0.00020453008908667567,0.00018659164119124932
8,0.1,213,0.02631181930043062,0.00019250333725098239,0.00016461310386981266,0.00019250333725098239
8,0.1,214,0.02623428848933663,0.00019679593706246749,0.00016524052314123848,0.00019679593706246749
8,0.1,215,0.02628027002906146,0.000196070675368163,0.0001828290788902606,0.000196070675368163
8,0.1,216,0.026290100860987445,0.00021411911124965754,0.00021411911124965752,0.00019949033461760313
8,0.1,217,0.026413703692362695,0.0002410150739814657,0.0002410150739814657,0.00019334267190791995
8,0.1,218,0.026740305617998728,0.00026188842148026117,0.00026188842148026117,0.00019865397078549008
8,0.1,219,0.026652210868910318,0.00021808185424694089,0.0002180818542469409,0.00020453104594148741
8,0.1,220,0.026699204031204106,0.0002369799722234949,0.0002369799722234949,0.00020226758238702685
8,0.1,221,0.026378910689734993,0.0002565723631332132,0.0002565723631332133,0.00020048877065811655
8,0.1,222,0.026624433894566927,0.0002591252971911632,0.0002591252971911632,0.00020145492936270393
8,0.1,223,0.02668561532776847,0.00021743192153936443,0.00021743192153936443,0.00020362889790581434
8,0.1,224,0.026863210951727477,0.000227412363581992,0.000227412363581992,0.00020724111378757758
8,0.1,225,0.026737313686947758,0.0002673108242809343,0.0002673108242809343,0.00020305163518942744
8,0.1,226,0.026743634772898175,0.00026927834859008385,0.00026927834859008385,0.00020683817179637586
8,0.1,227,0.02662534332273596,0.00024039896096597868,0.00024039896096597868,0.00019830009399330155
8,0.1,228,0.0267261636642227,0.0002694856892558132,0.0002694856892558132,0.00019649269859059462
8,0.1,229,0.026829286191376468,0.00027132628564070766,0.00027132628564070766,0.00020202236081918296
8,0.1,230,0.02654807650116247,0.00027202782088220297,0.00027202782088220297,0.00019959936851885382
8,0.1,231,0.026656209767494547,0.0002617301633452268,0.0002617301633452268,0.00020584719842627
8,0.1,232,0.02665784344140332,0.00026806620949381343,0.00026806620949381343,0.00019437799093532089
8,0.1,233,0.02668021290754911,0.000277424097764748,0.000277424097764748,0.00020083624248969778
8,0.1,234,0.026584652266913956,0.00028343036526829016,0.00028343036526829016,0.00019628253245645495
8,0.1,235,0.02656773296499071,0.0002569652183495715,0.0002569652183495715,0.00020044921454730777
8,0.1,236,0.026651825913358507,0.00029419094090062396,0.00029419094090062396,0.0002062483513150944
8,0.1,237,0.026641686026288882,0.00027459460440764857,0.00027459460440764857,0.00020815043759473884
8,0.1,238,0.026556325652244764,0.00025831676453908495,0.00025831676453908495,0.00020393861909527914
8,0.1,239,0.02659897904722125,0.00023951969009119745,0.00023951969009119745,0.00020145473587289747
8,0.1,240,0.026401371996327336,0.000259430797790882,0.000259430797790882,0.00020369500969276517
8,0.1,241,0.026524091364574568,0.00023855755696547824,0.00023855755696547824,0.00020218052804449639
8,0.1,242,0.026449390607411156,0.0002669711608121345,0.0002669711608121345,0.00020403611320058093
8,0.1,243,0.026300649113974582,0.00026437036271245625,0.0002643703627124562,0.00019574197221781405
8,0.1,244,0.026458466270414656,0.0002530349800405923,0.0002530349800405923,0.0001975544332787919
8,0.1,245,0.026582289318416046,0.00025950857652298244,0.00025950857652298244,0.0001985411633255491
8,0.1,246,0.026499056258682607,0.00023065672973800744,0.00023065672973800744,0.0001958344495937302
8,0.1,247,0.026445053744201606,0.00026143731471688645,0.00026143731471688645,0.00020092835795668752
8,0.1,248,0.02644661870435359,0.00026706476328586785,0.00026706476328586785,0.00019935507988439377
8,0.1,249,0.026347676102716867,0.0002527600833251004,0.0002527600833251004,0.00020111595625706876
8,0.1,250,0.026403754327156057,0.00024005558282005795,0.00024005558282005798,0.00019891807274959
8,0.1,251,0.026382941761334607,0.0002679662269416176,0.0002679662269416176,0.0002043427743913644
8,0.1,252,0.026334219854570406,0.00030192119813414383,0.00030192119813414383,0.00021192167256337235
8,0.1,253,0.026284412215108653,0.0002570749352608204,0.0002570749352608203,0.0002129889327754969
8,0.1,254,0.02646258247134683,0.0003030657639229876,0.0003030657639229876,0.00021392180223926823
8,0.1,255,0.026495775508818632,0.0002900814771494639,0.00029008147714946396,0.00021567250934340586
8,0.1,256,0.026416102412354026,0.00025776306052055324,0.00025776306052055324,0.00020931854426385613
8,0.1,257,0.02645884912594811,0.0002791059945788572,0.00027910599457885713,0.00020569991551053405
8,0.1,258,0.02664683459523998,0.0002973066409679308,0.0002973066409679308,0.0002043690352450066
8,0.1,259,0.02644164223695639,0.0002790465298231981,0.0002790465298231981,0.00020217728132074605
8,0.1,260,0.02650742408942757,0.0002633969236800015,0.0002633969236800015,0.00020625864993342808
8,0.1,261,0.026336355922967666,0.00023792028113350054,0.0002379202811335005,0.00019907459624270642
8,0.1,262,0.026313699008384237,0.00022628249694154202,0.00022628249694154202,0.0001982296121857432
8,0.1,263,0.026132332335664758,0.00023569339090408602,0.00023569339090408602,0.0001959366787316488
8,0.1,264,0.026032604095275736,0.00022681372605115257,0.00022681372605115257,0.0001925798497693763
8,0.1,265,0.0259759582620437,0.00025287386737585384,0.00025287386737585384,0.0001919049400609655
8,0.1,266,0.025712159777703428,0.00021535789422099774,0.00021535789422099774,0.00018451128864654994
8,0.1,267,0.025873184691275142,0.000197235985735448,0.000197235985735448,0.00018398010312727954
8,0.1,268,0.02605852122163503,0.0001961784182879229,0.00019617841828792288,0.0001894016040979703
8,0.1,269,0.0260869980384112,0.0001934535314648577,0.00019074636859643784,0.0001934535314648577
8,0.1,270,0.026179846502261496,0.0001984012518696809,0.00019687973082149383,0.0001984012518696809
8,0.1,271,0.026086288446228127,0.00019134906965703071,0.00018709226725688769,0.00019134906965703071
8,0.1,272,0.026007874701119985,0.00020873628312405946,0.00020873628312405946,0.00019352418778398502
8,0.1,273,0.026004640683738655,0.0002353065747502811,0.0002353065747502811,0.0002011895439800078
8,0.1,274,0.025886158992499766,0.00022015086265526424,0.0002201508626552642,0.00019752621130899665
8,0.1,275,0.025697349938757177,0.0002556582239484619,0.0002556582239484619,0.00019998500284814134
8,0.1,276,0.025777537562917063,0.0002496740991943413,0.0002496740991943413,0.00019038534208154538
8,0.1,277,0.025904193722558175,0.00020364068786346678,0.00020364068786346676,0.00018603515323360704
8,0.1,278,0.025859060243397795,0.00021164286051946388,0.00021164286051946388,0.00018744286165283503
8,0.1,279,0.026030600497667762,0.00022330852063571398,0.00022330852063571398,0.0001895302983703365
8,0.1,280,0.02612633838216507,0.00026838252129281984,0.00026838252129281984,0.00019229022919702943
8,0.1,281,0.026235602744847056,0.0002480319582130075,0.0002480319582130075,0.00019402679088913687
8,0.1,282,0.02611286926435829,0.00025254631101661153,0.0002525463110166115,0.0001998889910576696
8,0.1,283,0.026278277417546892,0.00022354474404515765,0.00022354474404515763,0.00020247124284511342
8,0.1,284,0.026392895036834427,0.00023350878518509037,0.00023350878518509037,0.00020822257017034883
8,0.1,285,0.026347809791966898,0.00023356875785331976,0.00023356875785331976,0.00020525049621635455
8,0.1,286,0.026345166391769377,0.00024697476961295454,0.00024697476961295454,0.000206697893482572
8,0.1,287,0.026354912303503328,0.0002582666845786561,0.00025826668457865613,0.00020394355846887414
8,0.1,288,0.026292378360580786,0.0002682822209481757,0.0002682822209481757,0.00020172060495555192
8,0.1,289,0.026299426458987165,0.0002689104403103846,0.00026891044031038453,0.00019908890465218318
8,0.1,290,0.02642584362310964,0.00023266574793432535,0.00023266574793432535,0.0001949838497136246
8,0.1,291,0.026431655258924432,0.0002729718957311834,0.0002729718957311834,0.00019877222922974676
8,0.1,292,0.026436013098871947,0.00023373516900441989,0.00023373516900441989,0.00020353748317716806
8,0.1,293,0.02660943299973717,0.0002621889057492359,0.0002621889057492359,0.0002104474727453991
8,0.1,294,0.02650789119279769,0.00025748042858920583,0.00025748042858920583,0.00020649520282477649
8,0.1,295,0.026393544555293847,0.00027006151608775417,0.00027006151608775417,0.00019737539139652995
8,0.1,296,0.02639500853122568,0.00022167370435108774,0.00022167370435108774,0.00019819860541169182
8,0.1,297,0.026531498171685982,0.0002472455253034546,0.0002472455253034546,0.0001973321967665122
8,0.1,298,0.026629934717937398,0.000266348564459432,0.000266348564459432,0.00019685443870044598
8,0.1,299,0.02656576463837253,0.0002470470569409085,0.00024704705694090844,0.0002038408074115629
8,0.1,300,0.026672862127962646,0.0002544033595874277,0.0002544033595874277,0.0002058789007011489
8,0.1,301,0.02658896983859196,0.0002567927638694629,0.0002567927638694629,0.00020615957247323814
8,0.1,302,0.026430223492336074,0.00027744390170242176,0.0002774439017024217,0.0002078603376063242
8,0.1,303,0.0264552623963505,0.00026038210129208445,0.0002603821012920845,0.00020200531854385557
8,0.1,304,0.026364700064133367,0.0002206231519011854,0.00022062315190118537,0.0001994110903374232
8,0.1,305,0.02629645291655851,0.000254532572819383,0.000254532572819383,0.00020684588885915288
8,0.1,306,0.02619445331987622,0.00023521225146792382,0.0002352122514679238,0.00020414827733307282
8,0.1,307,0.026236472484436984,0.00024662276422486617,0.00024662276422486617,0.00020722047368751704
8,0.1,308,0.026365547084316134,0.0002441072613530349,0.00024410726135303486,0.00020116549178702758
8,0.1,309,0.026408779304562428,0.00020824682121743627,0.00020331657364265873,0.00020824682121743627
8,0.1,310,0.026411740527619472,0.00020942679080677404,0.00020807825987549043,0.00020942679080677404
8,0.1,311,0.02631680723972357,0.00021632348458133552,0.00021632348458133552,0.0002088558436707628
8,0.1,312,0.026120606500119027,0.0002056155160330826,0.0002056155160330826,0.00019989155216617322
8,0.1,313,0.026296354709258018,0.0002135777107649068,0.0002135777107649068,0.00020007260041288077
8,0.1,314,0.026168691830522943,0.0002340779079555102,0.00023407790795551022,0.00019809607058949834
8,0.1,315,0.02620011398499288,0.00022222481277278647,0.00022222481277278647,0.0001968248539624384
8,0.1,316,0.02612861025958424,0.0002366842672527178,0.0002366842672527178,0.000195611621554029
8,0.1,317,0.02627954592813594,0.0002505354213037467,0.0002505354213037467,0.00019105366368610166
8,0.1,318,0.0260919068114762,0.00021947897000426886,0.00021947897000426886,0.00018698162926600507
8,0.1,319,0.026359742451984476,0.00023089730772123042,0.00023089730772123042,0.000195368883861377
8,0.1,320,0.026517292920337172,0.00020775103711679537,0.00020775103711679537,0.00019905443117998394
8,0.1,321,0.026448290363163422,0.00024151083256292044,0.00024151083256292042,0.00019588728259336738
8,0.1,322,0.026352377143365472,0.00019693713684452765,0.00017549223494863658,0.00019693713684452765
8,0.1,323,0.02619603531740685,0.0001871471242935608,0.00018455803848010672,0.0001871471242935608
8,0.1,324,0.026308582766400624,0.00019080494245786868,0.00018215818405320063,0.00019080494245786868
8,0.1,325,0.026242900527834682,0.00019059355092843115,0.00017006074118894158,0.00019059355092843115
8,0.1,326,0.026235149277770528,0.00019650410095623644,0.00019462173884184038,0.00019650410095623644
8,0.1,327,0.026108000054151363,0.00019415858877083387,0.00019412459256602823,0.00019415858877083387
8,0.1,328,0.026107798123731887,0.00019411443642253811,0.0001920695984472031,0.00019411443642253811
8,0.1,329,0.026110578275652208,0.00020045414638810268,0.0001983944037166907,0.00020045414638810268
8,0.1,330,0.026269166495520576,0.00020122605217562373,0.00020122605217562373,0.0001976510330567184
8,0.1,331,0.026358739354112256,0.00020007563687458757,0.00018494398059389585,0.00020007563687458757
8,0.1,332,0.02612859851139341,0.00020676486703379986,0.00020676486703379986,0.00019440362469195518
8,0.1,333,0.02617550938888203,0.00025961364885598723,0.00025961364885598723,0.00019992715142372585
8,0.1,334,0.025988474101264807,0.00024800535078972597,0.00024800535078972597,0.00020047313695837441
8,0.1,335,0.025996105985397523,0.00024806280422110904,0.00024806280422110904,0.000191480349462436
8,0.1,336,0.025859291086783833,0.0002268939164461114,0.00022689391644611142,0.00019192771588273246
8,0.1,337,0.026020995001205454,0.00024680017618860416,0.0002468001761886041,0.0001990255205518675
8,0.1,338,0.026108635420539355,0.00023821332447592286,0.0002382133244759229,0.0001990671560939561
8,0.1,339,0.02625662655904808,0.00023343648326650337,0.00023343648326650335,0.00019845541315338794
8,0.1,340,0.026131775096250223,0.00022582160101196322,0.0002258216010119632,0.00018938708009468155
8,0.1,341,0.02616955195612571,0.00024169424125316464,0.00024169424125316464,0.00019645229528848088
8,0.1,342,0.026343746548938826,0.0002468778936993382,0.0002468778936993382,0.0001984047336821261
8,0.1,343,0.02610176004094033,0.00025908941205963684,0.00025908941205963684,0.00019754264477176743
8,0.1,344,0.02598053981238389,0.00020207391988361062,0.0002020739198836106,0.00018917012102221306
8,0.1,345,0.02619296754258392,0.0002321445143037329,0.00023214451430373292,0.0001985309569439014
8,0.1,346,0.02632120991338909,0.00027722256759101464,0.00027722256759101464,0.00020445859675129722
8,0.1,347,0.02629976723388543,0.00027326306933423127,0.00027326306933423127,0.00020694036468949905
8,0.1,348,0.026352655948462426,0.000293103082575193,0.000293103082575193,0.00020466011106050634
8,0.1,349,0.026317273483596432,0.0002787352029951061,0.0002787352029951061,0.00020389801232774445
8,0.1,350,0.026456164385800094,0.0002517806775051952,0.0002517806775051952,0.00020559494158701726
8,0.1,351,0.0263966449099842,0.00025116853320730667,0.00025116853320730667,0.0002006024127467326
8,0.1,352,0.026452866737236257,0.00023795695546745206,0.00023795695546745203,0.00020167689371790857
8,0.1,353,0.026624705461662266,0.00021254891080530692,0.00021254891080530692,0.0002052474016461054
8,0.1,354,0.02664692402540025,0.00020606500002428733,0.00019908221863803913,0.00020606500002428733
8,0.1,355,0.02647709768876648,0.00020633812487250253,0.0002063381248725025,0.00020547606306222413
8,0.1,356,0.026480960053769036,0.0002495769155005508,0.0002495769155005508,0.0002101822434324708
8,0.1,357,0.02663762744302843,0.00024272611047407338,0.00024272611047407338,0.00021051559792934917
8,0.1,358,0.02649714079054526,0.00022181251653607712,0.0002218125165360771,0.00020564039829607103
8,0.1,359,0.02649760287093143,0.00024672558212269455,0.00024672558212269455,0.00020733605161594594
8,0.1,360,0.02640071374457111,0.0002465449738221168,0.0002465449738221168,0.00020980625011513798
8,0.1,361,0.02627434257446203,0.0002586566420102528,0.00025865664201025286,0.0002072748271625469
8,0.1,362,0.02643349456578482,0.00024683047413663785,0.00024683047413663785,0.00020498489648990042
8,0.1,363,0.02651681985231514,0.0002595553166100882,0.0002595553166100882,0.00020635106743285543
8,0.1,364,0.026497683261941973,0.0002578100396763316,0.0002578100396763316,0.00020628194931503595
8,0.1,365,0.0264356466182717,0.00023940406097346404,0.00023940406097346404,0.00020975638420297173
8,0.1,366,0.026480574969826653,0.0002360358958624204,0.0002360358958624204,0.00021026160249834803
8,0.1,367,0.026427298749438874,0.00024066355202703607,0.00024066355202703604,0.0002076555728214644
8,0.1,368,0.026526344214141465,0.00023866624452199695,0.00023866624452199695,0.00021238376107470965
8,0.1,369,0.02630032949710443,0.00021975771623658063,0.00021975771623658063,0.0002083812160231574
8,0.1,370,0.02639701270958136,0.00021790437809293093,0.0002179043780929309,0.00020831237310430683
8,0.1,371,0.02627969373428419,0.00020320484064443683,0.00019960864455913514,0.00020320484064443683
8,0.1,372,0.026424458467966046,0.00022305939440301131,0.0002230593944030113,0.0002045442749313563
8,0.1,373,0.026466438427268958,0.00021032765390853055,0.00021032765390853052,0.0002037940717252807
8,0.1,374,0.026339399977779912,0.00027586326306042105,0.0002758632630604211,0.0002056364589948445
8,0.1,375,0.0264867240083257,0.00027439866396484174,0.00027439866396484174,0.000209706024144117
8,0.1,376,0.026446261422743252,0.0002548848186979045,0.0002548848186979044,0.00021589616403080118
8,0.1,377,0.026372534303209003,0.00024640422280126765,0.00024640422280126765,0.00021002807305946328
8,0.1,378,0.02616180840775528,0.00020960072192072177,0.00020830073520452602,0.00020960072192072177
8,0.1,379,0.02627709468264288,0.00020206894643526923,0.00019848692138992044,0.00020206894643526923
8,0.1,380,0.026161991515717277,0.00021447084746201522,0.00021447084746201522,0.00020864940433512974
8,0.1,381,0.026242291853372894,0.0002533695386441294,0.0002533695386441294,0.00020239186260608466
8,0.1,382,0.026279971570575423,0.00026093303486709053,0.00026093303486709053,0.0002040005703988659
8,0.1,383,0.02600853965009826,0.00023279299545170054,0.00023279299545170054,0.000200097242414338
8,0.1,384,0.025987132328995084,0.0002445568204972015,0.0002445568204972015,0.00019448545620058785
8,0.1,385,0.026067930552964937,0.00021825728531864102,0.00021825728531864102,0.00019599859093828007
8,0.1,386,0.026263759435108287,0.00023445880564117841,0.00023445880564117844,0.00019136967513333914
8,0.1,387,0.026291028899620397,0.0002558690485955927,0.0002558690485955927,0.00019357285553319231
8,0.1,388,0.0262835599476938,0.0002578896752934031,0.0002578896752934031,0.00019282987059164017
8,0.1,389,0.026385064907436633,0.00027851776851471984,0.00027851776851471984,0.00019171270069947327
8,0.1,390,0.02639386844036083,0.00024218439955644262,0.00024218439955644262,0.00019414214310128753
8,0.1,391,0.026527198975014057,0.00023479951405697014,0.0002347995140569701,0.00020428641528427675
8,0.1,392,0.02655983218672408,0.00020749989924062615,0.00020749989924062612,0.00020237248617541975
8,0.1,393,0.026512715061556984,0.00020654615999293413,0.0002065461599929341,0.00019997470911047323
8,0.1,394,0.02648620729851538,0.0002016791823354961,0.00018404906547129276,0.0002016791823354961
8,0.1,395,0.0264034339778434,0.000194698757939829,0.00019469875793982897,0.0001940720797778343
8,0.1,396,0.026422498339831214,0.0002008750012213199,0.0002008750012213199,0.00019450040226180062
8,0.1,397,0.026436768680263716,0.0001934239284578553,0.00018607515935442192,0.0001934239284578553
8,0.1,398,0.026378183192091776,0.0002049516104043681,0.0002049516104043681,0.00019100688915501743
8,0.1,399,0.02647110704233756,0.0001984192415537032,0.00019212442534868738,0.0001984192415537032
8,0.1,400,0.026441541198954706,0.0002477912493025396,0.00024779124930253963,0.0001999901719734149
8,0.1,401,0.0263144806372147,0.00027304712745336807,0.00027304712745336807,0.0002030492644207678
8,0.1,402,0.026496847844885197,0.0002606149802962137,0.0002606149802962137,0.00020311736546071372
8,0.1,403,0.02642467150906568,0.00024355892094717407,0.00024355892094717407,0.00019977574732977176
8,0.1,404,0.026464178259314793,0.0002169796461672837,0.00021697964616728367,0.0002001007157400399
8,0.1,405,0.02639995079089922,0.0002539062436958266,0.0002539062436958266,0.0002055282009574902
8,0.1,406,0.02637382515698481,0.0002218963736675781,0.00022189637366757807,0.0001997857591381309
8,0.1,407,0.02625045785455399,0.00024908375642756115,0.00024908375642756115,0.00020179787680792418
8,0.1,408,0.02632475810681688,0.0002568896426636157,0.0002568896426636157,0.00020045720446943232
8,0.1,409,0.026283166374677664,0.00028807569425020745,0.00028807569425020745,0.00020188848707106282
8,0.1,410,0.026523976973708348,0.00029339209421327034,0.00029339209421327034,0.0002011548424553465
8,0.1,411,0.026656641821625707,0.0002895334009244093,0.0002895334009244093,0.00020563023129002253
8,0.1,412,0.02668823191151799,0.0002850087697506986,0.0002850087697506986,0.00020796895533971434
8,0.1,413,0.02636410595136172,0.00023715999463748533,0.00023715999463748533,0.00019894148222168257
8,0.1,414,0.0260891712973874,0.00022381518973860044,0.00022381518973860044,0.00019131681887919386
8,0.1,415,0.026211358821437526,0.00023907622608854346,0.00023907622608854346,0.0001990467331291227
8,0.1,416,0.02608645071137403,0.0002380702464280924,0.0002380702464280924,0.00019605664759640625
8,0.1,417,0.025968809675518647,0.00024910118404731694,0.00024910118404731694,0.00019182182077283628
8,0.1,418,0.026099011849377955,0.0002321905117268967,0.0002321905117268967,0.00019239564796725466
8,0.1,419,0.026333317778826148,0.0002195856235925764,0.0002195856235925764,0.0001982491598118751
8,0.1,420,0.026473840902937903,0.00022462924152592107,0.00022462924152592104,0.0002060285908425007
8,0.1,421,0.02637183017726646,0.00023993518715376749,0.00023993518715376749,0.00020134407944148762
8,0.1,422,0.0262717418298798,0.00022044684091674014,0.00022044684091674011,0.000205038993031702
8,0.1,423,0.02637047789161417,0.00020704571454010668,0.00020704571454010668,0.00020124683971137306
8,0.1,424,0.02608412583223823,0.0002047682348408861,0.00017299735729221457,0.0002047682348408861
8,0.1,425,0.02604531971587815,0.0002043347681991696,0.00019663573692595,0.0002043347681991696
8,0.1,426,0.02620459659978364,0.0002459911641530957,0.0002459911641530957,0.0001993641635769686
8,0.1,427,0.026370775925463316,0.00024350003073578957,0.00024350003073578955,0.00020015312044223733
8,0.1,428,0.026288278941122935,0.00021355619807545803,0.00021355619807545803,0.00019941454070329987
8,0.1,429,0.026255904418623726,0.00020275392541459463,0.00020275392541459466,0.00019815947099906223
8,0.1,430,0.02637151381557864,0.00019968339181037826,0.00019968339181037826,0.00019790146739767785
8,0.1,431,0.026327227746927574,0.00021308242316602866,0.00021308242316602866,0.00019556666315666323
8,0.1,432,0.026247382924875773,0.00020811893338623953,0.00020811893338623953,0.0001976330303093954
8,0.1,433,0.026258055220253415,0.0001996867893402089,0.00019920243758635663,0.0001996867893402089
8,0.1,434,0.026288199075910654,0.00022096650120637448,0.00022096650120637448,0.0001982240764665868
8,0.1,435,0.026204809840404717,0.00021309214135390638,0.00021309214135390635,0.00020140061132669273
8,0.1,436,0.02627787604268237,0.00023284144836436014,0.00023284144836436011,0.00019658022851368014
8,0.1,437,0.026343047484122542,0.00019859155388240703,0.00019859155388240703,0.00019311938637964644
8,0.1,438,0.02642587971399316,0.00022404551877326043,0.00022404551877326043,0.00020009253612566065
8,0.1,439,0.026281881243282894,0.00022045070829449404,0.000220450708294494,0.0001926533521302358
8,0.1,440,0.026463202401896733,0.00021722643107055577,0.00021722643107055577,0.00019466722573973825
8,0.1,441,0.02646578007394657,0.000209939200847692,0.000209939200847692,0.00019315017081529364
8,0.1,442,0.02639157229941037,0.0002040510211016547,0.00020405102110165467,0.00019453065898634991
8,0.1,443,0.02617053374487031,0.00018772276794920995,0.0001838589203632326,0.00018772276794920995
8,0.1,444,0.026363668500271595,0.00019575137409135802,0.00019575137409135805,0.00019036289298554265
8,0.1,445,0.02661219200294325,0.00022845976392651675,0.00022845976392651675,0.00019386066154336275
8,0.1,446,0.026608067538798786,0.00024606932116624417,0.0002460693211662441,0.00020314332276753544
8,0.1,447,0.026588086630437283,0.0002444498877419678,0.0002444498877419678,0.0001984426016288654
8,0.1,448,0.02661595375906959,0.00020785144933691436,0.00020785144933691436,0.00020764228799059731
8,0.1,449,0.026616402648394925,0.00020275897852483035,0.0002023894518417243,0.00020275897852483035
8,0.1,450,0.026503971142374065,0.00019426294091580532,0.00019426294091580532,0.00018969730183709255
8,0.1,451,0.026206841515643214,0.00020244314503843324,0.00020244314503843324,0.00018871511235695203
8,0.1,452,0.02617438922256722,0.00023517018779582353,0.00023517018779582353,0.0001903740359667001
8,0.1,453,0.02620921616237649,0.00022917367222495254,0.0002291736722249525,0.00019704439417282446
8,0.1,454,0.026288793201862518,0.00022406381500771194,0.00022406381500771194,0.00020213944897537112
8,0.1,455,0.026330782880631128,0.00024099171099059552,0.0002409917109905955,0.00020838772719859258
8,0.1,456,0.02637510578065505,0.0002394116883514369,0.0002394116883514369,0.00020439510683332342
8,0.1,457,0.026386841083981885,0.00021429282253214882,0.00021429282253214882,0.00020162870924147436
8,0.1,458,0.026401065760461855,0.00021104623976581503,0.00021104623976581503,0.00020306088999147637
8,0.1,459,0.026265105406852084,0.00021879668692824136,0.00021879668692824136,0.00019733204644293317
8,0.1,460,0.02634422235610914,0.0002167088144356912,0.0002167088144356912,0.00019458109509401048
8,0.1,461,0.026551440841089857,0.000277204052794286,0.000277204052794286,0.00019473560507678883
8,0.1,462,0.02645221838585368,0.00024852700974125106,0.00024852700974125106,0.00018905866790502835
8,0.1,463,0.026326397304342213,0.0002507117003834102,0.00025071170038341016,0.00019461700980201506
8,0.1,464,0.02639388741611296,0.00019678484776617554,0.00019678484776617552,0.00019510357970404707
8,0.1,465,0.026306164492215033,0.00020199910694887962,0.00017935341962142988,0.00020199910694887962
8,0.1,466,0.026379557825107338,0.0001987029011671272,0.00018724886364441525,0.0001987029011671272
8,0.1,467,0.026420397816490557,0.00019943586888458744,0.00017645454593463746,0.00019943586888458744
8,0.1,468,0.026295544331477693,0.00019808414859254044,0.00016855968697106734,0.00019808414859254044
8,0.1,469,0.026560578444973608,0.00020106010415983416,0.00020106010415983416,0.00019766692158658882
8,0.1,470,0.02654384286749515,0.0002029793126154331,0.0001701945313170556,0.0002029793126154331
8,0.1,471,0.026697511134725828,0.00020224918130366248,0.00019468877478510146,0.00020224918130366248
8,0.1,472,0.02648606632606022,0.00020266320743722946,0.00019007009454171967,0.00020266320743722946
8,0.1,473,0.026504198491512122,0.00020544565967072287,0.00019245572404435836,0.00020544565967072287
8,0.1,474,0.026365582357904937,0.0002018784862233066,0.00019634756361765047,0.0002018784862233066
8,0.1,475,0.026198187481378955,0.00020410608449967607,0.00020410608449967607,0.00020115704042651433
8,0.1,476,0.026314678424122072,0.00020790084050838488,0.00020790084050838488,0.00020740453966233954
8,0.1,477,0.026338076813980132,0.00024036947318373283,0.00024036947318373285,0.00020588698741582688
8,0.1,478,0.026275954147924784,0.0002286720535514759,0.0002286720535514759,0.00020417483241584692
8,0.1,479,0.026308655729933756,0.00023172371887220322,0.0002317237188722032,0.0002068952469607204
8,0.1,480,0.026112328967794182,0.00021223318897541579,0.00021223318897541579,0.00019402055759877424
8,0.1,481,0.026036116058900348,0.0002534521935034909,0.00025345219350349083,0.00019694635482933606
8,0.1,482,0.02600949665244099,0.00024316805972099707,0.0002431680597209971,0.00019280191002850417
8,0.1,483,0.026133998594444163,0.00023121574195701417,0.00023121574195701414,0.0001927445331645002
8,0.1,484,0.026234871369040395,0.0002211894479078551,0.0002211894479078551,0.00019437385442526905
8,0.1,485,0.026091678927191095,0.00020760639391964982,0.0002076063939196498,0.00019517187893618805
8,0.1,486,0.0261707037585245,0.00021493910861792003,0.00021493910861792003,0.0001964055886554587
8,0.1,487,0.026113673420580682,0.00022746079357477707,0.00022746079357477707,0.0001945240860636268
8,0.1,488,0.02612766498016365,0.0002184656797610798,0.0002184656797610798,0.00019763549175830247
8,0.1,489,0.02616841191371866,0.00022577940246963684,0.00022577940246963684,0.00019752271613673463
8,0.1,490,0.026232422130436993,0.00026083472431878094,0.00026083472431878094,0.00019847294859832155
8,0.1,491,0.02633210952372251,0.0002316392969674339,0.0002316392969674339,0.00019999102365415823
8,0.1,492,0.02626126306801861,0.00022161754271099416,0.00022161754271099416,0.00019796234135512368
8,0.1,493,0.026401168289602102,0.00020347299737662232,0.00019645925307203117,0.00020347299737662232
8,0.1,494,0.026413965081173312,0.00019881188118719582,0.000175249122069279,0.00019881188118719582
8,0.1,495,0.02647464043031748,0.0002070149461378318,0.00019048810597182362,0.0002070149461378318
8,0.1,496,0.026723971065172925,0.0002302328506854393,0.0002302328506854393,0.00020288749988067435
8,0.1,497,0.026560507035221396,0.00023488934129853518,0.0002348893412985352,0.0002040475441524905
8,0.1,498,0.02659833405564177,0.00022490411331094027,0.00022490411331094027,0.0002095440799213133
8,0.1,499,0.026614425432417377,0.0002199925089601806,0.0002199925089601806,0.0002086152496288994
8,0.1,500,0.026680074597048777,0.0002236626368208712,0.0002236626368208712,0.0002096397014289739
8,0.2,0,0.08274461782875712,0.00029437870571775223,0.0002943787057177523,0.00025304888176574237
8,0.2,1,0.05018328535154636,0.00024179421391823876,0.0002307949722634849,0.00024179421391823876
8,0.2,2,0.03733790510165854,0.00020409453555282975,0.00016072801021394388,0.00020409453555282975
8,0.2,3,0.03132876222633137,0.00019524911337816535,0.00016612864620050186,0.00019524911337816535
8,0.2,4,0.028171738698340654,0.0002003459199545475,0.0002003459199545475,0.00018210581282297397
8,0.2,5,0.026635799785704115,0.00018895261665730323,0.00018895261665730325,0.00017552048676144563
8,0.2,6,0.025448234594993326,0.0002065702530471641,0.00020657025304716408,0.00016788682480473527
8,0.2,7,0.02477490882156802,0.000193749458407728,0.000193749458407728,0.0001614580795667756
8,0.2,8,0.02448934425752285,0.00018853089434098366,0.0001885308943409837,0.0001557377261581371
8,0.2,9,0.024341487071543533,0.00016655959747107014,0.0001587361364128814,0.00016655959747107014
8,0.2,10,0.02408494388665372,0.00015956442977212962,0.00015471617194616068,0.00015956442977212962
8,0.2,11,0.023863392865749653,0.00017122557737693294,0.00017122557737693294,0.0001576263928498206
8,0.2,12,0.023982359803401347,0.00015160282790450415,0.00013756335232049932,0.00015160282790450415
8,0.2,13,0.02378945839562876,0.0001504771172969775,0.00015047711729697749,0.00014974908376370454
8,0.2,14,0.023599184856255347,0.00015707637845016695,0.0001385922891782587,0.00015707637845016695
8,0.2,15,0.023675180515132486,0.00016049861425123,0.00016049861425122998,0.00015787670740781187
8,0.2,16,0.023638244280097403,0.00018250504643277322,0.00018250504643277325,0.0001531728632409114
8,0.2,17,0.023613886817706427,0.0001851148445149316,0.00018511484451493157,0.00015083252221638607
8,0.2,18,0.02373097985007635,0.00016937483936955744,0.00016937483936955744,0.00015386331996560375
8,0.2,19,0.023533105758093014,0.00017898398155205393,0.00017898398155205393,0.00015158885734030465
8,0.2,20,0.023561189202860027,0.00018890856107895253,0.00018890856107895253,0.00015093579438393278
8,0.2,21,0.023484815794963747,0.00016509661571200592,0.00016509661571200592,0.00015302541671806635
8,0.2,22,0.023593331460697274,0.00015527771252369637,0.00015002992009139065,0.00015527771252369637
8,0.2,23,0.023717470730964633,0.00015748510877549123,0.00015748510877549123,0.00015372012116486334
8,0.2,24,0.023684601013523106,0.000162082076283452,0.000162082076283452,0.0001542768295516615
8,0.2,25,0.023729400523348574,0.00016177435608933304,0.00016177435608933304,0.0001529182961361353
8,0.2,26,0.02366473418848218,0.00015405711855482853,0.00015405711855482853,0.00015069463675357968
8,0.2,27,0.023598296736209178,0.00015598995247747343,0.00015598995247747343,0.00014056083177292262
8,0.2,28,0.023763240438209866,0.00015777059192391445,0.00015777059192391445,0.00014604634013233293
8,0.2,29,0.02382472617592091,0.00016258697484976533,0.0001625869748497653,0.00014456079423880887
8,0.2,30,0.023883702866397127,0.00017399898952748477,0.00017399898952748477,0.0001465337534438259
8,0.2,31,0.023827389593700867,0.0001949069015092356,0.0001949069015092356,0.00015338248408418227
8,0.2,32,0.02391194756296846,0.00019942051506883343,0.0001994205150688334,0.00015070111298640993
8,0.2,33,0.023657054433397842,0.00019130463866025955,0.00019130463866025952,0.00014907200623184792
8,0.2,34,0.023610459777619157,0.00021107945012032047,0.00021107945012032047,0.00014814278599604907
8,0.2,35,0.023416079995503547,0.00017096720341290943,0.00017096720341290943,0.000143252934546782
8,0.2,36,0.023546905235265633,0.00021084197026080212,0.00021084197026080212,0.0001534877988684388
8,0.2,37,0.02352841844532248,0.0002001286259724102,0.00020012862597241018,0.00015366984331118564
8,0.2,38,0.023688444745859755,0.00021735836008527243,0.0002173583600852724,0.00015086886633602304
8,0.2,39,0.02366452814999555,0.00016410777678439788,0.00016410777678439788,0.00014956587960025428
8,0.2,40,0.02365462719619459,0.00017416739835109292,0.00017416739835109292,0.0001532191762558201
8,0.2,41,0.023623320998249334,0.00018658171273145597,0.00018658171273145597,0.00015665588535356388
8,0.2,42,0.023777688225100922,0.00017369807269537095,0.00017369807269537095,0.00015656768330247827
8,0.2,43,0.02370999556920426,0.0001866089051727492,0.0001866089051727492,0.00015739981057485107
8,0.2,44,0.023831808510034008,0.00019631658874255117,0.00019631658874255117,0.00015990221313913824
8,0.2,45,0.02384612378652117,0.00016079180243829607,0.00016079180243829607,0.0001550725605275294
8,0.2,46,0.023754727279298074,0.00015122532343038236,0.00014040124703115526,0.00015122532343038236
8,0.2,47,0.023954884015614165,0.00018401913785597425,0.00018401913785597425,0.0001560826780744621
8,0.2,48,0.023800055972700303,0.00017912917260372462,0.00017912917260372462,0.0001523413774417393
8,0.2,49,0.023852468100654677,0.00020807620319399575,0.00020807620319399575,0.00015629016559306677
8,0.2,50,0.023783340801548283,0.00019421074313479673,0.0001942107431347967,0.00015416129079763694
8,0.2,51,0.023616931249239612,0.00020743033022132875,0.00020743033022132875,0.00015170206824440438
8,0.2,52,0.02359386677144949,0.00019761599333732401,0.000197615993337324,0.00014914444454948986
8,0.2,53,0.023586371693165287,0.00018606148977405297,0.00018606148977405297,0.0001536563512606534
8,0.2,54,0.023674529531356313,0.00017252672926942091,0.00017252672926942091,0.00014706592836471143
8,0.2,55,0.023608173879574687,0.00016697908210933971,0.00016697908210933971,0.00014877199839986337
8,0.2,56,0.023586777611394917,0.0001920354770922072,0.00019203547709220723,0.00014637980308904172
8,0.2,57,0.02369216098246152,0.0001901969815776867,0.0001901969815776867,0.00014701915010399078
8,0.2,58,0.023824252108500026,0.0001606107542154082,0.0001606107542154082,0.00014872103116936024
8,0.2,59,0.023945832245950167,0.00017681975943132605,0.00017681975943132605,0.00015377727053495722
8,0.2,60,0.023736127037312423,0.00016372114901371318,0.00016372114901371318,0.00014989096193594677
8,0.2,61,0.023671051357073754,0.00020156305999704635,0.00020156305999704635,0.0001507563815976418
8,0.2,62,0.0235190897256345,0.00019839809381293755,0.00019839809381293753,0.0001503871494695888
8,0.2,63,0.023818219998044888,0.0001714775857345389,0.00017147758573453893,0.0001533703630415661
8,0.2,64,0.023808481537885468,0.0001835507293490208,0.0001835507293490208,0.0001566124997701761
8,0.2,65,0.023856477742939676,0.0001713204181266483,0.0001713204181266483,0.00015274616003244969
8,0.2,66,0.02393203391001821,0.000153165197662774,0.00015243835596928152,0.000153165197662774
8,0.2,67,0.023870427161885355,0.0001785824871316081,0.0001785824871316081,0.0001549599255346998
8,0.2,68,0.023853499449107606,0.00018235667755622556,0.00018235667755622556,0.0001582304812286779
8,0.2,69,0.02366087874357197,0.00018458956097334417,0.00018458956097334417,0.00016153739408234093
8,0.2,70,0.02355584471847336,0.0001624819214105516,0.00016248192141055158,0.00015592740025705448
8,0.2,71,0.023856755388963684,0.00016937896698084943,0.00016937896698084943,0.0001529997754877784
8,0.2,72,0.023819269429551124,0.00018599373787327742,0.0001859937378732774,0.00016139075969781583
8,0.2,73,0.023891160177075113,0.00018736604691672607,0.00018736604691672607,0.0001582768852320485
8,0.2,74,0.023900497317910194,0.00022041478624193844,0.00022041478624193844,0.00015679196570291923
8,0.2,75,0.024037500424661674,0.00017664023443376918,0.00017664023443376918,0.0001572964774603134
8,0.2,76,0.024007615191504184,0.00017984820477614215,0.00017984820477614215,0.0001575247371812188
8,0.2,77,0.024056427768695862,0.00016177407954434913,0.00016177407954434913,0.00015367219362265484
8,0.2,78,0.02390728390315253,0.00018120937524140866,0.00018120937524140863,0.00015155784412997756
8,0.2,79,0.02380014481551793,0.00017078541439157356,0.00017078541439157356,0.00015457978516258242
8,0.2,80,0.023954819972631013,0.00019142263577732183,0.00019142263577732183,0.00015636428507314855
8,0.2,81,0.02370115481895713,0.00020517747120843028,0.00020517747120843028,0.00015085125824121945
8,0.2,82,0.023871260448976424,0.00020638248657105972,0.00020638248657105972,0.00015261984169354917
8,0.2,83,0.02382440347475757,0.00020113632008511524,0.00020113632008511524,0.00015055380696514596
8,0.2,84,0.02376697954864903,0.000164469337735874,0.000164469337735874,0.00015018599258531857
8,0.2,85,0.023650839560042596,0.00018049957874337701,0.00018049957874337701,0.00015219263551046142
8,0.2,86,0.023553546211833386,0.0001917566326957445,0.0001917566326957445,0.00014785334382620393
8,0.2,87,0.02370892146474437,0.00017778231997274223,0.00017778231997274223,0.00014673223821393326
8,0.2,88,0.023887169444404964,0.0001967602682569704,0.0001967602682569704,0.00015422995604698561
8,0.2,89,0.023874237455770622,0.0002045438537782683,0.00020454385377826834,0.00015827410403798626
8,0.2,90,0.023787640370759956,0.00017991515912627428,0.00017991515912627428,0.00014762017456109775
8,0.2,91,0.02386478615972241,0.0001536458004179943,0.00015232931072057504,0.0001536458004179943
8,0.2,92,0.023801914783635178,0.00015325218003769107,0.00015325218003769107,0.0001499379743807342
8,0.2,93,0.02385201905067547,0.0001569364004253833,0.0001569364004253833,0.00014967416123044146
8,0.2,94,0.023925310635258667,0.00016037578156388236,0.0001589512231441695,0.00016037578156388236
8,0.2,95,0.02365621653404368,0.00017650697933759064,0.00017650697933759064,0.00015077231465536697
8,0.2,96,0.023730990605722146,0.0001957313484290315,0.0001957313484290315,0.00015102247748263885
8,0.2,97,0.02364348318728136,0.00019854603626216213,0.00019854603626216216,0.00015039417601262275
8,0.2,98,0.02378221231001602,0.00017332112501798462,0.00017332112501798462,0.00015124616876994204
8,0.2,99,0.02370514150755969,0.00017071694378845715,0.00017071694378845715,0.00014690776627916135
8,0.2,100,0.023589730571581872,0.00015519816904780044,0.00015519816904780047,0.00014717466610138797
8,0.2,101,0.023504460768149164,0.0001513408197097121,0.0001513408197097121,0.00014367733766536094
8,0.2,102,0.02334039425127978,0.00014321144920368683,0.0001242466714850312,0.00014321144920368683
8,0.2,103,0.02361634235731178,0.00014722223217213863,0.00014722223217213863,0.00014585605146875613
8,0.2,104,0.023814718015867962,0.00015109124925222653,0.00015109124925222653,0.0001444241011508848
8,0.2,105,0.02386637522432414,0.00015507261451285133,0.0001306130367120917,0.00015507261451285133
8,0.2,106,0.02386445156382884,0.00015943401881329472,0.00015943401881329472,0.00015424579858670516
8,0.2,107,0.02386485470878403,0.00015407600020395112,0.00013364397049618013,0.00015407600020395112
8,0.2,108,0.023875146947700845,0.00015650874244072424,0.00015650874244072424,0.00015147655753370792
8,0.2,109,0.023983615026408747,0.00015494536765015937,0.00014678568048487166,0.00015494536765015937
8,0.2,110,0.023908571452696585,0.0001471635585033275,0.00014126475287630402,0.0001471635585033275
8,0.2,111,0.023933582013726792,0.00015186740278922849,0.0001484067531980856,0.00015186740278922849
8,0.2,112,0.023849246827809735,0.00015199406970987266,0.00013356448391010206,0.00015199406970987266
8,0.2,113,0.02377783025939193,0.00016379980475865287,0.00016379980475865287,0.0001571167811347197
8,0.2,114,0.023837085414055822,0.0001519140390165994,0.0001496446774069359,0.0001519140390165994
8,0.2,115,0.02365753902015525,0.0001498865759655048,0.00014876718562219858,0.0001498865759655048
8,0.2,116,0.023904018647969077,0.0001621145306273781,0.0001621145306273781,0.000155409851195241
8,0.2,117,0.023888070486458492,0.00015272864632610657,0.00015272864632610657,0.0001476867405167011
8,0.2,118,0.023773054111699072,0.00017321857750239274,0.00017321857750239274,0.00014848942477333667
8,0.2,119,0.023915378515180864,0.00014744584686662588,0.00013551178883653946,0.00014744584686662588
8,0.2,120,0.02383755298921873,0.00015393595620251548,0.0001373456742749866,0.00015393595620251548
8,0.2,121,0.0239114972403216,0.00015604698033764655,0.00015604698033764655,0.00015367374632831523
8,0.2,122,0.02385286821432731,0.0001502970137160931,0.00014363856225575912,0.0001502970137160931
8,0.2,123,0.023703190907118397,0.00015043102153139277,0.00013983826567689768,0.00015043102153139277
8,0.2,124,0.023809870588088918,0.00015780443032816578,0.00014790572653842503,0.00015780443032816578
8,0.2,125,0.023647714589373203,0.00015490468827346915,0.00015490468827346918,0.000150882408215558
8,0.2,126,0.023818850195642973,0.00017193232466864968,0.00017193232466864968,0.000145917063581959
8,0.2,127,0.02378608071925266,0.00014800214868023232,0.00014800214868023235,0.00014520779527630773
8,0.2,128,0.02360301734504063,0.00015316704854815349,0.00013370315366120804,0.00015316704854815349
8,0.2,129,0.02362149847798443,0.00014851614398447377,0.0001229208767541656,0.00014851614398447377
8,0.2,130,0.023484555304042327,0.00014501013785206334,0.00013648913479801753,0.00014501013785206334
8,0.2,131,0.023485293224343767,0.00015020964575927903,0.0001259135306300079,0.00015020964575927903
8,0.2,132,0.02348455329545552,0.00015236672390555396,0.00015236672390555393,0.0001466816090494507
8,0.2,133,0.02346835320024287,0.00015450398731797765,0.00015450398731797765,0.00014520858958698413
8,0.2,134,0.02345507138341924,0.00018091139459766294,0.00018091139459766294,0.0001468327337635327
8,0.2,135,0.023470441940898278,0.00020683308625050448,0.00020683308625050445,0.00014784633798256713
8,0.2,136,0.02361356347289877,0.0002131058321413502,0.0002131058321413502,0.00014588566042847393
8,0.2,137,0.02374246734667522,0.0001792026598550597,0.00017920265985505967,0.0001487131065691878
8,0.2,138,0.023678605668502127,0.0001598759184130564,0.0001598759184130564,0.00014366932993533068
8,0.2,139,0.023616157830778157,0.00014791306472320502,0.00012901165725589928,0.00014791306472320502
8,0.2,140,0.023666702765117596,0.00014872675567639094,0.0001437335609672674,0.00014872675567639094
8,0.2,141,0.023510430711622947,0.00015794799892844723,0.00015794799892844723,0.0001433857421850649
8,0.2,142,0.023529736512649228,0.00014477776816356454,0.0001361316216186274,0.00014477776816356454
8,0.2,143,0.023556050346567017,0.0001538284724962852,0.0001538284724962852,0.00014885960163429367
8,0.2,144,0.023593825289585334,0.0001522630776618169,0.00015154256435476424,0.0001522630776618169
8,0.2,145,0.023609673050125107,0.0001526690981644889,0.00015266909816448888,0.00015096594554458943
8,0.2,146,0.023743559709939997,0.00018733086183505003,0.00018733086183505006,0.00015142330065836328
8,0.2,147,0.023546021578664065,0.00018388107081913007,0.0001838810708191301,0.0001486993638419855
8,0.2,148,0.023461457863637118,0.00018194859457495053,0.00018194859457495053,0.00015049959096872278
8,0.2,149,0.023616357087039384,0.0002035780190556859,0.0002035780190556859,0.00014985427313011558
8,0.2,150,0.023551129668274697,0.00020277391627473933,0.00020277391627473933,0.000152789992229194
8,0.2,151,0.023583976993615512,0.0002082102124808421,0.0002082102124808421,0.0001572297760756631
8,0.2,152,0.02358657983798838,0.0002141400214001182,0.0002141400214001182,0.00015405722287148562
8,0.2,153,0.023581696024854975,0.00019322520122848122,0.00019322520122848122,0.0001530763362399311
8,0.2,154,0.02352887583748164,0.00016721081966484543,0.00016721081966484543,0.00015122510399479298
8,0.2,155,0.023458740584368094,0.000165406025006196,0.00016540602500619597,0.00015240798313636745
8,0.2,156,0.023494197042563014,0.00015777226432007676,0.00015777226432007676,0.00015675910935757066
8,0.2,157,0.023506455671658967,0.0001557883160828159,0.00014931146961926685,0.0001557883160828159
8,0.2,158,0.023752353086540397,0.00017643757592115107,0.00017643757592115107,0.000153029443878534
8,0.2,159,0.023828008407806203,0.00016474567122815666,0.00016474567122815668,0.0001560317273254582
8,0.2,160,0.023771494792611612,0.00016353021339277814,0.00016353021339277817,0.00015743660005006308
8,0.2,161,0.023709528038929516,0.00015169712963301218,0.00014492524146042383,0.00015169712963301218
8,0.2,162,0.023659169041391637,0.00015388003409091345,0.00014155279096087102,0.00015388003409091345
8,0.2,163,0.023784369686627907,0.00016028664180934313,0.00016028664180934313,0.00015607456076906733
8,0.2,164,0.023903003513039704,0.00016376152450887175,0.00016376152450887175,0.00015876101408475752
8,0.2,165,0.023790738955914756,0.00015105272678919758,0.0001490315613362241,0.00015105272678919758
8,0.2,166,0.023828991934988514,0.00016459111485483429,0.00016459111485483429,0.00015006192591915596
8,0.2,167,0.023854239546673005,0.00015510891982290772,0.0001291183295669219,0.00015510891982290772
8,0.2,168,0.023982858314822456,0.0001516231072793499,0.0001184003192101638,0.0001516231072793499
8,0.2,169,0.023888844740906984,0.0001516640690505334,0.0001510552352327115,0.0001516640690505334
8,0.2,170,0.023800366592752722,0.00015018441609142435,0.00015018441609142435,0.0001497296792564182
8,0.2,171,0.02383065279632506,0.0001770712606633222,0.0001770712606633222,0.00015258733092523687
8,0.2,172,0.02386866235812627,0.00020252264204705686,0.00020252264204705686,0.00014874243336521784
8,0.2,173,0.023983029088447357,0.00018111849413299407,0.00018111849413299407,0.00015606942741529004
8,0.2,174,0.023939209172649172,0.00018796154762477606,0.00018796154762477606,0.00015837630248992634
8,0.2,175,0.023915873952004833,0.0001985330373591723,0.0001985330373591723,0.0001583299167961532
8,0.2,176,0.023711656754967104,0.00016162505688656646,0.0001616250568865665,0.0001533907292293928
8,0.2,177,0.023912256255053745,0.00016636573402281293,0.00016636573402281293,0.0001591674557259109
8,0.2,178,0.023898097031902234,0.00017554987651261148,0.00017554987651261148,0.00015382673109390872
8,0.2,179,0.023732848687356714,0.00016579423932098328,0.00016579423932098328,0.00015438622603275402
8,0.2,180,0.023737644956432373,0.00019345414319566555,0.00019345414319566555,0.00015733683375923166
8,0.2,181,0.02388883527930673,0.00020418740284167556,0.00020418740284167556,0.00015298417201169688
8,0.2,182,0.023913887275010384,0.00017763855298310653,0.00017763855298310653,0.00015057056401433617
8,0.2,183,0.023919311976981713,0.00024165587271909192,0.00024165587271909192,0.00015316969677705284
8,0.2,184,0.023769336218116603,0.0002252991691744778,0.0002252991691744778,0.0001506941863398816
8,0.2,185,0.023804898217588723,0.0001856891348146441,0.0001856891348146441,0.00014933639137347068
8,0.2,186,0.023661232473300667,0.00018030726812466252,0.00018030726812466252,0.00014568270390904176
8,0.2,187,0.02376328819377087,0.00018169942987010485,0.00018169942987010485,0.00014671566138464029
8,0.2,188,0.02365369303782174,0.00019871005752847049,0.00019871005752847049,0.00014616482293849407
8,0.2,189,0.02382539034556212,0.0001659711178957291,0.0001659711178957291,0.0001472177481213424
8,0.2,190,0.023705941952717458,0.0001700689534348073,0.0001700689534348073,0.00014932603767995743
8,0.2,191,0.023654740622649557,0.00016655992082413086,0.00016655992082413086,0.0001487108593146306
8,0.2,192,0.023588413242723857,0.00018029404902903385,0.00018029404902903385,0.00014460656236782075
8,0.2,193,0.023495202047705162,0.0001650641171581816,0.0001650641171581816,0.0001493747011734782
8,0.2,194,0.023700763445939653,0.00017057810808999448,0.00017057810808999448,0.00015282967228790652
8,0.2,195,0.023777241618823743,0.0001550111325020249,0.0001521020453256527,0.0001550111325020249
8,0.2,196,0.023652396676371378,0.0001505652565824297,0.00014824262260446888,0.0001505652565824297
8,0.2,197,0.023483382262389815,0.00015025939415307566,0.00014065959786748432,0.00015025939415307566
8,0.2,198,0.023450421115295026,0.00014879730411431074,0.0001438002637111789,0.00014879730411431074
8,0.2,199,0.023648798769891396,0.00015307821660750078,0.00012838993525064962,0.00015307821660750078
8,0.2,200,0.023782762995913097,0.00015557200673648114,0.00010736442641907857,0.00015557200673648114
8,0.2,201,0.023672919368006157,0.00014835868177128132,0.00014233194247226418,0.00014835868177128132
8,0.2,202,0.023800495911325912,0.00016981453080140054,0.00016981453080140054,0.0001461257133133541
8,0.2,203,0.02381336386460322,0.0001665156467322482,0.00016651564673224821,0.00014350695080701779
8,0.2,204,0.02363904786593642,0.00016416824806088928,0.00016416824806088928,0.00014225712132269645
8,0.2,205,0.0235011274335787,0.00015580521594136921,0.0001558052159413692,0.00014616834370464755
8,0.2,206,0.0235365959667378,0.00016107996269517052,0.0001610799626951705,0.00014888929660037374
8,0.2,207,0.023680165796846963,0.0001758335143625455,0.00017583351436254547,0.00015164013548628192
8,0.2,208,0.023807909581088714,0.00019119114438913203,0.00019119114438913203,0.0001512185686086652
8,0.2,209,0.023804409143274495,0.00021058862036207974,0.00021058862036207974,0.00015421619909072857
8,0.2,210,0.02382982299200876,0.00020138491593674527,0.00020138491593674527,0.0001543107715293085
8,0.2,211,0.023916239983963063,0.00016553071305329056,0.00016553071305329056,0.0001585427818870899
8,0.2,212,0.023892896647807454,0.0001716040490820322,0.0001716040490820322,0.00015297204078595325
8,0.2,213,0.023856547547768003,0.00018757059734639687,0.0001875705973463969,0.0001495380311811802
8,0.2,214,0.023615747580289656,0.00018821149856124863,0.00018821149856124863,0.0001557504593804089
8,0.2,215,0.02361204014578875,0.00015684722848287267,0.0001472199384116868,0.00015684722848287267
8,0.2,216,0.023570070134986167,0.0001646597828804064,0.0001646597828804064,0.00015081416379974797
8,0.2,217,0.023537640118615335,0.00016179078421592964,0.00016179078421592964,0.0001543020882411327
8,0.2,218,0.0236027887503985,0.00016318707517325534,0.00016318707517325534,0.00015430911427183143
8,0.2,219,0.023392699337742504,0.00017821613698635477,0.00017821613698635477,0.00015209599189812677
8,0.2,220,0.023648080083605263,0.0001466341830721289,0.00014533350366220123,0.0001466341830721289
8,0.2,221,0.023830808718629595,0.0001516757539980985,0.0001227409351396466,0.0001516757539980985
8,0.2,222,0.023938419295487755,0.0001562023239012218,0.00015620232390122177,0.00015523308571866194
8,0.2,223,0.023841588696882673,0.00018109274115634855,0.00018109274115634855,0.0001566325852003143
8,0.2,224,0.023717282092260282,0.0001568735373364539,0.00015687353733645387,0.00015527346882359585
8,0.2,225,0.023564653484893817,0.00016022081119471124,0.00016022081119471124,0.00014905836984012094
8,0.2,226,0.02359669472639944,0.00016802826787359754,0.00016802826787359754,0.00014876596313637738
8,0.2,227,0.0237855484334885,0.0001584302850847595,0.0001584302850847595,0.00015129743737214783
8,0.2,228,0.02378043817575754,0.00016663571420786447,0.0001666357142078645,0.0001537627790005107
8,0.2,229,0.02365360966368032,0.0001957915453471515,0.0001957915453471515,0.00015048483416222025
8,0.2,230,0.023590253640297734,0.0001891843406167627,0.0001891843406167627,0.0001457816457588453
8,0.2,231,0.023400553237406883,0.00022120688138830926,0.00022120688138830926,0.00014738898380933828
8,0.2,232,0.0234866141344429,0.0001909330586594262,0.0001909330586594262,0.00015226809111289728
8,0.2,233,0.023665007778931546,0.0001973952805940472,0.0001973952805940472,0.00015197332771466385
8,0.2,234,0.0236115276351371,0.0002151113139523603,0.0002151113139523603,0.00015489064937703487
8,0.2,235,0.023604179805638406,0.000202148489801137,0.00020214848980113696,0.0001548539050229175
8,0.2,236,0.023625628050822096,0.0002287878721408049,0.00022878787214080488,0.0001544796262067089
8,0.2,237,0.023606298080638344,0.00019078512173119344,0.00019078512173119344,0.0001586253161851406
8,0.2,238,0.023495338938882677,0.0002030451315221033,0.0002030451315221033,0.00015195202833791628
8,0.2,239,0.02346476342245068,0.00016132861718491014,0.00016132861718491014,0.0001472829291459564
8,0.2,240,0.023536209579235367,0.00017923498759241265,0.00017923498759241267,0.0001496467593170514
8,0.2,241,0.02351261841449542,0.0001632007811146707,0.0001632007811146707,0.00015346030559788934
8,0.2,242,0.02365425623765061,0.00014753485371675972,0.0001392169887551842,0.00014753485371675972
8,0.2,243,0.02352013160839167,0.00014826833452322212,0.00014826833452322212,0.0001390758672368258
8,0.2,244,0.02345624126069949,0.00014077624697648541,0.00011993772659175311,0.00014077624697648541
8,0.2,245,0.023575585502245273,0.00014913917113917587,0.00013647038157591442,0.00014913917113917587
8,0.2,246,0.023474417300916782,0.00015424742735114142,0.00013935726396051873,0.00015424742735114142
8,0.2,247,0.023575933167185543,0.00015452025684825036,0.00015452025684825036,0.00015380852062638832
8,0.2,248,0.023472784927987694,0.00018588732168945234,0.00018588732168945234,0.0001498202922813995
8,0.2,249,0.02349464201244602,0.0001777170276259815,0.00017771702762598153,0.00014372422532317835
8,0.2,250,0.02342370163470954,0.00014596354266495584,0.0001427173704508354,0.00014596354266495584
8,0.2,251,0.02341884179770252,0.000151992440101707,0.00013639066294496578,0.000151992440101707
8,0.2,252,0.023432519988378402,0.00014849341562088718,0.0001286574889043779,0.00014849341562088718
8,0.2,253,0.023583521589267006,0.00015187629582880338,0.00014730439875450078,0.00015187629582880338
8,0.2,254,0.023513592162554633,0.00017427884371761011,0.00017427884371761011,0.00014827704708153026
8,0.2,255,0.02348310738275856,0.00016925429775364726,0.00016925429775364723,0.00015093361113225696
8,0.2,256,0.023479547037177768,0.0001886889791800056,0.0001886889791800056,0.00014855920440022115
8,0.2,257,0.02352247489172758,0.00018281670922681132,0.00018281670922681132,0.00014889599895489565
8,0.2,258,0.023504452667466716,0.00016903704920278378,0.00016903704920278378,0.00014787704497920697
8,0.2,259,0.023538036700704267,0.00018106267843849682,0.00018106267843849685,0.00015141836288653176
8,0.2,260,0.023523764392473074,0.00018403528599158893,0.00018403528599158895,0.00015141289679224083
8,0.2,261,0.023593030326038274,0.00019299706602876184,0.00019299706602876184,0.0001528043262099011
8,0.2,262,0.023583467660650722,0.00017474013046398396,0.00017474013046398396,0.00015874153182374862
8,0.2,263,0.023516114925273612,0.00018267627248031408,0.00018267627248031405,0.0001512898617644032
8,0.2,264,0.02342797899835792,0.00015642116929419727,0.00015642116929419727,0.000142495178977455
8,0.2,265,0.02355908457281534,0.00014428778135649618,0.00013615699158478782,0.00014428778135649618
8,0.2,266,0.023646664925910093,0.0001660824749308878,0.0001660824749308878,0.00015085192561733787
8,0.2,267,0.02371554962318191,0.00015896770113199156,0.0001480495393938038,0.00015896770113199156
8,0.2,268,0.023704339840555557,0.00016107453073039313,0.00016107453073039313,0.0001538573861973524
8,0.2,269,0.023948948217774404,0.00016059301567694642,0.00014236156057125565,0.00016059301567694642
8,0.2,270,0.023869145333397283,0.0001511986798279828,0.00014537594825960004,0.0001511986798279828
8,0.2,271,0.023938898861177137,0.00018783561511981738,0.00018783561511981738,0.00015391744380314752
8,0.2,272,0.023883857969712673,0.00015723330867355528,0.00015723330867355528,0.0001555347305853868
8,0.2,273,0.023741018826602844,0.00015725457446601914,0.00015283903232172284,0.00015725457446601914
8,0.2,274,0.023732658403435452,0.00016089829647729893,0.0001608982964772989,0.00014944551612707942
8,0.2,275,0.023811660689221692,0.0001714233934283553,0.0001714233934283553,0.00014730437947898774
8,0.2,276,0.023802516886171125,0.000179938914097897,0.00017993891409789697,0.00015167706172009894
8,0.2,277,0.02385397823663711,0.00015686878104438997,0.00015686878104439,0.00015246765388903205
8,0.2,278,0.02353042374283297,0.00016303028122037047,0.00016303028122037047,0.00014618400647241735
8,0.2,279,0.023587087456243837,0.0001593728031961231,0.0001593728031961231,0.0001474119797794565
8,0.2,280,0.023786745525965564,0.0001727843875136821,0.00017278438751368213,0.00015690936799135584
8,0.2,281,0.023773144335113603,0.00018634409021812856,0.00018634409021812856,0.00015755961978894666
8,0.2,282,0.023600635168824657,0.00018652986433476438,0.00018652986433476435,0.00015827419026641712
8,0.2,283,0.02352351498280327,0.0001943557234026559,0.00019435572340265593,0.0001562741320772444
8,0.2,284,0.023566907270629357,0.00015116409172141713,0.00015116409172141713,0.00015033780460257313
8,0.2,285,0.02358340915951212,0.0001895403248661232,0.00018954032486612324,0.00015429520177244764
8,0.2,286,0.02358949472496663,0.00019501814614648593,0.00019501814614648593,0.00015897579433056457
8,0.2,287,0.023586113219015176,0.0001682884319274343,0.0001682884319274343,0.00015361565681796036
8,0.2,288,0.023686402978550316,0.0001823297643523424,0.0001823297643523424,0.00015893465716179436
8,0.2,289,0.023657410258707493,0.00018454043305660058,0.00018454043305660058,0.00015857154024676883
8,0.2,290,0.023646132664397933,0.0002160675053876068,0.0002160675053876068,0.00015325609796516877
8,0.2,291,0.02362092705182857,0.0001698015623568428,0.00016980156235684278,0.0001549976949273541
8,0.2,292,0.023489694576777315,0.00016842346629097305,0.00016842346629097302,0.00014982507079550989
8,0.2,293,0.02357369586995999,0.00015773024727819057,0.00013445676037025545,0.00015773024727819057
8,0.2,294,0.023648533456646685,0.00015087676733380683,0.00014694831716079848,0.00015087676733380683
8,0.2,295,0.02373250781065533,0.0001545548623820634,0.0001458826901585227,0.0001545548623820634
8,0.2,296,0.023681881249212892,0.0001595089752341466,0.0001595089752341466,0.00015296414203695474
8,0.2,297,0.023530702783088924,0.00014796337309154716,0.00013434905856952051,0.00014796337309154716
8,0.2,298,0.023569806471005598,0.00014946718861022517,0.00014308806173386117,0.00014946718861022517
8,0.2,299,0.02368026878358749,0.0001681679979015962,0.0001681679979015962,0.0001496589977903418
8,0.2,300,0.02359685974003939,0.00015567522756681866,0.00014757567136272875,0.00015567522756681866
8,0.2,301,0.0236754960828828,0.00016050079750122798,0.00016050079750122795,0.00015168783978304767
8,0.2,302,0.023697364075653492,0.00018319390818022257,0.00018319390818022257,0.00015737382088873704
8,0.2,303,0.02373644793383145,0.00017232316633060358,0.00017232316633060358,0.00015560471761580356
8,0.2,304,0.023679680599726614,0.00016989337428652878,0.00016989337428652878,0.00015129415218611753
8,0.2,305,0.023629644002930057,0.00016312568751826378,0.00016312568751826378,0.00015407924791206552
8,0.2,306,0.023621453835374596,0.0001877793452185491,0.0001877793452185491,0.00015304871550669738
8,0.2,307,0.023737384533185656,0.00015476475964511143,0.00015476475964511143,0.0001487247050620957
8,0.2,308,0.02351090806305771,0.00014029841643102626,0.0001392878401616499,0.00014029841643102626
8,0.2,309,0.023531865716761045,0.00017558243724451162,0.00017558243724451162,0.00014209610509233534
8,0.2,310,0.023451144445661275,0.00015101068924131176,0.00015101068924131176,0.0001489793392428708
8,0.2,311,0.023665599766244584,0.0001633807757759849,0.0001633807757759849,0.00015081558278427128
8,0.2,312,0.023787612272957483,0.00015326169725408883,0.00013936606767484032,0.00015326169725408883
8,0.2,313,0.023866012724414985,0.00017133340769643525,0.00017133340769643525,0.00015795811345194132
8,0.2,314,0.02375657125777533,0.00020523840653011074,0.00020523840653011077,0.0001632703825220102
8,0.2,315,0.023768195132282947,0.00016347737305743152,0.0001634773730574315,0.00015912470293801158
8,0.2,316,0.023753373817406668,0.00015927428959680164,0.00015927428959680164,0.00015742057576837712
8,0.2,317,0.023719105318738075,0.0001644435460025532,0.0001644435460025532,0.00015498555098367783
8,0.2,318,0.023658666728984708,0.00016810243190299806,0.00016810243190299806,0.000153633719316474
8,0.2,319,0.02374563508599404,0.00018327016389806293,0.00018327016389806293,0.00015159147220073041
8,0.2,320,0.023610482294632515,0.00019474845439128842,0.00019474845439128842,0.00015701231270410775
8,0.2,321,0.023692077130313342,0.00017603269025072128,0.0001760326902507213,0.00015728633257561185
8,0.2,322,0.023569903388906566,0.00016252839029070066,0.0001625283902907007,0.00015039003326934664
8,0.2,323,0.0236543074082331,0.00016548597447987062,0.00016548597447987062,0.00015363385847216
8,0.2,324,0.023636553980882023,0.00018117319823494904,0.00018117319823494904,0.0001553901507439658
8,0.2,325,0.023579090590917326,0.00018043381480549624,0.00018043381480549624,0.0001503812953224433
8,0.2,326,0.02366096424153028,0.00017788766867030573,0.00017788766867030573,0.00015072868129358685
8,0.2,327,0.023640166506352252,0.00016988933029042584,0.00016988933029042584,0.0001481859020690838
8,0.2,328,0.023686694895990863,0.00016338896990142202,0.00016338896990142202,0.00014810471396835482
8,0.2,329,0.023542006553307664,0.00018621258304182502,0.00018621258304182502,0.0001477193553213916
8,0.2,330,0.02349265497349765,0.00017437835305771882,0.00017437835305771882,0.00014338881759891667
8,0.2,331,0.02355909721447403,0.00014839269662193493,0.00013930537004544903,0.00014839269662193493
8,0.2,332,0.02360123419002832,0.00016844413163994988,0.00016844413163994988,0.00015561091297965578
8,0.2,333,0.02364409495728064,0.0001954394798871778,0.00019543947988717776,0.0001520069222917853
8,0.2,334,0.02386118653180757,0.0001983568682268088,0.0001983568682268088,0.0001528666785973232
8,0.2,335,0.023893654051060642,0.00020935728728686687,0.00020935728728686687,0.00015828485438484173
8,0.2,336,0.023869199104427825,0.0001895787175408767,0.0001895787175408767,0.00015564873246824904
8,0.2,337,0.023988562489234744,0.00019095043061509543,0.00019095043061509543,0.00015888979125380814
8,0.2,338,0.023807530628914542,0.0001912205218055359,0.0001912205218055359,0.00015676114037607662
8,0.2,339,0.02363129665192646,0.00016091378473185607,0.00016091378473185607,0.00015362354140468863
8,0.2,340,0.023604707592692415,0.0001586037308038597,0.00015697469872331395,0.0001586037308038597
8,0.2,341,0.02355945877016514,0.00015335941825573107,0.00015172564845829966,0.00015335941825573107
8,0.2,342,0.023508701042076908,0.00015556192903328744,0.00015556192903328747,0.0001475371204831587
8,0.2,343,0.02335072394869934,0.00015235739359399845,0.00015235739359399845,0.00014971190997190375
8,0.2,344,0.02338121220605549,0.00016411274656314098,0.00016411274656314098,0.0001488807594574413
8,0.2,345,0.023589895256148644,0.00014682896658836387,0.00014021400678813258,0.00014682896658836387
8,0.2,346,0.02377870680725719,0.00016218015596734407,0.00016218015596734407,0.00015090959033803143
8,0.2,347,0.023698260180525895,0.000146760206736237,0.00011785535981817562,0.000146760206736237
8,0.2,348,0.02379176581740583,0.00015338970691193432,0.00013859627967004092,0.00015338970691193432
8,0.2,349,0.023712714413410392,0.00017114188893497178,0.00017114188893497178,0.0001515696581220976
8,0.2,350,0.02390291958060938,0.00018665162055624346,0.0001866516205562435,0.00014816433983030233
8,0.2,351,0.023876953954709068,0.0001829076009675901,0.0001829076009675901,0.00015423771249650385
8,0.2,352,0.023868167660881887,0.0001944851352617437,0.00019448513526174367,0.0001512083314971401
8,0.2,353,0.02377872198734406,0.0001737476879351456,0.00017374768793514556,0.00015024699067795117
8,0.2,354,0.02364463569242914,0.00016515892625711015,0.00016515892625711015,0.00015055721652070233
8,0.2,355,0.0237258239857256,0.00019744928064596774,0.00019744928064596774,0.0001534831083680944
8,0.2,356,0.023733588023981067,0.0001993770449599995,0.0001993770449599995,0.0001546680008881271
8,0.2,357,0.023652400655729895,0.0001680145712218101,0.0001680145712218101,0.00014848999418953448
8,0.2,358,0.023597884557517976,0.00018152842614559022,0.00018152842614559022,0.00015079125274809017
8,0.2,359,0.023720693297354205,0.00020368461672827133,0.00020368461672827133,0.00015824564080931926
8,0.2,360,0.023775030904422786,0.00019636108626183569,0.00019636108626183569,0.00015921453360738028
8,0.2,361,0.023895234449214996,0.00019327737979962607,0.00019327737979962607,0.0001616040517994568
8,0.2,362,0.023928554854815414,0.00019989626279496992,0.00019989626279496992,0.0001567933908944274
8,0.2,363,0.02395865091824829,0.0002077516895807025,0.00020775168958070251,0.0001568942336432926
8,0.2,364,0.0240960149115336,0.0001737157408986017,0.00017371574089860168,0.0001537740783998179
8,0.2,365,0.02395647073486485,0.00016655151201109024,0.00016655151201109024,0.00015040528841075973
8,0.2,366,0.02377171206551505,0.0001731433302129339,0.0001731433302129339,0.0001544450102662057
8,0.2,367,0.023804785174404618,0.00020357618133502573,0.00020357618133502573,0.0001556765254398545
8,0.2,368,0.02374760661719095,0.00017362009030091852,0.00017362009030091852,0.00015105957653467088
8,0.2,369,0.023750138772264374,0.00017077904292506107,0.00017077904292506107,0.0001523412601638324
8,0.2,370,0.023814857000501486,0.00015779872235332834,0.00013992405880528327,0.00015779872235332834
8,0.2,371,0.02382432994353014,0.00015136357144997058,0.00014855110069488485,0.00015136357144997058
8,0.2,372,0.023726778667597512,0.00015130506229915617,0.0001430440241368179,0.00015130506229915617
8,0.2,373,0.0237552724794324,0.00015502716665678287,0.00014555008776792752,0.00015502716665678287
8,0.2,374,0.023732891095191545,0.00015335112725737028,0.0001398842172904625,0.00015335112725737028
8,0.2,375,0.023605401282808528,0.00017905422777774927,0.0001790542277777493,0.00015227791159645802
8,0.2,376,0.02357426146671324,0.00019465355744073472,0.00019465355744073472,0.00014981273899137155
8,0.2,377,0.02374766676871764,0.00016447071772705054,0.00016447071772705054,0.0001518739572509504
8,0.2,378,0.023765570686263043,0.00016867889223336072,0.00016867889223336075,0.00015453260096564555
8,0.2,379,0.023608413012162262,0.00015339138341801891,0.00015339138341801894,0.00014989201941462
8,0.2,380,0.023698921398386648,0.00019717542693374046,0.00019717542693374046,0.00015224019565860346
8,0.2,381,0.02350351949976111,0.00016807866705978298,0.00016807866705978298,0.00014995839297645024
8,0.2,382,0.023820292205853834,0.00017847853775450074,0.00017847853775450074,0.0001526324598627859
8,0.2,383,0.023700208052250118,0.00015884337740969566,0.00015884337740969566,0.00015021617683029655
8,0.2,384,0.023660568756384597,0.0001599589929001304,0.0001599589929001304,0.00014860905511717378
8,0.2,385,0.0235697889394404,0.0001523283417247696,0.0001523283417247696,0.00014653952445596398
8,0.2,386,0.023420363813790795,0.0001528889907054894,0.0001528889907054894,0.0001462565623935865
8,0.2,387,0.02364475337053059,0.00018998072658504476,0.00018998072658504476,0.0001437927456720241
8,0.2,388,0.02358501193902148,0.0001488283901510305,0.0001488283901510305,0.00014434294179181323
8,0.2,389,0.02352227582037544,0.00016193798695420905,0.00016193798695420905,0.0001399506383933311
8,0.2,390,0.02369211222252212,0.00015051785053030555,0.00015051785053030552,0.00014383127538142247
8,0.2,391,0.023624257208716186,0.00015116782363474362,0.00015116782363474362,0.00014493366315831662
8,0.2,392,0.023663993968912913,0.0001797814166664941,0.00017978141666649406,0.00014410722775335478
8,0.2,393,0.023678775149448175,0.00017977501952663724,0.00017977501952663724,0.0001576652076992564
8,0.2,394,0.02348966875306634,0.00015839815360686643,0.00015765345667904788,0.00015839815360686643
8,0.2,395,0.023512365392108815,0.00019457761419819011,0.00019457761419819014,0.00015355414885551136
8,0.2,396,0.023746571567758352,0.0001577928223307544,0.0001577928223307544,0.00015287620173655845
8,0.2,397,0.02375086250367653,0.0001654145119224198,0.0001654145119224198,0.00014930996799224032
8,0.2,398,0.02375257133713027,0.0001938604939693915,0.00019386049396939148,0.00014819763743734887
8,0.2,399,0.023769440989124212,0.00017616619764813257,0.0001761661976481326,0.00015271069964637536
8,0.2,400,0.023678703157179667,0.00016448211776655213,0.00016448211776655213,0.00015601758529180108
8,0.2,401,0.023719261227375384,0.00018290004257904863,0.0001829000425790486,0.00015686853180882634
8,0.2,402,0.023605795088225603,0.00019397437661503858,0.00019397437661503858,0.00014826321400477488
8,0.2,403,0.023598630667265218,0.00019027987091924328,0.00019027987091924326,0.0001529623679068237
8,0.2,404,0.02368544756101367,0.00018263075426633166,0.00018263075426633166,0.00015154454777445404
8,0.2,405,0.023594973567115218,0.00017117453109297267,0.00017117453109297264,0.00014763395339820084
8,0.2,406,0.023717779254751728,0.0001939229768445841,0.0001939229768445841,0.00015398224194465994
8,0.2,407,0.023886359361829004,0.0001728157856213038,0.0001728157856213038,0.00015219219353720202
8,0.2,408,0.023648576911132584,0.00020385590141604542,0.00020385590141604545,0.00015627130443036507
8,0.2,409,0.02353951833934832,0.00020452176102722658,0.0002045217610272266,0.0001466727658260298
8,0.2,410,0.023535541607627056,0.0001694062330380421,0.0001694062330380421,0.00015176138220928585
8,0.2,411,0.02339551052558844,0.00020077866303389418,0.00020077866303389418,0.00015327483056111666
8,0.2,412,0.023519902007588432,0.0002040998483744683,0.0002040998483744683,0.00014632424169019474
8,0.2,413,0.023450876002830055,0.00020498441021509883,0.00020498441021509883,0.00013983181275018265
8,0.2,414,0.023496724439177767,0.00020682392404480098,0.00020682392404480096,0.00014156050085183764
8,0.2,415,0.023296982473108054,0.0001700630434271899,0.0001700630434271899,0.00014155337188201156
8,0.2,416,0.023408404054645796,0.00014502075313339014,0.00014265661512934637,0.00014502075313339014
8,0.2,417,0.023405160792968876,0.00016464118247951193,0.00016464118247951193,0.0001466816217920308
8,0.2,418,0.023485618489801536,0.00015402981110794586,0.00015402981110794584,0.0001531678047730422
8,0.2,419,0.023651717043873532,0.0001599319071556571,0.00013329286636771623,0.0001599319071556571
8,0.2,420,0.02380384375204537,0.000159825142184976,0.0001561966764766414,0.000159825142184976
8,0.2,421,0.023672844603384428,0.00017722784814356432,0.00017722784814356432,0.00015905570540937863
8,0.2,422,0.02369276938214757,0.00018536257646572092,0.0001853625764657209,0.00015399718755343162
8,0.2,423,0.023788292791946903,0.00019147763690677223,0.00019147763690677223,0.00015517460538954465
8,0.2,424,0.02388614045612395,0.00019481298914020254,0.00019481298914020252,0.00015669376876906125
8,0.2,425,0.02382085611312882,0.00018615163385678684,0.00018615163385678684,0.00015168134887461821
8,0.2,426,0.023706873974063895,0.00017883359540594483,0.00017883359540594483,0.00015770005794409035
8,0.2,427,0.02369961422801331,0.00020798144406752961,0.00020798144406752961,0.0001623977198781909
8,0.2,428,0.023773313408127394,0.00019376029376201367,0.0001937602937620137,0.00015311032974817194
8,0.2,429,0.023777899453736418,0.0001979984153024465,0.0001979984153024465,0.0001530326103329895
8,0.2,430,0.023705356940106167,0.00020340271120307429,0.00020340271120307429,0.00015646410594012146
8,0.2,431,0.02383565779500513,0.00018662212751729057,0.00018662212751729057,0.0001557235385930728
8,0.2,432,0.023800967522868675,0.00020646929700637558,0.00020646929700637558,0.00015583812165125284
8,0.2,433,0.023769607740989407,0.0002039612824212659,0.00020396128242126588,0.00015795000495310617
8,0.2,434,0.023646485773063317,0.00021469725985714225,0.00021469725985714225,0.00015626643262483712
8,0.2,435,0.023678248876909835,0.00021921200486829664,0.00021921200486829664,0.00015510300320639259
8,0.2,436,0.023937387583529663,0.00022132173735623856,0.00022132173735623856,0.00015967353893561804
8,0.2,437,0.024022973254855504,0.00018571226896246654,0.00018571226896246654,0.00016308617750834665
8,0.2,438,0.023881211223618047,0.0001798122193461677,0.0001798122193461677,0.00015804222260851585
8,0.2,439,0.023716529074489113,0.00019388680058668095,0.00019388680058668095,0.00015713892521905342
8,0.2,440,0.023708829882906308,0.00019910412262701114,0.0001991041226270111,0.00015841972020679319
8,0.2,441,0.02378665805667235,0.00023152874171180934,0.00023152874171180932,0.00015877165409052107
8,0.2,442,0.02374257907009399,0.00018923119317832568,0.00018923119317832565,0.0001587490242985654
8,0.2,443,0.023679884120684766,0.0001749501368440151,0.00017495013684401512,0.00015557259545778278
8,0.2,444,0.023618959258011614,0.0001589216315863496,0.00015892163158634962,0.00015474491012279184
8,0.2,445,0.023786348599189395,0.00015249804420124565,0.00014988101957649536,0.00015249804420124565
8,0.2,446,0.023889420218867332,0.0001618501215740093,0.0001618501215740093,0.00015229713953577738
8,0.2,447,0.02385892692551535,0.00014705517278393237,0.00013921151609184938,0.00014705517278393237
8,0.2,448,0.023782480091925195,0.00015079172753651413,0.00012966210146907864,0.00015079172753651413
8,0.2,449,0.02385629395927098,0.00015043077689343487,0.00012254589477702957,0.00015043077689343487
8,0.2,450,0.02389344319508838,0.00015517909205182067,0.00013089580005630383,0.00015517909205182067
8,0.2,451,0.023859432933596474,0.0001769843565955678,0.0001769843565955678,0.00015601230136542624
8,0.2,452,0.02379429839736775,0.00015398229103499964,0.0001539822910349996,0.00015188931315109088
8,0.2,453,0.023842667809541432,0.0001670607681079912,0.0001670607681079912,0.00015688768699802138
8,0.2,454,0.02381183670664277,0.0001562568369248401,0.00013904676367081567,0.0001562568369248401
8,0.2,455,0.023732400432248568,0.00019001573205901882,0.00019001573205901882,0.00015512140195422878
8,0.2,456,0.023767587218326405,0.0001980362624933193,0.00019803626249331933,0.0001526773947610846
8,0.2,457,0.023776931567644974,0.00017989747833620982,0.0001798974783362098,0.0001567630012449734
8,0.2,458,0.023663985203428477,0.00020099778229337067,0.00020099778229337067,0.00015754656446096435
8,0.2,459,0.02365526527075259,0.00019812974245924552,0.00019812974245924552,0.00015925429172484502
8,0.2,460,0.023629282828336498,0.0002059169626557199,0.00020591696265571987,0.00015996008438171877
8,0.2,461,0.023818627572794474,0.00020000284728502365,0.00020000284728502362,0.00015920285633533145
8,0.2,462,0.02386683027708656,0.0002160460549108653,0.0002160460549108653,0.00015776095336964187
8,0.2,463,0.02390432181926523,0.0002388445245625616,0.0002388445245625616,0.00016111972142484742
8,0.2,464,0.023790269620129322,0.00022631640471045575,0.00022631640471045575,0.00015433855331437385
8,0.2,465,0.023833782616684528,0.00023103360701580753,0.00023103360701580753,0.000158047636036103
8,0.2,466,0.023794867486848798,0.00021390096033730194,0.00021390096033730194,0.000153979892525711
8,0.2,467,0.023589387177736523,0.00020755984449863894,0.00020755984449863894,0.00015708971837242867
8,0.2,468,0.02368925414685498,0.00019119749600309213,0.0001911974960030921,0.00014966873393043107
8,0.2,469,0.023747452507778623,0.0001628966675462134,0.0001628966675462134,0.00015216583448748115
8,0.2,470,0.023780865919441993,0.00015791836838863847,0.00015791836838863847,0.00015606829313742087
8,0.2,471,0.02385028091390564,0.00017283286292609388,0.00017283286292609385,0.00016382867737719216
8,0.2,472,0.023969201465138694,0.00016637152139202361,0.00016637152139202361,0.00016180402462540709
8,0.2,473,0.02403727058442061,0.00018580866602258304,0.00018580866602258304,0.0001569429606788
8,0.2,474,0.024162457372507985,0.00016845401834216387,0.00016845401834216387,0.0001560687949318346
8,0.2,475,0.02387262234344236,0.0001814897239819851,0.0001814897239819851,0.0001533543635530624
8,0.2,476,0.023673101197942473,0.0001870594583784351,0.0001870594583784351,0.00015385714595122179
8,0.2,477,0.02368904860801463,0.0002052855478507896,0.00020528554785078962,0.00015518136796385768
8,0.2,478,0.023715307669060895,0.0001680971951152552,0.0001680971951152552,0.00015730875918953366
8,0.2,479,0.023722538119326998,0.0001570266276186435,0.00014833502737812953,0.0001570266276186435
8,0.2,480,0.02379703939381531,0.00016927109768787648,0.00016927109768787648,0.00015890384664695405
8,0.2,481,0.02388494357764541,0.00019179041738116558,0.00019179041738116558,0.00016151110209787457
8,0.2,482,0.02404571935300726,0.00017241135065512877,0.00017241135065512874,0.00016375637053729565
8,0.2,483,0.024091573780669465,0.00016031051680812664,0.00015280359383618494,0.00016031051680812664
8,0.2,484,0.02394927405932429,0.00018079414057872134,0.00018079414057872134,0.00015089170682718272
8,0.2,485,0.023926952178289888,0.00019970781521999712,0.00019970781521999714,0.00015085234276748251
8,0.2,486,0.023637261092295962,0.000184402427172068,0.000184402427172068,0.00014709561256779025
8,0.2,487,0.023687256835110537,0.0001648424815928542,0.0001648424815928542,0.00014753065355811585
8,0.2,488,0.02354309694981867,0.00015201868973258617,0.0001230879524254045,0.00015201868973258617
8,0.2,489,0.02356265300391865,0.00016372858463004262,0.00016372858463004262,0.0001479477256246999
8,0.2,490,0.023545403943575297,0.00017571693772959186,0.00017571693772959184,0.000158688536431369
8,0.2,491,0.023611279506393704,0.00015103699373033132,0.0001427016512030163,0.00015103699373033132
8,0.2,492,0.023790451981106017,0.00018708000052997995,0.00018708000052997995,0.00014538860014990705
8,0.2,493,0.023740554585892085,0.00015558294405776764,0.00015558294405776762,0.0001417613273318955
8,0.2,494,0.02370151540906334,0.00017606902601241355,0.00017606902601241355,0.0001433904576587514
8,0.2,495,0.02364765086514265,0.0001908152079824267,0.0001908152079824267,0.00015485708790503882
8,0.2,496,0.023564563842245666,0.00016447796938719487,0.00016447796938719487,0.0001561732474932722
8,0.2,497,0.02380747610738813,0.0001714064353685922,0.0001714064353685922,0.00015479754676926284
8,0.2,498,0.023568856666684748,0.00015424524343895474,0.00013107164159141844,0.00015424524343895474
8,0.2,499,0.023806317524003532,0.00016460302223583439,0.0001646030222358344,0.0001513817569034697
8,0.2,500,0.02374172513169063,0.0001712955183183507,0.00017129551831835066,0.00014918730612418647
8,0.3,0,0.08260630578675557,0.00024517704680215277,0.00024517704680215277,0.0002408840644967242
8,0.3,1,0.05060310415831592,0.00024729811556735133,0.000227595398649753,0.00024729811556735133
8,0.3,2,0.037334639387104324,0.00021405149132856154,0.00017948310058562582,0.00021405149132856154
8,0.3,3,0.0310461351401139,0.00019073568694005061,0.00016482887097845752,0.00019073568694005061
8,0.3,4,0.027945686522396148,0.00018233273541470402,0.0001603869951825486,0.00018233273541470402
8,0.3,5,0.0259946997829527,0.0001674518888470832,0.0001549163724848262,0.0001674518888470832
8,0.3,6,0.0249073360799326,0.00015685713738489192,0.00015352575396032685,0.00015685713738489192
8,0.3,7,0.024138009258095377,0.0001528306411997141,0.00013389428033691738,0.0001528306411997141
8,0.3,8,0.023594561629116932,0.00014754487705574142,0.0001475448770557414,0.00014604849706495015
8,0.3,9,0.02336090546061189,0.00016108784216027318,0.00016108784216027318,0.0001460380557293605
8,0.3,10,0.023118084390117182,0.00014617575161181038,0.00014617575161181038,0.00014571860333271701
8,0.3,11,0.02306203755548378,0.00014243543227451282,0.00013078629957725773,0.00014243543227451282
8,0.3,12,0.022970454446491158,0.00013713214119816605,0.00012040641778498622,0.00013713214119816605
8,0.3,13,0.02289644294307009,0.00014958680881107917,0.00014958680881107917,0.00014024436328298793
8,0.3,14,0.022903876489525323,0.00014026496789250922,0.0001281696914821791,0.00014026496789250922
8,0.3,15,0.02278173810268167,0.00014936546233823285,0.00014936546233823285,0.0001447968577461195
8,0.3,16,0.022717736011189996,0.00014899538517921374,0.00014899538517921374,0.00014021627297673654
8,0.3,17,0.02267759134454755,0.00012951422614734863,9.87837542643849e-05,0.00012951422614734863
8,0.3,18,0.022653892217685396,0.0001349831719440579,0.0001349831719440579,0.0001327382245851318
8,0.3,19,0.02261727491188888,0.00013753260367027184,0.00013567174259710249,0.00013753260367027184
8,0.3,20,0.02274036782037677,0.00014199268857828564,0.00014199268857828564,0.00013760594369471274
8,0.3,21,0.022697546553378873,0.00016679880392514486,0.00016679880392514484,0.00013835862115545356
8,0.3,22,0.02263583702047816,0.00015201689985004356,0.00015201689985004356,0.0001373735483209081
8,0.3,23,0.022521456818781548,0.0001348777563555552,0.00012291854965947835,0.0001348777563555552
8,0.3,24,0.022717668395602787,0.00017268748048823393,0.00017268748048823393,0.00013674420936210714
8,0.3,25,0.022704486283003675,0.00015310512801686092,0.00015310512801686092,0.00013489599806487267
8,0.3,26,0.022650749300102947,0.00016212422111705173,0.00016212422111705173,0.00013294328254731782
8,0.3,27,0.02269569082454701,0.00013806741845012356,0.00013806741845012356,0.00013215077101013702
8,0.3,28,0.022599634714299474,0.00014441240761296065,0.00014441240761296065,0.0001349679833065989
8,0.3,29,0.022502229447469397,0.0001350748019203447,0.0001350748019203447,0.0001313427379614936
8,0.3,30,0.022542922531850546,0.0001556527039437464,0.0001556527039437464,0.00013365333779648833
8,0.3,31,0.022543120529768416,0.00013394661881206015,0.00013394661881206015,0.0001327889096434744
8,0.3,32,0.02245854083413111,0.0001381013892077194,0.00013810138920771942,0.00013449711952540964
8,0.3,33,0.022320607379797946,0.00012769389295088173,0.00012769389295088173,0.0001272524356054948
8,0.3,34,0.022335616410603165,0.00013237414907706215,0.00011860133403455594,0.00013237414907706215
8,0.3,35,0.0224729454743058,0.0001355631417149986,0.0001280892715411944,0.0001355631417149986
8,0.3,36,0.02250094200926226,0.00013554875544281224,0.00013115713651314662,0.00013554875544281224
8,0.3,37,0.02259211164274796,0.00013941467666781345,0.0001374535026383825,0.00013941467666781345
8,0.3,38,0.022547815135195264,0.00013731109800474913,0.00013731109800474913,0.00013344552592723633
8,0.3,39,0.022521058394896803,0.00013555016607133292,0.00013412361942420574,0.00013555016607133292
8,0.3,40,0.022667629125655793,0.00014375363575969932,0.00014375363575969932,0.0001320320519514418
8,0.3,41,0.022626260220546996,0.00013430250658580533,0.00013297431157871138,0.00013430250658580533
8,0.3,42,0.022615418521034058,0.00013693421444373714,0.00011843161931076686,0.00013693421444373714
8,0.3,43,0.0226040394878005,0.00013331390638155383,0.00013306763667393748,0.00013331390638155383
8,0.3,44,0.022631135147159778,0.00013552982061259102,0.00013552982061259105,0.00013216566782138056
8,0.3,45,0.022654458515468816,0.00014956040248811833,0.00014956040248811833,0.0001331556363204094
8,0.3,46,0.022485082831730355,0.0001328894832710938,0.00013288948327109376,0.0001323191184349015
8,0.3,47,0.022639377006083296,0.00016396792683975593,0.00016396792683975596,0.00013563369995610205
8,0.3,48,0.0224713633963072,0.00013867360222153107,0.0001342386245361318,0.00013867360222153107
8,0.3,49,0.022588014162105496,0.00013270088227588622,0.00011659033441650269,0.00013270088227588622
8,0.3,50,0.022630383735479157,0.0001427954904215106,0.0001427954904215106,0.00013182711410491383
8,0.3,51,0.022698799779052682,0.00013867324289191588,0.0001235189440943232,0.00013867324289191588
8,0.3,52,0.022849035977269446,0.00013405051864971547,0.00010723831437620105,0.00013405051864971547
8,0.3,53,0.02299841911372679,0.00013348256382075688,0.00013332650140834054,0.00013348256382075688
8,0.3,54,0.02272849158228169,0.00015375545272318494,0.00015375545272318494,0.0001397639083971911
8,0.3,55,0.022683481995900742,0.00015875161306330005,0.00015875161306330008,0.0001382395971448015
8,0.3,56,0.02254887992020809,0.00017745794932277488,0.00017745794932277488,0.00013945522300718753
8,0.3,57,0.022518367744663165,0.00014629202498620824,0.0001462920249862082,0.00014265272744425905
8,0.3,58,0.02255257391909207,0.00016508518647403007,0.00016508518647403005,0.00014233992555172403
8,0.3,59,0.02264158927961025,0.00013553134483622087,0.00012473730412285202,0.00013553134483622087
8,0.3,60,0.02277504096477152,0.00013481365444857317,0.00012781369439093026,0.00013481365444857317
8,0.3,61,0.022889446770610482,0.00013710902043550873,0.00011966448878533355,0.00013710902043550873
8,0.3,62,0.022758452955121803,0.00013783069734907863,0.0001134172675654981,0.00013783069734907863
8,0.3,63,0.02274818193135966,0.00014167338413982939,0.00014167338413982939,0.00013757100942093524
8,0.3,64,0.022582131732884394,0.00014069081108575044,0.0001254873198750334,0.00014069081108575044
8,0.3,65,0.0225971068637038,0.0001365656064875977,0.00011243549953047797,0.0001365656064875977
8,0.3,66,0.022632350378051773,0.00014504640873743647,0.00014504640873743647,0.00013437891966489908
8,0.3,67,0.02258885228852353,0.00013587547732312307,0.00012558848931661226,0.00013587547732312307
8,0.3,68,0.022590448775523915,0.00013524857839404566,0.00013345699763748147,0.00013524857839404566
8,0.3,69,0.022561979886138957,0.00013420862555763548,0.00012855473583364815,0.00013420862555763548
8,0.3,70,0.022809286273679893,0.0001424649431764347,0.00013631949476329978,0.0001424649431764347
8,0.3,71,0.022475404940486214,0.0001363278327444547,0.00013632783274445466,0.00013593446597619488
8,0.3,72,0.022571943863904098,0.0001333819849582639,0.000124381439103106,0.0001333819849582639
8,0.3,73,0.02255804174754584,0.00013713575196724981,0.0001286379795198177,0.00013713575196724981
8,0.3,74,0.022529368579459818,0.0001547386544549729,0.0001547386544549729,0.00013433707026565836
8,0.3,75,0.022672054231910634,0.00016530400359573232,0.00016530400359573232,0.00013205143822979818
8,0.3,76,0.02263657810338647,0.00014294850232105135,0.00014294850232105137,0.00013027592426519398
8,0.3,77,0.022680086878658395,0.00013663279580473478,0.00013663279580473475,0.00012771483710563738
8,0.3,78,0.022654887655520928,0.00013691515771415067,0.00013691515771415064,0.00012888800261249008
8,0.3,79,0.02270588555315178,0.00014662633479581175,0.00014662633479581175,0.0001319343711053815
8,0.3,80,0.02278210407602155,0.0001376239492196854,0.0001376239492196854,0.00013729094445737912
8,0.3,81,0.0227831507914768,0.00013520171565967114,0.00012942490950163928,0.00013520171565967114
8,0.3,82,0.022700996994933956,0.00015624056555412464,0.00015624056555412462,0.00013169577117875774
8,0.3,83,0.022602439722417444,0.0001419615411938003,0.0001419615411938003,0.0001311500514546345
8,0.3,84,0.022683412174449444,0.00013016576793032316,0.00011335420884529934,0.00013016576793032316
8,0.3,85,0.022741985173449154,0.00013569109686200606,0.00011379550295642167,0.00013569109686200606
8,0.3,86,0.022682892513773128,0.00013282992424742677,0.00011020558571590706,0.00013282992424742677
8,0.3,87,0.022451333151869004,0.00013524641316300557,0.00013524641316300557,0.00012665663822852033
8,0.3,88,0.022113237884615843,0.00013055885906619128,0.00011070838360280211,0.00013055885906619128
8,0.3,89,0.022246792153056433,0.00013286537591787,0.00010213979028609795,0.00013286537591787
8,0.3,90,0.022312435757150063,0.0001361641885090553,0.00011542848537279284,0.0001361641885090553
8,0.3,91,0.022453016762396128,0.00013183757489277305,0.000105080978287935,0.00013183757489277305
8,0.3,92,0.022592561497456042,0.0001335186538593398,0.00010987206529521906,0.0001335186538593398
8,0.3,93,0.022445920802945843,0.00013442962021978713,0.00012998689123843238,0.00013442962021978713
8,0.3,94,0.022611515696285386,0.00015496627644521997,0.00015496627644521997,0.0001330043641185598
8,0.3,95,0.022734163185212975,0.00013811645159673413,0.00013662983010188183,0.00013811645159673413
8,0.3,96,0.022732140637665533,0.00013190697806031394,0.00010624593027333906,0.00013190697806031394
8,0.3,97,0.022630120737097158,0.00013462870642475376,0.00010706696918886745,0.00013462870642475376
8,0.3,98,0.022689988464540366,0.00013440339401619484,0.00012559216300437985,0.00013440339401619484
8,0.3,99,0.022582725647529705,0.0001292672066757393,0.00012861311025960022,0.0001292672066757393
8,0.3,100,0.02273235112390536,0.0001613028708595092,0.00016130287085950917,0.00013457509134957607
8,0.3,101,0.022688741704526602,0.00015457612185548525,0.00015457612185548525,0.0001412483180394764
8,0.3,102,0.02273780185691168,0.00014088825465326447,0.000136485388729225,0.00014088825465326447
8,0.3,103,0.022719754102716906,0.00014195308491513113,0.00012303214985991384,0.00014195308491513113
8,0.3,104,0.02279249708411648,0.00014500473196406974,0.00012083262782407674,0.00014500473196406974
8,0.3,105,0.022691298648368954,0.00014770005175930877,0.00010385538864674229,0.00014770005175930877
8,0.3,106,0.02266783911294857,0.00016104891235162072,0.00016104891235162072,0.0001425707655125408
8,0.3,107,0.022641576670106085,0.00013930437464308403,0.00012986303295628668,0.00013930437464308403
8,0.3,108,0.022495409906750204,0.00013553755536153467,0.00013456362990113028,0.00013553755536153467
8,0.3,109,0.022563155550979392,0.00013225419030568733,0.0001270432611455137,0.00013225419030568733
8,0.3,110,0.02245311376683672,0.00016865021781640693,0.0001686502178164069,0.00013389141204078178
8,0.3,111,0.022598511610194032,0.00016361913669897893,0.00016361913669897893,0.00013516271704993316
8,0.3,112,0.022552329349715815,0.00013207486083781746,0.00012920289387721086,0.00013207486083781746
8,0.3,113,0.02248604491183489,0.00013264632242237194,0.00011037594635578234,0.00013264632242237194
8,0.3,114,0.02268900042181855,0.0001440295424066057,0.0001440295424066057,0.0001318066807914661
8,0.3,115,0.02268550513342806,0.00013349659708460256,0.0001257832132469766,0.00013349659708460256
8,0.3,116,0.022661305321892165,0.00013893013587068092,0.0001179889441355653,0.00013893013587068092
8,0.3,117,0.022511183897408117,0.00016355360029254135,0.00016355360029254135,0.00013660348363457443
8,0.3,118,0.022573344199228206,0.00015530163696360564,0.00015530163696360564,0.00013587495408285728
8,0.3,119,0.022664956131828562,0.00013274804412501573,0.00013221293458026505,0.00013274804412501573
8,0.3,120,0.022804588715271284,0.00014197093842356035,0.00014197093842356035,0.0001378568901109461
8,0.3,121,0.02270926752363407,0.00016415894084542278,0.00016415894084542278,0.00013433490393417616
8,0.3,122,0.022810338208453535,0.00015235384901978287,0.00015235384901978287,0.00013381617563379406
8,0.3,123,0.0227960678763628,0.00014203673396013215,0.00014203673396013213,0.00013002327913392626
8,0.3,124,0.022725071489500866,0.00016427372348999352,0.00016427372348999352,0.00014030254607771137
8,0.3,125,0.02265736223393701,0.00014142697300855168,0.00014142697300855168,0.00013607862751232287
8,0.3,126,0.02261299946583768,0.00016195247985603242,0.00016195247985603242,0.00013723755224343367
8,0.3,127,0.022687370436439272,0.00014837550030801083,0.00014837550030801083,0.00013899489840626724
8,0.3,128,0.02253026667551066,0.00017149427420830966,0.00017149427420830966,0.00014074523891685324
8,0.3,129,0.022528907368692532,0.00014602427012225984,0.00014602427012225984,0.0001413847969220261
8,0.3,130,0.022559725904697108,0.00013869768141915048,0.00013488286474484695,0.00013869768141915048
8,0.3,131,0.022569154370014454,0.000145615989977412,0.000145615989977412,0.0001390162224580383
8,0.3,132,0.022659779833445654,0.00015498046888892713,0.00015498046888892713,0.00013985186956094663
8,0.3,133,0.022769191376720652,0.00014085533188569894,0.00014085533188569894,0.00014050040311475146
8,0.3,134,0.02271164532560473,0.000147168795633656,0.000147168795633656,0.00014129089373059436
8,0.3,135,0.02283729503533834,0.00014173792498436548,0.00011427653357743452,0.00014173792498436548
8,0.3,136,0.022783601300615113,0.00014105536443964517,0.00012348784243323212,0.00014105536443964517
8,0.3,137,0.022707077969337165,0.00014225621587759927,0.00014225621587759927,0.00014219857925082668
8,0.3,138,0.022707140832941997,0.0001447211756514868,0.0001443298498566173,0.0001447211756514868
8,0.3,139,0.022687747262733784,0.00014821163650488993,0.00014821163650488993,0.00014757086267056083
8,0.3,140,0.022601749621763163,0.00014378586623017503,0.00014378586623017505,0.0001410295576980037
8,0.3,141,0.022473800230155962,0.0001543795242543666,0.0001543795242543666,0.00014348075399255345
8,0.3,142,0.02263644550331941,0.00015122337652369699,0.000151223376523697,0.00013879658290744495
8,0.3,143,0.02271440037950768,0.00013894205443860572,0.00013329775498297365,0.00013894205443860572
8,0.3,144,0.022612944280690928,0.00016018226565252898,0.00016018226565252898,0.0001366585778100015
8,0.3,145,0.02259214464885151,0.0001376319229026185,0.00013346889848622862,0.0001376319229026185
8,0.3,146,0.022670781886273982,0.00014017971481493428,0.00014017971481493428,0.00013768215825188604
8,0.3,147,0.022533312306368725,0.0001617875373030148,0.00016178753730301484,0.00013107236684096503
8,0.3,148,0.02261699919389603,0.00019553137973097885,0.00019553137973097885,0.0001330114035809436
8,0.3,149,0.022609373627900484,0.00016842014052404714,0.00016842014052404714,0.00013208860860720368
8,0.3,150,0.022733854310645327,0.00018617976269764714,0.00018617976269764714,0.00013852996240715977
8,0.3,151,0.022619165451353777,0.00014162567932820907,0.00014162567932820907,0.00013989019551723605
8,0.3,152,0.022402055771206585,0.0001433663240798305,0.0001433663240798305,0.00013772508586520316
8,0.3,153,0.022444706212680555,0.00013761305989432761,0.00011457018157813585,0.00013761305989432761
8,0.3,154,0.022402664403750334,0.00014369362199881164,0.00014369362199881164,0.00013904184498023437
8,0.3,155,0.022440130004783128,0.00013466471612514123,0.00012893680265641628,0.00013466471612514123
8,0.3,156,0.02258883365399149,0.00013531790564994055,0.00012701976665137216,0.00013531790564994055
8,0.3,157,0.022736946043099636,0.00013862196521037166,0.0001228985959137067,0.00013862196521037166
8,0.3,158,0.022667859162655065,0.00015025520725205752,0.00015025520725205752,0.00013700341985534452
8,0.3,159,0.022621472495030593,0.00014122308960571337,0.00014122308960571337,0.00013971978214188393
8,0.3,160,0.022667505533685236,0.00013223320558573774,0.00013178839546655743,0.00013223320558573774
8,0.3,161,0.0227538557971388,0.0001329924820950123,0.00012704392064160678,0.0001329924820950123
8,0.3,162,0.022822001953411313,0.00015648407865186,0.00015648407865186,0.00013688034971722093
8,0.3,163,0.022817192900609993,0.00015703667046883826,0.00015703667046883826,0.00013732953889146292
8,0.3,164,0.02274259585961359,0.00014152208827312865,0.00014152208827312865,0.00013522490127507826
8,0.3,165,0.022633501990946103,0.00013574219317896884,0.00013303467461049057,0.00013574219317896884
8,0.3,166,0.02266603681093366,0.0001387187055944543,0.0001387187055944543,0.00013531531243332192
8,0.3,167,0.022527633734494526,0.0001458358797743541,0.00014583587977435406,0.0001353883201972337
8,0.3,168,0.022619031655060785,0.0001379581193479028,0.00013089795988064086,0.0001379581193479028
8,0.3,169,0.022709233925553206,0.00014060337031021795,0.00013637715041746478,0.00014060337031021795
8,0.3,170,0.02282158410183075,0.00016140946981363588,0.00016140946981363588,0.00014021514876595622
8,0.3,171,0.02285050910505549,0.00013627076839687707,0.00011991232181725724,0.00013627076839687707
8,0.3,172,0.02279238895822867,0.0001382894369206608,0.00011326372474054209,0.0001382894369206608
8,0.3,173,0.022721624230684793,0.00013978788422172147,0.0001255439444056635,0.00013978788422172147
8,0.3,174,0.02269181272619064,0.0001419573023809131,0.00012514939039977128,0.0001419573023809131
8,0.3,175,0.02262710710870712,0.0001388417629570275,0.0001277609275062901,0.0001388417629570275
8,0.3,176,0.02264128461284689,0.0001436830394200357,0.0001330061938037019,0.0001436830394200357
8,0.3,177,0.022423070822031946,0.0001470133288405513,0.0001470133288405513,0.0001357662232514182
8,0.3,178,0.022471841311138233,0.00014070161362501725,0.00012238237147437238,0.00014070161362501725
8,0.3,179,0.022738152454718937,0.00013997436805520365,0.00013280631899551646,0.00013997436805520365
8,0.3,180,0.022740663217720874,0.0001394483373276705,0.0001318040061072688,0.0001394483373276705
8,0.3,181,0.022753240173528443,0.00013610879890658053,0.0001199902040622866,0.00013610879890658053
8,0.3,182,0.022635652350773396,0.0001369796483549974,9.729568382128997e-05,0.0001369796483549974
8,0.3,183,0.02267998824734762,0.0001308643444793469,0.00012946774077192148,0.0001308643444793469
8,0.3,184,0.022706277524449876,0.00014737356107055017,0.00014737356107055017,0.00012935591824498151
8,0.3,185,0.022695209223152803,0.0001459008126846194,0.0001459008126846194,0.0001302008044143035
8,0.3,186,0.022762247913285596,0.00016464750626106846,0.00016464750626106846,0.00013566219917253167
8,0.3,187,0.02279609023682716,0.0001783228455895854,0.0001783228455895854,0.00013502951599093894
8,0.3,188,0.022866581618714694,0.0001413314853468389,0.00012779551609000156,0.0001413314853468389
8,0.3,189,0.02285841341442544,0.00014290743463063883,0.00014290743463063883,0.0001354874448440206
8,0.3,190,0.022786486537549566,0.00013992414133507075,0.00013562467591622313,0.00013992414133507075
8,0.3,191,0.022702364848343957,0.00014001205755637754,0.00013980562657363765,0.00014001205755637754
8,0.3,192,0.022766133003499573,0.0001397604612397596,0.0001397604612397596,0.00013955679815751915
8,0.3,193,0.02262386887462846,0.0001396408603210607,0.00011532699425458491,0.0001396408603210607
8,0.3,194,0.022628751140578322,0.00017835959267287503,0.00017835959267287503,0.0001390110402641203
8,0.3,195,0.02235587636437435,0.00016820629934728801,0.000168206299347288,0.0001343286596765373
8,0.3,196,0.022299026928906684,0.00015829075569918585,0.00015829075569918582,0.00013097526497580803
8,0.3,197,0.022402376006439795,0.0001579406634062902,0.0001579406634062902,0.00013071737646687376
8,0.3,198,0.022507781718500295,0.00016000612204365058,0.0001600061220436506,0.0001347052540922846
8,0.3,199,0.02247215022249901,0.0001682355681658759,0.0001682355681658759,0.00013296275773333957
8,0.3,200,0.022562208663167226,0.00015228340039956324,0.00015228340039956324,0.000132384722059624
8,0.3,201,0.022733474584595494,0.00015245905237387254,0.00015245905237387254,0.0001376158654072742
8,0.3,202,0.022791961387965767,0.00015765293430489044,0.00015765293430489044,0.00013404343515666393
8,0.3,203,0.022867281936754354,0.00013815310749095132,0.00013353283326819764,0.00013815310749095132
8,0.3,204,0.02287556199433526,0.00015143397591712435,0.00015143397591712435,0.00014278206928129025
8,0.3,205,0.02276449063333748,0.0001382111025683082,0.00013364955164639329,0.0001382111025683082
8,0.3,206,0.022942451547946656,0.00013850369061080503,0.00013850369061080503,0.0001359204161655138
8,0.3,207,0.02287399364560819,0.00013247386674279757,0.00011142444285395012,0.00013247386674279757
8,0.3,208,0.022843196331299036,0.00013476631311916333,0.00013476631311916336,0.00013054061265792573
8,0.3,209,0.022783485266723406,0.00016721976356677323,0.00016721976356677323,0.00013264042571076775
8,0.3,210,0.022935796034193563,0.00014064325401711748,0.00013612864197223425,0.00014064325401711748
8,0.3,211,0.022732630010094717,0.0001432021918087199,0.0001432021918087199,0.00013344680353852905
8,0.3,212,0.022758207339270402,0.0001403822827303292,0.00013746057416647774,0.0001403822827303292
8,0.3,213,0.02269212176818761,0.0001386997669639928,0.00012116465796643369,0.0001386997669639928
8,0.3,214,0.022593783479779656,0.000148727713462874,0.000148727713462874,0.00013730375743493131
8,0.3,215,0.02264178652398554,0.00013565591494670208,0.00013565591494670208,0.0001332123111000136
8,0.3,216,0.022765444975446816,0.0001381516429099198,0.00012112909049986036,0.0001381516429099198
8,0.3,217,0.02264235072746874,0.0001500820249997286,0.0001500820249997286,0.0001348292716181679
8,0.3,218,0.022614523118141154,0.00013401051986508983,0.0001164050584563701,0.00013401051986508983
8,0.3,219,0.02257136647219325,0.0001364808401815847,0.00013380943574694233,0.0001364808401815847
8,0.3,220,0.02257673009954962,0.00013743377242696488,0.00013743377242696488,0.00013379515128331455
8,0.3,221,0.022710275644338848,0.00017464086113834777,0.00017464086113834777,0.000137553667065664
8,0.3,222,0.022558975860718387,0.00013717647637145197,0.0001272505979290507,0.00013717647637145197
8,0.3,223,0.022565847186824507,0.00015761391117542244,0.0001576139111754224,0.00013764212598743107
8,0.3,224,0.02247403000400007,0.00013750842639456348,0.00012271700702640262,0.00013750842639456348
8,0.3,225,0.022414299169620108,0.00015456241454822123,0.00015456241454822123,0.00013694453887739107
8,0.3,226,0.022618831475162093,0.00015808881324029295,0.00015808881324029297,0.00013972325560273848
8,0.3,227,0.022782446403753397,0.0001434875351115756,0.00013959514964744996,0.0001434875351115756
8,0.3,228,0.022677984923970364,0.00015731506093396072,0.00015731506093396072,0.00013273247529451546
8,0.3,229,0.022693492206059526,0.00014193402420580397,0.00013221105474304798,0.00014193402420580397
8,0.3,230,0.022613686575097165,0.00014264132802856502,0.00013120477278897262,0.00014264132802856502
8,0.3,231,0.02255844526503042,0.00013520246150988539,0.00011697225929895247,0.00013520246150988539
8,0.3,232,0.022539713836479347,0.00013767609335017954,0.00011632441442861804,0.00013767609335017954
8,0.3,233,0.022652830570556275,0.00014148882016365555,0.00013853155216161982,0.00014148882016365555
8,0.3,234,0.02292893220091763,0.00013878523708535625,0.0001371820466748064,0.00013878523708535625
8,0.3,235,0.022831811165582992,0.0001484050076559851,0.0001484050076559851,0.00013699628980804642
8,0.3,236,0.022845801082889767,0.00014241677900154402,0.00014241677900154402,0.00013670834444865277
8,0.3,237,0.022803715980444225,0.00016997092211783616,0.00016997092211783614,0.00013631224635656978
8,0.3,238,0.022869010083633592,0.00014831266200702943,0.00014831266200702943,0.00013629494217027124
8,0.3,239,0.022815579248022192,0.0001541709064013907,0.00015417090640139068,0.0001429175069634481
8,0.3,240,0.022834702699323046,0.00015075993293106631,0.0001507599329310663,0.0001469143893792016
8,0.3,241,0.02300346428036487,0.00014567151132854507,0.0001375598811791245,0.00014567151132854507
8,0.3,242,0.022873500956526665,0.00014333591956274843,0.00012856140155808183,0.00014333591956274843
8,0.3,243,0.023035080885820947,0.00014560494900216182,0.000121622395791863,0.00014560494900216182
8,0.3,244,0.023047025690362988,0.0001423186392779267,0.00010976939568161331,0.0001423186392779267
8,0.3,245,0.022951854294678865,0.0001469973036878414,0.0001469973036878414,0.00014100067112901365
8,0.3,246,0.023064697885569065,0.0001404567973253388,0.0001393247393695246,0.0001404567973253388
8,0.3,247,0.022977089254715272,0.00014008576200579746,0.0001400857620057975,0.00013718723745071617
8,0.3,248,0.02282820804795963,0.00017516897174616426,0.00017516897174616426,0.0001417222842813364
8,0.3,249,0.02293484469997523,0.00014024942371414407,0.00011168583839316182,0.00014024942371414407
8,0.3,250,0.02286902609541914,0.00014171223962146666,0.00010935573888859661,0.00014171223962146666
8,0.3,251,0.022902942198239868,0.00013906918595972442,0.00013906918595972442,0.0001363643185244292
8,0.3,252,0.022705255264688622,0.0001365975387265021,0.0001240260025855508,0.0001365975387265021
8,0.3,253,0.022860444971193185,0.00014998076992731174,0.00014998076992731174,0.00013978242669056268
8,0.3,254,0.02275327317786468,0.0001425921568064929,0.00011362662297904571,0.0001425921568064929
8,0.3,255,0.02279102334704606,0.00013833504268765827,0.00010617923327525748,0.00013833504268765827
8,0.3,256,0.022738625180078575,0.00013514254964761804,0.00012380698816950023,0.00013514254964761804
8,0.3,257,0.022712040594478674,0.000145040480410433,0.000145040480410433,0.0001364786635443009
8,0.3,258,0.022733082251718623,0.00013866572359440263,0.00013261655113370167,0.00013866572359440263
8,0.3,259,0.02289011273884467,0.0001484205066488443,0.0001484205066488443,0.00014255197324929638
8,0.3,260,0.022972740922523962,0.00015201851095886787,0.00015201851095886787,0.00014351745724726467
8,0.3,261,0.02290896040068503,0.00014517922561786895,0.00014517922561786895,0.0001387065592430815
8,0.3,262,0.022816803762857028,0.00013739636337549703,0.00013739636337549703,0.00013701152358457295
8,0.3,263,0.022762151408601893,0.000139749689903501,0.000139749689903501,0.0001363905226141705
8,0.3,264,0.022630629326512715,0.00013975070084098579,0.00013208217778821644,0.00013975070084098579
8,0.3,265,0.02274719321619714,0.00014253919666314268,0.00014253919666314268,0.00013787513894615
8,0.3,266,0.02268244932358852,0.00014011605135738162,0.00014011605135738164,0.0001397966100702936
8,0.3,267,0.02268810554955204,0.0001425172469823636,0.00012069226697192325,0.0001425172469823636
8,0.3,268,0.02276497302364232,0.0001403875317852799,0.00010587351412346598,0.0001403875317852799
8,0.3,269,0.02283869907284421,0.00013726937362683512,0.00012158386755441621,0.00013726937362683512
8,0.3,270,0.022806708237602794,0.00013583301135725658,0.0001263840773837411,0.00013583301135725658
8,0.3,271,0.022977378413407735,0.00015703571701301057,0.00015703571701301057,0.00013821682707366794
8,0.3,272,0.02288175249094867,0.0001375650780517931,0.00012635110293617266,0.0001375650780517931
8,0.3,273,0.022756347818395084,0.00014495433076137798,0.00014017932676029703,0.00014495433076137798
8,0.3,274,0.022722231531015068,0.0001608884189568088,0.0001608884189568088,0.00014581808948892398
8,0.3,275,0.022850997783471796,0.00015978683128904235,0.00015978683128904235,0.00014610572685613886
8,0.3,276,0.022836091512301582,0.0001451322370698474,0.00013600737239974906,0.0001451322370698474
8,0.3,277,0.022781932059441158,0.00014504846872281194,0.00012203914781905173,0.00014504846872281194
8,0.3,278,0.022856222044223207,0.00014333292735052718,0.00012723743844830733,0.00014333292735052718
8,0.3,279,0.02278713441189457,0.00014115079520799796,0.0001407388585793137,0.00014115079520799796
8,0.3,280,0.02283843937893977,0.00014104584186700944,0.00014104584186700942,0.0001383472916374307
8,0.3,281,0.022851330596412436,0.00017959363439495234,0.00017959363439495234,0.00014174569912755005
8,0.3,282,0.022951873915772473,0.00016149381197836464,0.00016149381197836464,0.00013766057574668918
8,0.3,283,0.022900815775468812,0.00015611447284142194,0.00015611447284142194,0.0001375755315751407
8,0.3,284,0.02263836613259904,0.00013301284063123943,0.00013027506905386395,0.00013301284063123943
8,0.3,285,0.022760244158868435,0.00013860181558144848,0.00013860181558144848,0.0001339018107910614
8,0.3,286,0.02275179062607214,0.00013782203278660046,0.00013782203278660046,0.0001372688528801967
8,0.3,287,0.022841378189318085,0.0001468643015286866,0.00014686430152868656,0.0001391601695753372
8,0.3,288,0.02278953821507721,0.00014909921527989193,0.00014909921527989193,0.0001422898428615924
8,0.3,289,0.022817756495206974,0.0001406155259035064,0.00012295544401124854,0.0001406155259035064
8,0.3,290,0.022679023527794263,0.00013357133194529493,0.00012676083101476803,0.00013357133194529493
8,0.3,291,0.02248424487834685,0.00014795757341171846,0.00014795757341171844,0.00013227297383779581
8,0.3,292,0.022622791713341472,0.00012930868423000804,0.00010126971555906508,0.00012930868423000804
8,0.3,293,0.022477780516921102,0.0001259845491812897,0.00011964535270058193,0.0001259845491812897
8,0.3,294,0.022659574659307395,0.00013555251462768462,0.00011782438433052495,0.00013555251462768462
8,0.3,295,0.022754623236903044,0.00014787655762346665,0.00014787655762346665,0.00013607600585829982
8,0.3,296,0.022878917397593384,0.00013711007183184691,0.00013711007183184691,0.00013100076491934898
8,0.3,297,0.0229253143346439,0.00013706258706004464,0.00013706258706004464,0.0001315182994132895
8,0.3,298,0.02292060151854098,0.00014650797522407707,0.00014650797522407707,0.00013668661672338984
8,0.3,299,0.022804058112952094,0.00014816927167732633,0.0001481692716773263,0.00013470927818630987
8,0.3,300,0.023002829186568263,0.00017624029653972965,0.00017624029653972963,0.00014198771000034215
8,0.3,301,0.023069428198497208,0.00017436493856540163,0.00017436493856540163,0.00013435541339290735
8,0.3,302,0.022879947786992805,0.00014550865424983836,0.00014550865424983836,0.00014106586480878524
8,0.3,303,0.022985323733933728,0.00013836334456539525,0.00013836334456539525,0.00013677929754966745
8,0.3,304,0.022911178334234943,0.00013279083593537898,0.00012093133758994664,0.00013279083593537898
8,0.3,305,0.022904790766096823,0.0001405093628401488,0.00013595908709070146,0.0001405093628401488
8,0.3,306,0.022859156486888906,0.0001385777625331062,0.0001371636762101466,0.0001385777625331062
8,0.3,307,0.02283232591423848,0.00014323358423578764,0.00011203761853293137,0.00014323358423578764
8,0.3,308,0.0227711531781762,0.00013903664839207957,0.00011972553009631134,0.00013903664839207957
8,0.3,309,0.022856648096695815,0.00013420208582358512,0.00011467037688533231,0.00013420208582358512
8,0.3,310,0.022911262401079144,0.00013994376049667736,0.00013788732522147248,0.00013994376049667736
8,0.3,311,0.022714512899023924,0.00015441457487754196,0.00015441457487754196,0.00014061481838890125
8,0.3,312,0.022785391092956495,0.0001384784239379874,0.0001267514075196133,0.0001384784239379874
8,0.3,313,0.022770050181118953,0.00016121565995904884,0.00016121565995904884,0.0001360978981091874
8,0.3,314,0.02298885735465733,0.00016656699105423511,0.00016656699105423511,0.0001362038819696228
8,0.3,315,0.02285555707915884,0.0001406007171730059,0.00013373640542329806,0.0001406007171730059
8,0.3,316,0.022714379503429027,0.0001393776638227098,0.00013172371052103438,0.0001393776638227098
8,0.3,317,0.022553160145596322,0.00013867596653001967,0.00012014659978670983,0.00013867596653001967
8,0.3,318,0.022732011038644313,0.00013980919661615507,0.00013980919661615507,0.00013633663382465517
8,0.3,319,0.022684002782945568,0.00013140012619372536,0.00012102601801530777,0.00013140012619372536
8,0.3,320,0.022545348138078587,0.00013656700445112586,0.00013656700445112586,0.00013150493492132531
8,0.3,321,0.022741630821640477,0.00013951351099787378,0.00013951351099787378,0.000132623006718687
8,0.3,322,0.022595131790076793,0.00016159538866655803,0.00016159538866655803,0.00013498709259011398
8,0.3,323,0.022635533389842012,0.0001374493184484671,0.0001374493184484671,0.0001294379315621809
8,0.3,324,0.02262498021192845,0.00014765718521706647,0.00014765718521706644,0.00013512816805727533
8,0.3,325,0.02270372275064778,0.00014694928089915287,0.00014694928089915287,0.0001295098779190919
8,0.3,326,0.022699337498805035,0.00013940903120813946,0.00012347623239717832,0.00013940903120813946
8,0.3,327,0.022653688915033474,0.00014332747388150858,0.00013088469439664552,0.00014332747388150858
8,0.3,328,0.022612148818898534,0.00014346136306897555,0.00014346136306897555,0.00013716285395550467
8,0.3,329,0.022386205269200675,0.00013963790327416794,0.00013963790327416794,0.00013467565629831304
8,0.3,330,0.02256919981799665,0.0001431532295276241,0.00012486716864193356,0.0001431532295276241
8,0.3,331,0.02263030850723784,0.00013869853158130906,0.0001321425336957518,0.00013869853158130906
8,0.3,332,0.02272696853868057,0.00014061616201954463,0.0001387655894367786,0.00014061616201954463
8,0.3,333,0.022532445853081024,0.00014181715335276018,0.00012260486634505384,0.00014181715335276018
8,0.3,334,0.02240266329269606,0.00014691049613284692,0.00014691049613284692,0.00013604485931860446
8,0.3,335,0.02251929356299566,0.00014146811653322495,0.00014146811653322497,0.00013677337959966268
8,0.3,336,0.022618698345152472,0.00014629571194055394,0.00014629571194055394,0.0001362032638268321
8,0.3,337,0.02266216634975575,0.0001370738172876119,0.0001275047497667081,0.0001370738172876119
8,0.3,338,0.022418755799445526,0.000145514388519029,0.000145514388519029,0.00013647625995108324
8,0.3,339,0.022610855358625597,0.00013603914608245154,0.00012970604137889962,0.00013603914608245154
8,0.3,340,0.022516234552286074,0.00013162863232685698,0.00013003163667685565,0.00013162863232685698
8,0.3,341,0.022456011258038953,0.00013049883934149902,0.00011579693508605815,0.00013049883934149902
8,0.3,342,0.022503402918956816,0.0001403816301032751,0.00014038163010327514,0.00013872204290496092
8,0.3,343,0.022560117182372094,0.00013832643833442583,0.00012871199112821224,0.00013832643833442583
8,0.3,344,0.022569002727664062,0.00013887752660529635,0.00012292429448312086,0.00013887752660529635
8,0.3,345,0.02248306286318357,0.00013192028173294654,0.00013192028173294654,0.00013130744168171659
8,0.3,346,0.022606353869124227,0.0001310571254571322,0.00011810747264313227,0.0001310571254571322
8,0.3,347,0.02277330803957079,0.0001380919961029794,0.00012697234870860004,0.0001380919961029794
8,0.3,348,0.022825808332360958,0.00013851327259652214,0.00011213652215828522,0.00013851327259652214
8,0.3,349,0.022671436125753553,0.00013548898152331807,0.00012949611429618373,0.00013548898152331807
8,0.3,350,0.02251983854182903,0.00014819395688306497,0.00014819395688306497,0.00013859310644267193
8,0.3,351,0.02251971535856284,0.00014396293198769194,0.00014396293198769194,0.0001433099581300499
8,0.3,352,0.022662092358211896,0.00015781120060370468,0.00015781120060370465,0.00013457472429360964
8,0.3,353,0.022778979744696684,0.00013982153711436548,0.00013243425090977875,0.00013982153711436548
8,0.3,354,0.02282438753879766,0.0001409892600397616,0.00010984169184318517,0.0001409892600397616
8,0.3,355,0.022756306584989693,0.00014275487740694518,0.0001291341407018507,0.00014275487740694518
8,0.3,356,0.022841849121655645,0.00015746197813833372,0.00015746197813833372,0.00013685380869128466
8,0.3,357,0.022912130377044655,0.00016741211186989863,0.00016741211186989863,0.00013635663021970725
8,0.3,358,0.022916200549569197,0.00015625986825917905,0.00015625986825917905,0.0001348267057656184
8,0.3,359,0.023124082286337676,0.0001699393700537273,0.0001699393700537273,0.0001365768949828593
8,0.3,360,0.023036652843127624,0.00013732050669104976,0.00012989281160331005,0.00013732050669104976
8,0.3,361,0.022758557158028506,0.00013997920012067498,0.00012019293494530823,0.00013997920012067498
8,0.3,362,0.022840338590905947,0.0001351814006864427,0.00010043618872243236,0.0001351814006864427
8,0.3,363,0.02294121233054447,0.00013782454570005235,0.00011425854424695942,0.00013782454570005235
8,0.3,364,0.022837485726125865,0.00014646393750997595,0.00014646393750997595,0.0001349813635644622
8,0.3,365,0.022911634195145327,0.00015323947822537174,0.00015323947822537177,0.0001335114169143751
8,0.3,366,0.02289501265974767,0.00014624422223390236,0.00014624422223390233,0.00013456742336939498
8,0.3,367,0.022879019859735717,0.00015272895698850714,0.00015272895698850714,0.000136425346918087
8,0.3,368,0.022827339877445833,0.0001438640247309568,0.0001438640247309568,0.00013474853535674563
8,0.3,369,0.022806868599964683,0.00013262134885347668,0.0001249448876516732,0.00013262134885347668
8,0.3,370,0.022724848429457364,0.00014326612767834974,0.00014326612767834974,0.00013289034239879902
8,0.3,371,0.022888110892159218,0.0001503531455060463,0.0001503531455060463,0.00013605353303699737
8,0.3,372,0.02268268892343413,0.00015690951376008802,0.00015690951376008802,0.00013553973044538913
8,0.3,373,0.022786749126458793,0.00016808342115754135,0.00016808342115754135,0.00014250427366443928
8,0.3,374,0.022659972435615294,0.00014533125667997676,0.00014533125667997673,0.0001339400113109446
8,0.3,375,0.022704734202640114,0.00013969582696320103,0.00013969582696320103,0.00013677571349323517
8,0.3,376,0.022778683614303828,0.00014654881255780385,0.00014654881255780385,0.00013297999967527098
8,0.3,377,0.02273702123599378,0.00013815809355294503,0.000106124539244087,0.00013815809355294503
8,0.3,378,0.022720703518409366,0.00013453219459833986,0.00012636349827813695,0.00013453219459833986
8,0.3,379,0.022496399268753017,0.00013817329759005569,0.00013046222911915377,0.00013817329759005569
8,0.3,380,0.02261393900153654,0.00014113937118930128,0.00013638784111151553,0.00014113937118930128
8,0.3,381,0.022408269031435227,0.0001477257282647777,0.0001477257282647777,0.00014158750466049518
8,0.3,382,0.022533476387839913,0.00015005848303691478,0.00015005848303691478,0.00013534459213674447
8,0.3,383,0.0225839740327605,0.00016813724674345207,0.00016813724674345207,0.00013588356516746553
8,0.3,384,0.022529171997495084,0.00013341881539071876,0.00013341881539071876,0.00013203289617779086
8,0.3,385,0.02253882685546534,0.0001305962107931421,0.0001305962107931421,0.00012973741560952972
8,0.3,386,0.022593132032791792,0.0001559784257014153,0.0001559784257014153,0.00013126688202565903
8,0.3,387,0.022561465984117155,0.00013415223157337602,0.00012747569906936348,0.00013415223157337602
8,0.3,388,0.02254656737974291,0.00013003162949377944,0.00012180965319315362,0.00013003162949377944
8,0.3,389,0.022563868790454935,0.00014734406297053627,0.00014734406297053627,0.00013130878936036563
8,0.3,390,0.022704585552387125,0.0001369673043764078,0.00013188252744062982,0.0001369673043764078
8,0.3,391,0.02272441757509392,0.00013732292945023796,0.00012952216576134605,0.00013732292945023796
8,0.3,392,0.02271446945559881,0.00013743381880486602,0.00011411690180256026,0.00013743381880486602
8,0.3,393,0.02266991090323472,0.00013371475994958154,0.00012537523555094602,0.00013371475994958154
8,0.3,394,0.022716023910405597,0.00013803820351207855,0.00013803820351207855,0.00013682244827216414
8,0.3,395,0.022592870363226124,0.0001306046533036574,0.0001235761407284985,0.0001306046533036574
8,0.3,396,0.0226436732145222,0.0001513863626487732,0.0001513863626487732,0.0001377103585930291
8,0.3,397,0.022627283722136148,0.00013279632585513613,0.00013279632585513613,0.00013173598434641187
8,0.3,398,0.022620906917437365,0.00013474115028587556,0.00012088364364702638,0.00013474115028587556
8,0.3,399,0.022540712617489453,0.0001358507159914718,0.00012874696744532145,0.0001358507159914718
8,0.3,400,0.022771446425031608,0.00013478310170567977,0.00013478310170567977,0.00013384650265842974
8,0.3,401,0.022656109892716002,0.00014497219310313084,0.00014497219310313084,0.00013368049908803073
8,0.3,402,0.022737281773017426,0.00015168540016800277,0.00015168540016800277,0.00013649394358694866
8,0.3,403,0.0225403579726987,0.00013768696981470108,0.00013739692733981924,0.00013768696981470108
8,0.3,404,0.022719757159287823,0.00016230130202226747,0.00016230130202226747,0.0001379278730495661
8,0.3,405,0.022867908023486372,0.00016534059869557726,0.00016534059869557726,0.0001390513991478659
8,0.3,406,0.022802860400319255,0.0001784326501812337,0.0001784326501812337,0.0001409507648706373
8,0.3,407,0.022750488025868782,0.00014325107779857786,0.00013839188878619468,0.00014325107779857786
8,0.3,408,0.02290468367264599,0.00013613555333208784,0.0001313368577501656,0.00013613555333208784
8,0.3,409,0.02282757485479228,0.00017531847389050888,0.00017531847389050888,0.00014333559748897856
8,0.3,410,0.02279612129854967,0.00014584110364331107,0.00014584110364331107,0.00014347140607610882
8,0.3,411,0.02292971692463164,0.00016944899707389173,0.00016944899707389173,0.0001386734279821876
8,0.3,412,0.022857306866980485,0.00019847277726283872,0.0001984727772628387,0.0001370698617900242
8,0.3,413,0.022809886829941825,0.00017912609611498882,0.00017912609611498882,0.0001385619771624907
8,0.3,414,0.022638535879104898,0.00019155959792862797,0.00019155959792862794,0.0001422531607862479
8,0.3,415,0.02256284952999998,0.0001720537012862913,0.00017205370128629133,0.00014145948419171632
8,0.3,416,0.02265984501634067,0.00014751187561064027,0.0001475118756106403,0.0001379554344438651
8,0.3,417,0.022610940792577913,0.0001514163120303619,0.0001514163120303619,0.00013537112310719503
8,0.3,418,0.02274119097769729,0.00015025637176643644,0.0001502563717664364,0.0001349393365421567
8,0.3,419,0.02264678006623484,0.00014082450675585728,0.0001408245067558573,0.00013260670177741766
8,0.3,420,0.022686821692824658,0.00014148470104208204,0.00013193524298697057,0.00014148470104208204
8,0.3,421,0.02259023220557575,0.00013957467647451996,0.00011044734301932755,0.00013957467647451996
8,0.3,422,0.02237090768147664,0.00013983656669903466,0.00012818743539115996,0.00013983656669903466
8,0.3,423,0.022741245910362997,0.0001418293502175994,0.00012030759285082542,0.0001418293502175994
8,0.3,424,0.022680438952180474,0.0001324238411962349,0.00010780790641793292,0.0001324238411962349
8,0.3,425,0.02256958771285093,0.00012979563535156456,0.00011975792530569319,0.00012979563535156456
8,0.3,426,0.022646437009921153,0.00013760863827189524,0.00013760863827189524,0.00013757621717273386
8,0.3,427,0.022766177554137925,0.00015017025645688593,0.00015017025645688593,0.00013930958583434512
8,0.3,428,0.02278334430083209,0.00015425385705976734,0.00015425385705976734,0.0001392933710608006
8,0.3,429,0.02299354889219251,0.0001495412998312241,0.0001495412998312241,0.00013977160889634699
8,0.3,430,0.02288338565750254,0.00014131429011371348,0.00013642599840530715,0.00014131429011371348
8,0.3,431,0.02287062580692072,0.0001329641651182772,0.00012291122648924673,0.0001329641651182772
8,0.3,432,0.02260305758595543,0.00013648642790776758,0.00013648642790776758,0.00013594465911676647
8,0.3,433,0.022464620603243637,0.00014626749444767917,0.00014626749444767914,0.00013932340100883064
8,0.3,434,0.022628773230248547,0.00015712763703841701,0.000157127637038417,0.0001433463794917045
8,0.3,435,0.022806392600979268,0.00014722689221133522,0.00014722689221133522,0.00013895708001385952
8,0.3,436,0.0227958520770817,0.0001696191837638048,0.0001696191837638048,0.00013455157445065591
8,0.3,437,0.022803267211136034,0.00015832173882694933,0.00015832173882694933,0.0001394723823531303
8,0.3,438,0.022684161354207304,0.0001424213869126914,0.00014242138691269136,0.000138884228921256
8,0.3,439,0.022666195202747475,0.00013328737236340614,0.00011413680336532132,0.00013328737236340614
8,0.3,440,0.02270967958861917,0.0001347759430238493,0.00011869703012413747,0.0001347759430238493
8,0.3,441,0.022513019508259884,0.00013462721270420547,0.00010902317883512598,0.00013462721270420547
8,0.3,442,0.02259276048792711,0.00013451555840812403,0.00012403432926425117,0.00013451555840812403
8,0.3,443,0.022608867461328584,0.00016253691379230004,0.00016253691379230004,0.00013646683125620785
8,0.3,444,0.02274770138928672,0.00015726887581865508,0.00015726887581865508,0.0001373583798087251
8,0.3,445,0.02272624407528502,0.00013499325949757043,0.0001349932594975704,0.0001342204959930853
8,0.3,446,0.02272949560031734,0.00016314962942982824,0.00016314962942982824,0.0001403101181109539
8,0.3,447,0.022787645496854192,0.00015527775506788126,0.00015527775506788126,0.00013636433514189745
8,0.3,448,0.022786893999746254,0.0001386662825975076,0.00013036333927774155,0.0001386662825975076
8,0.3,449,0.02300118375469555,0.00014082771419522566,0.00013715992664730983,0.00014082771419522566
8,0.3,450,0.022780757512093384,0.00013276526505872664,0.00013276526505872664,0.000131542206617584
8,0.3,451,0.022813856472377762,0.0001339970751502728,0.00013381233505297796,0.0001339970751502728
8,0.3,452,0.022772512348623878,0.00015309708493260757,0.00015309708493260757,0.00013494029683839255
8,0.3,453,0.022599116087971768,0.00014343594448560103,0.000143435944485601,0.00013803755513451437
8,0.3,454,0.022688086901668552,0.0001375917528879924,0.00013544570553073525,0.0001375917528879924
8,0.3,455,0.022707101129644133,0.00013953977420069438,0.00012078986021340776,0.00013953977420069438
8,0.3,456,0.022605569953159085,0.00015600069484806726,0.00015600069484806724,0.0001349530202491287
8,0.3,457,0.022487490291382847,0.00013771385778541694,0.00013771385778541694,0.00013379458334446807
8,0.3,458,0.022524249149089536,0.0001362790847812155,0.00013193613583894608,0.0001362790847812155
8,0.3,459,0.022580452076324666,0.000172578919651115,0.000172578919651115,0.00014084631186059141
8,0.3,460,0.022624854908795625,0.00017070319435841542,0.00017070319435841542,0.00013811511793936196
8,0.3,461,0.02243208670785863,0.0001761521715901503,0.0001761521715901503,0.00014320167681856726
8,0.3,462,0.02277295836562477,0.00014265465934437506,0.0001393332468130289,0.00014265465934437506
8,0.3,463,0.02266755025562286,0.00013892186133908414,0.00012752921555227688,0.00013892186133908414
8,0.3,464,0.022714988058798496,0.00013914146536490204,0.00010684848082805613,0.00013914146536490204
8,0.3,465,0.022661256241777752,0.00013126102710923866,0.00012137654973615728,0.00013126102710923866
8,0.3,466,0.022696293252772583,0.00014214302251675553,0.00014214302251675553,0.00014064213007937613
8,0.3,467,0.0227145385072505,0.00013626843845880238,0.00013359173929386014,0.00013626843845880238
8,0.3,468,0.022690226332035445,0.0001725591095988532,0.0001725591095988532,0.00013411321684278222
8,0.3,469,0.02266135364593728,0.0001693810474627387,0.0001693810474627387,0.00013640542301442783
8,0.3,470,0.022844382787236717,0.00013893620522774727,0.00013893620522774727,0.0001358303284845704
8,0.3,471,0.02299916311263805,0.00013731048763745692,0.00010639544774987604,0.00013731048763745692
8,0.3,472,0.02268658912613651,0.00014017227901542265,0.0001328391900165057,0.00014017227901542265
8,0.3,473,0.02269946638935207,0.00013652075462877112,0.00011083664678739435,0.00013652075462877112
8,0.3,474,0.022708778223372035,0.00013521420058304565,0.00012891631260085216,0.00013521420058304565
8,0.3,475,0.022508936709924696,0.0001357551420923992,0.0001289477632039017,0.0001357551420923992
8,0.3,476,0.022479779878831985,0.00013593084149393907,0.00010312701703412807,0.00013593084149393907
8,0.3,477,0.022643734510809543,0.00013757047989914345,0.00012790574920919343,0.00013757047989914345
8,0.3,478,0.022792576995686317,0.00013925669572427993,0.00013925669572427993,0.00013359294949257273
8,0.3,479,0.022824926615893422,0.00014651489970992292,0.00014651489970992292,0.00013647526312490278
8,0.3,480,0.02272519945102612,0.00014137874357477185,0.00014137874357477182,0.00013531713412088866
8,0.3,481,0.02262955994245119,0.0001459156903765381,0.0001459156903765381,0.00013257770481354343
8,0.3,482,0.022645686590787435,0.00013761566756799332,0.0001319691605935899,0.00013761566756799332
8,0.3,483,0.02289347187551159,0.00015242755255220745,0.00015242755255220745,0.000141212637160707
8,0.3,484,0.022819214590464116,0.00014942378600925934,0.00014942378600925934,0.0001387486739473837
8,0.3,485,0.022613589880550556,0.00013346538139471346,0.00010706183803607097,0.00013346538139471346
8,0.3,486,0.02267857484015133,0.000132596050396104,0.00011887568240862045,0.000132596050396104
8,0.3,487,0.022679234776376025,0.00013663103463315692,0.0001366310346331569,0.00013462882477008374
8,0.3,488,0.02259979245942217,0.00013622558571880358,0.0001285697839339142,0.00013622558571880358
8,0.3,489,0.022771020099481083,0.000134822924467586,0.00012890752279839872,0.000134822924467586
8,0.3,490,0.022654836885177086,0.00013546609770850472,0.0001110649418082886,0.00013546609770850472
8,0.3,491,0.022541942604635587,0.00014339324349572382,0.00014339324349572382,0.00013197363748891053
8,0.3,492,0.02255612610854219,0.00013955569630478963,0.00012692422958827482,0.00013955569630478963
8,0.3,493,0.02252477681350659,0.00013393509314855515,0.00010226080442424698,0.00013393509314855515
8,0.3,494,0.02269211843170129,0.00013392948033889892,0.00012528484821502854,0.00013392948033889892
8,0.3,495,0.022461642553139868,0.00016696669034976217,0.00016696669034976217,0.00013665495826346177
8,0.3,496,0.022433953106054845,0.00016582146160828574,0.00016582146160828574,0.0001312779574542594
8,0.3,497,0.02246581624768098,0.00014345366743627908,0.00014345366743627905,0.0001334137995448648
8,0.3,498,0.02260987617429424,0.00013580502986791136,0.00012109039033896086,0.00013580502986791136
8,0.3,499,0.022560470934857912,0.0001322739686024104,0.00011737548688785328,0.0001322739686024104
8,0.3,500,0.022498574789931298,0.00013914746803430286,0.00010827562594197316,0.00013914746803430286
8,0.4,0,0.08217485916571339,0.0002563654857968256,0.00025303616767640964,0.0002563654857968256
8,0.4,1,0.05059746010415232,0.00031001400230432714,0.00031001400230432714,0.00025001231183793046
8,0.4,2,0.037369613942548736,0.00021682834605969698,0.0002035434260991808,0.00021682834605969698
8,0.4,3,0.030719625131305293,0.0001877161247645664,0.00014672313383238167,0.0001877161247645664
8,0.4,4,0.027116576128358414,0.00016961936326504668,0.00014807510720923328,0.00016961936326504668
8,0.4,5,0.025116977834032394,0.00016320021593875847,0.00016320021593875847,0.00015568927833169087
8,0.4,6,0.02387958737771073,0.00014892032416590894,0.00014401864356559477,0.00014892032416590894
8,0.4,7,0.02315892633252945,0.00015429225813520103,0.000154292258135201,0.0001403995720378463
8,0.4,8,0.022845615816012712,0.00015439812043064062,0.00015439812043064062,0.0001377514162602331
8,0.4,9,0.022727304282683748,0.00013684858352153224,0.00013130235592220376,0.00013684858352153224
8,0.4,10,0.022519764464768784,0.00013200675941325046,0.00011196346701935991,0.00013200675941325046
8,0.4,11,0.022380771236985415,0.00015177029930662903,0.00015177029930662903,0.0001299954950992485
8,0.4,12,0.022222381382879956,0.0001513695762240184,0.00015136957622401842,0.0001301028718806066
8,0.4,13,0.022067663430394215,0.0001567961957426409,0.0001567961957426409,0.0001262168147645874
8,0.4,14,0.022283920740456584,0.00015769961114027824,0.00015769961114027824,0.00012249205568843586
8,0.4,15,0.02207621017689543,0.00015026258080782186,0.00015026258080782186,0.00012855434651582075
8,0.4,16,0.022072307239414724,0.0001319515712645554,0.000124912072370167,0.0001319515712645554
8,0.4,17,0.022163061625945894,0.00015673480645625733,0.0001567348064562573,0.00013334517672122334
8,0.4,18,0.022140954089617908,0.00015250266875731664,0.00015250266875731664,0.00012607282105741416
8,0.4,19,0.022076233678779054,0.00013651036250930502,0.00013651036250930502,0.00012215729488755948
8,0.4,20,0.022093754098755435,0.00015073087090822598,0.00015073087090822598,0.00012586895144881728
8,0.4,21,0.022187086427518928,0.0001718388599422413,0.0001718388599422413,0.00012243789300121
8,0.4,22,0.022003030507039126,0.00016356815620590778,0.00016356815620590778,0.00012503394883248232
8,0.4,23,0.02189538924474341,0.00014684663025150564,0.00014684663025150562,0.00013005279375206684
8,0.4,24,0.021813602614112162,0.00013841483303398333,0.00013841483303398333,0.00012830347456877232
8,0.4,25,0.022022483527832298,0.0001232969894034258,0.00010550655718122582,0.0001232969894034258
8,0.4,26,0.02201422157237905,0.0001324191905652627,0.0001324191905652627,0.00011907186856907777
8,0.4,27,0.022101458707237554,0.00013518625784593184,0.00013518625784593184,0.00012569849778677687
8,0.4,28,0.02208959269914124,0.00012928103958452622,0.00012928103958452625,0.00012417724937963793
8,0.4,29,0.022044543856423217,0.00012319550437843126,0.00011570787203880165,0.00012319550437843126
8,0.4,30,0.021955851102674787,0.0001258097788291649,0.0001258097788291649,0.00012564590255951166
8,0.4,31,0.02205316644839419,0.00012925560951758587,9.251985169878664e-05,0.00012925560951758587
8,0.4,32,0.02195113940893578,0.000126734799038891,0.00011594271534804506,0.000126734799038891
8,0.4,33,0.02197068138747655,0.00013787717580536336,0.00013787717580536333,0.00012559033469730383
8,0.4,34,0.021989844286367397,0.00012290874813411263,0.0001126911289146034,0.00012290874813411263
8,0.4,35,0.021956959085302874,0.00013582362926928463,0.00013582362926928463,0.0001257755710462079
8,0.4,36,0.022006700497526403,0.00013089363045789437,0.00013089363045789437,0.00012779373753640658
8,0.4,37,0.02197684417887719,0.0001278258797857887,0.00011575344416576358,0.0001278258797857887
8,0.4,38,0.021848109372891535,0.00012193103245932998,9.430751610217561e-05,0.00012193103245932998
8,0.4,39,0.021998602814510753,0.00012709707656099353,0.00012709707656099353,0.00012226548084462438
8,0.4,40,0.021961296792279664,0.00014685344378047023,0.0001468534437804702,0.00011952003678461707
8,0.4,41,0.022197019798506853,0.0001276771251466751,0.00011859382092534019,0.0001276771251466751
8,0.4,42,0.02208128898143887,0.00013064804910876927,0.0001118078386855913,0.00013064804910876927
8,0.4,43,0.02215699655709909,0.00012811134522737187,0.00011962501389647306,0.00012811134522737187
8,0.4,44,0.021986731645132308,0.00012768011543092233,0.00012475054659442445,0.00012768011543092233
8,0.4,45,0.022128453565244496,0.0001323573269503558,0.00011843076020665354,0.0001323573269503558
8,0.4,46,0.022119427502454693,0.00012947904849757209,9.304743136318728e-05,0.00012947904849757209
8,0.4,47,0.022080865048719523,0.0001276082530861832,0.00010221778156677887,0.0001276082530861832
8,0.4,48,0.021789670582800826,0.00012561009060797185,0.00012561009060797185,0.00012283849832196662
8,0.4,49,0.0217180812231859,0.0001534818872940681,0.0001534818872940681,0.0001208887071829508
8,0.4,50,0.021875949051879527,0.00015043882134838988,0.00015043882134838988,0.0001266142982646009
8,0.4,51,0.0219182240848799,0.00012934212644044547,0.00012934212644044547,0.00012863074558038413
8,0.4,52,0.02185075094750852,0.00012572330399079486,0.0001214553600615711,0.00012572330399079486
8,0.4,53,0.022000497819988703,0.00013604767523329387,0.00013604767523329387,0.00012815211318846693
8,0.4,54,0.02201202206250265,0.00014727490386417892,0.00014727490386417892,0.00012415453561333915
8,0.4,55,0.022083121862253474,0.00013911674206985362,0.00013911674206985362,0.0001263191105333887
8,0.4,56,0.021993196940282993,0.00013251018070622292,0.00013251018070622292,0.00012624775082793987
8,0.4,57,0.0219387186974888,0.0001312962865354958,0.00012438222629204142,0.0001312962865354958
8,0.4,58,0.02195080654446109,0.0001328736628468438,0.00012166439315620401,0.0001328736628468438
8,0.4,59,0.022009433564268308,0.0001270839907978487,0.0001255876870624357,0.0001270839907978487
8,0.4,60,0.02212179583101699,0.00014546466943062803,0.00014546466943062805,0.00013302067214238336
8,0.4,61,0.022103078751749085,0.0001266588525966748,0.0001266588525966748,0.00012502716554084402
8,0.4,62,0.022030342549051927,0.00013114462195891013,0.00013114462195891013,0.00012870999617451006
8,0.4,63,0.022018343577246562,0.0001482844485789546,0.0001482844485789546,0.0001263354967634997
8,0.4,64,0.02212094587838941,0.00013047722038091926,9.95763020371889e-05,0.00013047722038091926
8,0.4,65,0.022140109667381495,0.00013488679191137965,0.00013488679191137965,0.00013246479535968214
8,0.4,66,0.02212545123622944,0.00013404388292534973,0.00013404388292534973,0.0001325087434288524
8,0.4,67,0.022089715628289697,0.0001318151474317565,0.00011033715046258267,0.0001318151474317565
8,0.4,68,0.021871165831418855,0.00013126247018813018,0.00013042559333255611,0.00013126247018813018
8,0.4,69,0.021958840492754653,0.00015194144221952806,0.00015194144221952806,0.00012490802732685125
8,0.4,70,0.022045139836124304,0.00015855663080129883,0.00015855663080129883,0.00012459509678134
8,0.4,71,0.0220724982439028,0.00014935274062511799,0.00014935274062511799,0.00013145096346963103
8,0.4,72,0.022227090780666446,0.0001435292515719593,0.00014352925157195927,0.00012895810702833103
8,0.4,73,0.022097183758756394,0.00013664916938389065,0.00013664916938389065,0.0001282296459801906
8,0.4,74,0.022174077192600037,0.0001256946053902331,0.00012480145090414287,0.0001256946053902331
8,0.4,75,0.022131090264912136,0.00014222540350165684,0.0001422254035016568,0.0001275595399028065
8,0.4,76,0.022293540409562513,0.0001400520821593584,0.0001400520821593584,0.00012868169185088294
8,0.4,77,0.02215741156122546,0.00012755699456300123,0.00012199376151073133,0.00012755699456300123
8,0.4,78,0.02200637992567352,0.00013024301396816416,0.00013024301396816416,0.0001286632546593304
8,0.4,79,0.022102191611608375,0.00016115240120119425,0.00016115240120119425,0.0001254849503390327
8,0.4,80,0.021977861302711024,0.00015453805658131953,0.00015453805658131953,0.00012715026564595044
8,0.4,81,0.021982965941452003,0.00013997850095909766,0.00013997850095909766,0.000132301121066461
8,0.4,82,0.02201998292373171,0.00013131169295633628,0.00012739565343298798,0.00013131169295633628
8,0.4,83,0.021986668510197285,0.00013079008823201372,9.978695834489741e-05,0.00013079008823201372
8,0.4,84,0.022035074198491586,0.00013087750825188494,0.00010553814503488457,0.00013087750825188494
8,0.4,85,0.02216634834423108,0.00013300821512921088,0.00012269645167002952,0.00013300821512921088
8,0.4,86,0.022133539777388057,0.0001393275496501402,0.0001393275496501402,0.00012720247666453324
8,0.4,87,0.021864519038907956,0.00014263206685865938,0.00014263206685865938,0.00012857940136014068
8,0.4,88,0.02184657488508874,0.00014347413531466278,0.0001434741353146628,0.000130069454703971
8,0.4,89,0.02180285554680163,0.00012942482467234533,0.0001041526423992742,0.00012942482467234533
8,0.4,90,0.021721190538736907,0.0001246114010234965,0.0001021461218356499,0.0001246114010234965
8,0.4,91,0.021849135894586643,0.00012482193507434307,0.00010081284487680483,0.00012482193507434307
8,0.4,92,0.02187325885729476,0.00012644474561254485,0.00011094484014023699,0.00012644474561254485
8,0.4,93,0.022077338043224853,0.00012871968990311786,0.00010899336580942583,0.00012871968990311786
8,0.4,94,0.022004625901619883,0.0001247856557317404,0.00011727200024457915,0.0001247856557317404
8,0.4,95,0.021905667116904313,0.00012306858273328382,0.00012129389554982111,0.00012306858273328382
8,0.4,96,0.02218840098384731,0.00012885552096461453,0.0001286451909443139,0.00012885552096461453
8,0.4,97,0.022035249849509594,0.00012978718948186314,0.00012978718948186317,0.00012813776508285832
8,0.4,98,0.022205227992309003,0.0001321259846282549,0.00012756615462548016,0.0001321259846282549
8,0.4,99,0.02204142813389586,0.00013381214029483147,0.00013381214029483147,0.0001245713340754648
8,0.4,100,0.022113143701624427,0.0001252006972102784,0.0001252006972102784,0.00012225599974878112
8,0.4,101,0.02198908000216645,0.00013440457453401668,0.00013440457453401668,0.0001232342714579826
8,0.4,102,0.021966244262063624,0.00014416886423221392,0.00014416886423221394,0.00012183675933156498
8,0.4,103,0.02197593852502183,0.00014350107571308576,0.00014350107571308576,0.00012414111019373603
8,0.4,104,0.022072630656079208,0.00013919783448351807,0.00013919783448351807,0.00012637892879167336
8,0.4,105,0.021994953714233323,0.00012931184014856181,0.00010258301964979797,0.00012931184014856181
8,0.4,106,0.021946363503541854,0.0001292371057937303,0.0001280346661101683,0.0001292371057937303
8,0.4,107,0.022076897484206943,0.00013177462854670278,9.270375456825804e-05,0.00013177462854670278
8,0.4,108,0.022030709308357963,0.00013117484780102116,9.840906883190518e-05,0.00013117484780102116
8,0.4,109,0.0218745589395942,0.00013816002767223515,0.00013816002767223515,0.00012509246246564546
8,0.4,110,0.021871241136813453,0.00012930120413068354,0.00012797386434905544,0.00012930120413068354
8,0.4,111,0.021777689624986305,0.00013212341652714312,0.00013212341652714312,0.00012899798965712835
8,0.4,112,0.0217642208407533,0.0001384502169984833,0.0001384502169984833,0.0001301362603177216
8,0.4,113,0.02190331231880548,0.00014427983639051675,0.00014427983639051675,0.00013293127171552056
8,0.4,114,0.022007878367445444,0.00012718320304131367,0.0001167241384374606,0.00012718320304131367
8,0.4,115,0.021873123001675054,0.0001289384486546653,0.00011492605162073628,0.0001289384486546653
8,0.4,116,0.021906484454887624,0.00013363546655822167,0.00013363546655822167,0.00012923478982902287
8,0.4,117,0.02193282529880696,0.00012937226671087788,0.00011098318379551817,0.00012937226671087788
8,0.4,118,0.021754483109316828,0.00013705820938585004,0.00013705820938585004,0.0001228379466127487
8,0.4,119,0.021898876065894413,0.00012521992140925503,0.0001080214690953047,0.00012521992140925503
8,0.4,120,0.022015996198974267,0.00013322313868729477,0.00013322313868729477,0.0001276161218767906
8,0.4,121,0.022031904546061038,0.00014276510037782058,0.00014276510037782058,0.00013177665874593595
8,0.4,122,0.022256596211940656,0.00013048202420228722,0.0001216272066979692,0.00013048202420228722
8,0.4,123,0.022094257432985633,0.00013252450740305918,0.00013252450740305918,0.0001277991616124901
8,0.4,124,0.0221324676771399,0.00014872973419707676,0.00014872973419707676,0.0001318815031417209
8,0.4,125,0.02203452614769424,0.00013219901908545452,0.00013219901908545452,0.0001305491608510998
8,0.4,126,0.02209954490875529,0.0001616298285682767,0.0001616298285682767,0.00012910344447364174
8,0.4,127,0.022096389818214556,0.00016135335341266194,0.00016135335341266194,0.00013447350937375688
8,0.4,128,0.022038625933137657,0.00014535506277252818,0.00014535506277252818,0.00013211718400282034
8,0.4,129,0.02201687112798143,0.00015961816994521184,0.00015961816994521184,0.0001318845009954667
8,0.4,130,0.022071719060143206,0.0001416390320412436,0.00014163903204124356,0.000128242316967314
8,0.4,131,0.022200373094203186,0.00014729920198277001,0.00014729920198277,0.00013339644907283912
8,0.4,132,0.02211594656301732,0.00013491161970241382,0.00013491161970241382,0.000129765533737758
8,0.4,133,0.022115368101878016,0.000142783694507072,0.000142783694507072,0.00012794507468419028
8,0.4,134,0.02212542093150293,0.00014884222894067325,0.00014884222894067325,0.00012475768086468413
8,0.4,135,0.02206951139393051,0.0001294692368297472,0.00011321107734793036,0.0001294692368297472
8,0.4,136,0.021929762490563925,0.0001406936599141176,0.00014069365991411758,0.00012155968145657373
8,0.4,137,0.021991122216444548,0.00012607964616546429,0.00011189823601409597,0.00012607964616546429
8,0.4,138,0.02212524905485164,0.00012445719642893376,0.00012332468704447517,0.00012445719642893376
8,0.4,139,0.021993527075769823,0.0001267995392887018,0.00010160459637074762,0.0001267995392887018
8,0.4,140,0.02209229133850267,0.00013141539732353905,0.00013141539732353905,0.00012397115746135947
8,0.4,141,0.022034261877512142,0.00012814968351936555,0.00010229106461823268,0.00012814968351936555
8,0.4,142,0.022065853045368018,0.00012826915337531066,0.00011165421834190796,0.00012826915337531066
8,0.4,143,0.022176131772897865,0.0001293698893542776,9.661855080479845e-05,0.0001293698893542776
8,0.4,144,0.02212361476534712,0.00012849407298913383,0.00012279580023322526,0.00012849407298913383
8,0.4,145,0.02210385747509696,0.000136240777694826,0.000136240777694826,0.00013039828147410774
8,0.4,146,0.021984710364984065,0.0001327687062626962,0.00013181640864231512,0.0001327687062626962
8,0.4,147,0.022236371782803754,0.00014886157594705168,0.00014886157594705168,0.00013391922174697062
8,0.4,148,0.022006887097191268,0.0001401128451325145,0.0001401128451325145,0.00012575547017739636
8,0.4,149,0.022087537464903835,0.00014055983664929174,0.0001405598366492917,0.00013113372744208754
8,0.4,150,0.022271386132651803,0.0001274964065263384,0.00010518023853017389,0.0001274964065263384
8,0.4,151,0.02234635885967424,0.00013372243432291573,0.0001264824970657938,0.00013372243432291573
8,0.4,152,0.02227987403808055,0.0001529737494658857,0.00015297374946588566,0.00013473103797062306
8,0.4,153,0.022145971476468417,0.00014682471247594108,0.00014682471247594108,0.00013526884376185793
8,0.4,154,0.022058413710075612,0.0001310411218101892,0.0001283263624223036,0.0001310411218101892
8,0.4,155,0.021988205919817295,0.00014722162458914476,0.00014722162458914476,0.0001284471376871813
8,0.4,156,0.021971424755582735,0.0001271630651708076,0.00011249831409954423,0.0001271630651708076
8,0.4,157,0.021963801384356545,0.00016040483467809005,0.00016040483467809005,0.0001270868510889898
8,0.4,158,0.022093074785788258,0.0001607132937621545,0.0001607132937621545,0.00013085663459831053
8,0.4,159,0.022235559052315106,0.0001487308298191293,0.0001487308298191293,0.00013349423113977128
8,0.4,160,0.022065482659145465,0.0001574193874882727,0.0001574193874882727,0.00013315234978994138
8,0.4,161,0.021999329967557928,0.00018077540021151366,0.00018077540021151366,0.00013090676358098964
8,0.4,162,0.02209411334358987,0.00017218833618641571,0.00017218833618641571,0.00012726685425353823
8,0.4,163,0.022012324082230913,0.000163988803100935,0.000163988803100935,0.00012723946287637906
8,0.4,164,0.021987834555946408,0.00014502307686635506,0.00014502307686635506,0.00012658754526420648
8,0.4,165,0.022060157478334445,0.0001286615978055286,0.00012696493384296083,0.0001286615978055286
8,0.4,166,0.022083514281561977,0.00012709810004962746,0.00011221467449548138,0.00012709810004962746
8,0.4,167,0.0219376714586153,0.0001251347837192035,0.00010723206672313683,0.0001251347837192035
8,0.4,168,0.021982404992850764,0.00012739825045683165,0.0001086209647801839,0.00012739825045683165
8,0.4,169,0.021880224625314203,0.00013596428141643565,0.00013596428141643565,0.00012538368351987204
8,0.4,170,0.02213917280046129,0.00012324319865049686,0.00010730597669430223,0.00012324319865049686
8,0.4,171,0.02212212253260149,0.00013971644063609937,0.00013971644063609937,0.0001256891788995548
8,0.4,172,0.022013629221283304,0.0001450567427170534,0.0001450567427170534,0.00012720909447517495
8,0.4,173,0.021828290765902272,0.00012389812767585724,0.00011776420834576396,0.00012389812767585724
8,0.4,174,0.021854741612390562,0.00011849827542310524,0.00011178031413635093,0.00011849827542310524
8,0.4,175,0.02192357929572296,0.00012623503800044007,0.00010088214234301177,0.00012623503800044007
8,0.4,176,0.021885246185467624,0.00012747483668734534,0.00011814261085308282,0.00012747483668734534
8,0.4,177,0.021922179753731844,0.00013873866709081739,0.00013873866709081739,0.00012624708135972819
8,0.4,178,0.02201799459090077,0.00012823469450632806,0.00012823469450632804,0.00012550978508606963
8,0.4,179,0.022086108829798685,0.00013771126739915262,0.00013771126739915262,0.00012318576306804267
8,0.4,180,0.02202398880997686,0.00014219459985230612,0.00014219459985230612,0.00013037319816898695
8,0.4,181,0.022106627646918016,0.0001397163022023418,0.0001397163022023418,0.00012822071372078927
8,0.4,182,0.022048669200427178,0.0001432789405996798,0.00014327894059967976,0.00012506087412240355
8,0.4,183,0.02205558125759721,0.00014626729576025835,0.00014626729576025835,0.00013016945030020697
8,0.4,184,0.022072846360431334,0.00017288386448238808,0.00017288386448238808,0.0001303230043415991
8,0.4,185,0.022102437738864174,0.0001434366792842257,0.00014343667928422567,0.00012688020587159205
8,0.4,186,0.021972122549145472,0.00013253776397070498,0.00011710493029836861,0.00013253776397070498
8,0.4,187,0.02187859619698238,0.0001388972225524315,0.0001388972225524315,0.00012812341359191834
8,0.4,188,0.021779135521665455,0.00016640979960840131,0.00016640979960840131,0.0001302485847093859
8,0.4,189,0.021914709631236238,0.0001688721310189897,0.0001688721310189897,0.00013123373313589056
8,0.4,190,0.022034752263687816,0.00015514859627847703,0.00015514859627847706,0.00012887496127091564
8,0.4,191,0.022031937628941296,0.00014017189047869612,0.00014017189047869612,0.0001250542830615809
8,0.4,192,0.022078194122324514,0.00012821392256095657,0.00012198343261641131,0.00012821392256095657
8,0.4,193,0.02216242679722874,0.0001312254418047221,0.00012032015168771095,0.0001312254418047221
8,0.4,194,0.022030540653304436,0.00015523200533937184,0.00015523200533937184,0.00012700550497203366
8,0.4,195,0.021883865883629557,0.00014994786169648646,0.00014994786169648646,0.00012890022520261796
8,0.4,196,0.02195391766040839,0.00012999075418696347,0.00010700497711436843,0.00012999075418696347
8,0.4,197,0.021999270564818187,0.0001288449568640532,0.00010869548443322012,0.0001288449568640532
8,0.4,198,0.022058244170853905,0.00013057939886561542,0.00011376817452591921,0.00013057939886561542
8,0.4,199,0.02200860475001657,0.00012811867982137035,0.00012718852262206737,0.00012811867982137035
8,0.4,200,0.02208066331790987,0.00012759565508179433,0.00012106148115923889,0.00012759565508179433
8,0.4,201,0.02224818037744942,0.00015912862448554652,0.00015912862448554652,0.0001308075235169799
8,0.4,202,0.022164841316990206,0.00013458162955717355,0.00012938962896363927,0.00013458162955717355
8,0.4,203,0.022143831009763533,0.0001359553420335775,0.00012056891699906661,0.0001359553420335775
8,0.4,204,0.022345582955445326,0.00013646230414241425,0.00010971215564708873,0.00013646230414241425
8,0.4,205,0.022259446729714562,0.00013539846623652585,0.00010298201732510806,0.00013539846623652585
8,0.4,206,0.022144580063461837,0.0001289501103825462,0.00012895011038254617,0.00012500489263948345
8,0.4,207,0.022080112324230385,0.00013636618105520969,0.00013636618105520969,0.00012401395831811046
8,0.4,208,0.022023857870451857,0.00012711815766378273,0.00012298648095823727,0.00012711815766378273
8,0.4,209,0.02204356238638724,0.0001297492195572369,0.00012800306564362315,0.0001297492195572369
8,0.4,210,0.0220675351011297,0.00012325557592720283,0.00010868845149708157,0.00012325557592720283
8,0.4,211,0.022019016874866557,0.00012389109160371457,0.00010911754177434173,0.00012389109160371457
8,0.4,212,0.022112213316078957,0.00012797721942502365,0.00011734904292390521,0.00012797721942502365
8,0.4,213,0.021966617257637135,0.00012376469928073437,0.00012362255760055616,0.00012376469928073437
8,0.4,214,0.022107279291489385,0.00012818418723905387,0.00012818418723905387,0.0001277434297383653
8,0.4,215,0.02200630515490697,0.00013262361802959965,0.00012608983462821996,0.00013262361802959965
8,0.4,216,0.022190134636483165,0.000150347106044001,0.000150347106044001,0.00013092399744075683
8,0.4,217,0.021896525291203513,0.0001289436321314545,0.00010218283186390559,0.0001289436321314545
8,0.4,218,0.022089898978156563,0.00013304933467629383,0.0001121885826376132,0.00013304933467629383
8,0.4,219,0.022027245515084573,0.00012865058527557072,0.00012639948732048607,0.00012865058527557072
8,0.4,220,0.022008765494688116,0.00013353595335132757,0.00013353595335132757,0.00013028476984319455
8,0.4,221,0.022081636124980677,0.0001282742089396245,0.00011703662833106896,0.0001282742089396245
8,0.4,222,0.022182726405266365,0.00012916235940024534,0.00012916235940024534,0.00012636543523750308
8,0.4,223,0.02217739163060578,0.00013000751607099916,0.00010516092164780754,0.00013000751607099916
8,0.4,224,0.0221390579706598,0.00013173470709905238,0.00011487620657702865,0.00013173470709905238
8,0.4,225,0.02207674832098667,0.0001475112220137618,0.0001475112220137618,0.00013202634826843673
8,0.4,226,0.022283823037578816,0.00012613170773313382,0.0001207400274134161,0.00012613170773313382
8,0.4,227,0.022149140137273097,0.00012508345308610746,0.00011116221427078828,0.00012508345308610746
8,0.4,228,0.022144142111323307,0.00012647697795788027,0.00012203810662131318,0.00012647697795788027
8,0.4,229,0.022041058014917923,0.0001306431594823215,0.0001224261045172874,0.0001306431594823215
8,0.4,230,0.02213001180561066,0.0001543258879461078,0.00015432588794610778,0.00012614855147010393
8,0.4,231,0.022404212888552582,0.00013065512986063378,0.00013065512986063378,0.00012926557706734662
8,0.4,232,0.022467569193306343,0.0001436439544221164,0.0001436439544221164,0.00012806054797094004
8,0.4,233,0.022384586586602844,0.0001314314256009324,0.0001314314256009324,0.0001262674168856661
8,0.4,234,0.022338795087722584,0.00012834871341048867,0.00012834871341048867,0.00012535514389648772
8,0.4,235,0.0221197769267134,0.00013527998660936463,0.00013527998660936463,0.0001221287177651714
8,0.4,236,0.022082087667200417,0.00012465930422381587,0.00011662393389176119,0.00012465930422381587
8,0.4,237,0.02218785531568179,0.00014217386994385474,0.00014217386994385474,0.0001295233919097898
8,0.4,238,0.022206146328093857,0.00012812093371832912,0.00012812093371832912,0.00012682407268571955
8,0.4,239,0.022243655139421382,0.0001333075526778014,0.0001333075526778014,0.00012737328325370612
8,0.4,240,0.022036045301996304,0.00014003549400488764,0.00014003549400488764,0.0001231625531488682
8,0.4,241,0.022007517478008196,0.0001586693045043282,0.0001586693045043282,0.0001307345203749296
8,0.4,242,0.02220875986370975,0.00013136425427677316,0.00013136425427677316,0.0001308981330195739
8,0.4,243,0.02215556188045689,0.00012658797167689116,0.00012658797167689116,0.00012415126329748776
8,0.4,244,0.022064684864483076,0.00012907628480946615,0.00012907628480946615,0.0001272335240664313
8,0.4,245,0.02196686673051707,0.00014424262121397001,0.00014424262121397001,0.00012568222527661768
8,0.4,246,0.022004603839709473,0.00013922017551334416,0.00013922017551334416,0.0001282184258048909
8,0.4,247,0.022030202158211606,0.00012971008771354213,0.00012966609933990643,0.00012971008771354213
8,0.4,248,0.02210066779997714,0.00012971733410192644,0.00012971733410192644,0.00012749962016357825
8,0.4,249,0.022043713904714404,0.00013740201488900993,0.00011569844165432252,0.00013740201488900993
8,0.4,250,0.02205925219992856,0.00013438813495005456,0.00012223086992932736,0.00013438813495005456
8,0.4,251,0.02204904254030695,0.00013008536412823464,0.00011455670853430538,0.00013008536412823464
8,0.4,252,0.0219782804541967,0.0001278553006341091,0.00012502891702882742,0.0001278553006341091
8,0.4,253,0.022085267457316586,0.00013566148600951107,0.00013566148600951107,0.00013070590640697248
8,0.4,254,0.02182109390960912,0.0001294386168913549,0.00012746751551402928,0.0001294386168913549
8,0.4,255,0.021932909643317813,0.00013131636019959292,0.0001313163601995929,0.00012263368854782412
8,0.4,256,0.021849968869838473,0.00011912342800825584,0.00011823172190020362,0.00011912342800825584
8,0.4,257,0.021670730925804065,0.0001252685277302518,0.0001031535767346481,0.0001252685277302518
8,0.4,258,0.02200629040059159,0.00012481770407736064,0.00012424381245782257,0.00012481770407736064
8,0.4,259,0.02184857235731889,0.00013266738535172928,0.00012217628422344972,0.00013266738535172928
8,0.4,260,0.021910099024978195,0.0001463772763817355,0.0001463772763817355,0.0001287636203081367
8,0.4,261,0.0220137814080079,0.00014332195771557635,0.00014332195771557635,0.0001246743380487455
8,0.4,262,0.022139767901188805,0.0001382089748635307,0.0001382089748635307,0.0001285920993680175
8,0.4,263,0.022170016954517133,0.00014584323096739673,0.00014584323096739673,0.00013257533486049473
8,0.4,264,0.02227860257782761,0.00012910948005531893,0.00011831137270781022,0.00012910948005531893
8,0.4,265,0.022165324717951542,0.00013737546045808905,0.00013737546045808905,0.00012752335587912464
8,0.4,266,0.02198375760625148,0.00012928127194116124,0.00012275401231258307,0.00012928127194116124
8,0.4,267,0.022075185326057064,0.0001247692894104385,0.0001123075592580459,0.0001247692894104385
8,0.4,268,0.02198825717275008,0.0001307020931488828,0.0001307020931488828,0.00012554496751758344
8,0.4,269,0.022129637200470842,0.00012725033730145232,0.0001265896783381494,0.00012725033730145232
8,0.4,270,0.022137923172768557,0.00013167576893277508,0.00013167576893277505,0.00012462834794688395
8,0.4,271,0.022101765632817613,0.00013935558349040147,0.00013935558349040145,0.0001286203686030839
8,0.4,272,0.02197883161529108,0.00013352138436432536,0.000125861949508096,0.00013352138436432536
8,0.4,273,0.022045820742647392,0.00013086433179204679,0.00012148641827989513,0.00013086433179204679
8,0.4,274,0.022124888890013777,0.00013738775366686987,0.00013738775366686987,0.00013236469423586
8,0.4,275,0.021903524251102157,0.00017508264938754037,0.00017508264938754037,0.0001278939553239976
8,0.4,276,0.02201626386154581,0.00017090096404544035,0.00017090096404544035,0.0001291194060236969
8,0.4,277,0.021979052333749607,0.0001332425797993787,0.0001332425797993787,0.00013090059216605654
8,0.4,278,0.02195169483809544,0.00012633537445895632,0.00012278609230831092,0.00012633537445895632
8,0.4,279,0.021938944841256802,0.0001353855174357322,0.0001353855174357322,0.00012609174389049399
8,0.4,280,0.022011261402156597,0.00014997160721546166,0.00014997160721546166,0.00012706972846561538
8,0.4,281,0.02214658539642069,0.00013891792400148626,0.00013891792400148626,0.00012935972291422916
8,0.4,282,0.021994523541867615,0.00013679983908468365,0.00013679983908468365,0.00012895592050556613
8,0.4,283,0.021996248599356637,0.0001302673256864389,0.00012853115300013815,0.0001302673256864389
8,0.4,284,0.021968682740654052,0.00013541051478772943,0.00013541051478772943,0.00012915837636549466
8,0.4,285,0.02211859927670011,0.0001328026039156371,0.0001328026039156371,0.00012745773562264048
8,0.4,286,0.0220693793835516,0.00013097848334586945,0.00010190486223814688,0.00013097848334586945
8,0.4,287,0.022115337330073297,0.00014057075148798265,0.00014057075148798265,0.00013034370008976418
8,0.4,288,0.022101034525551243,0.00013697940544885135,0.00013697940544885138,0.0001285062234820462
8,0.4,289,0.022010266733578872,0.00013695531481817573,0.00013695531481817573,0.00012996446274785733
8,0.4,290,0.021840750423133996,0.00012924279855346327,0.00012358427949100376,0.00012924279855346327
8,0.4,291,0.021886323371223076,0.00012939613892840168,0.00012939613892840168,0.000127664506713745
8,0.4,292,0.02206866169506065,0.00016473364200535572,0.00016473364200535572,0.00012845181205947817
8,0.4,293,0.022043795848087803,0.0001374237004554376,0.0001374237004554376,0.00012521512382991442
8,0.4,294,0.02199396253328393,0.00013970414231684515,0.00013970414231684515,0.0001261833319332014
8,0.4,295,0.022098256380438958,0.00014160703364302793,0.00014160703364302793,0.00012803155327325303
8,0.4,296,0.02197933558305695,0.00013346573900487749,0.00012101718217438179,0.00013346573900487749
8,0.4,297,0.021890463606303624,0.00013888361451245304,0.00013888361451245304,0.00012984846982169962
8,0.4,298,0.021869590532649242,0.0001358747172774168,0.0001358747172774168,0.0001273529892568596
8,0.4,299,0.022019231304673606,0.0001300896951193864,0.00012812334469242503,0.0001300896951193864
8,0.4,300,0.02186902689917279,0.0001308183830423775,0.00013046722543669006,0.0001308183830423775
8,0.4,301,0.0218916514529317,0.0001316405988891772,0.0001316405988891772,0.00012695991364582572
8,0.4,302,0.02217952814015151,0.00013738773135656636,0.00013738773135656636,0.00012618063304403474
8,0.4,303,0.022055935081031815,0.00012892885054260057,0.00011520440850014117,0.00012892885054260057
8,0.4,304,0.02216201726412862,0.00013679640811396535,0.00013679640811396535,0.0001279642322907889
8,0.4,305,0.022304809977581545,0.00013164718106657507,0.00013155876859279877,0.00013164718106657507
8,0.4,306,0.022194689707027617,0.00013999671665976742,0.00013999671665976742,0.000126306704805115
8,0.4,307,0.022130953326060358,0.0001424662402616855,0.0001424662402616855,0.00012423748233269716
8,0.4,308,0.021962509866291717,0.00013713684311911304,0.00013713684311911304,0.00012484998845004153
8,0.4,309,0.022102803419289437,0.00014728500745978706,0.00014728500745978703,0.00012345114766827096
8,0.4,310,0.022124832402065867,0.00016488875136151483,0.00016488875136151483,0.0001298041904355583
8,0.4,311,0.022138510026891035,0.00014206397738012708,0.00014206397738012705,0.00012440549113880837
8,0.4,312,0.02202591472956158,0.00013038952758323344,0.00013038952758323344,0.00012573600759146418
8,0.4,313,0.022061898466511014,0.0001560032906822027,0.0001560032906822027,0.00012526985076483373
8,0.4,314,0.02215789936193965,0.00014907087949876554,0.00014907087949876554,0.00012500690389109426
8,0.4,315,0.022191429035061275,0.00013659190172767726,0.00013659190172767726,0.00012836373457247632
8,0.4,316,0.02213738600331009,0.00015801162561511996,0.00015801162561511993,0.00012921152969218907
8,0.4,317,0.022022709522665097,0.00014209720952739087,0.00014209720952739084,0.00012998362754440155
8,0.4,318,0.022169095561938138,0.000132412589382147,0.00012372325242585597,0.000132412589382147
8,0.4,319,0.022100117982801433,0.0001475149483792628,0.0001475149483792628,0.0001253073290442363
8,0.4,320,0.02207540916528997,0.00012807493706757384,0.00010888588425468492,0.00012807493706757384
8,0.4,321,0.021926746002099182,0.00012833487263199067,0.00012833487263199064,0.00012659584885304785
8,0.4,322,0.021741657974189976,0.0001265045938220272,0.00010417072132343306,0.0001265045938220272
8,0.4,323,0.021806552800546983,0.00013027801317979198,0.00013027801317979198,0.00012577437671406486
8,0.4,324,0.021913347752054342,0.00012218207700871907,0.00011508824929616944,0.00012218207700871907
8,0.4,325,0.022039222941131528,0.00014550308154088638,0.00014550308154088638,0.00012842668188987115
8,0.4,326,0.021965266428191455,0.00012506106413384758,0.0001169640952746248,0.00012506106413384758
8,0.4,327,0.02207749830211088,0.00012543921767858523,0.00012543921767858523,0.00012481814079274434
8,0.4,328,0.022066316948701807,0.00014444969460832864,0.00014444969460832864,0.0001222040802650242
8,0.4,329,0.021909823230857876,0.00012225095457524469,0.00012129323198901562,0.00012225095457524469
8,0.4,330,0.021910388515959764,0.0001492605864320027,0.0001492605864320027,0.00012384600305299118
8,0.4,331,0.022018739954145265,0.00017261647022194854,0.00017261647022194854,0.000122508790776858
8,0.4,332,0.021819879128719574,0.00016085344518444148,0.00016085344518444148,0.00012483367444766607
8,0.4,333,0.021916121905766653,0.00014866392186223168,0.00014866392186223165,0.0001246917086199165
8,0.4,334,0.022002370687602954,0.00013928608804533596,0.00013928608804533596,0.00012326651329771024
8,0.4,335,0.022089105619661775,0.00015169489669449978,0.00015169489669449978,0.00012309892996342734
8,0.4,336,0.02208082891736698,0.00012500414566399807,0.00010427340382045415,0.00012500414566399807
8,0.4,337,0.02214541319247234,0.00012580572804421532,0.00010908680449081485,0.00012580572804421532
8,0.4,338,0.022169892749343372,0.00012650823645918996,0.0001222862119491751,0.00012650823645918996
8,0.4,339,0.022250798351871697,0.0001350253709456935,0.0001350253709456935,0.00012898476938120483
8,0.4,340,0.022088497709241855,0.0001309241383233001,0.0001266919429602938,0.0001309241383233001
8,0.4,341,0.022070036001079492,0.0001340707688681398,0.00010580661468089181,0.0001340707688681398
8,0.4,342,0.022285285690257617,0.0001267642800629086,0.0001267642800629086,0.00012471639010024752
8,0.4,343,0.022247799944852008,0.00013195761942426718,0.00011994090908385418,0.00013195761942426718
8,0.4,344,0.022196277897641843,0.00013503514775185002,0.00013503514775185002,0.00012915819923856777
8,0.4,345,0.022135830448287066,0.000130233478021095,0.00011820857590686285,0.000130233478021095
8,0.4,346,0.022208203135197082,0.00013535062963513912,0.0001050347385235444,0.00013535062963513912
8,0.4,347,0.022084678019378124,0.00013113766813693911,0.00011316965067114882,0.00013113766813693911
8,0.4,348,0.0219933312876376,0.00012897464662863585,0.00011382496374022833,0.00012897464662863585
8,0.4,349,0.022100252925935163,0.00013348547915539093,0.00013348547915539093,0.00013339783250583597
8,0.4,350,0.02206018412899056,0.00013005507669664381,0.00011468479152389977,0.00013005507669664381
8,0.4,351,0.022203691118537185,0.00012821234004500078,0.00011888413685243189,0.00012821234004500078
8,0.4,352,0.02185973867474685,0.00012335458577082917,0.00012067933411897209,0.00012335458577082917
8,0.4,353,0.021873530699941204,0.00014621101172419663,0.00014621101172419663,0.0001259923767112857
8,0.4,354,0.021851741645450753,0.00012621697170846007,0.00011290085481338782,0.00012621697170846007
8,0.4,355,0.022048652126289415,0.00012792025592329905,0.00012792025592329905,0.0001260931476051412
8,0.4,356,0.02199506220644658,0.00012272865202743005,0.00010726939100176024,0.00012272865202743005
8,0.4,357,0.021994637894573888,0.00012467859065798284,0.00012139675669330342,0.00012467859065798284
8,0.4,358,0.022082416842713632,0.0001431798892493464,0.0001431798892493464,0.00012860015694582736
8,0.4,359,0.021924610058471572,0.00013662109453287729,0.00013662109453287729,0.00012945674237916093
8,0.4,360,0.02208557090571016,0.00013174405946676126,0.00013174405946676126,0.00012720830742824084
8,0.4,361,0.022209395428529063,0.00014293071455104378,0.00014293071455104378,0.00012844895313424598
8,0.4,362,0.0220603863746189,0.00014025813585125292,0.00014025813585125292,0.00012504037415853159
8,0.4,363,0.022147019495422755,0.0001338458938290116,0.00012034703614039973,0.0001338458938290116
8,0.4,364,0.022060706102052238,0.00012794811896912076,0.00012440237196553584,0.00012794811896912076
8,0.4,365,0.022226955534129293,0.00013221300434221209,0.00013050490061434562,0.00013221300434221209
8,0.4,366,0.022135293284939562,0.000130531298519284,0.00011833210360731716,0.000130531298519284
8,0.4,367,0.022179288166647777,0.000122132416421143,0.00011710213139313623,0.000122132416421143
8,0.4,368,0.02209486744684706,0.00013245081878375384,0.00012183583489942686,0.00013245081878375384
8,0.4,369,0.022124044285865375,0.00012826166632235524,0.00011396273311264418,0.00012826166632235524
8,0.4,370,0.02197253795574801,0.00012746785502184245,0.00010465183913295607,0.00012746785502184245
8,0.4,371,0.022026984018063484,0.00012887197952989653,0.00012308673248880914,0.00012887197952989653
8,0.4,372,0.022137754635959638,0.00013230873481059628,0.00011665366868514016,0.00013230873481059628
8,0.4,373,0.02210890610438582,0.00012801850444799347,0.00011724273906252473,0.00012801850444799347
8,0.4,374,0.02217244554416714,0.0001251127081572132,0.00010473553568144373,0.0001251127081572132
8,0.4,375,0.02206161930986212,0.00013022590579882118,0.00011609799284270827,0.00013022590579882118
8,0.4,376,0.022079060131982235,0.00012435018933300903,0.00011511797225264087,0.00012435018933300903
8,0.4,377,0.021913711422517027,0.00014987843655236746,0.00014987843655236743,0.00012489651469163818
8,0.4,378,0.02188367418221941,0.0001321311355479265,0.0001321311355479265,0.0001236299454009322
8,0.4,379,0.021798090387962713,0.0001445783005201451,0.0001445783005201451,0.0001268245149417593
8,0.4,380,0.021733438375971522,0.00012898881938490795,0.00012898881938490795,0.0001214127556343307
8,0.4,381,0.021809953871873584,0.00012433659541655656,0.0001225197187947189,0.00012433659541655656
8,0.4,382,0.022033164366984055,0.00014604452142664656,0.00014604452142664656,0.00012801554814774186
8,0.4,383,0.02210767891138984,0.00013728323093711468,0.00013728323093711465,0.00013070005006918117
8,0.4,384,0.02218399781505881,0.00013260388730749177,0.00010885842598181386,0.00013260388730749177
8,0.4,385,0.022057667619472587,0.00012816996700494685,0.00011130195351206973,0.00012816996700494685
8,0.4,386,0.02206475032978392,0.00012304689256513614,0.00010640647774260783,0.00012304689256513614
8,0.4,387,0.022026197198982463,0.0001311843677332406,0.00012611548596810017,0.0001311843677332406
8,0.4,388,0.0221312799587986,0.00013693533545038354,0.00013693533545038354,0.00012985164011059533
8,0.4,389,0.02220267834387645,0.00012782797879951248,0.00012001003642814298,0.00012782797879951248
8,0.4,390,0.02222403280842549,0.0001301665309497663,0.00011400378396669106,0.0001301665309497663
8,0.4,391,0.022147210469397344,0.0001301704567242867,0.00012503156232069836,0.0001301704567242867
8,0.4,392,0.02215011076583342,0.00013376989219760998,0.00013376989219760998,0.00012589245695994813
8,0.4,393,0.022180215046953743,0.00014995166328622252,0.00014995166328622252,0.0001316155131558419
8,0.4,394,0.022120413662003645,0.00014261040365874515,0.00014261040365874515,0.00012985297236914366
8,0.4,395,0.02204748534268619,0.00012684824477104205,0.00011745631112040978,0.00012684824477104205
8,0.4,396,0.02210908459225516,0.00014410827166707338,0.0001441082716670734,0.00012635458083238516
8,0.4,397,0.021985397064589053,0.00015194577059098545,0.00015194577059098543,0.00012562386991283824
8,0.4,398,0.02210429089595012,0.00014436339269499295,0.00014436339269499295,0.0001279086314050134
8,0.4,399,0.02206656705744725,0.0001830939360946576,0.0001830939360946576,0.0001250810917941614
8,0.4,400,0.022066275052671284,0.00015483699733514006,0.00015483699733514009,0.0001313977180673156
8,0.4,401,0.021986559047405978,0.00014132777370989879,0.0001413277737098988,0.00013241397493425215
8,0.4,402,0.02203186347132178,0.00013204432787259385,0.00013204432787259385,0.0001288996501827906
8,0.4,403,0.021968067143066435,0.00014152016202228048,0.00014152016202228048,0.00012958711004642208
8,0.4,404,0.02209665533479253,0.00014909329307351597,0.00014909329307351597,0.00012947073978276453
8,0.4,405,0.02208991688276261,0.00013531567380871713,0.00013531567380871713,0.00012521161942724988
8,0.4,406,0.022226609862328644,0.000142455984465254,0.000142455984465254,0.0001310931758453802
8,0.4,407,0.022282983113424613,0.000134076827099789,0.00012790738278691877,0.000134076827099789
8,0.4,408,0.02247127752947564,0.00014621827035985756,0.00014621827035985756,0.00013639748570601543
8,0.4,409,0.022129430457812398,0.0001320395437297039,0.0001320395437297039,0.0001300796687685266
8,0.4,410,0.022150463892547923,0.000122734685610873,0.00011570154403994835,0.000122734685610873
8,0.4,411,0.02189035201935811,0.0001278878765079091,0.0001278878765079091,0.0001206749555765877
8,0.4,412,0.022000568547518178,0.0001236007449309465,0.00011083416500270295,0.0001236007449309465
8,0.4,413,0.02217818266145565,0.00012960999337891503,0.00012797734914101746,0.00012960999337891503
8,0.4,414,0.02202582080786235,0.00013138388567410832,0.0001273928631277496,0.00013138388567410832
8,0.4,415,0.022067734941997093,0.0001268076043705873,0.0001149214804195067,0.0001268076043705873
8,0.4,416,0.02200821363741869,0.00012670864718155965,0.00011482102995684873,0.00012670864718155965
8,0.4,417,0.0220246936570736,0.0001326473036219854,0.00011782245896489055,0.0001326473036219854
8,0.4,418,0.021902355952436718,0.00012939408568878502,0.00011419907801598439,0.00012939408568878502
8,0.4,419,0.02187487594385209,0.00012471573780729848,0.0001121886440011101,0.00012471573780729848
8,0.4,420,0.021854298155437844,0.00013397987409361506,0.00013397987409361503,0.00012342414340368768
8,0.4,421,0.02174830795160628,0.00012819990538600798,0.00012000708368835454,0.00012819990538600798
8,0.4,422,0.02193403353149888,0.00013523258704260436,0.00013523258704260433,0.00012795549556610805
8,0.4,423,0.021981706473060116,0.00014804913265783532,0.00014804913265783532,0.00013078858996755634
8,0.4,424,0.022067277306998038,0.00013248808351235114,0.00013248808351235114,0.0001312034038261434
8,0.4,425,0.022178624283525773,0.0001313120477225399,0.0001313120477225399,0.00013006362108983373
8,0.4,426,0.0219541656121689,0.00012324855929578144,0.00012006250417809432,0.00012324855929578144
8,0.4,427,0.02219864157743785,0.0001291369853550505,0.00011941150244730295,0.0001291369853550505
8,0.4,428,0.022125920873999443,0.00012734047421763614,0.00012120923435887365,0.00012734047421763614
8,0.4,429,0.022288092370962083,0.00015575965217405217,0.00015575965217405215,0.00013050946674428385
8,0.4,430,0.022251260562990524,0.00014415813837498706,0.00014415813837498706,0.0001266833573914232
8,0.4,431,0.02215555422609899,0.00012641817689281427,0.0001161702940654366,0.00012641817689281427
8,0.4,432,0.022066964281739855,0.00012587795034739888,0.00010743674044376447,0.00012587795034739888
8,0.4,433,0.022057776901021214,0.0001311838633904433,0.00011917088270059187,0.0001311838633904433
8,0.4,434,0.02185450557873686,0.00012935986803434807,0.00012583722611679023,0.00012935986803434807
8,0.4,435,0.021802259242218024,0.00012768887632225832,0.00011926244582669355,0.00012768887632225832
8,0.4,436,0.021904281716314013,0.00013815368147991941,0.00013815368147991941,0.0001292235478830368
8,0.4,437,0.0219779101663362,0.0001281320302244534,0.00012559125820943147,0.0001281320302244534
8,0.4,438,0.02212456440854088,0.00014135527859712732,0.00014135527859712732,0.00012736724850789726
8,0.4,439,0.022058960094488652,0.00014361883787759503,0.00014361883787759503,0.000124400601015818
8,0.4,440,0.02214160618645207,0.0001528112114321452,0.0001528112114321452,0.00013153950539248585
8,0.4,441,0.02221829615225335,0.00015643014737232088,0.00015643014737232088,0.0001325158269896431
8,0.4,442,0.02209512902163828,0.00015285710156740147,0.00015285710156740147,0.00012560128601263825
8,0.4,443,0.022090044197261894,0.00012229229725020514,0.00011894899774470833,0.00012229229725020514
8,0.4,444,0.022176679210420165,0.00012624724923043863,9.686989209739598e-05,0.00012624724923043863
8,0.4,445,0.022062690597279087,0.00012796779059826122,0.00012115340167677407,0.00012796779059826122
8,0.4,446,0.022080697678044107,0.00013097623679197978,0.00010691047695977059,0.00013097623679197978
8,0.4,447,0.021960125507333984,0.00012311369749208888,9.718543661384165e-05,0.00012311369749208888
8,0.4,448,0.02168673184633695,0.00011854478537399686,0.00011708366068222687,0.00011854478537399686
8,0.4,449,0.021703561993524013,0.0001287777036092529,0.00012833362354506143,0.0001287777036092529
8,0.4,450,0.021759665664129135,0.00013241242970302283,0.00013118612295675178,0.00013241242970302283
8,0.4,451,0.02179307253047718,0.00017450918779808757,0.00017450918779808757,0.0001297096558454858
8,0.4,452,0.02187443013722492,0.00015793519576638994,0.00015793519576638994,0.00012732229841035486
8,0.4,453,0.02203739620998206,0.0001607883535231446,0.0001607883535231446,0.00012696376547271097
8,0.4,454,0.02186141022858768,0.0001347597002914066,0.00013475970029140663,0.00012531906883661104
8,0.4,455,0.02213087694218633,0.0001291770408326074,0.00010165293762089505,0.0001291770408326074
8,0.4,456,0.022066674101864983,0.000124581884690842,0.0001186453243911196,0.000124581884690842
8,0.4,457,0.022078667247646365,0.00012781759314234878,9.721783552420993e-05,0.00012781759314234878
8,0.4,458,0.02197434065783981,0.00012585210484184506,0.00010541887334696269,0.00012585210484184506
8,0.4,459,0.022087425009128542,0.00015046929170860543,0.00015046929170860543,0.0001278383483013977
8,0.4,460,0.022098794018263354,0.00015173698875865587,0.00015173698875865587,0.00013110968775035284
8,0.4,461,0.02210095092416311,0.000154258220436836,0.000154258220436836,0.00012603469024465673
8,0.4,462,0.022141067987093217,0.00013188237795648628,0.0001318823779564863,0.00012949867939365304
8,0.4,463,0.022150581214429997,0.000130843727156115,0.000130843727156115,0.00012848054958219674
8,0.4,464,0.02200203344660482,0.0001591180696259953,0.0001591180696259953,0.0001273123425010856
8,0.4,465,0.022087417244746842,0.00012872897071017017,0.0001286275821856474,0.00012872897071017017
8,0.4,466,0.022037300936688896,0.00012976463284985202,0.00012848542495666728,0.00012976463284985202
8,0.4,467,0.021884796542275067,0.00013679299045869,0.00013679299045869,0.00012485696349107955
8,0.4,468,0.021845623652683773,0.000137422159207375,0.000137422159207375,0.00012999300955200013
8,0.4,469,0.022036636478669748,0.00012470517692516378,0.00011714431197235378,0.00012470517692516378
8,0.4,470,0.022061435161738675,0.00014965729794946166,0.00014965729794946166,0.00011983817240799783
8,0.4,471,0.022091284038033687,0.0001259971760402911,0.00012049045581416607,0.0001259971760402911
8,0.4,472,0.022029782014885167,0.00016560454933799515,0.00016560454933799515,0.00013233057370915766
8,0.4,473,0.022027269513314116,0.0001319773824427409,0.00012310490771325302,0.0001319773824427409
8,0.4,474,0.021923998654897976,0.00012808626998568777,0.00012808626998568777,0.00012642496166582136
8,0.4,475,0.021873361111588285,0.00014827403232376717,0.00014827403232376717,0.00012918231086202233
8,0.4,476,0.021878217074259226,0.00016704241880624506,0.00016704241880624506,0.00013069859106532703
8,0.4,477,0.021928359547926112,0.0001426969385997994,0.0001426969385997994,0.00012962408827177222
8,0.4,478,0.022022501262921147,0.00012989143974609352,0.00011833030451075271,0.00012989143974609352
8,0.4,479,0.02207045740955416,0.00014663598465108926,0.00014663598465108926,0.00012804324832530316
8,0.4,480,0.021874775184084778,0.00016290335181400682,0.00016290335181400682,0.00012840846867455576
8,0.4,481,0.021825555715913655,0.00015783672807284115,0.00015783672807284115,0.000127233145801783
8,0.4,482,0.021833455874629395,0.00013283972869032734,0.00013283972869032734,0.00012532104873015933
8,0.4,483,0.021981155824296026,0.00012512831664518163,0.00010446724969107173,0.00012512831664518163
8,0.4,484,0.022066232869913657,0.00013850847960616522,0.00013850847960616522,0.00012999565881634118
8,0.4,485,0.02215421699117903,0.00016289299796369994,0.00016289299796369994,0.0001314055032244568
8,0.4,486,0.022087680306737505,0.0001387176230048426,0.0001387176230048426,0.00012905087048615616
8,0.4,487,0.02198358439342228,0.00016916790150364164,0.00016916790150364164,0.00012987728281327194
8,0.4,488,0.021946944570016027,0.0001821658296357183,0.0001821658296357183,0.00012916690886229595
8,0.4,489,0.021825943632875374,0.0001429202260674676,0.0001429202260674676,0.00012743892046399724
8,0.4,490,0.02198619167152604,0.0001540910264113406,0.0001540910264113406,0.00012227042965564096
8,0.4,491,0.022016126068893967,0.00012470240043656043,0.00012470240043656043,0.00012291208952045716
8,0.4,492,0.022108523899972775,0.00013504898860015616,0.00013504898860015616,0.00012820949676068028
8,0.4,493,0.022126340946939105,0.0001308692011409895,0.00012490721038098927,0.0001308692011409895
8,0.4,494,0.022025869600951438,0.00012736136970272665,0.00012736136970272667,0.00012718739116898117
8,0.4,495,0.021951298285296083,0.0001274034504582759,0.00012740345045827593,0.0001228781208097433
8,0.4,496,0.021931088479071995,0.00016123204786000177,0.00016123204786000177,0.00012771562895101476
8,0.4,497,0.022014580049296593,0.00014744079513788523,0.00014744079513788523,0.0001275726614080666
8,0.4,498,0.022102411172218717,0.00014615001234622368,0.00014615001234622365,0.0001235539861601277
8,0.4,499,0.021993050438934895,0.0001409566100491338,0.0001409566100491338,0.0001254165910766925
8,0.4,500,0.02203341231310294,0.0001590671320616234,0.00015906713206162337,0.00012962355027255857
8,0.5,0,0.08254648239775099,0.00023869904457063165,0.00021376151216675026,0.00023869904457063165
8,0.5,1,0.05064726829810053,0.00024221805447111714,0.00022389121175780206,0.00024221805447111714
8,0.5,2,0.03735375047692298,0.00021779042947894434,0.00019554668932303214,0.00021779042947894434
8,0.5,3,0.030588581689828163,0.0002109337648163272,0.0002109337648163272,0.00018755903858887823
8,0.5,4,0.027101297244096177,0.0001935425065192339,0.00019354250651923386,0.00017259699712645395
8,0.5,5,0.025260332785412246,0.00015990638411209009,0.00012447088403765943,0.00015990638411209009
8,0.5,6,0.02394536573380183,0.0001510849430408859,0.00013072103625884668,0.0001510849430408859
8,0.5,7,0.023050640541850777,0.0001394190455386014,0.0001283181008641442,0.0001394190455386014
8,0.5,8,0.02250076754801788,0.00013576315036418202,9.468030525003977e-05,0.00013576315036418202
8,0.5,9,0.02222695717946011,0.0001290845031962613,0.00012453264600647767,0.0001290845031962613
8,0.5,10,0.0220237902813412,0.00012689890556963915,0.00012689890556963915,0.00012667825621260657
8,0.5,11,0.02198629535322249,0.00013357410764740528,0.00013357410764740525,0.00012807863787410188
8,0.5,12,0.021959110759630564,0.00012427238983785127,0.00011748412710768235,0.00012427238983785127
8,0.5,13,0.022079605543133055,0.00012818491517566004,0.00012818491517566004,0.00012232232464555036
8,0.5,14,0.02182755067172641,0.00013040629300235075,0.00013040629300235075,0.00012678956258260584
8,0.5,15,0.021817947379338835,0.000162241417086437,0.000162241417086437,0.00012606611676417798
8,0.5,16,0.02171789732335449,0.00012444500411964732,0.0001244450041196473,0.00012374145796830105
8,0.5,17,0.021817322810561503,0.0001224765622909154,9.538149485659568e-05,0.0001224765622909154
8,0.5,18,0.021624861640962032,0.0001224916467901582,0.00011103619535753478,0.0001224916467901582
8,0.5,19,0.021681202830546285,0.0001286675310163231,0.0001284879804334091,0.0001286675310163231
8,0.5,20,0.021761784006788534,0.0001439748172328233,0.0001439748172328233,0.00013108276066725854
8,0.5,21,0.021743789519521613,0.0001396988250273406,0.0001396988250273406,0.0001311879326047787
8,0.5,22,0.021745549986667386,0.00012674674877579133,0.0001267467487757913,0.00012526778056855825
8,0.5,23,0.021621258305549076,0.0001224363515524031,0.00011176393877876263,0.0001224363515524031
8,0.5,24,0.0217208799603341,0.0001277259517604065,0.0001277259517604065,0.00011850315537908774
8,0.5,25,0.021781554394225872,0.000158511125617079,0.000158511125617079,0.00012148706783642521
8,0.5,26,0.021824290831043033,0.0001537851045248596,0.0001537851045248596,0.00011935790800403435
8,0.5,27,0.021697855600472615,0.00013322375078958683,0.00013322375078958683,0.00011955589670446158
8,0.5,28,0.021818310968162977,0.0001188357809421837,0.00010536539095006164,0.0001188357809421837
8,0.5,29,0.02169801175050127,0.00015179572942166454,0.00015179572942166451,0.00012095962480971699
8,0.5,30,0.021622268050778985,0.00015014531159134647,0.00015014531159134647,0.00012787214353098363
8,0.5,31,0.021653428119297477,0.00012242566960194841,0.00011687922687398721,0.00012242566960194841
8,0.5,32,0.021674041967757365,0.00012778941609116096,0.00012778941609116096,0.00012609913762757935
8,0.5,33,0.021733813314967636,0.00012858747635992833,0.0001025877074751033,0.00012858747635992833
8,0.5,34,0.021692475229292196,0.00013136213750824505,0.00013136213750824502,0.00012227969280348546
8,0.5,35,0.021806004860385045,0.00012072168590339967,0.00011518073615554362,0.00012072168590339967
8,0.5,36,0.02176056734959154,0.00012524190384567352,0.0001252419038456735,0.00012456840489329937
8,0.5,37,0.021731792060830816,0.00013118364605792582,0.00013118364605792582,0.000126540893479436
8,0.5,38,0.02181049380359876,0.0001263189862992102,0.0001263189862992102,0.00012234446661315952
8,0.5,39,0.021779507334056602,0.00012669834800986277,0.00012589454391403042,0.00012669834800986277
8,0.5,40,0.021671761040131556,0.00012011053586332163,0.00012011053586332164,0.00011879344361147469
8,0.5,41,0.02175721541532266,0.0001369993335372516,0.0001369993335372516,0.0001279107743883623
8,0.5,42,0.021746236840307433,0.00013411807199219914,0.00013411807199219914,0.00012888250373895778
8,0.5,43,0.021710276877292736,0.00013991897749810226,0.00013991897749810223,0.00012478801076442375
8,0.5,44,0.02172407434923976,0.00012808810047256462,0.00011510063107863913,0.00012808810047256462
8,0.5,45,0.021840963308847165,0.00016287280583300655,0.00016287280583300655,0.00012295991291602802
8,0.5,46,0.021670224076069708,0.00013026435126559983,0.00013026435126559983,0.0001247179209474714
8,0.5,47,0.021791227720123835,0.0001326560921954731,0.0001326560921954731,0.00012717736576723274
8,0.5,48,0.021835204192562827,0.00013961638235448272,0.00013961638235448272,0.00012473967807713758
8,0.5,49,0.021811514370215182,0.0001236586854714162,0.00012365868547141616,0.00012228527107736994
8,0.5,50,0.02176706757781278,0.00012344222443769163,0.00011619843834556826,0.00012344222443769163
8,0.5,51,0.02183800890559723,0.00013542391104506704,0.00013542391104506704,0.00012513386992776292
8,0.5,52,0.02189999480710177,0.00013390544964247102,0.000133905449642471,0.00012339496546174712
8,0.5,53,0.02180064950019839,0.00012367239415458453,9.169833113201493e-05,0.00012367239415458453
8,0.5,54,0.021787491141552744,0.000125387201937136,0.0001137884124455259,0.000125387201937136
8,0.5,55,0.02168299395781525,0.00014391043403879866,0.00014391043403879866,0.0001262589411851224
8,0.5,56,0.021698898189289814,0.00012729142034576254,0.0001013020591221687,0.00012729142034576254
8,0.5,57,0.021627181649868352,0.0001235224333036718,0.00010923051847676851,0.0001235224333036718
8,0.5,58,0.021655209813190857,0.0001307026977633085,0.0001307026977633085,0.00011990860038108307
8,0.5,59,0.02161092973795253,0.0001280615994356026,0.0001280615994356026,0.00012094205512903795
8,0.5,60,0.021548592870308227,0.00013781775348090875,0.00013781775348090878,0.00012248720824640242
8,0.5,61,0.02145461592824838,0.00012623164260673286,0.00012623164260673286,0.00012191375407069838
8,0.5,62,0.021708713107602858,0.0001224754536794338,9.395606470070544e-05,0.0001224754536794338
8,0.5,63,0.021679815096470576,0.00013139189001868493,0.00011147463605398963,0.00013139189001868493
8,0.5,64,0.021698673862425643,0.00012893287491834313,0.00012024674626027629,0.00012893287491834313
8,0.5,65,0.02183590801927003,0.00013001612147780624,0.0001266006933924101,0.00013001612147780624
8,0.5,66,0.021781909404561105,0.00012608230605727977,0.00012608230605727977,0.00012332590202142736
8,0.5,67,0.02161168245068382,0.00012753787263749652,0.00012753787263749652,0.00012277483105999147
8,0.5,68,0.021822133998455277,0.0001193644071804687,0.00010295219617530884,0.0001193644071804687
8,0.5,69,0.02157300975290639,0.00012304958978108938,0.00010918942366929626,0.00012304958978108938
8,0.5,70,0.021882657583190492,0.0001263156737367398,0.00011312981026377917,0.0001263156737367398
8,0.5,71,0.02176722785981684,0.00012409025512952952,0.00012409025512952952,0.00012366292761003183
8,0.5,72,0.021738639292503158,0.00014372655227938935,0.00014372655227938937,0.0001253669125919508
8,0.5,73,0.02162990235561728,0.00012049127692569507,0.00011212453900456486,0.00012049127692569507
8,0.5,74,0.021716392550011385,0.00012336280509124087,0.00010916595982484396,0.00012336280509124087
8,0.5,75,0.021682494063128648,0.0001221475820639987,0.00011192956027735533,0.0001221475820639987
8,0.5,76,0.021827145415937766,0.00012281076994532145,0.00010070005651728473,0.00012281076994532145
8,0.5,77,0.02154192022190432,0.00012868777870181044,0.00012536100831177078,0.00012868777870181044
8,0.5,78,0.021560724593338985,0.00012920279408095176,0.00012920279408095176,0.0001262058262475774
8,0.5,79,0.02162792187172232,0.00012206077124046981,0.0001220607712404698,0.00011973645117290425
8,0.5,80,0.02169803394171127,0.00011824215408995328,0.00011628227076274748,0.00011824215408995328
8,0.5,81,0.021685427062736556,0.00013133223279340273,0.00013133223279340273,0.00012334892757013353
8,0.5,82,0.02175842840374048,0.00012842406199165557,0.00012647702729428912,0.00012842406199165557
8,0.5,83,0.021668929881955568,0.00012711647351823488,0.00012711647351823486,0.00012517260043868472
8,0.5,84,0.021766006103419784,0.00014493739968065946,0.00014493739968065946,0.00012538924965066497
8,0.5,85,0.021785927451302943,0.00013353846553795887,0.00013353846553795887,0.0001265364449364576
8,0.5,86,0.021757268163061227,0.00015413200071854035,0.00015413200071854035,0.00012987522315451418
8,0.5,87,0.021676240879364903,0.00012745987039483386,0.00011556851528248277,0.00012745987039483386
8,0.5,88,0.021706183636777433,0.00012038312084411088,0.00012038312084411088,0.00012019526604268739
8,0.5,89,0.02169424868810211,0.00013155462277905937,0.00013155462277905937,0.00011901828170838084
8,0.5,90,0.02183234367262765,0.00012754820192296956,0.00012754820192296956,0.0001235927120207706
8,0.5,91,0.02166969471696371,0.00012845597092724198,0.00010985794518985457,0.00012845597092724198
8,0.5,92,0.02154050977753784,0.00013556449519729874,0.00013556449519729874,0.000115578571579081
8,0.5,93,0.02176739865649269,0.0001602480102497857,0.0001602480102497857,0.00011780612739117647
8,0.5,94,0.021800478570471855,0.0001579499142843963,0.0001579499142843963,0.0001224687270549088
8,0.5,95,0.021793914645591033,0.00013613811232039295,0.00013613811232039295,0.00011985399542675992
8,0.5,96,0.021758240974077102,0.00015068885472795663,0.00015068885472795666,0.0001285461666165496
8,0.5,97,0.021589506337309886,0.0001234133886998504,0.00011494501282895629,0.0001234133886998504
8,0.5,98,0.021676234746542965,0.00012549989429996768,0.00011099625378868201,0.00012549989429996768
8,0.5,99,0.021720081770414658,0.00012990749037056104,0.00011482803212358464,0.00012990749037056104
8,0.5,100,0.021741683265839955,0.00012881899154894806,0.00011544794090892916,0.00012881899154894806
8,0.5,101,0.021666810313417946,0.00012748868443965202,0.00012748868443965202,0.00012317611856859002
8,0.5,102,0.021670070348762154,0.00014446562297914826,0.00014446562297914823,0.00012114085151178884
8,0.5,103,0.021497875207427953,0.00012126318574489898,0.00010766793685763705,0.00012126318574489898
8,0.5,104,0.021521676669691785,0.0001235957287062828,0.00010572814815470145,0.0001235957287062828
8,0.5,105,0.0214292782208752,0.0001232167395009609,8.267044132754963e-05,0.0001232167395009609
8,0.5,106,0.021538893438715154,0.0001283248369882882,9.638094118896874e-05,0.0001283248369882882
8,0.5,107,0.021687159498983956,0.0001282571685545464,9.463162564103656e-05,0.0001282571685545464
8,0.5,108,0.021537909826267958,0.00012383894538248568,0.00011045784006520058,0.00012383894538248568
8,0.5,109,0.0214055314077097,0.00012264386732339995,0.00010285289444431878,0.00012264386732339995
8,0.5,110,0.021496943424963725,0.00011657137710433335,0.00011582226945170822,0.00011657137710433335
8,0.5,111,0.02154551407293813,0.00011871465353088243,0.0001018001530867425,0.00011871465353088243
8,0.5,112,0.021646741170297152,0.00011999252858837209,0.00011739758725132048,0.00011999252858837209
8,0.5,113,0.021624588229027988,0.0001257724316999311,0.00011207896083922202,0.0001257724316999311
8,0.5,114,0.021629380567810323,0.00012017823908688893,0.00010044980979063098,0.00012017823908688893
8,0.5,115,0.021649566827202614,0.00012374401998356682,8.978706401160362e-05,0.00012374401998356682
8,0.5,116,0.02184157469168929,0.00012636036660213973,0.00011384981771801491,0.00012636036660213973
8,0.5,117,0.02195559547582341,0.00013232397914293912,0.00010397776927980838,0.00013232397914293912
8,0.5,118,0.021818152668394184,0.0001258878080841006,9.567580890209451e-05,0.0001258878080841006
8,0.5,119,0.02188617557924215,0.00013678031707926592,0.00013678031707926592,0.00012265523746487767
8,0.5,120,0.021900991412232007,0.00013720535650136372,0.00013720535650136372,0.00012318180208868482
8,0.5,121,0.021830490361213855,0.000124861452722823,0.00011170095477683498,0.000124861452722823
8,0.5,122,0.02171458407094037,0.00012481042206700517,0.00012481042206700517,0.00012291358388148864
8,0.5,123,0.02187805336926706,0.0001559507324246327,0.0001559507324246327,0.00012564013817455263
8,0.5,124,0.02161676942927347,0.0001231136761040307,0.00011562821465133783,0.0001231136761040307
8,0.5,125,0.02175051608200322,0.00012191955067337494,0.0001061581221897815,0.00012191955067337494
8,0.5,126,0.021539270284496086,0.00013679467976786415,0.00013679467976786415,0.00011896694798521471
8,0.5,127,0.021657390088663957,0.00012009137834860944,0.00012009137834860944,0.0001185802985846982
8,0.5,128,0.021795736660745392,0.00012250333170052457,0.0001220564117476907,0.00012250333170052457
8,0.5,129,0.02168546710171528,0.0001354725466902368,0.0001354725466902368,0.00011945195473527129
8,0.5,130,0.02184186632661954,0.00012578748566344678,0.00012141777454886764,0.00012578748566344678
8,0.5,131,0.021829389146222636,0.00013980540881401764,0.00013980540881401764,0.0001236900923397786
8,0.5,132,0.02203501215593077,0.00015309484515976246,0.00015309484515976246,0.0001269296106023987
8,0.5,133,0.021801233762348143,0.00012684578367100637,0.00010799635980846361,0.00012684578367100637
8,0.5,134,0.0219736980263392,0.00012660926509783728,0.00011584199363535643,0.00012660926509783728
8,0.5,135,0.021792880629460457,0.0001255204022910836,0.0001062511566000292,0.0001255204022910836
8,0.5,136,0.021675919915631732,0.0001391465526136325,0.0001391465526136325,0.0001218074292978793
8,0.5,137,0.021613810259701438,0.0001346878273769396,0.0001346878273769396,0.00012194677265077485
8,0.5,138,0.02154761547166633,0.00014671387834167544,0.00014671387834167544,0.0001258700681925081
8,0.5,139,0.021575585835251734,0.00013262677021386992,0.0001326267702138699,0.00012573750079716207
8,0.5,140,0.021727512164095967,0.00016353300154079537,0.00016353300154079537,0.00011870487551757652
8,0.5,141,0.021812164535425525,0.00015316506348599104,0.00015316506348599104,0.0001168546848753535
8,0.5,142,0.02182715792918882,0.00013069003515685338,0.00013069003515685338,0.00012435991803463932
8,0.5,143,0.02173700770167382,0.00012952940939198976,0.00012952940939198976,0.00012197274975866104
8,0.5,144,0.02168975074202777,0.00012123530211987244,0.00011946620712812426,0.00012123530211987244
8,0.5,145,0.021741519709988513,0.00012080955686156244,0.00010388738013843736,0.00012080955686156244
8,0.5,146,0.021653864997666663,0.00012072145112634852,0.00012072145112634853,0.00012003182015317758
8,0.5,147,0.021429406551286105,0.00012738287700047907,0.00012738287700047907,0.00011727195188847647
8,0.5,148,0.02157396484573045,0.00011935327263225962,0.00011533276075882434,0.00011935327263225962
8,0.5,149,0.02160529967520713,0.0001285065107066416,0.00012850651070664157,0.0001199528402865144
8,0.5,150,0.021839930848035292,0.00013149813567591825,0.00013149813567591825,0.00012464768348109364
8,0.5,151,0.021784109989293917,0.00013271555973438104,0.00013271555973438104,0.00012096602366191331
8,0.5,152,0.02181781387326124,0.00013871874756624846,0.00013871874756624846,0.00012583258976397028
8,0.5,153,0.021734119498411652,0.0001548962275175657,0.0001548962275175657,0.00012125895032431392
8,0.5,154,0.02165562835902455,0.00012724734827779778,0.00011671050359579642,0.00012724734827779778
8,0.5,155,0.021594900539479146,0.00012175458068985944,0.000120134448131926,0.00012175458068985944
8,0.5,156,0.021411323778582746,0.0001434489798599026,0.0001434489798599026,0.00011840502652477142
8,0.5,157,0.021451825123402386,0.00015301997473050438,0.00015301997473050438,0.0001249449087490005
8,0.5,158,0.021507308957045345,0.00012506632326967143,0.00012506632326967143,0.00012112398822964316
8,0.5,159,0.021578893440812992,0.00012115957149508403,0.00011517078629297928,0.00012115957149508403
8,0.5,160,0.02171813260229484,0.00012037580202207789,0.00011199377696348702,0.00012037580202207789
8,0.5,161,0.021674777759893425,0.0001410698592351897,0.0001410698592351897,0.00012187652789288432
8,0.5,162,0.021594628106665112,0.00012344048794088913,0.00011003350914790509,0.00012344048794088913
8,0.5,163,0.021711476872830926,0.00013686187561642236,0.00013686187561642236,0.00011882603477383857
8,0.5,164,0.02166553647002311,0.00013321194049680508,0.00013321194049680508,0.00012067102595515094
8,0.5,165,0.02180917533521954,0.0001274394914880378,0.0001274394914880378,0.0001264199641901078
8,0.5,166,0.021784132170492645,0.0001318315072924798,0.00013183150729247984,0.00011994774750031468
8,0.5,167,0.02174856893579865,0.00013836466874612817,0.00013836466874612817,0.00012076511257085447
8,0.5,168,0.02187740539065886,0.00012273129590391918,0.00011839633281411017,0.00012273129590391918
8,0.5,169,0.02176405027301137,0.0001255668709229447,0.00010553884180882784,0.0001255668709229447
8,0.5,170,0.02170939555855169,0.00013074324201302746,0.0001307432420130275,0.00012354864299608229
8,0.5,171,0.021846307739881533,0.0001249297284331157,0.00012243258702714113,0.0001249297284331157
8,0.5,172,0.021994010526331594,0.00012003903465074285,0.00010866281532194666,0.00012003903465074285
8,0.5,173,0.021892614857590916,0.00012516521039561814,9.689155051073505e-05,0.00012516521039561814
8,0.5,174,0.02186723887409773,0.00012266760164907087,9.28117635859717e-05,0.00012266760164907087
8,0.5,175,0.021846919425793285,0.00011849646983266833,0.00011399966705521856,0.00011849646983266833
8,0.5,176,0.021762602888843192,0.00013593723238914315,0.00013593723238914315,0.00012339713312686337
8,0.5,177,0.021650390055448783,0.0001312672135335733,0.00012401128696168224,0.0001312672135335733
8,0.5,178,0.021460375754470174,0.0001265775417648528,0.0001265775417648528,0.0001241783446033096
8,0.5,179,0.02157138072531589,0.0001227136481901173,0.0001227136481901173,0.00011563482439746601
8,0.5,180,0.021530129837450392,0.00014106766707158244,0.00014106766707158242,0.00012115648338016823
8,0.5,181,0.02158517601154328,0.0001268708937829099,0.0001268708937829099,0.00012223610445612825
8,0.5,182,0.021586304964083727,0.00012837973938733567,0.00012837973938733567,0.00012357249267914896
8,0.5,183,0.021691121974699572,0.00012435913861444622,0.00011754422192951831,0.00012435913861444622
8,0.5,184,0.021706024782740866,0.00012608526497557754,0.00012608526497557754,0.00012287257225972157
8,0.5,185,0.02166622837125818,0.00013192280533312186,0.00013192280533312186,0.00012200036706324949
8,0.5,186,0.02173893030378129,0.00015853442420325065,0.00015853442420325065,0.00012041783135555815
8,0.5,187,0.02180001713139322,0.0001642189079676705,0.0001642189079676705,0.0001219397789149001
8,0.5,188,0.021826324111371847,0.00015258464036876473,0.00015258464036876473,0.0001234412286378369
8,0.5,189,0.02166100259509336,0.00013590877867621554,0.0001359087786762155,0.0001262255401284963
8,0.5,190,0.021750600743640602,0.00014405073602729497,0.00014405073602729494,0.00012611980248935394
8,0.5,191,0.021775979056085748,0.0001232829329426434,0.00011459090322012417,0.0001232829329426434
8,0.5,192,0.021821552341435933,0.00012842885046409876,0.00012842885046409876,0.00012062232486225562
8,0.5,193,0.021790562625823837,0.00012589891758789924,0.00012589891758789924,0.0001235947656247529
8,0.5,194,0.021668292348069395,0.00012110570587280401,0.00011938033147885825,0.00012110570587280401
8,0.5,195,0.021677102368841863,0.0001228878339546595,0.00012214477326250795,0.0001228878339546595
8,0.5,196,0.02163419078007613,0.00011909291050194277,0.0001121869346307524,0.00011909291050194277
8,0.5,197,0.021648165552582088,0.00011955978790323937,0.00011729390974320156,0.00011955978790323937
8,0.5,198,0.021687677116963257,0.00012064180158713213,9.385877746691715e-05,0.00012064180158713213
8,0.5,199,0.021742523220146283,0.00011774741203170438,0.00010602673633385118,0.00011774741203170438
8,0.5,200,0.02161059282627705,0.0001477660571943091,0.0001477660571943091,0.00011965950299651319
8,0.5,201,0.02165460795370666,0.00012525704223306406,0.00012525704223306406,0.00012305857573536663
8,0.5,202,0.021700728643921044,0.0001186689155418684,0.00011479273559968263,0.0001186689155418684
8,0.5,203,0.021752498443451018,0.00012657502091692092,0.00010971491130996545,0.00012657502091692092
8,0.5,204,0.02179857295563211,0.00012453066046174817,0.00010441697085528246,0.00012453066046174817
8,0.5,205,0.021747367942311312,0.00012223383496947675,0.00011424485818600988,0.00012223383496947675
8,0.5,206,0.02169726250020629,0.00014290526855501612,0.0001429052685550161,0.00011958376690585797
8,0.5,207,0.02169251620775276,0.00012816585274208158,0.00012816585274208158,0.00012605646431060116
8,0.5,208,0.021705596454902786,0.00012593179577086852,0.00012435745355745883,0.00012593179577086852
8,0.5,209,0.021675507602116662,0.00013703292345743876,0.00013703292345743876,0.00012536477301408356
8,0.5,210,0.021654149989643788,0.00012212599645580762,0.00012212599645580762,0.0001186470970694734
8,0.5,211,0.02162795301115054,0.00012825585816723787,0.00012825585816723787,0.00011599029576893077
8,0.5,212,0.021446506986806894,0.00014414066831677915,0.00014414066831677915,0.00011670381988518201
8,0.5,213,0.021627836880379725,0.00013675314705684314,0.00013675314705684314,0.00012056706159111665
8,0.5,214,0.021690457614034764,0.00013034863565571903,0.00013034863565571903,0.00012075274151844036
8,0.5,215,0.021556880210568927,0.0001241964790261132,0.00010670045291860462,0.0001241964790261132
8,0.5,216,0.021640519811584883,0.00011953991037884433,0.00011953991037884433,0.00011884873035321985
8,0.5,217,0.021732361078485866,0.00013615838507143613,0.00013615838507143613,0.0001268323529493685
8,0.5,218,0.021670366224959565,0.00012319307236180468,0.00012139206247183807,0.00012319307236180468
8,0.5,219,0.021537539724020473,0.00012578215045545626,0.00012578215045545626,0.00012380353810926455
8,0.5,220,0.021591067292486367,0.00014678729836525452,0.00014678729836525452,0.00012186788996281147
8,0.5,221,0.021576763173573953,0.00015667820229675578,0.00015667820229675578,0.0001236905785375459
8,0.5,222,0.02171447975345894,0.00015544718908048466,0.00015544718908048466,0.0001231510955347075
8,0.5,223,0.0216362926332577,0.00013255794074306683,0.00013255794074306683,0.00012540895183863542
8,0.5,224,0.021484838687777792,0.0001238887304935364,0.0001191714277733184,0.0001238887304935364
8,0.5,225,0.021574925068426974,0.00013467867954469138,0.00013467867954469138,0.0001250549624322915
8,0.5,226,0.021572114971408034,0.00012655103836141005,0.00011955595021341608,0.00012655103836141005
8,0.5,227,0.021735848561317796,0.00013167720134486094,0.00012380438060482542,0.00013167720134486094
8,0.5,228,0.021610886996825555,0.0001243969299826361,0.00011941457274672013,0.0001243969299826361
8,0.5,229,0.021719913930451657,0.00013618358732773506,0.00013618358732773506,0.00012285672141215632
8,0.5,230,0.021813498520302295,0.00013587278303942937,0.00013587278303942937,0.00012171473474717515
8,0.5,231,0.0217505213426464,0.00013034602470021953,0.00013034602470021953,0.00012715678400447163
8,0.5,232,0.02183374314679237,0.0001292397695550128,0.00012382631435684506,0.0001292397695550128
8,0.5,233,0.021731514729873717,0.00013204108296049357,0.00012215241076554497,0.00013204108296049357
8,0.5,234,0.02158255273297444,0.000152343985789864,0.000152343985789864,0.0001275182866673723
8,0.5,235,0.02165043337911183,0.00016272066380178493,0.00016272066380178493,0.00012301117500676255
8,0.5,236,0.02176156725561542,0.00012374188875453976,0.00012374188875453976,0.00011945829807363181
8,0.5,237,0.021879583677951755,0.00013560726108683717,0.00013560726108683717,0.00012344254769764887
8,0.5,238,0.02179885963244772,0.00013226774237538899,0.00013226774237538899,0.00012964107057756642
8,0.5,239,0.02179790548296794,0.0001280233404428837,0.00012477949556815963,0.0001280233404428837
8,0.5,240,0.021916239223353937,0.0001275503831547294,0.00010863586539189052,0.0001275503831547294
8,0.5,241,0.021750933003509842,0.00012965105077685906,0.00010518520974676832,0.00012965105077685906
8,0.5,242,0.02171980354858495,0.0001250543523028488,0.00010565222777147616,0.0001250543523028488
8,0.5,243,0.021723353518084125,0.0001400267091794977,0.00014002670917949767,0.00011949680253791913
8,0.5,244,0.021758857917549376,0.00012550660456618775,0.00011882619848324311,0.00012550660456618775
8,0.5,245,0.021625251382589573,0.00012560281454039558,0.00012131389808167936,0.00012560281454039558
8,0.5,246,0.02192071972394777,0.00013596518965274622,0.00013596518965274622,0.00012388108459666995
8,0.5,247,0.02177914823378934,0.00013694572405875606,0.00013694572405875606,0.00012973495475747968
8,0.5,248,0.021691852911851748,0.0001251277688920916,0.0001251277688920916,0.00012291331246179832
8,0.5,249,0.021690106118467573,0.000145998443506684,0.000145998443506684,0.0001233050611166395
8,0.5,250,0.021606725223126247,0.0001466761938609056,0.00014667619386090562,0.00012180110294268406
8,0.5,251,0.021528520600430534,0.00012500564300871588,0.00012500564300871588,0.0001197631804199125
8,0.5,252,0.021568776920318094,0.00013124802522496653,0.0001312480252249665,0.00012234558440587712
8,0.5,253,0.0215624892208209,0.00012623948493939303,0.0001095667433628928,0.00012623948493939303
8,0.5,254,0.02167056974839659,0.00012451781592885642,9.676127377563499e-05,0.00012451781592885642
8,0.5,255,0.02170781094689633,0.00012816244088596714,0.0001066448600797611,0.00012816244088596714
8,0.5,256,0.021809591229505095,0.00012732666417281945,0.00010585749998925391,0.00012732666417281945
8,0.5,257,0.021685168655172955,0.00014219174979241344,0.00014219174979241344,0.00012584821636343467
8,0.5,258,0.021694986683374225,0.000127178501329578,0.00012717850132957804,0.00011957427142954861
8,0.5,259,0.021780888585468897,0.00013115559217503602,0.00013115559217503602,0.00012631685869551106
8,0.5,260,0.02171551181291083,0.00013052102219456412,0.00013052102219456412,0.00012581338738706167
8,0.5,261,0.02179957668786076,0.00013097876816156375,0.00011723161943073408,0.00013097876816156375
8,0.5,262,0.02174041500622689,0.00012641089952530107,9.430967313277925e-05,0.00012641089952530107
8,0.5,263,0.021689867253833792,0.00012821924625620144,0.0001127958380568271,0.00012821924625620144
8,0.5,264,0.02164191403564732,0.00012626126956539476,0.0001231554227693192,0.00012626126956539476
8,0.5,265,0.02156868272555336,0.00012372690076467135,0.00012085841577797543,0.00012372690076467135
8,0.5,266,0.021657103258442677,0.00012270196496420342,8.380355375166465e-05,0.00012270196496420342
8,0.5,267,0.02173420435442237,0.00012271983507448377,0.00010814801726780366,0.00012271983507448377
8,0.5,268,0.02170145009674275,0.00012625776780253635,0.00010253245028542165,0.00012625776780253635
8,0.5,269,0.02157189944544451,0.00012604273182202768,0.00010345658186896822,0.00012604273182202768
8,0.5,270,0.021500892695724562,0.00012788481799203813,0.00012659535035006937,0.00012788481799203813
8,0.5,271,0.02169839421464415,0.00012770776171775012,0.00011993035110232214,0.00012770776171775012
8,0.5,272,0.021682669037351644,0.00012730967709429386,0.00010470254923474663,0.00012730967709429386
8,0.5,273,0.021769178795516972,0.00012263888120289665,0.0001112808250756452,0.00012263888120289665
8,0.5,274,0.021842012034242898,0.0001380675982167812,0.0001380675982167812,0.00012031528537018895
8,0.5,275,0.02199470668696315,0.00014432991577172511,0.00014432991577172511,0.00011868475699248282
8,0.5,276,0.022056553773402175,0.0001333727441307483,0.0001333727441307483,0.00012535735215167892
8,0.5,277,0.02183204936266157,0.0001366262929095251,0.00013662629290952507,0.00011919829749029865
8,0.5,278,0.021713701097056153,0.0001415678917835255,0.0001415678917835255,0.00012277902886387104
8,0.5,279,0.021751308589837547,0.0001437048401292122,0.0001437048401292122,0.0001213878737927958
8,0.5,280,0.021576168312765136,0.00013647219466292378,0.00013647219466292378,0.0001271824563968245
8,0.5,281,0.02162965285023782,0.00014907216592538794,0.00014907216592538792,0.00012307274870195048
8,0.5,282,0.021751664544683278,0.00012178453390322031,0.00011815578928445315,0.00012178453390322031
8,0.5,283,0.021833272019479866,0.00012828155533114535,0.00011890572604444517,0.00012828155533114535
8,0.5,284,0.021652442474963476,0.00012668855468155973,0.00010138122426641379,0.00012668855468155973
8,0.5,285,0.021732284829125387,0.00012842950619296114,0.00012019492993259817,0.00012842950619296114
8,0.5,286,0.02180312715063119,0.0001365486851670514,0.0001365486851670514,0.0001333501310561055
8,0.5,287,0.021666646071057307,0.00013905034954704015,0.00013905034954704015,0.00012318642073086105
8,0.5,288,0.02161243469190806,0.00012574205406955423,0.0001242485515793688,0.00012574205406955423
8,0.5,289,0.021609735467004676,0.00012301269649259792,0.00011086849198925074,0.00012301269649259792
8,0.5,290,0.02167920228389801,0.00012510987452112282,0.00012510987452112282,0.00012021995527968254
8,0.5,291,0.02174576506851696,0.000120973641658366,0.000120973641658366,0.00011988273343487081
8,0.5,292,0.021782420172266045,0.00012459455426191003,0.00010485712046891839,0.00012459455426191003
8,0.5,293,0.02166013163614212,0.0001271743282894534,0.0001271743282894534,0.0001241824755511004
8,0.5,294,0.021633319595194468,0.00012408289220056267,0.00011811692609752795,0.00012408289220056267
8,0.5,295,0.02155388920870465,0.00014732163616603902,0.000147321636166039,0.00012150414700697306
8,0.5,296,0.021625793064894202,0.00012639662011007787,0.00012518760436599181,0.00012639662011007787
8,0.5,297,0.02147612098156035,0.00013055921886629036,0.00013055921886629036,0.00012064376271435087
8,0.5,298,0.021631456582849415,0.00012207547773994808,0.00010528622827031462,0.00012207547773994808
8,0.5,299,0.021790457988747937,0.00012290265116276914,0.00010993720981742734,0.00012290265116276914
8,0.5,300,0.0220055346729026,0.0001304801832927918,0.0001304801832927918,0.00012633084346771464
8,0.5,301,0.021955741062405085,0.00012817210829363593,0.0001127139375927744,0.00012817210829363593
8,0.5,302,0.021858733916730568,0.00014567732386211967,0.00014567732386211967,0.00012563076700478567
8,0.5,303,0.021878925377148584,0.00014969629993104015,0.00014969629993104013,0.0001257737574938128
8,0.5,304,0.021859491700623193,0.00014623034803279918,0.00014623034803279918,0.00013030759278701327
8,0.5,305,0.021949723411490887,0.0001303447478637953,0.0001234612307645887,0.0001303447478637953
8,0.5,306,0.021884303702237342,0.00012960280550231333,9.631016498919482e-05,0.00012960280550231333
8,0.5,307,0.021790234914423258,0.0001268952981170763,0.00010968774658261632,0.0001268952981170763
8,0.5,308,0.02174994700672698,0.00012027541993887429,0.0001136580334415164,0.00012027541993887429
8,0.5,309,0.021743245854891305,0.00012073789257406351,0.0001122142908117261,0.00012073789257406351
8,0.5,310,0.021914680753543466,0.00014245178741685466,0.00014245178741685466,0.0001279185496811078
8,0.5,311,0.021933600406451495,0.00015756851343903843,0.00015756851343903843,0.0001287430665978572
8,0.5,312,0.021757468198654654,0.00013442802531160442,0.0001344280253116044,0.00012757601927435564
8,0.5,313,0.02169120927689827,0.00012255919712511504,0.00011583411102320342,0.00012255919712511504
8,0.5,314,0.021568423670737403,0.00012094522597316603,0.00010841450018257772,0.00012094522597316603
8,0.5,315,0.021617952033570944,0.00012248858179455545,0.00010520617667771035,0.00012248858179455545
8,0.5,316,0.02176186805596792,0.0001322031239041449,0.0001322031239041449,0.00012187341751205966
8,0.5,317,0.021875785450099584,0.00012062354547208452,0.00010477600285522135,0.00012062354547208452
8,0.5,318,0.0219167620142269,0.00012666181724734136,0.0001258523583558019,0.00012666181724734136
8,0.5,319,0.02179511333874575,0.00012657506761884038,0.00011224410430473514,0.00012657506761884038
8,0.5,320,0.021660649455760052,0.00012423353210466834,0.00012423353210466834,0.00012069609095410908
8,0.5,321,0.021767820390719273,0.00016698716543410628,0.00016698716543410628,0.00012061189397252153
8,0.5,322,0.021534404608399064,0.00014111578432282948,0.00014111578432282945,0.0001252981268670163
8,0.5,323,0.021727351323630153,0.00013201335860113896,0.00013201335860113896,0.00012665566514194072
8,0.5,324,0.021637132841178273,0.00012690609149662127,0.0001055544077140225,0.00012690609149662127
8,0.5,325,0.02166271008223359,0.00012472305807306752,0.00012089509784758928,0.00012472305807306752
8,0.5,326,0.021653910711483187,0.0001179806733476188,0.00011272717999828291,0.0001179806733476188
8,0.5,327,0.02151154025177906,0.00012095149454295425,0.00012095149454295425,0.00012036371652538973
8,0.5,328,0.021585514903719905,0.00012349271616420894,9.650243505722763e-05,0.00012349271616420894
8,0.5,329,0.021691709724425166,0.00012254551218526198,0.00011807853528701815,0.00012254551218526198
8,0.5,330,0.021562653044363,0.00012696566492029058,0.00012696566492029058,0.00012005324738280184
8,0.5,331,0.021626063237058867,0.00011762931328809593,0.00010057316029608688,0.00011762931328809593
8,0.5,332,0.021691447204717728,0.00012008162441388532,0.00010733935238773679,0.00012008162441388532
8,0.5,333,0.021763218733445302,0.00012582820748198735,0.00011549933507025789,0.00012582820748198735
8,0.5,334,0.021762301100498243,0.00012159212968618158,0.0001114205301854574,0.00012159212968618158
8,0.5,335,0.02174534489025226,0.00012081367643367441,0.0001018688804970451,0.00012081367643367441
8,0.5,336,0.021816983672925973,0.0001224492699919782,0.0001220817231413099,0.0001224492699919782
8,0.5,337,0.02189846500093635,0.00013031892972879046,0.0001303189297287905,0.00012117425833663673
8,0.5,338,0.02178591669870635,0.00012801426089135339,0.00012801426089135339,0.00012216077724702394
8,0.5,339,0.02172525926594714,0.00012682528506221874,0.00010265267449007874,0.00012682528506221874
8,0.5,340,0.02180648679917684,0.00014586472461770929,0.0001458647246177093,0.00013073488888733727
8,0.5,341,0.021978243263647675,0.00014524960125376484,0.00014524960125376484,0.00012810422150022886
8,0.5,342,0.021810870900276943,0.00012440829208617643,0.00010930800819220243,0.00012440829208617643
8,0.5,343,0.021842566355398784,0.00012322591649796758,0.00011770907233581355,0.00012322591649796758
8,0.5,344,0.02205150292500356,0.00016658157479005101,0.00016658157479005101,0.00012856473562903459
8,0.5,345,0.021957856368702688,0.00014658979416814092,0.00014658979416814092,0.00012481639139157232
8,0.5,346,0.02185101714351905,0.00012148246648987831,0.0001067398178147497,0.00012148246648987831
8,0.5,347,0.021878079369391623,0.00012553688178870435,0.0001128968713251177,0.00012553688178870435
8,0.5,348,0.021817739417287544,0.00012101331443252527,7.551646783506625e-05,0.00012101331443252527
8,0.5,349,0.021568522988298793,0.00012071457262439051,0.00010785778315531793,0.00012071457262439051
8,0.5,350,0.021624327383876894,0.00011890596764356918,0.00011065919331410019,0.00011890596764356918
8,0.5,351,0.021733670814319365,0.00012118798461969737,0.00010975525606533905,0.00012118798461969737
8,0.5,352,0.021900850303499222,0.000153594874801375,0.000153594874801375,0.0001221016851825375
8,0.5,353,0.021699944220790593,0.00014882111979103486,0.00014882111979103486,0.0001225993276781535
8,0.5,354,0.021698806941743438,0.00015382360636598182,0.00015382360636598182,0.00012468828707037775
8,0.5,355,0.021961179746560373,0.0001426599772269399,0.0001426599772269399,0.0001231363874820382
8,0.5,356,0.02193738441974315,0.00015677423234858982,0.00015677423234858984,0.00012882121139513975
8,0.5,357,0.021716457269882878,0.0001648773409373864,0.00016487734093738638,0.0001233363455067637
8,0.5,358,0.021775388026287035,0.00015805582013871653,0.00015805582013871653,0.00012247874787965396
8,0.5,359,0.0216871826788422,0.000140167407482652,0.000140167407482652,0.00012231089430675347
8,0.5,360,0.021666342952338845,0.00013056195841764796,0.00013056195841764794,0.00012398085200383298
8,0.5,361,0.02176092700126121,0.00014377275886703794,0.00014377275886703794,0.00012089550632165896
8,0.5,362,0.021781924879508894,0.00012508049526977497,0.0001114859353418728,0.00012508049526977497
8,0.5,363,0.021696940638534598,0.00011937751081376673,0.00011353929881785914,0.00011937751081376673
8,0.5,364,0.02194727218964832,0.00012392287717774756,0.00012141585759103805,0.00012392287717774756
8,0.5,365,0.02161638094573942,0.0001295631072507993,0.00012956310725079927,0.00012075301945324364
8,0.5,366,0.02172292541649729,0.00013958065972934438,0.00013958065972934438,0.00012100087343131599
8,0.5,367,0.021606199131987025,0.00014829898596708193,0.00014829898596708193,0.00012523808384895155
8,0.5,368,0.021649142576525286,0.0001278972219922355,0.00011973052264800724,0.0001278972219922355
8,0.5,369,0.02172730299321988,0.00013954822306744692,0.00013954822306744692,0.0001258398221069324
8,0.5,370,0.0217269922147117,0.00012692152544238188,0.00012692152544238188,0.0001210971064552661
8,0.5,371,0.02175434762225581,0.0001226422713122491,0.00011258841453555703,0.0001226422713122491
8,0.5,372,0.0216964535518798,0.00012884060854775472,0.00012884060854775472,0.0001179424328409425
8,0.5,373,0.021600157718181117,0.00011919650728899293,0.00011253625343958454,0.00011919650728899293
8,0.5,374,0.021574580976345185,0.00012651664535932706,0.00012651664535932706,0.00011981314241690703
8,0.5,375,0.021706434887248157,0.00012336073254259916,0.00010770727379638317,0.00012336073254259916
8,0.5,376,0.02162627896461954,0.00012031102328459919,0.00012031102328459919,0.00011926295011986664
8,0.5,377,0.021600704767518374,0.00012818504671632157,0.00012818504671632157,0.00012153045763825056
8,0.5,378,0.021815066054178586,0.00012717011815014547,0.00012717011815014547,0.00012134384334412779
8,0.5,379,0.021696690456360735,0.00012714076397745517,9.510459656485297e-05,0.00012714076397745517
8,0.5,380,0.021805619434510128,0.0001288283023097782,0.00011575149561531826,0.0001288283023097782
8,0.5,381,0.02189473409457007,0.0001237170194593613,0.00011546055465296789,0.0001237170194593613
8,0.5,382,0.02162813510028814,0.0001215505701680178,0.00011351272961748663,0.0001215505701680178
8,0.5,383,0.021558532877158632,0.00011934197222204645,0.00011559153341586794,0.00011934197222204645
8,0.5,384,0.02155031723666363,0.00012582604316500024,0.00012582604316500024,0.00012024865961265041
8,0.5,385,0.02164344423201309,0.00013082554639478843,0.00013082554639478843,0.00012177154024789279
8,0.5,386,0.021493663398100344,0.0001224680630793436,0.000109821770749589,0.0001224680630793436
8,0.5,387,0.021575803362531475,0.00012305704825753958,0.00011048527746574904,0.00012305704825753958
8,0.5,388,0.021519384067508033,0.00012281066938177478,0.0001227397420798197,0.00012281066938177478
8,0.5,389,0.02163380718765813,0.00012672577279119728,9.394006344206447e-05,0.00012672577279119728
8,0.5,390,0.021728843400400447,0.00012648863942000808,0.00011278121015638205,0.00012648863942000808
8,0.5,391,0.021698208920227398,0.000126182239719223,0.0001148157398694781,0.000126182239719223
8,0.5,392,0.02163342912262124,0.00012896791566231793,9.603012443487659e-05,0.00012896791566231793
8,0.5,393,0.021565843072881667,0.00012644631901978745,0.00011814713824130689,0.00012644631901978745
8,0.5,394,0.021492257767507086,0.00012452282476028113,8.467257340467147e-05,0.00012452282476028113
8,0.5,395,0.021452597153083657,0.00011722690001093993,0.00010596283603546296,0.00011722690001093993
8,0.5,396,0.021460553403875027,0.00011831800852499649,0.00011229619803035002,0.00011831800852499649
8,0.5,397,0.021527790252985877,0.00012916724812268388,0.00012916724812268388,0.0001216661076840805
8,0.5,398,0.02144413692713456,0.00014664639185076676,0.00014664639185076674,0.00012128187604088387
8,0.5,399,0.021622333684439367,0.00012370950382696206,0.00011534632072179548,0.00012370950382696206
8,0.5,400,0.021548937889350264,0.00012248600463657164,7.981734238307244e-05,0.00012248600463657164
8,0.5,401,0.021699338510168024,0.0001224529227373798,0.00010761535213113215,0.0001224529227373798
8,0.5,402,0.021749642576581782,0.00012374348532423197,9.962565748192797e-05,0.00012374348532423197
8,0.5,403,0.02199832885831936,0.00013275711536906446,0.0001229016868058743,0.00013275711536906446
8,0.5,404,0.021918948990684004,0.00013553441172092757,0.00013553441172092757,0.00012743086832842215
8,0.5,405,0.02174146932007852,0.00013331867997700913,0.00013331867997700913,0.00012617471409599704
8,0.5,406,0.02186113814343528,0.00013542286813720566,0.00013542286813720566,0.0001268550632557154
8,0.5,407,0.021688809425872427,0.00015960622610726192,0.0001596062261072619,0.00012649547831938566
8,0.5,408,0.021636116208098213,0.000130944854982235,0.000130944854982235,0.00012109650917701707
8,0.5,409,0.02167998797606156,0.00011847396490378026,0.00010455213475565966,0.00011847396490378026
8,0.5,410,0.02163899092290066,0.0001207075938852157,0.00010453560562394227,0.0001207075938852157
8,0.5,411,0.021545973780770465,0.00012383469207491674,0.00012050962728257385,0.00012383469207491674
8,0.5,412,0.021663166106475236,0.0001244947192133004,9.435522687439034e-05,0.0001244947192133004
8,0.5,413,0.021683737131751223,0.00012281485280630467,0.00010076868769938642,0.00012281485280630467
8,0.5,414,0.021728314773779546,0.00013710040919056094,0.00013710040919056096,0.00012149680186842233
8,0.5,415,0.021762359976986743,0.0001252883315693492,9.886022853776566e-05,0.0001252883315693492
8,0.5,416,0.021717621932456972,0.00012141744967305376,0.00010720370212466849,0.00012141744967305376
8,0.5,417,0.021884291046790533,0.0001509425308003612,0.0001509425308003612,0.00012494575363902174
8,0.5,418,0.02176234534840401,0.0001371253712749163,0.0001371253712749163,0.00012159198072157469
8,0.5,419,0.02170641821082987,0.0001260264154470885,0.0001260264154470885,0.0001227380566074127
8,0.5,420,0.02175339132555183,0.00012736436112186137,0.00012089979832490442,0.00012736436112186137
8,0.5,421,0.021824476896369335,0.0001235172925847315,0.00011719163098793024,0.0001235172925847315
8,0.5,422,0.021758364743237908,0.00014235940146570857,0.00014235940146570855,0.00012925355563313907
8,0.5,423,0.021768105499524137,0.000124346924152302,9.291235461738948e-05,0.000124346924152302
8,0.5,424,0.021743272485258848,0.00012952444870236208,0.0001179280551947961,0.00012952444870236208
8,0.5,425,0.02173712408270334,0.00015103062792203703,0.000151030627922037,0.00012359395139472154
8,0.5,426,0.021651646103474663,0.00014458024023945,0.00014458024023945,0.00012325663562405434
8,0.5,427,0.021680528203352818,0.00015997931371642332,0.00015997931371642332,0.00012163990494664623
8,0.5,428,0.021833906778051547,0.00015733067900832365,0.00015733067900832365,0.00012897215885623772
8,0.5,429,0.021779370544381702,0.00012691027520536204,0.00012184473035334338,0.00012691027520536204
8,0.5,430,0.02185170515115805,0.00012216439987246185,0.00012216439987246185,0.00011869652090861132
8,0.5,431,0.0217218023575561,0.00012848684996878142,0.00012848684996878142,0.0001221773896026323
8,0.5,432,0.021906240258527394,0.00014719255374290205,0.00014719255374290205,0.00012666853759141092
8,0.5,433,0.021786706056321825,0.00015669041147619447,0.00015669041147619445,0.00012729804430029656
8,0.5,434,0.021820409471722403,0.00013563889929523438,0.00013563889929523438,0.00013344914729365484
8,0.5,435,0.021681089088929805,0.00013037890334574495,9.924006076494881e-05,0.00013037890334574495
8,0.5,436,0.021784254933846076,0.00013694503725636623,0.00013694503725636623,0.0001269699780624852
8,0.5,437,0.021773113867371074,0.00013014685943370683,0.0001301468594337068,0.00012997203999983012
8,0.5,438,0.02171484532849894,0.00013698551062467338,0.00013698551062467338,0.00012520838662801457
8,0.5,439,0.021840330698251295,0.0001348237504524036,0.00013482375045240357,0.0001276304547354934
8,0.5,440,0.02178034876346201,0.00012404430874175386,0.00011395207558866405,0.00012404430874175386
8,0.5,441,0.021689753561493507,0.0001225299683708966,0.00010131286754362766,0.0001225299683708966
8,0.5,442,0.021801296002610653,0.00014029513901073996,0.00014029513901073996,0.0001265929176556921
8,0.5,443,0.021775517981242973,0.00012887126749972836,0.00012542480756513028,0.00012887126749972836
8,0.5,444,0.021700999901734394,0.00012441733563954294,0.00012441733563954294,0.00012318921467092546
8,0.5,445,0.021666548360828694,0.00012199793008825537,0.00012025770322726266,0.00012199793008825537
8,0.5,446,0.02166155796202589,0.00015743323576178817,0.00015743323576178817,0.0001262543911360887
8,0.5,447,0.021731095713862357,0.00014047199660659941,0.0001404719966065994,0.00012327478744977855
8,0.5,448,0.021730594827679077,0.00013081535344210883,0.00013081535344210883,0.00012314098656185908
8,0.5,449,0.02166771418269613,0.00013007121980665006,0.00013007121980665006,0.00012243136175832194
8,0.5,450,0.021724570836520463,0.00014631499583565112,0.00014631499583565112,0.0001224499382032221
8,0.5,451,0.021605444362900576,0.00015293075175233772,0.00015293075175233772,0.0001261403254107613
8,0.5,452,0.021706702520988466,0.0001508728399076964,0.0001508728399076964,0.0001264299936032292
8,0.5,453,0.02189148268214274,0.00015469856657753883,0.00015469856657753883,0.00012898732506125735
8,0.5,454,0.021736661452805586,0.00012850953135815524,0.00012169079752023218,0.00012850953135815524
8,0.5,455,0.021784594396616987,0.00012851537299703034,0.00011238038415528154,0.00012851537299703034
8,0.5,456,0.021665597007701327,0.00013021429515526822,0.00011566221787365402,0.00013021429515526822
8,0.5,457,0.02169975779695825,0.00012407048242239852,0.00011006893244396421,0.00012407048242239852
8,0.5,458,0.021582387180106587,0.00012171553973517971,0.0001217155397351797,0.00012080599958893531
8,0.5,459,0.02164319264097218,0.00012460171064862852,0.00011158119515049281,0.00012460171064862852
8,0.5,460,0.02159752553383579,0.00012153347175570166,0.00010219494104412059,0.00012153347175570166
8,0.5,461,0.02177990705914488,0.0001279264737112528,0.00011418902531126512,0.0001279264737112528
8,0.5,462,0.02188459534824548,0.00012757394883965956,0.00011262929950639887,0.00012757394883965956
8,0.5,463,0.021893245007277667,0.00013433093960635,0.00011457382780607944,0.00013433093960635
8,0.5,464,0.021894345156558255,0.0001284189684782235,0.00011762851372272684,0.0001284189684782235
8,0.5,465,0.02185984752390195,0.00012455214754769641,0.00010072272585291551,0.00012455214754769641
8,0.5,466,0.022007492367578714,0.00013591782347886197,0.00013591782347886197,0.00013007456820538974
8,0.5,467,0.021979646668157795,0.00013226689140609385,0.00013226689140609385,0.00012909289781318797
8,0.5,468,0.021755957598224986,0.00012183790216989945,8.574206575127562e-05,0.00012183790216989945
8,0.5,469,0.02181398119717988,0.000152982380181849,0.00015298238018184897,0.00012753315407773322
8,0.5,470,0.021882466194291118,0.0001346170903736283,0.0001346170903736283,0.00012296826479262985
8,0.5,471,0.02189695792652156,0.0001361654859692339,0.0001361654859692339,0.00012319197544009695
8,0.5,472,0.021855759237338776,0.00013756603102249825,0.00013756603102249828,0.00012583630758533366
8,0.5,473,0.02196973169095465,0.00014042818391520244,0.00014042818391520244,0.00012754817747562342
8,0.5,474,0.021886850088984843,0.00012575694006389173,0.00012575694006389173,0.00012339992833575509
8,0.5,475,0.021692788896941415,0.00012754401134814462,0.00012754401134814462,0.00012086201482867902
8,0.5,476,0.021890102853816505,0.00012417586313938958,0.00012417586313938955,0.0001233465038527342
8,0.5,477,0.02213576630753835,0.00013045274082492075,0.00011993175325071284,0.00013045274082492075
8,0.5,478,0.022070642814182355,0.00013043229202555412,0.00012694015799720243,0.00013043229202555412
8,0.5,479,0.021938891192275357,0.0001267243644360053,0.00011327266945926603,0.0001267243644360053
8,0.5,480,0.021847349032004006,0.00012712253717847232,0.00011005514708033595,0.00012712253717847232
8,0.5,481,0.021788970437736335,0.00012975348979874117,0.00011722270597038007,0.00012975348979874117
8,0.5,482,0.02178578145402431,0.00013071575328521304,0.00013071575328521304,0.00012344355079010853
8,0.5,483,0.021717170656762378,0.00012874440545409,0.00011584686247539082,0.00012874440545409
8,0.5,484,0.021739894983359705,0.0001284255837076003,0.00011631066842330519,0.0001284255837076003
8,0.5,485,0.021660346418064788,0.00012933790241467135,0.00012933790241467135,0.00012610828269264535
8,0.5,486,0.021580505038771586,0.00012888612698904231,0.0001105939126610259,0.00012888612698904231
8,0.5,487,0.021675499217569873,0.00012316213048912004,0.0001032369449228659,0.00012316213048912004
8,0.5,488,0.021742239040182278,0.0001235060179796803,0.00012067285420245524,0.0001235060179796803
8,0.5,489,0.021718011555902788,0.000122986510580839,0.00012018027917590382,0.000122986510580839
8,0.5,490,0.021785630317476892,0.0001242266732234357,0.00011715061274965133,0.0001242266732234357
8,0.5,491,0.021724388542359016,0.00011891688068593599,0.00011542656343237293,0.00011891688068593599
8,0.5,492,0.021676573574223812,0.00012109810396088132,0.00011435457934325968,0.00012109810396088132
8,0.5,493,0.02170728250756906,0.00012964036094843744,0.0001296403609484374,0.00012169374563704053
8,0.5,494,0.0216911743339406,0.0001388602704683001,0.00013886027046830008,0.00012474341243033941
8,0.5,495,0.02176915151096674,0.0001502169632921422,0.0001502169632921422,0.00013020047884809255
8,0.5,496,0.02180038873958129,0.00014955195939506466,0.00014955195939506463,0.0001257145684257547
8,0.5,497,0.021711932893595267,0.00013576335517892399,0.00013576335517892399,0.00012532981922823544
8,0.5,498,0.021646272904835007,0.0001505789501979469,0.0001505789501979469,0.00012262845662557644
8,0.5,499,0.021583189748666572,0.00013900976062905518,0.00013900976062905518,0.00012152688484526703
8,0.5,500,0.021725376130497052,0.00013358006989108153,0.00013358006989108153,0.00012963703722506647
8,0.7,0,0.0825257596384002,0.00027989304096936405,0.0002798930409693641,0.0002630570016912821
8,0.7,1,0.05064818349883638,0.00024945477274597645,0.00024697627365895654,0.00024945477274597645
8,0.7,2,0.03713020866348453,0.00022101229469558407,0.00020750912045858664,0.00022101229469558407
8,0.7,3,0.030444110101081723,0.00019374932575714503,0.0001761573166579903,0.00019374932575714503
8,0.7,4,0.026691506662921707,0.00016365766492550324,0.00012830352335055774,0.00016365766492550324
8,0.7,5,0.024556859565903075,0.00015084069257444784,0.00014512132157055055,0.00015084069257444784
8,0.7,6,0.02343162762001251,0.00013610155150349317,0.00013446395549730872,0.00013610155150349317
8,0.7,7,0.02266012851370155,0.0001562980202571029,0.0001562980202571029,0.00013613882735051956
8,0.7,8,0.022228080500280675,0.0001292938801930402,0.00012500683180469965,0.0001292938801930402
8,0.7,9,0.021900075379548842,0.00012641762459174994,8.614955483399073e-05,0.00012641762459174994
8,0.7,10,0.021776710961648897,0.00013587369397955007,0.00013587369397955007,0.00012236763672456496
8,0.7,11,0.02163926953358389,0.00012817637921069608,0.0001281763792106961,0.00011825433455911806
8,0.7,12,0.021522351613014568,0.00012160809676005165,8.218886180579243e-05,0.00012160809676005165
8,0.7,13,0.0217058506863679,0.00012099326862958502,0.00011030010907002842,0.00012099326862958502
8,0.7,14,0.021450861282517737,0.00011938437483502861,0.00011394798588684545,0.00011938437483502861
8,0.7,15,0.02167362070438094,0.00013422462647445945,0.00013422462647445945,0.0001173130358409001
8,0.7,16,0.021727589893798513,0.00015553219935424692,0.00015553219935424692,0.00011611711054989698
8,0.7,17,0.021709936622053,0.00011921241359670938,0.0001173365862627003,0.00011921241359670938
8,0.7,18,0.021622112059629616,0.0001249260183984945,9.329343866299983e-05,0.0001249260183984945
8,0.7,19,0.02168262369630494,0.00012074993939596349,0.00010469664258274233,0.00012074993939596349
8,0.7,20,0.021619814867312116,0.00011960689887670425,0.00011572370626381652,0.00011960689887670425
8,0.7,21,0.021670186716003473,0.00012334728825484588,0.00010939449381163738,0.00012334728825484588
8,0.7,22,0.021496352740186055,0.00012296542613133776,0.0001139952955769914,0.00012296542613133776
8,0.7,23,0.021460558336086216,0.00012657242075709546,0.00012657242075709546,0.00012517111461953078
8,0.7,24,0.021479102954396014,0.00012291359748661627,9.146201895678091e-05,0.00012291359748661627
8,0.7,25,0.021467171709431035,0.00012229498749233975,0.00012077630611927381,0.00012229498749233975
8,0.7,26,0.021263593661894887,0.00011750787470986384,0.00010976480640913042,0.00011750787470986384
8,0.7,27,0.021370035375504377,0.0001422697546119261,0.00014226975461192613,0.00012180345312427185
8,0.7,28,0.021284424333227792,0.0001386822665135256,0.0001386822665135256,0.00011582618972113404
8,0.7,29,0.02136324234247459,0.00012513427399666617,0.0001251342739966662,0.0001166624520073375
8,0.7,30,0.02130989056182676,0.0001278240697358986,0.0001278240697358986,0.0001159380270795894
8,0.7,31,0.021211866678382273,0.00011703602788254452,0.0001087621318528416,0.00011703602788254452
8,0.7,32,0.021251252766715342,0.00011910978044105954,9.552774501335261e-05,0.00011910978044105954
8,0.7,33,0.02138364363273738,0.00011844293701240673,0.00010453442400094079,0.00011844293701240673
8,0.7,34,0.021405929187638912,0.00012351518101218567,0.00011845768157216554,0.00012351518101218567
8,0.7,35,0.02138647909549104,0.00012305366397537775,0.00010905784987563479,0.00012305366397537775
8,0.7,36,0.02153119262332827,0.00012270330645291195,0.00011396804714299574,0.00012270330645291195
8,0.7,37,0.021491996657492237,0.00012086127894831171,9.500511383265453e-05,0.00012086127894831171
8,0.7,38,0.021477869599150316,0.00012081285793128405,0.00011402050522865479,0.00012081285793128405
8,0.7,39,0.02127542378645788,0.00011944841684751547,0.00011763066601232177,0.00011944841684751547
8,0.7,40,0.02140995014770818,0.00011905444439977836,0.00011346372260279336,0.00011905444439977836
8,0.7,41,0.021354986511834543,0.00011681639594152837,9.578337753094027e-05,0.00011681639594152837
8,0.7,42,0.021540126082872264,0.00013226117147110253,0.00013226117147110253,0.00011740713627982003
8,0.7,43,0.021586286179722046,0.00015224243693912824,0.00015224243693912824,0.00011797991971264369
8,0.7,44,0.02162887572349054,0.00012871743431467868,0.00012871743431467868,0.00011979565710429975
8,0.7,45,0.02160671425394092,0.00012592184199554623,0.00012592184199554623,0.00011845988857304823
8,0.7,46,0.021606854183015646,0.00012443738018509085,0.00010429376147066608,0.00012443738018509085
8,0.7,47,0.02145742706856611,0.00012330506336993838,0.00012330506336993835,0.00011824095192503562
8,0.7,48,0.021529940596538368,0.00012895218485662604,0.000128952184856626,0.0001235562181146531
8,0.7,49,0.021550042075213948,0.00012493808075107074,0.00010971111506351385,0.00012493808075107074
8,0.7,50,0.02168475972983015,0.00013427342250785812,0.00013427342250785812,0.00012092376410113253
8,0.7,51,0.021586548650758767,0.00012476413424341792,0.0001247641342434179,0.00012144961498981471
8,0.7,52,0.02163304859214919,0.00012538554967735517,0.00012538554967735514,0.00012453185893969082
8,0.7,53,0.02181754457121702,0.00012596657232016357,0.00012005974617374275,0.00012596657232016357
8,0.7,54,0.021545850594389383,0.00012814167450315024,0.00011276920395034162,0.00012814167450315024
8,0.7,55,0.021502670074919503,0.00012324468806068325,0.00012324468806068327,0.00011883558040851977
8,0.7,56,0.021416908105387936,0.00011875170393237497,0.00010756433085511077,0.00011875170393237497
8,0.7,57,0.02138509201063389,0.0001286521120469289,0.00012865211204692888,0.00011824122862707454
8,0.7,58,0.021535499115205192,0.00013381423229827778,0.00013381423229827778,0.00011825524536864359
8,0.7,59,0.021444130696079453,0.00012362926280556785,0.00011853352015151485,0.00012362926280556785
8,0.7,60,0.02172720547485577,0.00012846462946536789,0.00011170283600065123,0.00012846462946536789
8,0.7,61,0.021470146919770818,0.00012063582777166632,0.00011266484812870261,0.00012063582777166632
8,0.7,62,0.021567172619056395,0.00011963859940857243,0.0001082470863338154,0.00011963859940857243
8,0.7,63,0.021738772473576213,0.00013455868878693822,0.00013455868878693822,0.00012058455142084053
8,0.7,64,0.02175775118687869,0.00013852659058121065,0.00013852659058121065,0.00011571788350622906
8,0.7,65,0.021683016483457256,0.00012989503242660506,0.00012989503242660506,0.00011963148419816738
8,0.7,66,0.02153639087785751,0.0001295750365923821,0.0001295750365923821,0.00012185944235805531
8,0.7,67,0.021503335730747305,0.0001256034770748527,0.00012560347707485272,0.00011729573248599014
8,0.7,68,0.02160979739032885,0.00011969044182134534,0.00011235748332405125,0.00011969044182134534
8,0.7,69,0.021425951580039123,0.00012059727513956293,0.00011346141206158717,0.00012059727513956293
8,0.7,70,0.02138149204011679,0.00011452515327854583,0.00010033594951878163,0.00011452515327854583
8,0.7,71,0.021419509176995817,0.0001254681093920524,0.0001254681093920524,0.00011824439672359381
8,0.7,72,0.021546590161028757,0.0001207477497289939,0.00011170987045903631,0.0001207477497289939
8,0.7,73,0.021391810126995658,0.00015734131673385792,0.00015734131673385792,0.00012046987396499677
8,0.7,74,0.021256028762709545,0.00012449554914461188,0.00012449554914461188,0.00011692859550107644
8,0.7,75,0.02118691292921461,0.0001228260831309748,0.00010970293683246141,0.0001228260831309748
8,0.7,76,0.02132561341313036,0.00012359692647683773,0.00012318899276566442,0.00012359692647683773
8,0.7,77,0.021306342709553887,0.00012430679201377273,0.00012430679201377273,0.00012203742123299949
8,0.7,78,0.021372265258327992,0.0001357572900269876,0.00013575729002698758,0.0001252217674979251
8,0.7,79,0.021492269668543774,0.00012298799521574228,0.00010769925173378799,0.00012298799521574228
8,0.7,80,0.021281290569099432,0.00014097604701388065,0.00014097604701388065,0.00012377678145943614
8,0.7,81,0.021488709439799684,0.0001186370689941427,0.00010662895439444399,0.0001186370689941427
8,0.7,82,0.021501415710781346,0.00012129878095345397,9.835627760833276e-05,0.00012129878095345397
8,0.7,83,0.021478008566946958,0.00012538106201942143,0.00012538106201942143,0.00011893611328783856
8,0.7,84,0.02160053102009703,0.00012619381756642545,0.00011659193534188743,0.00012619381756642545
8,0.7,85,0.02149557437175097,0.00012238585066540352,0.00011817729713608585,0.00012238585066540352
8,0.7,86,0.02140300322602207,0.00011682464797176822,0.0001001246103408683,0.00011682464797176822
8,0.7,87,0.021422999376387104,0.00012052146113312265,0.0001018836486329718,0.00012052146113312265
8,0.7,88,0.021363981726466252,0.00012034067601219122,0.00011537412342850386,0.00012034067601219122
8,0.7,89,0.021377792579574475,0.00011999148128779766,0.00011081367265824825,0.00011999148128779766
8,0.7,90,0.021392183976845815,0.00011647732012120488,0.00010524855711029536,0.00011647732012120488
8,0.7,91,0.021576213099864756,0.0001244928950019587,9.263789377180217e-05,0.0001244928950019587
8,0.7,92,0.02151212049088962,0.00012510597685079774,0.00012288668041024597,0.00012510597685079774
8,0.7,93,0.021286898487595306,0.00012882312026601692,0.00012882312026601692,0.0001272038906356562
8,0.7,94,0.02143743950854343,0.0001222320444111677,0.00010288863566040668,0.0001222320444111677
8,0.7,95,0.021473011087964296,0.00012728032188416392,0.00012728032188416392,0.00012496160959504985
8,0.7,96,0.021572239066801436,0.00011678287596749551,0.0001167828759674955,0.00011434940123379234
8,0.7,97,0.021545902268678477,0.00011618455719808843,0.00011301014764085494,0.00011618455719808843
8,0.7,98,0.021705292780593667,0.00012258313386576372,0.00012191694729713036,0.00012258313386576372
8,0.7,99,0.021557931473164624,0.00011715305694744125,0.00010706535640587743,0.00011715305694744125
8,0.7,100,0.021418978824848466,0.0001310077798536491,0.00013100777985364907,0.00011748323699721756
8,0.7,101,0.02150289989127356,0.00012098920483698524,0.00012098920483698524,0.00011902426287673974
8,0.7,102,0.021435184304352473,0.00011866783669014906,0.0001046135388892661,0.00011866783669014906
8,0.7,103,0.021572860735455755,0.00012013431880158951,0.0001135149205104377,0.00012013431880158951
8,0.7,104,0.021594983809811695,0.0001414600407537347,0.0001414600407537347,0.00011731081978560615
8,0.7,105,0.021688842053414585,0.0001477010312322993,0.0001477010312322993,0.00011819541456550214
8,0.7,106,0.021551664632451128,0.00015040929841373326,0.0001504092984137333,0.00012094266714957516
8,0.7,107,0.02139060257860482,0.00013003600187565153,0.00013003600187565156,0.00011804629125819377
8,0.7,108,0.021402394837238152,0.00011899932254389633,0.0001038713600041255,0.00011899932254389633
8,0.7,109,0.021443616457260527,0.0001383563275029151,0.0001383563275029151,0.00012022580411153736
8,0.7,110,0.021466435344547365,0.0001161570769107027,0.0001161570769107027,0.00011568122062466637
8,0.7,111,0.021487017424608516,0.00011991048479772057,0.00011627001510550913,0.00011991048479772057
8,0.7,112,0.021478586702703854,0.00012025570603289824,0.00011517069121580054,0.00012025570603289824
8,0.7,113,0.02149513547755465,0.00012459127937279642,0.0001245912793727964,0.00011839859451667885
8,0.7,114,0.021434413678794055,0.00011570343862754836,0.0001149846698283451,0.00011570343862754836
8,0.7,115,0.021634296633067943,0.00014663117915251727,0.00014663117915251724,0.00011992659907289394
8,0.7,116,0.021552695630675727,0.00012373051134711099,8.87368893067137e-05,0.00012373051134711099
8,0.7,117,0.021376932276921484,0.00012198813622886605,0.00012198813622886606,0.00011877231807334171
8,0.7,118,0.021382122609433788,0.00012845076585232611,0.0001284507658523261,0.0001213918684058643
8,0.7,119,0.021612925766340964,0.0001397199821444787,0.0001397199821444787,0.00012350343684656493
8,0.7,120,0.021638337926678446,0.00012699407382179542,9.77326939665781e-05,0.00012699407382179542
8,0.7,121,0.02150085418227682,0.0001229879025533837,0.00012298790255338372,0.00012054713819315392
8,0.7,122,0.021571548778113656,0.00012145570117726536,0.0001142135202166599,0.00012145570117726536
8,0.7,123,0.02157375958327708,0.00011673777503249335,0.00010054016199890882,0.00011673777503249335
8,0.7,124,0.021393081493494105,0.00012063243360317708,0.00010941057390929019,0.00012063243360317708
8,0.7,125,0.021422873381256518,0.00012168983603232707,0.00012168983603232707,0.00011832451395520061
8,0.7,126,0.021445981134720953,0.00014031820105257867,0.00014031820105257867,0.00011721585492240671
8,0.7,127,0.02150042750241359,0.00012840332706949328,0.0001284033270694933,0.00012195545715716295
8,0.7,128,0.02163538964276757,0.00012317313671911026,0.00012317313671911023,0.00012287715795479673
8,0.7,129,0.021580299523572485,0.00012139000340801794,0.00010575141085465639,0.00012139000340801794
8,0.7,130,0.021610444113360362,0.0001224366611090605,0.00011522889653286748,0.0001224366611090605
8,0.7,131,0.021538552660144993,0.00012275952374706065,0.0001037302078076102,0.00012275952374706065
8,0.7,132,0.02170275442801595,0.00012329549575457275,8.106296766714096e-05,0.00012329549575457275
8,0.7,133,0.021524334438785087,0.00012227119040942683,0.00010091823281271847,0.00012227119040942683
8,0.7,134,0.021337921183893674,0.00012729549592084785,0.00012729549592084782,0.00011734455492222534
8,0.7,135,0.02152575348461039,0.00013589564879923423,0.0001358956487992342,0.00011630694523540478
8,0.7,136,0.021356783541462823,0.0001187930765657016,0.00010766735043655426,0.0001187930765657016
8,0.7,137,0.02151903201643981,0.00012617791134726309,0.00012383101408548481,0.00012617791134726309
8,0.7,138,0.021530980565869197,0.0001267955475635362,0.00012069458704622967,0.0001267955475635362
8,0.7,139,0.021571955837524866,0.00012535538126550043,0.00011066040090878817,0.00012535538126550043
8,0.7,140,0.021628366428858743,0.00012250615651968148,0.00011382994060939465,0.00012250615651968148
8,0.7,141,0.021646817869535324,0.00012604428696910033,0.00010130840224130232,0.00012604428696910033
8,0.7,142,0.021516099722637464,0.00012240280418413074,9.448090519706512e-05,0.00012240280418413074
8,0.7,143,0.021426639840296063,0.0001204310339377908,0.00011893779244479414,0.0001204310339377908
8,0.7,144,0.02136337734509786,0.00012092964682678844,0.00010794657804440581,0.00012092964682678844
8,0.7,145,0.021385871790806584,0.00012454343689817258,0.00011941427609757043,0.00012454343689817258
8,0.7,146,0.021445642229751656,0.00012606502769873962,0.00012606502769873962,0.00012266577904163027
8,0.7,147,0.021314379872594994,0.00011872416002339967,0.00011872416002339965,0.00011567415218550961
8,0.7,148,0.021212535407322337,0.00011990329002383929,0.00011656562829846243,0.00011990329002383929
8,0.7,149,0.021352728115614346,0.00012003703889615625,0.00011118051461547128,0.00012003703889615625
8,0.7,150,0.02149855322051655,0.0001382758284516691,0.0001382758284516691,0.00012556187100099
8,0.7,151,0.021655891214546537,0.00012580150750249498,0.00011930777938057004,0.00012580150750249498
8,0.7,152,0.02166796771667455,0.00012101813015898857,0.00011444311667272469,0.00012101813015898857
8,0.7,153,0.02167104407914492,0.00012729077898916035,0.0001239781134834399,0.00012729077898916035
8,0.7,154,0.021666980735937084,0.0001288079634274098,8.441661366485313e-05,0.0001288079634274098
8,0.7,155,0.02166788891238707,0.0001294558436620737,0.00011211721704046523,0.0001294558436620737
8,0.7,156,0.021613987097414585,0.00012956820651888076,0.00012956820651888076,0.00012389117740394247
8,0.7,157,0.021460647029824,0.00012481887434187818,0.0001248188743418782,0.0001232299840404495
8,0.7,158,0.021527448477551923,0.00011857700957489806,0.00011857700957489806,0.00011754724435053474
8,0.7,159,0.021454119934441785,0.00012610144163849833,0.00012610144163849833,0.00011517446849533841
8,0.7,160,0.021468317397540293,0.00012926217087806799,0.00012926217087806799,0.00011848870294644982
8,0.7,161,0.02142179939871669,0.00012239683396291406,0.00011018901338598192,0.00012239683396291406
8,0.7,162,0.02159535130349932,0.0001196729006685787,0.0001147497794250303,0.0001196729006685787
8,0.7,163,0.021551080646613995,0.00012228694169766498,0.00012228694169766498,0.00012203552927672017
8,0.7,164,0.021450738361307006,0.00012300819107201357,0.00012300819107201357,0.00011507625427969605
8,0.7,165,0.021651345432285182,0.00012931312084364812,0.00012931312084364812,0.00011813818371210339
8,0.7,166,0.021501730263964586,0.000139896530012849,0.000139896530012849,0.00012115147182370908
8,0.7,167,0.021605010179239627,0.00012509709918563625,0.00012454216975544337,0.00012509709918563625
8,0.7,168,0.02157944996771335,0.00012077755925817747,0.00010320542055626815,0.00012077755925817747
8,0.7,169,0.021421613885270356,0.000118889145346818,0.00010954596307923616,0.000118889145346818
8,0.7,170,0.0213820330428502,0.00012141609030099397,8.710356031047412e-05,0.00012141609030099397
8,0.7,171,0.021543370816531553,0.00011535075580711603,0.00011531699226066309,0.00011535075580711603
8,0.7,172,0.02135117068853258,0.00012008622347349869,9.894970569105409e-05,0.00012008622347349869
8,0.7,173,0.021380324824979407,0.0001213413926456329,0.00012048596485799272,0.0001213413926456329
8,0.7,174,0.021416091222837188,0.00012716482897852626,0.00012716482897852626,0.00011470387151142527
8,0.7,175,0.021467990459056164,0.00012709756210694766,0.00012709756210694766,0.0001161511665026968
8,0.7,176,0.021528492694860655,0.00011776328316693818,9.41060154791636e-05,0.00011776328316693818
8,0.7,177,0.0217248310086808,0.00012116189827972769,0.00010776280393435137,0.00012116189827972769
8,0.7,178,0.021493532121135858,0.00012180687850281233,0.00011458321339927594,0.00012180687850281233
8,0.7,179,0.021676040487501904,0.0001376856334619642,0.0001376856334619642,0.00012080042507850094
8,0.7,180,0.02144573766262666,0.00013274043401004338,0.00013274043401004338,0.00012321785552719952
8,0.7,181,0.021428422940104254,0.0001199213481365837,0.00010391727583531698,0.0001199213481365837
8,0.7,182,0.021629281330772708,0.00012066556651364792,0.00010637404165822893,0.00012066556651364792
8,0.7,183,0.02137441948872143,0.0001197197624231837,0.00011256509672429766,0.0001197197624231837
8,0.7,184,0.021337259578602438,0.00012018191798158432,9.124056237150592e-05,0.00012018191798158432
8,0.7,185,0.021466060722691308,0.00013338590935753754,0.00013338590935753754,0.00011865241446901117
8,0.7,186,0.021419323088124057,0.00013899975206791592,0.00013899975206791592,0.00011898193119943849
8,0.7,187,0.02142287273721333,0.00014016774475858622,0.00014016774475858622,0.00012161489619813974
8,0.7,188,0.021370663396627933,0.0001414244403245817,0.00014142444032458172,0.00012207783538567744
8,0.7,189,0.02154249292993004,0.00012026074285590464,0.00010960513903528695,0.00012026074285590464
8,0.7,190,0.021482372541467714,0.00012642702725316988,0.00012102607855607765,0.00012642702725316988
8,0.7,191,0.021588875600595477,0.00012043667690542669,9.879861409835179e-05,0.00012043667690542669
8,0.7,192,0.021408231187129957,0.00011634463174996663,0.000109682420814232,0.00011634463174996663
8,0.7,193,0.021444933428438204,0.00013112387234156945,0.00013112387234156942,0.00011801945144619364
8,0.7,194,0.02171719876699687,0.00014111069696885203,0.00014111069696885203,0.00011999910983949288
8,0.7,195,0.02148541951923982,0.000116931042642948,0.00011221830195592337,0.000116931042642948
8,0.7,196,0.02132329040914261,0.00012086233467857965,0.00011062854798971732,0.00012086233467857965
8,0.7,197,0.021363750283058782,0.00012508468669255392,0.00011608682949095945,0.00012508468669255392
8,0.7,198,0.021400602523531362,0.0001238258557193703,0.00011149957129744594,0.0001238258557193703
8,0.7,199,0.021385855045447162,0.00011897468803845615,0.00011444936595041913,0.00011897468803845615
8,0.7,200,0.021428918070034532,0.00013494566045751922,0.0001349456604575192,0.00011809887042734574
8,0.7,201,0.021475309142299333,0.0001183004714001415,0.00010211869141473948,0.0001183004714001415
8,0.7,202,0.02146527744410058,0.00012151378619956477,0.00010001627272396434,0.00012151378619956477
8,0.7,203,0.021584783451902644,0.0001262723146478183,0.0001099399305728356,0.0001262723146478183
8,0.7,204,0.021510643087446924,0.00012522681162865733,0.0001084469955573335,0.00012522681162865733
8,0.7,205,0.021424458259623743,0.00012433331008484638,0.00012287375206625924,0.00012433331008484638
8,0.7,206,0.02125070168327082,0.00012039565799672396,0.00011417264970896167,0.00012039565799672396
8,0.7,207,0.021192115641918988,0.0001267620862279137,0.00012153852718026568,0.0001267620862279137
8,0.7,208,0.02127688932501987,0.0001238258833602087,0.0001238258833602087,0.00012312539345343712
8,0.7,209,0.021356719234481885,0.0001224452252374246,0.00011400030482875305,0.0001224452252374246
8,0.7,210,0.02141089407372997,0.00014923795859418345,0.00014923795859418345,0.00011997974249320052
8,0.7,211,0.02149288563805446,0.00012367100735217866,0.00012286193153451653,0.00012367100735217866
8,0.7,212,0.02157290279379493,0.0001251018540707592,0.00012136208758118947,0.0001251018540707592
8,0.7,213,0.02179778819965807,0.00012469541900056306,0.00011471214329723417,0.00012469541900056306
8,0.7,214,0.021647299920889863,0.00012417910741922548,0.00011969323930156897,0.00012417910741922548
8,0.7,215,0.02166237127483274,0.0001348436894694439,0.0001348436894694439,0.00011982769110720093
8,0.7,216,0.02156003376921437,0.00012348992120290124,0.00012348992120290122,0.00012105880916017306
8,0.7,217,0.021574598959728616,0.00012231601433621437,0.00010761817065505533,0.00012231601433621437
8,0.7,218,0.021584790365757642,0.00012745605629595853,0.00011025719195110801,0.00012745605629595853
8,0.7,219,0.021452557732938075,0.0001266526374520836,0.00011232780337927139,0.0001266526374520836
8,0.7,220,0.021479355050460298,0.00012329320329181487,0.00011824213418423925,0.00012329320329181487
8,0.7,221,0.021604623627945664,0.00013563683261658962,0.00013563683261658962,0.00012252299182239365
8,0.7,222,0.021659730118046734,0.00011699025528793164,0.00011670144159710078,0.00011699025528793164
8,0.7,223,0.021509700298633774,0.00011530481845889805,0.00010726621472056449,0.00011530481845889805
8,0.7,224,0.02137180613640626,0.00011745390169652818,0.00011441240120830948,0.00011745390169652818
8,0.7,225,0.021316736515411407,0.00012496736660668855,0.0001246209494493055,0.00012496736660668855
8,0.7,226,0.021278403587040928,0.00011875726238175562,0.00011480538067635216,0.00011875726238175562
8,0.7,227,0.021365009197987464,0.0001173403622003309,0.00010762077674298821,0.0001173403622003309
8,0.7,228,0.021252869967330397,0.00011967326814355328,0.00011967326814355328,0.00011693428117254377
8,0.7,229,0.02152458848552486,0.00011536227363000316,0.0001036473272873309,0.00011536227363000316
8,0.7,230,0.021583808312391827,0.00013028464278497001,0.00013028464278497004,0.00011974328617946134
8,0.7,231,0.02162057608258682,0.00011880525082452877,0.00010856998112105873,0.00011880525082452877
8,0.7,232,0.021434979192549695,0.00012598539802494054,8.933362866205714e-05,0.00012598539802494054
8,0.7,233,0.021408084457598595,0.0001243781800779673,0.00011506210805914937,0.0001243781800779673
8,0.7,234,0.021577847158367035,0.00012277119580882551,0.00010379657350746089,0.00012277119580882551
8,0.7,235,0.021443173388871698,0.00012325691370694978,0.00011078812671760249,0.00012325691370694978
8,0.7,236,0.02146017263868726,0.00011974572219916947,6.942168827399921e-05,0.00011974572219916947
8,0.7,237,0.021309912258534423,0.0001279337502604661,0.0001279337502604661,0.00011958157354431456
8,0.7,238,0.021480715748073604,0.00013112220402278408,0.00013112220402278408,0.00011686471912703739
8,0.7,239,0.021435152241554026,0.00013725229226805265,0.00013725229226805265,0.00012074486663120168
8,0.7,240,0.021386680092275703,0.00012348596716029752,0.00011960199399206018,0.00012348596716029752
8,0.7,241,0.0214686694219905,0.00012416812351429495,0.00011399643289269985,0.00012416812351429495
8,0.7,242,0.021473152089034435,0.00011813332536015149,8.64869329060813e-05,0.00011813332536015149
8,0.7,243,0.02129685428003784,0.0001201881345944795,8.649599093495123e-05,0.0001201881345944795
8,0.7,244,0.021312904561863796,0.00012149747528034116,0.00010754078653687516,0.00012149747528034116
8,0.7,245,0.02122423035934164,0.00014111381738267113,0.00014111381738267113,0.00012132784036341834
8,0.7,246,0.021364030335593417,0.00014084820304596278,0.00014084820304596275,0.0001224077004595225
8,0.7,247,0.02145903407220214,0.00013556706371766698,0.00013556706371766698,0.00012091439419348275
8,0.7,248,0.021437422382736684,0.00011660302184217066,0.00011575536744254883,0.00011660302184217066
8,0.7,249,0.02156366421808325,0.0001226547103666262,0.00012265471036662623,0.00012225206345172675
8,0.7,250,0.021416671638071413,0.00013327281515314852,0.00013327281515314855,0.00011990405557111833
8,0.7,251,0.02154101096360756,0.00012307385432214937,0.00012307385432214937,0.00012032640513611937
8,0.7,252,0.02165418258731071,0.000123964937846344,0.00010860854523915324,0.000123964937846344
8,0.7,253,0.02155498787720895,0.00015540104227493176,0.00015540104227493176,0.00012156415727384388
8,0.7,254,0.021639577492542392,0.00013165420821228664,0.00013165420821228664,0.00012138897794275118
8,0.7,255,0.021476175594453577,0.00012756776257877067,0.00012756776257877067,0.00012567148627537484
8,0.7,256,0.0216132470143527,0.00012025574243022585,0.00012025574243022584,0.00011812332209110235
8,0.7,257,0.0216085355773697,0.00013624956547751907,0.00013624956547751907,0.00011709085473164982
8,0.7,258,0.021624210306324488,0.00013976881274732546,0.00013976881274732546,0.0001222607259969498
8,0.7,259,0.021610954244903932,0.00012802469094576414,9.84297878613172e-05,0.00012802469094576414
8,0.7,260,0.021838178213272993,0.00012816971518532036,0.00010007730560370767,0.00012816971518532036
8,0.7,261,0.02175130339868148,0.00013090637914397852,9.354451262229578e-05,0.00013090637914397852
8,0.7,262,0.02149103942146293,0.00012375440970443976,0.00010075961520191155,0.00012375440970443976
8,0.7,263,0.021277255981628367,0.0001201472067918304,0.0001082309171052837,0.0001201472067918304
8,0.7,264,0.02150101071555564,0.0001226125841776922,0.00011308830912810845,0.0001226125841776922
8,0.7,265,0.02163906975614135,0.00012666708590267073,0.00010524961412382567,0.00012666708590267073
8,0.7,266,0.02152989414430472,0.00012421795842437188,0.0001242179584243719,0.00011788175029641127
8,0.7,267,0.02152091369224065,0.00012044554707386465,0.00011078884765868327,0.00012044554707386465
8,0.7,268,0.021509368428166257,0.00011945331517546282,9.161898686349452e-05,0.00011945331517546282
8,0.7,269,0.021349629859498242,0.0001403966802495658,0.0001403966802495658,0.00011849333385619419
8,0.7,270,0.02144459329561593,0.00016900542936897458,0.00016900542936897458,0.0001198353180794488
8,0.7,271,0.021707120804049462,0.00015733630220135538,0.00015733630220135536,0.00012151749570929568
8,0.7,272,0.021586151919508613,0.00012385835814859004,0.00012385835814859001,0.00011726534933145498
8,0.7,273,0.0217137640787422,0.0001247603699485994,0.00011315005685347107,0.0001247603699485994
8,0.7,274,0.021524454547315032,0.00013675622563898382,0.00013675622563898382,0.0001213636712669821
8,0.7,275,0.021511088879447558,0.0001249811710642672,0.0001249811710642672,0.0001152520768340838
8,0.7,276,0.02163980783647242,0.00011888227138733825,0.00010717865695456465,0.00011888227138733825
8,0.7,277,0.021356970612968703,0.00012440521700534272,0.00010580011366068667,0.00012440521700534272
8,0.7,278,0.021457374975217876,0.00012127293248440565,0.00010498647414827028,0.00012127293248440565
8,0.7,279,0.02164636606759296,0.00013096475245128933,0.00013096475245128933,0.00012068443565804154
8,0.7,280,0.021469248578275608,0.00012299006638573443,0.00012299006638573443,0.00012033646121256275
8,0.7,281,0.021437566417045712,0.00011864174639910141,0.00010275340975181666,0.00011864174639910141
8,0.7,282,0.02123468860846105,0.00011714820641245447,0.00010687134893600021,0.00011714820641245447
8,0.7,283,0.021428042145542357,0.00011262015771427917,0.0001017131728369362,0.00011262015771427917
8,0.7,284,0.02151887265726755,0.00012877167457637522,0.00012877167457637522,0.00011961435044324182
8,0.7,285,0.02149958485734438,0.00012418504249657924,0.00011522086331170397,0.00012418504249657924
8,0.7,286,0.021576850111383286,0.00012234311217507426,7.556422384646424e-05,0.00012234311217507426
8,0.7,287,0.02144895807807995,0.00012443483171188752,0.0001031532931492721,0.00012443483171188752
8,0.7,288,0.021449451785430753,0.00012071876815812548,0.00011567941407505471,0.00012071876815812548
8,0.7,289,0.02150278930900911,0.0001225830528897319,0.00011187701822614129,0.0001225830528897319
8,0.7,290,0.021580992108798526,0.00013935470022190025,0.00013935470022190025,0.00013079293960777737
8,0.7,291,0.021532978232510817,0.00012044965728229868,0.00011780324592243871,0.00012044965728229868
8,0.7,292,0.02144786010120295,0.00012185104328227999,0.000105427855883458,0.00012185104328227999
8,0.7,293,0.021420116164107394,0.00012236207644779963,0.0001139811735563873,0.00012236207644779963
8,0.7,294,0.021569852492475703,0.00011820258400918313,0.00011820258400918314,0.00011744113343920741
8,0.7,295,0.021415883391828164,0.00011795245338133414,8.531688640205367e-05,0.00011795245338133414
8,0.7,296,0.02162742551959271,0.00011812153520079939,0.00010940082537877579,0.00011812153520079939
8,0.7,297,0.02170882940493987,0.00012435738664531967,9.772645742045517e-05,0.00012435738664531967
8,0.7,298,0.02159584152645471,0.00012509739831265414,0.00011098571589537004,0.00012509739831265414
8,0.7,299,0.021556462920055974,0.00013312823435226033,0.00013312823435226033,0.00011986876631787207
8,0.7,300,0.021477931421877997,0.00012848333654875505,0.00012848333654875505,0.00012035328848378382
8,0.7,301,0.02151252399732343,0.00012519646797025394,0.00012519646797025394,0.0001208177433714639
8,0.7,302,0.021459752710962652,0.00011989854508951093,9.667253576145862e-05,0.00011989854508951093
8,0.7,303,0.021365142092231525,0.00012183989652356404,8.574454428441055e-05,0.00012183989652356404
8,0.7,304,0.021403408445889772,0.00012247112122184113,9.511316712532134e-05,0.00012247112122184113
8,0.7,305,0.021415667791904437,0.0001232388964993049,0.00011156186714495562,0.0001232388964993049
8,0.7,306,0.021637719740502857,0.00012566521010510582,0.00012534232566805144,0.00012566521010510582
8,0.7,307,0.021666910521656934,0.00012249753382608206,0.00010029818593910655,0.00012249753382608206
8,0.7,308,0.021672423851545126,0.00013658056226253874,0.00013658056226253874,0.00012406650147561742
8,0.7,309,0.021732955935838735,0.00013293943342607457,0.00013293943342607457,0.0001216283967885698
8,0.7,310,0.02172485107055242,0.00012741633294183403,0.00012741633294183403,0.00012089229622010736
8,0.7,311,0.02156776423497373,0.0001333647315718166,0.0001333647315718166,0.0001303845026841651
8,0.7,312,0.021385475300113515,0.00014814974074540968,0.00014814974074540968,0.00012253847419709825
8,0.7,313,0.02138868591019893,0.00013598298982935874,0.00013598298982935876,0.00012344240915243164
8,0.7,314,0.021565178279327232,0.00012517261966839087,0.00011903742052129496,0.00012517261966839087
8,0.7,315,0.02136867803136121,0.0001287924971647318,0.00012265651266935186,0.0001287924971647318
8,0.7,316,0.02143378003117099,0.0001254395679099076,0.0001068230025132352,0.0001254395679099076
8,0.7,317,0.02150321046120681,0.0001213724767844028,0.0001133131228753813,0.0001213724767844028
8,0.7,318,0.02154882266705592,0.00012926136000176576,0.00012926136000176576,0.00012276337581318986
8,0.7,319,0.02158078663709767,0.0001190318256794361,0.00011200693952279756,0.0001190318256794361
8,0.7,320,0.021557477073360743,0.00011902239363805406,0.00011176416235774552,0.00011902239363805406
8,0.7,321,0.02158120343627911,0.00012126060540846589,9.024213479467512e-05,0.00012126060540846589
8,0.7,322,0.02147486944432593,0.0001212973337430183,0.00010545321945255242,0.0001212973337430183
8,0.7,323,0.021552501832270938,0.00012142857255823198,0.00010083415891592693,0.00012142857255823198
8,0.7,324,0.021533453995408285,0.00012368909178966857,0.00012063068060355651,0.00012368909178966857
8,0.7,325,0.021654291473029698,0.00013008540667793178,0.00013008540667793175,0.00012519745590765523
8,0.7,326,0.021561733921597378,0.0001221304116630324,0.00010439552192686196,0.0001221304116630324
8,0.7,327,0.021514891234521678,0.0001224354672615673,0.00012100885740634424,0.0001224354672615673
8,0.7,328,0.02143814831988606,0.0001236242926745323,0.00011942817910953509,0.0001236242926745323
8,0.7,329,0.021628482198162227,0.00014957167115706494,0.00014957167115706494,0.00012632723062227223
8,0.7,330,0.021521844517249,0.00013807673957411335,0.00013807673957411335,0.00012024907239917805
8,0.7,331,0.021599676671233786,0.00015306470971878825,0.00015306470971878825,0.00011942232221333743
8,0.7,332,0.021590228049080937,0.00011930532447533207,0.00011560514561594315,0.00011930532447533207
8,0.7,333,0.02149239234841164,0.00012447269638793797,0.00012080438801753217,0.00012447269638793797
8,0.7,334,0.021515077098604576,0.0001276915340823032,0.0001276915340823032,0.00012443843793174958
8,0.7,335,0.021642206117154558,0.0001226204812396402,0.00011209623623968982,0.0001226204812396402
8,0.7,336,0.021500809838929113,0.0001359137841102765,0.0001359137841102765,0.0001212938737814894
8,0.7,337,0.02146655631636475,0.0001238940265822685,0.0001238940265822685,0.0001155178681333511
8,0.7,338,0.021464909548709016,0.00012918794287712084,0.00012918794287712084,0.00011595250201557549
8,0.7,339,0.021365066293512387,0.00011837391325361012,0.0001088170574077932,0.00011837391325361012
8,0.7,340,0.02145311247568311,0.00012154509602805106,0.00012154509602805106,0.00011611310640184002
8,0.7,341,0.02145711732011989,0.00014677203089932022,0.00014677203089932022,0.00012123800778762523
8,0.7,342,0.02145547528159843,0.0001200297723238545,0.0001200297723238545,0.00011730898310000782
8,0.7,343,0.021318012721553904,0.0001209481339412741,0.00010913679603085546,0.0001209481339412741
8,0.7,344,0.021240136418464846,0.00012079272534485078,0.00010666984840252464,0.00012079272534485078
8,0.7,345,0.021422041519427792,0.00011525276558044892,0.00011371088484178473,0.00011525276558044892
8,0.7,346,0.021381936480387644,0.000138344547078842,0.000138344547078842,0.00011621791266936485
8,0.7,347,0.021519063486789895,0.00012179757664091801,0.00012086503732723039,0.00012179757664091801
8,0.7,348,0.021500101473449766,0.00012609401091782086,0.00012609401091782086,0.0001225250326214895
8,0.7,349,0.021438974423295124,0.00013090147483520314,0.00013090147483520314,0.0001212259295483173
8,0.7,350,0.021414583545630344,0.00012465810595942495,0.00011039291060856373,0.00012465810595942495
8,0.7,351,0.021513222840724825,0.00015754896628608747,0.00015754896628608747,0.00012411669558939995
8,0.7,352,0.021571403112659062,0.00015913932553294897,0.000159139325532949,0.00011607509126325629
8,0.7,353,0.021358539157592647,0.0001416917946032081,0.0001416917946032081,0.00011888475871399759
8,0.7,354,0.021286656105205505,0.00014768561434167103,0.00014768561434167103,0.00012234071224554382
8,0.7,355,0.021438178332383165,0.0001252920903118354,0.00011239371075013729,0.0001252920903118354
8,0.7,356,0.021528259624584635,0.00012411874421404113,9.97921597456173e-05,0.00012411874421404113
8,0.7,357,0.02173152025405213,0.0001336883973320541,0.0001336883973320541,0.0001242867184661737
8,0.7,358,0.021775349903659737,0.00013374731287372487,0.00013374731287372487,0.00012116265018538851
8,0.7,359,0.021345855218678104,0.00011545859555378847,0.00010497301766644905,0.00011545859555378847
8,0.7,360,0.021568687028792975,0.00012631230682253277,0.0001263123068225328,0.00012008492680189709
8,0.7,361,0.021722998752840214,0.00012836595128969247,0.00012400583213650795,0.00012836595128969247
8,0.7,362,0.021584680261899827,0.00012581834323384738,9.777881149336504e-05,0.00012581834323384738
8,0.7,363,0.021614451486406987,0.00012540234479669666,9.36308333431542e-05,0.00012540234479669666
8,0.7,364,0.021583153833025906,0.00012280277924560688,0.00010281338544559072,0.00012280277924560688
8,0.7,365,0.02160136768711524,0.00011885861164634771,0.00010773855548242737,0.00011885861164634771
8,0.7,366,0.021670413211230997,0.00012098957827365578,0.00011189053358447301,0.00012098957827365578
8,0.7,367,0.02165043307554438,0.00012350696209656928,0.00011013032131405599,0.00012350696209656928
8,0.7,368,0.02149378560353737,0.00011764431568566318,0.00010806628652466212,0.00011764431568566318
8,0.7,369,0.021425943089191882,0.00013061031332912745,0.00013061031332912745,0.00011685994141263715
8,0.7,370,0.021543418913754376,0.00011646643211644716,0.00011553700459682191,0.00011646643211644716
8,0.7,371,0.021555427575087494,0.00011879899144836507,0.00011879899144836507,0.00011843480960475357
8,0.7,372,0.02143154407742368,0.00012138261679483578,0.00010986148042482286,0.00012138261679483578
8,0.7,373,0.02141663756511032,0.00011865123602909452,0.00011478047387571042,0.00011865123602909452
8,0.7,374,0.02137788910806905,0.00011855283383442666,0.00011015782996059645,0.00011855283383442666
8,0.7,375,0.021443076109818826,0.00012157779944116807,0.0001057010013279453,0.00012157779944116807
8,0.7,376,0.021514157344239913,0.0001189391647994231,8.953519619175372e-05,0.0001189391647994231
8,0.7,377,0.02150016006692091,0.00012276502517713904,0.00011288577731245095,0.00012276502517713904
8,0.7,378,0.02144188237787698,0.00012862992319693332,0.00012862992319693332,0.00011977339556518259
8,0.7,379,0.021464551101262865,0.00011649178201904083,9.525560233334448e-05,0.00011649178201904083
8,0.7,380,0.02140995526394659,0.0001271450289844071,0.0001271450289844071,0.00012182863896603975
8,0.7,381,0.02141873477364127,0.00013031905427397837,0.00013031905427397837,0.00011794004159416125
8,0.7,382,0.021146566525048056,0.00012037962847891741,0.00010785677056501562,0.00012037962847891741
8,0.7,383,0.021357562206294953,0.00012385084245566412,9.723925912078664e-05,0.00012385084245566412
8,0.7,384,0.021482068414791892,0.00013616155770053445,0.00013616155770053445,0.00012118447214392438
8,0.7,385,0.021542826026144487,0.00011938057915767187,9.32781071110868e-05,0.00011938057915767187
8,0.7,386,0.02145508486728617,0.000116021077741929,0.00010599248049483679,0.000116021077741929
8,0.7,387,0.021544864901486407,0.00011933042879201589,0.0001036689944381554,0.00011933042879201589
8,0.7,388,0.021548173067092606,0.00012482640361827848,0.00012482640361827848,0.00012206619660159891
8,0.7,389,0.02140750143124346,0.0001198037038494404,9.617027725875242e-05,0.0001198037038494404
8,0.7,390,0.021654869842931673,0.00012468929579061827,0.00010564480292688734,0.00012468929579061827
8,0.7,391,0.02155037054765417,0.0001396864795939389,0.0001396864795939389,0.00011772311013197874
8,0.7,392,0.021603824547902425,0.00013586083762415368,0.00013586083762415365,0.00012340185823013201
8,0.7,393,0.02156588543331296,0.00011532036965462465,0.00011127935042810002,0.00011532036965462465
8,0.7,394,0.02165702864862577,0.0001306741565632195,0.00013067415656321953,0.00011925296050536927
8,0.7,395,0.021579614178980484,0.00014222884538743564,0.00014222884538743564,0.0001225237572503201
8,0.7,396,0.021454338472426247,0.00014088548180370987,0.00014088548180370987,0.00012631366516734982
8,0.7,397,0.021477413207583333,0.00012319414889051586,0.00011802807109067195,0.00012319414889051586
8,0.7,398,0.021486092386655033,0.00013795372585606624,0.00013795372585606624,0.00012611365531355637
8,0.7,399,0.02153063480066737,0.0001230478707271235,0.00011933339188909907,0.0001230478707271235
8,0.7,400,0.021545440775750845,0.00012444999921434524,0.00012444999921434524,0.00012427040704015188
8,0.7,401,0.021580793532763105,0.00012616521001689032,0.000113714966504858,0.00012616521001689032
8,0.7,402,0.021306538465261753,0.00012093185456719014,9.082150514335125e-05,0.00012093185456719014
8,0.7,403,0.02154117177894379,0.00012366302231343835,0.00011975133280523527,0.00012366302231343835
8,0.7,404,0.021244476696130006,0.00013630388714089045,0.00013630388714089045,0.0001201881887559944
8,0.7,405,0.021580152686847664,0.0001209901558599168,0.00011993327345006647,0.0001209901558599168
8,0.7,406,0.021698194835820493,0.00012493873318978268,0.00012493873318978265,0.00012477979504949292
8,0.7,407,0.021753594638698644,0.0001268368433246821,0.0001060274061804545,0.0001268368433246821
8,0.7,408,0.02169824195897032,0.0001233367513120694,0.00010221682989454788,0.0001233367513120694
8,0.7,409,0.021632454938579845,0.00012416511916865715,9.984958803940506e-05,0.00012416511916865715
8,0.7,410,0.02167220925415916,0.00012723201723707848,0.00012723201723707848,0.00011990468020330699
8,0.7,411,0.021376260437291284,0.00012376256124415686,0.00010896451227270888,0.00012376256124415686
8,0.7,412,0.021256673037761038,0.00012169990974487451,0.00011236749877282869,0.00012169990974487451
8,0.7,413,0.02127152203072739,0.0001333239458544264,0.00013332394585442638,0.00012064363578173648
8,0.7,414,0.02141264064079727,0.00012024562377678803,9.294785034751152e-05,0.00012024562377678803
8,0.7,415,0.021285785975726595,0.00012200949614826557,0.00011686178553599537,0.00012200949614826557
8,0.7,416,0.021349564703598854,0.00012331834266415356,0.00012331834266415356,0.00011892578961540053
8,0.7,417,0.02125032009624804,0.00011765281189863847,0.00010982077036065052,0.00011765281189863847
8,0.7,418,0.021390971550462885,0.00012294183810721967,0.00012294183810721967,0.0001201012631115011
8,0.7,419,0.02146700003127613,0.00012330324326001162,0.00012330324326001162,0.00012022774216218867
8,0.7,420,0.021457156587844868,0.0001200109992337304,0.00011455515225980428,0.0001200109992337304
8,0.7,421,0.021531650555562713,0.0001249726178480793,0.00011328393685527484,0.0001249726178480793
8,0.7,422,0.021515054387999933,0.00012146939331592334,8.755332463193392e-05,0.00012146939331592334
8,0.7,423,0.02151319397331973,0.00012304778232384285,0.00010119146933278313,0.00012304778232384285
8,0.7,424,0.02156574733136531,0.00012212575552713586,0.0001116961439769273,0.00012212575552713586
8,0.7,425,0.021564230622305437,0.00012113992684937518,0.00012113992684937518,0.0001200784962779224
8,0.7,426,0.021638519035050104,0.00011700631408886804,0.00010557032366202626,0.00011700631408886804
8,0.7,427,0.021687256176099002,0.00011625787788069531,9.238339397243672e-05,0.00011625787788069531
8,0.7,428,0.021567916162945382,0.00011658247558498817,8.925010751684089e-05,0.00011658247558498817
8,0.7,429,0.021578096269711487,0.00012901850104559792,0.00010539894784268605,0.00012901850104559792
8,0.7,430,0.021670926632867557,0.00012690444934478342,0.00012040534388560571,0.00012690444934478342
8,0.7,431,0.021454363022582707,0.00012161519310707721,0.00011607886946585251,0.00012161519310707721
8,0.7,432,0.021363195706887418,0.00011877203755073611,0.00010875309846430453,0.00011877203755073611
8,0.7,433,0.021472739489516578,0.0001292065375434162,0.0001292065375434162,0.00012092481001596034
8,0.7,434,0.021574446721664385,0.00013518795565808887,0.00013518795565808884,0.00011982258514445092
8,0.7,435,0.02154742378886874,0.00013098041273152257,0.00013098041273152257,0.00011973752173173808
8,0.7,436,0.021682507656737102,0.0001243962030334016,0.0001243962030334016,0.00012260669611131593
8,0.7,437,0.02160972247681251,0.0001303584169873572,0.0001303584169873572,0.0001210798482456238
8,0.7,438,0.021413422100075137,0.00011962391021692001,0.00010730877661999036,0.00011962391021692001
8,0.7,439,0.021425160385073264,0.00013920823726215557,0.00013920823726215557,0.00011639579233287182
8,0.7,440,0.021429251780982126,0.00011774113278815173,0.00010780992409638922,0.00011774113278815173
8,0.7,441,0.021469329661227023,0.00013103210434537913,0.00013103210434537913,0.00011476338151167636
8,0.7,442,0.021408719258184376,0.00011921488706956123,0.00010765651714971171,0.00011921488706956123
8,0.7,443,0.021571831713573027,0.00012376773246032023,0.00011596219793892168,0.00012376773246032023
8,0.7,444,0.021602700014234057,0.00012538008663511726,0.00012538008663511723,0.00012294076166000876
8,0.7,445,0.0216451155001468,0.00012015473541466017,9.861048553860138e-05,0.00012015473541466017
8,0.7,446,0.02164591734326645,0.00011836047618274106,0.00011478750050601953,0.00011836047618274106
8,0.7,447,0.021584530278076688,0.0001300285035782954,0.0001300285035782954,0.00011731148147316436
8,0.7,448,0.02148068764766702,0.00012163411283301644,0.00012021560827815145,0.00012163411283301644
8,0.7,449,0.021339916491862117,0.0001464079359311264,0.00014640793593112642,0.00012349640493718154
8,0.7,450,0.021372652214138387,0.00012501966432063027,0.00011367519490953476,0.00012501966432063027
8,0.7,451,0.02148274652525625,0.0001246845275257422,0.00011342014563052684,0.0001246845275257422
8,0.7,452,0.021536061393639595,0.00012812938647061361,0.00012812938647061361,0.0001268286696915323
8,0.7,453,0.021429146007394647,0.00013628824918520647,0.00013628824918520647,0.00012089900381650078
8,0.7,454,0.021486005771033326,0.0001260184132440892,0.0001260184132440892,0.00011570245063742142
8,0.7,455,0.021452933021435083,0.0001469993956219804,0.0001469993956219804,0.00011852830673934623
8,0.7,456,0.021394905355127163,0.00013320918952398282,0.0001332091895239828,0.00011724563383640852
8,0.7,457,0.02155619781207502,0.00012291047362509991,0.00011173865745906184,0.00012291047362509991
8,0.7,458,0.021537051261675176,0.00012675730233249397,0.00012185492224510475,0.00012675730233249397
8,0.7,459,0.021497923892070173,0.00012551304267426194,0.00010146674331413887,0.00012551304267426194
8,0.7,460,0.021516052245053385,0.00012849701072140641,0.00012849701072140641,0.00012677346630193747
8,0.7,461,0.0215032003252978,0.00012454478445161126,0.00011556428795521427,0.00012454478445161126
8,0.7,462,0.021546539512899938,0.0001237539620392103,0.0001237539620392103,0.00011936809921309508
8,0.7,463,0.021463808307361963,0.00012187478923542692,0.00011529926183184511,0.00012187478923542692
8,0.7,464,0.021557158213834155,0.00012808950796267503,0.00012808950796267503,0.00012417758846622153
8,0.7,465,0.021485180386054202,0.0001340550755424631,0.0001340550755424631,0.00011974382725374082
8,0.7,466,0.02128965198250941,0.00011636589815396976,0.00011524272216751109,0.00011636589815396976
8,0.7,467,0.02129635668532591,0.00012146360562640554,0.00011739607791640422,0.00012146360562640554
8,0.7,468,0.02127457443265384,0.00014290700917433559,0.00014290700917433559,0.00012017445159146944
8,0.7,469,0.021407346979907125,0.0001516250087700833,0.0001516250087700833,0.00011576998172105259
8,0.7,470,0.02143129381495834,0.00013537321635383585,0.00013537321635383583,0.0001182789475000633
8,0.7,471,0.0214752096374081,0.0001225758933694892,0.0001225758933694892,0.00012025016521630134
8,0.7,472,0.021406471462557006,0.00012443755116494545,0.0001098050816476097,0.00012443755116494545
8,0.7,473,0.02153400806999017,0.00012260831625677287,0.00011713984183680643,0.00012260831625677287
8,0.7,474,0.021460949704853342,0.00016104983069919695,0.00016104983069919695,0.00011742942662478006
8,0.7,475,0.021560934456085635,0.00011961497644024983,0.00011961497644024983,0.00011821540806838619
8,0.7,476,0.02146734582336969,0.00012417821821556922,0.00012417821821556925,0.00012178650237872848
8,0.7,477,0.021488539089506993,0.00015595767233213896,0.00015595767233213896,0.00012031029114076691
8,0.7,478,0.02156694709081811,0.00012914724870783525,0.00012914724870783525,0.00012209589153466558
8,0.7,479,0.021539848695513827,0.0001261117237281299,0.000119634450743044,0.0001261117237281299
8,0.7,480,0.021485213220312573,0.0001257891407712573,8.002103305420625e-05,0.0001257891407712573
8,0.7,481,0.021370474860826324,0.00012060312246804681,8.237527213132297e-05,0.00012060312246804681
8,0.7,482,0.021546001496483325,0.00012115104181643411,0.00011842092652783249,0.00012115104181643411
8,0.7,483,0.02143280454201765,0.0001278161887806617,0.00012781618878066167,0.00011398855413876682
8,0.7,484,0.02159442022635199,0.00012187293485685934,9.922340695434224e-05,0.00012187293485685934
8,0.7,485,0.02163721419372298,0.00011954773493858888,0.00011875199733931941,0.00011954773493858888
8,0.7,486,0.021446472146112772,0.0001214907149271137,0.00011750753380684542,0.0001214907149271137
8,0.7,487,0.021338907624322678,0.0001333808604439021,0.0001333808604439021,0.0001258286864716172
8,0.7,488,0.021390165877296013,0.0001408986613235397,0.0001408986613235397,0.00012387425723079304
8,0.7,489,0.021340993297443323,0.00013036435873727204,0.00013036435873727204,0.00012543896101324312
8,0.7,490,0.02154858297919675,0.00012414583078540305,0.00012414583078540308,0.00012331677916105715
8,0.7,491,0.02147453564085642,0.00012489577398932942,0.00011077625042994681,0.00012489577398932942
8,0.7,492,0.021460305487019417,0.0001270355715392598,0.0001270355715392598,0.00011967739019790633
8,0.7,493,0.021476092580011128,0.00013062186749818395,0.00013062186749818395,0.00011654421755977171
8,0.7,494,0.021376233170003804,0.00014912546426371537,0.00014912546426371534,0.00012027506167647588
8,0.7,495,0.021436163958888265,0.00012053389693664523,0.00011249450570076296,0.00012053389693664523
8,0.7,496,0.021429243006194764,0.00011916389358059145,0.00011878837262133812,0.00011916389358059145
8,0.7,497,0.021591426486128766,0.00012796909093579738,0.00012796909093579738,0.00012506916927833989
8,0.7,498,0.021696540836222643,0.00012786774655976208,0.0001278677465597621,0.00012622616011352558
8,0.7,499,0.021688884790904618,0.00011990194237342706,0.00011786559546611654,0.00011990194237342706
8,0.7,500,0.021718407933065616,0.00014255232473535986,0.00014255232473535983,0.00012507521382469768
8,0.9,0,0.08225452618649748,0.00024184532656041903,0.00022514290162608887,0.00024184532656041903
8,0.9,1,0.050495867020833266,0.000249047899032374,0.00022972411418908549,0.000249047899032374
8,0.9,2,0.0372623964851312,0.0002136330521318297,0.00020289494923413602,0.0002136330521318297
8,0.9,3,0.030522867156869762,0.00022582637626279668,0.00022582637626279665,0.00018138582895305466
8,0.9,4,0.026788094699964064,0.00017873636348616947,0.00017873636348616947,0.00016239340539487513
8,0.9,5,0.02455550837446655,0.00016585631177221482,0.00016585631177221482,0.00014952082881413326
8,0.9,6,0.02346550078008106,0.00015422270710702184,0.00015422270710702184,0.00014169532266573206
8,0.9,7,0.02277233573741293,0.00013846714242303306,0.00013343757525556568,0.00013846714242303306
8,0.9,8,0.022372802285226753,0.00012871153069269527,0.0001225474872454574,0.00012871153069269527
8,0.9,9,0.02214998585948279,0.0001261735042926932,0.00012165181114118127,0.0001261735042926932
8,0.9,10,0.0218664719365644,0.00012695522330059364,8.719958588968321e-05,0.00012695522330059364
8,0.9,11,0.0216191020100275,0.00012224999757784257,0.00012196284652485523,0.00012224999757784257
8,0.9,12,0.021649632422454792,0.00012252993867485726,0.00012252993867485726,0.00012115384133389235
8,0.9,13,0.021435709739351903,0.00012171169770911253,0.0001140161621131687,0.00012171169770911253
8,0.9,14,0.021401427277699097,0.00012392048884125536,0.00010282569632625037,0.00012392048884125536
8,0.9,15,0.02156564744577059,0.00012103250141787234,0.000102573196218174,0.00012103250141787234
8,0.9,16,0.021623383739733815,0.00012048459080798486,0.00011558029623427202,0.00012048459080798486
8,0.9,17,0.021485954168080648,0.00012412490592284705,0.00012412490592284705,0.0001168218842066358
8,0.9,18,0.02146588537524125,0.00012025145527972459,0.00011976784366618842,0.00012025145527972459
8,0.9,19,0.021452158834300038,0.00011743544749985937,0.00010372532011317971,0.00011743544749985937
8,0.9,20,0.021384269961384022,0.00011995992350082168,9.506774228647113e-05,0.00011995992350082168
8,0.9,21,0.02142955712550656,0.00012114985781896198,0.00012114985781896197,0.00011821370950398421
8,0.9,22,0.02132875956690011,0.00011912739506580222,0.00010794591131438708,0.00011912739506580222
8,0.9,23,0.021285666481396785,0.00011616559349143185,8.88076178569662e-05,0.00011616559349143185
8,0.9,24,0.02137674923827265,0.0001267552765168238,0.00010425725718165465,0.0001267552765168238
8,0.9,25,0.021444598129505672,0.00012974825832369894,0.0001255958684211647,0.00012974825832369894
8,0.9,26,0.02133619256748344,0.0001245026272006434,0.0001245026272006434,0.00012023836909845523
8,0.9,27,0.021467843883448103,0.00012021412390208789,0.00011273394203442942,0.00012021412390208789
8,0.9,28,0.02150129914178772,0.00014395677001219524,0.00014395677001219524,0.0001284164632350413
8,0.9,29,0.02153919409896502,0.00012622477501385713,0.00012061054673457797,0.00012622477501385713
8,0.9,30,0.02128898753071675,0.0001224930196992104,9.927647655911425e-05,0.0001224930196992104
8,0.9,31,0.021303305008073425,0.00011820037915102632,8.95096689929558e-05,0.00011820037915102632
8,0.9,32,0.02135246635714099,0.00011953286139775378,0.00010376423383090882,0.00011953286139775378
8,0.9,33,0.021418769182530772,0.00012015730155613664,9.176072885384935e-05,0.00012015730155613664
8,0.9,34,0.021373075734857895,0.00012263891600411826,0.00012173634229393238,0.00012263891600411826
8,0.9,35,0.021350432643090222,0.00013277729926517643,0.00013277729926517643,0.00012169052436814177
8,0.9,36,0.021426774326530926,0.0001227253676910024,0.00011608960241459863,0.0001227253676910024
8,0.9,37,0.02146044536680455,0.00012659174703448872,7.999004644536811e-05,0.00012659174703448872
8,0.9,38,0.02137404031931036,0.00011983908223404176,9.907190012104835e-05,0.00011983908223404176
8,0.9,39,0.021417875214572887,0.00012118205675194038,0.0001136899723403719,0.00012118205675194038
8,0.9,40,0.021301186303920517,0.0001253756768784826,0.0001253756768784826,0.00012008139597174268
8,0.9,41,0.021278408079757404,0.00012801519273038117,0.00012801519273038117,0.00011627284781913119
8,0.9,42,0.021336882789275792,0.00012129568645874297,0.00010668574395164797,0.00012129568645874297
8,0.9,43,0.021236076266027915,0.00011795584987496734,0.00011119634705063925,0.00011795584987496734
8,0.9,44,0.021369726358682662,0.0001160319234354575,9.638299350325578e-05,0.0001160319234354575
8,0.9,45,0.021429066056720465,0.00012355156225200137,0.00012355156225200137,0.00011849456416601108
8,0.9,46,0.021307549513801937,0.0001431326236241589,0.0001431326236241589,0.00011480390611130967
8,0.9,47,0.021196669116902024,0.0001391614621317513,0.0001391614621317513,0.00011660298884945972
8,0.9,48,0.021346157335517358,0.00011631597013567274,0.0001122920012753287,0.00011631597013567274
8,0.9,49,0.02138469317510854,0.00011803693865976797,9.956447561769331e-05,0.00011803693865976797
8,0.9,50,0.021354155755672462,0.00012011780296834724,0.00011351450334640705,0.00012011780296834724
8,0.9,51,0.02135424772239073,0.000130718089690198,0.000130718089690198,0.00011626535899732321
8,0.9,52,0.021343317203509966,0.00012661238802373295,0.00012661238802373295,0.00011458144217700801
8,0.9,53,0.021344740091780678,0.00011498241968588083,0.00011121922756236609,0.00011498241968588083
8,0.9,54,0.021335440713382878,0.00013600623865911874,0.00013600623865911874,0.00011561874442380307
8,0.9,55,0.021388734165113533,0.00012184441874514358,0.00011223208606787461,0.00012184441874514358
8,0.9,56,0.02135016381964275,0.00012085748286133967,0.00010334692186485806,0.00012085748286133967
8,0.9,57,0.021425359359275316,0.0001227002634366148,0.00011113815569546183,0.0001227002634366148
8,0.9,58,0.021498650970679992,0.00015601377246387337,0.00015601377246387337,0.00012008244523855724
8,0.9,59,0.02153413342677999,0.00012637701006217318,0.00011840431619688282,0.00012637701006217318
8,0.9,60,0.021585626604755624,0.00013660653315252503,0.00013660653315252503,0.00012230902211244875
8,0.9,61,0.021440022950679913,0.00012382700068108466,0.00010143745077218287,0.00012382700068108466
8,0.9,62,0.02127438185083159,0.00012034566995283,0.00011633526954339095,0.00012034566995283
8,0.9,63,0.02133668079957685,0.00011777759719367137,0.00010854334854561198,0.00011777759719367137
8,0.9,64,0.021573255524723608,0.00012355062001367546,0.00011666921156836075,0.00012355062001367546
8,0.9,65,0.021354634553171006,0.0001354674016729193,0.0001354674016729193,0.00011484695545740612
8,0.9,66,0.02125814644956827,0.00014230608090000675,0.00014230608090000675,0.00011806722651558989
8,0.9,67,0.02122357838987889,0.0001360919051726118,0.00013609190517261177,0.00011359870622542709
8,0.9,68,0.021438590585212598,0.00012330820964640078,0.00012330820964640078,0.0001189404359474831
8,0.9,69,0.021445168763151577,0.00013284463232182854,0.00013284463232182854,0.00012093251504611193
8,0.9,70,0.02142657498113903,0.00012126452569443915,0.0001198617730806346,0.00012126452569443915
8,0.9,71,0.021601665976336105,0.0001328271895652065,0.0001328271895652065,0.00011948329448077055
8,0.9,72,0.02144678474425168,0.00011963307588918693,0.00011329062418954788,0.00011963307588918693
8,0.9,73,0.021584072677530187,0.00012442274936431388,0.00011503544276407483,0.00012442274936431388
8,0.9,74,0.02157012349217215,0.00014160952601840996,0.00014160952601840996,0.00011831906026017993
8,0.9,75,0.021375119473908587,0.00014052839767369696,0.00014052839767369693,0.0001181997484255342
8,0.9,76,0.021540821876884355,0.00011722063273952646,9.919445636265533e-05,0.00011722063273952646
8,0.9,77,0.021392023695110375,0.0001205561365617627,0.0001205561365617627,0.00011713368556247572
8,0.9,78,0.02133692536189853,0.00012204610668454362,0.0001132304152009333,0.00012204610668454362
8,0.9,79,0.021282239509675022,0.00012225486891301248,0.00010260450584109053,0.00012225486891301248
8,0.9,80,0.021296910869702184,0.00013535442785711748,0.00013535442785711748,0.00012031570888915635
8,0.9,81,0.021351175878810743,0.00015859226799716598,0.00015859226799716598,0.00012356764084028442
8,0.9,82,0.021396247609759913,0.00017917907084158446,0.00017917907084158446,0.0001211205201594024
8,0.9,83,0.0213207192696183,0.00017243982582802907,0.00017243982582802907,0.00012186875995034189
8,0.9,84,0.021357910771406318,0.00014243191435285633,0.00014243191435285633,0.00012029009040220295
8,0.9,85,0.021133488705078876,0.00011832499974455571,0.00011832499974455572,0.00011495444067925226
8,0.9,86,0.021307391122070137,0.00011686493201868357,0.00010514289420842645,0.00011686493201868357
8,0.9,87,0.021333741952715465,0.0001222884454006361,0.0001149688148418066,0.0001222884454006361
8,0.9,88,0.021205436179806095,0.00011986823046003555,0.0001148117031473573,0.00011986823046003555
8,0.9,89,0.02136470145682488,0.00012489860651505283,0.00012489860651505283,0.0001174226001760852
8,0.9,90,0.021457675553216513,0.00013980429717972825,0.00013980429717972825,0.0001180253374075912
8,0.9,91,0.021396105370269855,0.00012612710649494694,0.00012612710649494694,0.00012003413018790527
8,0.9,92,0.021467873110114548,0.00012096819202492837,0.00011948014503340108,0.00012096819202492837
8,0.9,93,0.021506538118948884,0.000122467977200057,0.000122467977200057,0.00012210168446903421
8,0.9,94,0.021431546083661143,0.00015098674549293597,0.00015098674549293597,0.00012367770290938626
8,0.9,95,0.021509727697634644,0.0001228587292396801,0.0001199617161220548,0.0001228587292396801
8,0.9,96,0.021670407980556344,0.00012379672741092792,0.0001237967274109279,0.00012187440774841269
8,0.9,97,0.021684899578896643,0.00012787958496823318,0.00012787958496823318,0.0001221106000863296
8,0.9,98,0.021439657225656793,0.0001271853636667098,0.0001271853636667098,0.0001237850220232671
8,0.9,99,0.02153954185256192,0.00012436937379833768,0.00011910395661984539,0.00012436937379833768
8,0.9,100,0.02157298197703476,0.00012390929039386107,0.00011440488737384516,0.00012390929039386107
8,0.9,101,0.021568530396877665,0.00013237047378622635,0.00013237047378622632,0.0001249180037858423
8,0.9,102,0.021584376100611414,0.00012284499253125783,0.00010898784731577496,0.00012284499253125783
8,0.9,103,0.02146080657020125,0.00014030687857978229,0.00014030687857978229,0.00012071939495002568
8,0.9,104,0.02137657400912116,0.00016321101623148062,0.00016321101623148062,0.00012002645822914388
8,0.9,105,0.021327062696714378,0.00014197883544823792,0.00014197883544823792,0.00011602413981374397
8,0.9,106,0.02134442617474221,0.00014290023688052854,0.00014290023688052854,0.00011626968472477796
8,0.9,107,0.021431265537675034,0.00011950308309166167,0.00011950308309166165,0.00011746994148701016
8,0.9,108,0.021307902329015756,0.00012995349312197422,0.00012995349312197422,0.00011982438172573315
8,0.9,109,0.021433740081754558,0.00011830058327042083,0.00010601489045545536,0.00011830058327042083
8,0.9,110,0.021622210575815294,0.00013816560692945934,0.00013816560692945932,0.00012204047777218587
8,0.9,111,0.021457613606999475,0.00013270535109160257,0.00013270535109160257,0.00012559790216113242
8,0.9,112,0.021502649724595032,0.00011964651227339138,0.00011715920716712748,0.00011964651227339138
8,0.9,113,0.02148255904567964,0.00012397513462852306,0.00011631428525246314,0.00012397513462852306
8,0.9,114,0.02146643360397356,0.00011950702945203381,9.76151652812739e-05,0.00011950702945203381
8,0.9,115,0.02145069558472061,0.00012999534307180444,0.00012999534307180444,0.00012002885994319166
8,0.9,116,0.021450814131063027,0.00012151772965173357,0.00011570109680378388,0.00012151772965173357
8,0.9,117,0.021432054419138088,0.00012011883098812692,0.00011355504678458417,0.00012011883098812692
8,0.9,118,0.02151591581732365,0.00012470423406240336,0.00011663345408929113,0.00012470423406240336
8,0.9,119,0.021513743509379023,0.00014461205292393636,0.00014461205292393636,0.00012813088080054354
8,0.9,120,0.021506552889210936,0.00012928633080534825,0.00012928633080534825,0.00012198529588704505
8,0.9,121,0.02131345415656484,0.0001206294506077675,0.00011510856888264273,0.0001206294506077675
8,0.9,122,0.021212056045932053,0.00012769831003183973,0.00012769831003183973,0.00012018787002982938
8,0.9,123,0.021281677232265206,0.00012220010830580946,0.00012220010830580946,0.00011997834747743743
8,0.9,124,0.02122623192868522,0.00012148650260601807,0.00012148650260601805,0.00012117357136417315
8,0.9,125,0.02136396243108795,0.00011603147433684884,0.00010867556663160311,0.00011603147433684884
8,0.9,126,0.02136261491935843,0.00012428379473614247,0.00011877995233601008,0.00012428379473614247
8,0.9,127,0.02153579397244386,0.0001297757128986284,0.00012977571289862836,0.00011697797296647466
8,0.9,128,0.021443031318080105,0.00011546250896816712,8.001479119449308e-05,0.00011546250896816712
8,0.9,129,0.021337792620409704,0.00012536456547240007,0.00012536456547240007,0.00011536405694980066
8,0.9,130,0.02139484883499657,0.00012881508867783854,0.00012881508867783854,0.00012262679756091832
8,0.9,131,0.02132809008189984,0.0001244843133349951,0.00011147496176941838,0.0001244843133349951
8,0.9,132,0.02148576095194925,0.0001187130463538789,0.00011511390936597027,0.0001187130463538789
8,0.9,133,0.021466057398187546,0.0001244414608797199,0.00012444146087971992,0.00012176553701478127
8,0.9,134,0.021500845198903152,0.00012170126951098867,0.00011869993104863483,0.00012170126951098867
8,0.9,135,0.02147887781935078,0.00012200298047671652,0.00011494892626051365,0.00012200298047671652
8,0.9,136,0.021570732662910416,0.0001367263567834596,0.00013672635678345957,0.00011883581227630975
8,0.9,137,0.021675282132148147,0.00015786445787846178,0.00015786445787846178,0.00012263860201349025
8,0.9,138,0.021562657254722447,0.00013613134855130948,0.00013613134855130948,0.00012443457797875335
8,0.9,139,0.021549113686934906,0.0001238384987839374,0.000121279367147743,0.0001238384987839374
8,0.9,140,0.021628135517830337,0.00013332346928398038,0.00013332346928398038,0.00012381542931015388
8,0.9,141,0.02154610385215577,0.00012275219922109652,0.00012275219922109652,0.00012217401498939169
8,0.9,142,0.021728421367229352,0.00012130692128721684,0.00012130692128721682,0.00011796909503368991
8,0.9,143,0.02161032321361335,0.00012122258194345622,0.0001212225819434562,0.00012048056859371227
8,0.9,144,0.021524773909067565,0.00012967276258041857,0.00012967276258041857,0.00011851174474562838
8,0.9,145,0.02127175805544299,0.00013383044479863755,0.00013383044479863755,0.00011798750674954475
8,0.9,146,0.021516864853723096,0.0001221664996325048,0.0001221664996325048,0.00011917275622664518
8,0.9,147,0.021562573919694534,0.0001259807422028574,0.00010187899665882122,0.0001259807422028574
8,0.9,148,0.02146550796165153,0.00012226237943644452,0.00010029936652279041,0.00012226237943644452
8,0.9,149,0.021448258157377078,0.00013223407155066126,0.00013223407155066124,0.0001200222287479457
8,0.9,150,0.021602487545618044,0.00014498999132078164,0.00014498999132078166,0.00012419935551233257
8,0.9,151,0.02150750632428572,0.00013682100492508738,0.00013682100492508735,0.0001197085299724515
8,0.9,152,0.021393138395607733,0.00015158995969577921,0.00015158995969577921,0.0001211201769295477
8,0.9,153,0.02140060523329486,0.00013975533468677952,0.00013975533468677952,0.00011773778039791578
8,0.9,154,0.021452755100436375,0.000121169363404204,0.00012116936340420402,0.00011625558752341211
8,0.9,155,0.021420071602380335,0.00011446865443762326,0.00011065776975541317,0.00011446865443762326
8,0.9,156,0.021450889201128698,0.00012100059745068924,0.00012041437546167071,0.00012100059745068924
8,0.9,157,0.021500059404442873,0.00012142704801945556,9.633512365488756e-05,0.00012142704801945556
8,0.9,158,0.021403373524949653,0.0001264245535259956,0.00012642455352599558,0.00012278592804882974
8,0.9,159,0.02143600234139339,0.0001208329940377114,0.0001208329940377114,0.00011713131061775141
8,0.9,160,0.02138743355920448,0.00011885119293721054,0.0001103691437809482,0.00011885119293721054
8,0.9,161,0.021417044650113168,0.00012882549653521429,0.00012882549653521429,0.0001167449173213358
8,0.9,162,0.021406287795264163,0.000121507235872157,0.00011668397382054393,0.000121507235872157
8,0.9,163,0.02128342187837032,0.0001224947802551396,0.00011510445731580214,0.0001224947802551396
8,0.9,164,0.021378047119258458,0.00012059048473366054,9.419335048337385e-05,0.00012059048473366054
8,0.9,165,0.021425842923630794,0.0001174256526484812,0.0001174256526484812,0.00011646046457239457
8,0.9,166,0.021391705919638123,0.0001270533614602752,0.0001270533614602752,0.00011768445276532756
8,0.9,167,0.02147705593463212,0.00013938925171501048,0.00013938925171501048,0.00012177413941341155
8,0.9,168,0.02128460020335566,0.00013101281903658748,0.00013101281903658748,0.00011637803407305317
8,0.9,169,0.02136377704607783,0.0001229375001626901,0.0001229375001626901,0.00011796839339492442
8,0.9,170,0.021381407259507157,0.00013362808350893607,0.00013362808350893607,0.00012369397112774113
8,0.9,171,0.021626076301246695,0.00012409125928546246,9.583101601729612e-05,0.00012409125928546246
8,0.9,172,0.021588553614158606,0.00013239697784638919,0.00013239697784638919,0.00012183450062079654
8,0.9,173,0.02152965853887258,0.00015031332337442954,0.0001503133233744295,0.00012015043977386882
8,0.9,174,0.02140941825728113,0.00011859720918783934,0.00011301838195915752,0.00011859720918783934
8,0.9,175,0.021342047973631033,0.0001170083377160146,0.00010668352414062346,0.0001170083377160146
8,0.9,176,0.021409612553769164,0.0001231764308417752,9.275256401574319e-05,0.0001231764308417752
8,0.9,177,0.021515481795760898,0.00011808335349560296,0.00010313349040847474,0.00011808335349560296
8,0.9,178,0.021463518114138144,0.00011867618195921357,0.00010064388914149117,0.00011867618195921357
8,0.9,179,0.02163798854020984,0.0001521184617115764,0.0001521184617115764,0.00012177515232619367
8,0.9,180,0.021585630481696098,0.0001438620205119765,0.0001438620205119765,0.00012483561663628767
8,0.9,181,0.02147475836957398,0.00012653275165905724,0.00012653275165905724,0.00012142247125237166
8,0.9,182,0.02166831919480729,0.00012114692718132187,0.0001159166919958181,0.00012114692718132187
8,0.9,183,0.02168091883040599,0.00012153085882823075,0.00010461623856076908,0.00012153085882823075
8,0.9,184,0.0216765089020301,0.00012327361161460615,0.00012327361161460615,0.00011918906642111408
8,0.9,185,0.02157616193226775,0.00012298990331685634,0.00011457597362070577,0.00012298990331685634
8,0.9,186,0.021498733760794198,0.0001237511360898242,0.00010606516522793323,0.0001237511360898242
8,0.9,187,0.021470384530871238,0.00012247300602146125,9.886223883115277e-05,0.00012247300602146125
8,0.9,188,0.02141835892097927,0.00012429240669202242,0.00010077064475295814,0.00012429240669202242
8,0.9,189,0.021442212025749623,0.00012067143358722301,0.0001057559446953398,0.00012067143358722301
8,0.9,190,0.021549406192277635,0.0001212793749150557,0.0001129185988037173,0.0001212793749150557
8,0.9,191,0.021536922922394765,0.00012269575597358538,9.949385662560963e-05,0.00012269575597358538
8,0.9,192,0.02160210223162071,0.00011792281378737538,9.990761358503237e-05,0.00011792281378737538
8,0.9,193,0.021544063795609966,0.00011788472105894973,8.726881389162084e-05,0.00011788472105894973
8,0.9,194,0.021515847273204682,0.00012133820927719157,0.00010659723419984181,0.00012133820927719157
8,0.9,195,0.021497709473953238,0.00012324394243803382,0.00011159239386522318,0.00012324394243803382
8,0.9,196,0.021484821863339772,0.00014774509014911865,0.00014774509014911868,0.00011777085233047579
8,0.9,197,0.021447137236339828,0.00015148405266304362,0.0001514840526630436,0.00012076269434985147
8,0.9,198,0.02131707215660222,0.00012455083373532963,0.00012455083373532963,0.00011979205491888264
8,0.9,199,0.021424582710898556,0.00012102403989015818,9.453847819998182e-05,0.00012102403989015818
8,0.9,200,0.021493522071539373,0.00011569565170927781,0.00010186907538593417,0.00011569565170927781
8,0.9,201,0.021442817844339192,0.00011655420521871451,0.00010236939849343125,0.00011655420521871451
8,0.9,202,0.021583391785631033,0.0001195984253250482,0.0001093624886811909,0.0001195984253250482
8,0.9,203,0.02157019768429721,0.00012276034726225343,0.00010875224656757496,0.00012276034726225343
8,0.9,204,0.021449762443874826,0.00012939076697650008,0.00012939076697650008,0.00012161560518451839
8,0.9,205,0.02148337672432375,0.0001402827695707215,0.0001402827695707215,0.00011602317827924945
8,0.9,206,0.021328549624326437,0.00011626965039566795,0.00011388609758187628,0.00011626965039566795
8,0.9,207,0.021515973486138148,0.00012113497037586889,0.00010244327648404934,0.00012113497037586889
8,0.9,208,0.02141357959363429,0.00011816207375911992,0.00011816207375911993,0.00011513593552141152
8,0.9,209,0.021456749734575967,0.00011689383581598013,0.00010000390920199971,0.00011689383581598013
8,0.9,210,0.021399339165071054,0.00011803675206622952,0.0001063236401285877,0.00011803675206622952
8,0.9,211,0.021355782178967882,0.00012217252296052963,0.00012217252296052963,0.00012060206287150112
8,0.9,212,0.021271523936789334,0.00011764589173743832,0.00010911702493962387,0.00011764589173743832
8,0.9,213,0.02145210569479911,0.0001335539684742457,0.0001335539684742457,0.00011770735765864343
8,0.9,214,0.021450765796469744,0.00012628009172385994,0.00012628009172385994,0.00011926920815868111
8,0.9,215,0.021373892142419592,0.00011716939613402156,0.00011572848508657379,0.00011716939613402156
8,0.9,216,0.02126123505640449,0.00012420845349599298,0.00012420845349599298,0.0001195485814368596
8,0.9,217,0.02136001696253326,0.00011790103212841594,0.0001127319518067362,0.00011790103212841594
8,0.9,218,0.021468357124269234,0.0001269810722649099,0.00010000631831541143,0.0001269810722649099
8,0.9,219,0.021465325979533535,0.00011831236299147472,0.00011346557413461652,0.00011831236299147472
8,0.9,220,0.021686749851908785,0.00012244613785126522,0.00011847219461679542,0.00012244613785126522
8,0.9,221,0.02168466459546075,0.0001233598353007916,0.00012053020713801932,0.0001233598353007916
8,0.9,222,0.02157843204863363,0.0001266391413448991,0.0001266391413448991,0.00011853207124670145
8,0.9,223,0.02155003078680888,0.00012418983565463425,0.00011637361362405479,0.00012418983565463425
8,0.9,224,0.02165733654412818,0.0001228753831168261,0.0001228753831168261,0.00011756978326529396
8,0.9,225,0.021578478021336542,0.00012108324946058727,0.0001163277226304902,0.00012108324946058727
8,0.9,226,0.021442800650680556,0.00011830278072260082,0.00010641246557999887,0.00011830278072260082
8,0.9,227,0.021471892351978758,0.00012092872078822113,0.00010869641260624492,0.00012092872078822113
8,0.9,228,0.021338357561288348,0.0001225935385384176,0.00010812954733188147,0.0001225935385384176
8,0.9,229,0.021598533850403737,0.00012160476263729897,0.00011555110866784972,0.00012160476263729897
8,0.9,230,0.0216918642742346,0.0001237249495442423,0.0001237249495442423,0.00012259616250437166
8,0.9,231,0.02174043626429467,0.00012694987994221348,0.00012694987994221348,0.00012158055401488864
8,0.9,232,0.02163895006764823,0.00013502248962894223,0.0001350224896289422,0.00012856236657307952
8,0.9,233,0.021595885313642052,0.000143558970161685,0.000143558970161685,0.0001234980196555604
8,0.9,234,0.02143228337801771,0.0001471337594972939,0.0001471337594972939,0.00012144435131877953
8,0.9,235,0.02143967622288397,0.0001228500900844966,0.0001228500900844966,0.0001178753719287444
8,0.9,236,0.02136495228135797,0.00014677907846706622,0.00014677907846706622,0.00012045506362191333
8,0.9,237,0.021351774550920674,0.00015998120922008138,0.00015998120922008135,0.00012080095270524469
8,0.9,238,0.02140558004715016,0.0001323328834361493,0.0001323328834361493,0.00011975156331860292
8,0.9,239,0.021375470551532643,0.0001201126252241073,0.00011478186080100023,0.0001201126252241073
8,0.9,240,0.02133796272489718,0.00013269031691141023,0.00010146197511164582,0.00013269031691141023
8,0.9,241,0.021403889315679887,0.00012342240333022207,0.00011855797775490674,0.00012342240333022207
8,0.9,242,0.021320457239032222,0.00011895533881751994,0.00011895533881751994,0.00011791518216684373
8,0.9,243,0.021442701417085888,0.00013094424836391317,0.00013094424836391317,0.00011976383887709666
8,0.9,244,0.02132894515038886,0.0001265551675271022,0.00012655516752710217,0.00011705068882599934
8,0.9,245,0.021432473927299037,0.0001178070770102476,0.00011248125539468025,0.0001178070770102476
8,0.9,246,0.02140329907115559,0.0001236469516130232,0.00011848352659257651,0.0001236469516130232
8,0.9,247,0.021353465400315526,0.00012243769133814407,0.00011350321142651646,0.00012243769133814407
8,0.9,248,0.021421235056995853,0.00012373811926913957,0.0001065118069993688,0.00012373811926913957
8,0.9,249,0.021357577942024628,0.00012057890475832986,0.00010666972842461977,0.00012057890475832986
8,0.9,250,0.02142286218819811,0.00012107158635859835,0.00011833627842295643,0.00012107158635859835
8,0.9,251,0.02153187166655728,0.00013422587279307116,0.00013422587279307116,0.00012280787001160194
8,0.9,252,0.021540854284047378,0.0001259899693276634,0.00012534338602746567,0.0001259899693276634
8,0.9,253,0.021434521669897753,0.00011816756925090777,0.00011726317649233398,0.00011816756925090777
8,0.9,254,0.02150832015570991,0.00012290618790398427,0.00011461837346524894,0.00012290618790398427
8,0.9,255,0.02148562604579344,0.00014048694251770887,0.00014048694251770887,0.00011903695147966596
8,0.9,256,0.021439026777363184,0.00011851067518167678,0.0001129552419163353,0.00011851067518167678
8,0.9,257,0.021538181415218606,0.00012065287777138483,0.0001141876844536439,0.00012065287777138483
8,0.9,258,0.02157523452594772,0.0001241417367413143,0.0001225574816709756,0.0001241417367413143
8,0.9,259,0.02154681301198401,0.00012735779752533902,0.0001186651794357141,0.00012735779752533902
8,0.9,260,0.021557612299473842,0.00012501203278210212,0.00011428939435408291,0.00012501203278210212
8,0.9,261,0.021517644091972758,0.00011616187838118116,9.278670710068936e-05,0.00011616187838118116
8,0.9,262,0.021566055029350086,0.0001298964984574537,0.0001298964984574537,0.00011861869820501847
8,0.9,263,0.021724097022005607,0.00012062494475207907,0.00011734880043012085,0.00012062494475207907
8,0.9,264,0.021623000923978997,0.00013454925025704447,0.00013454925025704447,0.00012772380030725774
8,0.9,265,0.021539231822960612,0.00012697561057017893,0.00012697561057017893,0.0001208419877908692
8,0.9,266,0.021497092047318176,0.0001221211303539024,9.157621637535088e-05,0.0001221211303539024
8,0.9,267,0.021371761655272103,0.00012259470702901561,0.00010122092733704722,0.00012259470702901561
8,0.9,268,0.0213138210118521,0.000124776918903431,0.00010374684391276858,0.000124776918903431
8,0.9,269,0.021516563334370114,0.00011925763514926605,9.808423776474468e-05,0.00011925763514926605
8,0.9,270,0.02147947618296903,0.0001204034323202037,0.0001204034323202037,0.00011807827018366188
8,0.9,271,0.021388727219324753,0.00012490624009716802,0.00012490624009716802,0.00012060797432300851
8,0.9,272,0.021458935682571775,0.00012316574505770336,0.00012316574505770336,0.00012137086245372103
8,0.9,273,0.021367506457273245,0.00013211510769171465,0.00013211510769171465,0.00012214997840928707
8,0.9,274,0.021548177154918947,0.00012060784013585302,9.584934739653767e-05,0.00012060784013585302
8,0.9,275,0.021486273205429018,0.00011982657664747826,0.00011444298892126919,0.00011982657664747826
8,0.9,276,0.021500699925695758,0.00011854389862437234,9.8000223755157e-05,0.00011854389862437234
8,0.9,277,0.021424898415928813,0.00011403432470110156,9.853571519301174e-05,0.00011403432470110156
8,0.9,278,0.021469216215691322,0.00011795908644360842,9.771207685670866e-05,0.00011795908644360842
8,0.9,279,0.021376365577893918,0.00012285340021193537,0.00011916550121384404,0.00012285340021193537
8,0.9,280,0.02140798412277738,0.00012153990087745188,0.00011060758698378399,0.00012153990087745188
8,0.9,281,0.0211550995383366,0.00011245882860725459,0.00010877572295788829,0.00011245882860725459
8,0.9,282,0.021202375275479714,0.00012115409474270051,0.00010999459379816041,0.00012115409474270051
8,0.9,283,0.021311774828841334,0.00012379837277584686,0.00010529020548893628,0.00012379837277584686
8,0.9,284,0.021280326236698288,0.0001192859951980399,0.00011298103451452928,0.0001192859951980399
8,0.9,285,0.021404540765421292,0.0001263402161432039,0.0001263402161432039,0.00012371683250410548
8,0.9,286,0.02140113174068988,0.00015481186659913293,0.00015481186659913293,0.0001219413390766127
8,0.9,287,0.02136339554624758,0.00012752204317819496,0.00012752204317819494,0.00011828725755854345
8,0.9,288,0.021294672930694827,0.00012683302932765147,0.00012683302932765147,0.00012182960425960683
8,0.9,289,0.021315829696698332,0.00012873736880122634,0.00012873736880122632,0.00012047091159392695
8,0.9,290,0.021388666306489487,0.00012034012348409066,0.00010812942365799475,0.00012034012348409066
8,0.9,291,0.021457212772811318,0.000125890314086977,0.000125890314086977,0.0001231268351770243
8,0.9,292,0.02151623833642409,0.00016487579868204008,0.00016487579868204008,0.00012302416453790506
8,0.9,293,0.02156979647658014,0.00013698050567343968,0.00013698050567343968,0.00012504091236153098
8,0.9,294,0.021504962398775345,0.00012157793164731488,0.00010886121511708196,0.00012157793164731488
8,0.9,295,0.021383024344312666,0.00011995027310781509,9.564973811833756e-05,0.00011995027310781509
8,0.9,296,0.021434061991770195,0.0001361678060888683,0.0001361678060888683,0.00012520830067124026
8,0.9,297,0.02134289617041498,0.00012829194829734163,0.00012829194829734163,0.00011860525743201312
8,0.9,298,0.021447240453000248,0.00012031204038058386,9.512500762640029e-05,0.00012031204038058386
8,0.9,299,0.021360219517431125,0.00011930375979078941,0.0001095497666881194,0.00011930375979078941
8,0.9,300,0.02137208657956935,0.0001283787474150631,0.0001283787474150631,0.00011917677622301215
8,0.9,301,0.021330793194179038,0.00012762674502592104,0.00012762674502592104,0.0001194514649410408
8,0.9,302,0.021392356473230466,0.00012147589059542873,0.00012147589059542871,0.00012002469199755892
8,0.9,303,0.021477016430952203,0.00014261811535016655,0.00014261811535016657,0.00011879044256941279
8,0.9,304,0.021567320855977526,0.00014886200919783267,0.00014886200919783267,0.00011998821904368973
8,0.9,305,0.021467621119713173,0.00013199533870905284,0.00013199533870905284,0.00012341457191836227
8,0.9,306,0.021561570066124715,0.00012137888099325792,9.288145867434745e-05,0.00012137888099325792
8,0.9,307,0.021467351622803863,0.00012089690601488438,9.31006821904961e-05,0.00012089690601488438
8,0.9,308,0.02136166119945138,0.00011470740654805039,9.944973998868784e-05,0.00011470740654805039
8,0.9,309,0.02148839155369219,0.00011721690700803352,0.0001092791003235167,0.00011721690700803352
8,0.9,310,0.02145482289679068,0.00011825930649341044,0.00011704351149928737,0.00011825930649341044
8,0.9,311,0.021509493404905787,0.0001197575746101026,9.598572367130528e-05,0.0001197575746101026
8,0.9,312,0.02158096733377605,0.00013934532418906055,0.00013934532418906055,0.00012037220533627894
8,0.9,313,0.021513131033572542,0.00014120998322516266,0.00014120998322516266,0.00011661687377298987
8,0.9,314,0.02138032932876042,0.00012001217275898193,0.00012001217275898193,0.00011685558875651219
8,0.9,315,0.021310735736364484,0.00014562675898499312,0.00014562675898499312,0.0001188805797396431
8,0.9,316,0.021493007940925412,0.00012742952319199345,0.00012742952319199345,0.0001172175317842769
8,0.9,317,0.021597935424447722,0.00011962501991360762,0.00011824090092277421,0.00011962501991360762
8,0.9,318,0.02172831162744611,0.00014270531291920877,0.00014270531291920877,0.00012186135842763007
8,0.9,319,0.021489295016807488,0.00011898104184402398,0.00011898104184402396,0.00011639271981231454
8,0.9,320,0.02155354892524426,0.00012194029758649965,0.00010760760542847995,0.00012194029758649965
8,0.9,321,0.02151213418760672,0.00012062434599504506,0.00011894639245183762,0.00012062434599504506
8,0.9,322,0.02160123365416106,0.00013626191914507707,0.00013626191914507707,0.00012215486932821523
8,0.9,323,0.02139175827457756,0.00012561660378116094,0.00012561660378116094,0.00012022042061603077
8,0.9,324,0.021462439398223263,0.00012517840726305782,0.0001251784072630578,0.00012215193135164967
8,0.9,325,0.021458392407152038,0.0001212224461803855,0.00011473925105362396,0.0001212224461803855
8,0.9,326,0.02149655434709886,0.00013785887926359927,0.00013785887926359927,0.00012138852056243544
8,0.9,327,0.021477863328035474,0.00015582549121402896,0.00015582549121402896,0.00012096631371272583
8,0.9,328,0.021420604463067747,0.00011450863204727272,0.00011450863204727272,0.00011444163725587061
8,0.9,329,0.021348125946497775,0.00013279277047104792,0.00013279277047104792,0.00012092581212027676
8,0.9,330,0.02144921079072986,0.00012466841106417977,0.0001246684110641798,0.00012167103461903201
8,0.9,331,0.021456724235332257,0.00012106139528097206,0.00011449027902404242,0.00012106139528097206
8,0.9,332,0.021384975421269405,0.0001222872251487709,8.761750718726658e-05,0.0001222872251487709
8,0.9,333,0.021546530140354625,0.00012005378691064564,0.00011796252991082467,0.00012005378691064564
8,0.9,334,0.02154146287817265,0.00011729951240385537,0.00010106876293518343,0.00011729951240385537
8,0.9,335,0.02145389618946824,0.00011461479375678724,0.00010463910992924778,0.00011461479375678724
8,0.9,336,0.021435230666984544,0.00012107645056998463,0.0001119436656257687,0.00012107645056998463
8,0.9,337,0.02128411812475772,0.00014240001782136238,0.00014240001782136238,0.00011888870252628186
8,0.9,338,0.021468644497887896,0.00013339088681994457,0.00013339088681994454,0.00011888558851651009
8,0.9,339,0.02155528912628131,0.00012038900287053054,0.00010826776368011695,0.00012038900287053054
8,0.9,340,0.0215845133701573,0.0001244748270644988,0.00011026705213235372,0.0001244748270644988
8,0.9,341,0.021523599897042747,0.00012168021471638371,9.860016839639484e-05,0.00012168021471638371
8,0.9,342,0.021565268807519185,0.00012746804793503392,0.00012746804793503392,0.0001217057094446219
8,0.9,343,0.021662174479916783,0.0001383200266181679,0.0001383200266181679,0.0001258024426427605
8,0.9,344,0.021442169904561714,0.00015510514905051108,0.00015510514905051108,0.00011929095892351819
8,0.9,345,0.021278720602023907,0.00012941520679216458,0.00012941520679216458,0.00012283133759013258
8,0.9,346,0.021296088592547113,0.00012133158125137354,0.00011406374879755915,0.00012133158125137354
8,0.9,347,0.021162753130236633,0.000119814318566314,0.000119814318566314,0.00011808870053976156
8,0.9,348,0.021474678772726026,0.00012930753204369832,0.00012930753204369832,0.00011858430471838842
8,0.9,349,0.021529045555639923,0.00012104545976403708,0.00012104545976403708,0.00011677610676199452
8,0.9,350,0.021601640066021367,0.0001192333621349734,0.0001054076658931697,0.0001192333621349734
8,0.9,351,0.021555903298568158,0.00011817365780901537,0.00010446549138528605,0.00011817365780901537
8,0.9,352,0.021539960823955866,0.0001241523471813137,0.0001241523471813137,0.00012377715121703777
8,0.9,353,0.021576026781148765,0.0001217050954174351,0.00011288493155289693,0.0001217050954174351
8,0.9,354,0.021408761849758227,0.00012743389437181804,0.00012743389437181804,0.0001258348926118319
8,0.9,355,0.021490323435817867,0.0001264458337088959,0.0001264458337088959,0.0001197997997789741
8,0.9,356,0.021529181022572445,0.00013961126221374422,0.0001396112622137442,0.00012155002174243003
8,0.9,357,0.02143606505870369,0.00013837488259327242,0.00013837488259327242,0.00011643978804445363
8,0.9,358,0.02134416869828205,0.00017211749121513506,0.00017211749121513503,0.00012082488086865178
8,0.9,359,0.021237448560483152,0.000129099088364849,0.000129099088364849,0.00011848007809564602
8,0.9,360,0.021398798540627227,0.00012407719135966203,0.0001200711399747017,0.00012407719135966203
8,0.9,361,0.021409736653017753,0.0001185144877575416,0.00011060179239344884,0.0001185144877575416
8,0.9,362,0.021434022388414974,0.00012052492068716407,0.00012052492068716407,0.00011634526833115806
8,0.9,363,0.02128327795044607,0.00011781271191865679,9.783451296474562e-05,0.00011781271191865679
8,0.9,364,0.021244040566833166,0.00011659149537734659,0.00011058431440516143,0.00011659149537734659
8,0.9,365,0.021252077574521418,0.00014827960235858445,0.00014827960235858445,0.00011597462584260025
8,0.9,366,0.021088175129027872,0.00012251595208903894,0.00012251595208903897,0.0001141994340963868
8,0.9,367,0.021192653988976618,0.0001319966512139059,0.0001319966512139059,0.00011956449877930408
8,0.9,368,0.021396432411792017,0.00013278642298737033,0.0001327864229873703,0.000121494761475228
8,0.9,369,0.021505840004019117,0.00013061589299475542,0.00013061589299475542,0.00011838257075655989
8,0.9,370,0.021525397564026907,0.00013231417859935717,0.00013231417859935717,0.00012537058301982087
8,0.9,371,0.021588578238546447,0.00012467384463410642,0.00011853888575638702,0.00012467384463410642
8,0.9,372,0.02176294185328944,0.00012580516975188477,0.00011276757948379287,0.00012580516975188477
8,0.9,373,0.021584865248741505,0.00012288759751026427,0.0001092581722026764,0.00012288759751026427
8,0.9,374,0.02157431469378335,0.00012313490902977323,9.996967517646711e-05,0.00012313490902977323
8,0.9,375,0.021622229564849303,0.00012174995501607598,9.513977304841704e-05,0.00012174995501607598
8,0.9,376,0.0215433827436894,0.000124858303687618,0.000124858303687618,0.00011664256353791662
8,0.9,377,0.021589267512280512,0.00011558579035965202,0.0001104414732155757,0.00011558579035965202
8,0.9,378,0.021698011061559382,0.00012027835020809498,0.00011959130329358183,0.00012027835020809498
8,0.9,379,0.021591552727842248,0.00012235475997963464,0.00011278871780010155,0.00012235475997963464
8,0.9,380,0.02153093686208076,0.00012398771003738614,0.00011267649297476798,0.00012398771003738614
8,0.9,381,0.02163660425277199,0.0001309728834466727,0.0001309728834466727,0.00012884662063806292
8,0.9,382,0.02161964438789144,0.00013182068531144252,0.00013182068531144252,0.00012610350028674174
8,0.9,383,0.02165856452881377,0.0001248597471904639,9.709918555626987e-05,0.0001248597471904639
8,0.9,384,0.021639889888616776,0.000126635835158709,0.00011779187051359457,0.000126635835158709
8,0.9,385,0.02157007903156859,0.00012926294296536218,0.00010243393504142473,0.00012926294296536218
8,0.9,386,0.0215358186151371,0.00012289121095974227,0.00010917292234010282,0.00012289121095974227
8,0.9,387,0.02157587764212421,0.00012241711732269116,0.00012170775750499821,0.00012241711732269116
8,0.9,388,0.021533108211463106,0.00013605431846354702,0.00013605431846354702,0.00012356019237824218
8,0.9,389,0.02157816227900445,0.00011787068481342623,0.00011770245490997891,0.00011787068481342623
8,0.9,390,0.021515639839769143,0.00012434869802218956,0.00012051815016416879,0.00012434869802218956
8,0.9,391,0.021526912030679003,0.00012260843029160062,0.00012252496908569355,0.00012260843029160062
8,0.9,392,0.021553269558658942,0.00012688871762748098,0.00012688871762748098,0.00011861290476257787
8,0.9,393,0.02150632012436524,0.00015530549164209537,0.00015530549164209537,0.00012555565586712384
8,0.9,394,0.021502790290346338,0.00012691696295090042,0.00012691696295090042,0.00012126379539664478
8,0.9,395,0.02144225177120684,0.0001519123549100836,0.0001519123549100836,0.0001227026741985804
8,0.9,396,0.021382496559345453,0.00012213005292067045,0.00010424674768138507,0.00012213005292067045
8,0.9,397,0.021340145381802865,0.00012262774664377032,9.730878986141637e-05,0.00012262774664377032
8,0.9,398,0.021341282865507887,0.00012005517984916704,0.0001106765999563582,0.00012005517984916704
8,0.9,399,0.02145461992803112,0.00012450241671419686,0.00011460607064083333,0.00012450241671419686
8,0.9,400,0.021576894335614376,0.00012048823414182521,0.00011247222506102876,0.00012048823414182521
8,0.9,401,0.02145192467151223,0.00011722673976872697,0.00011441537627241257,0.00011722673976872697
8,0.9,402,0.021329010762697543,0.00011891264081166956,0.00011677042512638541,0.00011891264081166956
8,0.9,403,0.021335665026372744,0.00012335996122172664,0.00010367753447421066,0.00012335996122172664
8,0.9,404,0.021386883130129822,0.00012620171315654108,9.887712288973602e-05,0.00012620171315654108
8,0.9,405,0.021553851905322757,0.00012937668324606053,0.00012937668324606053,0.00012232577531895008
8,0.9,406,0.021451495971397515,0.00014193779246218956,0.00014193779246218956,0.00011938954465803603
8,0.9,407,0.02154116910601644,0.00013704078273519554,0.00013704078273519554,0.000124210428449032
8,0.9,408,0.021452212680764103,0.00013127491294594873,7.953254611591041e-05,0.00013127491294594873
8,0.9,409,0.02154959536992892,0.000128550188856008,0.00012139353435263885,0.000128550188856008
8,0.9,410,0.02161294794008672,0.0001292418433194238,0.00010996932209103592,0.0001292418433194238
8,0.9,411,0.021622055250985435,0.00012889804641890305,0.00011365218009608944,0.00012889804641890305
8,0.9,412,0.02168416653557397,0.00012757080420949967,0.0001224980410276071,0.00012757080420949967
8,0.9,413,0.02164015422065787,0.00011866448904448456,0.00010867843463982892,0.00011866448904448456
8,0.9,414,0.021684348395222264,0.00012179616944057976,8.817153647673118e-05,0.00012179616944057976
8,0.9,415,0.02161841076213027,0.00012180036750594613,0.00010707341627671108,0.00012180036750594613
8,0.9,416,0.021556948948177727,0.00012117212340830411,0.00010184228650382325,0.00012117212340830411
8,0.9,417,0.021427363532844888,0.00012058112538206392,0.00010731490184601926,0.00012058112538206392
8,0.9,418,0.021455441440140766,0.00011960505771770058,0.00010942476207408509,0.00011960505771770058
8,0.9,419,0.02126464915066441,0.00011898909892836361,0.0001061856329034157,0.00011898909892836361
8,0.9,420,0.021416982084952473,0.00011844983291509062,0.00011148578506814044,0.00011844983291509062
8,0.9,421,0.02139129671157669,0.00012235948516785736,0.000100224117003585,0.00012235948516785736
8,0.9,422,0.021464451881064824,0.00012021543897928811,0.00011199221835012597,0.00012021543897928811
8,0.9,423,0.02141734683684657,0.00014281688027298686,0.00014281688027298686,0.00011954285291953532
8,0.9,424,0.021393129420240995,0.00012624411999340575,0.00011257676743131403,0.00012624411999340575
8,0.9,425,0.02136307205345932,0.00012222230735736364,0.00011569291338489108,0.00012222230735736364
8,0.9,426,0.021404122854969357,0.00012034746135221377,0.00011476621882841237,0.00012034746135221377
8,0.9,427,0.021543166823058825,0.0001268141998470998,0.00010502460061694676,0.0001268141998470998
8,0.9,428,0.02157415905394884,0.00012267249688431366,0.00012267249688431366,0.00012259600525289338
8,0.9,429,0.021618921716297965,0.00013575811960714386,0.00013575811960714386,0.00011980536557014707
8,0.9,430,0.021623559386657484,0.00012158067605462943,9.918957557451958e-05,0.00012158067605462943
8,0.9,431,0.021473277004175895,0.00011818456373691288,8.668871069589103e-05,0.00011818456373691288
8,0.9,432,0.021372974149657598,0.00011755099041940984,0.00010849492637457179,0.00011755099041940984
8,0.9,433,0.021551319778577955,0.0001289762509053655,0.0001289762509053655,0.00012093182567364598
8,0.9,434,0.021535292263243244,0.00012878973418632185,0.00012878973418632185,0.00012040080802292137
8,0.9,435,0.021697269073423297,0.0001249583072923744,0.00011697661843333667,0.0001249583072923744
8,0.9,436,0.021632715199742313,0.00012546149076933928,0.00012546149076933928,0.0001234548942219864
8,0.9,437,0.021690781228113513,0.0001240864537292913,0.00010305516599600411,0.0001240864537292913
8,0.9,438,0.021590938692048103,0.00012246265572564592,8.95794033863202e-05,0.00012246265572564592
8,0.9,439,0.021527539674496905,0.00011745354708049565,0.00010963203918316016,0.00011745354708049565
8,0.9,440,0.021461206467037943,0.00012021507433884873,0.00010534145506364919,0.00012021507433884873
8,0.9,441,0.021500928633254597,0.00011766725587233013,0.00010512720970627085,0.00011766725587233013
8,0.9,442,0.021363938261343546,0.00011442091454437494,0.00011373317336055453,0.00011442091454437494
8,0.9,443,0.021411411580993408,0.00011583796515450126,0.00011583796515450126,0.00011358691830583344
8,0.9,444,0.021412292229259538,0.00012534712371077417,0.00012534712371077417,0.0001209120410333841
8,0.9,445,0.021377949287044465,0.00013424623001762927,0.00013424623001762927,0.00011895746224408054
8,0.9,446,0.021337053349115988,0.00011853260049595402,0.00010129856756134398,0.00011853260049595402
8,0.9,447,0.02146645497417958,0.00013035051752433315,0.00013035051752433315,0.00011955706640167887
8,0.9,448,0.021381552769369764,0.00012223712141303786,0.00012223712141303786,0.00012059703488849494
8,0.9,449,0.021445422388583137,0.00013546709180286247,0.00013546709180286247,0.00012482956040973613
8,0.9,450,0.021462440746108893,0.0001397485430559741,0.0001397485430559741,0.00012034644798227087
8,0.9,451,0.02141037644955686,0.00013705699873635968,0.00013705699873635968,0.00012459513254197346
8,0.9,452,0.02160712945256462,0.0001448995144444847,0.0001448995144444847,0.00012154904902742892
8,0.9,453,0.021632988165686387,0.00015428487910539173,0.00015428487910539173,0.00012152571912720597
8,0.9,454,0.021692773115131302,0.00013389326420173354,0.00013389326420173354,0.00012225799358750214
8,0.9,455,0.02175640423657599,0.0001230790652914354,0.00011367517138495552,0.0001230790652914354
8,0.9,456,0.021662481375569805,0.00014892865293569566,0.00014892865293569563,0.00012346104331541725
8,0.9,457,0.021552336505590453,0.0001397631735806054,0.0001397631735806054,0.0001222158601180346
8,0.9,458,0.021493395933639733,0.00012386837050838318,0.00012037815866065591,0.00012386837050838318
8,0.9,459,0.021550261728837183,0.00011748732044940275,0.00010688899129499362,0.00011748732044940275
8,0.9,460,0.021657073417544765,0.00011969086966040357,9.907810757619776e-05,0.00011969086966040357
8,0.9,461,0.021681788345650103,0.00013921689442010444,0.00013921689442010444,0.000120696388261507
8,0.9,462,0.02165884394049629,0.0001465749193526812,0.0001465749193526812,0.00012204908689462508
8,0.9,463,0.021489387441626304,0.00012790887197322923,0.00011942507385241556,0.00012790887197322923
8,0.9,464,0.021440825675013164,0.00012183224134932599,0.00011828014968005417,0.00012183224134932599
8,0.9,465,0.0212641949649415,0.00012652894680113513,0.00012652894680113513,0.00011915865306483545
8,0.9,466,0.021416236843867013,0.0001243079118088696,0.0001243079118088696,0.0001165935679733298
8,0.9,467,0.021542389157220915,0.00012674090940500282,0.00011950266164356171,0.00012674090940500282
8,0.9,468,0.02158566387602315,0.0001247259976962258,0.000119951415147618,0.0001247259976962258
8,0.9,469,0.02153804300298837,0.00013666515746834775,0.00013666515746834772,0.00012259576774777475
8,0.9,470,0.02157846259690913,0.0001280171705757942,0.0001280171705757942,0.00011904900723889087
8,0.9,471,0.021542491212490637,0.00012180937179316345,8.927878827851102e-05,0.00012180937179316345
8,0.9,472,0.02131046428357264,0.0001246664976472302,0.0001246664976472302,0.00011732862769450042
8,0.9,473,0.02141467351891356,0.00012446935722080983,0.000102726549157636,0.00012446935722080983
8,0.9,474,0.0214385557941976,0.00012167564627934451,0.00011590354886399802,0.00012167564627934451
8,0.9,475,0.021502525808298565,0.00012252843580136898,0.00011729504389282432,0.00012252843580136898
8,0.9,476,0.02160436616920681,0.00012446437486714925,0.00012319893103233332,0.00012446437486714925
8,0.9,477,0.021232438804931197,0.0001300774492836855,0.0001300774492836855,0.00012107822504261282
8,0.9,478,0.021440839739799232,0.00012301307667312835,0.00011156428677069873,0.00012301307667312835
8,0.9,479,0.02151616063425934,0.0001443822778528974,0.0001443822778528974,0.00012123622307574858
8,0.9,480,0.021519621933372975,0.00013296760750050121,0.00013296760750050121,0.00012172341525077044
8,0.9,481,0.02156508525284946,0.00012178881478941178,0.00011851313854483195,0.00012178881478941178
8,0.9,482,0.02154212465829798,0.00012704914229687744,0.00011183438024184632,0.00012704914229687744
8,0.9,483,0.02160593313822368,0.00012268278101452168,0.00010575815558598141,0.00012268278101452168
8,0.9,484,0.021423066775356873,0.00012095029867571403,0.00011552855530701552,0.00012095029867571403
8,0.9,485,0.02148444766012928,0.00013120282094435638,0.00013120282094435638,0.00011494589421812274
8,0.9,486,0.021489569527324105,0.00012051413436599418,0.00012051413436599417,0.00011704203092456709
8,0.9,487,0.021448420899676197,0.00014218804634586466,0.00014218804634586466,0.00011697698572276467
8,0.9,488,0.02152456389853606,0.00012252350328933865,0.00012252350328933865,0.00011535861986308618
8,0.9,489,0.02142995825508551,0.00012971657516284844,0.0001297165751628484,0.00011696707965726197
8,0.9,490,0.0216342440614404,0.0001226590034673917,0.00010571130800432507,0.0001226590034673917
8,0.9,491,0.021562673668087916,0.00012561079040692395,0.00012561079040692395,0.00011926650435862667
8,0.9,492,0.02154135089138898,0.00012174103232359637,8.720587194356896e-05,0.00012174103232359637
8,0.9,493,0.02158597959082903,0.00012133322366539225,0.00011059937024807778,0.00012133322366539225
8,0.9,494,0.021641519603363482,0.0001277422497847455,0.0001277422497847455,0.00012374578996411615
8,0.9,495,0.0214343248626511,0.00012303587897967332,0.00012176278211896656,0.00012303587897967332
8,0.9,496,0.02148755465722655,0.0001402649687388864,0.0001402649687388864,0.00012009155729157331
8,0.9,497,0.02155215258258512,0.00011643739993369316,0.0001119131186749321,0.00011643739993369316
8,0.9,498,0.02150832557891914,0.00012246283792042618,9.049925305035521e-05,0.00012246283792042618
8,0.9,499,0.021425098074714276,0.00012010975821193146,0.00010644681705423639,0.00012010975821193146
8,0.9,500,0.0213817806042671,0.00011965808362021302,8.57201677600119e-05,0.00011965808362021302
8,1.0,0,0.08263111856145477,0.00025185746997679335,0.00017062037500216194,0.00025185746997679335
8,1.0,1,0.05092534561269898,0.000257519598841917,0.00025751959884191697,0.0002467007004177397
8,1.0,2,0.037698258047024105,0.0002709859280531621,0.0002709859280531621,0.00021964974991226546
8,1.0,3,0.03069029473796905,0.00023381948592090848,0.00023381948592090848,0.00019729443186014157
8,1.0,4,0.02696821292059197,0.0001898686277756721,0.0001898686277756721,0.00017034398268260634
8,1.0,5,0.025015358543567685,0.00018860458026461946,0.0001886045802646195,0.00015292540243057047
8,1.0,6,0.023545232090174593,0.0001618906985133354,0.0001618906985133354,0.0001384878352548789
8,1.0,7,0.022836546610848205,0.00015189225387178114,0.00015189225387178112,0.000136894763705016
8,1.0,8,0.02221777597450268,0.0001272295175534597,0.00011585559783500281,0.0001272295175534597
8,1.0,9,0.021955960446768157,0.00012155619306400125,0.00010175578648109124,0.00012155619306400125
8,1.0,10,0.021781011551858485,0.00012155604671126933,8.948920763242908e-05,0.00012155604671126933
8,1.0,11,0.021742305185843722,0.0001300402838601211,0.00013004028386012109,0.00012719975973383757
8,1.0,12,0.021619380724200353,0.00015196629331841468,0.00015196629331841466,0.00012453096433535658
8,1.0,13,0.021649384602943942,0.00012211897896785939,0.00011032636813063932,0.00012211897896785939
8,1.0,14,0.02154028092847717,0.00012759073786124442,0.00012759073786124442,0.00011875549351336891
8,1.0,15,0.02150642828748585,0.0001247880340626094,0.00012478803406260937,0.00011675332298121305
8,1.0,16,0.021463894629927944,0.00011910105887046602,0.00011152668688656784,0.00011910105887046602
8,1.0,17,0.021435449902769514,0.00012971564063104726,0.00012971564063104726,0.00012138135261393017
8,1.0,18,0.021400008131027597,0.00014848708588540574,0.00014848708588540574,0.00011897836964262605
8,1.0,19,0.021536875349781878,0.00012056880707442007,0.00010705185885358106,0.00012056880707442007
8,1.0,20,0.021603863425909,0.0001207813835239412,0.00011668346116214166,0.0001207813835239412
8,1.0,21,0.021567964190646476,0.00012051163382701546,0.00012051163382701546,0.00011601771563906748
8,1.0,22,0.021479111234583025,0.0001373277520178414,0.0001373277520178414,0.00011453351233108291
8,1.0,23,0.0215303753062561,0.0001212960951356913,0.00011124732604330667,0.0001212960951356913
8,1.0,24,0.0215753401777226,0.000123782635361407,0.00010526239261741751,0.000123782635361407
8,1.0,25,0.021426902687611438,0.00014380185540307545,0.00014380185540307545,0.0001229716869854777
8,1.0,26,0.021395272124710794,0.0001246585946621715,0.0001246585946621715,0.00012090276315226213
8,1.0,27,0.021559865693139852,0.0001265700355462669,0.00010863497859826819,0.0001265700355462669
8,1.0,28,0.02135961539262566,0.00012172079659241571,0.00011670516731322933,0.00012172079659241571
8,1.0,29,0.021334950483071238,0.0001222754284967899,9.558246040612121e-05,0.0001222754284967899
8,1.0,30,0.021630852422128723,0.00014082252715946325,0.00014082252715946325,0.00012251971771624608
8,1.0,31,0.021444591570946425,0.00012591436049538016,0.00012233029990161515,0.00012591436049538016
8,1.0,32,0.021695146771718996,0.00012439435875848408,0.0001212946239021371,0.00012439435875848408
8,1.0,33,0.021475542817837517,0.00012022812885623716,0.00010838655814721803,0.00012022812885623716
8,1.0,34,0.021563781903378803,0.00012166080432974162,0.00011407743000303139,0.00012166080432974162
8,1.0,35,0.021629360594335328,0.00012997074723129749,0.00012997074723129749,0.00012033255347370652
8,1.0,36,0.02164363024043852,0.00013548671909372468,0.00013548671909372468,0.0001179438424413174
8,1.0,37,0.021443554515103744,0.00012405844096865728,0.00010835574689940364,0.00012405844096865728
8,1.0,38,0.02136032950171153,0.00011958753786119184,0.00011958753786119184,0.00011644997758198788
8,1.0,39,0.02139252280706977,0.00011940913015532861,0.0001173819504388206,0.00011940913015532861
8,1.0,40,0.021619597382832038,0.0001230942867579134,0.00012182755646128247,0.0001230942867579134
8,1.0,41,0.02164154716701499,0.00012369498106622103,0.0001139232194503555,0.00012369498106622103
8,1.0,42,0.021625778868013264,0.00012239722780820183,0.00012239722780820185,0.00012049795483110914
8,1.0,43,0.021523202741080757,0.00013611690733235748,0.00013611690733235748,0.00012092395611420871
8,1.0,44,0.021509613016975772,0.00013276449921426506,0.00013276449921426506,0.00012249881569482748
8,1.0,45,0.021388535084661545,0.00014349007731554998,0.00014349007731555,0.0001236634172895937
8,1.0,46,0.02134332629008679,0.0001354611452896941,0.0001354611452896941,0.00012156312994243127
8,1.0,47,0.021087909277137263,0.00012044366138203718,0.00011930862412283594,0.00012044366138203718
8,1.0,48,0.02117572842736016,0.00011965161863852945,0.00011965161863852944,0.00011768440860732908
8,1.0,49,0.021294103398647662,0.00012378435252370553,0.00012378435252370556,0.00011617813195680902
8,1.0,50,0.021346036666031725,0.00011930766983442485,0.00010948085650459311,0.00011930766983442485
8,1.0,51,0.021319452205793347,0.0001276491628447021,0.00012764916284470213,0.00011784919290170096
8,1.0,52,0.021356600174976946,0.00012103187731180837,0.00011611688442056155,0.00012103187731180837
8,1.0,53,0.021431323192351484,0.00012417049601246645,0.00012417049601246645,0.00012136296489367136
8,1.0,54,0.021529725439437382,0.00012675801723934147,9.784592968771988e-05,0.00012675801723934147
8,1.0,55,0.021364279878327612,0.00012447861168643246,0.0001076499381112647,0.00012447861168643246
8,1.0,56,0.021381237070454584,0.00012024757136012203,0.00011170499277426555,0.00012024757136012203
8,1.0,57,0.021238225317347186,0.00011376381756772412,0.00010965267600684452,0.00011376381756772412
8,1.0,58,0.0213958665862229,0.00012017196089470499,0.00010694232865059673,0.00012017196089470499
8,1.0,59,0.021459634516813375,0.00012161173449141007,0.00011390213632300087,0.00012161173449141007
8,1.0,60,0.021513370124435424,0.00011914183066696322,9.346157376084358e-05,0.00011914183066696322
8,1.0,61,0.021626231572040227,0.00012234777694004813,0.00011520465259191451,0.00012234777694004813
8,1.0,62,0.021710913294365284,0.00012726812170909011,0.0001272681217090901,0.00012637566061149473
8,1.0,63,0.021624607075607916,0.00012877979549965867,0.00011477444239584226,0.00012877979549965867
8,1.0,64,0.021530686128779664,0.00011856287223408844,0.00010384442496113313,0.00011856287223408844
8,1.0,65,0.021292539710801524,0.00012301907177643005,0.0001152196189554404,0.00012301907177643005
8,1.0,66,0.02133197288084172,0.0001237153110681289,0.00011666742846309923,0.0001237153110681289
8,1.0,67,0.021403638237693597,0.00014303773630548183,0.00014303773630548183,0.00012298927516213396
8,1.0,68,0.02140267996819384,0.0001307555969807755,0.0001307555969807755,0.00012012266507883762
8,1.0,69,0.02144169945965386,0.00015513798927988155,0.00015513798927988155,0.00012501469988983313
8,1.0,70,0.02151803057478456,0.00012372746459975829,0.00012372746459975829,0.0001194422710560397
8,1.0,71,0.021562326682321935,0.00012316180221691968,0.0001172726334367294,0.00012316180221691968
8,1.0,72,0.021424417746996292,0.00012247074032009322,0.00012247074032009322,0.0001198609055311443
8,1.0,73,0.02140514192886396,0.00012005406934334565,0.00011623189263426912,0.00012005406934334565
8,1.0,74,0.021255351637943933,0.00012184665029121862,0.00011492328095412765,0.00012184665029121862
8,1.0,75,0.021494849832861106,0.0001272575271982174,8.786748995714791e-05,0.0001272575271982174
8,1.0,76,0.02163803071967852,0.00012528234788612916,0.00010668290858704618,0.00012528234788612916
8,1.0,77,0.02165181082352312,0.000123921325877728,0.00012064660786067676,0.000123921325877728
8,1.0,78,0.02149032635873859,0.00012245431576037475,9.250341191712939e-05,0.00012245431576037475
8,1.0,79,0.021541040366912755,0.00012314300064638758,0.00010930765478112564,0.00012314300064638758
8,1.0,80,0.02152119414629536,0.00011823110322688116,0.00011187378585179688,0.00011823110322688116
8,1.0,81,0.02145810843284159,0.0001177244145304647,0.00010311059660997298,0.0001177244145304647
8,1.0,82,0.02145309506427154,0.00012180028444115476,0.00012180028444115475,0.00012039171138108778
8,1.0,83,0.021599565318346454,0.00012893804981931772,0.00012893804981931774,0.00012130417339073135
8,1.0,84,0.021540229991654704,0.00012248130036471733,0.00011678525729422308,0.00012248130036471733
8,1.0,85,0.021619964392146966,0.00012803137172266688,0.00012803137172266688,0.00011864755941000687
8,1.0,86,0.021562761471341913,0.00012040965724432936,0.00011834007501282848,0.00012040965724432936
8,1.0,87,0.02118855876037324,0.00011615473365482279,0.00011574051393068524,0.00011615473365482279
8,1.0,88,0.021386970771522445,0.00012159432273869229,9.904929575543461e-05,0.00012159432273869229
8,1.0,89,0.021722016093581757,0.00012443124322657732,9.919021725653274e-05,0.00012443124322657732
8,1.0,90,0.021704054900018626,0.00012374260684284047,0.00011064314721714854,0.00012374260684284047
8,1.0,91,0.021575838615483834,0.0001247214756130337,0.00012472147561303369,0.00011966189402570039
8,1.0,92,0.021449516724902126,0.00013180446429238396,0.00013180446429238396,0.00011780358818562606
8,1.0,93,0.021408100635444217,0.00012448867179209533,0.00012448867179209533,0.00011997376229773551
8,1.0,94,0.021545512263311358,0.0001174332038122932,0.00010053345571577159,0.0001174332038122932
8,1.0,95,0.021598590248593456,0.00012106829425797001,0.00010695739720016225,0.00012106829425797001
8,1.0,96,0.021480598821131205,0.00012022632586552743,0.000105297068823908,0.00012022632586552743
8,1.0,97,0.021545553495934743,0.0001222573712605961,0.00011526209036284245,0.0001222573712605961
8,1.0,98,0.02145726328546748,0.0001260580273982869,9.846386963804283e-05,0.0001260580273982869
8,1.0,99,0.021357333520038428,0.00012510536587660717,8.158429095725942e-05,0.00012510536587660717
8,1.0,100,0.021377805495562292,0.00012117694387570094,0.00011798185416738306,0.00012117694387570094
8,1.0,101,0.021342046008718012,0.00013799792069395418,0.00013799792069395415,0.00012224381500559512
8,1.0,102,0.021404462219082477,0.00013338738739680312,0.00013338738739680312,0.00012035856933329191
8,1.0,103,0.021370200848263278,0.00011714036373595435,0.00011183240097043154,0.00011714036373595435
8,1.0,104,0.021342039444939995,0.00015085527084121938,0.00015085527084121938,0.00012230088694705355
8,1.0,105,0.021355949547388835,0.00012166575914102358,0.0001171410331753852,0.00012166575914102358
8,1.0,106,0.021298273816806997,0.00012685675076305416,0.00012685675076305416,0.00011799843351167077
8,1.0,107,0.021307356109280976,0.00012928064144176497,0.00012928064144176497,0.00012046163172972319
8,1.0,108,0.02142976915164632,0.00012157023308983934,0.00011453827880732291,0.00012157023308983934
8,1.0,109,0.021363951295479463,0.00012854822165300457,0.00012854822165300457,0.000124246986080633
8,1.0,110,0.02161674353604135,0.00012633635999527136,0.00010029330744658941,0.00012633635999527136
8,1.0,111,0.021602776778479237,0.00012107700404510126,0.0001007668050972075,0.00012107700404510126
8,1.0,112,0.02152990342411086,0.0001266271591734255,0.0001266271591734255,0.00012406453457524373
8,1.0,113,0.021603194140736682,0.0001261334447590942,0.00010568208130079437,0.0001261334447590942
8,1.0,114,0.021356956879202808,0.0001218078817754981,0.00012054993160129075,0.0001218078817754981
8,1.0,115,0.0213604383250242,0.00011914289437243365,0.00010279574792648078,0.00011914289437243365
8,1.0,116,0.021372181511392793,0.00011881314784462824,0.00011140836493203911,0.00011881314784462824
8,1.0,117,0.021490646711620914,0.00011827866671429697,0.00011309560733139481,0.00011827866671429697
8,1.0,118,0.02150485832307761,0.00014362073666496081,0.00014362073666496081,0.00012028703951421613
8,1.0,119,0.021519401168510522,0.0001328917590889652,0.0001328917590889652,0.00011783205579242962
8,1.0,120,0.02138248613640131,0.00013755917347576168,0.00013755917347576168,0.00011782249382464433
8,1.0,121,0.021557637852731508,0.00012592546821940903,0.00012055187212098877,0.00012592546821940903
8,1.0,122,0.021522096351733317,0.00012045718621454616,0.00011541741430075552,0.00012045718621454616
8,1.0,123,0.02156040404826885,0.00012569053182249262,0.00011745692874717298,0.00012569053182249262
8,1.0,124,0.021624470216986665,0.00012347654237375598,7.306808275180546e-05,0.00012347654237375598
8,1.0,125,0.021709029920450134,0.00012252944091190791,9.053130723844662e-05,0.00012252944091190791
8,1.0,126,0.021560633649432507,0.00012148220663393582,0.00010897321920947872,0.00012148220663393582
8,1.0,127,0.021696516674030785,0.0001264481719550366,0.0001133657764744514,0.0001264481719550366
8,1.0,128,0.02160896575464482,0.00013306644629432503,0.00013306644629432503,0.00011978438747984358
8,1.0,129,0.021338480121088386,0.00012111836476035101,0.00012111836476035101,0.00011878535721767739
8,1.0,130,0.021470977670553247,0.00011754716174657335,0.00011046338019417711,0.00011754716174657335
8,1.0,131,0.02148290771548056,0.00011809074951519209,0.00011238998706000033,0.00011809074951519209
8,1.0,132,0.021422028408133547,0.0001211321889398727,9.792885242069257e-05,0.0001211321889398727
8,1.0,133,0.021390936298830727,0.00012064768266511804,0.00010232668790405317,0.00012064768266511804
8,1.0,134,0.021447017590330117,0.00011860606748443217,0.00011544336520153783,0.00011860606748443217
8,1.0,135,0.02143218402031361,0.00011780620090762963,0.00010889626596525825,0.00011780620090762963
8,1.0,136,0.02139242934600864,0.00012071518530916074,0.00012071518530916074,0.00012044640404434032
8,1.0,137,0.021482820534714123,0.00013119948847391377,0.0001311994884739138,0.00011962372925452128
8,1.0,138,0.021535231069251006,0.0001215014307941819,0.0001054731916685763,0.0001215014307941819
8,1.0,139,0.021585128723538197,0.0001350204625172707,0.00013502046251727073,0.00012003172920249995
8,1.0,140,0.02139795265709078,0.00013460340167324516,0.00013460340167324516,0.00012111747756585894
8,1.0,141,0.0214496615293571,0.0001232091324677285,0.00011069342556634011,0.0001232091324677285
8,1.0,142,0.02140338931607914,0.00012031590593489708,0.00012031590593489708,0.0001184341100935549
8,1.0,143,0.02159113355253184,0.00012131207461027796,0.00010356387566339096,0.00012131207461027796
8,1.0,144,0.0214386875145677,0.0001218824826165481,0.00012188248261654808,0.00012152286842859566
8,1.0,145,0.021576651082871944,0.00012110650597247452,0.00011757402256544213,0.00012110650597247452
8,1.0,146,0.02150888564411742,0.00012483500305568633,0.0001248350030556863,0.00011766203107978978
8,1.0,147,0.0214012668459122,0.00014444769989302499,0.00014444769989302496,0.00012373538845260218
8,1.0,148,0.021336528832696426,0.00011767469099343753,0.0001161701867045625,0.00011767469099343753
8,1.0,149,0.02147378537743287,0.0001226281753153681,8.563035644791686e-05,0.0001226281753153681
8,1.0,150,0.02137525400681357,0.00011868093751802856,9.979054375971146e-05,0.00011868093751802856
8,1.0,151,0.021311439815654146,0.00011741416722055188,8.861561989659912e-05,0.00011741416722055188
8,1.0,152,0.021337603880524445,0.00012136383824567958,0.00012136383824567958,0.00011589226426235136
8,1.0,153,0.021373548112596105,0.00011879872718749565,0.00011536110983757841,0.00011879872718749565
8,1.0,154,0.02161461009253165,0.00013988815372452157,0.00013988815372452157,0.00012281798815229266
8,1.0,155,0.021528174460580023,0.00012975992027708464,0.00012975992027708464,0.00012227538526950595
8,1.0,156,0.02155461893569739,0.00012604849333055837,0.00012604849333055837,0.00011992700857473545
8,1.0,157,0.021678299550632427,0.00012115307856538167,0.00010274322815142011,0.00012115307856538167
8,1.0,158,0.021480473959372273,0.00013491958545988722,0.00013491958545988722,0.00011596818860477833
8,1.0,159,0.021501347726308424,0.00013062086823612183,0.00013062086823612185,0.00011575886122580046
8,1.0,160,0.0215903749402835,0.0001196043521904693,0.0001196043521904693,0.0001171158729900897
8,1.0,161,0.02157853971804089,0.0001392992844151067,0.00013929928441510668,0.0001233598331938955
8,1.0,162,0.021551221125659818,0.0001217977234082399,0.00010960171984877936,0.0001217977234082399
8,1.0,163,0.02151959672639138,0.00012135699333301343,9.413195683637093e-05,0.00012135699333301343
8,1.0,164,0.021689360364311086,0.00012021841631300015,0.00010798725236027517,0.00012021841631300015
8,1.0,165,0.02184415468913025,0.00013552248838953135,0.00013552248838953135,0.000126274114231585
8,1.0,166,0.021866855938908594,0.00012201574476653995,0.00012201574476653995,0.0001196271029211506
8,1.0,167,0.021844717730305153,0.0001283055509530424,0.000114210682696168,0.0001283055509530424
8,1.0,168,0.021620471878870985,0.00012451776119485206,8.60011036768659e-05,0.00012451776119485206
8,1.0,169,0.02159027383899848,0.00011898335609153456,0.00011304849497906284,0.00011898335609153456
8,1.0,170,0.021575866857852784,0.00014377034753553346,0.00014377034753553346,0.00012445975184714904
8,1.0,171,0.021304595276684764,0.00016976310954330958,0.00016976310954330958,0.00012158575973441279
8,1.0,172,0.021301312777495408,0.00013489950273135365,0.00013489950273135365,0.00012103404465887655
8,1.0,173,0.02129154986800775,0.0001217303812254764,8.129814645389596e-05,0.0001217303812254764
8,1.0,174,0.021257134204392538,0.00011481269093816337,0.00010332521769290482,0.00011481269093816337
8,1.0,175,0.02111515357945909,0.00011503607064678417,0.00011326186548676795,0.00011503607064678417
8,1.0,176,0.021321510771404685,0.00012514474767162805,0.00012514474767162803,0.00011848838133974016
8,1.0,177,0.021391346911843516,0.00011466428474686927,0.00010130033876508506,0.00011466428474686927
8,1.0,178,0.021402205130405725,0.00013638818241787308,0.00013638818241787308,0.00011733515212725442
8,1.0,179,0.021408047584555636,0.00013357916519236512,0.00013357916519236512,0.00011737188106031021
8,1.0,180,0.02162351068364358,0.0001346808941403518,0.0001346808941403518,0.00011900439493421198
8,1.0,181,0.02161724155661855,0.0001532243064695716,0.0001532243064695716,0.00012291862415173433
8,1.0,182,0.021589293468134006,0.0001309462776555572,0.0001309462776555572,0.00012141054062137341
8,1.0,183,0.021504660750736225,0.00011725385359151092,0.00011334434799121893,0.00011725385359151092
8,1.0,184,0.021572990406715235,0.00012153916725009667,0.00011881711242739569,0.00012153916725009667
8,1.0,185,0.02159220916593613,0.0001268032568950192,0.00012168668714726826,0.0001268032568950192
8,1.0,186,0.021545146304904235,0.000123402652619213,0.000123402652619213,0.00012201561013394813
8,1.0,187,0.02159429352380904,0.0001259202368354007,0.00012095067412083356,0.0001259202368354007
8,1.0,188,0.02158719421322997,0.00012410565596508906,0.0001175631129829646,0.00012410565596508906
8,1.0,189,0.0216360086968684,0.00015482634288218507,0.00015482634288218507,0.0001265048256669235
8,1.0,190,0.021475938126176434,0.0001207602510788285,0.00011268427995207904,0.0001207602510788285
8,1.0,191,0.02142511808462549,0.00013725714550312775,0.00013725714550312775,0.00011721286909726715
8,1.0,192,0.021609603350806986,0.00012131231051248421,0.00010284727129999516,0.00012131231051248421
8,1.0,193,0.02150855218747543,0.00011901765374083542,0.00011901765374083543,0.0001159850857279381
8,1.0,194,0.02132450563906392,0.00011972651500788838,0.00011262662280575485,0.00011972651500788838
8,1.0,195,0.021344824964381986,0.00011400489857027829,0.00011400489857027829,0.00011385216090142537
8,1.0,196,0.0213520182386403,0.00012339737656441422,0.00012339737656441422,0.00011761131297290373
8,1.0,197,0.021355421635232203,0.00014898574237960915,0.00014898574237960915,0.0001222558889899333
8,1.0,198,0.021352220784786467,0.00013185904056354914,0.00013185904056354914,0.00012251032713072007
8,1.0,199,0.021544213939736875,0.00012489627547856692,0.00012489627547856692,0.0001213999522060135
8,1.0,200,0.02162114246299361,0.00012280545169014696,0.00012280545169014693,0.00012128777611462562
8,1.0,201,0.021637499648934595,0.00013234302721070026,0.00013234302721070024,0.00012055954758042563
8,1.0,202,0.021461433853997954,0.00012207353777839546,0.00010110035219958112,0.00012207353777839546
8,1.0,203,0.021726642587456418,0.00012353885162578324,0.00010551847214242965,0.00012353885162578324
8,1.0,204,0.02166109743171574,0.00012962127045452516,0.00012962127045452516,0.00012100889378581929
8,1.0,205,0.02141967382840143,0.00013717102195682148,0.00013717102195682148,0.00011797594927086318
8,1.0,206,0.021414750935287708,0.00011877058984776457,0.0001051032174851309,0.00011877058984776457
8,1.0,207,0.02155412469142284,0.00013124687634095687,0.00013124687634095684,0.00011844902503931497
8,1.0,208,0.021408678083886787,0.00012216664642265986,0.0001176553540808002,0.00012216664642265986
8,1.0,209,0.021333886675684796,0.00012113172178621523,0.00010326965171591727,0.00012113172178621523
8,1.0,210,0.021296086734252914,0.00012931536786393866,0.00012931536786393866,0.00012175565457245474
8,1.0,211,0.021493024142445392,0.0001186420757919279,0.00011726934006893532,0.0001186420757919279
8,1.0,212,0.021677771190213434,0.00012514623862540722,0.00010240049619865544,0.00012514623862540722
8,1.0,213,0.021641666097460984,0.00012625987075890008,9.129603391716735e-05,0.00012625987075890008
8,1.0,214,0.02173653693226362,0.00012396732341769684,9.986437223853079e-05,0.00012396732341769684
8,1.0,215,0.021709247943916914,0.000129676770021433,0.00012967677002143297,0.00011978101536649818
8,1.0,216,0.021651728002683158,0.00012867615720904904,0.00012867615720904901,0.00012028186448275133
8,1.0,217,0.02152744456997945,0.00012514662238155346,0.00012514662238155346,0.00011536098870188839
8,1.0,218,0.02152818903351412,0.00012100556080392299,0.00010509423166908059,0.00012100556080392299
8,1.0,219,0.021389314789777982,0.00011530875621898995,8.709983225515296e-05,0.00011530875621898995
8,1.0,220,0.021451484043751478,0.00011878504852511373,0.00010163565315163331,0.00011878504852511373
8,1.0,221,0.021404153579023047,0.00011371965649097245,8.510170417735138e-05,0.00011371965649097245
8,1.0,222,0.021377849547435226,0.00012675298874864033,0.00012675298874864033,0.00011834345338115871
8,1.0,223,0.021345128810547974,0.00012560733269267237,0.00012560733269267237,0.00012042554793744792
8,1.0,224,0.021537843253025733,0.0001366563983596896,0.0001366563983596896,0.00012165021897078764
8,1.0,225,0.02151840357268582,0.00011648689203810329,0.00010875698151307047,0.00011648689203810329
8,1.0,226,0.021452551347672447,0.00013346698869616972,0.00013346698869616972,0.00011891799282629523
8,1.0,227,0.02137567460023612,0.00011940676709195827,0.00011239390548779182,0.00011940676709195827
8,1.0,228,0.021336645486506947,0.00012160126765112041,0.00011341222679316182,0.00012160126765112041
8,1.0,229,0.021247283652110923,0.00012068120853276063,0.00011860689763572204,0.00012068120853276063
8,1.0,230,0.02146072416537693,0.00012455467859430035,0.00010805831937884623,0.00012455467859430035
8,1.0,231,0.021513188605274475,0.00012382985254288763,0.00011960210562630322,0.00012382985254288763
8,1.0,232,0.02130663820089542,0.00012455117354823902,0.00012455117354823902,0.0001243158304983158
8,1.0,233,0.021345584902874404,0.0001246382476612497,0.00012172504774904226,0.0001246382476612497
8,1.0,234,0.021396734260047023,0.00011635585391718384,0.00011056744773028625,0.00011635585391718384
8,1.0,235,0.021555798900205633,0.00013073838567025054,0.00013073838567025054,0.00011914955271970748
8,1.0,236,0.021580096174307582,0.00014743573492072572,0.00014743573492072572,0.00011751162279952124
8,1.0,237,0.021614641999042762,0.00012226219994777195,0.00012226219994777195,0.00011984667576305113
8,1.0,238,0.021472827011448512,0.00011726068026129639,0.00011609688608667946,0.00011726068026129639
8,1.0,239,0.02158228900812824,0.0001227711824555267,0.00010302291701293133,0.0001227711824555267
8,1.0,240,0.021577763095127402,0.00011944245343999101,0.00010003535614904472,0.00011944245343999101
8,1.0,241,0.02144076947947452,0.0001220624767471639,0.0001220624767471639,0.0001202945527870509
8,1.0,242,0.021484756631031898,0.00012190746804524958,0.00012190746804524957,0.0001209291932684698
8,1.0,243,0.0214308250746624,0.00011988363847328114,9.744973596566433e-05,0.00011988363847328114
8,1.0,244,0.0214767730766948,0.00011890618056016739,9.191864671410528e-05,0.00011890618056016739
8,1.0,245,0.02156102775799638,0.0001241628918612053,0.00010023463317363287,0.0001241628918612053
8,1.0,246,0.021578918998590234,0.00011854101716210294,0.00010595805783345099,0.00011854101716210294
8,1.0,247,0.021601266139526527,0.00012409321648305637,0.00012409321648305634,0.0001235494065762688
8,1.0,248,0.021622402366581018,0.00012673983215432945,0.00011602432157685983,0.00012673983215432945
8,1.0,249,0.02162091896064833,0.00012178641977799153,9.94974595894613e-05,0.00012178641977799153
8,1.0,250,0.021488924232117592,0.00012138472508695162,0.00011950523409410853,0.00012138472508695162
8,1.0,251,0.021460460126853632,0.0001242993145231356,0.0001019975612558311,0.0001242993145231356
8,1.0,252,0.021500889737384798,0.00012161644520013854,0.00011514889196479231,0.00012161644520013854
8,1.0,253,0.021489549722101136,0.00012404309920570082,0.00010842609487055665,0.00012404309920570082
8,1.0,254,0.021282086166778385,0.00012208884944330274,8.685060220837876e-05,0.00012208884944330274
8,1.0,255,0.021366715255921306,0.00012506701424451968,0.00010768411430656818,0.00012506701424451968
8,1.0,256,0.021474756343692433,0.0001233069394168709,0.00010467215418423063,0.0001233069394168709
8,1.0,257,0.021460406191401993,0.0001285292765828322,0.0001285292765828322,0.00012043278616040171
8,1.0,258,0.021454888120010274,0.00013687766675838801,0.00013687766675838801,0.00011820427097838336
8,1.0,259,0.021420453448473285,0.00012082163577967987,0.00012082163577967985,0.00011803416831410038
8,1.0,260,0.021633971694990508,0.0001251952905336346,0.00011505570921443199,0.0001251952905336346
8,1.0,261,0.021446345311618674,0.00012564066787332823,0.00012101754715485571,0.00012564066787332823
8,1.0,262,0.021261841176716114,0.00013309153222127227,0.0001330915322212723,0.0001183346935974651
8,1.0,263,0.021308764976169816,0.00011696508678941793,0.00011176719262255216,0.00011696508678941793
8,1.0,264,0.021189787627084698,0.00011839038139282067,0.00011602148425363608,0.00011839038139282067
8,1.0,265,0.021217202840230414,0.0001156963586489619,0.00011565556148112226,0.0001156963586489619
8,1.0,266,0.021217316034154242,0.00011886858714534133,0.00011886858714534134,0.00011708950026995865
8,1.0,267,0.02127784075608772,0.00011941457486816062,8.59758760931311e-05,0.00011941457486816062
8,1.0,268,0.02145690613781281,0.00011468685182484157,9.931822972661874e-05,0.00011468685182484157
8,1.0,269,0.021662742119388796,0.00011955889691162919,0.0001195588969116292,0.00011772900506953867
8,1.0,270,0.021542757210892664,0.00012674102874646407,0.00012674102874646404,0.00011903797657803389
8,1.0,271,0.021585950039676147,0.00012323694814706087,0.00011730197538026978,0.00012323694814706087
8,1.0,272,0.021534670964593598,0.00011797668654433275,0.00011049433141970384,0.00011797668654433275
8,1.0,273,0.02156161629753946,0.00012967254036742995,0.00012967254036742995,0.00012359040010141657
8,1.0,274,0.02140256889974572,0.0001207964215512763,0.0001171221629494709,0.0001207964215512763
8,1.0,275,0.02138634723898896,0.0001455634357535131,0.0001455634357535131,0.00011503441906429354
8,1.0,276,0.021414838428137316,0.00012240167997037193,0.00012240167997037193,0.00011799421842256807
8,1.0,277,0.021498265895653755,0.00011719026090173218,0.00011719026090173219,0.0001162832290563609
8,1.0,278,0.021499120774339464,0.00011834332604646371,0.00011142725250970592,0.00011834332604646371
8,1.0,279,0.02161292494594237,0.0001174478912353327,0.00010558161558404128,0.0001174478912353327
8,1.0,280,0.021621885934168035,0.00012339415397327234,0.000101194575834889,0.00012339415397327234
8,1.0,281,0.021655513807699187,0.00012422680005995206,0.00012275803019900187,0.00012422680005995206
8,1.0,282,0.02167058956036118,0.00012348043495024195,0.0001092126134807653,0.00012348043495024195
8,1.0,283,0.021599595427805915,0.00012368786874386817,9.484137751553485e-05,0.00012368786874386817
8,1.0,284,0.021507847113283008,0.00012521614532964964,0.00011079283969595973,0.00012521614532964964
8,1.0,285,0.02153612698537213,0.00012700211155553684,0.00012700211155553684,0.00012094170022605767
8,1.0,286,0.021452511886103556,0.00011762456214319145,0.00010756612888632149,0.00011762456214319145
8,1.0,287,0.02140708096097071,0.00012290157872726356,0.00010149032896008547,0.00012290157872726356
8,1.0,288,0.0212756821670872,0.00011721840968449069,0.0001084073379473568,0.00011721840968449069
8,1.0,289,0.02157656686338318,0.00011712952623904873,0.00011673987180055472,0.00011712952623904873
8,1.0,290,0.021625593295854745,0.00014858079284162852,0.00014858079284162852,0.00011722447593688174
8,1.0,291,0.021612529708355328,0.00012903814315832959,0.00012903814315832959,0.00011573288926873333
8,1.0,292,0.021520820053572212,0.00011624746944299541,0.0001162474694429954,0.00011492975240758122
8,1.0,293,0.021664118140322132,0.00013257786916667075,0.00013257786916667075,0.00011914959716677405
8,1.0,294,0.021607061587016824,0.00011779300963550653,0.00011220009028490019,0.00011779300963550653
8,1.0,295,0.021651509907022543,0.00014893945538593087,0.00014893945538593085,0.00011885345172711213
8,1.0,296,0.02155014018284997,0.000129845830756976,0.000129845830756976,0.00011693054230308682
8,1.0,297,0.021370658384458736,0.00012184063394612713,0.00011104741700088628,0.00012184063394612713
8,1.0,298,0.02133763157291383,0.00012212795170543384,0.00010493422348645349,0.00012212795170543384
8,1.0,299,0.021382777466753936,0.0001242562352046666,0.00010865109884507399,0.0001242562352046666
8,1.0,300,0.021460075490532245,0.00012265354312231613,0.00011713391730681882,0.00012265354312231613
8,1.0,301,0.021438435859441028,0.0001264403021400979,0.00011371752804058276,0.0001264403021400979
8,1.0,302,0.021285691331272488,0.00012423566859487778,8.739483742727051e-05,0.00012423566859487778
8,1.0,303,0.021252235711428296,0.0001332406254589824,0.0001332406254589824,0.00012273459369283626
8,1.0,304,0.02127281040851716,0.00012010819499213197,0.0001096576867783198,0.00012010819499213197
8,1.0,305,0.021277834338870774,0.00012023973753325597,0.0001050710738292418,0.00012023973753325597
8,1.0,306,0.021261408300824333,0.00014522841294013967,0.00014522841294013967,0.00011991698913562155
8,1.0,307,0.021245564514313496,0.00011927823919021609,0.00011436737241298638,0.00011927823919021609
8,1.0,308,0.021409380893812828,0.0001272214238210145,0.0001272214238210145,0.00012119882772702112
8,1.0,309,0.021569654989313573,0.0001376657182436129,0.0001376657182436129,0.00012110965030549814
8,1.0,310,0.021454367305281805,0.00013883861597366245,0.00013883861597366245,0.00012221921530248728
8,1.0,311,0.021630348308190637,0.0001578135562514941,0.0001578135562514941,0.00012182359248844413
8,1.0,312,0.021706992093757253,0.00012935138997246948,0.00012935138997246948,0.00012851270322781464
8,1.0,313,0.021630686985277623,0.00011953182828794105,0.0001112296153567476,0.00011953182828794105
8,1.0,314,0.021583672513027802,0.0001247392946414373,0.00012267802686444655,0.0001247392946414373
8,1.0,315,0.02169804566091617,0.00012613865434852548,0.00011687772127998882,0.00012613865434852548
8,1.0,316,0.021752516266783515,0.00012316137980335635,8.815770800775375e-05,0.00012316137980335635
8,1.0,317,0.02164040418423573,0.00012370444865402754,9.081790396864581e-05,0.00012370444865402754
8,1.0,318,0.021507944841209332,0.00012337040882388716,0.00011344805045611722,0.00012337040882388716
8,1.0,319,0.02154508007625838,0.0001250169680408407,0.0001148805131168519,0.0001250169680408407
8,1.0,320,0.021551731127010813,0.00012219266377581749,0.00011237787936361584,0.00012219266377581749
8,1.0,321,0.02155694516257306,0.00013753626711733032,0.00013753626711733032,0.00011981646388661322
8,1.0,322,0.021378685508779856,0.00014445014164922858,0.00014445014164922855,0.00011482935594678166
8,1.0,323,0.021357119673698147,0.00013337376910670334,0.00013337376910670334,0.00012125560243230144
8,1.0,324,0.02135666400513576,0.00012839599968779864,0.00012839599968779864,0.00011775274821766891
8,1.0,325,0.021309546578172155,0.0001161913484438386,0.00011573454074916421,0.0001161913484438386
8,1.0,326,0.021369875852258947,0.00012466186157873263,0.00012466186157873263,0.0001147749512079989
8,1.0,327,0.021552950497266236,0.00012283067107808778,0.00011184205098132175,0.00012283067107808778
8,1.0,328,0.02140111366045642,0.00013646931375777154,0.00013646931375777154,0.00012156962125874099
8,1.0,329,0.02142197738720036,0.00011919050827820182,0.00010054075629376196,0.00011919050827820182
8,1.0,330,0.021472558206739337,0.00013691700670451898,0.00013691700670451898,0.000123728697448649
8,1.0,331,0.021472387209845425,0.00012122108168247401,0.00012051924191559311,0.00012122108168247401
8,1.0,332,0.021766246184587636,0.00012489880939420186,0.00010285790535745516,0.00012489880939420186
8,1.0,333,0.021570766289582568,0.0001264616614029172,0.0001264616614029172,0.0001213907173157591
8,1.0,334,0.021716816364367404,0.00012221803793487386,0.00011947361554310954,0.00012221803793487386
8,1.0,335,0.021482426425185386,0.00012850378332492703,0.00012850378332492703,0.00012217603559382928
8,1.0,336,0.02155431254344705,0.00011806196129751123,0.00011645830441068685,0.00011806196129751123
8,1.0,337,0.021636312265038978,0.00012595537824519517,0.00012595537824519517,0.00011978550703806515
8,1.0,338,0.02146036078045317,0.0001270542053394089,0.0001270542053394089,0.00012006110721004172
8,1.0,339,0.021445780860302927,0.00012373797024213477,9.403099775668499e-05,0.00012373797024213477
8,1.0,340,0.02133811467381842,0.00012271191708158234,0.00012271191708158234,0.00011967489903887349
8,1.0,341,0.02139154203555613,0.00012035061204899441,0.00011760067824144716,0.00012035061204899441
8,1.0,342,0.021274926071787378,0.00012060093351928854,0.00011110402940973676,0.00012060093351928854
8,1.0,343,0.02147884613278541,0.0001284009761064081,0.0001284009761064081,0.00012058814993694328
8,1.0,344,0.021561245664988203,0.00011826791040117023,0.00011069031672023686,0.00011826791040117023
8,1.0,345,0.021510014071689218,0.00013425079421994592,0.00013425079421994592,0.00012405392691810252
8,1.0,346,0.021419254350749428,0.00014965145635386235,0.00014965145635386235,0.00011954559779770833
8,1.0,347,0.021353150847463382,0.00014181214979875037,0.00014181214979875037,0.00011801258650684034
8,1.0,348,0.021450062765715643,0.00012290294529294587,0.00011972013013335274,0.00012290294529294587
8,1.0,349,0.02144152919781166,0.00012285440416587014,9.165818956019821e-05,0.00012285440416587014
8,1.0,350,0.02152896784663961,0.00012630114404360603,0.00011884192228065836,0.00012630114404360603
8,1.0,351,0.02140950976947856,0.00012406079137442923,0.00012406079137442923,0.00011997188979429834
8,1.0,352,0.021364385920064448,0.0001235840047923245,0.0001235840047923245,0.00011627966051732482
8,1.0,353,0.021407118550140693,0.00012194245895391551,0.00010741132405952068,0.00012194245895391551
8,1.0,354,0.02151810854002543,0.00014541552396941034,0.00014541552396941034,0.00012227194137478137
8,1.0,355,0.021436569343194774,0.00012271410341265775,0.00010893823760519188,0.00012271410341265775
8,1.0,356,0.021317793514678163,0.00012045275381052644,0.00012045275381052643,0.00011386933803201131
8,1.0,357,0.021225015561737427,0.00011257958012422899,0.00011195826754742252,0.00011257958012422899
8,1.0,358,0.021296119439824523,0.00012855297657406262,0.00012855297657406262,0.00011593171480622514
8,1.0,359,0.021494368429722372,0.0001394942779386476,0.0001394942779386476,0.00012066516950068954
8,1.0,360,0.02136163985628957,0.00012265083176736912,0.00012123828972745063,0.00012265083176736912
8,1.0,361,0.0212390173220687,0.00012128274571689563,0.00010327833645694524,0.00012128274571689563
8,1.0,362,0.021247521741649844,0.00012053411123571425,0.00011483074483337774,0.00012053411123571425
8,1.0,363,0.02123413780841558,0.00011582931989146311,0.00010282270949080148,0.00011582931989146311
8,1.0,364,0.02141792817324546,0.0001222571088371476,0.00010330294753948928,0.0001222571088371476
8,1.0,365,0.0214208753770279,0.00011876066063792519,9.940656388085914e-05,0.00011876066063792519
8,1.0,366,0.021375912590637425,0.00011846737473847318,9.646891919772732e-05,0.00011846737473847318
8,1.0,367,0.02153355712064247,0.00013474775058071957,0.00013474775058071957,0.00012269379385030442
8,1.0,368,0.021513100773897818,0.00015282173004053413,0.00015282173004053413,0.00011860611822774631
8,1.0,369,0.021320183539099622,0.00013873567874090294,0.0001387356787409029,0.0001200767213746879
8,1.0,370,0.02130879909155228,0.00011945410432702766,9.335443035594238e-05,0.00011945410432702766
8,1.0,371,0.021370551969283107,0.00011610519873072159,0.00011373167964459367,0.00011610519873072159
8,1.0,372,0.021344089329610363,0.00011604560160276919,0.00011502625965444952,0.00011604560160276919
8,1.0,373,0.021336694027462487,0.00012049653278583133,0.00010139204542102215,0.00012049653278583133
8,1.0,374,0.021379013987927367,0.00012076526118173371,0.0001207652611817337,0.00011805951748149886
8,1.0,375,0.021554854255294388,0.00012032766635662453,0.00012032766635662453,0.00011535941971975092
8,1.0,376,0.021575865475111724,0.00013109374398696208,0.00013109374398696208,0.00011805965238053058
8,1.0,377,0.021509934465739865,0.00011933171238753346,0.00011215835274964895,0.00011933171238753346
8,1.0,378,0.02164136412905422,0.00013940910833214448,0.00013940910833214448,0.00012057397079988013
8,1.0,379,0.02151682589584156,0.00012259114453775315,0.00012183447377650597,0.00012259114453775315
8,1.0,380,0.021632469378191074,0.00012147024333147848,0.0001102058484339768,0.00012147024333147848
8,1.0,381,0.021690730497529623,0.0001225614443964221,0.0001225614443964221,0.000113465609255441
8,1.0,382,0.02173876844742031,0.00011858348373152821,0.00010470106061974707,0.00011858348373152821
8,1.0,383,0.021664439189320466,0.0001203047161749666,0.00011953134812953408,0.0001203047161749666
8,1.0,384,0.02148359321120166,0.00012138375526397202,0.00011251578617445547,0.00012138375526397202
8,1.0,385,0.021625205889127235,0.00011890662137337966,8.654159745735259e-05,0.00011890662137337966
8,1.0,386,0.02153629895467718,0.00012634875595188497,0.00012634875595188497,0.00011934095491257212
8,1.0,387,0.021454286261216583,0.00011745864356942185,0.00011030100877385969,0.00011745864356942185
8,1.0,388,0.021348291977498983,0.00012125942672430654,9.315266752167517e-05,0.00012125942672430654
8,1.0,389,0.021521017073381346,0.0001207187984606415,0.00011736517092613029,0.0001207187984606415
8,1.0,390,0.021344893259979326,0.00012479029668138636,8.948017201806706e-05,0.00012479029668138636
8,1.0,391,0.021544145540518252,0.0001188536814673322,0.00011594401215515626,0.0001188536814673322
8,1.0,392,0.02132138363198156,0.00011809464422924422,0.00010399933585899199,0.00011809464422924422
8,1.0,393,0.02141337091852867,0.00014335954524575598,0.00014335954524575598,0.00011766363845149625
8,1.0,394,0.02142511260712231,0.00012538119430665896,0.00012538119430665894,0.00011761178488830116
8,1.0,395,0.021366252801868157,0.00013457241710229884,0.00013457241710229884,0.00011934517410718871
8,1.0,396,0.021294929704874573,0.00013255728943036008,0.00013255728943036008,0.00011890197261012627
8,1.0,397,0.02143405121229686,0.00014148504283964313,0.00014148504283964313,0.0001210072546246368
8,1.0,398,0.02130754602433331,0.00011842315119127253,0.0001175491103133056,0.00011842315119127253
8,1.0,399,0.021367445822726663,0.00012487945982114312,0.00012487945982114312,0.0001168183042852772
8,1.0,400,0.021529889724809567,0.00012730796508235545,9.190143220904767e-05,0.00012730796508235545
8,1.0,401,0.021310498123014665,0.00011996308854982366,9.210890446828673e-05,0.00011996308854982366
8,1.0,402,0.021385601779996176,0.00011952258217755055,7.406918605707078e-05,0.00011952258217755055
8,1.0,403,0.021405185305693117,0.00011770221542599957,0.00010787582293568358,0.00011770221542599957
8,1.0,404,0.021451480858831525,0.00012320651362596888,0.00010898027952929353,0.00012320651362596888
8,1.0,405,0.021403505462047098,0.00012315011800926177,0.00010380267324055458,0.00012315011800926177
8,1.0,406,0.021331021409465314,0.00012056597502249388,0.00010180895496812596,0.00012056597502249388
8,1.0,407,0.02139537821193001,0.0001190521651669732,8.482812306812245e-05,0.0001190521651669732
8,1.0,408,0.021558511090522234,0.00012349543992714538,9.439976338611005e-05,0.00012349543992714538
8,1.0,409,0.021604517325937742,0.00012038976450929994,0.00010146931686701983,0.00012038976450929994
8,1.0,410,0.02158169593892499,0.00012456900435482677,0.0001186007576482259,0.00012456900435482677
8,1.0,411,0.021569051186206317,0.00012150288041259076,0.00010244636535737611,0.00012150288041259076
8,1.0,412,0.021685567539247382,0.0001304348152363059,0.0001304348152363059,0.00012204687398809989
8,1.0,413,0.0215376131585595,0.0001372435237879452,0.0001372435237879452,0.00011765221024490284
8,1.0,414,0.021582177531652112,0.00012181122727395302,0.00011898234724116419,0.00012181122727395302
8,1.0,415,0.021581685676253213,0.000130564028934423,0.000130564028934423,0.00012085389757602344
8,1.0,416,0.021489920745472395,0.0001226084080159762,0.00010905682473870488,0.0001226084080159762
8,1.0,417,0.021443579969190166,0.00012322424183253881,0.00012322424183253881,0.00012211596889626195
8,1.0,418,0.02155980597084952,0.00012609003062009737,0.00012226264659758875,0.00012609003062009737
8,1.0,419,0.021507259460293904,0.00014508354069778421,0.00014508354069778421,0.000125802745006001
8,1.0,420,0.021443257731075686,0.00013846062798378794,0.00013846062798378794,0.00012219297892873435
8,1.0,421,0.021559795103489408,0.00012295881681116742,0.00011707748035455305,0.00012295881681116742
8,1.0,422,0.021430573826785516,0.0001178008258026807,0.00010730519333722685,0.0001178008258026807
8,1.0,423,0.021415749224682545,0.00012408077971116083,0.00012217179727496536,0.00012408077971116083
8,1.0,424,0.021359030388678268,0.00013478565257987415,0.00013478565257987415,0.00012453206213128596
8,1.0,425,0.021412032356122736,0.00011918070332363733,0.00011755949978547183,0.00011918070332363733
8,1.0,426,0.02149903856738166,0.00012332433680786257,0.00010664629405269042,0.00012332433680786257
8,1.0,427,0.02158192008771429,0.0001230726874492101,0.0001230726874492101,0.00011746832356537814
8,1.0,428,0.021579347882996855,0.00012130942531556606,0.0001191018854213985,0.00012130942531556606
8,1.0,429,0.021499764950991516,0.00012757627509263496,0.00012757627509263496,0.0001217704365386435
8,1.0,430,0.021417978559604527,0.00012374262502051636,0.00012374262502051636,0.00011709757029847974
8,1.0,431,0.02137494031957506,0.0001178741951489489,0.00010789672769559435,0.0001178741951489489
8,1.0,432,0.021429839720210352,0.00012663522273187203,0.00012663522273187206,0.00011676067830298306
8,1.0,433,0.021417939664216564,0.00011893278211745917,0.00011304976070371461,0.00011893278211745917
8,1.0,434,0.021266753915342457,0.00012912931879452286,0.00012912931879452286,0.00011759433911294637
8,1.0,435,0.021237092786017927,0.00011819579599271434,0.00011819579599271433,0.00011574340492626433
8,1.0,436,0.021351380608171475,0.0001467194433315095,0.00014671944333150949,0.00011248263184449483
8,1.0,437,0.021520221951206984,0.00013237646977196056,0.00013237646977196056,0.00012043602601735675
8,1.0,438,0.0214283679145071,0.0001330822568060674,0.00013308225680606743,0.00012258583425689255
8,1.0,439,0.021545160238906506,0.00014353482086962297,0.00014353482086962297,0.00012122031439661587
8,1.0,440,0.0214898833327259,0.00012572003439193102,0.00012572003439193102,0.00012136782320602047
8,1.0,441,0.02153086325432022,0.00013221463901671115,0.00013221463901671115,0.00012334997977888433
8,1.0,442,0.021636339508064897,0.000141377453949846,0.000141377453949846,0.00012184314045085638
8,1.0,443,0.02153588229293404,0.00014247430242942977,0.00014247430242942977,0.00012200263114637093
8,1.0,444,0.021498407463072484,0.00012236752026614626,0.00012236752026614626,0.00011965378111794597
8,1.0,445,0.02145848989221563,0.00013391849168874453,0.00013391849168874453,0.00012089367893858062
8,1.0,446,0.021762083645767375,0.00014391476029871516,0.00014391476029871516,0.00012040533426751172
8,1.0,447,0.0217041760875341,0.00016327344341160062,0.00016327344341160062,0.00011883952018042608
8,1.0,448,0.021485481783345212,0.0001528068305589248,0.0001528068305589248,0.00011966483754672545
8,1.0,449,0.02166432005298861,0.00014402294263509167,0.00014402294263509167,0.00011867167931684625
8,1.0,450,0.021604175268733313,0.00012062975551512438,0.00011360289125573054,0.00012062975551512438
8,1.0,451,0.0214772715574587,0.0001263314419201733,0.0001263314419201733,0.00012254090643304874
8,1.0,452,0.021444451293834994,0.00012618178059546343,0.00012026153303307953,0.00012618178059546343
8,1.0,453,0.0215110974472658,0.000126046477753092,0.000126046477753092,0.00012417496125141154
8,1.0,454,0.021504804159378214,0.00012328196249335998,0.00010678566171072178,0.00012328196249335998
8,1.0,455,0.021594535283552985,0.00014123005553129481,0.00014123005553129481,0.0001212911720473049
8,1.0,456,0.02165045619708122,0.00014967036093494686,0.00014967036093494683,0.00012155613412348441
8,1.0,457,0.021360600942705706,0.00015082930468096018,0.00015082930468096015,0.00012149518194972246
8,1.0,458,0.021391898817401427,0.00012030662488798234,9.177696758663443e-05,0.00012030662488798234
8,1.0,459,0.021561381226133845,0.0001221999502627569,0.00012219995026275694,0.00011693588246353065
8,1.0,460,0.02144415985205504,0.00013134897837033856,0.00013134897837033856,0.00012005960915948019
8,1.0,461,0.02145954247047106,0.00013868393947662558,0.00013868393947662555,0.00012154599604730172
8,1.0,462,0.021197080552894647,0.000128184018835575,0.000128184018835575,0.00011352499123848923
8,1.0,463,0.021316653677351406,0.0001235848926272802,0.0001235848926272802,0.00011898279092989763
8,1.0,464,0.021444143678825595,0.0001521061335440686,0.0001521061335440686,0.00012323657528628168
8,1.0,465,0.021361070974932887,0.0001430826756642264,0.00014308267566422636,0.0001221033262277685
8,1.0,466,0.02126483143808802,0.00011972576224911474,0.00011384860270951427,0.00011972576224911474
8,1.0,467,0.021414245666520237,0.00015739726481856078,0.00015739726481856078,0.00012072916974624477
8,1.0,468,0.021433618809599937,0.00014030796746364763,0.00014030796746364763,0.00011793716696863886
8,1.0,469,0.021410371063501268,0.00012378620908534813,0.00012378620908534813,0.00011889196399698442
8,1.0,470,0.021297560329868178,0.00012482917738124632,0.00011111153950555435,0.00012482917738124632
8,1.0,471,0.021386098854349753,0.00012405718320899264,0.00011870605678514168,0.00012405718320899264
8,1.0,472,0.02149232675153271,0.00012413152385801294,0.000121813644997148,0.00012413152385801294
8,1.0,473,0.021489695048556114,0.00012353987658252015,0.00010242768591745223,0.00012353987658252015
8,1.0,474,0.021590242843101914,0.00012387537841598148,0.00011210509691467076,0.00012387537841598148
8,1.0,475,0.021734073273184367,0.00012835516663732666,0.00012574147877604045,0.00012835516663732666
8,1.0,476,0.021501125219465997,0.0001249266429157882,0.0001231917505626892,0.0001249266429157882
8,1.0,477,0.02160527126406778,0.00012257064539769017,0.00010557059779090981,0.00012257064539769017
8,1.0,478,0.02161086752350529,0.0001245013978693075,0.00011216198456558713,0.0001245013978693075
8,1.0,479,0.02157116424366964,0.00012438219468395123,9.463012306214649e-05,0.00012438219468395123
8,1.0,480,0.021590792731599428,0.00012057255041161591,0.00010142911433387275,0.00012057255041161591
8,1.0,481,0.021588164813520362,0.0001234872214560327,8.914920150621857e-05,0.0001234872214560327
8,1.0,482,0.021677299997253038,0.00012533565789919264,0.00012435403258814865,0.00012533565789919264
8,1.0,483,0.021785646074192238,0.0001251255037976725,0.00011858695745620445,0.0001251255037976725
8,1.0,484,0.02168870510755431,0.0001371197552726111,0.0001371197552726111,0.00012057195012089382
8,1.0,485,0.021551442183212425,0.0001479805635711883,0.0001479805635711883,0.00011686758194555895
8,1.0,486,0.021421516424477014,0.000137055406759076,0.000137055406759076,0.0001166570027146012
8,1.0,487,0.02152539653555124,0.00011505309788883961,0.00010904251866244626,0.00011505309788883961
8,1.0,488,0.021389784057423575,0.00012084365040394156,0.00012084365040394157,0.00011577086215702986
8,1.0,489,0.021512548929897367,0.0001413838166748928,0.0001413838166748928,0.00011824413679040577
8,1.0,490,0.021445574637719067,0.0001288223390119688,0.0001288223390119688,0.00011874750559211165
8,1.0,491,0.02137156212868409,0.00013697592660343806,0.00013697592660343803,0.00011906499651558196
8,1.0,492,0.021380541945981508,0.00012629426488227282,0.00012629426488227282,0.000122415380525373
8,1.0,493,0.021458827203983035,0.00012232829250447786,0.00012232829250447786,0.00011488016424463814
8,1.0,494,0.021390981736037703,0.00012879276824173533,0.0001287927682417353,0.00011958003816304066
8,1.0,495,0.021278985697210297,0.00012009943112828873,0.00011947073159338678,0.00012009943112828873
8,1.0,496,0.02150852661212837,0.00012627687821106003,0.00010706129192128978,0.00012627687821106003
8,1.0,497,0.021550170663976017,0.00011880131513774416,0.00010751326565917544,0.00011880131513774416
8,1.0,498,0.02137445092559744,0.00011858985219144796,9.716648232378892e-05,0.00011858985219144796
8,1.0,499,0.02152749738671643,0.00011659092142299242,0.00010856834767241073,0.00011659092142299242
8,1.0,500,0.02162303944006128,0.00011666453512288338,0.00011666453512288338,0.00011543950672117662
