m,t,model,variance_mean,sem_total,sem_network,sem_runs
80,0,model1_fixed_q,0.08346125079126018,8.264941081688016e-05,8.264941081688015e-05,7.88510465298673e-05
80,0,model3_dynamic_q,0.08333376673195622,0.00010077630668338635,0.00010077630668338634,8.256425206325218e-05
80,1,model1_fixed_q,0.06415396594962307,9.875814827088871e-05,9.875814827088872e-05,9.460207988599123e-05
80,1,model3_dynamic_q,0.068044348138879,0.00010614951170281927,8.53411666487377e-05,0.00010614951170281927
80,2,model1_fixed_q,0.05470281109813736,9.864634174602115e-05,9.864634174602115e-05,9.052959105637863e-05
80,2,model3_dynamic_q,0.06000630639795141,0.00011316336163184661,0.00010454168052621013,0.00011316336163184661
80,3,model1_fixed_q,0.049979648847309356,0.00011254660746626145,0.00011254660746626145,8.389715364162278e-05
80,3,model3_dynamic_q,0.05574953826059988,0.00011328991210006437,0.0001101032700743218,0.00011328991210006437
80,4,model1_fixed_q,0.04748841446113335,8.113597875552564e-05,6.57983076341938e-05,8.113597875552564e-05
80,4,model3_dynamic_q,0.05343322812523841,0.00012545742001333066,0.00012545742001333066,0.00010766978513890211
80,5,model1_fixed_q,0.04630605563256149,8.126768961560512e-05,6.7382103931754e-05,8.126768961560512e-05
80,5,model3_dynamic_q,0.052177087529341276,0.00013223924698908175,0.00013223924698908175,0.00010371255658182471
80,6,model1_fixed_q,0.04567138029110548,7.92235835652967e-05,7.438106998163059e-05,7.92235835652967e-05
80,6,model3_dynamic_q,0.051432497672079545,0.00010044323948512254,8.913033343548484e-05,0.00010044323948512254
80,7,model1_fixed_q,0.04543721543745473,8.150562784564567e-05,8.150562784564567e-05,7.62467541415235e-05
80,7,model3_dynamic_q,0.05097410353171169,9.666934434555488e-05,9.326527176776672e-05,9.666934434555488e-05
80,8,model1_fixed_q,0.04527658068320436,8.476011846108371e-05,8.476011846108371e-05,7.553153095054405e-05
80,8,model3_dynamic_q,0.050642036217534575,0.00012505941239394433,0.00012505941239394433,0.00010140765759121904
80,9,model1_fixed_q,0.04517127273705319,0.00010186265961982117,0.00010186265961982116,7.59951736589878e-05
80,9,model3_dynamic_q,0.05053384684158364,0.00011698556104156354,0.00011698556104156355,9.933999320433181e-05
80,10,model1_fixed_q,0.04517388074159724,8.980964223765866e-05,8.980964223765866e-05,7.473956128785634e-05
80,10,model3_dynamic_q,0.05027361644543386,0.00010713637270562652,0.0001071363727056265,0.0001005979388303156
80,11,model1_fixed_q,0.045094176007029245,7.316625606431443e-05,6.446966324463228e-05,7.316625606431443e-05
80,11,model3_dynamic_q,0.050289590081374916,0.00010608097189036162,0.00010608097189036163,9.68845356776368e-05
80,12,model1_fixed_q,0.04502018672144519,7.590090227301557e-05,5.758544473905666e-05,7.590090227301557e-05
80,12,model3_dynamic_q,0.05016243521654899,0.0001035197175137711,0.0001035197175137711,9.646796510897998e-05
80,13,model1_fixed_q,0.04505004086284223,8.253970603697735e-05,8.253970603697735e-05,7.687524666489897e-05
80,13,model3_dynamic_q,0.05013880040538246,0.0001110583981368551,0.0001110583981368551,9.620163876917484e-05
80,14,model1_fixed_q,0.04505820725215114,7.90063867926272e-05,7.03045153767632e-05,7.90063867926272e-05
80,14,model3_dynamic_q,0.05025345608436968,9.65873052565121e-05,9.509373673498935e-05,9.65873052565121e-05
80,15,model1_fixed_q,0.04487868947302948,7.745211335131221e-05,7.745211335131221e-05,7.659537128047962e-05
80,15,model3_dynamic_q,0.05034609438569869,0.00011217121474961954,0.00011217121474961954,0.00010055443171910342
80,16,model1_fixed_q,0.04494168636773457,7.616098192188701e-05,6.137820050696447e-05,7.616098192188701e-05
80,16,model3_dynamic_q,0.05036130652140138,0.00010206240460651438,0.00010206240460651436,0.0001003858858758046
80,17,model1_fixed_q,0.04490505842136591,7.289954591446972e-05,6.939483162988584e-05,7.289954591446972e-05
80,17,model3_dynamic_q,0.050309756279529945,0.00010900174493330412,0.00010900174493330411,0.00010024812950069898
80,18,model1_fixed_q,0.04511561934560793,8.039186813637976e-05,8.039186813637976e-05,7.476847275780563e-05
80,18,model3_dynamic_q,0.050367612512156316,9.732346215860134e-05,8.064596634840921e-05,9.732346215860134e-05
80,19,model1_fixed_q,0.04510273159442802,9.122327702777311e-05,9.122327702777311e-05,7.433573056687638e-05
80,19,model3_dynamic_q,0.05031715328376376,9.761781359094129e-05,9.735228007656704e-05,9.761781359094129e-05
80,20,model1_fixed_q,0.04509677743256779,8.393221346784782e-05,8.393221346784782e-05,7.78966668826669e-05
80,20,model3_dynamic_q,0.05048677036753654,0.00010062153144320517,7.294304725787532e-05,0.00010062153144320517
80,21,model1_fixed_q,0.04522601343408901,7.63147510559103e-05,7.29514016007071e-05,7.63147510559103e-05
80,21,model3_dynamic_q,0.050475219206490646,9.598489441731928e-05,8.277047177423027e-05,9.598489441731928e-05
80,22,model1_fixed_q,0.045035335004599816,9.40532903694975e-05,9.40532903694975e-05,7.832884705884185e-05
80,22,model3_dynamic_q,0.05054910147285764,9.670714750807485e-05,9.227371809563703e-05,9.670714750807485e-05
80,23,model1_fixed_q,0.04505115598489058,7.593193468625183e-05,6.271060813691951e-05,7.593193468625183e-05
80,23,model3_dynamic_q,0.05052653398120644,0.00010680635847049074,0.00010680635847049075,9.90561871733331e-05
80,24,model1_fixed_q,0.04500267258504816,7.781528253256855e-05,7.781528253256855e-05,7.268993496829003e-05
80,24,model3_dynamic_q,0.05040880089948893,0.0001009637939526647,9.278301800085551e-05,0.0001009637939526647
80,25,model1_fixed_q,0.045032847262895165,7.649710893286655e-05,6.639731330449622e-05,7.649710893286655e-05
80,25,model3_dynamic_q,0.050467193002430286,0.00010233711296172314,0.00010233711296172314,9.68292373666578e-05
80,26,model1_fixed_q,0.045013872880048586,8.550869872267532e-05,8.550869872267532e-05,7.712231936936927e-05
80,26,model3_dynamic_q,0.05042254156193888,0.00012683946873802497,0.00012683946873802497,9.427091246077454e-05
80,27,model1_fixed_q,0.04503570787538626,9.284206271082738e-05,9.284206271082737e-05,7.38917767109189e-05
80,27,model3_dynamic_q,0.050540650370991876,0.00011888786247226552,0.00011888786247226554,9.705490784334432e-05
80,28,model1_fixed_q,0.04514275994331867,9.132434649214775e-05,9.132434649214775e-05,7.60174932477974e-05
80,28,model3_dynamic_q,0.05048125126211591,0.00011530960676580439,0.0001153096067658044,9.855630881439906e-05
80,29,model1_fixed_q,0.04507864908713525,7.680276625249024e-05,5.755798162174942e-05,7.680276625249024e-05
80,29,model3_dynamic_q,0.050289994485643114,9.851519098192774e-05,9.100830431488959e-05,9.851519098192774e-05
80,30,model1_fixed_q,0.04512699921918724,7.622611106863377e-05,7.494555432791016e-05,7.622611106863377e-05
80,30,model3_dynamic_q,0.05026654950330723,0.00011631514924818805,0.00011631514924818805,9.935999347827096e-05
80,31,model1_fixed_q,0.04523118694545097,8.35833274869901e-05,8.35833274869901e-05,7.60753234360845e-05
80,31,model3_dynamic_q,0.05039232855566414,0.00012194576740897385,0.00012194576740897386,9.650244266386683e-05
80,32,model1_fixed_q,0.045119269667482344,9.946745568577389e-05,9.946745568577388e-05,7.614824404167351e-05
80,32,model3_dynamic_q,0.05037533768518578,0.00011226552010888871,0.00011226552010888871,9.929490064434559e-05
80,33,model1_fixed_q,0.045068012012355975,8.156335141723375e-05,8.156335141723375e-05,7.660972979758297e-05
80,33,model3_dynamic_q,0.05024692048191706,9.565894673751623e-05,8.781046460260219e-05,9.565894673751623e-05
80,34,model1_fixed_q,0.04513993673990989,7.653844622188958e-05,6.391231792916607e-05,7.653844622188958e-05
80,34,model3_dynamic_q,0.050314106163023085,9.319161119889782e-05,8.727683196728103e-05,9.319161119889782e-05
80,35,model1_fixed_q,0.04514345239878381,7.513561193316057e-05,6.797532862509105e-05,7.513561193316057e-05
80,35,model3_dynamic_q,0.050333911014641804,9.479801511099486e-05,9.456186344663818e-05,9.479801511099486e-05
80,36,model1_fixed_q,0.045016256145394694,7.509808530934491e-05,6.759369600989489e-05,7.509808530934491e-05
80,36,model3_dynamic_q,0.0503448210682518,0.00012277145388790679,0.00012277145388790679,9.587964641707301e-05
80,37,model1_fixed_q,0.044920106879701764,8.422822641745291e-05,8.42282264174529e-05,7.552833711793753e-05
80,37,model3_dynamic_q,0.0503857725255834,0.00011111891313737108,0.00011111891313737108,0.00010286309574751585
80,38,model1_fixed_q,0.04493597524379819,9.125391916691102e-05,9.125391916691102e-05,7.633111407730541e-05
80,38,model3_dynamic_q,0.0505108697313225,0.00011863370910422159,0.00011863370910422159,0.0001034545627501246
80,39,model1_fixed_q,0.044979266806984684,7.481490310051485e-05,7.37207760201795e-05,7.481490310051485e-05
80,39,model3_dynamic_q,0.05029580104687099,0.00011468069014580848,0.00011468069014580848,0.00010180466147405513
80,40,model1_fixed_q,0.04506948006829454,7.716747887669313e-05,7.330075858305489e-05,7.716747887669313e-05
80,40,model3_dynamic_q,0.050303122384627835,0.0001063313599688547,0.00010633135996885471,0.00010190991449833527
80,41,model1_fixed_q,0.04511425095666665,8.642066321777818e-05,8.642066321777818e-05,7.644547787910505e-05
80,41,model3_dynamic_q,0.050426423042485694,0.00010049447488442263,8.39994480970124e-05,0.00010049447488442263
80,42,model1_fixed_q,0.04503143896867281,8.048812088249057e-05,8.048812088249056e-05,7.959160440357366e-05
80,42,model3_dynamic_q,0.050427726093734596,0.00010072890039598939,9.041782444473896e-05,0.00010072890039598939
80,43,model1_fixed_q,0.04508009521333462,9.372948840922738e-05,9.372948840922736e-05,7.516321444049466e-05
80,43,model3_dynamic_q,0.050429027928527215,9.599645798737562e-05,7.810754834069802e-05,9.599645798737562e-05
80,44,model1_fixed_q,0.045095286833331055,7.713326605670898e-05,7.713326605670897e-05,7.537250739531964e-05
80,44,model3_dynamic_q,0.050270050218450685,9.968745458766602e-05,9.18062981692517e-05,9.968745458766602e-05
80,45,model1_fixed_q,0.04512218219604678,7.769696168951422e-05,7.769696168951422e-05,7.546180164380889e-05
80,45,model3_dynamic_q,0.050555090893065896,9.982921171027543e-05,9.701424445316437e-05,9.982921171027543e-05
80,46,model1_fixed_q,0.045122380575471306,8.218535334045082e-05,8.218535334045082e-05,7.62097349108835e-05
80,46,model3_dynamic_q,0.05060112929390569,9.987155426939451e-05,8.952093986591235e-05,9.987155426939451e-05
80,47,model1_fixed_q,0.045220946861980346,7.48077247448011e-05,5.8508003541226445e-05,7.48077247448011e-05
80,47,model3_dynamic_q,0.05056845474402828,0.00011813253095354356,0.00011813253095354356,0.00010323700561989177
80,48,model1_fixed_q,0.045101869460857265,7.199834530791632e-05,6.267439458059306e-05,7.199834530791632e-05
80,48,model3_dynamic_q,0.050339826980589156,0.00010215697966253885,0.00010215697966253887,9.80685586830055e-05
80,49,model1_fixed_q,0.04502870013286106,7.848094471016554e-05,7.848094471016553e-05,7.627284614510525e-05
80,49,model3_dynamic_q,0.05028259295036614,9.912428621110166e-05,6.943391641931375e-05,9.912428621110166e-05
80,50,model1_fixed_q,0.045217415410556495,8.009162169068782e-05,8.009162169068782e-05,7.529163848301777e-05
80,50,model3_dynamic_q,0.050363153247631444,9.926058960002943e-05,8.365864041569274e-05,9.926058960002943e-05
80,51,model1_fixed_q,0.04516580752299602,7.803999867379816e-05,7.803999867379817e-05,7.210596511978411e-05
80,51,model3_dynamic_q,0.050398588177922636,0.00010181645496461538,0.00010181645496461538,0.0001015514172019818
80,52,model1_fixed_q,0.04500940935522113,7.219771304426475e-05,4.96333803629188e-05,7.219771304426475e-05
80,52,model3_dynamic_q,0.050388929874585806,9.969725528106994e-05,9.309547535625486e-05,9.969725528106994e-05
80,53,model1_fixed_q,0.0449596415826968,7.615288419376393e-05,7.268764131707195e-05,7.615288419376393e-05
80,53,model3_dynamic_q,0.05030459979562548,9.89364888745682e-05,8.53419283417172e-05,9.89364888745682e-05
80,54,model1_fixed_q,0.044940549782840684,9.224662745919208e-05,9.224662745919206e-05,7.872023014584355e-05
80,54,model3_dynamic_q,0.05030831045737296,9.965843187368497e-05,9.557264290812328e-05,9.965843187368497e-05
80,55,model1_fixed_q,0.044887163170907504,9.249595575320767e-05,9.249595575320766e-05,7.498402248574772e-05
80,55,model3_dynamic_q,0.050298491429209516,0.00010064403397408627,9.32439648589709e-05,0.00010064403397408627
80,56,model1_fixed_q,0.044929748828030365,9.140703503016895e-05,9.140703503016895e-05,7.575752179776778e-05
80,56,model3_dynamic_q,0.050338857468107144,9.933291025700657e-05,9.716821377632359e-05,9.933291025700657e-05
80,57,model1_fixed_q,0.044974172260103876,7.863158353551785e-05,6.623343587353189e-05,7.863158353551785e-05
80,57,model3_dynamic_q,0.05037593597271837,9.806233387185847e-05,9.806233387185846e-05,9.726937904811202e-05
80,58,model1_fixed_q,0.04501192984176282,7.773351349504913e-05,6.556296564640296e-05,7.773351349504913e-05
80,58,model3_dynamic_q,0.05036323959988264,9.823666981308363e-05,9.71777815021304e-05,9.823666981308363e-05
80,59,model1_fixed_q,0.044946453920987915,7.766618959763331e-05,7.180315449345342e-05,7.766618959763331e-05
80,59,model3_dynamic_q,0.05028053278646802,9.878751397496095e-05,8.397557958547827e-05,9.878751397496095e-05
80,60,model1_fixed_q,0.045027850457562295,7.903197675718263e-05,7.903197675718262e-05,7.666563599360644e-05
80,60,model3_dynamic_q,0.050361477620237134,9.980783898919655e-05,8.49587337712582e-05,9.980783898919655e-05
80,61,model1_fixed_q,0.044971087356859264,7.492088350513642e-05,6.536074859274154e-05,7.492088350513642e-05
80,61,model3_dynamic_q,0.0503657643168244,9.962571439686446e-05,8.629901603366037e-05,9.962571439686446e-05
80,62,model1_fixed_q,0.04486926402985319,7.590606391924426e-05,5.6692244833372575e-05,7.590606391924426e-05
80,62,model3_dynamic_q,0.050604381207229904,9.983001829522316e-05,9.683375447972789e-05,9.983001829522316e-05
80,63,model1_fixed_q,0.04497630843427784,7.760579221104408e-05,5.8920417677025966e-05,7.760579221104408e-05
80,63,model3_dynamic_q,0.050498462912952326,0.00010980282631720097,0.00010980282631720097,9.758915782122491e-05
80,64,model1_fixed_q,0.04499852385907796,7.710468013939156e-05,6.759632052025131e-05,7.710468013939156e-05
80,64,model3_dynamic_q,0.05035997579973323,0.00010977866386333779,0.00010977866386333779,9.669257787701875e-05
80,65,model1_fixed_q,0.0449699848955225,7.415616015732356e-05,6.826750319065711e-05,7.415616015732356e-05
80,65,model3_dynamic_q,0.05042284562633215,9.962731648553228e-05,9.96273164855323e-05,9.557572159768633e-05
80,66,model1_fixed_q,0.044910130584692294,8.079680786980353e-05,8.079680786980353e-05,7.545430499213104e-05
80,66,model3_dynamic_q,0.050469580870634426,0.0001014437682733395,0.00010144376827333949,9.55932716714158e-05
80,67,model1_fixed_q,0.045059817627286405,7.828915718320979e-05,7.161591523043386e-05,7.828915718320979e-05
80,67,model3_dynamic_q,0.05056755073722568,0.00010409607761299456,0.00010409607761299455,9.934604842857642e-05
80,68,model1_fixed_q,0.045049610865124295,8.071322060890554e-05,5.870140435737585e-05,8.071322060890554e-05
80,68,model3_dynamic_q,0.050541740207879375,0.0001130549129211564,0.00011305491292115639,9.950710609951543e-05
80,69,model1_fixed_q,0.045030033143991934,7.585693563828991e-05,7.585693563828991e-05,7.335503501854471e-05
80,69,model3_dynamic_q,0.05044664921997607,0.0001029615178174927,9.255164844606311e-05,0.0001029615178174927
80,70,model1_fixed_q,0.04505037544058888,7.567946625362756e-05,7.567946625362755e-05,7.265978894221525e-05
80,70,model3_dynamic_q,0.050354974298434246,0.0001051265103266336,0.0001051265103266336,0.0001019523618092145
80,71,model1_fixed_q,0.04503276472804533,7.493500451029165e-05,7.493500451029165e-05,7.453421307018121e-05
80,71,model3_dynamic_q,0.05036587069827334,0.00010390248705369212,0.00010106713784117803,0.00010390248705369212
80,72,model1_fixed_q,0.0450322765787511,7.443176456166027e-05,6.957773319980662e-05,7.443176456166027e-05
80,72,model3_dynamic_q,0.05040801015488981,0.00010827419957449464,0.00010827419957449464,0.00010054969772813187
80,73,model1_fixed_q,0.045158439662169016,7.57459320250021e-05,6.97805457734322e-05,7.57459320250021e-05
80,73,model3_dynamic_q,0.05048148187020422,0.00010839154426236173,0.00010839154426236173,9.853114797869007e-05
80,74,model1_fixed_q,0.045208648028809716,7.221539051783206e-05,6.50754200447534e-05,7.221539051783206e-05
80,74,model3_dynamic_q,0.05046377749297209,0.00010007469038986205,9.269197508803928e-05,0.00010007469038986205
80,75,model1_fixed_q,0.045254597978494564,8.415703263622498e-05,8.415703263622498e-05,7.716152684913162e-05
80,75,model3_dynamic_q,0.050310343175090436,0.00010289426946941366,7.931210348929967e-05,0.00010289426946941366
80,76,model1_fixed_q,0.04507077059436403,7.739141298410292e-05,7.387205418053988e-05,7.739141298410292e-05
80,76,model3_dynamic_q,0.05028105938790845,0.00010121405502049234,0.00010121405502049234,0.00010036790648727841
80,77,model1_fixed_q,0.04508017406379228,7.636754319917291e-05,6.481285346642999e-05,7.636754319917291e-05
80,77,model3_dynamic_q,0.05039454710270399,0.00010174388257065444,0.00010174388257065444,0.00010080709851353102
80,78,model1_fixed_q,0.0451268411242877,7.754687542819294e-05,5.855745699980979e-05,7.754687542819294e-05
80,78,model3_dynamic_q,0.050341970962137536,0.00010276313330846306,9.550400464813271e-05,0.00010276313330846306
80,79,model1_fixed_q,0.04520609714459743,7.513628686911689e-05,5.9694381736963906e-05,7.513628686911689e-05
80,79,model3_dynamic_q,0.0503907602363931,9.758971764150047e-05,7.690113274051788e-05,9.758971764150047e-05
80,80,model1_fixed_q,0.04499421991486792,7.479777282090338e-05,6.757174998387618e-05,7.479777282090338e-05
80,80,model3_dynamic_q,0.05033789560914371,0.00010868838379850325,0.00010868838379850323,9.719814288967776e-05
80,81,model1_fixed_q,0.045058724781103364,8.560397634969525e-05,8.560397634969525e-05,7.288991455269994e-05
80,81,model3_dynamic_q,0.050400357469110535,0.00010208813705937285,9.310513366828943e-05,0.00010208813705937285
80,82,model1_fixed_q,0.045036809412097284,7.556235299479048e-05,7.413567565315771e-05,7.556235299479048e-05
80,82,model3_dynamic_q,0.05041531145497599,0.00010198832799213108,8.697206454362089e-05,0.00010198832799213108
80,83,model1_fixed_q,0.0450421051489396,8.277247068816027e-05,8.277247068816027e-05,7.657143200548473e-05
80,83,model3_dynamic_q,0.05032751571300116,0.00010139373541688856,9.263872897100664e-05,0.00010139373541688856
80,84,model1_fixed_q,0.04505359177470252,8.812459249114711e-05,8.812459249114711e-05,7.534191562061501e-05
80,84,model3_dynamic_q,0.050409785713313886,9.845153305477175e-05,8.696317934338407e-05,9.845153305477175e-05
80,85,model1_fixed_q,0.04504831699753646,8.641300175337811e-05,8.641300175337811e-05,7.81736871039811e-05
80,85,model3_dynamic_q,0.05047712804766845,0.0001050478501358071,0.0001050478501358071,9.549389833981943e-05
80,86,model1_fixed_q,0.04516125318209267,7.737861821025723e-05,7.737861821025723e-05,7.535740818570849e-05
80,86,model3_dynamic_q,0.050448178863835506,0.0001345151775120197,0.0001345151775120197,9.675647241380215e-05
80,87,model1_fixed_q,0.045058425305702414,7.534093752563573e-05,6.01423099668451e-05,7.534093752563573e-05
80,87,model3_dynamic_q,0.05050974607752192,0.00010357408595358197,0.00010357408595358199,9.888859490838759e-05
80,88,model1_fixed_q,0.04502885051379338,7.867314850404601e-05,7.8673148504046e-05,7.410884664770902e-05
80,88,model3_dynamic_q,0.05056119849972094,9.996520956808177e-05,9.996520956808177e-05,9.950077583398184e-05
80,89,model1_fixed_q,0.04492075085747396,7.433087024423647e-05,7.288793762685629e-05,7.433087024423647e-05
80,89,model3_dynamic_q,0.05055340575812699,9.96589067711266e-05,8.399254816613803e-05,9.96589067711266e-05
80,90,model1_fixed_q,0.04493162775213184,7.507134889169703e-05,6.27856258287963e-05,7.507134889169703e-05
80,90,model3_dynamic_q,0.050519262152244664,0.00011226379614966275,0.00011226379614966275,9.678538751424057e-05
80,91,model1_fixed_q,0.04481969918000976,7.843074266065677e-05,7.843074266065677e-05,7.263994279194932e-05
80,91,model3_dynamic_q,0.05052375395923781,0.00010069216956609439,9.668515627311396e-05,0.00010069216956609439
80,92,model1_fixed_q,0.04482778543395176,7.746978305976493e-05,6.194203933519211e-05,7.746978305976493e-05
80,92,model3_dynamic_q,0.05032304241263877,0.00010599226613084396,0.00010599226613084395,9.66169843710476e-05
80,93,model1_fixed_q,0.04493141453145768,7.574153720872227e-05,6.162949140314241e-05,7.574153720872227e-05
80,93,model3_dynamic_q,0.05045528526890817,0.00010045854798195433,0.00010045854798195433,9.59910384088513e-05
80,94,model1_fixed_q,0.04491375338964252,7.738076140761421e-05,5.624317740940237e-05,7.738076140761421e-05
80,94,model3_dynamic_q,0.05034613566951425,9.864236451580192e-05,9.83605085889831e-05,9.864236451580192e-05
80,95,model1_fixed_q,0.04501561614132425,8.422225928160055e-05,8.422225928160054e-05,7.696664473694048e-05
80,95,model3_dynamic_q,0.05034412916747533,0.00010139238822960621,0.00010050230670425308,0.00010139238822960621
80,96,model1_fixed_q,0.045000733872824696,8.534358445131108e-05,8.534358445131108e-05,7.609510297358015e-05
80,96,model3_dynamic_q,0.050247255214975264,0.00010836462599989273,0.00010836462599989272,9.975511686434541e-05
80,97,model1_fixed_q,0.0449797998481924,8.55267403035234e-05,8.55267403035234e-05,7.465613012184136e-05
80,97,model3_dynamic_q,0.05013200534306561,9.606493286764189e-05,9.562635470911018e-05,9.606493286764189e-05
80,98,model1_fixed_q,0.04493043488036337,0.00010112574795585393,0.00010112574795585393,7.379850136753999e-05
80,98,model3_dynamic_q,0.05037664075222121,0.00010617467994637459,0.00010617467994637459,9.768090404129906e-05
80,99,model1_fixed_q,0.04493674828675641,7.599373665159685e-05,7.46688985055621e-05,7.599373665159685e-05
80,99,model3_dynamic_q,0.05041576956300805,9.589212136666869e-05,9.584540205710406e-05,9.589212136666869e-05
80,100,model1_fixed_q,0.0450888536082227,7.720070159244939e-05,7.054210281807685e-05,7.720070159244939e-05
80,100,model3_dynamic_q,0.05038122285278709,9.994888285456379e-05,9.99488828545638e-05,9.742332201559796e-05
80,101,model1_fixed_q,0.04504474981349585,8.01771011299131e-05,6.950061427399264e-05,8.01771011299131e-05
80,101,model3_dynamic_q,0.05051636604264539,9.902574196074246e-05,9.301681126058381e-05,9.902574196074246e-05
80,102,model1_fixed_q,0.04502037538298178,7.796838028650335e-05,6.695240178579412e-05,7.796838028650335e-05
80,102,model3_dynamic_q,0.05043261036577667,0.00012382564068284119,0.00012382564068284119,0.00010206728265283427
80,103,model1_fixed_q,0.045072543208375684,8.257126262114566e-05,8.257126262114566e-05,7.532479457130132e-05
80,103,model3_dynamic_q,0.050511152003175644,0.0001294231547218269,0.0001294231547218269,0.0001042779908056618
80,104,model1_fixed_q,0.0450000752811042,8.448218714226281e-05,8.44821871422628e-05,7.493905509375689e-05
80,104,model3_dynamic_q,0.05046318194674728,0.0001159972409725967,0.0001159972409725967,0.00010092982114583957
80,105,model1_fixed_q,0.0450198608827525,9.334302848577001e-05,9.334302848577002e-05,7.381739039867904e-05
80,105,model3_dynamic_q,0.05046178289840637,0.00011401694190596932,0.0001140169419059693,9.847089108104127e-05
80,106,model1_fixed_q,0.04515488973127332,7.752384812876456e-05,7.752384812876456e-05,7.487447353209873e-05
80,106,model3_dynamic_q,0.05037328989294857,9.989732703290034e-05,9.401050214302352e-05,9.989732703290034e-05
80,107,model1_fixed_q,0.04497742094784251,9.176239815126554e-05,9.176239815126554e-05,7.43351028333176e-05
80,107,model3_dynamic_q,0.050461148195658764,0.00010090079174868505,9.424670041469656e-05,0.00010090079174868505
80,108,model1_fixed_q,0.04511947766015574,7.355028390806641e-05,6.54925259437857e-05,7.355028390806641e-05
80,108,model3_dynamic_q,0.050409713904781585,0.00010353608824128413,0.00010124285288110636,0.00010353608824128413
80,109,model1_fixed_q,0.044986464320171185,7.464909325137549e-05,7.245878125816765e-05,7.464909325137549e-05
80,109,model3_dynamic_q,0.050549964524660165,0.00010106918127401536,0.00010106918127401536,9.908470242245457e-05
80,110,model1_fixed_q,0.0450532988076543,8.262632525334843e-05,8.262632525334843e-05,7.853247943850154e-05
80,110,model3_dynamic_q,0.05066811287645475,0.00010018839896236653,0.00010018839896236653,9.795008718071775e-05
80,111,model1_fixed_q,0.045041945562274144,7.912354331868425e-05,7.854994307431035e-05,7.912354331868425e-05
80,111,model3_dynamic_q,0.0506036512224108,0.0001223934889314626,0.00012239348893146258,9.673795527705979e-05
80,112,model1_fixed_q,0.0450767093731166,8.062528348503815e-05,7.002407737268801e-05,8.062528348503815e-05
80,112,model3_dynamic_q,0.05060050664617398,0.00011744812411174697,0.00011744812411174697,9.867591136810093e-05
80,113,model1_fixed_q,0.04501650747460972,7.733034101748662e-05,6.256718330345969e-05,7.733034101748662e-05
80,113,model3_dynamic_q,0.050627220797581904,0.00011960119318531919,0.00011960119318531919,9.904508252810133e-05
80,114,model1_fixed_q,0.04507512306204907,8.467566866990865e-05,8.467566866990867e-05,7.728085754027225e-05
80,114,model3_dynamic_q,0.0504913969096709,0.00010554522516462214,0.00010554522516462216,9.992208869774313e-05
80,115,model1_fixed_q,0.04505794937242759,7.773794233690946e-05,7.388947956333629e-05,7.773794233690946e-05
80,115,model3_dynamic_q,0.05048682570537647,0.00011166774181091646,0.00011166774181091646,9.898114672830425e-05
80,116,model1_fixed_q,0.045100408934646306,7.774449096042202e-05,7.774449096042202e-05,7.41303813502945e-05
80,116,model3_dynamic_q,0.05054924654438264,0.00010773265112528592,0.00010773265112528592,9.885268880173626e-05
80,117,model1_fixed_q,0.04506838754322754,0.0001133544728722395,0.00011335447287223952,7.560167250374518e-05
80,117,model3_dynamic_q,0.05051291392685017,0.00010237204203014776,0.00010201194389455064,0.00010237204203014776
80,118,model1_fixed_q,0.045112563418425906,0.00011238895151981325,0.00011238895151981324,7.748181507541042e-05
80,118,model3_dynamic_q,0.050229225406835276,0.0001021307877733593,0.0001021307877733593,0.00010073055268207782
80,119,model1_fixed_q,0.04516359744240832,8.510527341967121e-05,8.510527341967121e-05,7.433401645625069e-05
80,119,model3_dynamic_q,0.050230651880210905,9.852826109995023e-05,8.718481408426595e-05,9.852826109995023e-05
80,120,model1_fixed_q,0.04516886367513819,7.716549938060896e-05,7.64778479268938e-05,7.716549938060896e-05
80,120,model3_dynamic_q,0.05034623283535904,0.00010139177883830131,8.950025008579382e-05,0.00010139177883830131
80,121,model1_fixed_q,0.04522963251128162,7.685750141253451e-05,7.68575014125345e-05,7.685700840946919e-05
80,121,model3_dynamic_q,0.05039753476144794,0.00010071343306224459,7.182825070942561e-05,0.00010071343306224459
80,122,model1_fixed_q,0.04510073281124148,7.5331220532087e-05,6.775539099137715e-05,7.5331220532087e-05
80,122,model3_dynamic_q,0.050396327412018695,9.970947452191451e-05,8.670745886830148e-05,9.970947452191451e-05
80,123,model1_fixed_q,0.045123740653682284,7.688745206947021e-05,7.688745206947021e-05,7.452171304825555e-05
80,123,model3_dynamic_q,0.05039760623013488,9.854935807645384e-05,8.722970002206564e-05,9.854935807645384e-05
80,124,model1_fixed_q,0.044880746896847276,7.571099450771445e-05,7.445909263874269e-05,7.571099450771445e-05
80,124,model3_dynamic_q,0.050579213755622875,0.00010856070982436383,0.00010856070982436383,0.00010030700191055064
80,125,model1_fixed_q,0.04497915272163642,7.262539697254028e-05,6.173873818885653e-05,7.262539697254028e-05
80,125,model3_dynamic_q,0.050497904972967037,9.89709418759602e-05,7.48039655434971e-05,9.89709418759602e-05
80,126,model1_fixed_q,0.045090033011733685,7.629891198205606e-05,7.330734083406966e-05,7.629891198205606e-05
80,126,model3_dynamic_q,0.05043938488786994,0.00010375007208612411,0.00010375007208612411,9.654776638216858e-05
80,127,model1_fixed_q,0.044988896023102784,7.529951328510574e-05,5.867051471160878e-05,7.529951328510574e-05
80,127,model3_dynamic_q,0.05039438223154686,9.989561665267474e-05,8.520122039288077e-05,9.989561665267474e-05
80,128,model1_fixed_q,0.04506877175038028,7.764929698845895e-05,7.267879962158112e-05,7.764929698845895e-05
80,128,model3_dynamic_q,0.05050677847322102,0.00010836711291726652,0.00010836711291726652,9.774185599050962e-05
80,129,model1_fixed_q,0.04527464539138172,9.320409871559745e-05,9.320409871559745e-05,7.581842184278004e-05
80,129,model3_dynamic_q,0.05048736100640897,0.00010905211154100759,0.00010905211154100759,9.711775029674663e-05
80,130,model1_fixed_q,0.04498716644071021,7.563597125522638e-05,7.181243827982538e-05,7.563597125522638e-05
80,130,model3_dynamic_q,0.050263414662311504,9.51616823444114e-05,9.453565649869028e-05,9.51616823444114e-05
80,131,model1_fixed_q,0.045064347263029866,7.626485163226189e-05,7.62648516322619e-05,7.577655307615828e-05
80,131,model3_dynamic_q,0.05032259003185432,9.811989492411592e-05,9.81198949241159e-05,9.167666359157227e-05
80,132,model1_fixed_q,0.04503660968958478,7.586848338023849e-05,7.061930023828551e-05,7.586848338023849e-05
80,132,model3_dynamic_q,0.050303942615599256,0.0001006617677251215,0.0001006617677251215,9.947074863928825e-05
80,133,model1_fixed_q,0.0450589365854611,7.686140362096286e-05,7.685825941781228e-05,7.686140362096286e-05
80,133,model3_dynamic_q,0.0503987930854516,0.00010279602269195787,8.70926589591656e-05,0.00010279602269195787
80,134,model1_fixed_q,0.045071513577205104,8.488989733237784e-05,8.488989733237784e-05,7.54348460061278e-05
80,134,model3_dynamic_q,0.05038565742958792,0.00010185894608678285,9.891882289452606e-05,0.00010185894608678285
80,135,model1_fixed_q,0.04506529217369203,7.704928668368746e-05,6.997528417704788e-05,7.704928668368746e-05
80,135,model3_dynamic_q,0.050492524105696296,0.00010527237606081987,0.00010527237606081987,0.0001013718359451927
80,136,model1_fixed_q,0.0451049613673092,7.759425988086852e-05,6.859972091410406e-05,7.759425988086852e-05
80,136,model3_dynamic_q,0.05044080322770109,0.00010325440159592653,0.00010325440159592651,0.00010257721438503338
80,137,model1_fixed_q,0.045029639059740105,7.914544194856455e-05,6.670210165501477e-05,7.914544194856455e-05
80,137,model3_dynamic_q,0.050432728678190535,9.97762163864725e-05,7.789073519904451e-05,9.97762163864725e-05
80,138,model1_fixed_q,0.045007609254248494,7.751677956674846e-05,5.88923693328356e-05,7.751677956674846e-05
80,138,model3_dynamic_q,0.05046035095374937,9.716106144279845e-05,8.254197423726095e-05,9.716106144279845e-05
80,139,model1_fixed_q,0.04507524452060753,7.706806748106978e-05,6.778815055242646e-05,7.706806748106978e-05
80,139,model3_dynamic_q,0.05058495882518299,0.00010321759285261998,9.958380596076845e-05,0.00010321759285261998
80,140,model1_fixed_q,0.04512514902302042,7.758911258882581e-05,7.75891125888258e-05,7.389259762151246e-05
80,140,model3_dynamic_q,0.050488400395506464,0.00010185146772860895,9.915682255294816e-05,0.00010185146772860895
80,141,model1_fixed_q,0.045046271936318494,7.365065609927123e-05,6.251471390614964e-05,7.365065609927123e-05
80,141,model3_dynamic_q,0.050322197014714486,0.00011690719545644717,0.00011690719545644715,0.00010053282234951213
80,142,model1_fixed_q,0.045109326980409016,7.591952133482344e-05,7.591952133482344e-05,7.389012162192858e-05
80,142,model3_dynamic_q,0.05033566565887034,0.00011353893420675386,0.00011353893420675385,0.00010131129237045232
80,143,model1_fixed_q,0.045102001896149324,7.763728253334479e-05,5.985114766788396e-05,7.763728253334479e-05
80,143,model3_dynamic_q,0.050434433836258584,0.00012585112920521154,0.00012585112920521154,0.0001008377155525143
80,144,model1_fixed_q,0.04514750357755972,7.510701513219085e-05,6.007150178440452e-05,7.510701513219085e-05
80,144,model3_dynamic_q,0.050426041951984406,0.00011760646204446771,0.0001176064620444677,9.936313394704866e-05
80,145,model1_fixed_q,0.04507941300411376,7.829075060824593e-05,7.829075060824593e-05,7.644401519854761e-05
80,145,model3_dynamic_q,0.05046013172341685,0.00011383507186025242,0.00011383507186025242,0.00010143784223924128
80,146,model1_fixed_q,0.04496606207261132,8.52518831397301e-05,8.525188313973009e-05,7.631579367127805e-05
80,146,model3_dynamic_q,0.05045954669566459,9.823550163596814e-05,8.157350645907704e-05,9.823550163596814e-05
80,147,model1_fixed_q,0.04508181701184931,7.803728776235255e-05,7.557975854834952e-05,7.803728776235255e-05
80,147,model3_dynamic_q,0.050374774442938045,9.847556431562676e-05,9.847556431562676e-05,9.629855839669403e-05
80,148,model1_fixed_q,0.04501610292727218,7.64120611782263e-05,6.94579785981436e-05,7.64120611782263e-05
80,148,model3_dynamic_q,0.05036887830557392,0.00010709019766674782,0.00010709019766674782,9.508741845425845e-05
80,149,model1_fixed_q,0.045102176881858705,7.996365897004562e-05,5.149361662165007e-05,7.996365897004562e-05
80,149,model3_dynamic_q,0.05027446558466016,0.00011300416831429627,0.00011300416831429627,9.811389836745175e-05
80,150,model1_fixed_q,0.04501768858232456,7.853506191331732e-05,5.9568678830416286e-05,7.853506191331732e-05
80,150,model3_dynamic_q,0.05036429658320298,9.9824327428168e-05,8.178910554512715e-05,9.9824327428168e-05
80,151,model1_fixed_q,0.045124628352815936,7.581644658336956e-05,6.836234194213573e-05,7.581644658336956e-05
80,151,model3_dynamic_q,0.05030084821829338,0.00011032382574088238,0.00011032382574088236,0.00010320558150936716
80,152,model1_fixed_q,0.0450888696296126,8.856378236655174e-05,8.856378236655174e-05,7.50505829926826e-05
80,152,model3_dynamic_q,0.050245298913165835,0.0001027550564869866,8.69296834568003e-05,0.0001027550564869866
80,153,model1_fixed_q,0.04512308221202474,7.675448762621224e-05,6.731816880602943e-05,7.675448762621224e-05
80,153,model3_dynamic_q,0.05026316732646267,0.00010222573728370671,8.378720832277551e-05,0.00010222573728370671
80,154,model1_fixed_q,0.04514651666668648,7.611401860032486e-05,7.069873643741263e-05,7.611401860032486e-05
80,154,model3_dynamic_q,0.05029978390723257,0.00011310710016371039,0.0001131071001637104,0.00010062743444312707
80,155,model1_fixed_q,0.045030856427833985,7.667080541423694e-05,6.10520581646052e-05,7.667080541423694e-05
80,155,model3_dynamic_q,0.05030813033214043,0.00010086965495061228,9.475184805199683e-05,0.00010086965495061228
80,156,model1_fixed_q,0.045028318752268794,7.607679737223773e-05,6.953110754984083e-05,7.607679737223773e-05
80,156,model3_dynamic_q,0.05038058884398802,0.00010038222997164623,9.471725978650956e-05,0.00010038222997164623
80,157,model1_fixed_q,0.04506142923413534,7.986965234847437e-05,7.986965234847437e-05,7.852048875119231e-05
80,157,model3_dynamic_q,0.05037915058993246,9.973246692995431e-05,9.973246692995431e-05,9.956418277284326e-05
80,158,model1_fixed_q,0.045030336101774655,8.040778984863485e-05,8.040778984863485e-05,7.748224039252198e-05
80,158,model3_dynamic_q,0.05032826544263665,0.0001013461167683705,8.388892580873467e-05,0.0001013461167683705
80,159,model1_fixed_q,0.04493555855912868,7.879123122748644e-05,7.879123122748644e-05,7.723759721038213e-05
80,159,model3_dynamic_q,0.05045167814209809,9.98597548187039e-05,9.562397845007098e-05,9.98597548187039e-05
80,160,model1_fixed_q,0.04497842908024638,8.011404673259579e-05,8.011404673259579e-05,7.550756884727803e-05
80,160,model3_dynamic_q,0.05036518047323512,9.67450172366357e-05,9.320909660841519e-05,9.67450172366357e-05
80,161,model1_fixed_q,0.04503374223898727,7.609853757111501e-05,6.427289986759691e-05,7.609853757111501e-05
80,161,model3_dynamic_q,0.05045752913694849,9.90540120864096e-05,9.677799722993834e-05,9.90540120864096e-05
80,162,model1_fixed_q,0.04513493802963504,7.61433031010842e-05,7.61433031010842e-05,7.29511812529671e-05
80,162,model3_dynamic_q,0.05041622827323181,0.00010518485873913293,0.00010518485873913292,9.666757312754175e-05
80,163,model1_fixed_q,0.04522887939510479,7.353267024189081e-05,7.014683940170006e-05,7.353267024189081e-05
80,163,model3_dynamic_q,0.050300655858517763,9.869135309149024e-05,9.427398015899856e-05,9.869135309149024e-05
80,164,model1_fixed_q,0.045239496883758085,7.818117527545211e-05,7.769413587902746e-05,7.818117527545211e-05
80,164,model3_dynamic_q,0.0503936272752805,0.00010166314046144833,9.287971330443752e-05,0.00010166314046144833
80,165,model1_fixed_q,0.045155847394644746,7.896444947243838e-05,7.896444947243838e-05,7.878461716507177e-05
80,165,model3_dynamic_q,0.05032887985467275,9.956354348733007e-05,8.917375548254173e-05,9.956354348733007e-05
80,166,model1_fixed_q,0.045141110248437685,7.775393351518261e-05,7.582988495889006e-05,7.775393351518261e-05
80,166,model3_dynamic_q,0.05051104141358847,0.00010029210123007401,0.00010029210123007401,9.981982802953685e-05
80,167,model1_fixed_q,0.04524535618414064,7.866003289907739e-05,7.865720158798631e-05,7.866003289907739e-05
80,167,model3_dynamic_q,0.05046594327673294,0.00010531016554724435,0.00010531016554724435,0.0001022411815327896
80,168,model1_fixed_q,0.04521718484401915,8.005871427338975e-05,8.005871427338975e-05,7.62694983487253e-05
80,168,model3_dynamic_q,0.050423673200936846,9.913039201702237e-05,9.487422000493545e-05,9.913039201702237e-05
80,169,model1_fixed_q,0.04505604150328495,7.650891546572835e-05,5.960362918472296e-05,7.650891546572835e-05
80,169,model3_dynamic_q,0.050519489250603886,9.779771929197774e-05,8.639101813106207e-05,9.779771929197774e-05
80,170,model1_fixed_q,0.045123135304945924,7.754317252367192e-05,6.63055118754094e-05,7.754317252367192e-05
80,170,model3_dynamic_q,0.050462284535689794,0.00010200793989926241,0.00010200793989926241,9.680982406020239e-05
80,171,model1_fixed_q,0.04522049689817487,7.447284643259275e-05,7.404527952031698e-05,7.447284643259275e-05
80,171,model3_dynamic_q,0.05048515700991652,0.00010549682394727808,0.00010549682394727808,0.00010078464431183283
80,172,model1_fixed_q,0.045084248447208305,8.222769266826691e-05,8.222769266826691e-05,7.754573546661859e-05
80,172,model3_dynamic_q,0.05045648175906973,0.00010289357352152116,0.00010289357352152117,9.853394411745735e-05
80,173,model1_fixed_q,0.04501325065172641,7.357492386056318e-05,7.095514455879628e-05,7.357492386056318e-05
80,173,model3_dynamic_q,0.05056586963578066,0.00010269531905455196,8.546612441727661e-05,0.00010269531905455196
80,174,model1_fixed_q,0.044833785042833633,9.695803335100802e-05,9.695803335100802e-05,7.323628855703517e-05
80,174,model3_dynamic_q,0.050487049098156246,9.960608844861042e-05,8.023223403308527e-05,9.960608844861042e-05
80,175,model1_fixed_q,0.04493487596343759,9.556405579375191e-05,9.55640557937519e-05,7.552373693813629e-05
80,175,model3_dynamic_q,0.0505665620800834,0.00010040469228328374,0.00010040469228328374,9.992219853495982e-05
80,176,model1_fixed_q,0.04493852107333596,8.323255524968959e-05,8.323255524968959e-05,7.639315808059111e-05
80,176,model3_dynamic_q,0.05047519310830592,0.00010004990042198971,0.00010004990042198971,9.957349654229676e-05
80,177,model1_fixed_q,0.045018349601109946,7.747318427271663e-05,7.587612305603226e-05,7.747318427271663e-05
80,177,model3_dynamic_q,0.05035519218248765,0.00011102649446250264,0.00011102649446250264,0.00010089647504072718
80,178,model1_fixed_q,0.04504521459426266,7.579047573150892e-05,5.89025610976481e-05,7.579047573150892e-05
80,178,model3_dynamic_q,0.05029616851835646,9.934966199186538e-05,9.438623176014271e-05,9.934966199186538e-05
80,179,model1_fixed_q,0.04511102409262812,7.651151684066464e-05,6.895573987053384e-05,7.651151684066464e-05
80,179,model3_dynamic_q,0.05043777635975379,0.00010129062036907543,9.479323175215971e-05,0.00010129062036907543
80,180,model1_fixed_q,0.04510315111098691,7.543131171668108e-05,6.567281957426843e-05,7.543131171668108e-05
80,180,model3_dynamic_q,0.05053610566199493,9.92821364104482e-05,9.828051535365259e-05,9.92821364104482e-05
80,181,model1_fixed_q,0.0451673595268852,7.614160524347214e-05,6.926036499009648e-05,7.614160524347214e-05
80,181,model3_dynamic_q,0.050476945160944406,0.00010326036862788365,0.00010326036862788367,9.92301422941363e-05
80,182,model1_fixed_q,0.04503476383256667,7.838589800856939e-05,7.716160690474208e-05,7.838589800856939e-05
80,182,model3_dynamic_q,0.050386152950790554,9.820176682216186e-05,9.820176682216186e-05,9.374338873747912e-05
80,183,model1_fixed_q,0.0451310702922204,8.05428494123378e-05,8.054284941233779e-05,7.525514677227523e-05
80,183,model3_dynamic_q,0.050468806425083064,9.639560161131082e-05,9.267458135965497e-05,9.639560161131082e-05
80,184,model1_fixed_q,0.0450910843934773,8.680365321792866e-05,8.680365321792866e-05,7.620049710499287e-05
80,184,model3_dynamic_q,0.050436897836776344,0.00010275326922493447,7.767916924860795e-05,0.00010275326922493447
80,185,model1_fixed_q,0.04509099173844168,8.11247487626779e-05,8.112474876267788e-05,7.800747763094353e-05
80,185,model3_dynamic_q,0.050457973324123405,9.84816032280402e-05,8.444462963492319e-05,9.84816032280402e-05
80,186,model1_fixed_q,0.04513048244437257,7.605796207684826e-05,6.945642265772603e-05,7.605796207684826e-05
80,186,model3_dynamic_q,0.05049742289368531,9.945016742165954e-05,9.34872870312151e-05,9.945016742165954e-05
80,187,model1_fixed_q,0.0449266335091739,7.796276827351681e-05,6.685197107075155e-05,7.796276827351681e-05
80,187,model3_dynamic_q,0.050516555559809065,0.00010043752043160315,0.00010043752043160314,0.00010019004046311157
80,188,model1_fixed_q,0.044994243943105985,7.429291091205884e-05,5.957244115375377e-05,7.429291091205884e-05
80,188,model3_dynamic_q,0.050528167257883776,0.00010837769424214394,0.00010837769424214394,9.935848541702856e-05
80,189,model1_fixed_q,0.044914781596453415,7.788673227524788e-05,5.8757924709325876e-05,7.788673227524788e-05
80,189,model3_dynamic_q,0.05059142742751533,0.0001227407150075186,0.0001227407150075186,0.0001016801548918586
80,190,model1_fixed_q,0.04494827538681282,7.585696846200639e-05,6.93409803026801e-05,7.585696846200639e-05
80,190,model3_dynamic_q,0.050502664689746395,0.00010985032316623759,0.0001098503231662376,0.00010048718028832312
80,191,model1_fixed_q,0.04498180495821701,7.528410135225957e-05,6.921102637341051e-05,7.528410135225957e-05
80,191,model3_dynamic_q,0.050454712380234225,0.00011366715964168875,0.00011366715964168875,0.00010121985132198443
80,192,model1_fixed_q,0.0450381357830667,7.230606106779315e-05,7.044567864767241e-05,7.230606106779315e-05
80,192,model3_dynamic_q,0.050566089265428556,0.00011244908600761662,0.00011244908600761662,0.00010036657023461775
80,193,model1_fixed_q,0.044976255993727766,8.041262773292566e-05,8.041262773292566e-05,7.23558374862173e-05
80,193,model3_dynamic_q,0.050449583750117766,0.00010207995016269997,0.00010015040830395072,0.00010207995016269997
80,194,model1_fixed_q,0.04506089822702174,7.447229884972578e-05,6.655687842752953e-05,7.447229884972578e-05
80,194,model3_dynamic_q,0.05043888173339333,9.8513410026067e-05,8.329479655904188e-05,9.8513410026067e-05
80,195,model1_fixed_q,0.04500843191961468,7.805428894696661e-05,7.805428894696661e-05,7.675679962358553e-05
80,195,model3_dynamic_q,0.05027564414036514,9.99204454665953e-05,9.992044546659531e-05,9.458291802426011e-05
80,196,model1_fixed_q,0.045012942647819805,7.670931365482387e-05,6.53717108606309e-05,7.670931365482387e-05
80,196,model3_dynamic_q,0.05030689338772732,9.800971140725532e-05,8.867608885767346e-05,9.800971140725532e-05
80,197,model1_fixed_q,0.04513662428803234,7.670910221385813e-05,7.670910221385813e-05,7.534370338072449e-05
80,197,model3_dynamic_q,0.05027422527847277,9.874409070022419e-05,9.87440907002242e-05,9.817747781411448e-05
80,198,model1_fixed_q,0.04509242889900289,7.516237658099749e-05,7.516237658099749e-05,7.367617982461996e-05
80,198,model3_dynamic_q,0.05046812718273695,0.0001077214024468822,0.00010772140244688218,0.00010086041460227159
80,199,model1_fixed_q,0.0451269383170293,7.39529750957891e-05,5.567636570270876e-05,7.39529750957891e-05
80,199,model3_dynamic_q,0.05056664010087618,0.0001013072138137679,9.700600080484146e-05,0.0001013072138137679
80,200,model1_fixed_q,0.04506282824193469,7.62261467403269e-05,7.40385787872363e-05,7.62261467403269e-05
80,200,model3_dynamic_q,0.05056682380559872,0.00010099671509542002,9.260421985800945e-05,0.00010099671509542002
80,201,model1_fixed_q,0.04525264131138317,7.671413986675717e-05,7.671413986675717e-05,7.546112155531882e-05
80,201,model3_dynamic_q,0.05064252490207333,0.00011303329376806403,0.00011303329376806405,9.84867036046344e-05
80,202,model1_fixed_q,0.045026871546812994,7.56237701929386e-05,7.408472183001814e-05,7.56237701929386e-05
80,202,model3_dynamic_q,0.05046421340480433,9.893263075696232e-05,8.842940302904796e-05,9.893263075696232e-05
80,203,model1_fixed_q,0.045170780444957356,9.86920489060071e-05,9.869204890600709e-05,7.670219402418556e-05
80,203,model3_dynamic_q,0.050493927588488065,0.00010084473702440797,0.00010084473702440799,9.557379364522372e-05
80,204,model1_fixed_q,0.04516177200375019,7.62284012701134e-05,6.660211983313598e-05,7.62284012701134e-05
80,204,model3_dynamic_q,0.050425681938585626,0.00010637038401260554,0.00010637038401260553,0.0001030664414633121
80,205,model1_fixed_q,0.04507577978657644,7.730542392422197e-05,7.730542392422196e-05,7.342662717636261e-05
80,205,model3_dynamic_q,0.050622194592459986,0.00010020899530483479,9.874072280170244e-05,0.00010020899530483479
80,206,model1_fixed_q,0.04508600446900397,8.447054329969601e-05,8.447054329969601e-05,7.608284801437252e-05
80,206,model3_dynamic_q,0.05052756620111829,0.00010462915361386841,0.0001046291536138684,0.00010113412974792638
80,207,model1_fixed_q,0.04501659533848557,8.637804287370234e-05,8.637804287370234e-05,7.769815544360852e-05
80,207,model3_dynamic_q,0.050378701536664815,0.00011058287800750125,0.00011058287800750125,9.894021804398991e-05
80,208,model1_fixed_q,0.04495271848746047,7.467917391569122e-05,7.242627878346867e-05,7.467917391569122e-05
80,208,model3_dynamic_q,0.050290700606601894,0.00011736184821083897,0.00011736184821083897,9.5958830493913e-05
80,209,model1_fixed_q,0.045070940870990076,7.772177936272972e-05,6.764075138570357e-05,7.772177936272972e-05
80,209,model3_dynamic_q,0.050282867075501246,0.00010715200410932274,0.00010715200410932274,9.813207929846935e-05
80,210,model1_fixed_q,0.04504140138022246,9.108875390821147e-05,9.108875390821147e-05,7.791736267577845e-05
80,210,model3_dynamic_q,0.050299844396120195,9.863733482054467e-05,9.419435539337774e-05,9.863733482054467e-05
80,211,model1_fixed_q,0.04496026665880965,7.875202485109058e-05,7.875202485109058e-05,7.777624200674327e-05
80,211,model3_dynamic_q,0.05048442756069234,0.00010346961705078747,0.00010346961705078745,9.786803354715718e-05
80,212,model1_fixed_q,0.04492715655393877,7.710225352060214e-05,7.710225352060213e-05,7.327744067293443e-05
80,212,model3_dynamic_q,0.050468696136840394,9.64430001203104e-05,9.566155814685106e-05,9.64430001203104e-05
80,213,model1_fixed_q,0.0450936478143636,7.404330067367161e-05,7.334461553027423e-05,7.404330067367161e-05
80,213,model3_dynamic_q,0.050335166287720404,9.800979683080521e-05,8.166215449347035e-05,9.800979683080521e-05
80,214,model1_fixed_q,0.045039682448412374,9.034378419227744e-05,9.034378419227744e-05,7.717054539165749e-05
80,214,model3_dynamic_q,0.05034498661536975,9.864658364166958e-05,9.864658364166958e-05,9.742849589236347e-05
80,215,model1_fixed_q,0.045150891461595996,8.469882019040658e-05,8.469882019040658e-05,8.091962134230404e-05
80,215,model3_dynamic_q,0.050432026234930975,9.734517840449305e-05,7.533748435463779e-05,9.734517840449305e-05
80,216,model1_fixed_q,0.045028960666314774,8.074164297041155e-05,8.074164297041156e-05,7.351489393032447e-05
80,216,model3_dynamic_q,0.05045464057327661,9.56030211075389e-05,9.525759572061555e-05,9.56030211075389e-05
80,217,model1_fixed_q,0.045047138895270886,8.636959275254233e-05,8.636959275254233e-05,7.550129650717157e-05
80,217,model3_dynamic_q,0.05033974169666449,0.00010344979582174263,0.00010344979582174263,9.768902956423052e-05
80,218,model1_fixed_q,0.04502417611773848,7.522970648011862e-05,6.591838141395187e-05,7.522970648011862e-05
80,218,model3_dynamic_q,0.050394418398428655,0.00010158193377103593,8.978430199267908e-05,0.00010158193377103593
80,219,model1_fixed_q,0.04499456372373555,7.432247509615271e-05,7.367211466470286e-05,7.432247509615271e-05
80,219,model3_dynamic_q,0.050427788923097114,0.00010598476015816583,0.00010598476015816584,9.762144182323333e-05
80,220,model1_fixed_q,0.04491872945951631,7.191019801176937e-05,6.376388588546486e-05,7.191019801176937e-05
80,220,model3_dynamic_q,0.05045753872842767,0.00011527879484319987,0.00011527879484319986,9.735790825744663e-05
80,221,model1_fixed_q,0.0451107267035998,7.700421907647999e-05,6.933948055108574e-05,7.700421907647999e-05
80,221,model3_dynamic_q,0.050431627266078145,0.0001054715267208516,0.00010547152672085158,9.887633406672709e-05
80,222,model1_fixed_q,0.04509802004680593,8.618184953678873e-05,8.618184953678873e-05,7.62269999945622e-05
80,222,model3_dynamic_q,0.050394211784334245,0.00010442919476242765,0.00010442919476242766,9.651821023911374e-05
80,223,model1_fixed_q,0.04507433355811592,7.690346429709631e-05,6.553333301077156e-05,7.690346429709631e-05
80,223,model3_dynamic_q,0.05032834485333603,9.61924740120888e-05,8.088291455563266e-05,9.61924740120888e-05
80,224,model1_fixed_q,0.04505494589728061,7.449310412964122e-05,7.398929907993307e-05,7.449310412964122e-05
80,224,model3_dynamic_q,0.050452854418422316,0.00010728046465096967,0.00010728046465096967,9.617973387802816e-05
80,225,model1_fixed_q,0.04504286508008208,9.859832534889811e-05,9.859832534889811e-05,7.353195093572364e-05
80,225,model3_dynamic_q,0.05044478653412045,0.00011258109874254883,0.00011258109874254883,0.00010105871589172366
80,226,model1_fixed_q,0.045027573362499865,7.675867246543617e-05,7.675867246543617e-05,7.624760150233687e-05
80,226,model3_dynamic_q,0.05037396832134731,9.724130622616057e-05,8.714922437857039e-05,9.724130622616057e-05
80,227,model1_fixed_q,0.044963186874845205,7.783083764752348e-05,6.620031888506474e-05,7.783083764752348e-05
80,227,model3_dynamic_q,0.050323295969579455,0.0001015700596026215,9.900040311211723e-05,0.0001015700596026215
80,228,model1_fixed_q,0.0450863929281809,7.936323711630845e-05,7.936323711630845e-05,7.421157437187145e-05
80,228,model3_dynamic_q,0.05038216256822048,9.810204435809056e-05,9.185414235159627e-05,9.810204435809056e-05
80,229,model1_fixed_q,0.04505108275111268,7.303777750849139e-05,7.127407982292763e-05,7.303777750849139e-05
80,229,model3_dynamic_q,0.05042378529168966,9.48876106729557e-05,8.423980610740415e-05,9.48876106729557e-05
80,230,model1_fixed_q,0.044959403496244506,7.440817903864162e-05,7.204537415899694e-05,7.440817903864162e-05
80,230,model3_dynamic_q,0.050427439946257466,0.00010150290793794671,0.00010150290793794671,9.578707085766298e-05
80,231,model1_fixed_q,0.045079064383653694,7.882950978678188e-05,7.882950978678188e-05,7.811953455938757e-05
80,231,model3_dynamic_q,0.05048635382623169,9.949460542691152e-05,8.830117708511664e-05,9.949460542691152e-05
80,232,model1_fixed_q,0.0449517604232718,7.474758624499995e-05,6.494650030951978e-05,7.474758624499995e-05
80,232,model3_dynamic_q,0.05055469772048793,9.893387692719976e-05,9.28537269583951e-05,9.893387692719976e-05
80,233,model1_fixed_q,0.044953826755783195,7.790163835399389e-05,7.790163835399389e-05,7.779853278404194e-05
80,233,model3_dynamic_q,0.05050864675694105,0.00010991825771926963,0.00010991825771926963,0.00010370469938331054
80,234,model1_fixed_q,0.04511387087329235,7.915023909251587e-05,7.915023909251589e-05,7.567616340353017e-05
80,234,model3_dynamic_q,0.05055411804015464,0.00010084570998672944,9.284342229927966e-05,0.00010084570998672944
80,235,model1_fixed_q,0.04506082448308406,8.062842121121665e-05,8.062842121121665e-05,7.693275148132751e-05
80,235,model3_dynamic_q,0.050515871287376335,0.00010193617062018619,9.376818190162302e-05,0.00010193617062018619
80,236,model1_fixed_q,0.044982895642646646,8.042438677627029e-05,8.042438677627029e-05,7.913356243932504e-05
80,236,model3_dynamic_q,0.05050718804848526,0.00010270894741622398,0.00010270894741622398,0.0001010342970908025
80,237,model1_fixed_q,0.04502857275415162,7.599697477592218e-05,6.817837454550451e-05,7.599697477592218e-05
80,237,model3_dynamic_q,0.05061964536284295,0.00010919687459734407,0.00010919687459734405,0.00010208831321735065
80,238,model1_fixed_q,0.04515764768279139,7.574824992892046e-05,6.553862484143294e-05,7.574824992892046e-05
80,238,model3_dynamic_q,0.05047894541264429,0.00011087403278622402,0.00011087403278622402,0.00010227327305835613
80,239,model1_fixed_q,0.045159839125206755,8.789761645014214e-05,8.789761645014216e-05,7.381478493588901e-05
80,239,model3_dynamic_q,0.050546871222972724,0.00010176727890273259,9.909241082168379e-05,0.00010176727890273259
80,240,model1_fixed_q,0.04511687273869004,7.761542535990486e-05,7.568266558737224e-05,7.761542535990486e-05
80,240,model3_dynamic_q,0.050447345745316195,0.00010756370412389904,0.00010756370412389904,0.00010073768768150798
80,241,model1_fixed_q,0.045126741095622994,7.852414652863311e-05,7.852414652863311e-05,7.745055821528235e-05
80,241,model3_dynamic_q,0.05048992461967828,0.00010080001280789375,8.653233877338447e-05,0.00010080001280789375
80,242,model1_fixed_q,0.045165050887002005,8.279274682048271e-05,8.27927468204827e-05,7.866267914083465e-05
80,242,model3_dynamic_q,0.05052223803870278,0.00011082802949649444,0.00011082802949649443,0.0001008951886864303
80,243,model1_fixed_q,0.04502752962246208,8.950681278157077e-05,8.950681278157077e-05,7.451090888805202e-05
80,243,model3_dynamic_q,0.050582777929185765,0.0001273870068294505,0.00012738700682945052,0.0001040193079750201
80,244,model1_fixed_q,0.04498007481413305,8.903089330244771e-05,8.903089330244771e-05,7.414947069417596e-05
80,244,model3_dynamic_q,0.050505220559177055,0.0001295634324750838,0.00012956343247508379,9.650436024622252e-05
80,245,model1_fixed_q,0.045065841149241254,7.704939362817895e-05,7.580944142549469e-05,7.704939362817895e-05
80,245,model3_dynamic_q,0.050398047298598515,0.00012237627236177525,0.00012237627236177522,9.921062729531254e-05
80,246,model1_fixed_q,0.04510577995509865,7.816707079939647e-05,7.572152532770358e-05,7.816707079939647e-05
80,246,model3_dynamic_q,0.050364883396216,0.00011816317745821198,0.00011816317745821197,9.886664368841256e-05
80,247,model1_fixed_q,0.0451475953024099,7.676924355539126e-05,7.32294415553521e-05,7.676924355539126e-05
80,247,model3_dynamic_q,0.05040235828738357,0.00012787609355722723,0.00012787609355722723,9.876837099218436e-05
80,248,model1_fixed_q,0.045040787780263554,8.023610741471721e-05,8.02361074147172e-05,7.690990053817088e-05
80,248,model3_dynamic_q,0.050476264256247294,0.0001203711732188446,0.0001203711732188446,0.0001024953431143825
80,249,model1_fixed_q,0.04504348454082103,8.556727252199074e-05,8.556727252199074e-05,7.553045560007698e-05
80,249,model3_dynamic_q,0.050397610040604564,0.00012313287841790458,0.00012313287841790458,0.00010444181867625051
80,250,model1_fixed_q,0.04507831604137843,8.50873382727385e-05,8.50873382727385e-05,7.67468565879605e-05
80,250,model3_dynamic_q,0.05046278118146807,0.00010684887158066696,0.00010684887158066696,0.00010040539735333116
80,251,model1_fixed_q,0.04511637848424034,8.786180859274469e-05,8.786180859274469e-05,7.740477319598247e-05
80,251,model3_dynamic_q,0.050457887363319236,0.00011735054333915403,0.00011735054333915402,0.00010131434023014186
80,252,model1_fixed_q,0.04508545154747069,7.882946001941258e-05,6.162801724230772e-05,7.882946001941258e-05
80,252,model3_dynamic_q,0.05043274344862059,9.631100871157521e-05,9.63110087115752e-05,9.56180031333347e-05
80,253,model1_fixed_q,0.04507660816898993,7.635833905852242e-05,7.189081971785247e-05,7.635833905852242e-05
80,253,model3_dynamic_q,0.05047279600725104,9.696441118242378e-05,7.764444855133345e-05,9.696441118242378e-05
80,254,model1_fixed_q,0.04511319910410193,8.882983917350374e-05,8.882983917350374e-05,7.940778400908809e-05
80,254,model3_dynamic_q,0.05052559178871719,9.651256793089367e-05,7.693328486089223e-05,9.651256793089367e-05
80,255,model1_fixed_q,0.045098925592166994,8.531017045327019e-05,8.531017045327017e-05,7.66450869519643e-05
80,255,model3_dynamic_q,0.050396407141943114,9.891811457657524e-05,8.59970075634856e-05,9.891811457657524e-05
80,256,model1_fixed_q,0.04502657342374388,7.669412507936107e-05,7.669412507936107e-05,7.482116896042078e-05
80,256,model3_dynamic_q,0.05048956594815319,9.579628565614742e-05,8.032642427264039e-05,9.579628565614742e-05
80,257,model1_fixed_q,0.04508524011981907,7.811003941117049e-05,7.657906110962741e-05,7.811003941117049e-05
80,257,model3_dynamic_q,0.050533831952511266,9.666378920824444e-05,8.077113786098611e-05,9.666378920824444e-05
80,258,model1_fixed_q,0.04503327604967288,8.02780186498768e-05,8.02780186498768e-05,7.688670625733795e-05
80,258,model3_dynamic_q,0.05059278472199083,0.00010262572673634125,8.040162171067336e-05,0.00010262572673634125
80,259,model1_fixed_q,0.04507666751167198,8.165721791438548e-05,8.165721791438546e-05,7.656183883157016e-05
80,259,model3_dynamic_q,0.05050263604979117,0.00010237103479229493,7.289730170790366e-05,0.00010237103479229493
80,260,model1_fixed_q,0.044993983576771104,9.760933459922507e-05,9.760933459922507e-05,8.123674345357439e-05
80,260,model3_dynamic_q,0.05042867555281404,0.00010057801624527212,9.301954476102589e-05,0.00010057801624527212
80,261,model1_fixed_q,0.044914960155257685,7.92088999398241e-05,7.61361728693102e-05,7.92088999398241e-05
80,261,model3_dynamic_q,0.050429058390960416,0.00010722160338278104,0.00010722160338278106,9.837054776488496e-05
80,262,model1_fixed_q,0.044992608795779265,7.801522891748081e-05,7.801522891748081e-05,7.614124266982063e-05
80,262,model3_dynamic_q,0.050381381478814866,0.0001070741619656141,0.00010707416196561411,9.563422234543678e-05
80,263,model1_fixed_q,0.044962326689280414,7.900524280640156e-05,7.900524280640158e-05,7.572806619069158e-05
80,263,model3_dynamic_q,0.05041831305775819,0.0001019858176853991,0.0001019858176853991,9.681264834626972e-05
80,264,model1_fixed_q,0.04496749301501227,7.298621769782553e-05,5.8030705784598664e-05,7.298621769782553e-05
80,264,model3_dynamic_q,0.05048231018982327,0.00010740221057692963,0.00010740221057692963,9.77325053444535e-05
80,265,model1_fixed_q,0.04502375733022309,7.615343595151369e-05,7.019999106602932e-05,7.615343595151369e-05
80,265,model3_dynamic_q,0.05051812938797518,0.00010412496243213261,8.087605636200525e-05,0.00010412496243213261
80,266,model1_fixed_q,0.04497040761080283,7.867025050513502e-05,7.867025050513502e-05,7.545054059499741e-05
80,266,model3_dynamic_q,0.0504165733441527,9.612555611675366e-05,7.295469582199263e-05,9.612555611675366e-05
80,267,model1_fixed_q,0.0448810468195474,7.703841687548494e-05,6.751920167988739e-05,7.703841687548494e-05
80,267,model3_dynamic_q,0.05062673754155067,9.615372942532328e-05,8.837295207135962e-05,9.615372942532328e-05
80,268,model1_fixed_q,0.04507276381496024,7.881761392236753e-05,6.598772604222168e-05,7.881761392236753e-05
80,268,model3_dynamic_q,0.050560310141990646,9.685703315832083e-05,9.154698407400655e-05,9.685703315832083e-05
80,269,model1_fixed_q,0.044968875610243396,8.264386458316808e-05,8.264386458316807e-05,7.338658431897185e-05
80,269,model3_dynamic_q,0.05055218348755915,0.0001000593492814756,9.709555923432408e-05,0.0001000593492814756
80,270,model1_fixed_q,0.04505512645184481,7.968937688671943e-05,7.285831858791215e-05,7.968937688671943e-05
80,270,model3_dynamic_q,0.0505085806039025,0.00010101577120718705,8.461902632103239e-05,0.00010101577120718705
80,271,model1_fixed_q,0.04500126166252045,7.798380816930446e-05,6.227079271909714e-05,7.798380816930446e-05
80,271,model3_dynamic_q,0.05036860373940644,9.879271653705495e-05,9.879271653705496e-05,9.759629680861639e-05
80,272,model1_fixed_q,0.04500857361108521,7.879173977256752e-05,7.619759669987754e-05,7.879173977256752e-05
80,272,model3_dynamic_q,0.05030767942431688,0.00010676752480287626,0.00010676752480287626,0.00010248839890212002
80,273,model1_fixed_q,0.04503547269601349,8.11096542815521e-05,8.11096542815521e-05,7.67550567515452e-05
80,273,model3_dynamic_q,0.05042546379677891,0.000111658255101964,0.000111658255101964,9.870062389939475e-05
80,274,model1_fixed_q,0.045131828375266476,7.953277673762032e-05,6.974850335429524e-05,7.953277673762032e-05
80,274,model3_dynamic_q,0.050551879058282644,0.00010041571066286127,0.00010041571066286126,9.937802660950703e-05
80,275,model1_fixed_q,0.04510326903235679,7.483632039695101e-05,7.017896232676705e-05,7.483632039695101e-05
80,275,model3_dynamic_q,0.050463591230338924,0.00010271864244125838,0.00010271864244125838,9.911125029757364e-05
80,276,model1_fixed_q,0.04512047988518463,7.67174673744797e-05,6.732397637686055e-05,7.67174673744797e-05
80,276,model3_dynamic_q,0.05048676958798352,9.817273721208995e-05,9.817273721208995e-05,9.430857181230269e-05
80,277,model1_fixed_q,0.04503878139680113,7.867852541519431e-05,7.14207294319815e-05,7.867852541519431e-05
80,277,model3_dynamic_q,0.050371786945788186,9.710543109359217e-05,9.678624783087413e-05,9.710543109359217e-05
80,278,model1_fixed_q,0.0450045228193166,7.633423697899049e-05,5.885031545056479e-05,7.633423697899049e-05
80,278,model3_dynamic_q,0.050416276446254335,0.0001022742881906873,9.867816411375069e-05,0.0001022742881906873
80,279,model1_fixed_q,0.045085205298051025,8.663629245343623e-05,8.663629245343623e-05,7.510142335355355e-05
80,279,model3_dynamic_q,0.05046169753963806,0.00010206343216946418,0.0001020634321694642,0.00010112240162000128
80,280,model1_fixed_q,0.04505548155085708,8.589482772490919e-05,8.589482772490919e-05,7.530579246695673e-05
80,280,model3_dynamic_q,0.05040095928186043,0.00011296673011577038,0.00011296673011577036,9.76092968231782e-05
80,281,model1_fixed_q,0.0451075759538048,7.601244263989952e-05,6.60551706378993e-05,7.601244263989952e-05
80,281,model3_dynamic_q,0.05049613749926469,0.00010024008972862609,9.720728109778167e-05,0.00010024008972862609
80,282,model1_fixed_q,0.04508663609732934,7.613737744339313e-05,5.063130290032041e-05,7.613737744339313e-05
80,282,model3_dynamic_q,0.05056263584243692,9.825039925291319e-05,8.92594981040218e-05,9.825039925291319e-05
80,283,model1_fixed_q,0.045138777474428037,8.81823137905219e-05,8.81823137905219e-05,7.569345518797623e-05
80,283,model3_dynamic_q,0.050601082150228426,9.957499029587454e-05,8.396562830955926e-05,9.957499029587454e-05
80,284,model1_fixed_q,0.04515092554506033,8.864336357805796e-05,8.864336357805796e-05,7.643063134382681e-05
80,284,model3_dynamic_q,0.05054372231026669,9.767538858245799e-05,9.663316814406662e-05,9.767538858245799e-05
80,285,model1_fixed_q,0.04520867853579912,9.229752773604512e-05,9.229752773604513e-05,7.680348418423753e-05
80,285,model3_dynamic_q,0.05046508905000475,0.00014337235289625715,0.00014337235289625715,9.59238006137447e-05
80,286,model1_fixed_q,0.045215460916423984,8.212051987871125e-05,8.212051987871125e-05,7.69952513023539e-05
80,286,model3_dynamic_q,0.05056873677617831,0.00011568726213916201,0.00011568726213916201,0.00010137318143005275
80,287,model1_fixed_q,0.045203416661491594,7.562998299665675e-05,7.162001785720547e-05,7.562998299665675e-05
80,287,model3_dynamic_q,0.05063940499807964,0.00010498082088567968,9.787787148523536e-05,0.00010498082088567968
80,288,model1_fixed_q,0.044989397297520474,7.709282587751572e-05,7.709282587751571e-05,7.413800834113249e-05
80,288,model3_dynamic_q,0.05037290665101668,9.968376063421356e-05,8.374522608035633e-05,9.968376063421356e-05
80,289,model1_fixed_q,0.04495907394148035,7.997063860252512e-05,7.997063860252512e-05,7.493704659493446e-05
80,289,model3_dynamic_q,0.050390318708549854,9.860865782131271e-05,9.205876268920814e-05,9.860865782131271e-05
80,290,model1_fixed_q,0.045064719608631294,7.828803999345892e-05,7.828803999345892e-05,7.67529192492123e-05
80,290,model3_dynamic_q,0.05033469341911719,0.0001136696348873079,0.0001136696348873079,9.745435410135453e-05
80,291,model1_fixed_q,0.04496341520940416,8.293714192154523e-05,8.293714192154524e-05,8.000842395911529e-05
80,291,model3_dynamic_q,0.05039061570210335,0.00011040818350354643,0.00011040818350354643,0.00010080101223811296
80,292,model1_fixed_q,0.04499092805517262,7.622949534637165e-05,6.912354456063375e-05,7.622949534637165e-05
80,292,model3_dynamic_q,0.050413465778152054,0.00010309523882012783,0.00010309523882012783,9.744819606268934e-05
80,293,model1_fixed_q,0.04509458484490843,8.071512569603022e-05,8.071512569603022e-05,7.624200250510331e-05
80,293,model3_dynamic_q,0.05038270489969891,9.664136132400217e-05,9.358605064339597e-05,9.664136132400217e-05
80,294,model1_fixed_q,0.045213712533797065,8.44905613661677e-05,8.449056136616772e-05,7.847419269751054e-05
80,294,model3_dynamic_q,0.050510222350438956,0.0001068542676875299,0.0001068542676875299,9.783380934219672e-05
80,295,model1_fixed_q,0.04507140911397785,7.519050369695507e-05,6.213240975351941e-05,7.519050369695507e-05
80,295,model3_dynamic_q,0.050504377006141986,0.00010321655827098846,8.572663373641758e-05,0.00010321655827098846
80,296,model1_fixed_q,0.0450894005834852,8.028875040501665e-05,8.028875040501665e-05,7.677953656990902e-05
80,296,model3_dynamic_q,0.050532375182009696,0.00011269903269770301,0.00011269903269770301,0.00010001311853370201
80,297,model1_fixed_q,0.045094477245275405,8.036549328887116e-05,8.036549328887116e-05,7.749516317039927e-05
80,297,model3_dynamic_q,0.05056792161328178,0.00010299340448989277,0.00010299340448989277,0.00010009989928931353
80,298,model1_fixed_q,0.045119892300028074,9.576666713712853e-05,9.576666713712852e-05,7.75026441659899e-05
80,298,model3_dynamic_q,0.05051248205596643,0.00010481238086377414,0.00010481238086377415,9.864107303574343e-05
80,299,model1_fixed_q,0.04510158033899593,0.00010077730007372196,0.00010077730007372197,7.803744094678252e-05
80,299,model3_dynamic_q,0.0505104708000588,0.00010786781288723764,0.00010786781288723765,9.707942208221949e-05
80,300,model1_fixed_q,0.045124011067075004,8.546647819946506e-05,8.546647819946506e-05,7.845399279674998e-05
80,300,model3_dynamic_q,0.05048166114091295,0.00012416327890997763,0.00012416327890997763,0.0001010419169644949
80,301,model1_fixed_q,0.04520869181290836,7.749100596044495e-05,6.19928958178289e-05,7.749100596044495e-05
80,301,model3_dynamic_q,0.05060427338584342,0.00010519417374257958,0.00010519417374257958,0.00010006890226452325
80,302,model1_fixed_q,0.04519171107258368,7.402368643025691e-05,6.745099530594014e-05,7.402368643025691e-05
80,302,model3_dynamic_q,0.05063998805680698,0.00011997651811430164,0.00011997651811430164,9.811189845335774e-05
80,303,model1_fixed_q,0.04515980375103006,7.569256606178693e-05,7.569256606178693e-05,7.345545918773434e-05
80,303,model3_dynamic_q,0.050681473174894506,9.914419927740154e-05,9.127869433301603e-05,9.914419927740154e-05
80,304,model1_fixed_q,0.0452591591049335,7.935963883385665e-05,7.444720287325413e-05,7.935963883385665e-05
80,304,model3_dynamic_q,0.05061305397083051,9.931702855030958e-05,8.807793444987886e-05,9.931702855030958e-05
80,305,model1_fixed_q,0.045125973214509126,8.011089384500365e-05,6.194106211355896e-05,8.011089384500365e-05
80,305,model3_dynamic_q,0.05056085881522124,9.960227121293893e-05,7.640802580850069e-05,9.960227121293893e-05
80,306,model1_fixed_q,0.04519493301424884,7.748479015969319e-05,7.095749421744311e-05,7.748479015969319e-05
80,306,model3_dynamic_q,0.05052163744859068,9.825743533775345e-05,8.32055930683732e-05,9.825743533775345e-05
80,307,model1_fixed_q,0.045093308795494245,7.678314200018545e-05,6.384185226756979e-05,7.678314200018545e-05
80,307,model3_dynamic_q,0.05060257079992854,9.744126631759426e-05,9.581226409182536e-05,9.744126631759426e-05
80,308,model1_fixed_q,0.045001284971572346,7.515678586197814e-05,5.274097566707861e-05,7.515678586197814e-05
80,308,model3_dynamic_q,0.05045909535762152,0.00010882258386306924,0.00010882258386306924,9.832471177547506e-05
80,309,model1_fixed_q,0.04491373151739298,7.334870890299188e-05,5.9142854472565455e-05,7.334870890299188e-05
80,309,model3_dynamic_q,0.05051819063380417,0.00011156919668891486,0.00011156919668891486,9.773438417294573e-05
80,310,model1_fixed_q,0.044940699015076815,7.871854097743886e-05,7.871854097743886e-05,7.478192736252824e-05
80,310,model3_dynamic_q,0.05049393275570449,0.00010522660562769548,0.00010522660562769548,9.60637879372888e-05
80,311,model1_fixed_q,0.04494237434490235,7.482387591681217e-05,6.873525569828573e-05,7.482387591681217e-05
80,311,model3_dynamic_q,0.05042167939401966,9.943456384388603e-05,7.41024144620371e-05,9.943456384388603e-05
80,312,model1_fixed_q,0.04498007080341821,7.883366495707766e-05,7.883366495707766e-05,7.177386576961989e-05
80,312,model3_dynamic_q,0.05042784573141821,0.00010031555390641544,8.440511073099583e-05,0.00010031555390641544
80,313,model1_fixed_q,0.04501461560382337,8.758036892832193e-05,8.758036892832193e-05,7.345539061008065e-05
80,313,model3_dynamic_q,0.050458450004030354,0.00010014745554739428,9.466117466158792e-05,0.00010014745554739428
80,314,model1_fixed_q,0.045004370092380036,7.679976676126466e-05,7.679976676126466e-05,7.642852147381885e-05
80,314,model3_dynamic_q,0.05030370195975787,0.00010181462032590892,0.00010122846479788368,0.00010181462032590892
80,315,model1_fixed_q,0.0450011095680204,7.40964637296897e-05,6.784133343276541e-05,7.40964637296897e-05
80,315,model3_dynamic_q,0.05031527268121907,9.906561108727467e-05,9.575992928942135e-05,9.906561108727467e-05
80,316,model1_fixed_q,0.04512027444192275,7.737930870452767e-05,5.690570041560796e-05,7.737930870452767e-05
80,316,model3_dynamic_q,0.05023184339761918,9.998592762210165e-05,8.868466056956745e-05,9.998592762210165e-05
80,317,model1_fixed_q,0.04516427701813484,7.728976643014084e-05,6.655832266522013e-05,7.728976643014084e-05
80,317,model3_dynamic_q,0.05023770139213147,9.828267690991834e-05,9.39208638898127e-05,9.828267690991834e-05
80,318,model1_fixed_q,0.045035510516797835,8.346398124906983e-05,8.346398124906983e-05,7.617306120051917e-05
80,318,model3_dynamic_q,0.05036653290679925,0.00010737884016370665,0.00010737884016370665,0.00010160196088406886
80,319,model1_fixed_q,0.044987201080887294,9.669052335382554e-05,9.669052335382554e-05,7.624003195937577e-05
80,319,model3_dynamic_q,0.050316996632435565,0.00010706977490785041,0.00010706977490785041,0.00010130340257364903
80,320,model1_fixed_q,0.04505132525420879,8.805372984124432e-05,8.805372984124432e-05,7.421557980106475e-05
80,320,model3_dynamic_q,0.050390078808408435,0.00010210839961542717,9.10454225973434e-05,0.00010210839961542717
80,321,model1_fixed_q,0.0450925351231088,8.232234129083327e-05,8.232234129083327e-05,7.634568745683027e-05
80,321,model3_dynamic_q,0.05057535161163528,0.00010108011007263073,8.694060835535008e-05,0.00010108011007263073
80,322,model1_fixed_q,0.04498900831599107,8.181744365378192e-05,8.181744365378192e-05,7.383101041392313e-05
80,322,model3_dynamic_q,0.050449956093766415,0.00010095711136613965,6.454173314436549e-05,0.00010095711136613965
80,323,model1_fixed_q,0.044989387468493285,7.520828492237029e-05,6.864327346955203e-05,7.520828492237029e-05
80,323,model3_dynamic_q,0.05050269394532093,0.0001008352075886514,9.328286850915653e-05,0.0001008352075886514
80,324,model1_fixed_q,0.04503535012124222,0.00010648149128146756,0.00010648149128146756,7.563351193589857e-05
80,324,model3_dynamic_q,0.05052887238620166,9.715644724818361e-05,7.832209398442834e-05,9.715644724818361e-05
80,325,model1_fixed_q,0.04504329346323731,9.135006356875631e-05,9.135006356875631e-05,7.60702756485184e-05
80,325,model3_dynamic_q,0.05047454204122326,9.858646774676067e-05,9.246131324533208e-05,9.858646774676067e-05
80,326,model1_fixed_q,0.045062264020338055,7.46254141548685e-05,7.461879726971448e-05,7.46254141548685e-05
80,326,model3_dynamic_q,0.05048455569313435,9.863572472275587e-05,8.304963067661519e-05,9.863572472275587e-05
80,327,model1_fixed_q,0.04505064852115637,8.42816916635888e-05,8.42816916635888e-05,7.506400109157424e-05
80,327,model3_dynamic_q,0.05046090806918562,9.692891505734514e-05,9.638828923562117e-05,9.692891505734514e-05
80,328,model1_fixed_q,0.045076175900893474,7.478436335939747e-05,6.0477492574087595e-05,7.478436335939747e-05
80,328,model3_dynamic_q,0.05047314743952978,0.00010325171695516232,8.011601128061558e-05,0.00010325171695516232
80,329,model1_fixed_q,0.04499793136640185,7.974986781479008e-05,7.974986781479008e-05,7.42081213025112e-05
80,329,model3_dynamic_q,0.05040155016155456,9.936459241374484e-05,9.249775810859003e-05,9.936459241374484e-05
80,330,model1_fixed_q,0.04508391909297717,9.438602314845585e-05,9.438602314845586e-05,7.599099995946602e-05
80,330,model3_dynamic_q,0.050374009693457476,0.00010207598466521423,7.254733353337047e-05,0.00010207598466521423
80,331,model1_fixed_q,0.04510583856018357,8.207557343163527e-05,8.207557343163527e-05,7.68003943716646e-05
80,331,model3_dynamic_q,0.050481870980329815,9.763018072930337e-05,7.495650257056977e-05,9.763018072930337e-05
80,332,model1_fixed_q,0.04508487956339379,8.690676380529172e-05,8.690676380529172e-05,7.430390670554391e-05
80,332,model3_dynamic_q,0.05041785156152725,0.00010028035054891101,0.00010028035054891102,9.835803239592313e-05
80,333,model1_fixed_q,0.04510763172111869,7.768070319658973e-05,6.114744412015268e-05,7.768070319658973e-05
80,333,model3_dynamic_q,0.05044428520731204,0.00011458522951461864,0.00011458522951461863,0.00010060283468530852
80,334,model1_fixed_q,0.04513911543005333,7.745506230841842e-05,6.7873421525458e-05,7.745506230841842e-05
80,334,model3_dynamic_q,0.050444166888860414,0.00011175004964952644,0.00011175004964952644,0.00010004763196955508
80,335,model1_fixed_q,0.04504482684777194,7.781247232874223e-05,6.200095654927442e-05,7.781247232874223e-05
80,335,model3_dynamic_q,0.050644066195287114,0.00010245826256263319,9.640334993853783e-05,0.00010245826256263319
80,336,model1_fixed_q,0.044975521041192644,7.543036924827528e-05,6.869535188615031e-05,7.543036924827528e-05
80,336,model3_dynamic_q,0.05046202619239663,0.00010012605680338139,9.558222587960267e-05,0.00010012605680338139
80,337,model1_fixed_q,0.04512311304706864,7.415936535926028e-05,7.063000787687018e-05,7.415936535926028e-05
80,337,model3_dynamic_q,0.05049361619273384,0.0001097472490308035,0.00010974724903080351,0.00010174957475032882
80,338,model1_fixed_q,0.045128064298962274,8.260375652021676e-05,8.260375652021676e-05,8.018352869121951e-05
80,338,model3_dynamic_q,0.05035763387898161,0.00010671159163896624,0.00010671159163896624,0.00010066908551917037
80,339,model1_fixed_q,0.045105040961286265,7.732237931147474e-05,6.849246827897973e-05,7.732237931147474e-05
80,339,model3_dynamic_q,0.050299076935108676,0.00010275891092799575,9.035787469038606e-05,0.00010275891092799575
80,340,model1_fixed_q,0.04505226403274179,7.641107267748764e-05,7.105158066711393e-05,7.641107267748764e-05
80,340,model3_dynamic_q,0.05038670295752793,0.00010380562546582589,9.609116201240142e-05,0.00010380562546582589
80,341,model1_fixed_q,0.04507797876954036,7.52778598681338e-05,6.939638810442658e-05,7.52778598681338e-05
80,341,model3_dynamic_q,0.05032513842279949,9.890842757768973e-05,7.434368428062864e-05,9.890842757768973e-05
80,342,model1_fixed_q,0.045063703750906146,8.213808634827704e-05,8.213808634827704e-05,7.590622368303526e-05
80,342,model3_dynamic_q,0.05020050827571708,9.990875486996853e-05,8.893659879108944e-05,9.990875486996853e-05
80,343,model1_fixed_q,0.04505517702348078,7.473492514742692e-05,6.530142969907538e-05,7.473492514742692e-05
80,343,model3_dynamic_q,0.05034677783279259,9.707598153881369e-05,9.48552261534354e-05,9.707598153881369e-05
80,344,model1_fixed_q,0.04516207063350861,7.381311958504127e-05,5.664945290740594e-05,7.381311958504127e-05
80,344,model3_dynamic_q,0.05045730105501541,0.00011309536255623405,0.00011309536255623403,0.00010326340228203448
80,345,model1_fixed_q,0.045043820024762274,7.508977778963e-05,4.9656962222062066e-05,7.508977778963e-05
80,345,model3_dynamic_q,0.05033596089387517,0.00010654586605189756,0.00010654586605189756,9.939366243055074e-05
80,346,model1_fixed_q,0.044962256857138165,7.641425896835313e-05,7.600348182743873e-05,7.641425896835313e-05
80,346,model3_dynamic_q,0.050469020697825544,0.00010851137954707491,0.0001085113795470749,0.00010347381347042197
80,347,model1_fixed_q,0.04496830153907981,7.717443306776892e-05,6.653552110031794e-05,7.717443306776892e-05
80,347,model3_dynamic_q,0.05036083517389287,0.00010108760444709335,0.00010055450800993169,0.00010108760444709335
80,348,model1_fixed_q,0.04494697509926719,7.616423497552225e-05,7.616423497552225e-05,7.586980052837937e-05
80,348,model3_dynamic_q,0.050491321110439864,0.00010412306607383358,8.89730372640303e-05,0.00010412306607383358
80,349,model1_fixed_q,0.04501657655615955,8.325723113924589e-05,8.325723113924589e-05,7.396340485103384e-05
80,349,model3_dynamic_q,0.05044349755824075,0.00010042101868914936,9.399251168986185e-05,0.00010042101868914936
80,350,model1_fixed_q,0.04504657862872576,7.611118941138132e-05,5.945503623396634e-05,7.611118941138132e-05
80,350,model3_dynamic_q,0.050435421350959145,9.526686443043653e-05,9.448935606957963e-05,9.526686443043653e-05
80,351,model1_fixed_q,0.04506877774991527,8.429704046357292e-05,8.429704046357292e-05,7.419773030173229e-05
80,351,model3_dynamic_q,0.05033408462047944,0.00010004721946406706,0.00010004721946406706,9.743103567859962e-05
80,352,model1_fixed_q,0.04505799659409973,7.872516219862423e-05,7.872516219862423e-05,7.46865096664076e-05
80,352,model3_dynamic_q,0.05037700494164967,9.882268116027927e-05,9.676995352253455e-05,9.882268116027927e-05
80,353,model1_fixed_q,0.044900134800538366,7.771909073495227e-05,7.22544558117434e-05,7.771909073495227e-05
80,353,model3_dynamic_q,0.050376397685530594,9.861806577431667e-05,9.59255146290924e-05,9.861806577431667e-05
80,354,model1_fixed_q,0.04500271620182099,7.594654702384809e-05,5.4952065070402576e-05,7.594654702384809e-05
80,354,model3_dynamic_q,0.05032954965523135,0.00011731640127427908,0.00011731640127427906,9.776994212211996e-05
80,355,model1_fixed_q,0.04512910071771346,8.277834511198817e-05,8.277834511198817e-05,7.581033861204215e-05
80,355,model3_dynamic_q,0.05031461916814851,0.0001021865250820325,0.0001021865250820325,9.729888649036556e-05
80,356,model1_fixed_q,0.04511963543648845,7.752678062237138e-05,7.259041665764359e-05,7.752678062237138e-05
80,356,model3_dynamic_q,0.050347079305761176,0.00010040880424106957,9.31897152218516e-05,0.00010040880424106957
80,357,model1_fixed_q,0.04509509770515865,7.472690194570611e-05,7.106190497331603e-05,7.472690194570611e-05
80,357,model3_dynamic_q,0.05038846433542652,0.00010925724119039737,0.00010925724119039737,9.756631911656311e-05
80,358,model1_fixed_q,0.04507577599500176,9.296621975286055e-05,9.296621975286055e-05,7.399361469620952e-05
80,358,model3_dynamic_q,0.05022049333086525,0.00011283762288804722,0.0001128376228880472,9.498548695613782e-05
80,359,model1_fixed_q,0.04506349123259985,7.600919594588656e-05,6.678297289452884e-05,7.600919594588656e-05
80,359,model3_dynamic_q,0.050284494251311616,0.00010416513789635617,0.00010416513789635619,9.843650681187416e-05
80,360,model1_fixed_q,0.04503728882406128,7.584550930164588e-05,6.713419890430986e-05,7.584550930164588e-05
80,360,model3_dynamic_q,0.05043419863701924,9.964157797259798e-05,8.948483123661791e-05,9.964157797259798e-05
80,361,model1_fixed_q,0.04505818600631449,7.7235321604069e-05,7.7235321604069e-05,7.698939474125693e-05
80,361,model3_dynamic_q,0.05046039020052631,0.00012483981060569435,0.00012483981060569435,0.00010001052529534422
80,362,model1_fixed_q,0.04519141600646152,8.337624462807033e-05,8.337624462807032e-05,7.591450145691201e-05
80,362,model3_dynamic_q,0.050559368556476435,0.00010859667166064843,0.00010859667166064843,0.00010110784362947577
80,363,model1_fixed_q,0.04519578969897657,7.758940718414041e-05,7.74604722824637e-05,7.758940718414041e-05
80,363,model3_dynamic_q,0.05053318126577636,0.00011703934146583896,0.00011703934146583896,0.00010188683800048662
80,364,model1_fixed_q,0.04524289585508761,8.374522965707888e-05,8.374522965707888e-05,7.624151135784984e-05
80,364,model3_dynamic_q,0.05045504913411255,0.00010556183173246681,0.00010556183173246681,0.0001028982605562043
80,365,model1_fixed_q,0.04517467527012984,8.897268586626298e-05,8.897268586626298e-05,7.467991312160502e-05
80,365,model3_dynamic_q,0.05052689064560655,0.00010450265755002972,9.17896328083863e-05,0.00010450265755002972
80,366,model1_fixed_q,0.045104384377553694,7.593068050995638e-05,6.4427018453776e-05,7.593068050995638e-05
80,366,model3_dynamic_q,0.05047341658355571,0.0001015493472497582,8.2818566804234e-05,0.0001015493472497582
80,367,model1_fixed_q,0.04504401453587704,7.776199135470266e-05,7.312895744572464e-05,7.776199135470266e-05
80,367,model3_dynamic_q,0.050555182336688535,0.00010183207372067302,7.60497277716165e-05,0.00010183207372067302
80,368,model1_fixed_q,0.04505921240998621,7.639128479155467e-05,7.023205377898649e-05,7.639128479155467e-05
80,368,model3_dynamic_q,0.05042599316549439,0.00010037950498720579,8.608550783754961e-05,0.00010037950498720579
80,369,model1_fixed_q,0.04506400065843967,8.319394364598732e-05,8.319394364598732e-05,7.916753818874061e-05
80,369,model3_dynamic_q,0.05047513615946654,0.00010004131387839317,7.858465943466232e-05,0.00010004131387839317
80,370,model1_fixed_q,0.0451851432689949,8.83796150591622e-05,8.83796150591622e-05,8.03817192489807e-05
80,370,model3_dynamic_q,0.05033609207577853,9.818936481187874e-05,8.657156138668007e-05,9.818936481187874e-05
80,371,model1_fixed_q,0.045023564490430434,7.914633618071452e-05,7.914633618071451e-05,7.341736580714982e-05
80,371,model3_dynamic_q,0.050382043308388,9.783669863393875e-05,6.32442731650986e-05,9.783669863393875e-05
80,372,model1_fixed_q,0.04502512025223367,8.024813315360194e-05,8.024813315360194e-05,7.446527916204507e-05
80,372,model3_dynamic_q,0.05035198608313307,9.593762398915936e-05,9.593762398915936e-05,9.399843898358317e-05
80,373,model1_fixed_q,0.044937160634390017,7.634608859192925e-05,7.634608859192925e-05,7.631726263086205e-05
80,373,model3_dynamic_q,0.050339349796994524,0.00010001645107249394,0.00010001645107249394,9.784254766144616e-05
80,374,model1_fixed_q,0.044897416153356004,7.974261407368425e-05,7.974261407368425e-05,7.601401113147649e-05
80,374,model3_dynamic_q,0.05039781753113699,0.00010016162718974379,7.272850772419286e-05,0.00010016162718974379
80,375,model1_fixed_q,0.04498783314185813,8.219913099792577e-05,8.219913099792577e-05,7.662767805949883e-05
80,375,model3_dynamic_q,0.05037076889453769,9.91424527285433e-05,7.264246077203446e-05,9.91424527285433e-05
80,376,model1_fixed_q,0.045055387506157035,7.72027860481893e-05,6.84086648519565e-05,7.72027860481893e-05
80,376,model3_dynamic_q,0.05031250284939083,0.00010084681752760178,8.829605466948618e-05,0.00010084681752760178
80,377,model1_fixed_q,0.045102877685194845,7.437601103663156e-05,7.010522500691926e-05,7.437601103663156e-05
80,377,model3_dynamic_q,0.05042523329244046,9.883027669937794e-05,8.590064286874809e-05,9.883027669937794e-05
80,378,model1_fixed_q,0.04514173895342687,7.66654602835301e-05,6.116655536890369e-05,7.66654602835301e-05
80,378,model3_dynamic_q,0.05063788028179015,0.00010971583416419796,0.00010971583416419796,0.00010334276848284095
80,379,model1_fixed_q,0.04502794227466292,7.584913911684933e-05,4.8861114044611616e-05,7.584913911684933e-05
80,379,model3_dynamic_q,0.05056290820078033,9.672965754882412e-05,9.29922444203791e-05,9.672965754882412e-05
80,380,model1_fixed_q,0.04498043267072946,7.697245383366345e-05,7.002114096336077e-05,7.697245383366345e-05
80,380,model3_dynamic_q,0.05057601665706977,0.00010203446118683736,8.913606704562862e-05,0.00010203446118683736
80,381,model1_fixed_q,0.045090240025426755,7.510064508724546e-05,7.352232292122191e-05,7.510064508724546e-05
80,381,model3_dynamic_q,0.05049019246016305,0.00010561018090945776,0.00010380043391637907,0.00010561018090945776
80,382,model1_fixed_q,0.04503293968124053,7.988652865264338e-05,7.988652865264338e-05,7.113579569976275e-05
80,382,model3_dynamic_q,0.05039760797343002,0.00010756596821394797,0.00010756596821394797,9.806781701777887e-05
80,383,model1_fixed_q,0.04497748638602224,7.407315681714016e-05,7.324066775060126e-05,7.407315681714016e-05
80,383,model3_dynamic_q,0.05042236743667562,9.634115374962348e-05,7.833882568077684e-05,9.634115374962348e-05
80,384,model1_fixed_q,0.0449954513601303,7.582321269126381e-05,7.451160035918574e-05,7.582321269126381e-05
80,384,model3_dynamic_q,0.05046414488061499,0.00011702382371295373,0.00011702382371295373,9.96291053709351e-05
80,385,model1_fixed_q,0.045058284161230054,7.497842942476281e-05,6.26688076708073e-05,7.497842942476281e-05
80,385,model3_dynamic_q,0.05047851217910483,0.00011459873274324208,0.00011459873274324208,9.968587958886616e-05
80,386,model1_fixed_q,0.04505858359272617,7.47654141793693e-05,6.67869450813392e-05,7.47654141793693e-05
80,386,model3_dynamic_q,0.05047873354984626,0.00010289893722375594,0.00010289893722375592,9.750019599323125e-05
80,387,model1_fixed_q,0.04510082159449042,8.831929533041097e-05,8.831929533041097e-05,7.310630168761692e-05
80,387,model3_dynamic_q,0.05036720272856013,9.852085864133022e-05,8.694981551540077e-05,9.852085864133022e-05
80,388,model1_fixed_q,0.045041233023813,9.720145779324483e-05,9.720145779324483e-05,7.206304757741074e-05
80,388,model3_dynamic_q,0.0503384334508809,0.00010075797212950673,9.766038586267341e-05,0.00010075797212950673
80,389,model1_fixed_q,0.04505492627301442,9.921386269774607e-05,9.921386269774606e-05,7.280738509793409e-05
80,389,model3_dynamic_q,0.05037226850701248,0.00011270477551256329,0.00011270477551256328,9.730344398902153e-05
80,390,model1_fixed_q,0.045153772527891455,7.422898910839684e-05,7.422898910839684e-05,7.331075495050161e-05
80,390,model3_dynamic_q,0.05057308654921545,0.00011538105689475745,0.00011538105689475743,9.924180387357241e-05
80,391,model1_fixed_q,0.04512832273231841,7.597773088916649e-05,7.101816519439995e-05,7.597773088916649e-05
80,391,model3_dynamic_q,0.050379204766295385,0.00011814531876320079,0.00011814531876320079,9.740452114285373e-05
80,392,model1_fixed_q,0.04503747923596693,7.831276966622694e-05,7.124282902927364e-05,7.831276966622694e-05
80,392,model3_dynamic_q,0.05045707014374953,9.962071318507245e-05,9.478338034969468e-05,9.962071318507245e-05
80,393,model1_fixed_q,0.04490517096935845,8.45037362325077e-05,8.45037362325077e-05,7.317816407224881e-05
80,393,model3_dynamic_q,0.050565176773394074,0.00010957277530065198,0.00010957277530065198,9.512852221996805e-05
80,394,model1_fixed_q,0.04494824922349759,7.64685384642091e-05,7.22991804648004e-05,7.64685384642091e-05
80,394,model3_dynamic_q,0.05055037381856071,0.00011147566504514665,0.00011147566504514666,9.786294355929318e-05
80,395,model1_fixed_q,0.044997597566168945,7.597271635078704e-05,6.796495772159908e-05,7.597271635078704e-05
80,395,model3_dynamic_q,0.05055092649879467,0.00012932759763012046,0.00012932759763012046,9.803904936631301e-05
80,396,model1_fixed_q,0.0449615024728724,7.691868956694274e-05,7.691868956694274e-05,7.646204432335721e-05
80,396,model3_dynamic_q,0.05057118456691385,0.00011466000361996124,0.00011466000361996123,9.646821555987972e-05
80,397,model1_fixed_q,0.04504690371643429,7.909163831819437e-05,7.909163831819437e-05,7.27581649988682e-05
80,397,model3_dynamic_q,0.05049083016407826,9.819236510541314e-05,8.170199708050308e-05,9.819236510541314e-05
80,398,model1_fixed_q,0.04497223743492155,7.397137291489185e-05,7.397137291489185e-05,7.33814229134754e-05
80,398,model3_dynamic_q,0.050576974546650194,9.662476199205233e-05,8.697116656731852e-05,9.662476199205233e-05
80,399,model1_fixed_q,0.04513370326809951,7.78847929502402e-05,7.78847929502402e-05,7.680361209107129e-05
80,399,model3_dynamic_q,0.05042704486049643,9.82483164524984e-05,8.241692378427347e-05,9.82483164524984e-05
80,400,model1_fixed_q,0.045031136735187154,7.910970212683907e-05,7.485977368377603e-05,7.910970212683907e-05
80,400,model3_dynamic_q,0.05051054315620638,9.808682772951732e-05,7.705370893846018e-05,9.808682772951732e-05
80,401,model1_fixed_q,0.04491781235648664,7.76373125823406e-05,7.76373125823406e-05,7.600034560422436e-05
80,401,model3_dynamic_q,0.05049338640312827,0.00012073672652686572,0.00012073672652686572,9.742883214291643e-05
80,402,model1_fixed_q,0.04501527814463345,7.743686971418773e-05,7.743686971418775e-05,7.392315654764635e-05
80,402,model3_dynamic_q,0.05045565043668327,0.0001049354715573974,0.00010493547155739739,9.934297714342734e-05
80,403,model1_fixed_q,0.044943217152376036,7.328423089184035e-05,6.258868355540795e-05,7.328423089184035e-05
80,403,model3_dynamic_q,0.05038487492947696,0.0001286176159842101,0.0001286176159842101,0.00010012173047970494
80,404,model1_fixed_q,0.04488467209722708,7.62377745329188e-05,7.337386835304361e-05,7.62377745329188e-05
80,404,model3_dynamic_q,0.05048493485957856,0.00012028480326006185,0.00012028480326006185,9.789030477816158e-05
80,405,model1_fixed_q,0.04494649362648954,7.692106690466724e-05,7.692106690466725e-05,7.629314589420404e-05
80,405,model3_dynamic_q,0.05034001332543732,0.00012085208969864253,0.00012085208969864253,0.00010348740979048008
80,406,model1_fixed_q,0.04502463197887662,8.204051373539653e-05,8.204051373539653e-05,7.656024666729337e-05
80,406,model3_dynamic_q,0.050289490091982914,0.00010446156812908047,9.903903076757313e-05,0.00010446156812908047
80,407,model1_fixed_q,0.045120083585550606,7.744602596422233e-05,7.694635600199384e-05,7.744602596422233e-05
80,407,model3_dynamic_q,0.050279110187462256,0.00012223271469637392,0.00012223271469637392,9.850697694339192e-05
80,408,model1_fixed_q,0.0450234263575479,8.122810704778341e-05,8.122810704778341e-05,7.651554254559197e-05
80,408,model3_dynamic_q,0.05038093023802903,9.822257627470066e-05,9.341869991472946e-05,9.822257627470066e-05
80,409,model1_fixed_q,0.045059329539985676,7.60036294140037e-05,7.147316502575352e-05,7.60036294140037e-05
80,409,model3_dynamic_q,0.05041952090951475,0.00010797054876083952,0.00010797054876083953,0.00010183656519697895
80,410,model1_fixed_q,0.045035324976766454,7.646921089003417e-05,7.646921089003417e-05,7.446780333509655e-05
80,410,model3_dynamic_q,0.05034126859100897,0.00012281035376991026,0.00012281035376991026,0.00010080717979524869
80,411,model1_fixed_q,0.04504165703095041,7.732228596692156e-05,7.445633624598789e-05,7.732228596692156e-05
80,411,model3_dynamic_q,0.050364989076410835,9.712059701476987e-05,8.574633909013214e-05,9.712059701476987e-05
80,412,model1_fixed_q,0.045054844386739984,8.880444596669834e-05,8.880444596669834e-05,7.46975536454727e-05
80,412,model3_dynamic_q,0.050406330244280755,9.91084110013914e-05,9.91084110013914e-05,9.590057170072246e-05
80,413,model1_fixed_q,0.04511877732020344,7.580899155744992e-05,7.580899155744992e-05,7.548310044492717e-05
80,413,model3_dynamic_q,0.050321955277899955,0.0001016657616880882,8.366752989332946e-05,0.0001016657616880882
80,414,model1_fixed_q,0.04505509812884555,7.51115284737235e-05,6.0251408176401813e-05,7.51115284737235e-05
80,414,model3_dynamic_q,0.050388068774601405,9.989267929721475e-05,9.146339238647065e-05,9.989267929721475e-05
80,415,model1_fixed_q,0.045122377390643204,7.49797737166712e-05,7.217455687261081e-05,7.49797737166712e-05
80,415,model3_dynamic_q,0.0502861677627346,0.00010200453948514534,0.00010200453948514533,0.00010153944438279137
80,416,model1_fixed_q,0.04502640600096308,7.40865103138372e-05,6.164402465409056e-05,7.40865103138372e-05
80,416,model3_dynamic_q,0.05037233711429766,0.00010817000977918595,0.00010817000977918594,9.732918921678032e-05
80,417,model1_fixed_q,0.045105333244259777,7.483736291840522e-05,7.483736291840522e-05,7.294125072281037e-05
80,417,model3_dynamic_q,0.05044580587454444,0.00010036287259751294,9.159144121564583e-05,0.00010036287259751294
80,418,model1_fixed_q,0.045059455960414725,7.681301540640446e-05,6.765890940487316e-05,7.681301540640446e-05
80,418,model3_dynamic_q,0.05049498385474944,0.00010012295479041153,9.508889369456515e-05,0.00010012295479041153
80,419,model1_fixed_q,0.045122085266810795,8.49130838714715e-05,8.49130838714715e-05,7.735660792585042e-05
80,419,model3_dynamic_q,0.050403418392021164,0.00011966921579896596,0.00011966921579896597,9.795282156529763e-05
80,420,model1_fixed_q,0.045003335627917425,7.814998296878959e-05,5.9042385289971485e-05,7.814998296878959e-05
80,420,model3_dynamic_q,0.05039951713871443,0.00010193502724635675,9.122217156929221e-05,0.00010193502724635675
80,421,model1_fixed_q,0.04510883591663403,7.800946159327916e-05,7.800946159327916e-05,7.511514748977465e-05
80,421,model3_dynamic_q,0.050526369890827434,0.00010096937200900337,0.00010027588821733005,0.00010096937200900337
80,422,model1_fixed_q,0.045043934762314726,7.420239265038765e-05,6.837292508327877e-05,7.420239265038765e-05
80,422,model3_dynamic_q,0.05043344742864501,0.00011404117767889292,0.00011404117767889291,9.970087464012871e-05
80,423,model1_fixed_q,0.04507252694057662,7.739981001200954e-05,7.739981001200954e-05,7.402245536004237e-05
80,423,model3_dynamic_q,0.050548123592856244,0.00010201970332121274,0.00010149686402140728,0.00010201970332121274
80,424,model1_fixed_q,0.04495139988177952,7.799717490560452e-05,7.78447004420526e-05,7.799717490560452e-05
80,424,model3_dynamic_q,0.05047010086023338,9.526317233621921e-05,7.988906489441758e-05,9.526317233621921e-05
80,425,model1_fixed_q,0.044847502781757635,7.681936294287275e-05,7.072959863120272e-05,7.681936294287275e-05
80,425,model3_dynamic_q,0.050365371838879354,9.963685957929601e-05,9.711534156052411e-05,9.963685957929601e-05
80,426,model1_fixed_q,0.04496656184351106,8.736943527816327e-05,8.736943527816327e-05,7.633092901587063e-05
80,426,model3_dynamic_q,0.05038866427591614,9.636795717085472e-05,9.466013092920383e-05,9.636795717085472e-05
80,427,model1_fixed_q,0.04497534144967973,7.685108119401105e-05,6.63335434214039e-05,7.685108119401105e-05
80,427,model3_dynamic_q,0.050378405507925834,9.619150617936618e-05,9.5938981530675e-05,9.619150617936618e-05
80,428,model1_fixed_q,0.04504775403920464,7.67388440355168e-05,7.180390936732166e-05,7.67388440355168e-05
80,428,model3_dynamic_q,0.050425109457080376,9.457028948646445e-05,7.997515211343279e-05,9.457028948646445e-05
80,429,model1_fixed_q,0.04506362487049845,8.061453985046507e-05,8.061453985046507e-05,7.626095643807188e-05
80,429,model3_dynamic_q,0.05047932421959022,9.943435612891355e-05,9.78488461448934e-05,9.943435612891355e-05
80,430,model1_fixed_q,0.04496148938808408,9.201120445516218e-05,9.201120445516218e-05,7.619806585684282e-05
80,430,model3_dynamic_q,0.050511585446469755,0.00010969542244890409,0.00010969542244890409,9.773431945126661e-05
80,431,model1_fixed_q,0.04504432712681508,7.645220504194972e-05,7.645220504194972e-05,7.619606698557148e-05
80,431,model3_dynamic_q,0.05040780503181104,0.00011074919353591622,0.00011074919353591622,9.878347945811181e-05
80,432,model1_fixed_q,0.04502789427756829,7.318034506983837e-05,7.15430277232711e-05,7.318034506983837e-05
80,432,model3_dynamic_q,0.050532480774306755,0.00010721279153176964,0.00010721279153176964,0.0001002864001929128
80,433,model1_fixed_q,0.044952215879552525,7.467629243279485e-05,6.507494105699789e-05,7.467629243279485e-05
80,433,model3_dynamic_q,0.05054765038898027,0.0001082726331899372,0.0001082726331899372,9.778915506619584e-05
80,434,model1_fixed_q,0.04492381065855575,7.494593330573402e-05,6.471447165433849e-05,7.494593330573402e-05
80,434,model3_dynamic_q,0.05037200434373086,0.00010954699017870495,0.00010954699017870495,9.582313560025067e-05
80,435,model1_fixed_q,0.04492572511133333,7.363299443658633e-05,7.267973042022275e-05,7.363299443658633e-05
80,435,model3_dynamic_q,0.05030729319437561,0.00010828067559332385,0.00010828067559332387,9.845933165702118e-05
80,436,model1_fixed_q,0.04497806811323359,7.582596165649279e-05,6.271731181207348e-05,7.582596165649279e-05
80,436,model3_dynamic_q,0.05046609422186563,0.00010067769999750397,0.00010067769999750396,9.849762521583069e-05
80,437,model1_fixed_q,0.044969690768468885,7.667322716644617e-05,7.41177704949473e-05,7.667322716644617e-05
80,437,model3_dynamic_q,0.05036095998570734,0.00012240121266054906,0.00012240121266054906,9.651489097572745e-05
80,438,model1_fixed_q,0.0449877769468734,7.51973889453506e-05,6.84620360911631e-05,7.51973889453506e-05
80,438,model3_dynamic_q,0.05040131987669839,9.781532444635407e-05,9.781532444635407e-05,9.690006493495261e-05
80,439,model1_fixed_q,0.0449468638132062,7.791025102536588e-05,7.650685472751549e-05,7.791025102536588e-05
80,439,model3_dynamic_q,0.050399394922359946,0.00010270282429390984,9.255767413016581e-05,0.00010270282429390984
80,440,model1_fixed_q,0.04504344997561098,7.858726706904095e-05,5.984991372266957e-05,7.858726706904095e-05
80,440,model3_dynamic_q,0.05048927581773741,0.00011552312761323252,0.00011552312761323252,9.721318468803329e-05
80,441,model1_fixed_q,0.04497558407990583,7.970524462858521e-05,6.739374018308164e-05,7.970524462858521e-05
80,441,model3_dynamic_q,0.050413398706749164,0.00011206197383994011,0.00011206197383994011,9.205230599054283e-05
80,442,model1_fixed_q,0.0450857999866777,8.066278026536929e-05,7.501779977030844e-05,8.066278026536929e-05
80,442,model3_dynamic_q,0.050266849738522475,0.00012378541307374693,0.00012378541307374693,9.774822227882156e-05
80,443,model1_fixed_q,0.045035696626592944,7.770143076478023e-05,7.255264755645981e-05,7.770143076478023e-05
80,443,model3_dynamic_q,0.05045020180610449,0.00010859458833267747,0.00010859458833267747,9.795291901280696e-05
80,444,model1_fixed_q,0.04516376321885589,7.566918547810348e-05,5.022092461330258e-05,7.566918547810348e-05
80,444,model3_dynamic_q,0.05039138876663347,0.00011156338900907421,0.00011156338900907421,9.587556838699182e-05
80,445,model1_fixed_q,0.04510653135335823,7.607621988904784e-05,7.168408818063261e-05,7.607621988904784e-05
80,445,model3_dynamic_q,0.05038699702420475,0.00012193369738502217,0.00012193369738502215,9.481208604212744e-05
80,446,model1_fixed_q,0.04502808283201762,8.019151630607726e-05,8.019151630607726e-05,7.395435957970864e-05
80,446,model3_dynamic_q,0.05041678386734591,9.59990852474166e-05,9.59990852474166e-05,9.430698107917453e-05
80,447,model1_fixed_q,0.04496406887736388,7.423721247122368e-05,6.443809235311372e-05,7.423721247122368e-05
80,447,model3_dynamic_q,0.0504626260881016,0.00010734966744276858,0.0001073496674427686,0.00010018477256153233
80,448,model1_fixed_q,0.044973378718285544,7.404878632471693e-05,6.582981859907367e-05,7.404878632471693e-05
80,448,model3_dynamic_q,0.050540520601743064,9.968099455131023e-05,9.491548424815408e-05,9.968099455131023e-05
80,449,model1_fixed_q,0.04505956779981752,7.500280005060617e-05,6.926654649360407e-05,7.500280005060617e-05
80,449,model3_dynamic_q,0.05056478850989464,0.00010465159601116044,0.00010465159601116044,0.00010115353101332706
80,450,model1_fixed_q,0.045044610896284115,7.953666823272896e-05,7.953666823272896e-05,7.63965618550177e-05
80,450,model3_dynamic_q,0.050465928603223534,0.00011690000982958677,0.00011690000982958675,9.467284418220476e-05
80,451,model1_fixed_q,0.045086720271774613,8.267323765704241e-05,8.267323765704241e-05,7.707711090242064e-05
80,451,model3_dynamic_q,0.050465236826110885,0.00011428629809900338,0.00011428629809900338,9.536443241741819e-05
80,452,model1_fixed_q,0.04508118148808231,7.80872585057658e-05,6.313563410054842e-05,7.80872585057658e-05
80,452,model3_dynamic_q,0.050347990305279484,0.00011609355664177183,0.00011609355664177183,9.400271137006314e-05
80,453,model1_fixed_q,0.04501211914478324,8.928247236710103e-05,8.928247236710103e-05,7.757557508569909e-05
80,453,model3_dynamic_q,0.05037394140395856,9.757612824374695e-05,9.757612824374694e-05,9.710499081897233e-05
80,454,model1_fixed_q,0.04512771346771209,7.73758172059527e-05,6.413377113139443e-05,7.73758172059527e-05
80,454,model3_dynamic_q,0.05046627674584184,0.00011095111492072646,0.00011095111492072645,9.70427981455651e-05
80,455,model1_fixed_q,0.04522810871000923,7.833127844903688e-05,6.368662138368604e-05,7.833127844903688e-05
80,455,model3_dynamic_q,0.05042938123135685,0.0001038899271716105,9.32379839653549e-05,0.0001038899271716105
80,456,model1_fixed_q,0.04511930200535494,7.947501828627399e-05,5.347905079517067e-05,7.947501828627399e-05
80,456,model3_dynamic_q,0.05046622890835866,0.00010890964759878384,0.00010890964759878384,0.00010182674060578622
80,457,model1_fixed_q,0.04515860791149458,7.776752579019829e-05,6.424872873698032e-05,7.776752579019829e-05
80,457,model3_dynamic_q,0.050355330886238295,0.00011121060903968998,0.00011121060903968996,0.00010046662337032325
80,458,model1_fixed_q,0.045168538611433655,7.614093539447973e-05,6.668665611871126e-05,7.614093539447973e-05
80,458,model3_dynamic_q,0.050380604556528166,0.0001164368973624426,0.00011643689736244258,0.00010157339960527068
80,459,model1_fixed_q,0.04504434513381094,7.197118507281946e-05,7.063950199552865e-05,7.197118507281946e-05
80,459,model3_dynamic_q,0.05055889894046801,0.00010168604879550254,0.00010168604879550254,9.848537939033079e-05
80,460,model1_fixed_q,0.04508315840324359,9.518711187501839e-05,9.518711187501839e-05,7.551450889684333e-05
80,460,model3_dynamic_q,0.05046896965890868,0.00010076637931858935,9.209389978120443e-05,0.00010076637931858935
80,461,model1_fixed_q,0.0450568626966906,7.718436041235586e-05,7.057079130465025e-05,7.718436041235586e-05
80,461,model3_dynamic_q,0.05043123031277166,9.557272805406183e-05,8.430979814321651e-05,9.557272805406183e-05
80,462,model1_fixed_q,0.04492191356471139,9.25961471207784e-05,9.25961471207784e-05,7.587724170380753e-05
80,462,model3_dynamic_q,0.05048466032305678,9.88531231658618e-05,9.739315209822823e-05,9.88531231658618e-05
80,463,model1_fixed_q,0.04509953983190012,7.416033463074326e-05,7.385131553092347e-05,7.416033463074326e-05
80,463,model3_dynamic_q,0.05045704050525108,0.0001092241101310722,0.0001092241101310722,0.00010257031121506801
80,464,model1_fixed_q,0.045089051287246704,7.625419271243506e-05,7.422140118260345e-05,7.625419271243506e-05
80,464,model3_dynamic_q,0.0504657406922576,0.00010136999012726499,8.416142944727404e-05,0.00010136999012726499
80,465,model1_fixed_q,0.04518754270782156,7.952997702262981e-05,6.1024050836570776e-05,7.952997702262981e-05
80,465,model3_dynamic_q,0.05040283558279691,0.00012500982019308376,0.00012500982019308376,9.822416054439618e-05
80,466,model1_fixed_q,0.04514383905762812,7.795824522633879e-05,5.8584437363957185e-05,7.795824522633879e-05
80,466,model3_dynamic_q,0.050488196075427774,9.895413376107404e-05,8.081433288909231e-05,9.895413376107404e-05
80,467,model1_fixed_q,0.04506783810777932,7.758176472307774e-05,7.253320187402386e-05,7.758176472307774e-05
80,467,model3_dynamic_q,0.05056699028818783,9.488173157579891e-05,8.279170754170601e-05,9.488173157579891e-05
80,468,model1_fixed_q,0.045148718859764986,7.656725780153143e-05,7.656725780153144e-05,7.4460544094465e-05
80,468,model3_dynamic_q,0.05067315880716395,0.00010308284626750731,0.00010308284626750731,9.73451799029224e-05
80,469,model1_fixed_q,0.045090395730220036,7.590240448536733e-05,6.51893783334087e-05,7.590240448536733e-05
80,469,model3_dynamic_q,0.05047100402534744,0.00010330138508558251,0.00010330138508558251,9.473324845796647e-05
80,470,model1_fixed_q,0.04507339415299398,7.328596789923605e-05,6.569192345189779e-05,7.328596789923605e-05
80,470,model3_dynamic_q,0.0503646491547131,0.00011557607383343336,0.00011557607383343335,9.723249714061227e-05
80,471,model1_fixed_q,0.045051345310241235,7.339400274977925e-05,6.51002388220851e-05,7.339400274977925e-05
80,471,model3_dynamic_q,0.05047510532236353,0.00010389573583945078,0.00010389573583945077,9.92271798583648e-05
80,472,model1_fixed_q,0.04506388894799307,7.581502778022462e-05,6.636773739235632e-05,7.581502778022462e-05
80,472,model3_dynamic_q,0.05050770199362598,9.909423318821086e-05,9.088139963590801e-05,9.909423318821086e-05
80,473,model1_fixed_q,0.045081152928536844,7.531811992420957e-05,6.795266315697686e-05,7.531811992420957e-05
80,473,model3_dynamic_q,0.05038448812070492,9.553811616496742e-05,9.553811616496741e-05,9.509221068829544e-05
80,474,model1_fixed_q,0.045046879585860435,9.135567317346411e-05,9.135567317346411e-05,7.398314149180091e-05
80,474,model3_dynamic_q,0.050317223956176695,9.592016247162153e-05,9.278661300783952e-05,9.592016247162153e-05
80,475,model1_fixed_q,0.0450441584153322,9.931984700475899e-05,9.931984700475898e-05,7.366839200891803e-05
80,475,model3_dynamic_q,0.05041909962393026,9.966623108958084e-05,8.351250997387031e-05,9.966623108958084e-05
80,476,model1_fixed_q,0.04515417919388307,9.932921201083823e-05,9.932921201083823e-05,7.641782119050199e-05
80,476,model3_dynamic_q,0.05032834752197383,0.00010116843159451015,8.433630537622686e-05,0.00010116843159451015
80,477,model1_fixed_q,0.045297259553690565,9.033331207031321e-05,9.033331207031321e-05,7.492727481423259e-05
80,477,model3_dynamic_q,0.050317940351537034,9.880963764276615e-05,7.024334618527062e-05,9.880963764276615e-05
80,478,model1_fixed_q,0.04520868669170384,7.934176218636418e-05,7.934176218636416e-05,7.655287589930017e-05
80,478,model3_dynamic_q,0.05036827550217039,9.639071291409106e-05,8.261957029356093e-05,9.639071291409106e-05
80,479,model1_fixed_q,0.04510554785434491,7.62887536936708e-05,7.452607606968932e-05,7.62887536936708e-05
80,479,model3_dynamic_q,0.05043097719220283,0.0001000442751414106,9.772988157985271e-05,0.0001000442751414106
80,480,model1_fixed_q,0.04502977459359968,7.546237756295948e-05,7.352185631016219e-05,7.546237756295948e-05
80,480,model3_dynamic_q,0.05031234050986255,0.00010148528406756474,8.153558579993251e-05,0.00010148528406756474
80,481,model1_fixed_q,0.04514089184958457,8.22807510969082e-05,8.228075109690821e-05,7.401647416654837e-05
80,481,model3_dynamic_q,0.05032763222764158,9.941494568128382e-05,9.941494568128383e-05,9.795444723740762e-05
80,482,model1_fixed_q,0.04509633415678651,7.721088774400473e-05,6.311449849189145e-05,7.721088774400473e-05
80,482,model3_dynamic_q,0.050345222833142377,0.00010010966589110377,6.514635298226e-05,0.00010010966589110377
80,483,model1_fixed_q,0.04501627954435313,7.67021399490027e-05,6.71248409651002e-05,7.67021399490027e-05
80,483,model3_dynamic_q,0.050377774898526746,0.0001011426796652676,8.047771634438307e-05,0.0001011426796652676
80,484,model1_fixed_q,0.045166168924454436,8.704880852335837e-05,8.704880852335838e-05,7.643436318133062e-05
80,484,model3_dynamic_q,0.05034793834372615,0.00010026515430798363,9.013064606134854e-05,0.00010026515430798363
80,485,model1_fixed_q,0.04514987896098423,9.838374696153333e-05,9.838374696153333e-05,7.578472373894195e-05
80,485,model3_dynamic_q,0.05041952412248198,9.828558647387902e-05,8.168351118321034e-05,9.828558647387902e-05
80,486,model1_fixed_q,0.04511758980358121,7.932933392992219e-05,7.550990726681628e-05,7.932933392992219e-05
80,486,model3_dynamic_q,0.050481391282974124,0.00011753266234511629,0.00011753266234511629,9.852697573451428e-05
80,487,model1_fixed_q,0.045258245289337355,7.946560674257957e-05,6.694628113176743e-05,7.946560674257957e-05
80,487,model3_dynamic_q,0.050399918831499455,0.00010089728898468347,9.520222947713777e-05,0.00010089728898468347
80,488,model1_fixed_q,0.045100164207369606,7.804164951518543e-05,7.804164951518543e-05,7.569020171625316e-05
80,488,model3_dynamic_q,0.05039263044923533,0.00010139820662357699,0.00010068425677598731,0.00010139820662357699
80,489,model1_fixed_q,0.04502573295144741,7.852428335309886e-05,7.328833142877102e-05,7.852428335309886e-05
80,489,model3_dynamic_q,0.05044705048401011,0.00011193138263371719,0.00011193138263371717,0.0001012506797241782
80,490,model1_fixed_q,0.045073140041675334,7.471521061005468e-05,7.147876303476381e-05,7.471521061005468e-05
80,490,model3_dynamic_q,0.05055514692187905,0.00012188479211999103,0.00012188479211999102,9.852161733839918e-05
80,491,model1_fixed_q,0.045123163652970685,8.012486074319713e-05,8.012486074319712e-05,7.48287575777408e-05
80,491,model3_dynamic_q,0.05033240398718638,0.0001150433989460508,0.0001150433989460508,9.914659941780786e-05
80,492,model1_fixed_q,0.04520666653671186,8.715147699966398e-05,8.715147699966398e-05,7.510273612674628e-05
80,492,model3_dynamic_q,0.050304677026786315,0.00010937341382926746,0.00010937341382926746,9.978932320644195e-05
80,493,model1_fixed_q,0.0451771432342825,8.849520533367447e-05,8.849520533367447e-05,7.886980856804751e-05
80,493,model3_dynamic_q,0.05043859826551055,0.00010617426469529806,0.00010617426469529807,0.00010140445148011968
80,494,model1_fixed_q,0.04510963966861218,7.828948008139672e-05,7.828948008139672e-05,7.692160525374066e-05
80,494,model3_dynamic_q,0.05041906049023614,0.00011890637474564434,0.00011890637474564432,0.00010088817212661195
80,495,model1_fixed_q,0.04514635265940681,7.972928906620303e-05,7.5980347045555e-05,7.972928906620303e-05
80,495,model3_dynamic_q,0.05029282092257634,0.00010121105223869619,9.498781132179908e-05,0.00010121105223869619
80,496,model1_fixed_q,0.04516241656233279,8.921137379687888e-05,8.921137379687888e-05,8.104062808503939e-05
80,496,model3_dynamic_q,0.0503441500656137,0.00010676471147689481,0.00010676471147689482,0.00010125252723718255
80,497,model1_fixed_q,0.044997145347644506,8.037692580331044e-05,7.005089673537379e-05,8.037692580331044e-05
80,497,model3_dynamic_q,0.05040107239284193,0.00011872912272014444,0.00011872912272014444,9.752627361793114e-05
80,498,model1_fixed_q,0.0450365883492629,9.343190775449128e-05,9.343190775449129e-05,7.669871811830633e-05
80,498,model3_dynamic_q,0.05047076099107243,0.00010911612026588269,0.00010911612026588269,9.923492688024597e-05
80,499,model1_fixed_q,0.045023027964317015,7.704740797733597e-05,7.704740797733597e-05,7.523920636458823e-05
80,499,model3_dynamic_q,0.050492546900586244,9.971504303188703e-05,9.971504303188704e-05,9.73763647401069e-05
80,500,model1_fixed_q,0.04499731033062349,7.342123466331509e-05,7.2062955536321e-05,7.342123466331509e-05
80,500,model3_dynamic_q,0.050417643842692234,0.00010295161512402859,9.478979460402692e-05,0.00010295161512402859
