m,t,model,variance_mean,sem_total,sem_network,sem_runs
50,0,model1_fixed_q,0.08326974632398525,7.488234211458783e-05,7.245484418853461e-05,7.488234211458783e-05
50,0,model3_dynamic_q,0.08326000188530706,7.752407635002469e-05,7.10860356209108e-05,7.752407635002469e-05
50,1,model1_fixed_q,0.06412259521308177,9.555340647960322e-05,8.809656017563692e-05,9.555340647960322e-05
50,1,model3_dynamic_q,0.06908533073543789,0.00011147052920668656,0.00011147052920668656,0.00010751666406818085
50,2,model1_fixed_q,0.05466026570893668,9.769273556630941e-05,9.76927355663094e-05,8.769411709679289e-05
50,2,model3_dynamic_q,0.06125881415310243,0.00011930463408923466,0.00011930463408923465,0.00011625121303677749
50,3,model1_fixed_q,0.05006982590664571,9.319411534045775e-05,9.319411534045775e-05,8.583672497372954e-05
50,3,model3_dynamic_q,0.057198708848787715,0.0001195984137829264,0.00010714211133783318,0.0001195984137829264
50,4,model1_fixed_q,0.04763458882924259,8.045238072064289e-05,8.045238072064289e-05,7.941059778764524e-05
50,4,model3_dynamic_q,0.05506876114491245,0.00011982780780402494,9.28442254262323e-05,0.00011982780780402494
50,5,model1_fixed_q,0.04641031403107762,9.285305788863432e-05,9.28530578886343e-05,7.922927349950447e-05
50,5,model3_dynamic_q,0.053631618283456785,0.00011473649132731154,9.561052137834428e-05,0.00011473649132731154
50,6,model1_fixed_q,0.04576791474134226,8.857515385169156e-05,8.857515385169156e-05,7.830807383868492e-05
50,6,model3_dynamic_q,0.05291570021382371,0.0001136116926591989,9.546048040499076e-05,0.0001136116926591989
50,7,model1_fixed_q,0.04542350302997068,8.15975079771233e-05,7.083826985677022e-05,8.15975079771233e-05
50,7,model3_dynamic_q,0.05255319035085378,0.00011112965934437501,0.000106886914885575,0.00011112965934437501
50,8,model1_fixed_q,0.04545185804640649,8.499943578129326e-05,8.499943578129327e-05,8.024208740674778e-05
50,8,model3_dynamic_q,0.05230419094767337,0.00011056635546849307,0.00011056635546849306,0.00010932651248844005
50,9,model1_fixed_q,0.045313565926540095,8.578103333223294e-05,8.578103333223294e-05,7.785090982849539e-05
50,9,model3_dynamic_q,0.052312831672619006,0.00011025094570436396,0.00011025094570436396,0.00010674945559212908
50,10,model1_fixed_q,0.04526396712845927,7.914304737759445e-05,7.01564826708327e-05,7.914304737759445e-05
50,10,model3_dynamic_q,0.052374404817747924,0.00011214249730908519,0.00011214249730908519,0.00010445377082860128
50,11,model1_fixed_q,0.045260945457700756,7.601384684687765e-05,6.820189797238295e-05,7.601384684687765e-05
50,11,model3_dynamic_q,0.052292131601685145,0.00010875586134189542,0.00010160719422595615,0.00010875586134189542
50,12,model1_fixed_q,0.04510113507764967,7.633222202023155e-05,6.541074109307246e-05,7.633222202023155e-05
50,12,model3_dynamic_q,0.052191331472628125,0.00011576939145035765,0.00011576939145035764,0.00010850364770536051
50,13,model1_fixed_q,0.04511042976475184,7.778791383761834e-05,7.767228693275697e-05,7.778791383761834e-05
50,13,model3_dynamic_q,0.05210492057038774,0.00011685654810527465,0.00010735191259384637,0.00011685654810527465
50,14,model1_fixed_q,0.04508366792353074,7.71111357450034e-05,7.337805853486133e-05,7.71111357450034e-05
50,14,model3_dynamic_q,0.05202196819213575,0.00011177239909519745,0.0001044379817611217,0.00011177239909519745
50,15,model1_fixed_q,0.04524946065146299,9.145665741903516e-05,9.145665741903516e-05,7.95378016542031e-05
50,15,model3_dynamic_q,0.051942347250684834,0.00011099865878852929,8.600225429807361e-05,0.00011099865878852929
50,16,model1_fixed_q,0.04517808373509581,8.936540060589779e-05,8.936540060589779e-05,7.707935653681286e-05
50,16,model3_dynamic_q,0.05189828679849577,0.00010881177076742388,9.227223515503025e-05,0.00010881177076742388
50,17,model1_fixed_q,0.04526365786160438,8.035227513160293e-05,8.035227513160293e-05,7.880797685263769e-05
50,17,model3_dynamic_q,0.05189258552985969,0.00011483592009344583,0.00011483592009344583,0.0001080245735834923
50,18,model1_fixed_q,0.045114754762111325,8.393709473496422e-05,8.393709473496422e-05,7.572373229692654e-05
50,18,model3_dynamic_q,0.05202262881965324,0.0001296192585130802,0.00012961925851308017,0.00010745682383320471
50,19,model1_fixed_q,0.04511741557870084,8.329291645284464e-05,8.329291645284466e-05,7.347151562474622e-05
50,19,model3_dynamic_q,0.05203940192250732,0.00013899638633812746,0.0001389963863381275,0.0001114550761871835
50,20,model1_fixed_q,0.04503743521395107,7.294016057777076e-05,5.525274238110882e-05,7.294016057777076e-05
50,20,model3_dynamic_q,0.05200094689512916,0.00012206668748772778,0.00012206668748772778,0.00010774304889929679
50,21,model1_fixed_q,0.04506575637183357,7.934391105797201e-05,7.934391105797201e-05,7.645344127591797e-05
50,21,model3_dynamic_q,0.052042164030537165,0.00014326297552238882,0.00014326297552238882,0.0001073835244618758
50,22,model1_fixed_q,0.04498923657757393,7.544490036017081e-05,7.021947801315671e-05,7.544490036017081e-05
50,22,model3_dynamic_q,0.05200927773012502,0.00012665338864863734,0.00012665338864863734,0.00010732874251403912
50,23,model1_fixed_q,0.045123803854546646,7.810214725297371e-05,7.810214725297371e-05,7.495211760779573e-05
50,23,model3_dynamic_q,0.052046995795769255,0.00012030678936185229,0.00012030678936185229,0.00010895330580476916
50,24,model1_fixed_q,0.04505504381989777,8.277219843901004e-05,8.277219843901004e-05,7.751782531107532e-05
50,24,model3_dynamic_q,0.05227607178966772,0.0001283024658356572,0.0001283024658356572,0.00010604453070809024
50,25,model1_fixed_q,0.045171919829698884,7.374610020744236e-05,6.328279707972748e-05,7.374610020744236e-05
50,25,model3_dynamic_q,0.05214890859029437,0.00012262030890076124,0.00012262030890076124,0.00011261355388654855
50,26,model1_fixed_q,0.04515610620797503,7.522648098661602e-05,5.820340045668287e-05,7.522648098661602e-05
50,26,model3_dynamic_q,0.05209439379033696,0.00011187288376996604,0.00011021857168322107,0.00011187288376996604
50,27,model1_fixed_q,0.04519274297971518,7.504652484978859e-05,7.358645214572027e-05,7.504652484978859e-05
50,27,model3_dynamic_q,0.0520401827485579,0.00011441635277237217,0.00011441635277237218,0.00011159333373158948
50,28,model1_fixed_q,0.04522465477340803,8.368830554317042e-05,8.368830554317042e-05,7.382329407231683e-05
50,28,model3_dynamic_q,0.05196632703396972,0.00010949649629376047,8.720482053181437e-05,0.00010949649629376047
50,29,model1_fixed_q,0.04521594464286502,9.888779188325049e-05,9.888779188325049e-05,7.417146524933386e-05
50,29,model3_dynamic_q,0.051935622294658514,0.00011566554056047951,0.00011566554056047951,0.00010648682390464096
50,30,model1_fixed_q,0.04519034239042293,8.326012851323175e-05,8.326012851323175e-05,7.618346426230411e-05
50,30,model3_dynamic_q,0.05207653407594141,0.0001223639519641291,0.0001223639519641291,0.00010668514308514432
50,31,model1_fixed_q,0.04518391304379745,7.693909710166432e-05,6.208917275802771e-05,7.693909710166432e-05
50,31,model3_dynamic_q,0.05220727103938076,0.0001338540388438148,0.0001338540388438148,0.00010850290441907572
50,32,model1_fixed_q,0.045207759427915134,7.654592074542028e-05,7.654592074542028e-05,7.624096721107996e-05
50,32,model3_dynamic_q,0.052311620355542585,0.00012113053800942064,0.00012113053800942064,0.00010990121061295038
50,33,model1_fixed_q,0.045214263960013816,8.53096002973326e-05,8.53096002973326e-05,7.614864922184935e-05
50,33,model3_dynamic_q,0.05220106989730033,0.0001101689294269245,8.671708021735003e-05,0.0001101689294269245
50,34,model1_fixed_q,0.045171977108416424,8.23720312457802e-05,8.23720312457802e-05,8.036950636602756e-05
50,34,model3_dynamic_q,0.05225669352945375,0.00010875830511429961,0.00010626708549499356,0.00010875830511429961
50,35,model1_fixed_q,0.04507785626898768,7.545382418227595e-05,6.697820890101675e-05,7.545382418227595e-05
50,35,model3_dynamic_q,0.05229452244884995,0.00013934526706891104,0.00013934526706891107,0.0001078606590551096
50,36,model1_fixed_q,0.04521514657660338,7.979447842753273e-05,6.482149272232654e-05,7.979447842753273e-05
50,36,model3_dynamic_q,0.05221718714118815,0.00013737311872759662,0.00013737311872759662,0.00010776700825176303
50,37,model1_fixed_q,0.045155565948865634,7.97336326933457e-05,6.612469756245704e-05,7.97336326933457e-05
50,37,model3_dynamic_q,0.05210501565208394,0.00010626119917962463,0.00010626119917962463,0.00010340644454242447
50,38,model1_fixed_q,0.04508880359557002,7.982967174129777e-05,7.097307118601231e-05,7.982967174129777e-05
50,38,model3_dynamic_q,0.05202479640593723,0.0001289599245568633,0.00012895992455686333,0.00010335851193841696
50,39,model1_fixed_q,0.04508413384231536,8.057751353869888e-05,7.032917866577575e-05,8.057751353869888e-05
50,39,model3_dynamic_q,0.05212148688297646,0.00010926256797819849,9.409738138494612e-05,0.00010926256797819849
50,40,model1_fixed_q,0.04523509178314828,7.712207286010857e-05,7.285446230224965e-05,7.712207286010857e-05
50,40,model3_dynamic_q,0.05231303033605325,0.00011540221724578876,0.00011540221724578877,0.00011064037609161333
50,41,model1_fixed_q,0.04515254877052509,8.038523670844318e-05,8.00603485644999e-05,8.038523670844318e-05
50,41,model3_dynamic_q,0.05227583667331093,0.0001310191470113152,0.0001310191470113152,0.0001086833791081654
50,42,model1_fixed_q,0.04520209171856198,8.465125008906143e-05,8.465125008906143e-05,7.619326763015267e-05
50,42,model3_dynamic_q,0.05219342307731842,0.0001137109988335348,0.0001137109988335348,0.00010627796282012025
50,43,model1_fixed_q,0.04516987009374695,7.378060424658559e-05,6.932471265915623e-05,7.378060424658559e-05
50,43,model3_dynamic_q,0.052045754143855906,0.00011302747188715603,0.00011302747188715603,0.00011112105549832822
50,44,model1_fixed_q,0.04521575289245913,8.23372870528101e-05,8.233728705281009e-05,7.505705492943846e-05
50,44,model3_dynamic_q,0.052044268737341276,0.00011082377384645319,0.00010523815613015588,0.00011082377384645319
50,45,model1_fixed_q,0.04521621287692887,8.356810549885597e-05,8.356810549885596e-05,7.715856963367985e-05
50,45,model3_dynamic_q,0.05207381463667686,0.00011121120683926799,9.045901231031762e-05,0.00011121120683926799
50,46,model1_fixed_q,0.045051949641960576,8.377519269504777e-05,8.377519269504777e-05,7.6887585332635e-05
50,46,model3_dynamic_q,0.05225600409197153,0.00011455934494366015,0.00010244938842830754,0.00011455934494366015
50,47,model1_fixed_q,0.04512411010227322,7.476970670759018e-05,6.104750180805563e-05,7.476970670759018e-05
50,47,model3_dynamic_q,0.05233922931371382,0.00012220124005320039,0.00012220124005320039,0.0001086377048775073
50,48,model1_fixed_q,0.04510738948666433,7.740638300575199e-05,5.75464009592294e-05,7.740638300575199e-05
50,48,model3_dynamic_q,0.05225240166760699,0.000130413538426067,0.000130413538426067,0.00011193736006959493
50,49,model1_fixed_q,0.04506832682694347,7.493413954293893e-05,6.944089677130852e-05,7.493413954293893e-05
50,49,model3_dynamic_q,0.05220777631221347,0.00015014219468062188,0.0001501421946806219,0.000109616837567227
50,50,model1_fixed_q,0.045063765268877315,7.871700297890042e-05,6.313148110363865e-05,7.871700297890042e-05
50,50,model3_dynamic_q,0.05225043222978129,0.00011363306235529511,0.00011363306235529512,0.00011178038992578913
50,51,model1_fixed_q,0.045116944402303745,8.470046622976166e-05,8.470046622976166e-05,7.897794110034224e-05
50,51,model3_dynamic_q,0.05222256712243744,0.00011161462150237908,0.00010335716154470655,0.00011161462150237908
50,52,model1_fixed_q,0.04521497665717358,8.114614775695367e-05,8.114614775695367e-05,7.589009529050123e-05
50,52,model3_dynamic_q,0.05229024217807805,0.0001226729004082092,0.0001226729004082092,0.00011211956584246883
50,53,model1_fixed_q,0.04516780507455452,7.336392267631846e-05,7.263791745522281e-05,7.336392267631846e-05
50,53,model3_dynamic_q,0.05212945364873318,0.00012405275495867832,0.00012405275495867832,0.00011215238508187157
50,54,model1_fixed_q,0.04529721455165171,7.531960059868716e-05,6.808626428843513e-05,7.531960059868716e-05
50,54,model3_dynamic_q,0.052179813755838106,0.0001147542699185985,0.00010936339821672463,0.0001147542699185985
50,55,model1_fixed_q,0.045352259585714524,8.356994677335883e-05,8.356994677335883e-05,7.44776100511351e-05
50,55,model3_dynamic_q,0.05213285149853492,0.00011441410703049426,0.00011441410703049426,0.00011094098179915064
50,56,model1_fixed_q,0.045406784262149044,7.718315914061091e-05,6.943549307729728e-05,7.718315914061091e-05
50,56,model3_dynamic_q,0.052079260890432244,0.00010987705105260526,9.171970614092325e-05,0.00010987705105260526
50,57,model1_fixed_q,0.04534475901362167,7.875103129824522e-05,7.65061540432771e-05,7.875103129824522e-05
50,57,model3_dynamic_q,0.05205404768122133,0.00011148170703925897,8.081494950398721e-05,0.00011148170703925897
50,58,model1_fixed_q,0.045315784225066165,9.461805974998516e-05,9.461805974998516e-05,7.32131624550039e-05
50,58,model3_dynamic_q,0.05221664225498539,0.00011293419286178527,0.00011177663344604554,0.00011293419286178527
50,59,model1_fixed_q,0.0452027693544671,8.212802945898627e-05,8.212802945898627e-05,7.406020169927315e-05
50,59,model3_dynamic_q,0.05231688579313038,0.00012350047254718334,0.00012350047254718334,0.00011377146013603311
50,60,model1_fixed_q,0.04530950004216911,9.298764858977853e-05,9.298764858977855e-05,7.61632866415886e-05
50,60,model3_dynamic_q,0.052280654700289336,0.00011541390875218112,0.00010692251034528601,0.00011541390875218112
50,61,model1_fixed_q,0.04515667819679989,7.539000091329991e-05,7.539000091329991e-05,7.375240033744993e-05
50,61,model3_dynamic_q,0.05234198961893101,0.00011282839615323928,0.00010747133810910582,0.00011282839615323928
50,62,model1_fixed_q,0.045139279950107344,7.530251336836215e-05,7.131163455856618e-05,7.530251336836215e-05
50,62,model3_dynamic_q,0.05230887993263025,0.00010752418932178488,0.00010068185576498204,0.00010752418932178488
50,63,model1_fixed_q,0.04519876238059254,7.806565612820383e-05,6.0759811341469715e-05,7.806565612820383e-05
50,63,model3_dynamic_q,0.05224492372493247,0.00011179838031706861,0.00011179838031706861,0.00011130530410056814
50,64,model1_fixed_q,0.0452276306930898,7.737354583822608e-05,6.186171306680377e-05,7.737354583822608e-05
50,64,model3_dynamic_q,0.05222317765392772,0.00011314652417575065,0.00011314652417575065,0.00010918753434933841
50,65,model1_fixed_q,0.04522326625541628,8.471667775492788e-05,8.471667775492788e-05,7.973636535746143e-05
50,65,model3_dynamic_q,0.05222421920780005,0.00011378074096654703,0.00011378074096654702,0.00010848669287421371
50,66,model1_fixed_q,0.04509615419683218,7.740011273270358e-05,7.740011273270358e-05,7.651063960761132e-05
50,66,model3_dynamic_q,0.05213833299994058,0.00011152655259687695,0.0001018448145506385,0.00011152655259687695
50,67,model1_fixed_q,0.045048048000497186,8.854984671870117e-05,8.854984671870117e-05,7.377853107629222e-05
50,67,model3_dynamic_q,0.052127002569407985,0.00010785807334396798,0.00010785807334396798,0.00010769934276905069
50,68,model1_fixed_q,0.045124466182677445,9.67383617420543e-05,9.673836174205431e-05,7.622875852264135e-05
50,68,model3_dynamic_q,0.051956654149265286,0.00011097664468667399,8.666516147576085e-05,0.00011097664468667399
50,69,model1_fixed_q,0.04509875288464146,7.48879945248039e-05,6.972542369108844e-05,7.48879945248039e-05
50,69,model3_dynamic_q,0.05202599310976433,0.00011021673234967605,0.00011021673234967604,0.00011002154454753808
50,70,model1_fixed_q,0.04527714268876643,7.609973411336614e-05,7.45512554208731e-05,7.609973411336614e-05
50,70,model3_dynamic_q,0.05190451042862321,0.00012494374455627476,0.0001249437445562748,0.00010820699424076968
50,71,model1_fixed_q,0.04526539817045663,8.070202841796864e-05,7.293536354477704e-05,8.070202841796864e-05
50,71,model3_dynamic_q,0.05197550043388857,0.00011258454940533792,0.00011258454940533793,0.00010586026151197406
50,72,model1_fixed_q,0.0452934968771639,9.44845799165117e-05,9.448457991651172e-05,7.8960586716693e-05
50,72,model3_dynamic_q,0.05206773829232469,0.00012171568959145994,0.00012171568959145994,0.0001107223225462732
50,73,model1_fixed_q,0.04543078784733309,9.241893083438401e-05,9.241893083438401e-05,7.570532903918008e-05
50,73,model3_dynamic_q,0.051994761332114565,0.00011472044518571464,0.00011035668736923542,0.00011472044518571464
50,74,model1_fixed_q,0.045391781884450456,8.381247676085733e-05,8.381247676085735e-05,7.745720180763838e-05
50,74,model3_dynamic_q,0.05217447897773148,0.00012167977389827408,0.00012167977389827408,0.00011016012319450052
50,75,model1_fixed_q,0.04531888390288876,8.004563049781037e-05,6.160368274518455e-05,8.004563049781037e-05
50,75,model3_dynamic_q,0.052203435474676194,0.00011091157119169241,0.00010664031706336282,0.00011091157119169241
50,76,model1_fixed_q,0.045280293570018074,8.122573891418355e-05,8.122573891418355e-05,7.72943560637297e-05
50,76,model3_dynamic_q,0.05215825188269556,0.00011359729948995724,7.444822910365014e-05,0.00011359729948995724
50,77,model1_fixed_q,0.04519919298935649,7.801570448924277e-05,7.801570448924277e-05,7.782607895026016e-05
50,77,model3_dynamic_q,0.05204344114416742,0.00011910294604261858,0.00011910294604261858,0.00011404566048574843
50,78,model1_fixed_q,0.04520074122586245,9.248578689982754e-05,9.248578689982754e-05,7.476407091915735e-05
50,78,model3_dynamic_q,0.05210602380783292,0.00013504920646217284,0.0001350492064621728,0.00010850658067382411
50,79,model1_fixed_q,0.04523287539731544,7.784537450527256e-05,7.475117623517386e-05,7.784537450527256e-05
50,79,model3_dynamic_q,0.0521631539932684,0.00013383881400416076,0.00013383881400416076,0.00011029882367921589
50,80,model1_fixed_q,0.045234631473420474,8.818618711532768e-05,8.818618711532768e-05,7.430045347865205e-05
50,80,model3_dynamic_q,0.05225666688537461,0.00011197378249640882,9.614059183186269e-05,0.00011197378249640882
50,81,model1_fixed_q,0.045166144651737565,7.837774413076544e-05,7.837774413076544e-05,7.325012770220351e-05
50,81,model3_dynamic_q,0.05227978403058968,0.00010867494578089597,9.873708021492929e-05,0.00010867494578089597
50,82,model1_fixed_q,0.04517443510535336,8.384903608492818e-05,8.384903608492818e-05,7.618850083353065e-05
50,82,model3_dynamic_q,0.052087385792356646,0.0001102755478132443,9.968463844416271e-05,0.0001102755478132443
50,83,model1_fixed_q,0.045090064484204904,8.958326200712047e-05,8.958326200712047e-05,7.598807722654033e-05
50,83,model3_dynamic_q,0.05210812196504528,0.00012635243040963438,0.00012635243040963438,0.00011148970764304167
50,84,model1_fixed_q,0.04505989970364924,7.563311352225195e-05,7.514136114663998e-05,7.563311352225195e-05
50,84,model3_dynamic_q,0.0521415680874645,0.00010897084378607021,9.776357523587092e-05,0.00010897084378607021
50,85,model1_fixed_q,0.04519700935710642,7.546530350928351e-05,7.200150791844026e-05,7.546530350928351e-05
50,85,model3_dynamic_q,0.052096399548666364,0.00010383483987322215,9.530501369688431e-05,0.00010383483987322215
50,86,model1_fixed_q,0.04516440216249787,7.741145729402122e-05,5.86038379996856e-05,7.741145729402122e-05
50,86,model3_dynamic_q,0.052169710786750145,0.00010978639636704576,9.778242592049274e-05,0.00010978639636704576
50,87,model1_fixed_q,0.04527106757808685,8.762856458479615e-05,8.762856458479615e-05,7.421091244212469e-05
50,87,model3_dynamic_q,0.052234747240274076,0.00011005581886842275,0.00010752901837181277,0.00011005581886842275
50,88,model1_fixed_q,0.0451810262463324,9.293188415026583e-05,9.293188415026583e-05,7.408055024141342e-05
50,88,model3_dynamic_q,0.05221130561713473,0.00012085336000507236,0.00012085336000507237,0.00011094196828716065
50,89,model1_fixed_q,0.04512183074882514,8.258094054702484e-05,8.258094054702484e-05,7.496020904733249e-05
50,89,model3_dynamic_q,0.052213539027845514,0.00012461305056294745,0.00012461305056294747,0.00011093905717314816
50,90,model1_fixed_q,0.045106519538534146,7.773692442910414e-05,7.282524225157103e-05,7.773692442910414e-05
50,90,model3_dynamic_q,0.052203559779042376,0.00011751340386613984,0.00011751340386613983,0.0001116590528352755
50,91,model1_fixed_q,0.04510018629446341,7.403323658654639e-05,6.678869367496618e-05,7.403323658654639e-05
50,91,model3_dynamic_q,0.051958670167035766,0.00011275081713674576,0.00010787265742547058,0.00011275081713674576
50,92,model1_fixed_q,0.04509434574735744,7.915487060949008e-05,7.915487060949008e-05,7.714368410808115e-05
50,92,model3_dynamic_q,0.05189715856627146,0.00014048952043756264,0.0001404895204375626,0.00010734831601462087
50,93,model1_fixed_q,0.04495109137417594,7.859202124354015e-05,6.203157233245628e-05,7.859202124354015e-05
50,93,model3_dynamic_q,0.052072917673826505,0.00013066702379309448,0.00013066702379309448,0.0001079825924935348
50,94,model1_fixed_q,0.04502484052964469,8.562870021473668e-05,8.562870021473667e-05,7.818648041053919e-05
50,94,model3_dynamic_q,0.0520006922930325,0.00011607436428937305,0.00011607436428937305,0.00010854136705046545
50,95,model1_fixed_q,0.04498094591993798,7.634487014167548e-05,6.194069133152937e-05,7.634487014167548e-05
50,95,model3_dynamic_q,0.05205648860908795,0.00010913592544435565,0.0001089421599914424,0.00010913592544435565
50,96,model1_fixed_q,0.04506761816695234,7.857463330469239e-05,7.247046957172744e-05,7.857463330469239e-05
50,96,model3_dynamic_q,0.051994491278483365,0.00010970528537951372,0.00010056296226516991,0.00010970528537951372
50,97,model1_fixed_q,0.045122742729744036,7.68960637671106e-05,7.315179253236637e-05,7.68960637671106e-05
50,97,model3_dynamic_q,0.052038846571725424,0.00011362955023902377,0.00011362955023902377,0.00011150054159498971
50,98,model1_fixed_q,0.04511550016668166,8.920811553891869e-05,8.920811553891867e-05,8.040759034134995e-05
50,98,model3_dynamic_q,0.05205656503020051,0.00011308921793769983,0.00011308921793769982,0.00010726304395659733
50,99,model1_fixed_q,0.04534753868910126,8.776388443524361e-05,8.776388443524362e-05,7.588882317599504e-05
50,99,model3_dynamic_q,0.05204728126306653,0.00012396570458471178,0.00012396570458471178,0.00010744721460602179
50,100,model1_fixed_q,0.045389422296453666,9.057442262056378e-05,9.057442262056377e-05,7.344939939858027e-05
50,100,model3_dynamic_q,0.05222822558466697,0.00011227048163048355,0.00010634144901645496,0.00011227048163048355
50,101,model1_fixed_q,0.0452766429417589,7.670967480254034e-05,7.670967480254034e-05,7.661315579712752e-05
50,101,model3_dynamic_q,0.05223270271468979,0.00011258295357668703,0.00010252799666037943,0.00011258295357668703
50,102,model1_fixed_q,0.04523682131879145,7.785887805818488e-05,7.785887805818488e-05,7.7664903671938e-05
50,102,model3_dynamic_q,0.05214575138136299,0.00011479721132280994,0.00011479721132280994,0.00010881965573125894
50,103,model1_fixed_q,0.04510250421645141,7.869500333097881e-05,7.493658495358473e-05,7.869500333097881e-05
50,103,model3_dynamic_q,0.052239767953276416,0.00011067717520044128,0.00010484543711167874,0.00011067717520044128
50,104,model1_fixed_q,0.04510014655850781,7.622436873506976e-05,6.706573292768782e-05,7.622436873506976e-05
50,104,model3_dynamic_q,0.052253410423404194,0.00010784449862188446,0.00010247985651989564,0.00010784449862188446
50,105,model1_fixed_q,0.045087631777605906,7.405831973337795e-05,6.713613866595882e-05,7.405831973337795e-05
50,105,model3_dynamic_q,0.05219786426470916,0.00011221953430012749,0.00010979662319873329,0.00011221953430012749
50,106,model1_fixed_q,0.04510223624615432,8.237612486659243e-05,8.237612486659243e-05,7.748973731424756e-05
50,106,model3_dynamic_q,0.05217623251457693,0.00011589817234902017,0.00011589817234902017,0.00010842509728268471
50,107,model1_fixed_q,0.045190674926450417,7.73372116203938e-05,7.01243343525369e-05,7.73372116203938e-05
50,107,model3_dynamic_q,0.05207509631418949,0.0001117330701385988,0.00010866390590348736,0.0001117330701385988
50,108,model1_fixed_q,0.045151148178900785,8.553758059557814e-05,8.553758059557814e-05,7.583372886850836e-05
50,108,model3_dynamic_q,0.05199987475521906,0.00012078359104303427,0.00012078359104303428,0.00010789974349937783
50,109,model1_fixed_q,0.04512174354006453,9.463665228300165e-05,9.463665228300165e-05,7.361565893358186e-05
50,109,model3_dynamic_q,0.05199073073718433,0.00010771598094947785,0.00010771598094947784,0.00010434969072714628
50,110,model1_fixed_q,0.04512957835330992,8.093444044910152e-05,8.093444044910152e-05,7.603712224768077e-05
50,110,model3_dynamic_q,0.05203766929644158,0.00010867603722620228,9.501950751519486e-05,0.00010867603722620228
50,111,model1_fixed_q,0.04511380193936307,7.860900962855166e-05,7.860900962855166e-05,7.592855639461646e-05
50,111,model3_dynamic_q,0.05204813357505293,0.00011192960116313223,0.00011192960116313223,0.00010875791778608551
50,112,model1_fixed_q,0.04520720789159553,8.350838906537054e-05,8.350838906537054e-05,7.741994065698484e-05
50,112,model3_dynamic_q,0.052168762063042474,0.000113654831268757,9.79044314421126e-05,0.000113654831268757
50,113,model1_fixed_q,0.04529230315050486,7.839073095419775e-05,7.373179366779658e-05,7.839073095419775e-05
50,113,model3_dynamic_q,0.05206666689112148,0.00011204108962325715,8.490688305558325e-05,0.00011204108962325715
50,114,model1_fixed_q,0.0452668052234261,7.73990097733986e-05,7.73990097733986e-05,7.580286241776641e-05
50,114,model3_dynamic_q,0.052017990641505474,0.00011012968704507046,8.97763188302318e-05,0.00011012968704507046
50,115,model1_fixed_q,0.045221574364403654,7.90072978325217e-05,7.900729783252169e-05,7.27379574094822e-05
50,115,model3_dynamic_q,0.052084194559938825,0.00011313646720064236,0.00011313646720064236,0.0001099716518680911
50,116,model1_fixed_q,0.04514580599417051,7.682492684895176e-05,7.085678805372495e-05,7.682492684895176e-05
50,116,model3_dynamic_q,0.05212384787320109,0.00012689933915288582,0.00012689933915288582,0.00010634858814593418
50,117,model1_fixed_q,0.04496718530723457,7.672544837942992e-05,6.13372990913123e-05,7.672544837942992e-05
50,117,model3_dynamic_q,0.05214768048713769,0.00012202289834227654,0.00012202289834227654,0.00010622058638937844
50,118,model1_fixed_q,0.04500634015506448,7.876056526252441e-05,7.876056526252441e-05,7.874704328104105e-05
50,118,model3_dynamic_q,0.05216873361615769,0.000123092399618878,0.000123092399618878,0.00011084657789633585
50,119,model1_fixed_q,0.0450571975742567,7.739331976876031e-05,6.11685429090191e-05,7.739331976876031e-05
50,119,model3_dynamic_q,0.052143528896598894,0.00010876992869541491,0.00010568549274226186,0.00010876992869541491
50,120,model1_fixed_q,0.0450424257604715,7.639723647361007e-05,7.577552171930472e-05,7.639723647361007e-05
50,120,model3_dynamic_q,0.05201037186441496,0.00010561604314990635,9.959100507583315e-05,0.00010561604314990635
50,121,model1_fixed_q,0.04512820405535128,8.074683617176748e-05,7.471886648369083e-05,8.074683617176748e-05
50,121,model3_dynamic_q,0.05210208238238464,0.00011150331403211175,0.00011150331403211175,0.0001089491919164991
50,122,model1_fixed_q,0.04509605280868209,7.741700541233591e-05,6.985891987993459e-05,7.741700541233591e-05
50,122,model3_dynamic_q,0.05195281021677681,0.00010887378723739055,0.00010728519744666407,0.00010887378723739055
50,123,model1_fixed_q,0.04512394931865459,8.016037819733722e-05,8.016037819733722e-05,7.442276160231842e-05
50,123,model3_dynamic_q,0.05204270628981284,0.00010908417432811568,0.00010908417432811566,0.00010464372163486716
50,124,model1_fixed_q,0.04514234192304621,8.621814558290312e-05,8.621814558290311e-05,7.509303911296625e-05
50,124,model3_dynamic_q,0.05197692699629185,0.00012853491351588463,0.00012853491351588465,0.00010182423933803276
50,125,model1_fixed_q,0.045302257265296596,9.59697089324494e-05,9.596970893244938e-05,7.981274351874443e-05
50,125,model3_dynamic_q,0.05208655030818652,0.00010839940670176542,0.00010839940670176544,0.00010772211599542909
50,126,model1_fixed_q,0.045201550093482326,9.281398643713555e-05,9.281398643713555e-05,7.908904872788462e-05
50,126,model3_dynamic_q,0.05214329100484574,0.00010613450042122533,0.00010130027575082691,0.00010613450042122533
50,127,model1_fixed_q,0.04521011676864685,8.451235313988208e-05,8.451235313988208e-05,7.59669016940043e-05
50,127,model3_dynamic_q,0.052059652681028815,0.00010830383815361036,9.761596281224706e-05,0.00010830383815361036
50,128,model1_fixed_q,0.045192256585591215,7.893558842492889e-05,7.620866231722061e-05,7.893558842492889e-05
50,128,model3_dynamic_q,0.05205874685030312,0.00011368599027533991,8.975254277385466e-05,0.00011368599027533991
50,129,model1_fixed_q,0.04505749832411612,7.670338876949311e-05,6.4059283461678e-05,7.670338876949311e-05
50,129,model3_dynamic_q,0.05202392723444568,0.00010745422400877238,8.179342369116938e-05,0.00010745422400877238
50,130,model1_fixed_q,0.04504190776727684,7.603642456553086e-05,7.333721148508577e-05,7.603642456553086e-05
50,130,model3_dynamic_q,0.0521520805244594,0.00010906658356298468,8.482617345061368e-05,0.00010906658356298468
50,131,model1_fixed_q,0.045087620983338,7.756190056549513e-05,7.756190056549513e-05,7.4718838332157e-05
50,131,model3_dynamic_q,0.052166064981639546,0.00010400890112759022,0.00010248312321796362,0.00010400890112759022
50,132,model1_fixed_q,0.0451641935301813,8.259904244887041e-05,8.259904244887041e-05,7.46353725054501e-05
50,132,model3_dynamic_q,0.052112774621458274,0.0001191293449182866,0.0001191293449182866,0.00010372187549867039
50,133,model1_fixed_q,0.04508887094527747,8.184233364559056e-05,8.184233364559056e-05,7.388759250994153e-05
50,133,model3_dynamic_q,0.05219300419799095,0.00011927461361902073,0.00011927461361902072,0.00010363577992639572
50,134,model1_fixed_q,0.04519443211662811,8.351191422769922e-05,8.351191422769921e-05,7.912416496030396e-05
50,134,model3_dynamic_q,0.05212896638574165,0.00011759850402065085,0.00011759850402065085,0.00010870106093169621
50,135,model1_fixed_q,0.045250392947287485,7.74631469358063e-05,7.36949697497695e-05,7.74631469358063e-05
50,135,model3_dynamic_q,0.05200987936197608,0.00011978209981716068,0.00011978209981716067,0.00010766704685508768
50,136,model1_fixed_q,0.045266585572036985,7.576767078202513e-05,5.843339954975555e-05,7.576767078202513e-05
50,136,model3_dynamic_q,0.052133314519190004,0.00011310311487965056,0.00011310311487965056,0.00010943784145836005
50,137,model1_fixed_q,0.045338184892381464,7.77343794761858e-05,7.362953132692813e-05,7.77343794761858e-05
50,137,model3_dynamic_q,0.052133370857064674,0.0001112660076984248,0.00011126600769842481,0.00010825266284220402
50,138,model1_fixed_q,0.045317052351901234,7.848957653643131e-05,7.255360674665077e-05,7.848957653643131e-05
50,138,model3_dynamic_q,0.0521043529988123,0.00012758985247830933,0.00012758985247830933,0.00010806698502491757
50,139,model1_fixed_q,0.04525386224405501,7.62399932299737e-05,6.326704563035234e-05,7.62399932299737e-05
50,139,model3_dynamic_q,0.052216688578877395,0.00011140642303777187,0.00011140642303777188,0.0001077050267724216
50,140,model1_fixed_q,0.045166631027733745,7.856707075119093e-05,7.42046581024627e-05,7.856707075119093e-05
50,140,model3_dynamic_q,0.05236730588091124,0.00012306336313925312,0.00012306336313925315,0.00011152773250569876
50,141,model1_fixed_q,0.04506631855269634,8.427473511243638e-05,8.427473511243638e-05,7.969464709809363e-05
50,141,model3_dynamic_q,0.05220928029787689,0.00010633208884994812,9.746672994933705e-05,0.00010633208884994812
50,142,model1_fixed_q,0.04514978062044939,8.230063556946192e-05,7.017533330891252e-05,8.230063556946192e-05
50,142,model3_dynamic_q,0.052170468392451055,0.0001091922064522834,0.00010750788582545567,0.0001091922064522834
50,143,model1_fixed_q,0.04525359034314972,8.13777640527924e-05,7.28648217025989e-05,8.13777640527924e-05
50,143,model3_dynamic_q,0.05221966207771957,0.00011149519791489883,8.352549036075397e-05,0.00011149519791489883
50,144,model1_fixed_q,0.045226358624459125,7.644328615343209e-05,5.392162869250357e-05,7.644328615343209e-05
50,144,model3_dynamic_q,0.05226248421616963,0.00010949608647114513,9.301775005364591e-05,0.00010949608647114513
50,145,model1_fixed_q,0.045185681613113045,7.427175020176503e-05,6.809039037643209e-05,7.427175020176503e-05
50,145,model3_dynamic_q,0.05215451757860746,0.00012374543626613173,0.00012374543626613173,0.00011023791164949241
50,146,model1_fixed_q,0.04523781172995052,7.810218216117157e-05,6.910922622449905e-05,7.810218216117157e-05
50,146,model3_dynamic_q,0.052026453596400644,0.000106880815917482,8.701353359912656e-05,0.000106880815917482
50,147,model1_fixed_q,0.045177815569192765,7.594253909070416e-05,6.973480152871094e-05,7.594253909070416e-05
50,147,model3_dynamic_q,0.05208798873897589,0.00010923658870781696,0.00010317262059116686,0.00010923658870781696
50,148,model1_fixed_q,0.04522422710998294,7.703610772360543e-05,7.351147560314364e-05,7.703610772360543e-05
50,148,model3_dynamic_q,0.05211949769317248,0.00010776371890763898,9.736769677879504e-05,0.00010776371890763898
50,149,model1_fixed_q,0.04506294520591026,7.874069902010182e-05,6.57002535449598e-05,7.874069902010182e-05
50,149,model3_dynamic_q,0.05213314717213136,0.00011323197673964751,8.762595962457126e-05,0.00011323197673964751
50,150,model1_fixed_q,0.045126305484958204,7.916175392246586e-05,6.817029652079447e-05,7.916175392246586e-05
50,150,model3_dynamic_q,0.052141526919112606,0.00011186346855463111,8.650558738022952e-05,0.00011186346855463111
50,151,model1_fixed_q,0.0451941633357659,8.028493100216136e-05,6.384375641598297e-05,8.028493100216136e-05
50,151,model3_dynamic_q,0.05218342752544688,0.00010828202342103572,8.57865607017673e-05,0.00010828202342103572
50,152,model1_fixed_q,0.04516759134069075,7.92886404367283e-05,7.642198934298974e-05,7.92886404367283e-05
50,152,model3_dynamic_q,0.05200913896674519,0.00011041137617893271,0.00010686964647263098,0.00011041137617893271
50,153,model1_fixed_q,0.04501579848762993,9.179277404459808e-05,9.179277404459808e-05,7.685151419923193e-05
50,153,model3_dynamic_q,0.05212872942472879,0.00011606785057161649,0.00011606785057161647,0.00011283964452585102
50,154,model1_fixed_q,0.04509835520796062,7.826597311018814e-05,7.826597311018814e-05,7.713886862981051e-05
50,154,model3_dynamic_q,0.052229752899889674,0.00011288010990986435,0.00011055061740844111,0.00011288010990986435
50,155,model1_fixed_q,0.045110044034909584,8.444263344897852e-05,8.444263344897851e-05,7.846484158724687e-05
50,155,model3_dynamic_q,0.05232588223795353,0.00011093017484612034,8.323995126057887e-05,0.00011093017484612034
50,156,model1_fixed_q,0.04519033008054675,8.469385987645049e-05,8.469385987645049e-05,7.522036322922784e-05
50,156,model3_dynamic_q,0.05243189182934951,0.00011224208663730703,0.00011224208663730704,0.00010622709302783448
50,157,model1_fixed_q,0.045176915740397165,8.56240219200052e-05,8.56240219200052e-05,7.831197447668977e-05
50,157,model3_dynamic_q,0.05226345160825449,0.00010980280454118715,0.00010815896459244497,0.00010980280454118715
50,158,model1_fixed_q,0.04517893125169699,8.253927595072352e-05,8.253927595072352e-05,7.787701342144032e-05
50,158,model3_dynamic_q,0.05230988810712119,0.00011550396862261564,0.00011550396862261564,0.00011065396748174187
50,159,model1_fixed_q,0.04511248868616209,9.304737101550904e-05,9.304737101550904e-05,7.483795292036721e-05
50,159,model3_dynamic_q,0.05234470143576934,0.00010819374664065681,0.00010575824176602303,0.00010819374664065681
50,160,model1_fixed_q,0.04515616808579413,7.916374666930229e-05,7.707881669022064e-05,7.916374666930229e-05
50,160,model3_dynamic_q,0.05222901795361327,0.0001486326533897501,0.0001486326533897501,0.00010557598782907726
50,161,model1_fixed_q,0.04508044836819735,7.65620903092039e-05,6.970585764833184e-05,7.65620903092039e-05
50,161,model3_dynamic_q,0.05229195191174822,0.00013273045181127552,0.00013273045181127552,0.00010847489853285122
50,162,model1_fixed_q,0.045074854411175404,8.907416447652223e-05,8.907416447652223e-05,7.373510530991022e-05
50,162,model3_dynamic_q,0.05227303052245767,0.00011162059150690352,8.404780749871956e-05,0.00011162059150690352
50,163,model1_fixed_q,0.045102635076214245,7.652513102381352e-05,7.65251310238135e-05,7.583711993759265e-05
50,163,model3_dynamic_q,0.052230387373897624,0.0001060556636875979,0.00010385987188097712,0.0001060556636875979
50,164,model1_fixed_q,0.045033849323754725,7.540603681811173e-05,6.0995411253761935e-05,7.540603681811173e-05
50,164,model3_dynamic_q,0.05206797474108999,0.00010460755794387599,0.000104607557943876,0.00010419208695851249
50,165,model1_fixed_q,0.04518642105955313,7.90328114881537e-05,6.422400744755162e-05,7.90328114881537e-05
50,165,model3_dynamic_q,0.05209550358631934,0.00012134952425334009,0.00012134952425334009,0.0001096390805697418
50,166,model1_fixed_q,0.04520558585311678,7.933688534723883e-05,6.80597672281125e-05,7.933688534723883e-05
50,166,model3_dynamic_q,0.05211243383673015,0.00013748543578989415,0.00013748543578989415,0.00010548814228353576
50,167,model1_fixed_q,0.045126064835651604,8.42504071972244e-05,8.42504071972244e-05,7.702119015061777e-05
50,167,model3_dynamic_q,0.05216312985590553,0.00013964406685260347,0.00013964406685260347,0.0001091327287983808
50,168,model1_fixed_q,0.04502728045055935,7.733549833019711e-05,6.994567976048651e-05,7.733549833019711e-05
50,168,model3_dynamic_q,0.052269584084167466,0.00012097066452951972,0.00012097066452951972,0.00011018405795838772
50,169,model1_fixed_q,0.04503618663512305,7.891672888434934e-05,7.891672888434934e-05,7.775297083443843e-05
50,169,model3_dynamic_q,0.0523091113270834,0.00012150728647605769,0.00012150728647605769,0.00010858393332636353
50,170,model1_fixed_q,0.04511484173020773,7.50638638072414e-05,7.464116812002828e-05,7.50638638072414e-05
50,170,model3_dynamic_q,0.05224097076866952,0.00010606487142530315,8.877865886159912e-05,0.00010606487142530315
50,171,model1_fixed_q,0.04509734488296517,9.026989348756484e-05,9.026989348756484e-05,7.976874843271538e-05
50,171,model3_dynamic_q,0.05209689465409257,0.00010972480229826651,0.00010701694925454841,0.00010972480229826651
50,172,model1_fixed_q,0.045088077776494054,9.102533284718748e-05,9.102533284718748e-05,7.770049777351587e-05
50,172,model3_dynamic_q,0.052063489969012,0.00010723144497161411,0.00010375057922451244,0.00010723144497161411
50,173,model1_fixed_q,0.04529501838924949,8.377716755761278e-05,8.377716755761278e-05,7.84610386978806e-05
50,173,model3_dynamic_q,0.052112463146767214,0.00010355325846908088,8.976789887059434e-05,0.00010355325846908088
50,174,model1_fixed_q,0.04525853013119596,7.778570961362844e-05,7.47889060546391e-05,7.778570961362844e-05
50,174,model3_dynamic_q,0.05214713311358512,0.00011011941368048346,8.690959934843105e-05,0.00011011941368048346
50,175,model1_fixed_q,0.04520532506819993,7.883264950145455e-05,6.438340262546188e-05,7.883264950145455e-05
50,175,model3_dynamic_q,0.051967080290853576,0.00011889105972579223,0.00011889105972579222,0.00011050995342830123
50,176,model1_fixed_q,0.04515220217391665,7.821010471936472e-05,7.821010471936472e-05,7.798034096495959e-05
50,176,model3_dynamic_q,0.051911634936722316,0.00011031428453409782,9.921905775648121e-05,0.00011031428453409782
50,177,model1_fixed_q,0.0453231806818852,7.981146699470702e-05,6.57909513523427e-05,7.981146699470702e-05
50,177,model3_dynamic_q,0.051980430540548524,0.00011101053459892487,9.968169442489114e-05,0.00011101053459892487
50,178,model1_fixed_q,0.04524335881293672,8.875559262028539e-05,8.875559262028538e-05,7.917791814201428e-05
50,178,model3_dynamic_q,0.052033453278385336,0.00011109699262574056,0.0001041411676515393,0.00011109699262574056
50,179,model1_fixed_q,0.045173106853111246,8.936146191888936e-05,8.936146191888936e-05,7.816105734550775e-05
50,179,model3_dynamic_q,0.05202983740288867,0.00010867566279286619,8.670045663117252e-05,0.00010867566279286619
50,180,model1_fixed_q,0.045116247589758594,7.726648664235067e-05,7.726648664235067e-05,7.463632042774052e-05
50,180,model3_dynamic_q,0.05186785732271695,0.00011049409719627923,7.928180105573992e-05,0.00011049409719627923
50,181,model1_fixed_q,0.04504508524790703,7.540031481333618e-05,6.902650335750903e-05,7.540031481333618e-05
50,181,model3_dynamic_q,0.05198409198940079,0.00011103738019904049,8.490443889528458e-05,0.00011103738019904049
50,182,model1_fixed_q,0.04510286285734953,7.69234799594569e-05,6.978147685340885e-05,7.69234799594569e-05
50,182,model3_dynamic_q,0.052069737848311974,0.00010992489054555279,0.00010758110720242482,0.00010992489054555279
50,183,model1_fixed_q,0.0452181949007972,7.781252327840942e-05,6.269930464280326e-05,7.781252327840942e-05
50,183,model3_dynamic_q,0.052097776257936775,0.0001223162971701628,0.00012231629717016277,0.00010981920991133847
50,184,model1_fixed_q,0.04522937653547645,8.01948698624511e-05,8.01948698624511e-05,7.736020170150277e-05
50,184,model3_dynamic_q,0.05212453139546518,0.00010816491068265291,8.166883243317602e-05,0.00010816491068265291
50,185,model1_fixed_q,0.04519034778636258,8.130598396713247e-05,8.130598396713247e-05,8.022783329756328e-05
50,185,model3_dynamic_q,0.05205490345696406,0.00011039163424714347,8.449857315952835e-05,0.00011039163424714347
50,186,model1_fixed_q,0.045217282904965565,7.761864068896438e-05,7.249333061979991e-05,7.761864068896438e-05
50,186,model3_dynamic_q,0.05200977915756845,0.00012319152888371542,0.00012319152888371542,0.00010647628737584307
50,187,model1_fixed_q,0.04521401990090525,8.486696255081675e-05,8.486696255081675e-05,7.35882427011439e-05
50,187,model3_dynamic_q,0.05211103750551119,0.00011450694130461838,0.00011450694130461838,0.00010578281091742595
50,188,model1_fixed_q,0.045215888150151956,7.784992418320758e-05,7.167461028327501e-05,7.784992418320758e-05
50,188,model3_dynamic_q,0.052152678472518414,0.00010969124734673496,0.00010969124734673496,0.00010732158267907223
50,189,model1_fixed_q,0.04517180704031547,7.995143475996508e-05,7.995143475996508e-05,7.914592743732014e-05
50,189,model3_dynamic_q,0.052176992945210644,0.00012583560869606337,0.00012583560869606334,0.00011417525075888758
50,190,model1_fixed_q,0.04510806555681016,8.277107178199559e-05,8.277107178199559e-05,7.751253485080011e-05
50,190,model3_dynamic_q,0.052236089947702576,0.00012202415711139956,0.00012202415711139954,0.0001125547781160617
50,191,model1_fixed_q,0.04508522111119404,7.717771858422145e-05,6.737663877213438e-05,7.717771858422145e-05
50,191,model3_dynamic_q,0.052207192017270934,0.00012197097766215459,0.00012197097766215459,0.00011127912952194314
50,192,model1_fixed_q,0.045168283881063184,0.00010027689230239908,0.0001002768923023991,7.815280978133633e-05
50,192,model3_dynamic_q,0.05215173643505793,0.00011827220991239326,0.00011827220991239326,0.0001060682126186764
50,193,model1_fixed_q,0.04521750335164161,0.00011153419517230682,0.00011153419517230682,7.483710488209615e-05
50,193,model3_dynamic_q,0.05210498606692631,0.00010840424440681477,0.00010323154277206235,0.00010840424440681477
50,194,model1_fixed_q,0.04525840014597947,7.875672406068004e-05,7.875672406068004e-05,7.460715740284821e-05
50,194,model3_dynamic_q,0.052184799283528954,0.00012422057447329123,0.00012422057447329123,0.0001124037785120575
50,195,model1_fixed_q,0.04516719035384449,7.736510011950363e-05,7.209190827260857e-05,7.736510011950363e-05
50,195,model3_dynamic_q,0.0520982772936981,0.00011779011116431943,0.00011715501856241106,0.00011779011116431943
50,196,model1_fixed_q,0.04505838931896421,7.557321462863933e-05,6.368107244806629e-05,7.557321462863933e-05
50,196,model3_dynamic_q,0.05212236123989391,0.00011576780849562039,0.00011576780849562039,0.00011031091585819911
50,197,model1_fixed_q,0.045075299435922464,7.95130730339309e-05,7.95130730339309e-05,7.797209451584249e-05
50,197,model3_dynamic_q,0.052031281345549726,0.0001249245689884417,0.0001249245689884417,0.00010595220286882514
50,198,model1_fixed_q,0.04519835916686918,8.266229226011619e-05,8.266229226011619e-05,7.51103165757836e-05
50,198,model3_dynamic_q,0.05197018481669631,0.0001136391114349703,0.0001136391114349703,0.00010717698337485777
50,199,model1_fixed_q,0.04523425035718728,8.769679690662601e-05,8.769679690662602e-05,7.661129903404002e-05
50,199,model3_dynamic_q,0.052084846919604924,0.0001082500632695882,0.00010594844085530961,0.0001082500632695882
50,200,model1_fixed_q,0.04519188075913616,7.85340491816811e-05,6.563138405054088e-05,7.85340491816811e-05
50,200,model3_dynamic_q,0.05196900331102618,0.00010956036141663604,0.00010956036141663604,0.00010703278507828229
50,201,model1_fixed_q,0.045118324243063807,8.248514790393253e-05,8.248514790393253e-05,7.665712720565223e-05
50,201,model3_dynamic_q,0.05196849983724438,0.0001211610477956845,0.0001211610477956845,0.00011622811697161001
50,202,model1_fixed_q,0.045136041091944454,7.726346989737185e-05,7.726346989737185e-05,7.369394666043949e-05
50,202,model3_dynamic_q,0.052036774165935315,0.00011232811005894012,0.00010135790310214852,0.00011232811005894012
50,203,model1_fixed_q,0.045189379853325495,7.800390127546606e-05,7.800390127546606e-05,7.691513968277459e-05
50,203,model3_dynamic_q,0.051933136539126686,0.0001099364331083716,9.790555448719487e-05,0.0001099364331083716
50,204,model1_fixed_q,0.04513505953147195,9.45976213986589e-05,9.45976213986589e-05,7.56596944566651e-05
50,204,model3_dynamic_q,0.05186028826340335,0.00012639716203265524,0.00012639716203265524,0.0001087303431071956
50,205,model1_fixed_q,0.045123184741716754,7.621714978251939e-05,7.290720684728513e-05,7.621714978251939e-05
50,205,model3_dynamic_q,0.05204451767186947,0.00013748282094030746,0.00013748282094030746,0.00011069833808917467
50,206,model1_fixed_q,0.04505368745881977,7.711946430318083e-05,6.788254438402623e-05,7.711946430318083e-05
50,206,model3_dynamic_q,0.05213256233898784,0.00011291978542426678,0.00011291978542426678,0.00010918311346930055
50,207,model1_fixed_q,0.04514551043418947,7.8914343701092e-05,6.431096131255691e-05,7.8914343701092e-05
50,207,model3_dynamic_q,0.0520542373074322,0.00011753246574977234,0.00011753246574977234,0.00010908269996943706
50,208,model1_fixed_q,0.045193987591111665,7.756793749930487e-05,7.472039919755472e-05,7.756793749930487e-05
50,208,model3_dynamic_q,0.05217774384927277,0.00010902621934584968,8.733912430268442e-05,0.00010902621934584968
50,209,model1_fixed_q,0.045195467097134144,7.87239029428196e-05,7.684382518003641e-05,7.87239029428196e-05
50,209,model3_dynamic_q,0.0521486979277584,0.00011144105297407462,0.00011144105297407464,0.00010847561922142707
50,210,model1_fixed_q,0.04514651160324899,7.925675623861133e-05,7.925675623861133e-05,7.680476123826001e-05
50,210,model3_dynamic_q,0.05211481851898618,0.00011057109567310158,0.00011057109567310158,0.00010534007918315776
50,211,model1_fixed_q,0.04511411070948212,8.296371995987862e-05,8.296371995987862e-05,7.512638413181289e-05
50,211,model3_dynamic_q,0.05209703983011583,0.00012450681893419146,0.00012450681893419143,0.00010760278495381555
50,212,model1_fixed_q,0.04510386969829957,9.53003890033216e-05,9.53003890033216e-05,7.864330846862854e-05
50,212,model3_dynamic_q,0.05210189078378139,0.0001081168695616009,0.00010342727025013893,0.0001081168695616009
50,213,model1_fixed_q,0.04500052563122687,8.727934525901273e-05,8.727934525901273e-05,7.505890094274284e-05
50,213,model3_dynamic_q,0.05205357034785039,0.00011042836248889855,0.00010463766966912363,0.00011042836248889855
50,214,model1_fixed_q,0.04516273245162607,7.729053322909392e-05,6.957517949921445e-05,7.729053322909392e-05
50,214,model3_dynamic_q,0.05201942889538072,0.00011693545974792429,0.00011693545974792429,0.00011289559431206097
50,215,model1_fixed_q,0.04529413512192145,7.344332078708085e-05,6.735815403268507e-05,7.344332078708085e-05
50,215,model3_dynamic_q,0.05195482686613988,0.00010876422052395915,0.0001004574339507485,0.00010876422052395915
50,216,model1_fixed_q,0.04528560062118392,8.240964018758196e-05,8.240964018758196e-05,7.561047789054807e-05
50,216,model3_dynamic_q,0.051977419560731736,0.00011552466315614413,0.00010901482890327212,0.00011552466315614413
50,217,model1_fixed_q,0.04520417265142653,7.562257901210127e-05,6.80322602833643e-05,7.562257901210127e-05
50,217,model3_dynamic_q,0.052041537390557634,0.00011013568467606731,0.00010743946983127295,0.00011013568467606731
50,218,model1_fixed_q,0.04521232308784885,0.00010130735246158272,0.00010130735246158272,7.631053045989269e-05
50,218,model3_dynamic_q,0.05216542278882842,0.0001307077732724235,0.0001307077732724235,0.0001063868259699084
50,219,model1_fixed_q,0.04516776238675657,9.392481667581751e-05,9.39248166758175e-05,7.344470767454448e-05
50,219,model3_dynamic_q,0.05224498474306004,0.00010573655408994043,9.7468595659814e-05,0.00010573655408994043
50,220,model1_fixed_q,0.04515697289628248,8.295311107714262e-05,8.295311107714263e-05,7.534985096094494e-05
50,220,model3_dynamic_q,0.05217855430459521,0.00011811883079068688,0.00011811883079068689,0.00010889759489112465
50,221,model1_fixed_q,0.045203783409839514,8.009245215215094e-05,8.009245215215094e-05,7.688483855432298e-05
50,221,model3_dynamic_q,0.05205883465410914,0.00011094614772202673,0.00010584792398486943,0.00011094614772202673
50,222,model1_fixed_q,0.045206642198137956,9.086418450083447e-05,9.086418450083445e-05,7.499200461453804e-05
50,222,model3_dynamic_q,0.05207642903957634,0.0001210328555404862,0.0001210328555404862,0.00011074101446047346
50,223,model1_fixed_q,0.04512549552971565,8.324373129559393e-05,8.324373129559393e-05,7.650816158847672e-05
50,223,model3_dynamic_q,0.05219038115523425,0.00012069636483683893,0.00012069636483683893,0.00011206596078633772
50,224,model1_fixed_q,0.04512044530447041,7.518062179122477e-05,7.35344852598323e-05,7.518062179122477e-05
50,224,model3_dynamic_q,0.05207749593347786,0.0001147669800389086,0.0001147669800389086,0.00011058979851812919
50,225,model1_fixed_q,0.0451654800326707,8.735489410920505e-05,8.735489410920505e-05,7.710735266292911e-05
50,225,model3_dynamic_q,0.052085665885564035,0.00013212592904508508,0.00013212592904508508,0.00010889674044427916
50,226,model1_fixed_q,0.04504356803809683,9.75967149315835e-05,9.75967149315835e-05,7.722195995671985e-05
50,226,model3_dynamic_q,0.0521462285781302,0.00013616997607141415,0.00013616997607141415,0.00010401546172575838
50,227,model1_fixed_q,0.045086298883294205,7.794013403379208e-05,7.324771406677436e-05,7.794013403379208e-05
50,227,model3_dynamic_q,0.05221024881896851,0.00013706226140407641,0.00013706226140407641,0.00010894007973068769
50,228,model1_fixed_q,0.04509168468479512,7.790198664058603e-05,7.200712793656454e-05,7.790198664058603e-05
50,228,model3_dynamic_q,0.05212144948929876,0.00012825506833829018,0.00012825506833829016,0.00010464252241525086
50,229,model1_fixed_q,0.045031041089582044,8.37307768343523e-05,8.37307768343523e-05,7.663904456332088e-05
50,229,model3_dynamic_q,0.05208580077382829,0.00012093151609659922,0.00012093151609659922,0.00011044948564114402
50,230,model1_fixed_q,0.04514672117884364,7.78391185839699e-05,6.210435590754644e-05,7.78391185839699e-05
50,230,model3_dynamic_q,0.0520034086673354,0.00010848071309130747,0.00010055295889780473,0.00010848071309130747
50,231,model1_fixed_q,0.04519428920585738,7.849851819964294e-05,5.949522222534101e-05,7.849851819964294e-05
50,231,model3_dynamic_q,0.05218153100521221,0.0001087808859690267,0.00010878088596902671,0.00010446361451645632
50,232,model1_fixed_q,0.04508489828393459,7.646073463480647e-05,6.982230469831191e-05,7.646073463480647e-05
50,232,model3_dynamic_q,0.05222823770607144,0.00010863662494247243,9.805443457454454e-05,0.00010863662494247243
50,233,model1_fixed_q,0.04504911777621777,7.798184815909833e-05,7.4076536935066e-05,7.798184815909833e-05
50,233,model3_dynamic_q,0.052110291378688854,0.00010356847643939199,9.71153396700354e-05,0.00010356847643939199
50,234,model1_fixed_q,0.04520286053152487,7.719765386354528e-05,7.159430793804269e-05,7.719765386354528e-05
50,234,model3_dynamic_q,0.05215918004206188,0.00010735195518177676,8.312619208259426e-05,0.00010735195518177676
50,235,model1_fixed_q,0.045216200229388465,8.986384136936397e-05,8.986384136936398e-05,7.470211160660105e-05
50,235,model3_dynamic_q,0.05205015186092691,0.00010562141965850471,8.147339098074786e-05,0.00010562141965850471
50,236,model1_fixed_q,0.045284640960149135,8.344397833398049e-05,8.344397833398049e-05,7.430485814656715e-05
50,236,model3_dynamic_q,0.051970902411938184,0.00011214642972786029,0.00011214642972786029,0.00010440753815580707
50,237,model1_fixed_q,0.04517901892052968,7.997954063436898e-05,7.997954063436897e-05,7.107513539824475e-05
50,237,model3_dynamic_q,0.05203841315856151,0.00011054625019893669,0.00011054625019893669,0.00010648059581137152
50,238,model1_fixed_q,0.04516109238173968,7.679339726761822e-05,7.627219476517043e-05,7.679339726761822e-05
50,238,model3_dynamic_q,0.05217424751365004,0.00011216604708120423,0.00010031765316722069,0.00011216604708120423
50,239,model1_fixed_q,0.04513965671139301,7.775554507296702e-05,7.775554507296702e-05,7.754591649293068e-05
50,239,model3_dynamic_q,0.05221250088796824,0.00011032845693546194,0.00010968098093603198,0.00011032845693546194
50,240,model1_fixed_q,0.0452262644819575,7.979332150455249e-05,7.900645436770711e-05,7.979332150455249e-05
50,240,model3_dynamic_q,0.052302486064742255,0.00011351622640194499,9.927137345783614e-05,0.00011351622640194499
50,241,model1_fixed_q,0.045285003037683604,8.006748869783837e-05,7.27869654775157e-05,8.006748869783837e-05
50,241,model3_dynamic_q,0.052342026116387795,0.00011517954401845327,0.00011517954401845327,0.00010821936132086444
50,242,model1_fixed_q,0.04524111016281116,8.14595869045685e-05,8.14595869045685e-05,8.014659739493203e-05
50,242,model3_dynamic_q,0.052277180167122836,0.00010477648460494968,9.692033351202033e-05,0.00010477648460494968
50,243,model1_fixed_q,0.04525648474291867,7.97675849841373e-05,7.97675849841373e-05,7.53975437107077e-05
50,243,model3_dynamic_q,0.05220249326172248,0.00010940733520981947,0.00010940733520981947,0.00010421511639553305
50,244,model1_fixed_q,0.04515054405517053,7.372795398800688e-05,5.124045929405144e-05,7.372795398800688e-05
50,244,model3_dynamic_q,0.05221101120890057,0.00011524154980928396,0.00011524154980928396,0.0001123465984122251
50,245,model1_fixed_q,0.04526773036507555,7.712814952505363e-05,6.1015936307098854e-05,7.712814952505363e-05
50,245,model3_dynamic_q,0.0522519652664163,0.00013002250065684425,0.00013002250065684425,0.00011044847298167634
50,246,model1_fixed_q,0.04530174931241034,7.492776842718334e-05,6.844576595298627e-05,7.492776842718334e-05
50,246,model3_dynamic_q,0.05223499543159573,0.0001282966540556564,0.0001282966540556564,0.00011241809289410173
50,247,model1_fixed_q,0.04521221890337498,7.416584078478012e-05,5.721932217951572e-05,7.416584078478012e-05
50,247,model3_dynamic_q,0.052374062487440476,0.00012446519353582545,0.00012446519353582542,0.00011390093910465637
50,248,model1_fixed_q,0.045222287548386794,7.566832151125319e-05,6.70107958542218e-05,7.566832151125319e-05
50,248,model3_dynamic_q,0.05230872825636264,0.00013354432291647276,0.00013354432291647278,0.00011561911661469275
50,249,model1_fixed_q,0.045274460783516476,7.380638065247053e-05,4.83622090501517e-05,7.380638065247053e-05
50,249,model3_dynamic_q,0.05216720022284345,0.00013245877686942554,0.00013245877686942554,0.00011602636465601224
50,250,model1_fixed_q,0.04530529391947168,8.510411584359693e-05,8.510411584359693e-05,7.658525848449829e-05
50,250,model3_dynamic_q,0.05223640759336395,0.00012159993137391927,0.00012159993137391927,0.00010981758005782393
50,251,model1_fixed_q,0.045288051617927705,7.430283829034555e-05,6.512246136315987e-05,7.430283829034555e-05
50,251,model3_dynamic_q,0.05219132048619906,0.0001082232909946402,8.60257176900114e-05,0.0001082232909946402
50,252,model1_fixed_q,0.04521449652521027,7.832551399962255e-05,6.707251162664647e-05,7.832551399962255e-05
50,252,model3_dynamic_q,0.05228255856996898,0.0001176610974882017,0.00011766109748820169,0.00010655496794786339
50,253,model1_fixed_q,0.04517038391007782,7.758965999996881e-05,6.144706066184093e-05,7.758965999996881e-05
50,253,model3_dynamic_q,0.05230516773611592,0.0001116659834222515,0.0001022839391635306,0.0001116659834222515
50,254,model1_fixed_q,0.04524076967264312,7.407408090341551e-05,6.919510654091534e-05,7.407408090341551e-05
50,254,model3_dynamic_q,0.05222824801399098,0.00010961508440304828,9.761646855613467e-05,0.00010961508440304828
50,255,model1_fixed_q,0.045162983777604464,7.709934238420866e-05,5.367934869265586e-05,7.709934238420866e-05
50,255,model3_dynamic_q,0.05226160771987988,0.00010873753890066819,9.733832834376739e-05,0.00010873753890066819
50,256,model1_fixed_q,0.04512199744071441,7.934756926482741e-05,6.088857702287563e-05,7.934756926482741e-05
50,256,model3_dynamic_q,0.05220317395444622,0.00011094149454022666,0.00010168797144725847,0.00011094149454022666
50,257,model1_fixed_q,0.04516259121986213,7.798198563684381e-05,7.199639821749204e-05,7.798198563684381e-05
50,257,model3_dynamic_q,0.05199730512025472,0.00010946950825069791,8.674428004424858e-05,0.00010946950825069791
50,258,model1_fixed_q,0.04531490315880794,7.526673188046442e-05,7.526673188046442e-05,7.526514296064693e-05
50,258,model3_dynamic_q,0.05204464405883569,0.00010950184366130636,9.998125032619459e-05,0.00010950184366130636
50,259,model1_fixed_q,0.04532064653564964,7.933440283399333e-05,7.933440283399333e-05,7.411207903206855e-05
50,259,model3_dynamic_q,0.05210868211934704,0.00011205224924038237,0.00011205224924038238,0.00011193392926481424
50,260,model1_fixed_q,0.04532356072070779,7.589642064457749e-05,7.458060762870716e-05,7.589642064457749e-05
50,260,model3_dynamic_q,0.05199569448335487,0.0001174321984484202,0.0001174321984484202,0.00010888522402330379
50,261,model1_fixed_q,0.04525863338978774,9.972780391356521e-05,9.97278039135652e-05,7.615027114436765e-05
50,261,model3_dynamic_q,0.051889051160340705,0.00011248784880579436,0.00011248784880579436,0.00010866963013628275
50,262,model1_fixed_q,0.04527157977871108,7.534685610684197e-05,7.222514674921337e-05,7.534685610684197e-05
50,262,model3_dynamic_q,0.0518459735199081,0.00010384538177096755,9.785016296396373e-05,0.00010384538177096755
50,263,model1_fixed_q,0.045311985894094346,7.59409340557375e-05,7.59409340557375e-05,7.490747275813016e-05
50,263,model3_dynamic_q,0.05196235853452888,0.00010408456825186526,9.31815848628199e-05,0.00010408456825186526
50,264,model1_fixed_q,0.04518843942028023,8.205332329581496e-05,8.205332329581496e-05,7.494644868137295e-05
50,264,model3_dynamic_q,0.05193649032908535,0.00011680422996327276,0.00011680422996327276,0.00010658750429064676
50,265,model1_fixed_q,0.0451163139073703,7.582706559655238e-05,7.582706559655238e-05,7.511786237005284e-05
50,265,model3_dynamic_q,0.05202818728147437,0.00014185635943879854,0.00014185635943879854,0.00010679364107065444
50,266,model1_fixed_q,0.045065727243864956,9.313171747550427e-05,9.313171747550426e-05,7.45295830076327e-05
50,266,model3_dynamic_q,0.05195508583095612,0.00010974867145572584,0.00010974867145572583,0.00010440466227449836
50,267,model1_fixed_q,0.04515227460449301,7.443925000543847e-05,6.960295803997411e-05,7.443925000543847e-05
50,267,model3_dynamic_q,0.05205034674989327,0.00010556697476447545,9.842235906554637e-05,0.00010556697476447545
50,268,model1_fixed_q,0.0451494132227822,8.161537419150523e-05,8.161537419150521e-05,7.422327576503174e-05
50,268,model3_dynamic_q,0.05187787491401728,0.00010413601484600039,9.57096254875599e-05,0.00010413601484600039
50,269,model1_fixed_q,0.0451857820054279,7.838524354091708e-05,6.720983765352915e-05,7.838524354091708e-05
50,269,model3_dynamic_q,0.05198512174365664,0.0001060789542915407,8.433731216968407e-05,0.0001060789542915407
50,270,model1_fixed_q,0.04508681975168717,8.070252175977266e-05,6.937643467663974e-05,8.070252175977266e-05
50,270,model3_dynamic_q,0.05205799952875894,0.00010483149027372514,9.276143539263104e-05,0.00010483149027372514
50,271,model1_fixed_q,0.045159357246890346,8.584302204349336e-05,8.584302204349336e-05,7.820469638291727e-05
50,271,model3_dynamic_q,0.05214528341160803,0.00010589325737824605,8.20487433316933e-05,0.00010589325737824605
50,272,model1_fixed_q,0.04510181148820324,7.437829889684736e-05,7.200106523822364e-05,7.437829889684736e-05
50,272,model3_dynamic_q,0.05199149500610272,0.00010565843495023575,0.00010499892849973422,0.00010565843495023575
50,273,model1_fixed_q,0.04508021520341356,7.343517253684097e-05,7.105264853900556e-05,7.343517253684097e-05
50,273,model3_dynamic_q,0.05195981762046038,0.00010875412839893463,9.635577124641186e-05,0.00010875412839893463
50,274,model1_fixed_q,0.045125983408958584,8.03662566227947e-05,8.03662566227947e-05,7.529010931386036e-05
50,274,model3_dynamic_q,0.05205787267803716,0.00011744538727779929,0.00011744538727779929,0.00010996232411916171
50,275,model1_fixed_q,0.04519957950226027,7.711266034129316e-05,6.743894723809895e-05,7.711266034129316e-05
50,275,model3_dynamic_q,0.051885200181560835,0.00011569155087291521,0.00011569155087291521,0.00011060345699869885
50,276,model1_fixed_q,0.045119194872823606,7.594649675234876e-05,6.022563321276104e-05,7.594649675234876e-05
50,276,model3_dynamic_q,0.05203580784805147,0.00011134767814853844,0.00010489783444005035,0.00011134767814853844
50,277,model1_fixed_q,0.04523451763361745,7.933352123044278e-05,7.389676540788216e-05,7.933352123044278e-05
50,277,model3_dynamic_q,0.05201701438127663,0.00011218864442092041,0.00011218864442092041,0.00011048442640961874
50,278,model1_fixed_q,0.04517791168439067,7.894235500762999e-05,7.894235500762999e-05,7.60867040735825e-05
50,278,model3_dynamic_q,0.052002924217680914,0.00011019245973256043,0.0001089826641998887,0.00011019245973256043
50,279,model1_fixed_q,0.045118890673163145,7.684539797484676e-05,7.684539797484676e-05,7.672589607548016e-05
50,279,model3_dynamic_q,0.05206137095656602,0.00010751390422095107,9.484281537187796e-05,0.00010751390422095107
50,280,model1_fixed_q,0.045120407501841084,7.847310934140468e-05,7.847310934140468e-05,7.609246634783576e-05
50,280,model3_dynamic_q,0.052126226573025375,0.00010297113898755888,7.843471220766936e-05,0.00010297113898755888
50,281,model1_fixed_q,0.04516189064565202,7.663251896667114e-05,7.376313030588193e-05,7.663251896667114e-05
50,281,model3_dynamic_q,0.05218803198962935,0.00011054457420177024,0.00011054457420177024,0.00010537666604890655
50,282,model1_fixed_q,0.045120287849533515,8.376750842072742e-05,8.376750842072742e-05,7.905185547624635e-05
50,282,model3_dynamic_q,0.0522491907934448,0.0001273090273369584,0.0001273090273369584,0.00011254932355517736
50,283,model1_fixed_q,0.045127061284537834,7.834113489502255e-05,6.935257583818253e-05,7.834113489502255e-05
50,283,model3_dynamic_q,0.052162474187051985,0.00012540953169420106,0.00012540953169420106,0.00011247891828270544
50,284,model1_fixed_q,0.04511485956390945,7.862549100070712e-05,6.367096912550689e-05,7.862549100070712e-05
50,284,model3_dynamic_q,0.05207302517893751,0.00010960889548257836,0.00010358400945211992,0.00010960889548257836
50,285,model1_fixed_q,0.04507392203519552,7.650230114435978e-05,6.158605799226422e-05,7.650230114435978e-05
50,285,model3_dynamic_q,0.0519908630591689,0.0001110461301607947,0.0001110461301607947,0.00010566616759473669
50,286,model1_fixed_q,0.04524087044411816,7.671397087469938e-05,7.441206981644953e-05,7.671397087469938e-05
50,286,model3_dynamic_q,0.052050634265154584,0.00010809291536806228,9.715784679821941e-05,0.00010809291536806228
50,287,model1_fixed_q,0.04521969993105655,8.180234252753925e-05,7.359939142595052e-05,8.180234252753925e-05
50,287,model3_dynamic_q,0.05207444150888639,0.0001242668261521418,0.0001242668261521418,0.00011004801129104125
50,288,model1_fixed_q,0.04517729547829739,7.726647284027715e-05,6.50860197226871e-05,7.726647284027715e-05
50,288,model3_dynamic_q,0.05195524411176614,0.0001304261907128074,0.00013042619071280736,0.00010704087099317368
50,289,model1_fixed_q,0.045145360156833,7.796999021154407e-05,7.796999021154407e-05,7.725151596732068e-05
50,289,model3_dynamic_q,0.05206979324974192,0.00010821182696002986,0.00010710123579105502,0.00010821182696002986
50,290,model1_fixed_q,0.04522908569978714,9.438594544895144e-05,9.438594544895145e-05,7.709682180133476e-05
50,290,model3_dynamic_q,0.05219272496482262,0.00011239167621606446,9.943291120930998e-05,0.00011239167621606446
50,291,model1_fixed_q,0.04520406116544118,8.199136050842142e-05,8.199136050842141e-05,7.599584577625913e-05
50,291,model3_dynamic_q,0.052172243551323765,0.00012047268753394932,0.00012047268753394932,0.00011260211585128405
50,292,model1_fixed_q,0.045086170182237185,7.745865020826585e-05,7.474014160797573e-05,7.745865020826585e-05
50,292,model3_dynamic_q,0.05230117726949202,0.00011094698501081287,9.258134964927423e-05,0.00011094698501081287
50,293,model1_fixed_q,0.04515581695349423,8.596920495512853e-05,8.596920495512853e-05,7.725771961495256e-05
50,293,model3_dynamic_q,0.052188215594894345,0.0001112138554584416,0.00010217757462616801,0.0001112138554584416
50,294,model1_fixed_q,0.04520277689053172,9.367924599558592e-05,9.36792459955859e-05,7.424914259565427e-05
50,294,model3_dynamic_q,0.052105876038738036,0.00010857373420942936,9.899611845908527e-05,0.00010857373420942936
50,295,model1_fixed_q,0.04509708607698088,9.038505646837933e-05,9.038505646837933e-05,7.912428419018569e-05
50,295,model3_dynamic_q,0.052158823840358214,0.00013248489579574538,0.00013248489579574538,0.00011351909612982788
50,296,model1_fixed_q,0.045185811496502894,8.650517650123116e-05,8.650517650123118e-05,7.843372645304026e-05
50,296,model3_dynamic_q,0.05212224656292163,0.00014232086240595373,0.00014232086240595373,0.00011170782977412388
50,297,model1_fixed_q,0.045139924077892364,8.23553331387295e-05,8.23553331387295e-05,7.727793446913967e-05
50,297,model3_dynamic_q,0.052163383079490276,0.00011589132578292142,0.00010687378701651144,0.00011589132578292142
50,298,model1_fixed_q,0.045193016548244855,7.850089567669706e-05,6.199508822411472e-05,7.850089567669706e-05
50,298,model3_dynamic_q,0.0521866136991331,0.00011190502265257373,9.471147747957303e-05,0.00011190502265257373
50,299,model1_fixed_q,0.045214297121809605,7.79842975389519e-05,7.54635083265989e-05,7.79842975389519e-05
50,299,model3_dynamic_q,0.05244794161964738,0.00010676962789785802,0.00010401928611145745,0.00010676962789785802
50,300,model1_fixed_q,0.045220628666335985,7.875313656833677e-05,7.211697954240614e-05,7.875313656833677e-05
50,300,model3_dynamic_q,0.05230890068266691,0.00011902273318893853,0.00011902273318893852,0.00010945044843504331
50,301,model1_fixed_q,0.045170435387245994,7.6608715128955e-05,6.37807320040465e-05,7.6608715128955e-05
50,301,model3_dynamic_q,0.05225483180314179,0.0001184593396188823,0.00011845933961888232,0.00011227473643777848
50,302,model1_fixed_q,0.04521016253122477,7.537199722537298e-05,7.137244878196865e-05,7.537199722537298e-05
50,302,model3_dynamic_q,0.05213491501397267,0.00011484327758830881,0.00011484327758830881,0.00010653366719895584
50,303,model1_fixed_q,0.04515308439323089,7.589827075378624e-05,7.25186612748027e-05,7.589827075378624e-05
50,303,model3_dynamic_q,0.05217855248820746,0.00012440327557101824,0.00012440327557101824,0.00010868584269944944
50,304,model1_fixed_q,0.0451322806126159,8.237588930246297e-05,8.237588930246295e-05,7.531724171945612e-05
50,304,model3_dynamic_q,0.05212364892127081,0.00013286559492990416,0.00013286559492990416,0.00011234450215482565
50,305,model1_fixed_q,0.045134958712503996,7.48867630837957e-05,5.478274447364221e-05,7.48867630837957e-05
50,305,model3_dynamic_q,0.05215241389818006,0.00010986199725736315,8.833504837701873e-05,0.00010986199725736315
50,306,model1_fixed_q,0.04517669830723521,7.845790950169851e-05,7.53368921400647e-05,7.845790950169851e-05
50,306,model3_dynamic_q,0.052235272371688964,0.00011067337616542738,0.00011067337616542738,0.00011055190761155197
50,307,model1_fixed_q,0.045250022632987295,7.813734029235538e-05,6.860199269309663e-05,7.813734029235538e-05
50,307,model3_dynamic_q,0.05220411406382819,0.00011307092826771439,0.00010715676362354724,0.00011307092826771439
50,308,model1_fixed_q,0.045192590574037995,7.877190737978758e-05,7.663431766691075e-05,7.877190737978758e-05
50,308,model3_dynamic_q,0.052308250582583045,0.00010776276643377295,0.00010745294258899029,0.00010776276643377295
50,309,model1_fixed_q,0.045249635393069546,7.854394210387362e-05,7.797561147477542e-05,7.854394210387362e-05
50,309,model3_dynamic_q,0.05223756652518951,0.00011241110241454561,0.00011241110241454561,0.00010950345532067428
50,310,model1_fixed_q,0.04530429935370109,9.001832617460271e-05,9.00183261746027e-05,8.094501036089563e-05
50,310,model3_dynamic_q,0.05217203916979163,0.00011026160038095855,0.00010493355131944868,0.00011026160038095855
50,311,model1_fixed_q,0.04523172460327991,7.763014719228284e-05,7.23365751245146e-05,7.763014719228284e-05
50,311,model3_dynamic_q,0.05243040709384583,0.00011311461210273846,0.00010932181162175547,0.00011311461210273846
50,312,model1_fixed_q,0.04522769379206337,7.670724893802481e-05,7.670724893802481e-05,7.293262983062296e-05
50,312,model3_dynamic_q,0.05233811219657067,0.0001131540898372724,0.0001117697626268216,0.0001131540898372724
50,313,model1_fixed_q,0.045141154316211934,7.411719400950033e-05,7.411719400950033e-05,7.283980039940588e-05
50,313,model3_dynamic_q,0.05206456124434023,0.0001408464409380684,0.0001408464409380684,0.00011463537228993502
50,314,model1_fixed_q,0.04518243288977827,8.508381596513953e-05,8.508381596513952e-05,7.536589084506176e-05
50,314,model3_dynamic_q,0.05193737404992604,0.0001468821567369208,0.0001468821567369208,0.00011074075925404546
50,315,model1_fixed_q,0.045238399037107274,7.565284762419078e-05,6.775151193052928e-05,7.565284762419078e-05
50,315,model3_dynamic_q,0.052045500361162726,0.00013455749744809803,0.00013455749744809806,0.0001079952953054179
50,316,model1_fixed_q,0.045160462216366576,7.544476342642707e-05,7.544476342642706e-05,7.398536540507057e-05
50,316,model3_dynamic_q,0.05193132620221454,0.00014555826622919963,0.00014555826622919963,0.00010490306109781711
50,317,model1_fixed_q,0.04528200078092063,7.80393330594228e-05,7.803933305942279e-05,7.633417223294637e-05
50,317,model3_dynamic_q,0.05209797120046633,0.00012215826366055303,0.00012215826366055303,0.00010697704145424173
50,318,model1_fixed_q,0.045275557802942346,8.143556638620605e-05,4.712684799440395e-05,8.143556638620605e-05
50,318,model3_dynamic_q,0.052087987656182486,0.0001099050828219241,0.00010942048329639796,0.0001099050828219241
50,319,model1_fixed_q,0.045189665121567545,7.777412090727012e-05,6.40779335250095e-05,7.777412090727012e-05
50,319,model3_dynamic_q,0.05209851019972954,0.00012042528184196051,0.0001204252818419605,0.00011164215161751792
50,320,model1_fixed_q,0.045189084629556155,8.387972670662976e-05,8.387972670662976e-05,7.583164401534126e-05
50,320,model3_dynamic_q,0.052072638212895254,0.00011226115396830026,0.00010616134208817967,0.00011226115396830026
50,321,model1_fixed_q,0.04512540969300087,7.43845466948162e-05,6.38488594038109e-05,7.43845466948162e-05
50,321,model3_dynamic_q,0.05209148977963645,0.0001134758939517137,0.0001134758939517137,0.00010943635207351214
50,322,model1_fixed_q,0.04509240105061736,8.352432818332353e-05,8.352432818332353e-05,7.654769983526721e-05
50,322,model3_dynamic_q,0.052035283868923296,0.00011248386068182204,0.00011248386068182204,0.00010928269167369452
50,323,model1_fixed_q,0.04514655771175676,8.051207248921648e-05,8.051207248921648e-05,7.766315533015297e-05
50,323,model3_dynamic_q,0.052011058331537297,0.0001107645829186122,0.00011076458291861218,0.00010852707189204143
50,324,model1_fixed_q,0.045147506179396384,9.633115022681169e-05,9.633115022681169e-05,7.426916891142725e-05
50,324,model3_dynamic_q,0.052225081282090476,0.00011403787144044993,0.00011403787144044992,0.00011234109158528715
50,325,model1_fixed_q,0.04522967739857574,9.066250758391458e-05,9.066250758391458e-05,7.727807789332553e-05
50,325,model3_dynamic_q,0.05214709613349259,0.00012865511420811083,0.0001286551142081108,0.00010303564810298627
50,326,model1_fixed_q,0.04529509454390033,7.731668673120595e-05,7.678817350090675e-05,7.731668673120595e-05
50,326,model3_dynamic_q,0.05214316867680107,0.00010429850744176714,0.0001007983027389178,0.00010429850744176714
50,327,model1_fixed_q,0.04526103637092286,8.843145433755328e-05,8.843145433755328e-05,7.304927379039217e-05
50,327,model3_dynamic_q,0.05215294648908054,0.0001032394460069715,9.736705933532729e-05,0.0001032394460069715
50,328,model1_fixed_q,0.045174415466070726,7.461326155408324e-05,6.673647606650361e-05,7.461326155408324e-05
50,328,model3_dynamic_q,0.05209325403287726,0.00010635653595148554,9.794543589158299e-05,0.00010635653595148554
50,329,model1_fixed_q,0.04526619863715462,7.493418163128899e-05,7.148539791602261e-05,7.493418163128899e-05
50,329,model3_dynamic_q,0.051991112147538064,0.00012675626996354683,0.00012675626996354683,0.00010658383487370585
50,330,model1_fixed_q,0.045336408487619044,7.633951879464668e-05,6.296773194899063e-05,7.633951879464668e-05
50,330,model3_dynamic_q,0.05193318508671548,0.00011036795155450135,0.00011036795155450135,0.0001083498636963719
50,331,model1_fixed_q,0.04539326920312621,8.118402430858904e-05,5.719175459226197e-05,8.118402430858904e-05
50,331,model3_dynamic_q,0.05206808575126434,0.0001141902500328664,0.0001141902500328664,0.0001092418700281589
50,332,model1_fixed_q,0.0452708108798516,8.037661070196123e-05,8.037661070196123e-05,7.685866127038609e-05
50,332,model3_dynamic_q,0.05214511284650438,0.00013100304671420188,0.00013100304671420188,0.00011009415081180533
50,333,model1_fixed_q,0.04525268301363816,7.809560816777832e-05,7.809560816777831e-05,7.510696703496614e-05
50,333,model3_dynamic_q,0.052154341063903036,0.00011025448679958554,0.00010663692781250051,0.00011025448679958554
50,334,model1_fixed_q,0.04526060316983079,7.602200611174098e-05,7.402381628190935e-05,7.602200611174098e-05
50,334,model3_dynamic_q,0.05217982477511055,0.00011306989148044994,9.194074511538959e-05,0.00011306989148044994
50,335,model1_fixed_q,0.045250079003675815,7.372910531280115e-05,7.037691662144345e-05,7.372910531280115e-05
50,335,model3_dynamic_q,0.052122468524274296,0.0001096341383980678,0.00010434677470298708,0.0001096341383980678
50,336,model1_fixed_q,0.04515537027535312,8.086342914215585e-05,8.086342914215585e-05,7.399075526904091e-05
50,336,model3_dynamic_q,0.05220147539084922,0.00011762899653433196,0.00011762899653433196,0.00010910573574334046
50,337,model1_fixed_q,0.045184442781564485,7.706602077138544e-05,6.729030791189135e-05,7.706602077138544e-05
50,337,model3_dynamic_q,0.052090355602073694,0.00010919616363622487,0.00010422209194762615,0.00010919616363622487
50,338,model1_fixed_q,0.04513813195562607,7.681832901643695e-05,7.681832901643695e-05,7.588017639309266e-05
50,338,model3_dynamic_q,0.05204413056506088,0.00010709872287008281,0.0001006416866855222,0.00010709872287008281
50,339,model1_fixed_q,0.04519939847343424,7.260862007095553e-05,7.248282961655938e-05,7.260862007095553e-05
50,339,model3_dynamic_q,0.0520715943694019,0.00011791481742298574,0.00011791481742298573,0.00010877575970905582
50,340,model1_fixed_q,0.04527530307168008,7.327707447736103e-05,6.751813884165947e-05,7.327707447736103e-05
50,340,model3_dynamic_q,0.0521521653324688,0.00010988836328338157,0.00010599755557568814,0.00010988836328338157
50,341,model1_fixed_q,0.04514755016153379,7.4951932714955e-05,7.4951932714955e-05,7.450835850420537e-05
50,341,model3_dynamic_q,0.05221436452798351,0.0001082969602721283,0.00010072655910609328,0.0001082969602721283
50,342,model1_fixed_q,0.045157296425597473,7.458350707862896e-05,7.458350707862896e-05,7.287897140393139e-05
50,342,model3_dynamic_q,0.05236494996214031,0.0001103992960255893,9.634753981309069e-05,0.0001103992960255893
50,343,model1_fixed_q,0.04517595538747111,8.12281357305493e-05,8.122813573054929e-05,7.374434718166402e-05
50,343,model3_dynamic_q,0.052258284369849584,0.00011540580809307643,0.0001028153420577757,0.00011540580809307643
50,344,model1_fixed_q,0.045194671527152196,7.55569180707413e-05,6.722665973152078e-05,7.55569180707413e-05
50,344,model3_dynamic_q,0.05234194172773486,0.00011424803505698316,0.00011228583174552281,0.00011424803505698316
50,345,model1_fixed_q,0.045207923257049164,7.588126655740431e-05,7.426607514860347e-05,7.588126655740431e-05
50,345,model3_dynamic_q,0.05235996246138904,0.00011798156333245028,0.0001121201156440104,0.00011798156333245028
50,346,model1_fixed_q,0.04517856396326934,8.400136806910156e-05,8.400136806910156e-05,7.708482732537266e-05
50,346,model3_dynamic_q,0.05232205283003378,0.00013214371688106028,0.00013214371688106028,0.00011553327610662795
50,347,model1_fixed_q,0.044999543358884196,8.483696903107097e-05,8.483696903107097e-05,7.677915494001442e-05
50,347,model3_dynamic_q,0.052203542030965666,0.00011572151994473925,0.00011572151994473925,0.00010742530669234742
50,348,model1_fixed_q,0.04519922831070282,7.722379152961632e-05,7.503623889987795e-05,7.722379152961632e-05
50,348,model3_dynamic_q,0.05223864991002607,0.0001184219405942993,0.00011842194059429929,0.00011564332593115768
50,349,model1_fixed_q,0.045251355458295735,7.639804678805018e-05,7.639804678805018e-05,7.55169555868364e-05
50,349,model3_dynamic_q,0.05217693160530289,0.00011469916477624749,0.00010034939388521932,0.00011469916477624749
50,350,model1_fixed_q,0.0452854616419106,7.86116528230516e-05,5.5333135069571284e-05,7.86116528230516e-05
50,350,model3_dynamic_q,0.051966457758478406,0.00011201482582634302,0.00010149653356764644,0.00011201482582634302
50,351,model1_fixed_q,0.045210706911170837,7.874207528250123e-05,7.381422096496853e-05,7.874207528250123e-05
50,351,model3_dynamic_q,0.05208701070557741,0.00010865163241390736,9.586677190639759e-05,0.00010865163241390736
50,352,model1_fixed_q,0.04515580286968036,7.525631534322764e-05,7.15212062921117e-05,7.525631534322764e-05
50,352,model3_dynamic_q,0.05231804782471051,0.00011904103078574957,0.00011904103078574957,0.00011005936224023474
50,353,model1_fixed_q,0.04505008188434508,7.601797788793278e-05,7.18124245201456e-05,7.601797788793278e-05
50,353,model3_dynamic_q,0.05225080586789917,0.00011365412409566965,9.596587716504662e-05,0.00011365412409566965
50,354,model1_fixed_q,0.04516748610599979,7.582036595214636e-05,7.582036595214636e-05,7.533011722969601e-05
50,354,model3_dynamic_q,0.052192266355846416,0.00011149529221184205,9.263900541602272e-05,0.00011149529221184205
50,355,model1_fixed_q,0.04516419143367504,7.81279625832189e-05,7.81279625832189e-05,7.796325154823724e-05
50,355,model3_dynamic_q,0.05204761289628942,0.00011020882630203049,0.0001102088263020305,0.00010894409369948947
50,356,model1_fixed_q,0.04509488611871915,8.373373120103862e-05,8.373373120103862e-05,7.400837917172299e-05
50,356,model3_dynamic_q,0.0520951174048283,0.00011242304443885172,0.00011242304443885172,0.00011023711092123194
50,357,model1_fixed_q,0.0450770338858469,7.392577365103113e-05,6.630008030074976e-05,7.392577365103113e-05
50,357,model3_dynamic_q,0.05208133358756882,0.0001225197208487239,0.0001225197208487239,0.00011078852129318442
50,358,model1_fixed_q,0.04523317392736847,7.554399782543582e-05,6.908399290197528e-05,7.554399782543582e-05
50,358,model3_dynamic_q,0.05200346578264027,0.00010874732182028529,9.92963715632333e-05,0.00010874732182028529
50,359,model1_fixed_q,0.04523834129224225,0.00010712538058497354,0.00010712538058497354,7.594026728742678e-05
50,359,model3_dynamic_q,0.05205375354097639,0.00011000947760759751,0.00010985352609076997,0.00011000947760759751
50,360,model1_fixed_q,0.04510195123732456,8.791111923715561e-05,8.791111923715561e-05,7.681652555234745e-05
50,360,model3_dynamic_q,0.05210046687777829,0.0001108436779573,0.0001108436779573,0.00010852509134222455
50,361,model1_fixed_q,0.04521848487648435,7.7478293762132e-05,7.610581633581027e-05,7.7478293762132e-05
50,361,model3_dynamic_q,0.05207275371750141,0.00010526371018687621,9.35567660358471e-05,0.00010526371018687621
50,362,model1_fixed_q,0.0451099332399537,7.927071102904935e-05,6.176406094923096e-05,7.927071102904935e-05
50,362,model3_dynamic_q,0.05227265578250754,0.0001342757280033234,0.0001342757280033234,0.00010671594752805406
50,363,model1_fixed_q,0.045137185511234044,7.547549534101313e-05,7.196903105814228e-05,7.547549534101313e-05
50,363,model3_dynamic_q,0.0520840038454566,0.00011657876470419392,0.00011657876470419392,0.00010476220444743326
50,364,model1_fixed_q,0.045126430986000304,7.338837067125721e-05,6.944449447647799e-05,7.338837067125721e-05
50,364,model3_dynamic_q,0.052047284206327885,0.00010665288895566964,8.185636366926195e-05,0.00010665288895566964
50,365,model1_fixed_q,0.045127541741515356,7.685895115393296e-05,7.271043294062903e-05,7.685895115393296e-05
50,365,model3_dynamic_q,0.05209341383056489,0.00010902031350920313,0.00010272951475984963,0.00010902031350920313
50,366,model1_fixed_q,0.04523686774220138,8.38884376826263e-05,8.38884376826263e-05,7.526356720786538e-05
50,366,model3_dynamic_q,0.05217428840136889,0.00010781417951497782,0.00010296111414876128,0.00010781417951497782
50,367,model1_fixed_q,0.04526309249604288,7.723050291821412e-05,6.764753714712501e-05,7.723050291821412e-05
50,367,model3_dynamic_q,0.052200253025542674,0.0001109890802206126,0.00011098908022061261,0.0001089760769020957
50,368,model1_fixed_q,0.045146976389468844,7.52602791967004e-05,6.795653668191234e-05,7.52602791967004e-05
50,368,model3_dynamic_q,0.05214091146090218,0.00011068650484715967,9.108633438325758e-05,0.00011068650484715967
50,369,model1_fixed_q,0.04512128154276265,7.403179062068209e-05,6.76610477163076e-05,7.403179062068209e-05
50,369,model3_dynamic_q,0.05198562833975118,0.00010712989999607231,9.296426155301904e-05,0.00010712989999607231
50,370,model1_fixed_q,0.045173431329697686,7.475807309472009e-05,5.6590874760473176e-05,7.475807309472009e-05
50,370,model3_dynamic_q,0.05209096480814743,0.00010585071702224065,7.337766476851585e-05,0.00010585071702224065
50,371,model1_fixed_q,0.04511534646050275,7.686132591672511e-05,6.442207097099936e-05,7.686132591672511e-05
50,371,model3_dynamic_q,0.05189891920510555,0.00010458299623065744,8.165773671896671e-05,0.00010458299623065744
50,372,model1_fixed_q,0.0450775975906952,7.767697982521874e-05,5.552106752411351e-05,7.767697982521874e-05
50,372,model3_dynamic_q,0.05205186713574064,0.000107040301226835,0.00010249431613800085,0.000107040301226835
50,373,model1_fixed_q,0.04514978437616188,8.59682614403631e-05,8.59682614403631e-05,7.880883738741159e-05
50,373,model3_dynamic_q,0.05201564660398414,0.00010547370314924556,7.105138406292103e-05,0.00010547370314924556
50,374,model1_fixed_q,0.04521711567245176,9.533206042865596e-05,9.533206042865596e-05,7.587263400386192e-05
50,374,model3_dynamic_q,0.05202529004404256,0.00010903613072803249,0.00010295377332743857,0.00010903613072803249
50,375,model1_fixed_q,0.045252740580837246,8.46796851521549e-05,8.467968515215488e-05,7.979725028385878e-05
50,375,model3_dynamic_q,0.05210470196509128,0.00010525836675263746,9.668120710235197e-05,0.00010525836675263746
50,376,model1_fixed_q,0.04521894033809627,7.863895476917042e-05,7.389482393939584e-05,7.863895476917042e-05
50,376,model3_dynamic_q,0.052096201607551657,0.00011040697930568265,0.00011040697930568263,0.0001053751376709324
50,377,model1_fixed_q,0.045194724434377685,7.748730766080442e-05,7.739932310690849e-05,7.748730766080442e-05
50,377,model3_dynamic_q,0.051937316912260306,0.00010837660632270356,8.950875525889232e-05,0.00010837660632270356
50,378,model1_fixed_q,0.045183010477605805,7.532857193141313e-05,5.918855240089597e-05,7.532857193141313e-05
50,378,model3_dynamic_q,0.05194401061014428,0.00011602219662547902,0.00011602219662547902,0.0001115113643839747
50,379,model1_fixed_q,0.04512980957213417,7.622306728857794e-05,6.998432623759988e-05,7.622306728857794e-05
50,379,model3_dynamic_q,0.05214996402452597,0.00010653664764679664,0.00010093071128154988,0.00010653664764679664
50,380,model1_fixed_q,0.045228147312950356,8.928382591734449e-05,8.92838259173445e-05,7.660460297319798e-05
50,380,model3_dynamic_q,0.052359731552501156,0.00010965021885874907,9.927488944300811e-05,0.00010965021885874907
50,381,model1_fixed_q,0.045153481958977476,9.593682274944119e-05,9.59368227494412e-05,8.03854927083027e-05
50,381,model3_dynamic_q,0.05226442519054306,0.00011376401652277393,9.18471810520973e-05,0.00011376401652277393
50,382,model1_fixed_q,0.04513968392925157,0.00010029518776347473,0.00010029518776347473,7.691753941493551e-05
50,382,model3_dynamic_q,0.05211228838165148,0.00011507937872843007,8.861204126631928e-05,0.00011507937872843007
50,383,model1_fixed_q,0.04510317082504823,7.77235807920306e-05,7.674189254426299e-05,7.77235807920306e-05
50,383,model3_dynamic_q,0.052143783007916805,0.00011173211339007967,0.00010549222308206934,0.00011173211339007967
50,384,model1_fixed_q,0.04512738028194138,7.956336833938603e-05,7.956336833938603e-05,7.908923624534578e-05
50,384,model3_dynamic_q,0.05221090832317302,0.00011164957015529276,8.327401480151126e-05,0.00011164957015529276
50,385,model1_fixed_q,0.045136341496221366,8.002515149065582e-05,6.810578245993968e-05,8.002515149065582e-05
50,385,model3_dynamic_q,0.052046118426878965,0.00011115665105038593,8.769290435604036e-05,0.00011115665105038593
50,386,model1_fixed_q,0.045237253366826095,7.635183881136453e-05,7.116064220232957e-05,7.635183881136453e-05
50,386,model3_dynamic_q,0.05205430734060334,0.0001090242320609797,8.32218167487102e-05,0.0001090242320609797
50,387,model1_fixed_q,0.045187451308746816,8.014562272773664e-05,7.026741646591421e-05,8.014562272773664e-05
50,387,model3_dynamic_q,0.0519939592692534,0.0001122437607752784,9.53533156669829e-05,0.0001122437607752784
50,388,model1_fixed_q,0.04512619855258097,8.032534322538614e-05,6.80974303870525e-05,8.032534322538614e-05
50,388,model3_dynamic_q,0.05220212538145554,0.00013196894646445737,0.00013196894646445737,0.00011004777812483767
50,389,model1_fixed_q,0.04516028084569233,7.721490530496784e-05,6.803289423286442e-05,7.721490530496784e-05
50,389,model3_dynamic_q,0.05202022598094584,0.00011820525032306115,0.00011820525032306113,0.00010949444742195295
50,390,model1_fixed_q,0.04516560661706355,7.68792593993766e-05,6.044865962668581e-05,7.68792593993766e-05
50,390,model3_dynamic_q,0.05194399702695827,0.00011058881068566728,9.752075970717213e-05,0.00011058881068566728
50,391,model1_fixed_q,0.04522880713831,9.175425729184868e-05,9.175425729184868e-05,7.701800393689648e-05
50,391,model3_dynamic_q,0.052078733888209876,0.0001094281160134608,9.390801719034592e-05,0.0001094281160134608
50,392,model1_fixed_q,0.04515094446093607,8.8052169843732e-05,8.8052169843732e-05,7.853431780143185e-05
50,392,model3_dynamic_q,0.052064786202557375,0.00011472531847651949,9.746273016787093e-05,0.00011472531847651949
50,393,model1_fixed_q,0.0451934591323488,7.735159502097222e-05,7.434072487239695e-05,7.735159502097222e-05
50,393,model3_dynamic_q,0.05215925707344717,0.00010942192303895057,0.00010942192303895057,0.00010924356096594291
50,394,model1_fixed_q,0.04527180504291527,7.661601991538988e-05,4.998512129039961e-05,7.661601991538988e-05
50,394,model3_dynamic_q,0.05225835577951067,0.00012820819080031017,0.00012820819080031014,0.00010685061325442455
50,395,model1_fixed_q,0.0451552497818501,7.531531840216655e-05,7.138781152392403e-05,7.531531840216655e-05
50,395,model3_dynamic_q,0.05214038457302296,0.00011182115694233852,0.00011182115694233852,0.00010511495450112856
50,396,model1_fixed_q,0.04515983461119614,7.893901491729267e-05,7.893901491729267e-05,7.5328232261935e-05
50,396,model3_dynamic_q,0.05196824248916885,0.00011089271984189849,0.00011089271984189847,0.00010527370513024294
50,397,model1_fixed_q,0.0451955990207644,8.158998215487789e-05,8.158998215487787e-05,7.767032877295883e-05
50,397,model3_dynamic_q,0.05207222036979782,0.00013545993332132958,0.00013545993332132958,0.00010684806784430854
50,398,model1_fixed_q,0.04521363522905028,7.70112718268467e-05,7.573002261497547e-05,7.70112718268467e-05
50,398,model3_dynamic_q,0.051936308096233584,0.0001322668661674082,0.0001322668661674082,0.00010596322260551036
50,399,model1_fixed_q,0.04515870551579651,7.407991759131134e-05,7.407991759131134e-05,7.368369270568263e-05
50,399,model3_dynamic_q,0.051836494297765344,0.00011220164834928777,0.00011220164834928777,0.0001067713978667499
50,400,model1_fixed_q,0.045212127108485725,7.679915319578284e-05,7.679915319578284e-05,7.498896812874412e-05
50,400,model3_dynamic_q,0.05172962206349963,0.00010660627666750872,0.00010093186461109709,0.00010660627666750872
50,401,model1_fixed_q,0.04508590360798401,7.380478890306433e-05,5.675823018689156e-05,7.380478890306433e-05
50,401,model3_dynamic_q,0.05170571723507943,0.00011073596826720554,0.00011024657285437013,0.00011073596826720554
50,402,model1_fixed_q,0.04507325812106504,7.447969483136119e-05,5.106986515844499e-05,7.447969483136119e-05
50,402,model3_dynamic_q,0.05196583916536608,0.00014057441743769883,0.00014057441743769883,0.00010971089050412784
50,403,model1_fixed_q,0.04507200458171193,7.497576300330985e-05,6.542250911299506e-05,7.497576300330985e-05
50,403,model3_dynamic_q,0.05192635094401147,0.00012598921969189178,0.00012598921969189178,0.00010522993685048198
50,404,model1_fixed_q,0.04510183515244911,7.655681442739295e-05,5.1627786051175504e-05,7.655681442739295e-05
50,404,model3_dynamic_q,0.051977022923015204,0.0001123645478367663,0.0001123645478367663,0.0001070334074711687
50,405,model1_fixed_q,0.045185607855680314,7.881956583310378e-05,7.573784609631559e-05,7.881956583310378e-05
50,405,model3_dynamic_q,0.05211381726120225,0.00011991334409405065,0.00011991334409405065,0.00011018812068453995
50,406,model1_fixed_q,0.04515903989750336,8.969021639427262e-05,8.969021639427262e-05,7.782238978564202e-05
50,406,model3_dynamic_q,0.0519802320416362,0.00010948696554604081,9.027116880300296e-05,0.00010948696554604081
50,407,model1_fixed_q,0.045266217806175055,8.398576556588495e-05,8.398576556588494e-05,7.505358250596564e-05
50,407,model3_dynamic_q,0.05196402037714442,0.00011189038475098114,8.894451146455327e-05,0.00011189038475098114
50,408,model1_fixed_q,0.04517608097920013,8.470209661523575e-05,8.470209661523574e-05,7.413698191927833e-05
50,408,model3_dynamic_q,0.05209899435602461,0.00010653547616974217,0.00010264686052839913,0.00010653547616974217
50,409,model1_fixed_q,0.04525776860353007,7.550322854389403e-05,7.550322854389403e-05,7.297859146881966e-05
50,409,model3_dynamic_q,0.05198811606483918,0.00010514061731943679,9.230056945187302e-05,0.00010514061731943679
50,410,model1_fixed_q,0.04512716568349379,7.744937472415658e-05,5.802662632544253e-05,7.744937472415658e-05
50,410,model3_dynamic_q,0.05181631575036445,0.0001076990217745818,9.97536614303237e-05,0.0001076990217745818
50,411,model1_fixed_q,0.04516102925512082,7.649776775104047e-05,6.438621170447176e-05,7.649776775104047e-05
50,411,model3_dynamic_q,0.05199729360910392,0.00011221262070349278,0.00010059837879299796,0.00011221262070349278
50,412,model1_fixed_q,0.04516656509362359,7.748909806283498e-05,7.183344224870418e-05,7.748909806283498e-05
50,412,model3_dynamic_q,0.052139838916600616,0.0001287905829659156,0.00012879058296591563,0.00010833565285079644
50,413,model1_fixed_q,0.045164238381856445,7.713562696822217e-05,6.909843777613787e-05,7.713562696822217e-05
50,413,model3_dynamic_q,0.052070897994894214,0.00011666024791183852,0.00011666024791183852,0.0001046961340155848
50,414,model1_fixed_q,0.045193022288408685,8.724938253356294e-05,8.724938253356294e-05,7.320020360540454e-05
50,414,model3_dynamic_q,0.05208089390527745,0.00011035189596564861,0.00011035189596564861,0.00010792128112444829
50,415,model1_fixed_q,0.04520215166021949,8.04273039033406e-05,8.04273039033406e-05,7.288530347643641e-05
50,415,model3_dynamic_q,0.05189125017731477,0.00012580240555197595,0.00012580240555197595,0.00010661963328314077
50,416,model1_fixed_q,0.045119549532817355,7.520272010402824e-05,6.811691384645432e-05,7.520272010402824e-05
50,416,model3_dynamic_q,0.051836155685788254,0.00014242185014006148,0.00014242185014006145,0.00010750320800142283
50,417,model1_fixed_q,0.045120016935614835,8.551309338273069e-05,8.551309338273069e-05,7.694576327120346e-05
50,417,model3_dynamic_q,0.0517872766173667,0.0001295197395936654,0.00012951973959366537,0.00010743161950281989
50,418,model1_fixed_q,0.04516934755886159,7.800058965613899e-05,7.273689462938662e-05,7.800058965613899e-05
50,418,model3_dynamic_q,0.05196167487621669,0.00011675250285049312,0.00011675250285049312,0.00011040935932591166
50,419,model1_fixed_q,0.04519799093703462,8.054077173500528e-05,8.054077173500527e-05,7.338589038583229e-05
50,419,model3_dynamic_q,0.05198525234562707,0.00010940784480420591,0.00010913234672137031,0.00010940784480420591
50,420,model1_fixed_q,0.04518145888616855,7.649836024911442e-05,6.892097469701698e-05,7.649836024911442e-05
50,420,model3_dynamic_q,0.052067630233018795,0.00010805468737893358,8.645373642637445e-05,0.00010805468737893358
50,421,model1_fixed_q,0.04521881827019013,7.700641128098392e-05,5.838394056545965e-05,7.700641128098392e-05
50,421,model3_dynamic_q,0.05192532319774366,0.00010692394637828954,8.561491338920849e-05,0.00010692394637828954
50,422,model1_fixed_q,0.04503886086652036,7.673302459366757e-05,7.234167189680693e-05,7.673302459366757e-05
50,422,model3_dynamic_q,0.052111225921820374,0.00011408742361093548,0.00010555317069001026,0.00011408742361093548
50,423,model1_fixed_q,0.04505858141903011,8.633663342234278e-05,8.633663342234278e-05,7.417928841674083e-05
50,423,model3_dynamic_q,0.052143744007610654,0.00011830738799425836,0.00011830738799425836,0.0001077838845234625
50,424,model1_fixed_q,0.04510225564581558,7.571391222213762e-05,7.568196436574021e-05,7.571391222213762e-05
50,424,model3_dynamic_q,0.05211430453347412,0.00010797858747420633,9.597350904258185e-05,0.00010797858747420633
50,425,model1_fixed_q,0.0451175209501024,8.273559777218857e-05,8.273559777218857e-05,7.68908474825196e-05
50,425,model3_dynamic_q,0.052076004199608845,0.00011371391497851384,0.00010352802792179472,0.00011371391497851384
50,426,model1_fixed_q,0.04515031478974119,7.99002908136054e-05,7.99002908136054e-05,7.938666419094118e-05
50,426,model3_dynamic_q,0.052062698412138744,0.00011218333449717229,0.0001019023877801909,0.00011218333449717229
50,427,model1_fixed_q,0.04519064955641841,8.64600729207864e-05,8.64600729207864e-05,7.568531835035537e-05
50,427,model3_dynamic_q,0.05217163152442568,0.00010887536291895634,0.00010625065144900491,0.00010887536291895634
50,428,model1_fixed_q,0.04522038570338705,7.54745411254384e-05,7.547454112543842e-05,7.428410045312406e-05
50,428,model3_dynamic_q,0.05214362425743649,0.00013395654155975992,0.0001339565415597599,0.00010855478425748365
50,429,model1_fixed_q,0.04519890727342237,0.00010867479501081788,0.00010867479501081788,7.548754624315062e-05
50,429,model3_dynamic_q,0.05217717089764342,0.00010995947085119653,9.639427690744767e-05,0.00010995947085119653
50,430,model1_fixed_q,0.045178073685884855,7.811373681171314e-05,7.811373681171314e-05,7.405528951478233e-05
50,430,model3_dynamic_q,0.052131811209419544,0.0001111564003358714,0.00010793757335273761,0.0001111564003358714
50,431,model1_fixed_q,0.04521091990649381,7.602131962117109e-05,7.087259375281164e-05,7.602131962117109e-05
50,431,model3_dynamic_q,0.05197340858040923,0.00010845877255754135,9.740834655272823e-05,0.00010845877255754135
50,432,model1_fixed_q,0.04520127742227034,7.700445760399632e-05,6.21132487392606e-05,7.700445760399632e-05
50,432,model3_dynamic_q,0.05203823604588304,0.00011082159136320653,9.034274736823312e-05,0.00011082159136320653
50,433,model1_fixed_q,0.04513147202042248,8.342327470525937e-05,8.342327470525937e-05,7.484216639966533e-05
50,433,model3_dynamic_q,0.05208551007954553,0.00010616142471929393,9.137692823381643e-05,0.00010616142471929393
50,434,model1_fixed_q,0.045239329164339946,7.849473182872765e-05,6.063556989161169e-05,7.849473182872765e-05
50,434,model3_dynamic_q,0.05211737929148051,0.00010935278535847222,0.00010606706545002227,0.00010935278535847222
50,435,model1_fixed_q,0.045082518259166975,7.524344462508805e-05,7.288902750383852e-05,7.524344462508805e-05
50,435,model3_dynamic_q,0.05205193758349101,0.00010961022122105486,8.741149640285123e-05,0.00010961022122105486
50,436,model1_fixed_q,0.04518860666212543,7.45940722178305e-05,7.312221260682977e-05,7.45940722178305e-05
50,436,model3_dynamic_q,0.052062330758079006,0.0001111316375734239,8.40048168038917e-05,0.0001111316375734239
50,437,model1_fixed_q,0.04527221153595446,7.775219994698961e-05,6.815243031139345e-05,7.775219994698961e-05
50,437,model3_dynamic_q,0.05215701061738144,0.00011583128199905533,0.00011583128199905533,0.00011125219097250682
50,438,model1_fixed_q,0.04529732252071175,7.794361321111773e-05,7.009168812829214e-05,7.794361321111773e-05
50,438,model3_dynamic_q,0.052172795055721435,0.00012703135615364696,0.00012703135615364696,0.0001092686845003565
50,439,model1_fixed_q,0.045356426820091854,8.074131340263413e-05,8.074131340263413e-05,7.563382334561223e-05
50,439,model3_dynamic_q,0.052170838884379685,0.00011788573853128555,0.00011788573853128555,0.00010794128769863068
50,440,model1_fixed_q,0.04541142514880717,7.874976678164453e-05,7.82525236825596e-05,7.874976678164453e-05
50,440,model3_dynamic_q,0.05221923568627163,0.00012440309474160614,0.00012440309474160614,0.00010823238832546468
50,441,model1_fixed_q,0.045247621141217116,7.784633981983946e-05,7.696216980352218e-05,7.784633981983946e-05
50,441,model3_dynamic_q,0.052066400498812206,0.00011231894609518791,0.0001123189460951879,0.0001064354803904406
50,442,model1_fixed_q,0.045170478037914366,7.578746893619108e-05,6.681148787091983e-05,7.578746893619108e-05
50,442,model3_dynamic_q,0.05200789890944005,0.00010583185438830558,0.00010583185438830558,0.0001029390476969804
50,443,model1_fixed_q,0.04508841159805517,7.726109732849359e-05,7.658882689522492e-05,7.726109732849359e-05
50,443,model3_dynamic_q,0.05203363801723414,0.00010859316761767112,8.902772995854569e-05,0.00010859316761767112
50,444,model1_fixed_q,0.04525597555183495,7.521977825759659e-05,7.521977825759659e-05,7.397529367964611e-05
50,444,model3_dynamic_q,0.05205956612654292,0.00011023615347096645,0.00010945718477883082,0.00011023615347096645
50,445,model1_fixed_q,0.045239699474859424,7.216223313334068e-05,6.398324337559881e-05,7.216223313334068e-05
50,445,model3_dynamic_q,0.05202594178169022,0.00011028299067596434,0.00010861034585022374,0.00011028299067596434
50,446,model1_fixed_q,0.045192993440757764,8.482040642194892e-05,8.48204064219489e-05,7.652479131836937e-05
50,446,model3_dynamic_q,0.0520103982729247,0.00010849616932509014,0.00010849616932509014,0.0001060781252174471
50,447,model1_fixed_q,0.045240868785254636,7.795772304878546e-05,7.795772304878546e-05,7.043079821818793e-05
50,447,model3_dynamic_q,0.052125201211199124,0.00011853667928648735,0.00011853667928648735,0.0001095951033732467
50,448,model1_fixed_q,0.0451989160001569,8.234965253330603e-05,8.234965253330603e-05,7.693709718231802e-05
50,448,model3_dynamic_q,0.051966960475597124,0.00010772564933031712,0.00010772564933031711,0.00010562973581392139
50,449,model1_fixed_q,0.04528834164918874,8.134496206444054e-05,7.993274529393741e-05,8.134496206444054e-05
50,449,model3_dynamic_q,0.05206522671674969,0.00011738125272299912,0.00011738125272299912,0.00010196206089501357
50,450,model1_fixed_q,0.045206564337194846,7.596997910268161e-05,7.330891325788126e-05,7.596997910268161e-05
50,450,model3_dynamic_q,0.05209468195754572,0.00010799165343311331,0.0001031706698122722,0.00010799165343311331
50,451,model1_fixed_q,0.04519155238242604,8.307254275491169e-05,8.307254275491169e-05,7.53611644534309e-05
50,451,model3_dynamic_q,0.05214545192373747,0.00011849849402629926,0.00011849849402629926,0.00011105547591275686
50,452,model1_fixed_q,0.0452009367744326,7.88635583764667e-05,7.694698108292912e-05,7.88635583764667e-05
50,452,model3_dynamic_q,0.05219803933257377,0.00012309758540224826,0.00012309758540224823,0.00010826939036023664
50,453,model1_fixed_q,0.045216817905317994,8.053749660247895e-05,8.053749660247895e-05,7.776715534913941e-05
50,453,model3_dynamic_q,0.0521085566481284,0.00011841019473341072,0.00011841019473341074,0.00010862543772269663
50,454,model1_fixed_q,0.04514222237279043,7.860986161165304e-05,5.606392947459316e-05,7.860986161165304e-05
50,454,model3_dynamic_q,0.05219900329342686,0.00011180696405765378,9.664462030140194e-05,0.00011180696405765378
50,455,model1_fixed_q,0.045200917949893026,8.15940210630952e-05,7.684735961171686e-05,8.15940210630952e-05
50,455,model3_dynamic_q,0.05227711781201034,0.00011254126757740143,0.00011137145451421011,0.00011254126757740143
50,456,model1_fixed_q,0.04517491181959101,7.65051095181389e-05,6.95289022372383e-05,7.65051095181389e-05
50,456,model3_dynamic_q,0.052185852371060645,0.00011547080986335238,0.00011547080986335238,0.00011188842184628206
50,457,model1_fixed_q,0.04508677648605385,8.266645905706325e-05,8.266645905706325e-05,7.556173860018461e-05
50,457,model3_dynamic_q,0.05199432679304549,0.0001115922651353965,0.0001115922651353965,0.0001092049983702979
50,458,model1_fixed_q,0.04523089170847188,0.00010083161964001082,0.00010083161964001081,7.484955623351656e-05
50,458,model3_dynamic_q,0.052028600530363164,0.00011410292999769123,0.00011410292999769122,0.00010863965018253017
50,459,model1_fixed_q,0.04512020786769955,8.947617477761092e-05,8.94761747776109e-05,7.812642703921023e-05
50,459,model3_dynamic_q,0.05185571396622007,0.00011628076643272144,0.00011628076643272142,0.00011012178466723391
50,460,model1_fixed_q,0.045233693660383434,7.912206233395644e-05,7.912206233395644e-05,7.527613015355258e-05
50,460,model3_dynamic_q,0.0519521525363688,0.00011728981609365959,0.00011728981609365958,0.00011081428504702799
50,461,model1_fixed_q,0.04518955565432128,7.660274284221599e-05,6.219400959484173e-05,7.660274284221599e-05
50,461,model3_dynamic_q,0.05197051451703902,0.00010667284439124674,0.00010243959352747427,0.00010667284439124674
50,462,model1_fixed_q,0.04526101212980096,7.403223946420557e-05,5.0839085554199676e-05,7.403223946420557e-05
50,462,model3_dynamic_q,0.05206634956888658,0.00011097600070937601,8.462198854684921e-05,0.00011097600070937601
50,463,model1_fixed_q,0.04527449778857722,7.662257337235904e-05,6.512932109135073e-05,7.662257337235904e-05
50,463,model3_dynamic_q,0.05210803086031945,0.00012182698133489432,0.00012182698133489431,0.0001096443111062765
50,464,model1_fixed_q,0.045239751563768256,8.077552285445018e-05,7.255197408552405e-05,8.077552285445018e-05
50,464,model3_dynamic_q,0.05195309349942768,0.00010856948574587898,0.00010626236908230125,0.00010856948574587898
50,465,model1_fixed_q,0.04519982636309839,8.078611276661672e-05,6.780629359759199e-05,8.078611276661672e-05
50,465,model3_dynamic_q,0.051914330136982684,0.00010571811882471097,9.07085872712453e-05,0.00010571811882471097
50,466,model1_fixed_q,0.04519191658466929,8.17921465772183e-05,8.17921465772183e-05,7.963128768094195e-05
50,466,model3_dynamic_q,0.05200123026523916,0.00011195880657318515,0.00011195880657318515,0.00010891999011087204
50,467,model1_fixed_q,0.045098881543762605,9.330038946919598e-05,9.330038946919598e-05,7.835321323403832e-05
50,467,model3_dynamic_q,0.05203129207099562,0.00011331383393957376,0.00011331383393957376,0.0001085351024136055
50,468,model1_fixed_q,0.04512199024250749,8.7560287118787e-05,8.7560287118787e-05,7.747037886728847e-05
50,468,model3_dynamic_q,0.05216779447395716,0.00011259245691023185,0.00011259245691023187,0.00010750130563295337
50,469,model1_fixed_q,0.04517331773188411,7.686641677645478e-05,7.237659726162945e-05,7.686641677645478e-05
50,469,model3_dynamic_q,0.05216658202608488,0.00011010882959452893,0.00010445644681131901,0.00011010882959452893
50,470,model1_fixed_q,0.04523800695516848,7.517645335586973e-05,6.628630406469794e-05,7.517645335586973e-05
50,470,model3_dynamic_q,0.05219638697386249,0.00011036707966934618,9.268512741695777e-05,0.00011036707966934618
50,471,model1_fixed_q,0.04524971311275448,7.680937312210736e-05,7.653418225153625e-05,7.680937312210736e-05
50,471,model3_dynamic_q,0.05223436034537205,0.00012749882455702648,0.00012749882455702645,0.00010903582875064227
50,472,model1_fixed_q,0.04522615856443432,7.680886642355706e-05,6.357630721553103e-05,7.680886642355706e-05
50,472,model3_dynamic_q,0.05236168494729461,0.00011529867776960852,0.00011529867776960852,0.00011153512380704935
50,473,model1_fixed_q,0.045288724349897024,7.518996605652856e-05,7.070537669257445e-05,7.518996605652856e-05
50,473,model3_dynamic_q,0.05221684213782014,0.00011125300530727875,0.00010860132396471744,0.00011125300530727875
50,474,model1_fixed_q,0.04522473486670301,7.930971995511126e-05,7.909833384925451e-05,7.930971995511126e-05
50,474,model3_dynamic_q,0.05216287074035249,0.00011479742026334667,0.00011479742026334666,0.00011210666658875399
50,475,model1_fixed_q,0.04524236959099802,8.792991666526326e-05,8.792991666526326e-05,7.52203811530614e-05
50,475,model3_dynamic_q,0.05217861449680191,0.00011574562349363405,0.00011574562349363405,0.00011009745128873392
50,476,model1_fixed_q,0.04513368403143923,8.183155673062515e-05,8.183155673062515e-05,7.627308833416951e-05
50,476,model3_dynamic_q,0.05210397145295776,0.00010762820021532313,0.00010762820021532313,0.00010611613872194559
50,477,model1_fixed_q,0.04508410113446715,7.588866744971482e-05,5.559557867099797e-05,7.588866744971482e-05
50,477,model3_dynamic_q,0.05211014145383105,0.00012257744298661187,0.00012257744298661187,0.00010678219331314073
50,478,model1_fixed_q,0.045001366445046716,8.09372152118993e-05,6.431031145009064e-05,8.09372152118993e-05
50,478,model3_dynamic_q,0.05223312789770563,0.0001346512465189806,0.0001346512465189806,0.00010944241449751272
50,479,model1_fixed_q,0.04510686162981845,7.956105866258062e-05,7.956105866258062e-05,7.61005052505331e-05
50,479,model3_dynamic_q,0.05216526583779569,0.00013599286206332327,0.00013599286206332327,0.00011024116187992303
50,480,model1_fixed_q,0.04495110254545478,7.12486752446483e-05,7.001434433021505e-05,7.12486752446483e-05
50,480,model3_dynamic_q,0.05221573725663812,0.0001138098033271867,0.0001138098033271867,0.00010963604189681184
50,481,model1_fixed_q,0.04510902129017425,7.406479514603804e-05,7.406479514603804e-05,7.20264780331092e-05
50,481,model3_dynamic_q,0.05222664511622014,0.00012693661764359956,0.00012693661764359956,0.00011089330053955953
50,482,model1_fixed_q,0.045205832351189155,7.468435986753019e-05,6.752070974393359e-05,7.468435986753019e-05
50,482,model3_dynamic_q,0.05229364852829131,0.00011739837904909406,0.00011739837904909406,0.00011207464865252176
50,483,model1_fixed_q,0.045191625716947556,7.659097703668417e-05,7.659097703668418e-05,7.326023684066428e-05
50,483,model3_dynamic_q,0.05224137027304875,0.00011144196728744887,0.00011144196728744889,0.00011052745187046659
50,484,model1_fixed_q,0.04518940218093453,8.470870367778945e-05,8.470870367778945e-05,7.705538909985113e-05
50,484,model3_dynamic_q,0.05228039341585289,0.00011081855045689359,0.00010441688147222834,0.00011081855045689359
50,485,model1_fixed_q,0.04511486968409316,7.808452493426676e-05,7.808452493426677e-05,7.509553034325748e-05
50,485,model3_dynamic_q,0.05231559515078037,0.00011255653333247321,0.00010943453464503543,0.00011255653333247321
50,486,model1_fixed_q,0.0451353762468079,7.40027759620458e-05,6.898101406506084e-05,7.40027759620458e-05
50,486,model3_dynamic_q,0.052310554232920074,0.00011062732653960228,9.7260217884787e-05,0.00011062732653960228
50,487,model1_fixed_q,0.04516488268669013,7.835556420446631e-05,6.780701401519494e-05,7.835556420446631e-05
50,487,model3_dynamic_q,0.05236574765745288,0.00011289302739685782,0.00010388143185703774,0.00011289302739685782
50,488,model1_fixed_q,0.045113219828108744,7.964241833646461e-05,6.452519586079854e-05,7.964241833646461e-05
50,488,model3_dynamic_q,0.05249599677460166,0.00012228278509011952,0.00012228278509011952,0.00011025625929176765
50,489,model1_fixed_q,0.04525823879375087,8.40453561476707e-05,8.40453561476707e-05,7.87846526747554e-05
50,489,model3_dynamic_q,0.052271121177002396,0.00012453817719732487,0.00012453817719732487,0.00010736559470284395
50,490,model1_fixed_q,0.04535123205938637,8.059458015246719e-05,7.82034147224145e-05,8.059458015246719e-05
50,490,model3_dynamic_q,0.05227141793837852,0.00013036255648511994,0.00013036255648511992,0.00011186567208880104
50,491,model1_fixed_q,0.04534661650246061,7.955088255658514e-05,7.955088255658514e-05,7.745819900766511e-05
50,491,model3_dynamic_q,0.052119532888688404,0.00011198103665646311,0.00010683646698642051,0.00011198103665646311
50,492,model1_fixed_q,0.0452282656903795,7.57367266232239e-05,7.463430145851157e-05,7.57367266232239e-05
50,492,model3_dynamic_q,0.05215953834109289,0.00011817529226268152,0.0001181752922626815,0.00010517957494990767
50,493,model1_fixed_q,0.04524205904504438,7.611776538438706e-05,6.904194720875196e-05,7.611776538438706e-05
50,493,model3_dynamic_q,0.052266645319684155,0.00012828714702090217,0.00012828714702090217,0.00010651711831406706
50,494,model1_fixed_q,0.045215112245621344,8.272313028973157e-05,8.272313028973157e-05,7.402886229909308e-05
50,494,model3_dynamic_q,0.05207951057236988,0.00011926501292181362,0.00011926501292181363,0.00010600837566025441
50,495,model1_fixed_q,0.0451226939523296,7.645824343208615e-05,7.588043487401604e-05,7.645824343208615e-05
50,495,model3_dynamic_q,0.05209583625677984,0.00014439828953830014,0.00014439828953830014,0.00011035902369660512
50,496,model1_fixed_q,0.04517399121715978,9.273688937246943e-05,9.273688937246943e-05,7.607084438902898e-05
50,496,model3_dynamic_q,0.05206855770823473,0.00014070459780937827,0.00014070459780937827,0.00011266004262856334
50,497,model1_fixed_q,0.04507692654905783,7.55746662594288e-05,6.981419238561191e-05,7.55746662594288e-05
50,497,model3_dynamic_q,0.0520988833644536,0.0001252480653170157,0.0001252480653170157,0.00011132927070081146
50,498,model1_fixed_q,0.045099869906917944,8.591034584551987e-05,8.591034584551986e-05,7.373486341734719e-05
50,498,model3_dynamic_q,0.05200537155254095,0.00011970038902793883,0.00011970038902793882,0.00011551619234854895
50,499,model1_fixed_q,0.04505545909290334,8.752896313388297e-05,8.752896313388297e-05,7.368925340939682e-05
50,499,model3_dynamic_q,0.05200829058898669,0.00011140622186898393,0.00010460212311298316,0.00011140622186898393
50,500,model1_fixed_q,0.04516063979534251,7.641854874511822e-05,7.560619456106774e-05,7.641854874511822e-05
50,500,model3_dynamic_q,0.052168649844887165,0.00011068043192433688,8.613247257388447e-05,0.00011068043192433688
